Date,Ticker,Company,Title,Source,URL,Summary,Overall_Sentiment_Score,Overall_Sentiment_Label,Ticker_Relevance,Ticker_Sentiment_Score,Ticker_Sentiment_Label
20260828T105130,AMD,Advanced Micro Devices,"51,040 Shares in Parker-Hannifin Corporation $PH Acquired by Public Employees Retirement System of Ohio",MarketBeat,https://www.marketbeat.com/instant-alerts/filing-51040-shares-in-parker-hannifin-corporation-ph-acquired-by-public-employees-retirement-system-of-ohio-2026-08-28/,"The Public Employees Retirement System of Ohio acquired 51,040 shares of Parker-Hannifin Corporation (NYSE:PH) during the second quarter, totaling approximately $49.9 million. This acquisition contributes to the 82.44% institutional ownership of the company. Parker-Hannifin has a ""Moderate Buy"" consensus rating from analysts, with strong recent financial performance including exceeding EPS and revenue expectations, and a declared quarterly dividend of $2.00 per share.",0.327537,Somewhat-Bullish,0.573815,0.279228,Somewhat-Bullish
20260828T105131,AMD,Advanced Micro Devices,"United Capital Financial Advisors LLC Purchases Shares of 29,094 Parker-Hannifin Corporation $PH",MarketBeat,https://www.marketbeat.com/instant-alerts/filing-united-capital-financial-advisors-llc-purchases-shares-of-29094-parker-hannifin-corporation-ph-2026-08-28/,"United Capital Financial Advisors LLC recently acquired 29,094 shares of Parker-Hannifin Corporation (NYSE:PH) valued at approximately $28.5 million during the second quarter. This move highlights institutional interest in the industrial products company, with 82.44% of its stock held by institutional investors and hedge funds. Parker-Hannifin reported strong quarterly earnings, exceeding analyst expectations, and provided positive FY 2027 EPS guidance, contributing to a ""Moderate Buy"" consensus rating from analysts.",0.382999,Bullish,0.518464,0.298731,Somewhat-Bullish
20260828T113611,AMD,Advanced Micro Devices,"Glazer Capital LLC Acquires Shares of 85,300 Synaptics Incorporated $SYNA",MarketBeat,https://www.marketbeat.com/instant-alerts/filing-glazer-capital-llc-acquires-shares-of-85300-synaptics-incorporated-syna-2026-08-28/,"Glazer Capital LLC has acquired 85,300 shares of Synaptics Incorporated (NASDAQ:SYNA), a position valued at approximately $10.6 million and representing 0.22% of the company. Other institutional investors have also adjusted their holdings in Synaptics, with 99.43% of the stock owned by institutions. Synaptics recently exceeded quarterly earnings expectations, reporting adjusted EPS of $1.23 and revenue of $308 million, an 8.9% year-over-year increase in sales.",0.143753,Neutral,0.641633,0.112571,Neutral
20260828T114131,AMD,Advanced Micro Devices,"Glenview Trust Co Buys 10,051 Shares of American Express Company $AXP",MarketBeat,https://www.marketbeat.com/instant-alerts/filing-glenview-trust-co-buys-10051-shares-of-american-express-company-axp-2026-08-28/,"Glenview Trust Co significantly increased its stake in American Express (AXP) by 20.6% in the second quarter, adding 10,051 shares and bringing its total holdings to 58,746 shares valued at $19.9 million. American Express continues to show strong financial performance, exceeding quarterly EPS expectations and reporting a 10% year-over-year revenue increase. The company maintains a ""Moderate Buy"" consensus rating from analysts, with institutional ownership at a high 84.33%.",0.249581,Somewhat-Bullish,0.576285,0.322229,Somewhat-Bullish
20260828T122704,AMD,Advanced Micro Devices,"Analysts Have Conflicting Sentiments on These Technology Companies: Shift4 Payments (FOUR), CrowdStrike Holdings (CRWD) and Salesforce (CRM)",The Globe and Mail,https://www.theglobeandmail.com/investing/markets/stocks/CRM/pressreleases/4310408/analysts-have-conflicting-sentiments-on-these-technology-companies-shift4-payments-four-crowdstrike-holdings-crwd-and-salesforce-crm/,"This article examines analyst sentiments for three technology companies: Shift4 Payments (FOUR), CrowdStrike Holdings (CRWD), and Salesforce (CRM). Shift4 Payments received a Hold rating from Truist Financial, while CrowdStrike Holdings and Salesforce both maintained Buy ratings from Cantor Fitzgerald. The article includes average price targets and analyst consensus ratings for each company, highlighting potential upsides.",0.396946,Bullish,0.634513,0.347193,Somewhat-Bullish
20260828T125539,AMD,Advanced Micro Devices,"60,376 Shares in Cummins Inc. $CMI Bought by Public Employees Retirement System of Ohio",MarketBeat,https://www.marketbeat.com/instant-alerts/filing-60376-shares-in-cummins-inc-cmi-bought-by-public-employees-retirement-system-of-ohio-2026-08-28/,"The Public Employees Retirement System of Ohio purchased 60,376 shares of Cummins Inc. (NYSE: CMI) in the second quarter, valued at approximately $43.1 million. Cummins reported Q2 revenue of $9.46 billion, a 9.4% increase year-over-year, though earnings per share missed analyst expectations. The company also increased its quarterly dividend and is gaining positive sentiment for its growing battery-storage and AI data-center business.",0.276201,Somewhat-Bullish,0.552032,0.321449,Somewhat-Bullish
20260828T133039,AMD,Advanced Micro Devices,UGI Corporation $UGI Shares Purchased by Algert Global LLC,MarketBeat,https://www.marketbeat.com/instant-alerts/filing-ugi-corporation-ugi-shares-purchased-by-algert-global-llc-2026-08-28/,"Algert Global LLC increased its stake in UGI Corporation by 51.4% during the second quarter, bringing its total holdings to 148,230 shares valued at approximately $5.12 million. Despite this institutional buying, analyst sentiment for UGI is mixed, with some downgrades and a consensus ""Hold"" rating. The company recently reported a quarterly EPS miss and announced a quarterly dividend of $0.375 per share.",0.000373,Neutral,0.561923,0.223418,Somewhat-Bullish
20260828T151611,AMD,Advanced Micro Devices,TOP Financial Group Limited (NASDAQ:TOP) Short Interest Down 75.5% in August,MarketBeat,https://www.marketbeat.com/instant-alerts/options-top-financial-group-limited-nasdaq-top-short-interest-down-755-in-august-2026-08-27/,"Short interest in TOP Financial Group Limited (NASDAQ:TOP) significantly decreased by 75.5% in August, falling to 140,597 shares, representing only 0.1% of outstanding shares. Despite the stock trading near its 12-month high at $15.42 and outperforming its moving averages, the company reported a quarterly loss of $0.02 per share. Institutional ownership remains low at 0.26%, and analyst sentiment is predominantly negative with a consensus ""Sell"" rating.",0.044304,Neutral,0.617148,0.228440,Somewhat-Bullish
20260828T152000,AMD,Advanced Micro Devices,"Dearborn Partners LLC Acquires New Shares in Republic Services, Inc. $RSG",MarketBeat,https://www.marketbeat.com/instant-alerts/filing-dearborn-partners-llc-acquires-new-shares-in-republic-services-inc-rsg-2026-08-28/,"Dearborn Partners LLC has acquired 140,994 shares of Republic Services, Inc. (RSG) valued at approximately $30 million, making it their 19th largest holding. This comes as Republic Services exceeded earnings expectations and increased its quarterly dividend. Institutional investors hold a significant portion of the stock, while analysts maintain a ""Moderate Buy"" consensus.",0.32891,Somewhat-Bullish,0.691056,0.214402,Somewhat-Bullish
20260828T153911,AMD,Advanced Micro Devices,"Glazer Capital LLC Makes New $36.34 Million Investment in Arcosa, Inc. $ACA",MarketBeat,https://www.marketbeat.com/instant-alerts/filing-glazer-capital-llc-makes-new-3634-million-investment-in-arcosa-inc-aca-2026-08-28/,"Glazer Capital LLC has made a new investment of approximately $36.34 million in Arcosa, Inc. (ACA), acquiring 250,095 shares and making it their 20th-largest holding. This investment comes as Arcosa reported second-quarter earnings that missed analyst expectations, with earnings per share of $1.13 against a $1.18 consensus and revenue declining 10.6% year-over-year. Despite the stock opening near its 12-month high, analysts maintain a cautious ""Hold"" rating with an average target price of $141.25.",0.221598,Somewhat-Bullish,0.571219,0.322003,Somewhat-Bullish
20260828T154414,AMD,Advanced Micro Devices,"Array Digital Infrastructure Inc. (NYSE:AD) Receives Consensus Rating of ""Moderate Buy"" from Analysts",MarketBeat,https://www.marketbeat.com/instant-alerts/consensus-array-digital-infrastructure-inc-nyse-ad-receives-consensus-rating-of-moderate-buy-from-analysts-2026-08-28/,"Array Digital Infrastructure Inc. (NYSE:AD) has received a ""Moderate Buy"" consensus rating from analysts, with three buy and three hold recommendations. The average 12-month price target is $47.40, despite several recent target reductions. The company's stock opened at $35.45, near its 12-month low, and recently reported strong quarterly earnings of $4.15 per share, significantly exceeding analyst estimates.",0.183551,Somewhat-Bullish,0.580563,0.101155,Neutral
20260828T154904,AMD,Advanced Micro Devices,"Equitable Holdings Inc. Makes New $4.96 Million Investment in Analog Devices, Inc. $ADI",MarketBeat,https://www.marketbeat.com/instant-alerts/filing-equitable-holdings-inc-makes-new-496-million-investment-in-analog-devices-inc-adi-2026-08-28/,"Equitable Holdings Inc. has made a new $4.96 million investment in Analog Devices, Inc. by purchasing 12,492 shares during the second quarter. Analog Devices, a semiconductor company, recently reported strong quarterly earnings, beating analyst estimates, and announced a quarterly dividend of $1.10 per share. Institutional investors own a significant portion of the company's stock, and analysts generally maintain a ""Buy"" rating for ADI.",0.332281,Somewhat-Bullish,0.618928,0.240371,Somewhat-Bullish
20260828T154904,AMD,Advanced Micro Devices,"Empowered Funds LLC Invests $33.01 Million in Analog Devices, Inc. $ADI",MarketBeat,https://www.marketbeat.com/instant-alerts/filing-empowered-funds-llc-invests-3301-million-in-analog-devices-inc-adi-2026-08-28/,"Empowered Funds LLC recently invested $33.01 million in Analog Devices, Inc. (NASDAQ:ADI) by purchasing 83,101 shares during the second quarter. This move comes as institutional investors collectively own 86.81% of ADI's outstanding stock, and analysts maintain a consensus ""Buy"" rating with an average price target of $454.63. The company also reported strong quarterly earnings, exceeding expectations, and declared a quarterly dividend of $1.10 per share.",0.288492,Somewhat-Bullish,0.567005,0.105969,Neutral
20260828T154950,AMD,Advanced Micro Devices,Canada Pension Plan Investment Board Invests $59.30 Million in Archer Daniels Midland Company $ADM,MarketBeat,https://www.marketbeat.com/instant-alerts/filing-canada-pension-plan-investment-board-invests-5930-million-in-archer-daniels-midland-company-adm-2026-08-28/,"The Canada Pension Plan Investment Board recently acquired 776,208 shares of Archer Daniels Midland Company (NYSE:ADM) valued at $59.3 million, giving it a 0.16% stake in the company. Institutional investors now collectively own 78.28% of ADM. Analyst sentiment remains mixed with a ""Hold"" consensus, while the company reported strong Q2 EPS of $1.84 and a 7.2% revenue increase year-over-year.",0.352351,Bullish,0.559939,0.263690,Somewhat-Bullish
20260828T161802,AMD,Advanced Micro Devices,"Freestone Grove Partners LP Purchases Shares of 698,696 Antero Midstream Corporation $AM",MarketBeat,https://www.marketbeat.com/instant-alerts/filing-freestone-grove-partners-lp-purchases-shares-of-698696-antero-midstream-corporation-am-2026-08-28/,"Freestone Grove Partners LP acquired 698,696 shares of Antero Midstream Corporation, valued at approximately $15.9 million, during the second quarter of 2026, representing a 0.15% stake in the company. Institutional investors collectively own 53.97% of Antero Midstream, which has a consensus ""Hold"" rating and an average price target of $24.50 from analysts. The company reported quarterly EPS matching estimates at $0.27, a 7.1% revenue increase year-over-year, and paid a quarterly dividend of $0.225.",0.143745,Neutral,0.612255,0.141074,Neutral
20260828T162415,AMD,Advanced Micro Devices,"Empowered Funds LLC Purchases Shares of 81,755 Affiliated Managers Group, Inc. $AMG",MarketBeat,https://www.marketbeat.com/instant-alerts/filing-empowered-funds-llc-purchases-shares-of-81755-affiliated-managers-group-inc-amg-2026-08-28/,"Empowered Funds LLC has acquired 81,755 shares of Affiliated Managers Group, Inc. (NYSE:AMG), a position valued at approximately $27.7 million, representing a 0.32% stake in the company. This comes as AMG exceeded its Q2 earnings and revenue expectations, reporting an EPS of $8.29 and revenue of $640.7 million. Analyst sentiment remains positive, with a ""Buy"" rating and an average price target of $370.86, close to the stock's current trading price and 12-month high.",0.390777,Bullish,0.602264,0.224340,Somewhat-Bullish
20260828T162539,AMD,Advanced Micro Devices,Amphastar Pharmaceuticals (NASDAQ:AMPH) Stock Price Passes Above 50-Day Moving Average - Should You Sell?,MarketBeat,https://www.marketbeat.com/instant-alerts/price-amphastar-pharmaceuticals-nasdaq-amph-stock-price-passes-above-50-day-moving-average-should-you-sell-2026-08-28/,"Amphastar Pharmaceuticals (NASDAQ:AMPH) stock recently surpassed its 50-day moving average, trading at $21.88 against a moving average of $20.16. Despite exceeding quarterly earnings and revenue expectations, analyst sentiment remains cautious with a consensus ""Reduce"" rating and a $22.50 target price, partly due to recent insider stock sales. Institutional investors have shown mixed activity, with some increasing and others initiating positions.",0.210205,Somewhat-Bullish,0.595644,0.359235,Bullish
20260828T163325,AMD,Advanced Micro Devices,"Cibc World Market Inc. Buys Shares of 49,195 APA Corporation $APA",MarketBeat,https://www.marketbeat.com/instant-alerts/filing-cibc-world-market-inc-buys-shares-of-49195-apa-corporation-apa-2026-08-28/,"Cibc World Market Inc. recently purchased 49,195 shares of APA Corporation, valued at approximately $1.6 million, during the second quarter. Institutional investors collectively hold 83.01% of APA's stock. The company's recent earnings report showed a slight miss on EPS and revenue estimates, and analysts currently have a mixed sentiment with an average ""Hold"" rating.",0.170717,Somewhat-Bullish,0.641930,0.303217,Somewhat-Bullish
20260828T163846,AMD,Advanced Micro Devices,"40,241 Shares in Antero Resources Corporation $AR Purchased by Cibc World Market Inc.",MarketBeat,https://www.marketbeat.com/instant-alerts/filing-40241-shares-in-antero-resources-corporation-ar-purchased-by-cibc-world-market-inc-2026-08-28/,"CIBC World Markets Inc. purchased 40,241 shares of Antero Resources Corporation (NYSE:AR) during the second quarter, valuing the stake at approximately $1.4 million. This acquisition is part of broader institutional investor activity, with major firms like BlackRock Inc. and Dimensional Fund Advisors LP also making significant moves in AR shares. Antero Resources currently holds an $11.85 billion market capitalization, a debt-to-equity ratio of 0.29, and a ""Moderate Buy"" consensus rating from analysts with an average price target of $48.31.",0.254758,Somewhat-Bullish,0.645873,0.207667,Somewhat-Bullish
20260828T164116,AMD,Advanced Micro Devices,"1,077,936 Shares in Alexandria Real Estate Equities, Inc. $ARE Acquired by Canada Pension Plan Investment Board",MarketBeat,https://www.marketbeat.com/instant-alerts/filing-1077936-shares-in-alexandria-real-estate-equities-inc-are-acquired-by-canada-pension-plan-investment-board-2026-08-28/,"The Canada Pension Plan Investment Board has acquired 1,077,936 shares of Alexandria Real Estate Equities, Inc. (NYSE:ARE) during the second quarter, a stake valued at approximately $57 million. This acquisition makes the Canada Pension Plan Investment Board the owner of about 0.62% of the REIT. Alexandria Real Estate Equities reported a quarterly EPS of -$0.43, missing consensus estimates, and revenue of $662.78 million, a 13% year-over-year decline, but maintained its FY 2026 EPS guidance.",0.072306,Neutral,0.588821,0.332278,Somewhat-Bullish
20260828T164159,AMD,Advanced Micro Devices,"102,275 Shares in Ares Management Corporation $ARES Bought by Dearborn Partners LLC",MarketBeat,https://www.marketbeat.com/instant-alerts/filing-102275-shares-in-ares-management-corporation-ares-bought-by-dearborn-partners-llc-2026-08-28/,"Dearborn Partners LLC acquired 102,275 shares of Ares Management Corporation (NYSE:ARES) in the second quarter, totaling approximately $11.4 million. Institutional investors now own 50.03% of the company's stock. Analysts have a ""Moderate Buy"" consensus rating for Ares Management, with an average price target of $160.47, following strong quarterly earnings and a declared dividend.",0.261572,Somewhat-Bullish,0.567012,0.104948,Neutral
20260828T165345,AMD,Advanced Micro Devices,"Legal & General Group Plc Makes New Investment in Live Nation Entertainment, Inc. $LYV",MarketBeat,https://www.marketbeat.com/instant-alerts/filing-legal-general-group-plc-makes-new-investment-in-live-nation-entertainment-inc-lyv-2026-08-28/,"Legal & General Group Plc has acquired a new stake in Live Nation Entertainment (NYSE:LYV), purchasing 763,629 shares valued at approximately $139.8 million, representing a 0.32% ownership. This move comes as Live Nation reported strong quarterly revenues of $7.67 billion and earnings of $1.05 per share, exceeding analyst expectations. The company maintains a ""Moderate Buy"" consensus rating from analysts, with an average price target significantly above its current trading price.",0.34864,Somewhat-Bullish,0.649316,0.215513,Somewhat-Bullish
20260828T165657,AMD,Advanced Micro Devices,"Astronics Corporation (NASDAQ:ATRO) Given Average Recommendation of ""Buy"" by Brokerages",MarketBeat,https://www.marketbeat.com/instant-alerts/consensus-astronics-corporation-nasdaq-atro-given-average-recommendation-of-buy-by-brokerages-2026-08-28/,"Astronics Corporation (NASDAQ:ATRO) has received an average ""Buy"" recommendation from brokerages, with an average 12-month price target of $74.17. The company recently surpassed quarterly earnings expectations, reporting $0.70 EPS against a $0.59 consensus and a 46.9% year-over-year revenue increase to $259.96 million. Institutional investment in Astronics has grown, with hedge funds and other institutions now owning 56.68% of shares, including significant additions by BlackRock and California State Teachers’ Retirement System.",0.228958,Somewhat-Bullish,0.606336,0.107781,Neutral
20260828T165841,AMD,Advanced Micro Devices,"Avidia Bancorp (NYSE:AVBC) Director Buys 5,000 Shares",MarketBeat,https://www.marketbeat.com/instant-alerts/insider-avidia-bancorp-nyse-avbc-director-buys-5000-shares-2026-08-27/,"Avidia Bancorp Director Joseph Grimaldo recently purchased 5,000 shares of the company's stock, increasing his holdings by 11.2%. This insider buying follows the company's strong performance, with shares trading up, exceeding earnings and revenue expectations, and increasing its quarterly dividend. Analysts currently rate Avidia Bancorp as a ""Moderate Buy.""",0.199937,Somewhat-Bullish,0.560056,0.124850,Neutral
20260828T170801,AMD,Advanced Micro Devices,"660,499 Shares in Best Buy Co., Inc. $BBY Bought by Caisse de depot et placement du Quebec",MarketBeat,https://www.marketbeat.com/instant-alerts/filing-660499-shares-in-best-buy-co-inc-bby-bought-by-caisse-de-depot-et-placement-du-quebec-2026-08-28/,"Caisse de depot et placement du Quebec recently acquired 660,499 shares of Best Buy Co., Inc. (NYSE:BBY) worth approximately $50.1 million, making them a significant institutional holder. This acquisition follows Best Buy exceeding second-quarter expectations with strong EPS and revenue, and raising its fiscal 2027 guidance. Despite the positive financial performance, shares experienced a decline due to concerns over cautious consumer spending and the sustainability of discretionary electronics demand.",0.237552,Somewhat-Bullish,0.642254,0.333644,Somewhat-Bullish
20260828T171814,AMD,Advanced Micro Devices,BlackRock Inc. Makes New $207.49 Million Investment in Blue Bird Corporation $BLBD,MarketBeat,https://www.marketbeat.com/instant-alerts/filing-blackrock-inc-makes-new-20749-million-investment-in-blue-bird-corporation-blbd-2026-08-28/,"BlackRock Inc. has made a significant new investment of $207.49 million in Blue Bird Corporation, acquiring 2.63 million shares and securing an 8.3% stake. This move is supported by a positive outlook from analysts, with the company holding a consensus ""Buy"" rating and an average price target of $85.33. Blue Bird also reported strong quarterly earnings, surpassing expectations with $1.28 EPS and $517.16 million in revenue.",0.284921,Somewhat-Bullish,0.596338,0.111357,Neutral
20260828T171845,AMD,Advanced Micro Devices,"170,671 Shares in Builders FirstSource, Inc. $BLDR Acquired by Littlejohn & Co. LLC",MarketBeat,https://www.marketbeat.com/instant-alerts/filing-170671-shares-in-builders-firstsource-inc-bldr-acquired-by-littlejohn-co-llc-2026-08-28/,"Littlejohn & Co. LLC recently acquired 170,671 shares of Builders FirstSource, Inc. (BLDR) during the second quarter, a stake valued at approximately $15.3 million. Despite institutional investors holding a significant 95.53% of the company, analyst sentiment remains mixed with an average ""Hold"" rating. Builders FirstSource missed its recent quarterly earnings and revenue expectations and has authorized a $500 million share repurchase program.",0.114332,Neutral,0.585075,0.147386,Neutral
20260828T172841,AMD,Advanced Micro Devices,"MASTERINVEST Kapitalanlage GmbH Invests $2.38 Million in Equinix, Inc. $EQIX",MarketBeat,https://www.marketbeat.com/instant-alerts/filing-masterinvest-kapitalanlage-gmbh-invests-238-million-in-equinix-inc-eqix-2026-08-28/,"MASTERINVEST Kapitalanlage GmbH has invested $2.38 million in Equinix, Inc. by acquiring 2,286 shares in the second quarter. Other institutional investors have also increased their stakes, with institutional ownership of Equinix now standing at 94.94%. Equinix reported strong financial results, including a 16.4% year-over-year revenue increase and earnings per share well above analyst estimates, along with a declared quarterly dividend.",0.387699,Bullish,0.561107,0.255542,Somewhat-Bullish
20260828T173045,AMD,Advanced Micro Devices,"242,300 Shares in Baytex Energy Corp $BTE Acquired by PenderFund Capital Management Ltd.",MarketBeat,https://www.marketbeat.com/instant-alerts/filing-242300-shares-in-baytex-energy-corp-bte-acquired-by-penderfund-capital-management-ltd-2026-08-28/,"PenderFund Capital Management Ltd. recently acquired 242,300 shares of Baytex Energy Corp (NYSE:BTE) valued at approximately $972,000 during the second quarter. Other institutional investors have also adjusted their holdings in the company, with institutional ownership now standing at 46.15%. Analyst sentiment remains a ""Hold"" despite Baytex Energy reporting strong Q2 earnings that surpassed consensus estimates, alongside declaring a quarterly dividend.",0.179477,Somewhat-Bullish,0.638723,0.110541,Neutral
20260828T173457,AMD,Advanced Micro Devices,Coastal Bridge Advisors LLC Invests $5.37 Million in Blackstone Inc. $BX,MarketBeat,https://www.marketbeat.com/instant-alerts/filing-coastal-bridge-advisors-llc-invests-537-million-in-blackstone-inc-bx-2026-08-28/,"Coastal Bridge Advisors LLC recently invested $5.37 million in Blackstone Inc. by purchasing 45,665 shares, joining a trend of institutional investors increasing their stakes in the asset manager. Blackstone reported strong quarterly results, beating EPS and revenue estimates, and increased its quarterly dividend. Analysts generally maintain a ""Moderate Buy"" rating for the stock.",0.278744,Somewhat-Bullish,0.610807,0.126839,Neutral
20260828T173722,AMD,Advanced Micro Devices,"Connor Clark & Lunn Investment Management Ltd. Makes New Investment in Caleres, Inc. $CAL",MarketBeat,https://www.marketbeat.com/instant-alerts/filing-connor-clark-lunn-investment-management-ltd-makes-new-investment-in-caleres-inc-cal-2026-08-28/,"Connor Clark & Lunn Investment Management Ltd. has acquired 314,584 shares of Caleres, Inc. (NYSE:CAL) during the second quarter, valued at approximately $3.9 million, giving them a 0.94% stake. Caleres reported better-than-expected quarterly EPS of $0.38 and an 8.5% rise in revenue year-over-year, alongside providing full-year 2026 EPS guidance of $1.40 to $1.65. Despite the new investment, analyst sentiment for Caleres remains cautious, with the stock holding a consensus rating of ""Reduce.""",0.126577,Neutral,0.594804,0.190694,Somewhat-Bullish
20260828T173830,AMD,Advanced Micro Devices,Deutsche Bank AG Acquires New Stake in Eagle Materials Inc $EXP,MarketBeat,https://www.marketbeat.com/instant-alerts/filing-deutsche-bank-ag-acquires-new-stake-in-eagle-materials-inc-exp-2026-08-28/,"Deutsche Bank AG has acquired a new stake in Eagle Materials Inc., purchasing 11,137 shares valued at approximately $2.5 million during the second quarter. Other institutional investors have also adjusted their holdings, with 96.07% of the stock currently owned by institutions. Eagle Materials reported mixed Q2 results, with revenue up 2.6% year-over-year but earnings per share missing analyst estimates, and the company announced a quarterly dividend of $0.25 per share.",0.127111,Neutral,0.582593,0.134003,Neutral
20260828T173858,AMD,Advanced Micro Devices,"CarGurus, Inc. (NASDAQ:CARG) Given Average Recommendation of ""Moderate Buy"" by Analysts",MarketBeat,https://www.marketbeat.com/instant-alerts/consensus-cargurus-inc-nasdaq-carg-given-average-recommendation-of-moderate-buy-by-analysts-2026-08-28/,"CarGurus, Inc. (NASDAQ:CARG) has received a consensus ""Moderate Buy"" rating from fifteen research firms, with an average 12-month price target of $40.75, surpassing its current share price of $36.36. The company recently exceeded quarterly expectations, reporting $0.66 EPS against a $0.61 consensus and revenue of $250.97 million, marking a 7.2% year-over-year increase. Despite insider stock sales totaling $2.1 million over 90 days, institutional investors hold a significant 86.9% stake in CarGurus.",0.26922,Somewhat-Bullish,0.600549,0.158428,Somewhat-Bullish
20260828T175232,AMD,Advanced Micro Devices,"Sanctuary Advisors LLC Purchases New Stake in Church & Dwight Co., Inc. $CHD",MarketBeat,https://www.marketbeat.com/instant-alerts/filing-sanctuary-advisors-llc-purchases-new-stake-in-church-dwight-co-inc-chd-2026-08-28/,"Sanctuary Advisors LLC has acquired a new stake of 11,782 shares in Church & Dwight Co., Inc. (NYSE:CHD), valued at approximately $1.14 million. This comes as institutional investors collectively own 86.6% of the company, while insiders have recently sold shares worth about $9.57 million. Analysts generally maintain a positive outlook on the stock, with an average price target of $104.41.",0.244368,Somewhat-Bullish,0.584063,0.201751,Somewhat-Bullish
20260828T175618,AMD,Advanced Micro Devices,"United Capital Financial Advisors LLC Acquires Shares of 39,750 Colliers International Group Inc. $CIGI",MarketBeat,https://www.marketbeat.com/instant-alerts/filing-united-capital-financial-advisors-llc-acquires-shares-of-39750-colliers-international-group-inc-cigi-2026-08-28/,"United Capital Financial Advisors LLC has acquired 39,750 shares of Colliers International Group Inc. (NASDAQ:CIGI) valued at approximately $5.65 million, becoming one of several institutional investors to initiate positions in the company. Colliers International Group reported quarterly EPS of $1.83, surpassing estimates, though revenue of $1.38 billion fell short of analyst expectations despite a 16.7% year-over-year increase. Analysts largely maintain a positive outlook, with a ""Moderate Buy"" consensus rating and an average price target significantly above the current stock price.",0.279313,Somewhat-Bullish,0.621182,0.212767,Somewhat-Bullish
20260828T180227,AMD,Advanced Micro Devices,Equitable Holdings Inc. Takes $3.10 Million Position in Cummins Inc. $CMI,MarketBeat,https://www.marketbeat.com/instant-alerts/filing-equitable-holdings-inc-takes-310-million-position-in-cummins-inc-cmi-2026-08-28/,"Equitable Holdings Inc. recently acquired a new $3.10 million stake in Cummins Inc. (NYSE:CMI), purchasing 4,352 shares during the second quarter. This move comes as institutional investors now hold 83.46% of the company's stock, and several other funds have also adjusted their positions in Cummins. The company reported strong revenue growth but missed EPS estimates, while analysts maintain a ""Moderate Buy"" consensus with a $745.64 price target, boosted by positive sentiment regarding its battery-storage deals for AI data centers.",0.145113,Neutral,0.557701,0.133493,Neutral
20260828T180240,AMD,Advanced Micro Devices,Public Employees Retirement System of Ohio Purchases New Position in Comcast Corporation $CMCSA,MarketBeat,https://www.marketbeat.com/instant-alerts/filing-public-employees-retirement-system-of-ohio-purchases-new-position-in-comcast-corporation-cmcsa-2026-08-28/,"The Public Employees Retirement System of Ohio acquired a new position of 1.71 million shares in Comcast Corporation (CMCSA) during the second quarter, valued at approximately $41.9 million. Other institutional investors also initiated or adjusted their holdings, with institutions collectively owning 84.32% of Comcast's stock. Comcast reported quarterly EPS of $1.04, beating estimates, and announced a quarterly dividend of $0.33, while analysts maintain a ""Hold"" rating with an average price target of $32.96.",0.122523,Neutral,0.572936,0.107638,Neutral
20260828T181933,AMD,Advanced Micro Devices,"Canada Pension Plan Investment Board Purchases Shares of 380,644 Cintas Corporation $CTAS",MarketBeat,https://www.marketbeat.com/instant-alerts/filing-canada-pension-plan-investment-board-purchases-shares-of-380644-cintas-corporation-ctas-2026-08-28/,"The Canada Pension Plan Investment Board (CPPIB) recently acquired 380,644 shares of Cintas Corporation (CTAS) in the second quarter, valued at approximately $64.7 million, establishing a 0.10% stake. Cintas continues to perform strongly, exceeding revenue and EPS expectations, and has raised its quarterly dividend. Analysts maintain a ""Moderate Buy"" rating for the stock, with an average price target of $212.31.",0.278741,Somewhat-Bullish,0.706993,0.221083,Somewhat-Bullish
20260828T182152,AMD,Advanced Micro Devices,The Manufacturers Life Insurance Company Invests $29.93 Million in CVB Financial Corporation $CVBF,MarketBeat,https://www.marketbeat.com/instant-alerts/filing-the-manufacturers-life-insurance-company-invests-2993-million-in-cvb-financial-corporation-cvbf-2026-08-28/,"The Manufacturers Life Insurance Company has acquired a new stake of 1.33 million shares, valued at $29.93 million, in CVB Financial Corporation (NASDAQ:CVBF). This investment gives the insurance company a 0.75% stake in CVB Financial. The article also details other institutional investor activities, insider transactions, recent financial performance, dividend announcements, and analyst ratings for CVB Financial.",0.270773,Somewhat-Bullish,0.601602,0.345858,Somewhat-Bullish
20260828T182229,AMD,Advanced Micro Devices,"Carvana Co. (NYSE:CVNA) Given Consensus Recommendation of ""Moderate Buy"" by Analysts",MarketBeat,https://www.marketbeat.com/instant-alerts/consensus-carvana-co-nyse-cvna-given-consensus-recommendation-of-moderate-buy-by-analysts-2026-08-28/,"Analysts have assigned Carvana Co. (NYSE:CVNA) a consensus ""Moderate Buy"" rating, with an average 12-month price target of $84.14. The company recently reported strong quarterly results, exceeding EPS and revenue expectations. Despite insider selling, institutional investors hold a significant stake in Carvana, which specializes in online used vehicle retail.",0.123875,Neutral,0.599081,0.103573,Neutral
20260828T182643,AMD,Advanced Micro Devices,"Dave Inc. (NASDAQ:DAVE) Receives Consensus Rating of ""Moderate Buy"" from Brokerages",MarketBeat,https://www.marketbeat.com/instant-alerts/consensus-dave-inc-nasdaq-dave-receives-consensus-rating-of-moderate-buy-from-brokerages-2026-08-28/,"Dave Inc. (NASDAQ:DAVE) has received a ""Moderate Buy"" consensus rating from 15 analysts, with an average 12-month price target of $410.82, suggesting upside from its current share price of $374.01. Despite a recent downgrade to ""hold"" by Zacks Research, several analysts, including Benchmark and B. Riley, have raised their price targets. The company recently missed EPS estimates but met revenue expectations, and insider transactions show the CEO and a director selling shares.",0.231092,Somewhat-Bullish,0.590994,0.210311,Somewhat-Bullish
20260828T183104,AMD,Advanced Micro Devices,"Donegal Group (NASDAQ:DGICA) Major Shareholder Buys $181,697.88 in Stock",MarketBeat,https://www.marketbeat.com/instant-alerts/insider-donegal-group-nasdaq-dgica-major-shareholder-buys-18169788-in-stock-2026-08-27/,"Donegal Group's major shareholder, Mutual Insurance Co Donegal, recently purchased 9,508 shares for $181,697.88, increasing its total ownership to over 14.23 million shares. This latest transaction is part of a series of buys by the shareholder throughout August and June, indicating strong insider confidence. The company also reported strong quarterly earnings, beating analyst expectations, and maintains a 4.1% dividend yield with a ""Moderate Buy"" consensus rating from analysts.",0.243256,Somewhat-Bullish,0.592427,0.149121,Neutral
20260828T183448,AMD,Advanced Micro Devices,"The Walt Disney Company (NYSE:DIS) Receives Consensus Recommendation of ""Moderate Buy"" from Brokerages",MarketBeat,https://www.marketbeat.com/instant-alerts/consensus-the-walt-disney-company-nyse-dis-receives-consensus-recommendation-of-moderate-buy-from-brokerages-2026-08-28/,"The Walt Disney Company (NYSE:DIS) has received a ""Moderate Buy"" consensus recommendation from twenty-one brokerages, with an average 12-month price target of $127.61, exceeding its current share price of $106.80. The company's latest quarterly results surpassed earnings expectations, driven largely by its Experiences segment, including parks and cruises. While institutional investors have increased their holdings, two executives recently sold shares under pre-arranged plans.",0.350161,Bullish,0.648475,0.320423,Somewhat-Bullish
20260828T183704,AMD,Advanced Micro Devices,"Hsbc Holdings PLC Invests $24.99 Million in Krispy Kreme, Inc. $DNUT",MarketBeat,https://www.marketbeat.com/instant-alerts/filing-hsbc-holdings-plc-invests-2499-million-in-krispy-kreme-inc-dnut-2026-08-28/,"Hsbc Holdings PLC has acquired 7.07 million shares of Krispy Kreme, Inc. (NASDAQ:DNUT) worth approximately $24.99 million, establishing a 4.10% stake in the company. Other institutional investors have also adjusted their holdings. Despite Krispy Kreme reporting revenues above consensus estimates, analysts maintain a cautious ""Reduce"" rating with a $4.33 price target, and the company faces a projected full-year EPS loss.",0.005229,Neutral,0.595785,0.229993,Somewhat-Bullish
20260828T184042,AMD,Advanced Micro Devices,Glazer Capital LLC Makes New $10.45 Million Investment in Cintas Corporation $CTAS,MarketBeat,https://www.marketbeat.com/instant-alerts/filing-glazer-capital-llc-makes-new-1045-million-investment-in-cintas-corporation-ctas-2026-08-28/,"Glazer Capital LLC has made a new investment of $10.45 million in Cintas Corporation, purchasing 61,416 shares during the second quarter. Cintas has demonstrated strong financial performance, exceeding quarterly expectations with $1.29 EPS and $2.91 billion in revenue, leading to a ""Moderate Buy"" consensus rating from analysts and an increased quarterly dividend. The company's stock currently trades at $204.15 with a market capitalization of $81.69 billion.",0.21899,Somewhat-Bullish,0.608992,0.137894,Neutral
20260828T184233,AMD,Advanced Micro Devices,"738,935 Shares in Devon Energy Corporation $DVN Bought by Empowered Funds LLC",MarketBeat,https://www.marketbeat.com/instant-alerts/filing-738935-shares-in-devon-energy-corporation-dvn-bought-by-empowered-funds-llc-2026-08-28/,"Empowered Funds LLC recently acquired 738,935 shares of Devon Energy Corporation, valued at approximately $30.5 million, marking a new position for the firm. This comes as Devon Energy reported stronger-than-expected earnings and revenue, along with declaring a quarterly dividend. Analysts maintain a ""Moderate Buy"" consensus for the stock with an average target price above its current trading price.",0.28912,Somewhat-Bullish,0.616486,0.204294,Somewhat-Bullish
20260828T184333,AMD,Advanced Micro Devices,Man Group plc Invests $13.25 Million in Hilton Worldwide Holdings Inc. $HLT,MarketBeat,https://www.marketbeat.com/instant-alerts/filing-man-group-plc-invests-1325-million-in-hilton-worldwide-holdings-inc-hlt-2026-08-28/,"Man Group plc has acquired 40,085 shares of Hilton Worldwide Holdings Inc. (HLT) worth approximately $13.25 million during the second quarter, making it a new stakeholder. Hilton recently reported strong quarterly earnings, exceeding analyst estimates with an EPS of $2.29 and revenue up 6.5% year over year. The company also declared a quarterly dividend of $0.15 per share and has a ""Moderate Buy"" consensus rating from analysts with an average price target of $353.82.",0.221351,Somewhat-Bullish,0.616449,0.130653,Neutral
20260828T184354,AMD,Advanced Micro Devices,"409,656 Shares in eBay Inc. $EBAY Bought by Caisse de depot et placement du Quebec",MarketBeat,https://www.marketbeat.com/instant-alerts/filing-409656-shares-in-ebay-inc-ebay-bought-by-caisse-de-depot-et-placement-du-quebec-2026-08-28/,"Caisse de dépôt et placement du Québec acquired 409,656 shares of eBay Inc. (NASDAQ:EBAY) in the second quarter, valued at approximately $45.8 million, now owning about 0.09% of the company. Other institutional investors also adjusted their holdings, and insiders like CEO Jamie Iannone sold shares. Analysts maintain a consensus ""Hold"" rating for eBay with a $117.24 price target, while the company reported strong quarterly earnings and declared a quarterly dividend of $0.31 per share.",0.182867,Somewhat-Bullish,0.643895,0.102904,Neutral
20260828T184711,AMD,Advanced Micro Devices,"EastGroup Properties, Inc. (NYSE:EGP) Raises Dividend to $1.75 Per Share",MarketBeat,https://www.marketbeat.com/instant-alerts/dividend-eastgroup-properties-inc-nyse-egp-raises-dividend-to-175-per-share-2026-08-28/,"EastGroup Properties (NYSE:EGP) has increased its quarterly dividend by 12.9% to $1.75 per share, resulting in an annual dividend of $7.00 and a 3.5% yield. While the current payout ratio of 117.6% indicates that the dividend is not fully covered by present earnings, analysts project that next year's earnings will support a lower payout ratio of 60.4%. The company recently reported adjusted earnings of $1.40 per share, surpassing estimates, and its revenue increased by 9% year-over-year.",0.186635,Somewhat-Bullish,0.601317,0.108108,Neutral
20260828T184711,AMD,Advanced Micro Devices,"Bamco Inc. NY Acquires New Shares in EastGroup Properties, Inc. $EGP",MarketBeat,https://www.marketbeat.com/instant-alerts/filing-bamco-inc-ny-acquires-new-shares-in-eastgroup-properties-inc-egp-2026-08-28/,"Bamco Inc. NY has acquired a new stake of 67,985 shares in EastGroup Properties, Inc. (NYSE:EGP) during the second quarter, valued at approximately $13.8 million. This acquisition makes Bamco Inc. NY owner of about 0.13% of the real estate investment trust's stock, while institutional investors and hedge funds collectively hold 92.14% of the shares. EastGroup Properties recently reported strong quarterly earnings, beating EPS estimates, increasing its dividend, and maintaining a ""Moderate Buy"" consensus rating from analysts with an average price target of $221.11.",0.10363,Neutral,0.610741,0.002799,Neutral
20260828T185130,AMD,Advanced Micro Devices,"Sanctuary Advisors LLC Acquires New Shares in Equity Lifestyle Properties, Inc. $ELS",MarketBeat,https://www.marketbeat.com/instant-alerts/filing-sanctuary-advisors-llc-acquires-new-shares-in-equity-lifestyle-properties-inc-els-2026-08-28/,"Sanctuary Advisors LLC has acquired 18,425 shares of Equity Lifestyle Properties, Inc. (ELS) valued at approximately $1.19 million, as part of broader institutional investment activity in the company. Despite some analyst target reductions, ELS maintains a ""Moderate Buy"" consensus rating with an average price target of $68.52. The company reported a 5.5% increase in quarterly revenue but missed EPS estimates, and has declared a quarterly dividend of $0.5425 per share.",0.210203,Somewhat-Bullish,0.574564,0.210432,Somewhat-Bullish
20260828T185330,AMD,Advanced Micro Devices,"334,620 Shares in Enphase Energy, Inc. $ENPH Purchased by Freestone Grove Partners LP",MarketBeat,https://www.marketbeat.com/instant-alerts/filing-334620-shares-in-enphase-energy-inc-enph-purchased-by-freestone-grove-partners-lp-2026-08-28/,"Freestone Grove Partners LP recently purchased 334,620 shares of Enphase Energy (NASDAQ:ENPH) for approximately $16.5 million, acquiring a 0.25% stake. Despite this, analysts have a mixed outlook on the stock, with a consensus ""Hold"" rating and an average price target of $45.79. The company's recent earnings report showed revenue slightly above estimates but missed EPS expectations, with a significant year-over-year revenue decline.",0.080787,Neutral,0.558876,0.101773,Neutral
20260828T185617,AMD,Advanced Micro Devices,"150,172 Shares in Equinix, Inc. $EQIX Purchased by Public Employees Retirement System of Ohio",MarketBeat,https://www.marketbeat.com/instant-alerts/filing-150172-shares-in-equinix-inc-eqix-purchased-by-public-employees-retirement-system-of-ohio-2026-08-28/,"The Public Employees Retirement System of Ohio purchased 150,172 shares of Equinix, Inc. (NASDAQ:EQIX), valued at approximately $156.5 million, giving it a 0.15% stake in the company. Equinix reported strong Q2 earnings, with an EPS of $11.78, significantly beating analyst expectations, and a 16.4% year-over-year revenue increase. The company also declared a quarterly dividend of $5.16 and maintains a ""Moderate Buy"" consensus rating from analysts with an average price target of $1,203.40.",0.391476,Bullish,0.586304,0.344272,Somewhat-Bullish
20260828T185839,AMD,Advanced Micro Devices,Energy Transfer LP $ET Shares Acquired by Corient Private Wealth LP,MarketBeat,https://www.marketbeat.com/instant-alerts/filing-energy-transfer-lp-et-shares-acquired-by-corient-private-wealth-lp-2026-08-28/,"Corient Private Wealth LP increased its stake in Energy Transfer LP by 7.8% in the second quarter, bringing its total holdings to 1.87 million shares valued at approximately $35.7 million. The company reported strong quarterly earnings, beating estimates, and revenue grew significantly year-over-year. Analysts maintain a ""Moderate Buy"" rating for Energy Transfer, and company insiders have also been actively purchasing shares.",0.160076,Somewhat-Bullish,0.648950,0.118403,Neutral
20260828T185941,AMD,Advanced Micro Devices,"Cibc World Market Inc. Acquires Shares of 23,584 Etsy Inc $ETSY",MarketBeat,https://www.marketbeat.com/instant-alerts/filing-cibc-world-market-inc-acquires-shares-of-23584-etsy-inc-etsy-2026-08-28/,"CIBC World Market Inc. has acquired 23,584 shares of Etsy Inc (ETSY) valued at approximately $1.78 million during the second quarter. While institutional investors collectively own 99.53% of the company, analyst sentiment is mixed, with a consensus ""Hold"" rating, though some analysts, like Bank of America, have upgraded the stock to ""Buy."" Etsy's shares opened near their 52-week high despite missing quarterly EPS expectations and reporting a revenue decline.",0.201313,Somewhat-Bullish,0.573442,0.302928,Somewhat-Bullish
20260828T190046,AMD,Advanced Micro Devices,"EverQuote (NASDAQ:EVER) CTO Sells $29,037.59 in Stock",MarketBeat,https://www.marketbeat.com/instant-alerts/insider-everquote-nasdaq-ever-cto-sells-2903759-in-stock-2026-08-27/,"EverQuote (NASDAQ:EVER) CTO David Brainard sold 1,097 shares of the company's stock for $29,037.59 on August 25th, bringing his remaining holdings to 163,030 shares. This follows a previous sale of 4,960 shares in July. Despite a recent stock dip, EverQuote surpassed quarterly earnings expectations and maintains a ""Moderate Buy"" consensus rating from analysts.",0.207271,Somewhat-Bullish,0.603850,0.319674,Somewhat-Bullish
20260828T190046,AMD,Advanced Micro Devices,"Jon Ayotte Sells 1,436 Shares of EverQuote (NASDAQ:EVER) Stock",MarketBeat,https://www.marketbeat.com/instant-alerts/insider-jon-ayotte-sells-1436-shares-of-everquote-nasdaq-ever-stock-2026-08-27/,"Jon Ayotte, CAO of EverQuote (NASDAQ:EVER), sold 1,436 shares of the company's stock for approximately $38,011, reducing his holdings by 1.9%. This is one of several sales he has made since June. Despite the insider selling and a recent 4.8% dip in stock price, EverQuote reported strong quarterly earnings and revenue that surpassed estimates, leading to a consensus ""Moderate Buy"" rating from analysts with an average price target of $28.17.",0.21879,Somewhat-Bullish,0.636502,0.310229,Somewhat-Bullish
20260828T190125,AMD,Advanced Micro Devices,Bamco Inc. NY Makes New $20.77 Million Investment in Edwards Lifesciences Corporation $EW,MarketBeat,https://www.marketbeat.com/instant-alerts/filing-bamco-inc-ny-makes-new-2077-million-investment-in-edwards-lifesciences-corporation-ew-2026-08-28/,"Bamco Inc. NY recently invested $20.77 million in Edwards Lifesciences Corporation, acquiring 229,603 shares in the second quarter. Edwards Lifesciences reported strong Q2 earnings, beating EPS estimates, and revenue increased by 13.6% year-over-year. Analysts maintain a ""Moderate Buy"" rating with a consensus price target of $100.27 for the stock.",0.111278,Neutral,0.648306,0.221175,Somewhat-Bullish
20260828T190843,AMD,Advanced Micro Devices,"212,239 Shares in Four Corners Property Trust, Inc. $FCPT Purchased by Connor Clark & Lunn Investment Management Ltd.",MarketBeat,https://www.marketbeat.com/instant-alerts/filing-212239-shares-in-four-corners-property-trust-inc-fcpt-purchased-by-connor-clark-lunn-investment-management-ltd-2026-08-28/,"Connor Clark & Lunn Investment Management Ltd. recently acquired 212,239 shares of Four Corners Property Trust (FCPT) worth approximately $5.21 million. This comes as several other institutions also initiated positions in FCPT during the second quarter, bringing institutional ownership to 98.66%. The company reported strong quarterly earnings, beating EPS estimates, and announced a monthly dividend, while analysts maintain a ""Moderate Buy"" rating.",0.239222,Somewhat-Bullish,0.607309,0.110459,Neutral
20260828T191130,AMD,Advanced Micro Devices,"47,670 Shares in F5, Inc. $FFIV Acquired by United Capital Financial Advisors LLC",MarketBeat,https://www.marketbeat.com/instant-alerts/filing-47670-shares-in-f5-inc-ffiv-acquired-by-united-capital-financial-advisors-llc-2026-08-28/,"United Capital Financial Advisors LLC has acquired 47,670 shares of F5, Inc. (NASDAQ:FFIV) worth approximately $19.8 million, contributing to institutional investors owning 90.66% of the company. Despite mixed analyst ratings, F5 exceeded quarterly earnings and revenue expectations, with the stock trading near its 52-week high. Recent insider selling by executives also occurred, totaling over $6.3 million in the last ninety days.",0.140767,Neutral,0.635166,-0.183526,Somewhat-Bearish
20260828T191503,AMD,Advanced Micro Devices,"Almitas Capital LLC Purchases New Holdings in Fulgent Genetics, Inc. $FLGT",MarketBeat,https://www.marketbeat.com/instant-alerts/filing-almitas-capital-llc-purchases-new-holdings-in-fulgent-genetics-inc-flgt-2026-08-28/,"Almitas Capital LLC has acquired a new position in Fulgent Genetics, Inc. (NASDAQ:FLGT), purchasing 104,797 shares valued at approximately $2.15 million. This acquisition makes Almitas Capital LLC an approximate 0.38% owner of the company, with institutional investors collectively holding 48.06% of the stock. The company recently reported weaker-than-expected quarterly results, and analysts maintain a cautious outlook with an average ""Hold"" rating and a target price of $27.50.",0.004317,Neutral,0.560076,0.255556,Somewhat-Bullish
20260828T191604,AMD,Advanced Micro Devices,Flowserve Corporation (NYSE:FLS) Plans Quarterly Dividend of $0.22,MarketBeat,https://www.marketbeat.com/instant-alerts/dividend-flowserve-corporation-nyse-fls-plans-quarterly-dividend-of-022-2026-08-28/,"Flowserve Corporation (NYSE:FLS) has declared a quarterly dividend of $0.22 per share, payable on October 9th to shareholders of record as of September 25th. This dividend represents an annualized payout of $0.88 with a yield of approximately 1.1%, and is well-covered by earnings with a payout ratio of 24.4%. The company recently exceeded earnings expectations, reporting $0.95 EPS against a consensus of $0.86.",0.249926,Somewhat-Bullish,0.593273,0.117494,Neutral
20260828T192552,AMD,Advanced Micro Devices,"Bank of New York Mellon Corp Buys Shares of 412,910 Federal Signal Corporation $FSS",MarketBeat,https://www.marketbeat.com/instant-alerts/filing-bank-of-new-york-mellon-corp-buys-shares-of-412910-federal-signal-corporation-fss-2026-08-28/,"Bank of New York Mellon Corp acquired 412,910 shares of Federal Signal Corporation (NYSE:FSS) worth approximately $53.1 million, giving it a 0.68% stake. Federal Signal exceeded quarterly earnings expectations with an EPS of $1.42 and revenue of $670.2 million, an 18.7% increase year-over-year. Analysts maintain a ""Moderate Buy"" rating with an average price target of $140.50, and the company offers a quarterly dividend of $0.15 per share.",0.332345,Somewhat-Bullish,0.604484,0.339573,Somewhat-Bullish
20260828T192641,AMD,Advanced Micro Devices,TechnipFMC plc $FTI Shares Sold by Algert Global LLC,MarketBeat,https://www.marketbeat.com/instant-alerts/filing-technipfmc-plc-fti-shares-sold-by-algert-global-llc-2026-08-28/,"Algert Global LLC significantly reduced its stake in TechnipFMC plc (NYSE:FTI) during the second quarter, selling 81.2% of its holdings, though institutional investors still collectively own 96.58% of the company. TechnipFMC reported strong quarterly earnings, surpassing analyst estimates with $0.91 EPS and 9% year-over-year revenue growth. The company also declared a quarterly dividend of $0.05 per share, and a director purchased nearly $500,000 worth of stock, indicating continued confidence from some insiders.",0.13435,Neutral,0.646389,0.114372,Neutral
20260828T193249,AMD,Advanced Micro Devices,"Gemini Space Station, Inc. (NASDAQ:GEMI) Given Consensus Recommendation of ""Hold"" by Brokerages",MarketBeat,https://www.marketbeat.com/instant-alerts/consensus-gemini-space-station-inc-nasdaq-gemi-given-consensus-recommendation-of-hold-by-brokerages-2026-08-28/,"Thirteen analysts have issued a consensus ""Hold"" rating for Gemini Space Station, Inc. (NASDAQ:GEMI), with an average 12-month price target of $10.79. The company's shares recently opened at $4.71, trading up 3.7%, despite reporting a quarterly loss of $0.89 per share and maintaining a negative net margin of -250.13%. Several brokerages have recently lowered their price targets for GEMI.",0.038037,Neutral,0.595207,0.215821,Somewhat-Bullish
20260828T193647,AMD,Advanced Micro Devices,The Manufacturers Life Insurance Company Makes New Investment in VICI Properties Inc. $VICI,MarketBeat,https://www.marketbeat.com/instant-alerts/filing-the-manufacturers-life-insurance-company-makes-new-investment-in-vici-properties-inc-vici-2026-08-28/,"The Manufacturers Life Insurance Company recently made a new investment in VICI Properties Inc. (NYSE:VICI), purchasing over 1 million shares valued at approximately $29.1 million. Despite a general ""Hold"" consensus rating from analysts, institutional investors collectively hold a significant 97.71% of the REIT. VICI Properties, specializing in experiential real estate like gaming and hospitality, reported quarterly revenue growth of 5.7% but missed earnings estimates, while offering a 7.0% annualized dividend yield.",0.129493,Neutral,0.573835,0.220723,Somewhat-Bullish
20260828T194239,AMD,Advanced Micro Devices,"26,759 Shares in Global Payments Inc. $GPN Acquired by Formula Growth Ltd.",MarketBeat,https://www.marketbeat.com/instant-alerts/filing-26759-shares-in-global-payments-inc-gpn-acquired-by-formula-growth-ltd-2026-08-28/,"Formula Growth Ltd. acquired 26,759 shares of Global Payments Inc. (NYSE:GPN) worth approximately $1.94 million during the second quarter. Global Payments reported strong quarterly earnings, beating analyst estimates for EPS and revenue, and reaffirmed its fiscal 2026 EPS guidance. Despite a ""Hold"" rating from analysts with an average price target of $92.36, institutional investors collectively own 89.76% of the company's stock.",0.275977,Somewhat-Bullish,0.606504,0.326954,Somewhat-Bullish
20260828T194239,AMD,Advanced Micro Devices,"North Star Asset Management Inc. Buys Shares of 319,712 Global Payments Inc. $GPN",MarketBeat,https://www.marketbeat.com/instant-alerts/filing-north-star-asset-management-inc-buys-shares-of-319712-global-payments-inc-gpn-2026-08-28/,"North Star Asset Management Inc. acquired 319,712 shares of Global Payments Inc. (NYSE:GPN) during the second quarter, valued at approximately $23.2 million. Institutional investors collectively own 89.76% of Global Payments. The company has an average ""Hold"" rating from analysts with a target price of $92.36 and recently reported strong quarterly earnings and declared a dividend.",0.238491,Somewhat-Bullish,0.642131,0.116259,Neutral
20260828T194239,AMD,Advanced Micro Devices,"Caisse de depot et placement du Quebec Purchases Shares of 759,776 Global Payments Inc. $GPN",MarketBeat,https://www.marketbeat.com/instant-alerts/filing-caisse-de-depot-et-placement-du-quebec-purchases-shares-of-759776-global-payments-inc-gpn-2026-08-28/,"Caisse de depot et placement du Quebec recently acquired 759,776 shares of Global Payments Inc. (NYSE:GPN), valued at approximately $55.1 million, establishing a 0.29% stake in the company. Global Payments reported Q2 earnings of $3.46 per share, exceeding estimates, with revenue of $3.16 billion, up 68.6% year-over-year. The company also declared a quarterly dividend of $0.25 per share and has a consensus ""Hold"" rating from analysts with an average target price of $92.36.",0.28064,Somewhat-Bullish,0.647513,0.335751,Somewhat-Bullish
20260828T194450,AMD,Advanced Micro Devices,Glenview Trust Co Makes New Investment in Lockheed Martin Corporation $LMT,MarketBeat,https://www.marketbeat.com/instant-alerts/filing-glenview-trust-co-makes-new-investment-in-lockheed-martin-corporation-lmt-2026-08-28/,"Glenview Trust Co. recently invested in Lockheed Martin Corporation (NYSE: LMT), acquiring 58,931 shares valued at approximately $35.6 million. Institutional investors now own 74.19% of the company, while analysts maintain a ""Hold"" rating with an average price target of $632.39. Lockheed Martin exceeded Q2 earnings and revenue expectations, reporting $7.94 EPS and $20.06 billion in revenue, and declared a quarterly dividend of $3.45 per share.",0.221103,Somewhat-Bullish,0.581068,0.331881,Somewhat-Bullish
20260828T194939,AMD,Advanced Micro Devices,"Canada Pension Plan Investment Board Purchases New Position in HCA Healthcare, Inc. $HCA",MarketBeat,https://www.marketbeat.com/instant-alerts/filing-canada-pension-plan-investment-board-purchases-new-position-in-hca-healthcare-inc-hca-2026-08-28/,"The Canada Pension Plan Investment Board has acquired a new stake in HCA Healthcare, Inc. (NYSE:HCA), purchasing 123,619 shares valued at approximately $48.2 million. This move gives the board a 0.06% ownership in the company, amidst generally positive analyst ratings and HCA exceeding its quarterly earnings and revenue expectations. HCA also announced a quarterly dividend of $0.78 per share.",0.202408,Somewhat-Bullish,0.554808,0.241551,Somewhat-Bullish
20260828T195715,AMD,Advanced Micro Devices,11.2 Capital Management LLC Invests $204.57 Million in Hinge Health Inc. $HNGE,MarketBeat,https://www.marketbeat.com/instant-alerts/filing-112-capital-management-llc-makes-new-investment-in-hinge-health-inc-hnge-2026-08-24/,"11.2 Capital Management LLC has invested $204.57 million in Hinge Health Inc., acquiring 2,464,657 shares, making it their largest position and representing 0.1% of their portfolio. Other hedge funds have also adjusted their holdings in Hinge Health, while company insiders have sold shares totaling over $285 million in the last 90 days. Analysts have a ""Moderate Buy"" rating for Hinge Health with a consensus price target of $100.57.",0.25278,Somewhat-Bullish,0.561365,0.245203,Somewhat-Bullish
20260828T195805,AMD,Advanced Micro Devices,"Ancora Advisors LLC Buys Shares of 84,205 Hooker Furnishings Corp. $HOFT",MarketBeat,https://www.marketbeat.com/instant-alerts/filing-ancora-advisors-llc-buys-shares-of-84205-hooker-furnishings-corp-hoft-2026-08-28/,"Ancora Advisors LLC recently acquired 84,205 shares of Hooker Furnishings Corp. (NASDAQ:HOFT) for approximately $1.5 million, representing about 0.78% of the company. Despite beating Q2 analyst estimates for revenue and EPS, the company faces weakening analyst sentiment with a ""Reduce"" consensus rating. Hooker Furnishings also declared a quarterly dividend of $0.115 per share, yielding 3.4% annually.",-0.065594,Neutral,0.529514,0.139968,Neutral
20260828T200224,AMD,Advanced Micro Devices,Canada Pension Plan Investment Board Buys New Shares in Humana Inc. $HUM,MarketBeat,https://www.marketbeat.com/instant-alerts/filing-canada-pension-plan-investment-board-buys-new-shares-in-humana-inc-hum-2026-08-28/,"The Canada Pension Plan Investment Board has acquired a new stake in Humana Inc. (NYSE:HUM), purchasing 171,237 shares valued at approximately $68 million. This acquisition gives the board a 0.14% stake in the insurance provider. Humana recently exceeded quarterly earnings expectations with $7.61 adjusted EPS and $40.89 billion in revenue, although analyst sentiment remains mixed with a consensus ""Hold"" rating.",0.190254,Somewhat-Bullish,0.574343,0.237301,Somewhat-Bullish
20260828T200225,AMD,Advanced Micro Devices,"70,185 Shares in Humana Inc. $HUM Purchased by The Manufacturers Life Insurance Company",MarketBeat,https://www.marketbeat.com/instant-alerts/filing-70185-shares-in-humana-inc-hum-purchased-by-the-manufacturers-life-insurance-company-2026-08-28/,"The Manufacturers Life Insurance Company recently purchased 70,185 shares of Humana Inc. (NYSE:HUM) stock, valued at approximately $27.9 million, giving it a 0.06% stake in the company. Institutional investors collectively own 92.38% of Humana, which recently surpassed quarterly earnings expectations with $7.61 EPS and $40.89 billion in revenue. Despite mixed analyst sentiment with an overall ""Hold"" rating, the company's financial performance and significant institutional ownership highlight its market presence.",0.158297,Somewhat-Bullish,0.602718,0.127619,Neutral
20260828T200920,AMD,Advanced Micro Devices,"Insteel Industries (NYSE:IIIN) COO Richard Wagner Sells 1,640 Shares",MarketBeat,https://www.marketbeat.com/instant-alerts/insider-insteel-industries-nyse-iiin-coo-richard-wagner-sells-1640-shares-2026-08-27/,"Insteel Industries (NYSE:IIIN) COO Richard Wagner sold 1,640 shares of the company stock for approximately $49,708.40. Following this transaction, Wagner retains 40,000 shares. The company's shares rose 0.5% to $30.67, and Insteel Industries recently reported quarterly EPS of $0.46, slightly exceeding analyst expectations, on revenue of $197.66 million, and declared a quarterly dividend of $0.03 per share.",0.171967,Somewhat-Bullish,0.574597,0.121262,Neutral
20260828T201236,AMD,Advanced Micro Devices,"Coastal Bridge Advisors LLC Acquires Shares of 11,760 Ingredion Incorporated $INGR",MarketBeat,https://www.marketbeat.com/instant-alerts/filing-coastal-bridge-advisors-llc-acquires-shares-of-11760-ingredion-incorporated-ingr-2026-08-28/,"Coastal Bridge Advisors LLC recently acquired 11,760 shares of Ingredion Incorporated (NYSE:INGR) for approximately $1.1 million during the second quarter. Despite this, analysts have a cautious ""Hold"" consensus rating for Ingredion, with an average target price of $121.29. The company reported strong quarterly earnings, exceeding expectations with $2.82 EPS and $1.85 billion in revenue.",0.143584,Neutral,0.590954,0.211523,Somewhat-Bullish
20260828T201742,AMD,Advanced Micro Devices,"Deutsche Bank AG Acquires New Holdings in Disc Medicine, Inc. $IRON",MarketBeat,https://www.marketbeat.com/instant-alerts/filing-deutsche-bank-ag-acquires-new-holdings-in-disc-medicine-inc-iron-2026-08-28/,"Deutsche Bank AG has acquired a new position in Disc Medicine, Inc. (NASDAQ:IRON), purchasing over 30,000 shares valued at approximately $2.24 million. This move comes as institutional investors now own 83.70% of the company, and analysts maintain a ""Moderate Buy"" rating with a $106.50 price target. Despite recent insider selling, Disc Medicine reported better-than-expected quarterly earnings.",0.253424,Somewhat-Bullish,0.562492,0.210764,Somewhat-Bullish
20260828T201841,AMD,Advanced Micro Devices,Grandeur Peak Global Advisors LLC Has $36.57 Million Position in ITT Inc. $ITT,MarketBeat,https://www.marketbeat.com/instant-alerts/filing-grandeur-peak-global-advisors-llc-has-3657-million-position-in-itt-inc-itt-2026-08-28/,"Grandeur Peak Global Advisors LLC significantly increased its stake in ITT Inc. during the second quarter, now holding 184,902 shares valued at $36.57 million. This makes ITT its third-largest holding, representing 8.9% of its portfolio. Analysts maintain a ""Moderate Buy"" rating for ITT, with recent earnings exceeding expectations and the company declaring a quarterly dividend.",0.343128,Somewhat-Bullish,0.576187,0.280826,Somewhat-Bullish
20260828T201841,AMD,Advanced Micro Devices,"Sanctuary Advisors LLC Acquires Shares of 4,865 ITT Inc. $ITT",MarketBeat,https://www.marketbeat.com/instant-alerts/filing-sanctuary-advisors-llc-acquires-shares-of-4865-itt-inc-itt-2026-08-28/,"Sanctuary Advisors LLC has acquired 4,865 shares of ITT Inc. (NYSE:ITT) valued at approximately $962,000, initiating a new position in the company. Institutional investors collectively own 91.59% of ITT's outstanding stock, and analysts maintain a ""Moderate Buy"" rating with an average price target of $241.08. ITT recently surpassed quarterly earnings expectations, reporting $2.08 EPS and $1.47 billion in revenue, and declared a quarterly dividend of $0.386 per share.",0.221814,Somewhat-Bullish,0.633586,0.110960,Neutral
20260828T202046,AMD,Advanced Micro Devices,"Harvey Capital Management Inc. Acquires Shares of 23,572 Jacobs Solutions Inc. $J",MarketBeat,https://www.marketbeat.com/instant-alerts/filing-harvey-capital-management-inc-acquires-shares-of-23572-jacobs-solutions-inc-j-2026-08-28/,"Harvey Capital Management Inc. has acquired a new stake of 23,572 shares in Jacobs Solutions Inc., valued at approximately $2.97 million. Institutional investors now own 85.65% of the company's stock. Jacobs Solutions recently reported strong quarterly earnings and maintained its fiscal 2026 EPS guidance, along with declaring a quarterly dividend.",0.364849,Bullish,0.639453,0.340529,Somewhat-Bullish
20260828T202634,AMD,Advanced Micro Devices,Value Aligned Research Advisors LLC Makes New $12.53 Million Investment in Fermi Inc. $FRMI,MarketBeat,https://www.marketbeat.com/instant-alerts/filing-value-aligned-research-advisors-llc-makes-new-1253-million-investment-in-fermi-inc-frmi-2026-08-28/,"Value Aligned Research Advisors LLC has made a new $12.53 million investment in Fermi Inc. (NASDAQ:FRMI), acquiring 1.37 million shares, which represents a 0.21% stake in the company. Other institutional investors like BlackRock and Bank of America have also recently taken positions in Fermi. Despite mixed analyst ratings and recent insider selling, Fermi's latest earnings report showed a smaller-than-expected loss, highlighting its focus on powering AI infrastructure.",0.14773,Neutral,0.573167,0.184465,Somewhat-Bullish
20260828T203003,AMD,Advanced Micro Devices,"Legal & General Group Plc Purchases Shares of 6,037,735 Kraft Heinz Company $KHC",MarketBeat,https://www.marketbeat.com/instant-alerts/filing-legal-general-group-plc-purchases-shares-of-6037735-kraft-heinz-company-khc-2026-08-28/,"Legal & General Group Plc recently acquired over 6 million shares of Kraft Heinz Company, valued at approximately $142.6 million, establishing a 0.51% stake in the company. Despite this significant investment, analyst sentiment for Kraft Heinz remains cautious, with a consensus ""Reduce"" rating and an average price target of $23.62. The company reported beating Q2 earnings and revenue expectations but experienced a year-over-year sales decline and declared a quarterly dividend of $0.40 per share.",-0.070001,Neutral,0.554134,0.036521,Neutral
20260828T203318,AMD,Advanced Micro Devices,Algert Global LLC Has $5.25 Million Stock Position in Kosmos Energy Ltd. $KOS,MarketBeat,https://www.marketbeat.com/instant-alerts/filing-algert-global-llc-has-525-million-stock-position-in-kosmos-energy-ltd-kos-2026-08-28/,"Algert Global LLC significantly increased its stake in Kosmos Energy Ltd. by 98.2% in the second quarter, bringing its total holdings to 2.49 million shares valued at $5.25 million. This move comes as institutional investors collectively own 95.33% of the company, despite a cautious ""Reduce"" consensus rating from analysts. Kosmos Energy also reported strong quarterly earnings, exceeding revenue and EPS estimates.",0.199219,Somewhat-Bullish,0.569993,0.110563,Neutral
20260828T203539,AMD,Advanced Micro Devices,"1,420,526 Shares in Kenvue Inc. $KVUE Bought by The Manufacturers Life Insurance Company",MarketBeat,https://www.marketbeat.com/instant-alerts/filing-1420526-shares-in-kenvue-inc-kvue-bought-by-the-manufacturers-life-insurance-company-2026-08-28/,"The Manufacturers Life Insurance Company recently acquired over 1.4 million shares of Kenvue Inc. (NYSE:KVUE), valued at approximately $27.1 million, bringing institutional ownership to 97.64% of the company. Despite analysts holding a ""Hold"" consensus rating with a $19.27 average price target, Kenvue's latest quarterly earnings slightly missed expectations, reporting $0.31 EPS and $3.96 billion in revenue. The company also increased its quarterly dividend to $0.21, offering a 4.4% yield.",0.150314,Somewhat-Bullish,0.619876,0.262861,Somewhat-Bullish
20260828T203622,AMD,Advanced Micro Devices,"254,022 Shares in Loews Corporation $L Acquired by The Manufacturers Life Insurance Company",MarketBeat,https://www.marketbeat.com/instant-alerts/filing-254022-shares-in-loews-corporation-l-acquired-by-the-manufacturers-life-insurance-company-2026-08-28/,"The Manufacturers Life Insurance Company acquired 254,022 shares of Loews Corporation (NYSE:L) during the second quarter, valued at approximately $28.8 million, representing a 0.12% stake. Other institutional investors also adjusted their positions in Loews, which has a market capitalization of $22.42 billion and a P/E ratio of 13.44. The company recently reported quarterly earnings of $2.16 per share on $4.73 billion in revenue and declared a quarterly dividend of $0.0625 per share.",0.327584,Somewhat-Bullish,0.572427,0.244780,Somewhat-Bullish
20260828T203916,AMD,Advanced Micro Devices,"Ancora Advisors LLC Makes New Investment in Lands' End, Inc. $LE",MarketBeat,https://www.marketbeat.com/instant-alerts/filing-ancora-advisors-llc-makes-new-investment-in-lands-end-inc-le-2026-08-28/,"Ancora Advisors LLC has made a new investment in Lands' End, Inc. (NASDAQ:LE), acquiring 116,280 shares valued at approximately $1.22 million, representing 0.38% of the company. Institutional investors and hedge funds now collectively own 37.46% of Lands' End stock. Analyst sentiment is generally positive, with a consensus ""Moderate Buy"" rating and a $20.00 price target.",0.221834,Somewhat-Bullish,0.615509,0.307422,Somewhat-Bullish
20260828T204317,AMD,Advanced Micro Devices,Freestone Grove Partners LP Invests $12.49 Million in LKQ Corporation $LKQ,MarketBeat,https://www.marketbeat.com/instant-alerts/filing-freestone-grove-partners-lp-invests-1249-million-in-lkq-corporation-lkq-2026-08-28/,"Freestone Grove Partners LP has acquired a new stake of 474,471 shares in LKQ Corporation, valued at approximately $12.49 million, representing about 0.19% of the company. Other institutional investors have also adjusted their holdings in LKQ, which currently has 95.63% institutional ownership. Analyst sentiment is mixed, with a consensus ""Hold"" rating and an average target price of $31.08, while the company recently missed quarterly earnings and revenue expectations but declared a quarterly dividend of $0.30 per share.",0.228308,Somewhat-Bullish,0.595457,0.302524,Somewhat-Bullish
20260828T205306,AMD,Advanced Micro Devices,"Jupiter Topco LLC Makes New $48.07 Million Investment in Mid-America Apartment Communities, Inc. $MAA",MarketBeat,https://www.marketbeat.com/instant-alerts/filing-jupiter-topco-llc-makes-new-4807-million-investment-in-mid-america-apartment-communities-inc-maa-2026-08-28/,"Jupiter Topco LLC has made a new investment of $48.07 million in Mid-America Apartment Communities, Inc. (MAA), acquiring 345,960 shares, which gives them a 0.30% stake in the company. Despite this significant institutional ownership, analysts maintain a ""Hold"" rating for MAA with a consensus price target of $144.81, following recent target reductions from several firms. The company reported strong quarterly EPS of $2.08, significantly exceeding estimates, though revenue of $555.13 million was slightly below expectations.",-0.026474,Neutral,0.616641,-0.052638,Neutral
20260828T205739,AMD,Advanced Micro Devices,Canada Pension Plan Investment Board Buys New Shares in Microchip Technology Incorporated $MCHP,MarketBeat,https://www.marketbeat.com/instant-alerts/filing-canada-pension-plan-investment-board-buys-new-shares-in-microchip-technology-incorporated-mchp-2026-08-28/,"The Canada Pension Plan Investment Board recently purchased 451,728 shares of Microchip Technology Inc. (MCHP), valued at approximately $41.2 million, increasing its stake to 0.08% of the company. Institutional investors now collectively own 91.51% of the semiconductor firm. Microchip Technology reported strong quarterly earnings, beating estimates with 38% year-over-year revenue growth, and analysts maintain a ""Moderate Buy"" rating for the stock.",0.295697,Somewhat-Bullish,0.642134,0.345874,Somewhat-Bullish
20260828T205835,AMD,Advanced Micro Devices,"Dearborn Partners LLC Invests $13.82 Million in Mondelez International, Inc. $MDLZ",MarketBeat,https://www.marketbeat.com/instant-alerts/filing-dearborn-partners-llc-invests-1382-million-in-mondelez-international-inc-mdlz-2026-08-28/,"Dearborn Partners LLC recently invested $13.82 million in Mondelez International, Inc. by acquiring 238,885 shares in the second quarter. Institutional investors now own 78.32% of MDLZ, with analysts maintaining a ""Moderate Buy"" rating and an average price target of $67.30. Mondelez also reported strong quarterly earnings and revenue, and increased its quarterly dividend to $0.52 per share.",0.358132,Bullish,0.609562,0.349996,Somewhat-Bullish
20260828T210150,AMD,Advanced Micro Devices,Magna International (TSE:MG) Share Price Passes Above 200-Day Moving Average - Should You Sell?,MarketBeat,https://www.marketbeat.com/instant-alerts/price-magna-international-tse-mg-share-price-passes-above-200-day-moving-average-should-you-sell-2026-08-28/,"Magna International's share price recently moved above its 200-day moving average, reaching C$92.38 before settling at C$91.04, prompting a ""Strong Buy"" consensus rating from analysts. The company reported strong quarterly revenues of C$15.60 billion and earnings of C$2.64 per share. Despite positive financial performance and a declared quarterly dividend, recent insider selling activity, significantly reducing some holdings, raises questions for investors.",0.239277,Somewhat-Bullish,0.554111,0.318580,Somewhat-Bullish
20260828T210335,AMD,Advanced Micro Devices,"Bamco Inc. NY Invests $20.83 Million in Mohawk Industries, Inc. $MHK",MarketBeat,https://www.marketbeat.com/instant-alerts/filing-bamco-inc-ny-invests-2083-million-in-mohawk-industries-inc-mhk-2026-08-28/,"Bamco Inc. NY has acquired a new stake of $20.83 million in Mohawk Industries (NYSE: MHK), purchasing 171,703 shares, representing approximately 0.25% of the company. Institutional investors now own 78.98% of MHK. Despite recent insider selling, analysts maintain a ""Hold"" rating for Mohawk Industries, with an average price target of $130.50, following strong quarterly results where the company beat EPS and revenue expectations.",0.150744,Somewhat-Bullish,0.602884,0.131597,Neutral
20260828T210858,AMD,Advanced Micro Devices,"North Star Asset Management Inc. Makes New Investment in Altria Group, Inc. $MO",MarketBeat,https://www.marketbeat.com/instant-alerts/filing-north-star-asset-management-inc-makes-new-investment-in-altria-group-inc-mo-2026-08-28/,"North Star Asset Management Inc. has acquired a new stake in Altria Group, Inc. (NYSE:MO), purchasing 36,820 shares valued at approximately $2.65 million during the second quarter. This investment is part of broader institutional interest, with several other hedge funds also adjusting their positions in the tobacco giant. Altria recently increased its quarterly dividend to $1.11 per share, resulting in a 6.6% yield, and analysts currently hold a ""Hold"" consensus rating for the stock with an average price target of $70.11.",0.215068,Somewhat-Bullish,0.602157,0.140321,Neutral
20260828T210918,AMD,Advanced Micro Devices,"Formula Growth Ltd. Purchases Shares of 13,540 Modine Manufacturing Company $MOD",MarketBeat,https://www.marketbeat.com/instant-alerts/filing-formula-growth-ltd-purchases-shares-of-13540-modine-manufacturing-company-mod-2026-08-28/,"Formula Growth Ltd. recently purchased 13,540 shares of Modine Manufacturing Company (NYSE:MOD), valued at approximately $3.6 million, making it their 18th largest holding. Despite institutional investors owning 95.23% of the company, insiders have sold a significant amount of shares recently. Analysts maintain a ""Moderate Buy"" rating for Modine, with a consensus price target of $320.14.",0.250821,Somewhat-Bullish,0.629830,0.233094,Somewhat-Bullish
20260828T211641,AMD,Advanced Micro Devices,"33,581 Shares in Minerals Technologies Inc. $MTX Purchased by Deutsche Bank AG",MarketBeat,https://www.marketbeat.com/instant-alerts/filing-33581-shares-in-minerals-technologies-inc-mtx-purchased-by-deutsche-bank-ag-2026-08-28/,"Deutsche Bank AG acquired 33,581 shares of Minerals Technologies Inc. (NYSE:MTX) during the second quarter, valued at approximately $2.48 million, making them 0.11% owners. Other institutional investors also adjusted their holdings. Analyst ratings are mixed, with a consensus ""Hold"" rating and a price target of $90.00, while the company recently missed earnings and revenue estimates but maintains a quarterly dividend.",0.183441,Somewhat-Bullish,0.601742,0.346782,Somewhat-Bullish
20260828T212019,AMD,Advanced Micro Devices,Bank of America Corp DE Has $5.30 Million Stake in National Bank Holdings Corporation $NBHC,MarketBeat,https://www.marketbeat.com/instant-alerts/filing-bank-of-america-corp-de-has-530-million-stake-in-national-bank-holdings-corporation-nbhc-2026-08-28/,"Bank of America Corp DE significantly increased its stake in National Bank Holdings Corporation (NBHC) by 45.8% in the first quarter, now owning 135,454 shares valued at $5.3 million. Institutional investors hold a substantial 92.65% of NBHC stock. Despite a consensus ""Moderate Buy"" rating from analysts and an average price target of $46.80, the company's latest quarterly results missed revenue and EPS expectations.",0.224938,Somewhat-Bullish,0.590112,0.285303,Somewhat-Bullish
20260828T212400,AMD,Advanced Micro Devices,"Connor Clark & Lunn Investment Management Ltd. Purchases Shares of 166,239 Northeast Community Bancorp Inc. $NECB",MarketBeat,https://www.marketbeat.com/instant-alerts/filing-connor-clark-lunn-investment-management-ltd-purchases-shares-of-166239-northeast-community-bancorp-inc-necb-2026-08-28/,"Connor Clark & Lunn Investment Management Ltd. has acquired 166,239 shares of Northeast Community Bancorp Inc. (NASDAQ:NECB) for approximately $4.6 million, representing a 1.21% stake. Institutional investors collectively own 53.25% of the company, with other firms like BlackRock Inc. and Vanguard Group Inc. also holding significant positions. Despite recent missed earnings and revenue estimates, analysts maintain a ""Moderate Buy"" consensus, and the company has increased its quarterly dividend to $0.25 per share.",0.172634,Somewhat-Bullish,0.629131,0.132806,Neutral
20260828T212505,AMD,Advanced Micro Devices,Ottawa pumps $195 million into quantum manufacturing by Xanadu,Yahoo! Finance Canada,https://ca.finance.yahoo.com/news/ottawa-pumps-195-million-quantum-170014411.html,"The Canadian federal government is investing $195 million into Toronto-based Xanadu Quantum Technologies Inc. to establish an advanced manufacturing facility. This funding, the largest government investment in Canadian quantum manufacturing, aims to bolster Canada's quantum technology supply chain and reduce reliance on foreign suppliers. Xanadu will use the funds to build ""Inception,"" a 158,000-square-foot facility for producing photonic hardware essential for its quantum data center and other AI, telecommunications, and sensing technologies.",0.380239,Bullish,0.566951,0.284156,Somewhat-Bullish
20260828T212631,AMD,Advanced Micro Devices,BlackRock Inc. Buys New Position in NextDecade Corporation $NEXT,MarketBeat,https://www.marketbeat.com/instant-alerts/filing-blackrock-inc-buys-new-position-in-nextdecade-corporation-next-2026-08-28/,"BlackRock Inc. has acquired a new position in NextDecade Corporation (NASDAQ:NEXT), purchasing over 23.8 million shares valued at approximately $179.6 million, giving them an 8.95% stake. Other institutional investors have also adjusted their holdings in the company. NextDecade currently holds a consensus ""Hold"" rating from analysts with an average price target of $8.10.",0.259142,Somewhat-Bullish,0.639698,0.262157,Somewhat-Bullish
20260828T213304,AMD,Advanced Micro Devices,"Trails Edge Capital Partners LP Purchases New Holdings in Nurix Therapeutics, Inc. $NRIX",MarketBeat,https://www.marketbeat.com/instant-alerts/filing-trails-edge-capital-partners-lp-invests-3817-billion-in-nurix-therapeutics-inc-nrix-2026-08-26/,"Trails Edge Capital Partners LP has acquired a new stake in Nurix Therapeutics, Inc. (NASDAQ:NRIX) during the second quarter, purchasing over 1.5 million shares valued at approximately $38.1 million, making it their second-largest holding. This comes as other institutional investors have also modified their positions in NRIX, and company insiders have recently sold shares. Nurix Therapeutics stock performance and analyst ratings are also detailed, with a consensus ""Moderate Buy"" rating.",0.167503,Somewhat-Bullish,0.584672,0.140821,Neutral
20260828T213304,AMD,Advanced Micro Devices,"BlackRock Inc. Buys New Position in Nurix Therapeutics, Inc. $NRIX",MarketBeat,https://www.marketbeat.com/instant-alerts/filing-blackrock-inc-buys-new-position-in-nurix-therapeutics-inc-nrix-2026-08-28/,"BlackRock Inc. has acquired a new position in Nurix Therapeutics, Inc. (NASDAQ:NRIX), purchasing 8.77 million shares valued at $212.8 million, representing an 8.45% stake. Despite this significant institutional investment and a ""Moderate Buy"" consensus rating from analysts, Nurix Therapeutics reported weaker-than-expected quarterly results with an EPS miss and lower revenue. The company remains unprofitable, with analysts projecting a full-year loss, and recent insider selling has also been noted.",0.158471,Somewhat-Bullish,0.588803,0.216823,Somewhat-Bullish
20260828T213404,AMD,Advanced Micro Devices,"The Manufacturers Life Insurance Company Invests $18.95 Million in NetApp, Inc. $NTAP",MarketBeat,https://www.marketbeat.com/instant-alerts/filing-the-manufacturers-life-insurance-company-invests-1895-million-in-netapp-inc-ntap-2026-08-28/,"The Manufacturers Life Insurance Company has invested $18.95 million in NetApp, Inc. by purchasing 122,446 shares, representing approximately 0.06% of the company. Institutional investors collectively own 92.17% of NetApp, and several other hedge funds have adjusted their stakes. Despite a recent earnings per share miss, NetApp's revenue exceeded estimates, and analysts maintain a ""Hold"" rating with a consensus price target of $179.77.",0.069076,Neutral,0.568612,0.137742,Neutral
20260828T214548,AMD,Advanced Micro Devices,"Melia Wealth LLC Buys Shares of 729,243 Oaktree Specialty Lending Corp. $OCSL",MarketBeat,https://www.marketbeat.com/instant-alerts/filing-melia-wealth-llc-buys-shares-of-729243-oaktree-specialty-lending-corp-ocsl-2026-08-28/,"Melia Wealth LLC has acquired 729,243 shares of Oaktree Specialty Lending Corp. (OCSL) worth approximately $8.7 million, making it their ninth-largest holding. Institutional ownership of OCSL stands at 36.79%, with other major investors also increasing their positions. Despite recently beating earnings estimates, OCSL cut its quarterly dividend to $0.03, resulting in a 0.9% yield, while analysts maintain a ""Hold"" rating with an average target price of $11.83.",0.089361,Neutral,0.587010,0.220013,Somewhat-Bullish
20260828T214620,AMD,Advanced Micro Devices,"Old Dominion Freight Line, Inc. (NASDAQ:ODFL) Given Average Rating of ""Hold"" by Analysts",MarketBeat,https://www.marketbeat.com/instant-alerts/consensus-old-dominion-freight-line-inc-nasdaq-odfl-given-average-rating-of-hold-by-analysts-2026-08-28/,"Old Dominion Freight Line, Inc. (NASDAQ:ODFL) has received an average ""Hold"" rating from analysts, with 13 of 25 recommending holding the stock. The company recently reported adjusted EPS of $1.68, surpassing consensus estimates, and revenue increased by 10.4% year-over-year to $1.55 billion. Insider transactions show a senior vice president selling a significant number of shares, while institutional investors have substantially increased their holdings.",0.098874,Neutral,0.574656,0.024023,Neutral
20260828T214746,AMD,Advanced Micro Devices,"Capstone Investment Advisors LLC Acquires New Position in Oceaneering International, Inc. $OII",MarketBeat,https://www.marketbeat.com/instant-alerts/filing-capstone-investment-advisors-llc-acquires-new-position-in-oceaneering-international-inc-oii-2026-08-28/,"Capstone Investment Advisors LLC has acquired a new position in Oceaneering International, Inc. (NYSE:OII), purchasing 25,094 shares valued at approximately $1.02 million. This move is part of broader institutional investor activity, with Oceaneering International's stock showing a strong performance near its 12-month high after beating earnings estimates. However, insiders have recently sold shares, and analysts maintain a consensus ""Hold"" rating with an average price target of $45.00.",0.200753,Somewhat-Bullish,0.550398,0.131065,Neutral
20260828T214827,AMD,Advanced Micro Devices,"Man Group plc Makes New $11.74 Million Investment in Ollie's Bargain Outlet Holdings, Inc. $OLLI",MarketBeat,https://www.marketbeat.com/instant-alerts/filing-man-group-plc-makes-new-1174-million-investment-in-ollies-bargain-outlet-holdings-inc-olli-2026-08-28/,"Man Group plc has made a new investment of $11.74 million in Ollie's Bargain Outlet Holdings, Inc., acquiring 152,699 shares. Other institutional investors like J. Goldman & Co. LP and Polar Asset Management Partners also initiated significant positions. Ollie's Bargain Outlet reported strong quarterly earnings, exceeding analyst estimates, and maintains a ""Moderate Buy"" consensus rating from analysts with an average price target of $109.80.",0.159268,Somewhat-Bullish,0.628315,0.127957,Neutral
20260828T215550,AMD,Advanced Micro Devices,The Manufacturers Life Insurance Company Purchases New Holdings in Otis Worldwide Corporation $OTIS,MarketBeat,https://www.marketbeat.com/instant-alerts/filing-the-manufacturers-life-insurance-company-purchases-new-holdings-in-otis-worldwide-corporation-otis-2026-08-28/,"The Manufacturers Life Insurance Company acquired a new stake in Otis Worldwide Corporation, purchasing 272,748 shares valued at approximately $19.5 million. This investment comes as institutional investors collectively own 88.03% of Otis. The company recently reported strong quarterly earnings, exceeding revenue expectations, and reaffirmed its fiscal 2026 EPS guidance, while also declaring a quarterly dividend.",0.127397,Neutral,0.534774,0.328451,Somewhat-Bullish
20260828T215618,AMD,Advanced Micro Devices,Ancora Advisors LLC Makes New Investment in Blue Owl Capital Inc. $OWL,MarketBeat,https://www.marketbeat.com/instant-alerts/filing-ancora-advisors-llc-makes-new-investment-in-blue-owl-capital-inc-owl-2026-08-28/,"Ancora Advisors LLC has made a new investment in Blue Owl Capital Inc. (NYSE:OWL) during the second quarter, acquiring 249,538 shares valued at approximately $1.39 million. Institutional investors now own 35.85% of the company, and analysts have a consensus ""Moderate Buy"" rating with an average price target of $13.57. Blue Owl Capital also reported earnings of $0.22 per share and pays a quarterly dividend of $0.23, yielding 7.6% annually.",0.271186,Somewhat-Bullish,0.590605,0.178481,Somewhat-Bullish
20260828T215715,AMD,Advanced Micro Devices,Pacific Heights Asset Management LLC Invests $24.29 Million in Occidental Petroleum Corporation $OXY,MarketBeat,https://www.marketbeat.com/instant-alerts/filing-pacific-heights-asset-management-llc-invests-2429-million-in-occidental-petroleum-corporation-oxy-2026-08-28/,"Pacific Heights Asset Management LLC has acquired a new stake of 500,000 shares in Occidental Petroleum Corporation (NYSE:OXY) during the second quarter, valued at approximately $24.29 million. This investment highlights continued institutional interest in Occidental Petroleum, with other firms also adjusting their positions. The company reported strong quarterly earnings, beating consensus estimates, and increased its quarterly dividend.",0.072125,Neutral,0.527219,0.236112,Somewhat-Bullish
20260828T220004,AMD,Advanced Micro Devices,Equitable Holdings Inc. Acquires New Holdings in Pembina Pipeline Corp. $PBA,MarketBeat,https://www.marketbeat.com/instant-alerts/filing-equitable-holdings-inc-acquires-new-holdings-in-pembina-pipeline-corp-pba-2026-08-28/,"Equitable Holdings Inc. has acquired a new position in Pembina Pipeline Corp., purchasing 61,864 shares valued at approximately $2.86 million during the second quarter. Other institutional investors also adjusted their holdings, with overall institutional ownership at 55.37%. Analysts maintain a ""Moderate Buy"" consensus rating for Pembina Pipeline, despite mixed recent ratings, and the company recently declared a quarterly dividend of $0.735 per share, representing a 6.1% annualized yield.",0.240185,Somewhat-Bullish,0.648039,0.227776,Somewhat-Bullish
20260828T220545,AMD,Advanced Micro Devices,"Allworth Financial LP Makes New $8.61 Million Investment in PepsiCo, Inc. $PEP",MarketBeat,https://www.marketbeat.com/instant-alerts/filing-allworth-financial-lp-makes-new-861-million-investment-in-pepsico-inc-pep-2026-08-28/,"Allworth Financial LP recently invested $8.61 million in PepsiCo, acquiring 63,565 shares during the second quarter, bringing institutional ownership in PepsiCo to 73.07%. PepsiCo exceeded Q2 earnings expectations with $2.20 EPS and $24.18 billion in revenue, also declaring a quarterly dividend of $1.48 per share. Analysts currently maintain a consensus ""Hold"" rating for the stock with an average price target of $157.90.",0.173192,Somewhat-Bullish,0.568968,0.122961,Neutral
20260828T222539,AMD,Advanced Micro Devices,"Technology Crossover Management IX Ltd. Invests $21.73 Million in Peloton Interactive, Inc. $PTON",MarketBeat,https://www.marketbeat.com/instant-alerts/filing-technology-crossover-management-ix-ltd-invests-2173-billion-in-peloton-interactive-inc-pton-2026-08-19/,"Technology Crossover Management IX Ltd. has acquired a new stake in Peloton Interactive, Inc. (NASDAQ:PTON) during the second quarter, purchasing over 3.6 million shares valued at approximately $21.73 million. This investment makes Peloton the fund's fifth-largest position, representing about 0.0% of its total portfolio. The article also details other institutional investor activity, analyst ratings, price performance, and recent insider transactions for Peloton Interactive.",0.241009,Somewhat-Bullish,0.566299,0.200804,Somewhat-Bullish
20260828T223324,AMD,Advanced Micro Devices,"Jupiter Topco LLC Invests $45.42 Million in LiveRamp Holdings, Inc. $RAMP",MarketBeat,https://www.marketbeat.com/instant-alerts/filing-jupiter-topco-llc-invests-4542-million-in-liveramp-holdings-inc-ramp-2026-08-28/,"Jupiter Topco LLC has acquired a significant new stake of 1.21 million shares, valued at approximately $45.42 million, in LiveRamp Holdings, Inc. This investment represents about 1.99% of the company, with institutional investors now collectively owning 93.83% of the stock. LiveRamp recently surpassed quarterly earnings estimates with an EPS of $0.65 and reported a 9.9% year-over-year revenue increase, although analysts maintain a cautious ""Hold"" rating with a target price of $40.21.",0.229305,Somewhat-Bullish,0.647334,0.181596,Somewhat-Bullish
20260828T223621,AMD,Advanced Micro Devices,"Deutsche Bank AG Purchases Shares of 206,774 Redwire Corporation $RDW",MarketBeat,https://www.marketbeat.com/instant-alerts/filing-deutsche-bank-ag-purchases-shares-of-206774-redwire-corporation-rdw-2026-08-28/,"Deutsche Bank AG recently acquired 206,774 shares of Redwire Corporation (NYSE: RDW) during the second quarter, valued at approximately $2.53 million, giving it a 0.09% stake in the company. Other institutional investors also adjusted their holdings, with hedge funds and institutional investors collectively owning 8.10% of the stock. Analyst sentiment for Redwire is mixed but leans positive, with a ""Hold"" consensus rating and an average price target of $14.44, following strong quarterly results that surpassed revenue and EPS expectations.",0.276297,Somewhat-Bullish,0.569426,0.163147,Somewhat-Bullish
20260828T223643,AMD,Advanced Micro Devices,Dr. Reddy's Laboratories Ltd $RDY Shares Sold by Bank of America Corp DE,MarketBeat,https://www.marketbeat.com/instant-alerts/filing-dr-reddys-laboratories-ltd-rdy-shares-sold-by-bank-of-america-corp-de-2026-08-28/,"Bank of America Corp DE significantly reduced its stake in Dr. Reddy's Laboratories Ltd (NYSE:RDY) by 24.5% in the first quarter of 2026, selling over 121,000 shares. Despite this, other institutional investors like Royal Bank of Canada, Aikya Investment Management, and Bessemer Group increased their holdings. The company's recent quarterly earnings missed analyst estimates, and analyst sentiment remains cautious, with ratings largely ""Hold"" or ""Sell.""",-0.113488,Neutral,0.559729,0.154100,Somewhat-Bullish
20260828T223855,AMD,Advanced Micro Devices,"147,500 Shares in REX American Resources Corporation $REX Acquired by AWH Capital L.P.",MarketBeat,https://www.marketbeat.com/instant-alerts/filing-awh-capital-lp-acquires-shares-of-147500-rex-american-resources-corporation-rex-2026-08-28/,"AWH Capital L.P. has acquired 147,500 shares of REX American Resources Corporation (REX), valued at approximately $6.66 million, making it their 5th largest position. This acquisition highlights continued institutional interest, despite recent insider share sales totaling over $4.6 million and a slight downgrade in rating from Weiss Ratings. REX American Resources reported better-than-expected EPS but missed revenue estimates, maintaining a consensus ""Buy"" rating among analysts.",0.133707,Neutral,0.593709,0.291942,Somewhat-Bullish
20260828T224307,AMD,Advanced Micro Devices,"2,876,965 Shares in Rivian Automotive, Inc. $RIVN Bought by Bank of New York Mellon Corp",MarketBeat,https://www.marketbeat.com/instant-alerts/filing-2876965-shares-in-rivian-automotive-inc-rivn-bought-by-bank-of-new-york-mellon-corp-2026-08-28/,"Bank of New York Mellon Corp recently acquired a new stake of 2,876,965 shares in Rivian Automotive, Inc. (NASDAQ:RIVN) worth approximately $49.9 million during the second quarter. Despite Rivian reporting a quarterly loss of $0.63 per share, exceeding expectations, and showing a 27.2% year-over-year revenue increase, the company remains unprofitable with mixed analyst sentiment resulting in a consensus ""Hold"" rating. Investor concerns include recent insider selling and the upcoming departure of CFO Claire McDonough, even as the company prepares to boost production of its R2 SUV.",0.175988,Somewhat-Bullish,0.626339,0.315186,Somewhat-Bullish
20260828T224401,AMD,Advanced Micro Devices,"Bank of America Corp DE Purchases 1,299,828 Shares of RLX Technology Inc. Sponsored ADR $RLX",MarketBeat,https://www.marketbeat.com/instant-alerts/filing-bank-of-america-corp-de-purchases-1299828-shares-of-rlx-technology-inc-sponsored-adr-rlx-2026-08-28/,"Bank of America Corp DE significantly increased its stake in RLX Technology Inc. Sponsored ADR ($RLX) by purchasing an additional 1,299,828 shares, bringing its total holdings to 2,449,708 shares. This purchase occurred despite RLX Technology missing its latest quarterly earnings and revenue expectations, and the stock currently holds a ""Hold"" consensus rating with a $2.50 average price target from analysts. Other institutional investors like Vanguard Group Inc., OLP CAPITAL MANAGEMENT Ltd, and Oasis Management Co Ltd. also adjusted their positions in RLX Technology.",0.042819,Neutral,0.557214,0.293065,Somewhat-Bullish
20260828T224750,AMD,Advanced Micro Devices,"Coastal Bridge Advisors LLC Makes New Investment in Republic Services, Inc. $RSG",MarketBeat,https://www.marketbeat.com/instant-alerts/filing-coastal-bridge-advisors-llc-makes-new-investment-in-republic-services-inc-rsg-2026-08-28/,"Coastal Bridge Advisors LLC has made a new investment in Republic Services, Inc. (NYSE:RSG), purchasing 6,266 shares valued at approximately $1.34 million. This comes as Republic Services exceeded quarterly expectations, reporting strong revenue and EPS, and subsequently raised its quarterly dividend. The company maintains a ""Moderate Buy"" consensus rating from analysts, with institutional investors holding a significant 57.73% of its stock.",0.280205,Somewhat-Bullish,0.616954,0.130128,Neutral
20260828T225745,AMD,Advanced Micro Devices,Scribe Therapeutics (NASDAQ:SCTX) Trading Up 4.2% - Time to Buy?,MarketBeat,https://www.marketbeat.com/instant-alerts/price-scribe-therapeutics-nasdaq-sctx-trading-up-42-time-to-buy-2026-08-28/,"Scribe Therapeutics (NASDAQ:SCTX) saw its shares rise 4.2% to $30.04 during midday trading, despite a significant drop in trading volume. Analysts are largely bullish on the company, with an average ""Buy"" rating and a $49.00 price target. Insider activity also shows strong buying interest, with directors acquiring 3.7 million shares worth approximately $56.3 million in the last 90 days.",0.431816,Bullish,0.580724,0.342460,Somewhat-Bullish
20260828T225913,AMD,Advanced Micro Devices,"1,302,103 Shares in SolarEdge Technologies, Inc. $SEDG Acquired by Legal & General Group Plc",MarketBeat,https://www.marketbeat.com/instant-alerts/filing-1302103-shares-in-solaredge-technologies-inc-sedg-acquired-by-legal-general-group-plc-2026-08-28/,"Legal & General Group Plc has acquired a new position of 1,302,103 shares in SolarEdge Technologies, Inc. (NASDAQ:SEDG) during the second quarter, valued at approximately $76.1 million, giving them a 2.12% stake. This comes as SolarEdge recently surpassed quarterly earnings expectations and its stock received an upgrade from UBS, citing potential benefits from new U.S. inverter import curbs. Despite positive developments, the stock faces concerns regarding its valuation and expected full-year losses, leading to a mixed outlook from analysts.",0.127084,Neutral,0.631597,0.124259,Neutral
20260828T230752,AMD,Advanced Micro Devices,"211,153 Shares in Southern Missouri Bancorp, Inc. $SMBC Bought by Raffles Associates LP",MarketBeat,https://www.marketbeat.com/instant-alerts/filing-211153-shares-in-southern-missouri-bancorp-inc-smbc-bought-by-raffles-associates-lp-2026-08-28/,"Raffles Associates LP recently acquired 211,153 shares of Southern Missouri Bancorp, Inc. (NASDAQ:SMBC) for approximately $16.1 million, making it their largest holding. Southern Missouri Bancorp reported strong quarterly earnings, beating expectations with $1.83 EPS and $51.77 million in revenue, and increased its quarterly dividend to $0.27 per share. Analysts generally maintain a ""Hold"" rating on SMBC with a consensus price target of $83.67, while institutional investors own nearly half of the company's stock.",0.388434,Bullish,0.591722,0.302158,Somewhat-Bullish
20260828T231927,AMD,Advanced Micro Devices,The Manufacturers Life Insurance Company Invests $19.32 Million in 1st Source Corporation $SRCE,MarketBeat,https://www.marketbeat.com/instant-alerts/filing-the-manufacturers-life-insurance-company-invests-1932-million-in-1st-source-corporation-srce-2026-08-28/,"The Manufacturers Life Insurance Company acquired 236,806 shares of 1st Source Corporation (NASDAQ:SRCE) in the second quarter, valued at approximately $19.32 million. This investment represents about 0.98% of the company, with institutional investors collectively owning 74.45% of the stock. 1st Source Corporation has shown strong financial performance, exceeding earnings expectations and raising its quarterly dividend.",0.342135,Somewhat-Bullish,0.562744,0.260221,Somewhat-Bullish
20260828T232254,AMD,Advanced Micro Devices,"Jupiter Topco LLC Takes $59.36 Million Position in Stoke Therapeutics, Inc. $STOK",MarketBeat,https://www.marketbeat.com/instant-alerts/filing-jupiter-topco-llc-takes-5936-million-position-in-stoke-therapeutics-inc-stok-2026-08-28/,"Jupiter Topco LLC recently acquired a significant position in Stoke Therapeutics, Inc. (NASDAQ:STOK), purchasing 1.81 million shares valued at approximately $59.36 million. This makes Jupiter Topco LLC a 2.81% stakeholder in the company. Despite missing earnings per share estimates, Stoke Therapeutics' revenue exceeded expectations, and analysts generally maintain a ""Moderate Buy"" rating with a consensus target price of $44.25.",0.241574,Somewhat-Bullish,0.520826,0.289466,Somewhat-Bullish
20260828T232321,AMD,Advanced Micro Devices,"PMEquitable Holdings Inc. Purchases New Shares in Sterling Infrastructure, Inc. $STRL",MarketBeat,https://www.marketbeat.com/instant-alerts/filing-equitable-holdings-inc-purchases-new-shares-in-sterling-infrastructure-inc-strl-2026-08-28/,"Equitable Holdings Inc. has acquired a new stake of 5,971 shares in Sterling Infrastructure, Inc. (NASDAQ:STRL) valued at approximately $5.0 million during the second quarter. This move comes as several other institutional investors have also adjusted their holdings in the construction company, which recently reported strong quarterly earnings with an EPS of $5.80 and revenue of $1.17 billion. Analyst sentiment remains largely positive, maintaining a ""Moderate Buy"" rating for STRL despite some price target adjustments.",0.189937,Somewhat-Bullish,0.633343,0.110155,Neutral
20260828T232523,AMD,Advanced Micro Devices,"Legal & General Group Plc Acquires Shares of 1,023,572 Sun Communities, Inc. $SUI",MarketBeat,https://www.marketbeat.com/instant-alerts/filing-legal-general-group-plc-acquires-shares-of-1023572-sun-communities-inc-sui-2026-08-28/,"Legal & General Group Plc recently acquired over 1 million shares of Sun Communities, Inc. (NYSE:SUI), valued at approximately $122.7 million, representing a 0.84% stake in the REIT. Despite high institutional ownership and a ""Moderate Buy"" analyst consensus, director Gary A. Shiffman sold 25,031 shares, while the company declared a quarterly dividend of $1.12 per share. Sun Communities specializes in manufactured housing, RV resorts, and marinas, with its stock currently trading at $123.36 and offering a 3.6% dividend yield.",0.187826,Somewhat-Bullish,0.639571,0.148688,Neutral
20260828T232700,AMD,Advanced Micro Devices,"Ieq Capital LLC Invests $990,000 in Savers Value Village, Inc. $SVV",MarketBeat,https://www.marketbeat.com/instant-alerts/filing-ieq-capital-llc-invests-990000-in-savers-value-village-inc-svv-2026-08-28/,"Ieq Capital LLC has made a new investment of $990,000 in Savers Value Village, Inc. (NYSE:SVV), acquiring 98,075 shares during the second quarter, representing about 0.06% of the company's stock. Other institutional investors also increased their holdings, bringing total institutional ownership to 98.78%. Despite mixed analyst ratings, the company recently met EPS expectations and saw a 7.4% year-over-year revenue increase.",0.079872,Neutral,0.574319,0.001422,Neutral
20260828T233057,AMD,Advanced Micro Devices,"Deutsche Bank AG Purchases Shares of 28,989 Stock Yards Bancorp, Inc. $SYBT",MarketBeat,https://www.marketbeat.com/instant-alerts/filing-deutsche-bank-ag-purchases-shares-of-28989-stock-yards-bancorp-inc-sybt-2026-08-28/,"Deutsche Bank AG recently acquired 28,989 shares of Stock Yards Bancorp, Inc. (NASDAQ:SYBT) valued at approximately $2.2 million, as institutional investors now hold 56.46% of the company. Stock Yards Bancorp exceeded Q2 earnings expectations with an EPS of $1.31 and revenue of $114.71 million, and subsequently raised its quarterly dividend to $0.33 per share. Analysts generally maintain a ""Hold"" rating on the stock with a consensus price target of $88.00.",0.181469,Somewhat-Bullish,0.603785,0.131880,Neutral
20260828T233750,AMD,Advanced Micro Devices,"Man Group plc Takes $16.56 Million Position in Take-Two Interactive Software, Inc. $TTWO",MarketBeat,https://www.marketbeat.com/instant-alerts/filing-man-group-plc-takes-1656-million-position-in-take-two-interactive-software-inc-ttwo-2026-08-28/,"Man Group plc has acquired a new position of 66,242 shares in Take-Two Interactive Software, Inc. (TTWO), valued at approximately $16.56 million, during the second quarter. This move comes as institutional investors and hedge funds collectively own 95.46% of the company's stock. Despite Take-Two missing EPS estimates for its latest quarter, analysts maintain a ""Moderate Buy"" rating with an average price target of $296.95, significantly above its current trading price.",0.139297,Neutral,0.539697,0.136022,Neutral
20260828T234033,AMD,Advanced Micro Devices,"Capstone Investment Advisors LLC Invests $1.54 Million in Grand Canyon Education, Inc. $LOPE",MarketBeat,https://www.marketbeat.com/instant-alerts/filing-capstone-investment-advisors-llc-invests-154-million-in-grand-canyon-education-inc-lope-2026-08-28/,"Capstone Investment Advisors LLC has acquired 10,789 shares of Grand Canyon Education, Inc. (NASDAQ:LOPE) worth approximately $1.54 million during the second quarter. Institutional investors collectively own 94.17% of the company, which holds a ""Moderate Buy"" rating from analysts with an average price target of $161.67. Grand Canyon Education recently exceeded quarterly earnings expectations, reporting EPS of $1.81 and revenue of $264.05 million.",0.369399,Bullish,0.565940,0.226207,Somewhat-Bullish
20260828T234809,AMD,Advanced Micro Devices,"Empowered Funds LLC Invests $37.69 Million in Tapestry, Inc. $TPR",MarketBeat,https://www.marketbeat.com/instant-alerts/filing-empowered-funds-llc-invests-3769-million-in-tapestry-inc-tpr-2026-08-28/,"Empowered Funds LLC has made a significant investment in Tapestry, Inc. (NYSE:TPR), purchasing 257,479 shares valued at $37.69 million during the second quarter. This move highlights institutional confidence, as 90.77% of the company is owned by institutional investors. Despite some recent analyst price target adjustments, Tapestry maintains a ""Moderate Buy"" consensus rating and has exceeded quarterly earnings expectations, while also increasing its quarterly dividend.",0.2167,Somewhat-Bullish,0.639603,0.101200,Neutral
20260828T235324,AMD,Advanced Micro Devices,"Harvey Capital Management Inc. Takes Position in Take-Two Interactive Software, Inc. $TTWO",MarketBeat,https://www.marketbeat.com/instant-alerts/filing-harvey-capital-management-inc-takes-position-in-take-two-interactive-software-inc-ttwo-2026-08-28/,"Harvey Capital Management Inc. has acquired a new position in Take-Two Interactive Software (NASDAQ:TTWO), purchasing 30,580 shares valued at approximately $7.64 million, making it 1.6% of their portfolio. Despite the company missing EPS estimates in its Q1 results, analysts maintain a ""Moderate Buy"" rating with an average price target of $296.95. Institutional investors and hedge funds collectively own 95.46% of the company, though insiders have sold a significant amount of stock recently.",0.214083,Somewhat-Bullish,0.602164,0.303486,Somewhat-Bullish
20260828T235549,AMD,Advanced Micro Devices,"Glenview Trust Co Purchases Shares of 47,420 Texas Roadhouse, Inc. $TXRH",MarketBeat,https://www.marketbeat.com/instant-alerts/filing-glenview-trust-co-purchases-shares-of-47420-texas-roadhouse-inc-txrh-2026-08-28/,"Glenview Trust Co. has acquired 47,420 shares of Texas Roadhouse, Inc. (TXRH) valued at approximately $9.16 million, increasing institutional ownership in the company. Texas Roadhouse reported strong quarterly earnings, beating analyst estimates with $1.85 EPS and an 11.1% revenue increase, and declared a quarterly dividend of $0.75 per share. Despite recent insider selling, analysts maintain a ""Moderate Buy"" rating with an average price target of $208.48.",0.173317,Somewhat-Bullish,0.552746,0.241763,Somewhat-Bullish
20260828T235956,AMD,Advanced Micro Devices,"The Manufacturers Life Insurance Company Purchases Shares of 226,519 Unum Group $UNM",MarketBeat,https://www.marketbeat.com/instant-alerts/filing-the-manufacturers-life-insurance-company-purchases-shares-of-226519-unum-group-unm-2026-08-28/,"The Manufacturers Life Insurance Company recently acquired 226,519 shares of Unum Group (NYSE:UNM), valued at approximately $20.3 million. This acquisition is part of broader institutional investment, with such investors now owning 86.57% of the company. Unum Group also reported strong quarterly earnings, met analyst estimates, and announced a $1 billion share repurchase program and a dividend increase.",0.352928,Bullish,0.554458,0.296142,Somewhat-Bullish
20260829T000014,AMD,Advanced Micro Devices,"Connor Clark & Lunn Investment Management Ltd. Makes New Investment in Unity Bancorp, Inc. $UNTY",MarketBeat,https://www.marketbeat.com/instant-alerts/filing-connor-clark-lunn-investment-management-ltd-makes-new-investment-in-unity-bancorp-inc-unty-2026-08-29/,"Connor Clark & Lunn Investment Management Ltd. has acquired a new stake in Unity Bancorp, Inc. (NASDAQ:UNTY), purchasing 41,061 shares valued at approximately $2.41 million. This investment represents a 0.41% ownership in the company, with institutional investors now collectively holding 42.31% of the stock. Analysts maintain a ""Buy"" rating for Unity Bancorp with an average price target of $65.50, and the company recently increased its quarterly dividend to $0.17 per share.",0.162714,Somewhat-Bullish,0.602153,0.128473,Neutral
20260829T000840,AMD,Advanced Micro Devices,"North Star Asset Management Inc. Acquires Shares of 252,542 Vertex, Inc. $VERX",MarketBeat,https://www.marketbeat.com/instant-alerts/filing-north-star-asset-management-inc-acquires-shares-of-252542-vertex-inc-verx-2026-08-28/,"North Star Asset Management Inc. has acquired 252,542 shares of Vertex, Inc. (NASDAQ:VERX) during the second quarter, representing a stake valued at approximately $2.9 million. Vertex has shown strong financial performance, exceeding quarterly expectations with adjusted EPS of $0.20 and revenue of $203.97 million, leading to an average analyst price target of $17.43 against its recent share price of $14.30. Institutional investors and hedge funds collectively own 70.32% of the company's stock.",0.133907,Neutral,0.640540,0.134752,Neutral
20260829T001622,AMD,Advanced Micro Devices,"Public Employees Retirement System of Ohio Invests $61.49 Million in Ventas, Inc. $VTR",MarketBeat,https://www.marketbeat.com/instant-alerts/filing-public-employees-retirement-system-of-ohio-invests-6149-million-in-ventas-inc-vtr-2026-08-28/,"The Public Employees Retirement System of Ohio has invested $61.49 million in Ventas, Inc. (NYSE:VTR), acquiring 692,476 shares, which represents a 0.13% stake in the healthcare REIT. This move is part of broader institutional interest, with such investors collectively owning 94.18% of Ventas. Analysts maintain a ""Moderate Buy"" consensus for the stock, forecasting an average price target of $98.00, following Ventas's strong Q2 earnings that surpassed expectations.",0.399483,Bullish,0.637881,0.205320,Somewhat-Bullish
20260829T002233,AMD,Advanced Micro Devices,Ancora Advisors LLC Invests $1.59 Million in Welltower Inc. $WELL,MarketBeat,https://www.marketbeat.com/instant-alerts/filing-ancora-advisors-llc-invests-159-million-in-welltower-inc-well-2026-08-28/,"Ancora Advisors LLC has initiated a new position in Welltower Inc. (NYSE:WELL) by purchasing 7,005 shares valued at $1.59 million during the second quarter. Welltower, a healthcare REIT, has seen significant institutional investment, with analysts maintaining a ""Moderate Buy"" rating and several firms raising their price targets. The company recently increased its quarterly dividend to $0.85 per share, reflecting an annualized payout of $3.40 and a 1.4% yield, despite reporting an earnings miss but a 39.1% year-over-year revenue increase.",0.370437,Bullish,0.632791,0.281070,Somewhat-Bullish
20260829T002406,AMD,Advanced Micro Devices,"Deutsche Bank AG Buys Shares of 29,202 Wyndham Hotels & Resorts $WH",MarketBeat,https://www.marketbeat.com/instant-alerts/filing-deutsche-bank-ag-buys-shares-of-29202-wyndham-hotels-resorts-wh-2026-08-28/,"Deutsche Bank AG acquired 29,202 shares of Wyndham Hotels & Resorts, valued at approximately $2.46 million, during the second quarter. This purchase contributes to the 93.46% institutional ownership of the company. Wyndham Hotels & Resorts recently reported quarterly EPS of $1.48, surpassing estimates, and declared a $0.43 quarterly dividend, with analysts maintaining a ""Moderate Buy"" consensus and a $95.91 average price target.",0.100538,Neutral,0.611460,0.385626,Bullish
20260829T002722,AMD,Advanced Micro Devices,"Bank of America Corp DE Purchases 29,806 Shares of Weis Markets, Inc. $WMK",MarketBeat,https://www.marketbeat.com/instant-alerts/filing-bank-of-america-corp-de-purchases-29806-shares-of-weis-markets-inc-wmk-2026-08-28/,"Bank of America Corp DE increased its stake in Weis Markets, Inc. (NYSE:WMK) by 69.3% in the first quarter, purchasing an additional 29,806 shares, bringing its total holdings to 72,810 shares valued at approximately $4.98 million. Other institutional investors have also adjusted their positions in WMK, and Weiss Ratings upgraded the stock to ""buy (b)"". Weis Markets reported quarterly earnings of $0.92 per share on $1.28 billion in revenue and maintains a quarterly dividend of $0.34 per share, representing a 1.9% yield.",0.333657,Somewhat-Bullish,0.554835,0.252043,Somewhat-Bullish
20260829T003037,AMD,Advanced Micro Devices,Willis Towers Watson Public Limited Company (NASDAQ:WTW) to Issue Quarterly Dividend of $0.96,MarketBeat,https://www.marketbeat.com/instant-alerts/dividend-willis-towers-watson-public-limited-company-nasdaq-wtw-to-issue-quarterly-dividend-of-096-2026-08-28/,"Willis Towers Watson Public Limited Company (NASDAQ:WTW) has declared a quarterly dividend of $0.96 per share, payable on October 15th to shareholders of record by September 30th. This translates to an annualized dividend of $3.84 and a yield of 1.1%, marking the company's eighth consecutive year of dividend increases. The company's strong financial performance, with quarterly earnings of $3.35 per share and revenue up 9.1% year-over-year, indicates the dividend is well-covered with a low payout ratio of 20.2%.",0.239498,Somewhat-Bullish,0.587608,0.143016,Neutral
20260829T003140,AMD,Advanced Micro Devices,Value Aligned Research Advisors LLC Makes New Investment in Hallador Energy Company $HNRG,MarketBeat,https://www.marketbeat.com/instant-alerts/filing-value-aligned-research-advisors-llc-makes-new-investment-in-hallador-energy-company-hnrg-2026-08-28/,"Value Aligned Research Advisors LLC recently acquired 320,759 shares of Hallador Energy Company (NASDAQ:HNRG) worth approximately $5.58 million, representing a 0.68% stake. This investment highlights continued institutional interest in HNRG, even as analyst sentiment is mixed, with an average ""Moderate Buy"" rating despite recent downgrades. Insiders have also been active, purchasing 35,000 shares totaling $589,170 in the last 90 days.",0.084136,Neutral,0.613762,0.117834,Neutral
20260829T003616,AMD,Advanced Micro Devices,"Man Group plc Makes New Investment in XPO, Inc. $XPO",MarketBeat,https://www.marketbeat.com/instant-alerts/filing-man-group-plc-makes-new-investment-in-xpo-inc-xpo-2026-08-28/,"Man Group plc has acquired a new stake in XPO, Inc. (NYSE:XPO), purchasing 77,013 shares valued at approximately $15.81 million, now holding 0.07% of the company. Institutional investors and hedge funds collectively own 97.73% of XPO. Despite recent trading below its 50- and 200-day moving averages, analyst sentiment remains positive with a ""Moderate Buy"" rating and an average price target of $225.86, following strong quarterly earnings that surpassed estimates.",0.167773,Somewhat-Bullish,0.587093,0.167508,Somewhat-Bullish
20260829T012750,AMD,Advanced Micro Devices,Bank of New York Mellon Corp Invests $49.68 Million in Murphy Oil Corporation $MUR,MarketBeat,https://www.marketbeat.com/instant-alerts/filing-bank-of-new-york-mellon-corp-invests-4968-million-in-murphy-oil-corporation-mur-2026-08-28/,"Bank of New York Mellon Corp has acquired 1.53 million shares of Murphy Oil Corporation, valued at approximately $49.68 million, representing a 1.06% stake in the company. Other institutional investors have also adjusted their holdings in Murphy Oil, which reported increased quarterly revenue but slightly missed earnings expectations. Analysts currently hold an average ""Hold"" rating on Murphy Oil with a consensus price target of $37.58.",0.083826,Neutral,0.565741,0.126393,Neutral
20260829T013004,AMD,Advanced Micro Devices,"XXEC Inc. Acquires New Shares in McCormick & Company, Incorporated $MKC",MarketBeat,https://www.marketbeat.com/instant-alerts/filing-xxec-inc-acquires-new-shares-in-mccormick-company-incorporated-mkc-2026-08-28/,"XXEC Inc. recently acquired 24,927 shares of McCormick & Company, Incorporated (NYSE:MKC) valued at approximately $1.2 million, making it their 26th largest holding. Institutional investors collectively own 79.74% of MKC, while analyst sentiment is mixed, with a consensus ""Hold"" rating and an average price target of $60.50. McCormick exceeded Q2 earnings expectations and maintains a quarterly dividend of $0.48 per share, yielding 3.5%.",0.185953,Somewhat-Bullish,0.580717,0.256140,Somewhat-Bullish
20260829T024947,AMD,Advanced Micro Devices,"Sanctuary Advisors LLC Buys Shares of 11,676 MarketAxess Holdings Inc. $MKTX",MarketBeat,https://www.marketbeat.com/instant-alerts/filing-sanctuary-advisors-llc-buys-shares-of-11676-marketaxess-holdings-inc-mktx-2026-08-28/,"Sanctuary Advisors LLC recently acquired 11,676 shares of MarketAxess Holdings Inc. (NASDAQ:MKTX) worth approximately $1.325 million in the second quarter. The financial services provider's stock is largely owned by institutional investors and hedge funds, collectively holding 99.01%. Despite exceeding recent quarterly earnings expectations with an EPS of $1.95 and revenue of $218.41 million, the company holds a consensus ""Hold"" rating from analysts with an average price target of $156.10, and declared a quarterly dividend of $0.78 per share.",0.13084,Neutral,0.631015,0.144578,Neutral
20260829T101226,AMD,Advanced Micro Devices,North Star Asset Management Inc. Takes Position in Emerson Electric Co. $EMR,MarketBeat,https://www.marketbeat.com/instant-alerts/filing-north-star-asset-management-inc-takes-position-in-emerson-electric-co-emr-2026-08-28/,"North Star Asset Management Inc. has acquired a new position in Emerson Electric Co. (NYSE:EMR), purchasing 10,245 shares valued at approximately $1.47 million. This move is part of broader institutional investment, with 74.3% of EMR stock owned by institutional investors and hedge funds. Emerson Electric recently exceeded quarterly earnings expectations, reporting $1.71 EPS against a $1.68 consensus, and analysts maintain a ""Moderate Buy"" rating for the company.",0.295083,Somewhat-Bullish,0.563366,0.125582,Neutral
20260829T125539,AMD,Advanced Micro Devices,"Livforsakringsbolaget Skandia Omsesidigt Purchases Shares of 51,560 Cummins Inc. $CMI",MarketBeat,https://www.marketbeat.com/instant-alerts/filing-livforsakringsbolaget-skandia-omsesidigt-purchases-shares-of-51560-cummins-inc-cmi-2026-08-29/,"Livforsakringsbolaget Skandia Omsesidigt recently acquired 51,560 shares of Cummins Inc. (NYSE:CMI), valued at approximately $36.75 million, making it their 19th largest holding. Institutional investors collectively own 83.46% of Cummins. The company reported strong quarterly revenue growth and an increased dividend, despite missing EPS estimates, and analysts maintain a generally positive outlook with a ""Moderate Buy"" rating.",0.198799,Somewhat-Bullish,0.551398,0.117411,Neutral
20260829T151756,AMD,Advanced Micro Devices,"Sunbelt Rentals Holdings, Inc. Common Stock Target of Unusually Large Options Trading (NYSE:SUNB)",MarketBeat,https://www.marketbeat.com/instant-alerts/options-sunbelt-rentals-holdings-inc-common-stock-target-of-unusually-large-options-trading-nyse-sunb-2026-08-28/,"Sunbelt Rentals Holdings, Inc. (NYSE:SUNB) experienced unusually large options trading, with call option volume surging 472% above typical levels. This comes despite mixed analyst sentiment, with the stock holding a consensus ""Hold"" rating and an average price target of $84. The company's shares declined by 1.6% to $72.46, and it pays a $0.75 quarterly dividend, resulting in a 4.1% yield.",0.144422,Neutral,0.566037,0.219476,Somewhat-Bullish
20260829T154823,AMD,Advanced Micro Devices,Adient (NYSE:ADNT) Stock Price Passes Below 50-Day Moving Average - Time to Sell?,MarketBeat,https://www.marketbeat.com/instant-alerts/price-adient-nyse-adnt-stock-price-passes-below-50-day-moving-average-time-to-sell-2026-08-29/,"Adient (NYSE:ADNT) shares recently fell below their 50-day moving average, trading at $19.09 against an average of $19.76. Analyst sentiment is mixed, with an overall ""Hold"" rating but some firms lowering price targets and Zacks downgrading it to ""Strong Sell."" The company beat revenue expectations but missed quarterly EPS estimates, and an executive sold a significant number of shares, while institutional investors hold a large stake.",-0.022567,Neutral,0.591635,0.211476,Somewhat-Bullish
20260829T154950,AMD,Advanced Micro Devices,MASTERINVEST Kapitalanlage GmbH Takes $1.04 Million Position in Archer Daniels Midland Company $ADM,MarketBeat,https://www.marketbeat.com/instant-alerts/filing-masterinvest-kapitalanlage-gmbh-takes-104-million-position-in-archer-daniels-midland-company-adm-2026-08-29/,"MASTERINVEST Kapitalanlage GmbH has taken a new position of 13,559 shares, valued at $1.04 million, in Archer Daniels Midland Company (NYSE:ADM) during the second quarter. Other institutional investors have also adjusted their holdings in ADM, which collectively now own 78.28% of the company's stock. Archer Daniels Midland reported strong quarterly earnings, beating estimates with an EPS of $1.84 and a 7.2% revenue increase year-over-year, and declared a quarterly dividend of $0.52 per share.",0.223914,Somewhat-Bullish,0.599867,0.246488,Somewhat-Bullish
20260829T161355,AMD,Advanced Micro Devices,"Allstate Corp Reduces Holdings in Advanced Micro Devices, Inc. $AMD",MarketBeat,https://www.marketbeat.com/instant-alerts/filing-allstate-corp-reduces-holdings-in-advanced-micro-devices-inc-amd-2026-08-29/,"Allstate Corp has reduced its stake in Advanced Micro Devices (AMD) by 6.1% in the second quarter of 2026, selling 10,187 shares but still holding 156,785 shares valued at approximately $91.1 million. Despite this reduction and some insider selling, AMD reported strong quarterly results with revenue up 50.1% year-over-year and analysts maintain a ""Moderate Buy"" rating with an average price target of $553.72. The company faces competitive and tariff-related risks but continues to see strong prospects in AI and data center growth.",0.047458,Neutral,1.000000,0.120860,Neutral
20260829T162439,AMD,Advanced Micro Devices,RB Capital Management LLC Takes $5.84 Million Position in Amgen Inc. $AMGN,MarketBeat,https://www.marketbeat.com/instant-alerts/filing-rb-capital-management-llc-takes-584-million-position-in-amgen-inc-amgn-2026-08-29/,"RB Capital Management LLC has acquired a new position in Amgen Inc. by purchasing 16,121 shares valued at $5.84 million during the second quarter, making it their 20th largest holding. Several other institutional investors also increased their stakes, bringing total institutional ownership to 76.5%. Amgen's recent financial performance exceeded expectations, with strong Q2 earnings and revenue growth, and positive Phase 3 results for Tezspire, though analyst ratings remain mixed with a consensus ""Hold.""",0.291332,Somewhat-Bullish,0.636046,0.304629,Somewhat-Bullish
20260829T162659,AMD,Advanced Micro Devices,"Axon Enterprise, Inc $AXON Shares Sold by Wellington Management Group LLP",MarketBeat,https://www.marketbeat.com/instant-alerts/filing-axon-enterprise-inc-axon-shares-sold-by-wellington-management-group-llp-2026-08-29/,"Wellington Management Group LLP reduced its stake in Axon Enterprise, Inc (AXON) by 13% in the second quarter of 2026, selling over 314,000 shares but still retaining a significant holding worth approximately $1.18 billion. The article highlights that institutional investors own 79.08% of AXON, while insiders have recently sold shares totaling over $41 million. Despite these sales and a high P/E ratio, analysts maintain a ""Moderate Buy"" consensus for Axon, with an average price target of $730.92, following strong quarterly earnings that exceeded estimates.",0.033139,Neutral,0.590213,0.238232,Somewhat-Bullish
20260829T162912,AMD,Advanced Micro Devices,"1,844,049 Shares in AnaptysBio, Inc. $ANAB Bought by BlackRock Inc.",MarketBeat,https://www.marketbeat.com/instant-alerts/filing-1844049-shares-in-anaptysbio-inc-anab-bought-by-blackrock-inc-2026-08-29/,"BlackRock Inc. has acquired 1,844,049 shares of AnaptysBio, Inc. (NASDAQ:ANAB) in the second quarter, representing a 6.23% ownership stake valued at approximately $124.5 million. AnaptysBio, a clinical-stage biotechnology company, has a market capitalization of $1.67 billion and its shares opened at $56.28. Despite some recent analyst downgrades, the stock maintains a ""Moderate Buy"" consensus rating with an average price target of $80.00.",0.324973,Somewhat-Bullish,0.581869,0.202817,Somewhat-Bullish
20260829T164306,AMD,Advanced Micro Devices,IBM Introduces New Mainframe Processor Combining Its Own Tech With Arm Architecture,Yahoo Finance,https://finance.yahoo.com/technology/articles/ibm-introduces-mainframe-processor-combining-030048930.html,"IBM has introduced a new dual-architecture processor for its Z and LinuxONE mainframes, integrating its own technology with Arm architecture. This chip, built on a 2-nanometer process, aims to expand the software ecosystem available on IBM's mainframe platform by allowing Arm workloads to run directly, while also bringing IBM's enterprise-grade security to Arm applications. The collaboration between IBM and Arm seeks to push Arm into the enterprise and data-center computing market, although its success hinges on customer adoption and proving the viability of this dual-architecture approach.",0.2682,Somewhat-Bullish,0.572236,0.145992,Neutral
20260829T164716,AMD,Advanced Micro Devices,AerSale (NASDAQ:ASLE) Stock Rating Lowered by Zacks Research,MarketBeat,https://www.marketbeat.com/instant-alerts/analyst-aersale-nasdaq-asle-stock-rating-lowered-by-zacks-research-2026-08-29/,"Zacks Research downgraded AerSale (NASDAQ:ASLE) from a ""hold"" to a ""strong sell"" rating, with other analysts also issuing negative or neutral ratings, resulting in an average ""Reduce"" rating and a target price of $6.83. This follows AerSale reporting weaker-than-expected quarterly results, including an adjusted loss of $0.09 per share and revenue of $70.93 million, both missing consensus estimates. Insider trading activity showed sales of 21,316 shares worth $135,160 over the past three months, though institutional investors hold a significant 69.48% stake in the company.",-0.100826,Neutral,0.594171,0.236657,Somewhat-Bullish
20260829T165043,AMD,Advanced Micro Devices,Jupiter Topco LLC Acquires New Stake in International Flavors & Fragrances Inc. $IFF,MarketBeat,https://www.marketbeat.com/instant-alerts/filing-jupiter-topco-llc-acquires-new-stake-in-international-flavors-fragrances-inc-iff-2026-08-29/,"Jupiter Topco LLC has acquired a new stake in International Flavors & Fragrances Inc. (IFF), purchasing over 408,000 shares valued at approximately $32.3 million. This new position represents a 0.16% stake in the specialty chemicals company. Despite missing recent earnings and revenue estimates, IFF has authorized a $2.5 billion share buyback program and maintains a ""Moderate Buy"" consensus rating from analysts with an average price target of $91.40.",0.064175,Neutral,0.595737,0.204264,Somewhat-Bullish
20260829T165240,AMD,Advanced Micro Devices,"Van ECK Associates Corp Sells 3,602,447 Shares of Kenvue Inc. $KVUE",MarketBeat,https://www.marketbeat.com/instant-alerts/filing-van-eck-associates-corp-sells-3602447-shares-of-kenvue-inc-kvue-2026-08-29/,"Van ECK Associates Corp reduced its stake in Kenvue Inc. (NYSE:KVUE) by 17.5% in the second quarter, selling over 3.6 million shares and retaining approximately 17 million shares valued at $325.2 million. Despite this, institutional investors still collectively own 97.64% of Kenvue. The company reported a 3% year-over-year revenue growth to $3.96 billion but narrowly missed earnings estimates, while analysts maintain a consensus ""Hold"" rating with a $19.27 price target.",0.137298,Neutral,0.587219,0.233818,Somewhat-Bullish
20260829T165657,AMD,Advanced Micro Devices,"Hsbc Holdings PLC Buys Shares of 93,903 Astronics Corporation $ATRO",MarketBeat,https://www.marketbeat.com/instant-alerts/filing-hsbc-holdings-plc-buys-shares-of-93903-astronics-corporation-atro-2026-08-29/,"Hsbc Holdings PLC has acquired a new position in Astronics Corporation (NASDAQ:ATRO), purchasing 93,903 shares valued at approximately $7.385 million, representing about 0.22% of the company. Astronics reported strong Q2 earnings with $0.70 per share, surpassing analyst estimates, and revenue growth of 46.9% year-over-year. The company maintains a ""Buy"" rating from analysts with a consensus price target of $74.17, despite one ""Sell"" rating.",0.302275,Somewhat-Bullish,0.553449,0.240918,Somewhat-Bullish
20260829T170101,AMD,Advanced Micro Devices,"Livforsakringsbolaget Skandia Omsesidigt Purchases New Position in Axos Financial, Inc $AX",MarketBeat,https://www.marketbeat.com/instant-alerts/filing-livforsakringsbolaget-skandia-omsesidigt-purchases-new-position-in-axos-financial-inc-ax-2026-08-29/,"Livforsakringsbolaget Skandia Omsesidigt has acquired a new position in Axos Financial, Inc (NYSE:AX) during the second quarter, purchasing 44,700 shares valued at approximately $4.35 million. This makes them owners of 0.08% of Axos Financial. The company has a ""Moderate Buy"" consensus rating from analysts, with an average price target of $115.67, and recently exceeded quarterly earnings expectations.",0.214435,Somewhat-Bullish,0.593886,0.103524,Neutral
20260829T170542,AMD,Advanced Micro Devices,Man Group plc Takes $11.16 Million Position in BlackBerry Limited $BB,MarketBeat,https://www.marketbeat.com/instant-alerts/filing-man-group-plc-takes-1116-million-position-in-blackberry-limited-bb-2026-08-29/,"Man Group plc has acquired a new stake in BlackBerry Limited, purchasing 883,124 shares valued at approximately $11.16 million, representing about 0.15% of the company. Institutional investors now collectively own 54.48% of BlackBerry. Analyst sentiment for BlackBerry is mixed, with an average target price of $8.92, while the company recently reported stronger-than-expected quarterly results with EPS of $0.04 and revenue up 25.6% year over year.",0.103218,Neutral,0.596241,0.143534,Neutral
20260829T170857,AMD,Advanced Micro Devices,"298,837 Shares in Belden Inc $BDC Purchased by Bank of New York Mellon Corp",MarketBeat,https://www.marketbeat.com/instant-alerts/filing-298837-shares-in-belden-inc-bdc-purchased-by-bank-of-new-york-mellon-corp-2026-08-29/,"Bank of New York Mellon Corp has acquired 298,837 shares of Belden Inc (NYSE:BDC) worth approximately $35.8 million, establishing a 0.76% stake in the company. Institutional investors collectively own 98.75% of Belden, which recently exceeded quarterly earnings expectations with $2.34 EPS and declared a $0.05 per share dividend. Analyst sentiment is positive, with several upgrades to ""Strong Buy"" and an average price target of $160.",0.263076,Somewhat-Bullish,0.561324,0.138833,Neutral
20260829T170902,AMD,Advanced Micro Devices,Brandywine Realty Trust (NYSE:BDN) Shares Cross Above Two Hundred Day Moving Average - Here's Why,MarketBeat,https://www.marketbeat.com/instant-alerts/price-brandywine-realty-trust-nyse-bdn-shares-cross-above-two-hundred-day-moving-average-heres-why-2026-08-27/,"Brandywine Realty Trust (NYSE:BDN) shares recently crossed above their 200-day moving average, trading as high as $3.23 before closing at $3.1050, surpassing the average of $3.04. Despite this, analysts maintain a ""Reduce"" consensus rating with an average price target of $3.50, reflecting a cautious outlook. The REIT's latest quarterly results met EPS expectations with a loss of $0.18 per share, while revenue exceeded estimates at $128.92 million.",0.162183,Somewhat-Bullish,0.586056,0.223955,Somewhat-Bullish
20260829T171846,AMD,Advanced Micro Devices,"BlackRock Inc. Buys Shares of 3,937,601 Donnelley Financial Solutions $DFIN",MarketBeat,https://www.marketbeat.com/instant-alerts/filing-blackrock-inc-buys-shares-of-3937601-donnelley-financial-solutions-dfin-2026-08-29/,"BlackRock Inc. has acquired a significant stake in Donnelley Financial Solutions (NYSE:DFIN), purchasing over 3.9 million shares valued at approximately $165.2 million during the second quarter, bringing its total ownership to 16.02%. This move comes as Donnelley Financial Solutions exceeded its quarterly earnings expectations, reporting $1.76 EPS against an estimated $1.63 and a 2.8% year-over-year revenue increase. Despite mixed analyst ratings, the company holds a consensus ""Moderate Buy"" rating with an average price target of $61.",0.300225,Somewhat-Bullish,0.595325,0.319369,Somewhat-Bullish
20260829T173521,AMD,Advanced Micro Devices,Freestone Grove Partners LP Invests $3.44 Million in Boyd Gaming Corporation $BYD,MarketBeat,https://www.marketbeat.com/instant-alerts/filing-freestone-grove-partners-lp-invests-344-million-in-boyd-gaming-corporation-byd-2026-08-29/,"Freestone Grove Partners LP has acquired a new stake of 38,914 shares in Boyd Gaming Corporation (NYSE:BYD) worth approximately $3.44 million. This investment comes amidst mixed analyst ratings, with an average ""Hold"" and a price target of $94.69, and recent insider selling totaling $9.74 million from the CEO and CFO. Boyd Gaming recently exceeded EPS estimates but slightly missed revenue expectations, and the company announced a quarterly dividend of $0.20 per share.",0.16106,Somewhat-Bullish,0.600193,0.209745,Somewhat-Bullish
20260829T173521,AMD,Advanced Micro Devices,"456,031 Shares in Boyd Gaming Corporation $BYD Acquired by Bank of New York Mellon Corp",MarketBeat,https://www.marketbeat.com/instant-alerts/filing-456031-shares-in-boyd-gaming-corporation-byd-acquired-by-bank-of-new-york-mellon-corp-2026-08-29/,"Bank of New York Mellon Corp recently acquired 456,031 shares of Boyd Gaming Corporation, valued at approximately $40.3 million, giving it a 0.63% stake in the company. Institutional investors collectively own 76.81% of Boyd Gaming, which has exceeded quarterly earnings expectations. Despite analysts maintaining a ""Hold"" rating, insiders have been net sellers, with the CEO and CFO selling significant shares.",0.246175,Somewhat-Bullish,0.630267,0.330280,Somewhat-Bullish
20260829T173705,AMD,Advanced Micro Devices,Legal & General Group Plc Buys New Shares in CAE Inc $CAE,MarketBeat,https://www.marketbeat.com/instant-alerts/filing-legal-general-group-plc-buys-new-shares-in-cae-inc-cae-2026-08-29/,"Legal & General Group Plc recently acquired 1.87 million shares of CAE Inc, valued at approximately $46.8 million, now holding about 0.58% of the company. CAE Inc reported strong quarterly earnings, exceeding analyst expectations, with revenue increasing 6.8% year over year. Despite mixed analyst sentiment and an overall ""Hold"" rating, institutional investors collectively own a significant 67.36% of CAE's stock.",0.232476,Somewhat-Bullish,0.562142,0.235238,Somewhat-Bullish
20260829T174144,AMD,Advanced Micro Devices,"Deutsche Bank AG Takes Position in CBIZ, Inc. $CBZ",MarketBeat,https://www.marketbeat.com/instant-alerts/filing-deutsche-bank-ag-takes-position-in-cbiz-inc-cbz-2026-08-29/,"Deutsche Bank AG acquired a new position in CBIZ, Inc. during the second quarter, purchasing 57,708 shares valued at approximately $1.85 million. Institutional investors collectively own 87.44% of CBIZ, with several other hedge funds also adjusting their stakes. Despite mixed analyst ratings, CBIZ reported strong quarterly earnings of $0.91 EPS, surpassing estimates, though revenue was slightly below expectations.",0.155318,Somewhat-Bullish,0.573312,0.104446,Neutral
20260829T175725,AMD,Advanced Micro Devices,Rakuten Investment Management Inc. Buys New Stake in Colgate-Palmolive Company $CL,MarketBeat,https://www.marketbeat.com/instant-alerts/filing-rakuten-investment-management-inc-buys-new-stake-in-colgate-palmolive-company-cl-2026-08-29/,"Rakuten Investment Management Inc. has acquired a new stake in Colgate-Palmolive Company, purchasing 128,693 shares worth approximately $11.9 million in the second quarter. This move comes as institutional investors now collectively own 80.41% of the company. Colgate-Palmolive recently reported strong quarterly earnings, beating estimates, and declared a dividend of $0.53 per share, while analysts maintain a ""Moderate Buy"" rating with an average price target of $99.",0.243899,Somewhat-Bullish,0.608247,0.108141,Neutral
20260829T180226,AMD,Advanced Micro Devices,"Jupiter Topco LLC Purchases Shares of 36,179 Cummins Inc. $CMI",MarketBeat,https://www.marketbeat.com/instant-alerts/filing-jupiter-topco-llc-purchases-shares-of-36179-cummins-inc-cmi-2026-08-29/,"Jupiter Topco LLC acquired 36,179 shares of Cummins Inc. in the second quarter, valued at approximately $25.8 million, contributing to institutional investors owning 83.46% of the company. Despite missing earnings expectations, Cummins reported increased revenue and a boosted quarterly dividend, while analysts maintain a ""Moderate Buy"" rating with an average price target of $745.64. An insider also sold 698 shares of Cummins stock in August.",0.152054,Somewhat-Bullish,0.619629,0.124216,Neutral
20260829T180644,AMD,Advanced Micro Devices,Compass Diversified (NYSE:CODI) Raised to Hold at Wall Street Zen,MarketBeat,https://www.marketbeat.com/instant-alerts/analyst-compass-diversified-nyse-codi-raised-to-hold-at-wall-street-zen-2026-08-29/,"Wall Street Zen upgraded Compass Diversified (NYSE:CODI) from ""sell"" to ""hold,"" aligning with the broader analyst consensus. Despite reporting a quarterly loss and negative margins, insider activity shows significant share purchases, and institutional investors hold a substantial portion of the stock. The company's shares opened at $11.48, above their moving averages, and analysts project an average target price of $16.50.",0.077838,Neutral,0.620831,0.109062,Neutral
20260829T180825,AMD,Advanced Micro Devices,"7,400 Shares in Coca-Cola Consolidated, Inc. $COKE Bought by Kimelman & Baird LLC",MarketBeat,https://www.marketbeat.com/instant-alerts/filing-7400-shares-in-coca-cola-consolidated-inc-coke-bought-by-kimelman-baird-llc-2026-08-29/,"Kimelman & Baird LLC recently acquired 7,400 shares of Coca-Cola Consolidated, Inc. (NASDAQ:COKE) in the second quarter, valued at approximately $601,000. Institutional investors now own 48.24% of the company, which reported quarterly revenue of $2.05 billion and earnings of $2.83 per share. The company also declared a quarterly dividend of $0.25 per share, and analysts maintain a consensus ""Buy"" rating for the stock.",0.325798,Somewhat-Bullish,0.622148,0.332539,Somewhat-Bullish
20260829T181141,AMD,Advanced Micro Devices,"Consumer Portfolio Services (NASDAQ:CPSS) CEO Charles Bradley Jr Sells 125,000 Shares",MarketBeat,https://www.marketbeat.com/instant-alerts/insider-consumer-portfolio-services-nasdaq-cpss-ceo-charles-bradley-jr-sells-125000-shares-2026-08-28/,"Consumer Portfolio Services (NASDAQ:CPSS) CEO Charles Bradley Jr. sold 125,000 shares of the company's stock for $1.18 million, reducing his direct holdings by nearly 3%. The credit services provider reported Q2 earnings of $0.27 per share on $57.14 million in revenue, while institutional investors own 47.57% of the company. Analysts currently have a ""Hold"" rating on CPSS stock.",0.0731,Neutral,0.560701,0.299071,Somewhat-Bullish
20260829T182758,AMD,Advanced Micro Devices,"Deutsche Bank AG Invests $1.79 Million in Donaldson Company, Inc. $DCI",MarketBeat,https://www.marketbeat.com/instant-alerts/filing-deutsche-bank-ag-invests-179-million-in-donaldson-company-inc-dci-2026-08-29/,"Deutsche Bank AG has acquired a new stake of $1.79 million in Donaldson Company, Inc., purchasing 19,929 shares during the second quarter. This move comes as institutional investors now own 82.81% of the company. Donaldson reported strong quarterly results, exceeding analyst expectations, and declared a quarterly dividend, while analysts maintain a ""Moderate Buy"" rating for the stock.",0.25334,Somewhat-Bullish,0.644011,0.252134,Somewhat-Bullish
20260829T183112,AMD,Advanced Micro Devices,"Corient Private Wealth LP Invests $20.16 Million in EastGroup Properties, Inc. $EGP",MarketBeat,https://www.marketbeat.com/instant-alerts/filing-corient-private-wealth-lp-invests-2016-million-in-eastgroup-properties-inc-egp-2026-08-29/,"Corient Private Wealth LP has invested $20.16 million in EastGroup Properties, acquiring 99,528 shares of the REIT, representing 0.19% of the company. EastGroup Properties has shown strong financial performance with quarterly EPS of $1.40, exceeding analyst expectations, and a 9% year-over-year revenue increase. The company also increased its quarterly dividend and received a ""Moderate Buy"" consensus rating from analysts.",0.251793,Somewhat-Bullish,0.536811,0.178278,Somewhat-Bullish
20260829T183447,AMD,Advanced Micro Devices,"378,480 Shares in Diodes Incorporated $DIOD Bought by Bank of New York Mellon Corp",MarketBeat,https://www.marketbeat.com/instant-alerts/filing-378480-shares-in-diodes-incorporated-diod-bought-by-bank-of-new-york-mellon-corp-2026-08-29/,"Bank of New York Mellon Corp recently purchased 378,480 shares of Diodes Incorporated (NASDAQ:DIOD) worth approximately $41.4 million, representing about 0.82% of the semiconductor company. Institutional investors and hedge funds collectively own 99.23% of DIOD. Analysts maintain a generally positive outlook, with an average ""Buy"" rating and a consensus price target of $135.00, following Diodes' recent strong quarterly earnings performance.",0.23952,Somewhat-Bullish,0.551811,0.146438,Neutral
20260829T183602,AMD,Advanced Micro Devices,"Dolby Laboratories (NYSE:DLB) CAO Sells $77,226.24 in Stock",MarketBeat,https://www.marketbeat.com/instant-alerts/insider-dolby-laboratories-nyse-dlb-cao-sells-7722624-in-stock-2026-08-27/,"Dolby Laboratories (NYSE:DLB) Chief Accounting Officer Ryan Nicholson sold 1,183 shares of the company's stock for $77,226.24 on August 25th, following two other sales earlier in the month. This sale reduced his direct ownership by 3.32%. The company recently reported quarterly EPS of $0.69, surpassing estimates, but revenue decreased by 3.3% year-over-year to $305 million, missing expectations.",0.031641,Neutral,0.619833,0.143571,Neutral
20260829T184431,AMD,Advanced Micro Devices,ECB Bancorp (NASDAQ:ECBK) Shares Up 1.4% - Time to Buy?,MarketBeat,https://www.marketbeat.com/instant-alerts/price-ecb-bancorp-nasdaq-ecbk-shares-up-14-time-to-buy-2026-08-27/,"ECB Bancorp (NASDAQ:ECBK) saw its stock price increase by 1.4% to $20.73, trading above its 50-day moving average but below its 200-day average. The company holds a consensus ""Strong Buy"" rating from analysts and recently reported quarterly EPS of $0.39 on $10.34 million in revenue. Institutional investors own 30.27% of the shares, with several increasing their positions in recent quarters.",0.269143,Somewhat-Bullish,0.630586,0.134989,Neutral
20260829T184533,AMD,Advanced Micro Devices,"Nantahala Capital Management LLC Acquires Shares of 852,700 Editas Medicine, Inc. $EDIT",MarketBeat,https://www.marketbeat.com/instant-alerts/filing-nantahala-capital-management-llc-acquires-shares-of-852700-editas-medicine-inc-edit-2026-08-29/,"Nantahala Capital Management LLC has acquired 852,700 shares of Editas Medicine, Inc. (NASDAQ:EDIT) for approximately $2.76 million, establishing a 0.56% stake in the company. Institutional investors now collectively own 71.90% of Editas Medicine. The biotech firm recently surpassed quarterly earnings expectations and maintains a ""Moderate Buy"" consensus rating from analysts, despite remaining unprofitable and dependent on clinical and regulatory advancements.",0.251373,Somewhat-Bullish,0.574355,0.230504,Somewhat-Bullish
20260829T184713,AMD,Advanced Micro Devices,"The Manufacturers Life Insurance Company Buys Shares of 492,959 Enerflex Ltd. $EFXT",MarketBeat,https://www.marketbeat.com/instant-alerts/filing-the-manufacturers-life-insurance-company-buys-shares-of-492959-enerflex-ltd-efxt-2026-08-29/,"The Manufacturers Life Insurance Company acquired a new position in Enerflex Ltd. (NYSE:EFXT) during the second quarter, purchasing 492,959 shares valued at approximately $12.08 million, representing a 0.40% stake. Despite this institutional interest, Enerflex recently missed quarterly earnings and revenue expectations. However, analysts maintain a ""Moderate Buy"" rating with an average price target of $35.17, and the company has declared a quarterly dividend.",0.086205,Neutral,0.594798,0.206358,Somewhat-Bullish
20260829T184718,AMD,Advanced Micro Devices,Eagle Financial Services (NASDAQ:EFSI) Rating Lowered to Hold at Freedom Broker,MarketBeat,https://www.marketbeat.com/instant-alerts/analyst-eagle-financial-services-nasdaq-efsi-rating-lowered-to-hold-at-freedom-broker-2026-08-29/,"Freedom Broker downgraded Eagle Financial Services (NASDAQ:EFSI) from a ""strong-buy"" to a ""hold"" rating. Despite this, the stock maintains a ""Moderate Buy"" consensus rating with an average price target of $42.25. The company recently missed earnings per share estimates but exceeded revenue expectations, and institutional ownership remains low.",0.081755,Neutral,0.583063,0.280542,Somewhat-Bullish
20260829T185330,AMD,Advanced Micro Devices,"Legal & General Group Plc Makes New Investment in Enphase Energy, Inc. $ENPH",MarketBeat,https://www.marketbeat.com/instant-alerts/filing-legal-general-group-plc-makes-new-investment-in-enphase-energy-inc-enph-2026-08-29/,"Legal & General Group Plc has made a significant new investment in Enphase Energy, Inc., acquiring 794,629 shares valued at approximately $39.1 million, giving them a 0.60% stake. This investment comes as institutional ownership in Enphase Energy reaches 72.12%, despite the company experiencing mixed financial results and a ""Hold"" consensus rating from analysts. The article also highlights recent insider trading activity and an average analyst price target of $45.79 for ENPH.",0.11173,Neutral,0.704789,0.115542,Neutral
20260829T190303,AMD,Advanced Micro Devices,Endeavour Silver Corporation $EXK Shares Sold by Van ECK Associates Corp,MarketBeat,https://www.marketbeat.com/instant-alerts/filing-endeavour-silver-corporation-exk-shares-sold-by-van-eck-associates-corp-2026-08-29/,"Van ECK Associates Corp reduced its stake in Endeavour Silver Corporation (NYSE:EXK) by 15% in the second quarter of 2026, selling 3.52 million shares, though still holding a significant 6.76% of the company. Despite this sale, other hedge funds increased their holdings in EXK. The company reported quarterly EPS of $0.15, meeting analyst estimates, and revenue slightly above expectations, with analysts having a ""Moderate Buy"" consensus rating and an average price target of $14.50.",0.204402,Somewhat-Bullish,0.617956,0.341976,Somewhat-Bullish
20260829T190637,AMD,Advanced Micro Devices,Archer Investment Corp Takes Position in Ford Motor Company $F,MarketBeat,https://www.marketbeat.com/instant-alerts/filing-archer-investment-corp-takes-position-in-ford-motor-company-f-2026-08-29/,"Archer Investment Corp. recently acquired 107,095 shares of Ford Motor Company, valued at approximately $1.49 million, during the second quarter. Institutional investors collectively own a significant 58.74% of Ford's stock. Despite a 3.8% year-over-year revenue decline, Ford exceeded earnings estimates with $0.42 per share on $48.30 billion in revenue, and announced a quarterly dividend of $0.15 per share.",0.172804,Somewhat-Bullish,0.618586,0.194328,Somewhat-Bullish
20260829T190637,AMD,Advanced Micro Devices,Public Employees Retirement System of Ohio Decreases Stock Holdings in Ford Motor Company $F,MarketBeat,https://www.marketbeat.com/instant-alerts/filing-public-employees-retirement-system-of-ohio-decreases-stock-holdings-in-ford-motor-company-f-2026-08-29/,"The Public Employees Retirement System of Ohio reduced its stake in Ford Motor Company by 7.7% in the second quarter, selling 153,422 shares and retaining 1.85 million shares worth $25.7 million. Despite this, other institutional investors have increased their holdings, and analysts have issued mixed ratings, with an average ""Hold"" and a target price of $15.68. Ford recently exceeded quarterly earnings and revenue estimates and declared a quarterly dividend of $0.15 per share.",0.164553,Somewhat-Bullish,0.555178,0.252684,Somewhat-Bullish
20260829T190900,AMD,Advanced Micro Devices,Van ECK Associates Corp Decreases Position in Freeport-McMoRan Inc. $FCX,MarketBeat,https://www.marketbeat.com/instant-alerts/filing-van-eck-associates-corp-decreases-position-in-freeport-mcmoran-inc-fcx-2026-08-29/,"Van ECK Associates Corp reduced its stake in Freeport-McMoRan Inc. (NYSE:FCX) by 10.3% in the second quarter, selling 195,662 shares but retaining 1.71 million shares valued at approximately $107.5 million. Despite this, institutional investors collectively own a significant 80.77% of FCX. The company recently exceeded quarterly earnings and revenue expectations, reporting $0.74 EPS versus $0.62 expected and $7.03 billion in revenue versus $6.62 billion forecast, leading to a ""Moderate Buy"" consensus among analysts, though valuation concerns have arisen after a strong stock rally.",0.26909,Somewhat-Bullish,0.619996,0.328417,Somewhat-Bullish
20260829T191416,AMD,Advanced Micro Devices,"Comfort Systems USA, Inc. $FIX Shares Bought by Royal London Asset Management Ltd.",MarketBeat,https://www.marketbeat.com/instant-alerts/filing-comfort-systems-usa-inc-fix-shares-bought-by-royal-london-asset-management-ltd-2026-08-29/,"Royal London Asset Management Ltd. has increased its stake in Comfort Systems USA, Inc. (NYSE:FIX) by 2.0% in the second quarter, bringing its total holdings to 141,047 shares valued at $279.5 million. The construction company reported strong quarterly results with EPS of $12.53 and revenue of $3.27 billion, and also raised its quarterly dividend. Despite a recent 6% decline in share price, analysts maintain a ""Buy"" rating with an average price target of $2,082.86.",0.214956,Somewhat-Bullish,0.520630,0.117328,Neutral
20260829T192321,AMD,Advanced Micro Devices,Ratan Capital Management LP Purchases New Stake in Fermi Inc. $FRMI,MarketBeat,https://www.marketbeat.com/instant-alerts/filing-ratan-capital-management-lp-purchases-new-stake-in-fermi-inc-frmi-2026-08-29/,"Ratan Capital Management LP has acquired a new stake in Fermi Inc. (NASDAQ:FRMI), purchasing over 2.15 million shares valued at approximately $19.8 million, making Fermi its sixth-largest holding. This investment comes as Fermi's stock recently declined, nearing its 52-week low, despite analysts maintaining a ""Moderate Buy"" rating with an average price target of $20.67. Insider activity at Fermi has shown significant selling over the past three months, totaling over $7.3 million.",0.140184,Neutral,0.574018,0.243499,Somewhat-Bullish
20260829T192805,AMD,Advanced Micro Devices,Livforsakringsbolaget Skandia Omsesidigt Invests $1.73 Million in Futu Holdings Limited Sponsored ADR $FUTU,MarketBeat,https://www.marketbeat.com/instant-alerts/filing-livforsakringsbolaget-skandia-omsesidigt-invests-173-million-in-futu-holdings-limited-sponsored-adr-futu-2026-08-29/,"Livforsakringsbolaget Skandia Omsesidigt invested $1.73 million in Futu Holdings Limited Sponsored ADR (NASDAQ:FUTU) by acquiring 18,500 shares in the second quarter. Other institutional investors like UBS Asset Management and Aspex Management also increased their stakes in Futu. The company recently reported strong quarterly earnings, exceeding analyst estimates for both EPS and revenue, though analysts currently maintain a ""Hold"" rating with an average price target above its current trading price.",0.330436,Somewhat-Bullish,0.582043,0.349216,Somewhat-Bullish
20260829T192917,AMD,Advanced Micro Devices,"Glenview Trust Co Invests $1.79 Million in German American Bancorp, Inc. $GABC",MarketBeat,https://www.marketbeat.com/instant-alerts/filing-glenview-trust-co-invests-179-million-in-german-american-bancorp-inc-gabc-2026-08-29/,"Glenview Trust Co. recently acquired a new stake of $1.79 million in German American Bancorp, purchasing 37,770 shares. Institutional investors collectively own 46.9% of the bank, which has a ""Moderate Buy"" consensus rating and an average price target of $53.33. German American Bancorp reported strong quarterly earnings of $1.02 per share, surpassing estimates, and offers a quarterly dividend of $0.31 per share, resulting in a 2.5% annualized yield.",0.410916,Bullish,0.557978,0.264192,Somewhat-Bullish
20260829T194508,AMD,Advanced Micro Devices,"Connor Clark & Lunn Investment Management Ltd. Purchases New Position in GSI Technology, Inc. $GSIT",MarketBeat,https://www.marketbeat.com/instant-alerts/filing-connor-clark-lunn-investment-management-ltd-purchases-new-position-in-gsi-technology-inc-gsit-2026-08-29/,"Connor Clark & Lunn Investment Management Ltd. has acquired a new position in GSI Technology (NASDAQ:GSIT), purchasing 308,520 shares valued at approximately $2.4 million, representing 0.80% of the company. Several other institutional investors also bought or increased their stakes, bringing total institutional ownership to 33.15%. Despite topping EPS estimates, GSI Technology missed revenue forecasts, and analysts currently rate the stock as a ""Sell.""",-0.086121,Neutral,0.630459,0.140753,Neutral
20260829T195431,AMD,Advanced Micro Devices,"7,244 Shares in The Hartford Insurance Group, Inc. $HIG Purchased by MASTERINVEST Kapitalanlage GmbH",MarketBeat,https://www.marketbeat.com/instant-alerts/filing-7244-shares-in-the-hartford-insurance-group-inc-hig-purchased-by-masterinvest-kapitalanlage-gmbh-2026-08-29/,"MASTERINVEST Kapitalanlage GmbH acquired 7,244 shares of The Hartford Insurance Group (NYSE:HIG) in the second quarter, valued at approximately $960,000. Institutional investors now own 93.42% of the company's stock. The Hartford reported strong quarterly earnings and revenue, exceeding analyst expectations, and declared a quarterly dividend of $0.60 per share.",0.196143,Somewhat-Bullish,0.557014,0.107915,Neutral
20260829T195704,AMD,Advanced Micro Devices,Connor Clark & Lunn Investment Management Ltd. Makes New Investment in Hallador Energy Company $HNRG,MarketBeat,https://www.marketbeat.com/instant-alerts/filing-connor-clark-lunn-investment-management-ltd-makes-new-investment-in-hallador-energy-company-hnrg-2026-08-29/,"Connor Clark & Lunn Investment Management Ltd. has acquired a new stake in Hallador Energy Company (NASDAQ:HNRG), purchasing 151,037 shares valued at approximately $2.63 million, representing a 0.32% ownership. This investment comes as institutional investors and hedge funds collectively own 61.38% of the company. Despite Hallador Energy reporting a revenue beat but an EPS miss in its latest quarter, analysts maintain a ""Moderate Buy"" consensus rating with an average price target significantly above its current trading price.",0.237562,Somewhat-Bullish,0.587060,0.240031,Somewhat-Bullish
20260829T195855,AMD,Advanced Micro Devices,"Empowered Funds LLC Invests $14.70 Million in Helmerich & Payne, Inc. $HP",MarketBeat,https://www.marketbeat.com/instant-alerts/filing-empowered-funds-llc-invests-1470-million-in-helmerich-payne-inc-hp-2026-08-29/,"Empowered Funds LLC has acquired a new position in Helmerich & Payne, Inc. (NYSE:HP) during the second quarter, purchasing 448,947 shares valued at approximately $14.7 million. This investment comes as institutional investors collectively own 96.05% of the company. Despite Helmerich & Payne missing earnings estimates, analysts maintain a ""Hold"" rating with an average price target of $41, and the company recently declared a quarterly dividend of $0.25 per share.",0.064209,Neutral,0.633901,0.100368,Neutral
20260829T201424,AMD,Advanced Micro Devices,Intel Corporation $INTC Shares Acquired by Meeder Asset Management Inc.,MarketBeat,https://www.marketbeat.com/instant-alerts/filing-intel-corporation-intc-shares-acquired-by-meeder-asset-management-inc-2026-08-29/,"Meeder Asset Management Inc. significantly increased its stake in Intel Corporation, boosting its holdings by 3,679.1% to 93,156 shares, valued at $13 million. Institutional investors collectively own 64.53% of Intel, whose stock has a ""Hold"" consensus rating and an average price target of $107.46. Despite mixed analyst sentiment and competitive pressures, CEO Lip-Bu Tan's recent purchase of $10 million in shares at $95 each signals confidence in the company's turnaround, especially after Intel reported better-than-expected Q2 revenue and EPS.",0.15023,Somewhat-Bullish,0.610135,-0.139744,Neutral
20260829T201952,AMD,Advanced Micro Devices,"AIA Group Ltd Sells 93,730 Shares of Invesco QQQ $QQQ",MarketBeat,https://www.marketbeat.com/instant-alerts/filing-aia-group-ltd-sells-93730-shares-of-invesco-qqq-qqq-2026-08-29/,"AIA Group Ltd reduced its stake in Invesco QQQ (NASDAQ:QQQ) by 11.3% in the second quarter, selling 93,730 shares but still retaining 734,162 shares valued at approximately $540.6 million, making it their third-largest holding. Meanwhile, several other institutional investors increased their positions in QQQ. The Invesco QQQ recently traded near its 12-month high and increased its quarterly dividend.",0.245274,Somewhat-Bullish,0.575774,0.214580,Somewhat-Bullish
20260829T202046,AMD,Advanced Micro Devices,Freestone Grove Partners LP Makes New $3.13 Million Investment in Jacobs Solutions Inc. $J,MarketBeat,https://www.marketbeat.com/instant-alerts/filing-freestone-grove-partners-lp-makes-new-313-million-investment-in-jacobs-solutions-inc-j-2026-08-29/,"Freestone Grove Partners LP has made a new $3.13 million investment in Jacobs Solutions Inc., acquiring 24,856 shares. This comes as institutional investors own 85.65% of the company, and analysts maintain a ""Moderate Buy"" rating with an average price target of $153.70. Jacobs Solutions recently exceeded earnings and revenue estimates, reporting $1.84 EPS and $2.42 billion in revenue, and declared a $0.36 quarterly dividend.",0.224166,Somewhat-Bullish,0.612930,0.208805,Somewhat-Bullish
20260829T203214,AMD,Advanced Micro Devices,United Capital Financial Advisors LLC Makes New Investment in Marathon Petroleum Corporation $MPC,MarketBeat,https://www.marketbeat.com/instant-alerts/filing-united-capital-financial-advisors-llc-makes-new-investment-in-marathon-petroleum-corporation-mpc-2026-08-29/,"United Capital Financial Advisors LLC has made a new investment in Marathon Petroleum Corporation (NYSE:MPC), purchasing 15,593 shares valued at approximately $3.99 million. Institutional investors collectively own 76.77% of MPC, and analysts maintain a ""Moderate Buy"" consensus rating with an average price target of $312.50. The company reported strong quarterly earnings, beating estimates with $17.73 EPS and a revenue increase of 53.5% year over year.",0.234435,Somewhat-Bullish,0.597635,0.106234,Neutral
20260829T203444,AMD,Advanced Micro Devices,"Nantahala Capital Management LLC Takes Position in Keros Therapeutics, Inc. $KROS",MarketBeat,https://www.marketbeat.com/instant-alerts/filing-nantahala-capital-management-llc-takes-position-in-keros-therapeutics-inc-kros-2026-08-29/,"Nantahala Capital Management LLC has acquired a new position in Keros Therapeutics, Inc. (NASDAQ:KROS), purchasing over 1.41 million shares valued at approximately $15.1 million, which constitutes a 7.11% stake in the company. Institutional investors collectively own 71.56% of Keros Therapeutics. The article also notes recent insider selling activity, mixed analyst ratings resulting in a consensus ""Hold"" with an average price target of $20.50, and the company's recent earnings miss.",0.095728,Neutral,0.555018,0.218052,Somewhat-Bullish
20260829T203611,AMD,Advanced Micro Devices,"119,503 Shares in Kymera Therapeutics, Inc. $KYMR Acquired by The Manufacturers Life Insurance Company",MarketBeat,https://www.marketbeat.com/instant-alerts/filing-119503-shares-in-kymera-therapeutics-inc-kymr-acquired-by-the-manufacturers-life-insurance-company-2026-08-29/,"The Manufacturers Life Insurance Company acquired 119,503 shares of Kymera Therapeutics (NASDAQ: KYMR) worth approximately $13.7 million in the second quarter of 2026. This acquisition, representing about 0.14% of the company, comes as other institutional investors also increased their holdings, despite significant insider selling. Kymera Therapeutics reported better-than-expected quarterly earnings and revenue, maintaining a ""Moderate Buy"" consensus rating from analysts with an average target price of $127.17.",0.211787,Somewhat-Bullish,0.567431,0.143942,Neutral
20260829T203837,AMD,Advanced Micro Devices,LCNB (NASDAQ:LCNB) Stock Crosses Above Two Hundred Day Moving Average - Time to Sell?,MarketBeat,https://www.marketbeat.com/instant-alerts/price-lcnb-nasdaq-lcnb-stock-crosses-above-two-hundred-day-moving-average-time-to-sell-2026-08-29/,"LCNB Corporation's stock has recently risen above its 200-day moving average, trading at $19.43 against a long-term average of $17.45. This movement follows positive analyst upgrades to a ""Strong Buy"" rating and stronger-than-expected quarterly earnings and revenue. The company also declared a quarterly dividend of $0.22, resulting in an attractive 4.5% annual yield.",0.398485,Bullish,0.647339,0.320688,Somewhat-Bullish
20260829T203859,AMD,Advanced Micro Devices,"Cannell Capital LLC Makes New Investment in Lee Enterprises, Incorporated $LEE",MarketBeat,https://www.marketbeat.com/instant-alerts/filing-cannell-capital-llc-makes-new-investment-in-lee-enterprises-incorporated-lee-2026-08-29/,"Cannell Capital LLC has made a new investment in Lee Enterprises (NYSE:LEE), acquiring 344,349 shares valued at approximately $3.1 million, representing 1.54% of the company. Other institutional investors also adjusted their stakes, with institutions collectively owning 39.2% and insiders holding 54.2% of the stock. Lee Enterprises opened at $8.37, has a market cap of $186.6 million, and a high debt-to-equity ratio of 69.34.",0.262718,Somewhat-Bullish,0.569837,0.326859,Somewhat-Bullish
20260829T204230,AMD,Advanced Micro Devices,"BlackRock Inc. Buys Shares of 4,340,762 Lindblad Expeditions $LIND",MarketBeat,https://www.marketbeat.com/instant-alerts/filing-blackrock-inc-buys-shares-of-4340762-lindblad-expeditions-lind-2026-08-29/,"BlackRock Inc. has acquired 4,340,762 shares of Lindblad Expeditions (NASDAQ:LIND), valued at approximately $122.6 million, representing a 6.61% stake in the company. This comes as Lindblad Expeditions reported better-than-expected quarterly results, with an adjusted loss of $0.02 per share against a consensus of $0.10 loss and revenues beating estimates. The stock currently holds a consensus ""Hold"" rating from analysts with an average price target of $31.20, despite mixed recent analyst actions.",0.248271,Somewhat-Bullish,0.572779,0.252063,Somewhat-Bullish
20260829T204517,AMD,Advanced Micro Devices,"BlackRock Inc. Takes $143.59 Million Position in Live Oak Bancshares, Inc. $LOB",MarketBeat,https://www.marketbeat.com/instant-alerts/filing-blackrock-inc-takes-14359-million-position-in-live-oak-bancshares-inc-lob-2026-08-29/,"BlackRock Inc. has acquired a new stake of 3.52 million shares, valued at approximately $143.6 million, in Live Oak Bancshares, Inc. (NYSE:LOB) during the second quarter, representing a 7.60% ownership. This move comes as institutional investors collectively own 63.95% of the company, and despite recent insider stock sales totaling $1.53 million, analysts maintain a ""Moderate Buy"" rating with an average price target of $46.40. Live Oak Bancshares also reported strong quarterly earnings, beating estimates with $0.74 EPS on $156.15 million in revenue, and declared a quarterly dividend of $0.03 per share.",0.272801,Somewhat-Bullish,0.580163,0.236435,Somewhat-Bullish
20260829T204711,AMD,Advanced Micro Devices,Van ECK Associates Corp Boosts Stock Holdings in LPL Financial Holdings Inc. $LPLA,MarketBeat,https://www.marketbeat.com/instant-alerts/filing-van-eck-associates-corp-boosts-stock-holdings-in-lpl-financial-holdings-inc-lpla-2026-08-29/,"Van ECK Associates Corp increased its stake in LPL Financial Holdings Inc. by 4.5% during the second quarter, now holding over 1 million shares valued at approximately $295.3 million. Institutional investors collectively own a significant 95.66% of the company. LPL Financial (NASDAQ:LPLA) reported strong quarterly earnings and revenue, and analysts maintain a ""Moderate Buy"" rating with a positive average price target, despite some insider stock sales.",0.177145,Somewhat-Bullish,0.634564,0.141606,Neutral
20260829T205222,AMD,Advanced Micro Devices,Hsbc Holdings PLC Invests $8.15 Million in LXP Industrial Trust $LXP,MarketBeat,https://www.marketbeat.com/instant-alerts/filing-hsbc-holdings-plc-invests-815-million-in-lxp-industrial-trust-lxp-2026-08-29/,"HSBC Holdings PLC has invested $8.15 million in LXP Industrial Trust, acquiring 151,067 shares, which represents a 0.26% stake. The real estate investment trust reported strong quarterly earnings of $0.84 per share, surpassing analyst expectations, and revenue of $88.11 million. Despite these positive results, analysts maintain a ""Hold"" rating with a target price of $57.40, while the stock currently trades around $60.71 and offers a 4.6% dividend yield.",0.13159,Neutral,0.586771,0.199317,Somewhat-Bullish
20260829T205257,AMD,Advanced Micro Devices,"The Manufacturers Life Insurance Company Takes $14.96 Million Position in Live Nation Entertainment, Inc. $LYV",MarketBeat,https://www.marketbeat.com/instant-alerts/filing-the-manufacturers-life-insurance-company-takes-1496-million-position-in-live-nation-entertainment-inc-lyv-2026-08-29/,"The Manufacturers Life Insurance Company initiated a new position in Live Nation Entertainment (NYSE:LYV) during the second quarter, purchasing 81,697 shares valued at approximately $14.96 million. Other institutional investors also adjusted their holdings in LYV, which collectively owns 74.52% of the company's stock. Live Nation Entertainment recently reported strong quarterly earnings, beating analyst estimates, and maintains a ""Moderate Buy"" consensus rating from Wall Street analysts with an average target price of $197.19.",0.315702,Somewhat-Bullish,0.634540,0.198006,Somewhat-Bullish
20260829T205358,AMD,Advanced Micro Devices,Sanctuary Advisors LLC Acquires New Shares in Main Street Capital Corporation $MAIN,MarketBeat,https://www.marketbeat.com/instant-alerts/filing-sanctuary-advisors-llc-acquires-new-shares-in-main-street-capital-corporation-main-2026-08-29/,"Sanctuary Advisors LLC has acquired 17,460 shares of Main Street Capital Corporation (NYSE:MAIN), valued at approximately $906,000, during the second quarter. This move is part of broader institutional investment, with various hedge funds also adjusting their stakes in the financial services provider. Main Street Capital recently reported strong earnings, beating analyst estimates, and announced a monthly dividend of $0.265 per share.",0.289492,Somewhat-Bullish,0.583568,0.327057,Somewhat-Bullish
20260829T205733,AMD,Advanced Micro Devices,Muhlenkamp & Co. Inc. Takes $18.53 Million Position in Microchip Technology Incorporated $MCHP,MarketBeat,https://www.marketbeat.com/instant-alerts/filing-muhlenkamp-co-inc-takes-1853-million-position-in-microchip-technology-incorporated-mchp-2026-08-29/,"Muhlenkamp & Co. Inc. recently acquired over 203,000 shares of Microchip Technology (MCHP) valued at $18.53 million, making it 5.4% of their portfolio. The semiconductor company reported strong quarterly earnings, beating expectations with $0.76 EPS and $1.48 billion in revenue, a 38% increase year-over-year. Despite some recent price target reductions, analysts maintain a ""Moderate Buy"" consensus rating with an average target of $98.67 for MCHP.",0.179727,Somewhat-Bullish,0.561180,0.210541,Somewhat-Bullish
20260829T205744,AMD,Advanced Micro Devices,"Public Employees Retirement System of Ohio Buys Shares of 64,614 Moody's Corporation $MCO",MarketBeat,https://www.marketbeat.com/instant-alerts/filing-public-employees-retirement-system-of-ohio-buys-shares-of-64614-moodys-corporation-mco-2026-08-29/,"The Public Employees Retirement System of Ohio acquired 64,614 shares of Moody's Corporation (MCO) in the second quarter, valued at approximately $29.3 million. This purchase contributes to institutional investors' collective ownership of 92.11% of the company. Moody's reported strong Q2 earnings, beating estimates with $4.68 EPS and a 15.1% revenue increase, and announced a quarterly dividend of $1.03 per share.",0.110785,Neutral,0.559604,0.063825,Neutral
20260829T205834,AMD,Advanced Micro Devices,"Van ECK Associates Corp Sells 903,848 Shares of Mondelez International, Inc. $MDLZ",MarketBeat,https://www.marketbeat.com/instant-alerts/filing-van-eck-associates-corp-sells-903848-shares-of-mondelez-international-inc-mdlz-2026-08-29/,"Van ECK Associates Corp reduced its stake in Mondelez International, Inc. (MDLZ) by 14.9% in Q2 2026, selling 903,848 shares but still retaining 5.18 million shares valued at $299.5 million. Mondelez exceeded analyst expectations with Q2 EPS of $0.73 and revenue of $9.36 billion, and raised its quarterly dividend to $0.52 per share. Institutional investors hold 78.32% of MDLZ, and analysts maintain a ""Moderate Buy"" rating with an average price target of $67.30.",0.157904,Somewhat-Bullish,0.554282,0.300679,Somewhat-Bullish
20260829T210244,AMD,Advanced Micro Devices,"Algert Global LLC Sells 131,530 Shares of Magnite, Inc. $MGNI",MarketBeat,https://www.marketbeat.com/instant-alerts/filing-algert-global-llc-sells-131530-shares-of-magnite-inc-mgni-2026-08-29/,"Algert Global LLC has significantly reduced its stake in Magnite, Inc. (NASDAQ:MGNI) by selling 131,530 shares, decreasing its position by 48.9%. Despite this sale, institutional ownership in Magnite remains high at 73.4%, with several other major investors increasing their holdings. The company recently reported strong quarterly earnings, exceeding revenue and EPS expectations, and analysts maintain a ""Moderate Buy"" rating with an average price target of $28.30.",0.159397,Somewhat-Bullish,0.591989,0.116917,Neutral
20260829T211041,AMD,Advanced Micro Devices,Equitable Holdings Inc. Purchases New Position in Marathon Petroleum Corporation $MPC,MarketBeat,https://www.marketbeat.com/instant-alerts/filing-equitable-holdings-inc-purchases-new-position-in-marathon-petroleum-corporation-mpc-2026-08-29/,"Equitable Holdings Inc. acquired a new position in Marathon Petroleum Corporation, purchasing 8,480 shares valued at approximately $2.17 million during the second quarter. Other institutional investors also significantly increased their stakes. Marathon Petroleum reported strong quarterly earnings, surpassing analyst estimates, and declared a quarterly dividend of $1.00 per share, while analysts maintain a ""Moderate Buy"" rating with an average price target of $312.50.",0.269692,Somewhat-Bullish,0.551588,0.108010,Neutral
20260829T211041,AMD,Advanced Micro Devices,Glenview Trust Co Invests $1.33 Million in Marathon Petroleum Corporation $MPC,MarketBeat,https://www.marketbeat.com/instant-alerts/filing-glenview-trust-co-invests-133-million-in-marathon-petroleum-corporation-mpc-2026-08-29/,"Glenview Trust Co. recently invested $1.33 million in Marathon Petroleum Corporation, acquiring 5,188 shares. This comes as institutional investors now own 76.77% of MPC shares, with several major firms increasing their stakes. Marathon Petroleum reported strong quarterly earnings, beating analyst estimates with $17.73 EPS and $51.99 billion in revenue, and analysts maintain a ""Moderate Buy"" rating for the stock.",0.277465,Somewhat-Bullish,0.640548,0.267870,Somewhat-Bullish
20260829T211135,AMD,Advanced Micro Devices,"Merck & Co., Inc. $MRK is Wellington Management Group LLP's 8th Largest Position",MarketBeat,https://www.marketbeat.com/instant-alerts/filing-merck-co-inc-mrk-is-wellington-management-group-llps-8th-largest-position-2026-08-29/,"Wellington Management Group LLP increased its stake in Merck & Co., Inc. (NYSE:MRK) by 2.3% in the second quarter, making it their 8th largest holding. The biopharmaceutical company reported strong financial results, exceeding revenue and earnings expectations, and declared a quarterly dividend. Analysts maintain a ""Moderate Buy"" consensus rating for Merck, with several firms raising their price targets, despite some recent insider stock sales.",0.319366,Somewhat-Bullish,0.611623,0.126272,Neutral
20260829T211225,AMD,Advanced Micro Devices,"MSA Safety Incorporporated (NYSE:MSA) Rating Lowered to ""Hold"" at Wall Street Zen",MarketBeat,https://www.marketbeat.com/instant-alerts/analyst-msa-safety-incorporporated-nyse-msa-rating-lowered-to-hold-at-wall-street-zen-2026-08-29/,"Wall Street Zen downgraded MSA Safety Incorporporated (NYSE:MSA) from a ""Buy"" to a ""Hold"" rating, aligning with the broader analyst consensus and an average price target of $211.33. The company recently reported strong quarterly results, with earnings per share of $2.40 against an estimate of $2.14 and revenue of $503.33 million, a 6.2% year-over-year increase. Insider transactions show mixed activity, with the CFO purchasing shares and the chairman selling a significant number of shares, while institutional investors hold approximately 92.51% of the company.",0.114427,Neutral,0.578942,0.141379,Neutral
20260829T212742,AMD,Advanced Micro Devices,"Connor Clark & Lunn Investment Management Ltd. Acquires New Shares in Natural Grocers by Vitamin Cottage, Inc. $NGVC",MarketBeat,https://www.marketbeat.com/instant-alerts/filing-connor-clark-lunn-investment-management-ltd-acquires-new-shares-in-natural-grocers-by-vitamin-cottage-inc-ngvc-2026-08-29/,"Connor Clark & Lunn Investment Management Ltd. recently purchased 88,678 shares of Natural Grocers by Vitamin Cottage, Inc. (NGVC) valued at approximately $2.75 million, representing about 0.38% of the company. Institutional investors collectively own 31.99% of NGVC, and analysts maintain a ""Moderate Buy"" consensus rating with an average price target of $47. Despite missing recent quarterly earnings and revenue estimates, Natural Grocers announced a quarterly dividend of $0.15 per share.",0.066909,Neutral,0.560103,0.144829,Neutral
20260829T213404,AMD,Advanced Micro Devices,"119,168 Shares in NetApp, Inc. $NTAP Bought by Empowered Funds LLC",MarketBeat,https://www.marketbeat.com/instant-alerts/filing-119168-shares-in-netapp-inc-ntap-bought-by-empowered-funds-llc-2026-08-29/,"Empowered Funds LLC recently acquired 119,168 shares of NetApp, Inc. (NTAP) valued at approximately $18.4 million, making them a new institutional investor in the data storage provider. While institutional investors collectively own a significant portion of NetApp, corporate insiders have been selling shares. The company reported a 12.5% year-over-year revenue increase but missed analyst EPS estimates in its latest quarterly earnings.",0.065427,Neutral,0.629558,0.145503,Neutral
20260829T214422,AMD,Advanced Micro Devices,Blue Owl Capital Corporation $OBDC Shares Sold by Van ECK Associates Corp,MarketBeat,https://www.marketbeat.com/instant-alerts/filing-blue-owl-capital-corporation-obdc-shares-sold-by-van-eck-associates-corp-2026-08-29/,"Van ECK Associates Corp reduced its stake in Blue Owl Capital Corporation (OBDC) by 13.1% in the second quarter, selling 1.48 million shares but still retaining a significant holding. Despite this sale, analysts maintain a ""Moderate Buy"" rating with a $13.00 price target. The company recently surpassed earnings estimates and declared a quarterly dividend of $0.31 per share, offering an 11% yield.",0.223485,Somewhat-Bullish,0.586966,0.148336,Neutral
20260829T214646,AMD,Advanced Micro Devices,Man Group plc Takes $9.05 Million Position in OFG Bancorp $OFG,MarketBeat,https://www.marketbeat.com/instant-alerts/filing-man-group-plc-takes-905-million-position-in-ofg-bancorp-ofg-2026-08-29/,"Man Group plc has acquired a new position in OFG Bancorp, purchasing 184,424 shares valued at approximately $9.05 million, representing 0.44% of the bank's stock. This move comes as OFG Bancorp exceeded quarterly earnings expectations with $1.39 EPS and $190.28 million in revenue, leading to a ""Moderate Buy"" consensus from analysts. Despite strong institutional interest and a declared quarterly dividend of $0.35 per share, insider selling by the CEO and CFO totaling over $3.49 million has also been noted.",0.277788,Somewhat-Bullish,0.562026,0.142899,Neutral
20260829T215303,AMD,Advanced Micro Devices,"26,646 Shares in O'Reilly Automotive, Inc. $ORLY Acquired by Orion Capital Management LLC",MarketBeat,https://www.marketbeat.com/instant-alerts/filing-26646-shares-in-oreilly-automotive-inc-orly-acquired-by-orion-capital-management-llc-2026-08-29/,"Orion Capital Management LLC recently acquired 26,646 shares of O'Reilly Automotive, Inc. (NASDAQ:ORLY) for approximately $2.45 million, making it their 23rd largest position. While institutional investors own 85% of the company and analysts have a ""Moderate Buy"" rating, two company insiders recently sold 5,000 shares. O'Reilly Automotive reported strong quarterly revenue growth of 8.1% year-over-year, meeting EPS expectations.",0.214023,Somewhat-Bullish,0.649282,0.240210,Somewhat-Bullish
20260829T215329,AMD,Advanced Micro Devices,North Star Asset Management Inc. Invests $1.29 Million in Oshkosh Corporation $OSK,MarketBeat,https://www.marketbeat.com/instant-alerts/filing-north-star-asset-management-inc-invests-129-million-in-oshkosh-corporation-osk-2026-08-29/,"North Star Asset Management Inc. recently acquired a new stake of 8,437 shares in Oshkosh Corporation (NYSE:OSK) valued at approximately $1.29 million during the second quarter. Oshkosh reported strong quarterly earnings, beating analyst estimates with an EPS of $2.87 and revenue up 6.7% year-over-year. The company maintains a ""Moderate Buy"" consensus rating from analysts with an average price target of $170.71 and recently paid a quarterly dividend of $0.57 per share.",0.346256,Somewhat-Bullish,0.628686,0.215570,Somewhat-Bullish
20260829T220411,AMD,Advanced Micro Devices,"Precision Drilling Corporation (NYSE:PDS) Receives Average Recommendation of ""Moderate Buy"" from Brokerages",MarketBeat,https://www.marketbeat.com/instant-alerts/consensus-precision-drilling-corporation-nyse-pds-receives-average-recommendation-of-moderate-buy-from-brokerages-2026-08-29/,"Precision Drilling Corporation (NYSE:PDS) has received a ""Moderate Buy"" consensus rating from eight analysts, with an average 12-month price target of $122.33, exceeding its current share price of $90.07. Despite recent downgrades from several research firms and a miss on quarterly earnings expectations, institutional investors, including Bank of America, have increased their holdings in the company. Precision Drilling is a Calgary-based oilfield services company providing drilling solutions and specialized equipment.",0.182449,Somewhat-Bullish,0.536223,0.333720,Somewhat-Bullish
20260829T220420,AMD,Advanced Micro Devices,"1,901,350 Shares in Pebblebrook Hotel Trust $PEB Bought by Legal & General Group Plc",MarketBeat,https://www.marketbeat.com/instant-alerts/filing-1901350-shares-in-pebblebrook-hotel-trust-peb-bought-by-legal-general-group-plc-2026-08-29/,"Legal & General Group Plc has acquired a significant stake of 1.9 million shares in Pebblebrook Hotel Trust (NYSE: PEB) during the second quarter, valued at approximately $36.9 million, representing a 1.68% ownership. This move comes as other hedge funds also adjusted their positions in the real estate investment trust. Despite mixed analyst ratings, PEB shares recently traded up 1.5% and the company exceeded quarterly earnings expectations with $0.68 EPS, far surpassing the $0.12 consensus.",0.215767,Somewhat-Bullish,0.576453,0.101307,Neutral
20260829T220745,AMD,Advanced Micro Devices,Peoples Financial Services Corp. (NASDAQ:PFIS) Plans Quarterly Dividend of $0.62,MarketBeat,https://www.marketbeat.com/instant-alerts/dividend-peoples-financial-services-corp-nasdaq-pfis-plans-quarterly-dividend-of-062-2026-08-29/,"Peoples Financial Services Corp. (NASDAQ:PFIS) has declared a quarterly dividend of $0.625 per share, payable on September 15, 2026, to shareholders of record on August 31, 2026. This dividend, representing an annualized payout of $2.50 and a 3.6% yield, marks the company's eighth consecutive year of dividend increases. Despite missing recent earnings estimates with an EPS of $1.48 against an expected $1.64, the dividend is well-covered by earnings, with a payout ratio of 39.4%.",0.197913,Somewhat-Bullish,0.591657,0.171292,Somewhat-Bullish
20260829T220909,AMD,Advanced Micro Devices,"PHINIA (NYSE:PHIN) Raised to ""Buy"" at Wall Street Zen",MarketBeat,https://www.marketbeat.com/instant-alerts/analyst-phinia-nyse-phin-raised-to-buy-at-wall-street-zen-2026-08-29/,"Wall Street Zen has upgraded PHINIA (NYSE:PHIN) from a ""hold"" to a ""buy"" rating, though other analysts have offered mixed ratings ranging from ""Strong Buy"" to ""Strong Sell."" The company reported quarterly revenue of $940 million, surpassing estimates, but its EPS of $1.53 missed the consensus forecast. Institutional investors hold a significant portion of PHINIA's stock, with several major firms increasing their positions.",0.184354,Somewhat-Bullish,0.603692,0.190073,Somewhat-Bullish
20260829T221252,AMD,Advanced Micro Devices,"Rakuten Investment Management Inc. Buys Shares of 152,488 Prologis, Inc. $PLD",MarketBeat,https://www.marketbeat.com/instant-alerts/filing-rakuten-investment-management-inc-buys-shares-of-152488-prologis-inc-pld-2026-08-29/,"Rakuten Investment Management Inc. recently purchased 152,488 shares of Prologis, Inc. (NYSE:PLD) for approximately $21.2 million, making them a new institutional stakeholder. Other institutional investors have also adjusted their positions in the real estate investment trust, which has 93.5% institutional ownership. Prologis reported strong quarterly earnings of $1.13 per share, surpassing estimates, and analysts maintain a ""Moderate Buy"" consensus rating with an average price target of $154.57.",0.275272,Somewhat-Bullish,0.602033,0.126123,Neutral
20260829T221523,AMD,Advanced Micro Devices,"Bank of America Corp DE Buys 250,160 Shares of PennyMac Mortgage Investment Trust $PMT",MarketBeat,https://www.marketbeat.com/instant-alerts/filing-bank-of-america-corp-de-buys-250160-shares-of-pennymac-mortgage-investment-trust-pmt-2026-08-29/,"Bank of America Corp DE increased its stake in PennyMac Mortgage Investment Trust (PMT) by 154.1% in the first quarter, acquiring an additional 250,160 shares, bringing its total holdings to 412,512 shares valued at approximately $4.81 million. Despite this, analyst sentiment remains cautious with an average ""Hold"" rating and a consensus price target of $11.50, and the stock recently received downgrades and missed earnings expectations. PMT offers a significant 17.1% annualized dividend yield, but its high payout ratio of 112.68% raises sustainability concerns.",0.086635,Neutral,0.554006,0.125766,Neutral
20260829T222228,AMD,Advanced Micro Devices,"RB Capital Management LLC Purchases Shares of 3,708 Public Storage $PSA",MarketBeat,https://www.marketbeat.com/instant-alerts/filing-rb-capital-management-llc-purchases-shares-of-3708-public-storage-psa-2026-08-29/,"RB Capital Management LLC has acquired 3,708 shares of Public Storage (NYSE:PSA) valued at approximately $1.18 million during the second quarter. Public Storage, a real estate investment trust, saw its shares open at $313.65 on Friday and has a market capitalization of $55.08 billion. The company reported strong Q2 earnings with an EPS of $4.17, surpassing estimates, and declared a quarterly dividend of $3.00, yielding 3.8%.",0.176514,Somewhat-Bullish,0.539447,0.108766,Neutral
20260829T224322,AMD,Advanced Micro Devices,"Hsbc Holdings PLC Buys Shares of 449,234 RLJ Lodging Trust $RLJ",MarketBeat,https://www.marketbeat.com/instant-alerts/filing-hsbc-holdings-plc-buys-shares-of-449234-rlj-lodging-trust-rlj-2026-08-29/,"HSBC Holdings PLC increased its stake in RLJ Lodging Trust by acquiring 449,234 shares, valued at approximately $5.3 million. This purchase represents about 0.29% of the REIT, which recently reported strong quarterly earnings of $0.52 per share, significantly exceeding analyst expectations, and maintained a quarterly dividend of $0.15. Despite a consensus ""Reduce"" rating from analysts, institutional investors collectively own a substantial 92.35% of the stock.",0.272082,Somewhat-Bullish,0.603946,0.326033,Somewhat-Bullish
20260829T224334,AMD,Advanced Micro Devices,Livforsakringsbolaget Skandia Omsesidigt Invests $4.90 Million in Ralph Lauren Corporation $RL,MarketBeat,https://www.marketbeat.com/instant-alerts/filing-livforsakringsbolaget-skandia-omsesidigt-invests-490-million-in-ralph-lauren-corporation-rl-2026-08-29/,"Livforsakringsbolaget Skandia Omsesidigt has invested $4.90 million in Ralph Lauren Corporation by purchasing 12,200 shares. This comes as Ralph Lauren exceeded quarterly earnings expectations, reporting $4.59 EPS against an estimated $4.32, with revenue up 13.9% year-over-year. Analysts maintain a ""Moderate Buy"" consensus for the stock with an average price target of $445.67.",0.340289,Somewhat-Bullish,0.565536,0.216279,Somewhat-Bullish
20260829T224750,AMD,Advanced Micro Devices,"Hsbc Holdings PLC Purchases Shares of 310,800 Rush Street Interactive, Inc. $RSI",MarketBeat,https://www.marketbeat.com/instant-alerts/filing-hsbc-holdings-plc-purchases-shares-of-310800-rush-street-interactive-inc-rsi-2026-08-29/,"Hsbc Holdings PLC has acquired 310,800 shares of Rush Street Interactive, Inc. (NYSE:RSI) during the second quarter, representing a 0.13% stake valued at approximately $9.6 million. This purchase comes as Rush Street Interactive reported strong Q2 revenue growth of 46.3% year-over-year, surpassing analyst expectations, and matching EPS estimates. The stock holds a ""Moderate Buy"" consensus rating from analysts, with an average target price of $35.22, significantly above its current trading price.",0.285649,Somewhat-Bullish,0.614304,0.143840,Neutral
20260829T224833,AMD,Advanced Micro Devices,RTX Corporation $RTX Stake Cut by Van ECK Associates Corp,MarketBeat,https://www.marketbeat.com/instant-alerts/filing-rtx-corporation-rtx-stake-cut-by-van-eck-associates-corp-2026-08-29/,"Van ECK Associates Corp significantly reduced its stake in RTX Corporation by 43.1% in Q2 2026, selling 2.57 million shares but still retaining 3.40 million shares valued at $644.3 million. Despite this, RTX reported strong Q2 earnings with a 14.5% revenue increase year-over-year and secured a substantial $22.9 billion Tomahawk missile contract, expanding its defense backlog. Analysts maintain a ""Moderate Buy"" rating for RTX, which also recently declared a quarterly dividend of $0.73 per share.",0.182532,Somewhat-Bullish,0.587746,-0.064142,Neutral
20260829T230826,AMD,Advanced Micro Devices,Sumitomo Mitsui Financial Group (NYSE:SMFG) Stock Crosses Above 200-Day Moving Average - Here's What Happened,MarketBeat,https://www.marketbeat.com/instant-alerts/price-sumitomo-mitsui-financial-group-nyse-smfg-stock-crosses-above-200-day-moving-average-heres-what-happened-2026-08-29/,"Sumitomo Mitsui Financial Group (NYSE:SMFG) shares have risen above their 200-day moving average, reaching $26.08 before closing at $25.92. Despite this price performance, analyst sentiment remains cautious, with Weiss Ratings and Zacks Research downgrading the stock to ""Hold."" The company recently reported quarterly EPS of $0.49 on $8.71 billion in revenue, and an insider transaction showed a CFO selling 4,000 shares in August.",0.186916,Somewhat-Bullish,0.535546,0.240184,Somewhat-Bullish
20260829T232254,AMD,Advanced Micro Devices,"57,784 Shares in Stoke Therapeutics, Inc. $STOK Acquired by Deutsche Bank AG",MarketBeat,https://www.marketbeat.com/instant-alerts/filing-57784-shares-in-stoke-therapeutics-inc-stok-acquired-by-deutsche-bank-ag-2026-08-29/,"Deutsche Bank AG recently acquired 57,784 shares of Stoke Therapeutics, Inc. (NASDAQ:STOK) valued at approximately $1.89 million, representing a 0.09% stake. Despite missing analyst EPS expectations, Stoke Therapeutics' revenue exceeded estimates, and Wall Street analysts generally maintain a ""Moderate Buy"" rating with a consensus price target of $44.25. Insider selling also occurred, with 30,623 shares sold for about $953,765.",0.293658,Somewhat-Bullish,0.562928,0.308879,Somewhat-Bullish
20260829T232254,AMD,Advanced Micro Devices,"Stoke Therapeutics, Inc. (NASDAQ:STOK) Receives Average Recommendation of ""Moderate Buy"" from Analysts",MarketBeat,https://www.marketbeat.com/instant-alerts/consensus-stoke-therapeutics-inc-nasdaq-stok-receives-average-recommendation-of-moderate-buy-from-analysts-2026-08-29/,"Stoke Therapeutics, Inc. (NASDAQ:STOK) has received a ""Moderate Buy"" consensus rating from analysts, with an average 12-month price target of $44.25, significantly above its current share price of $31.62. Despite positive analyst sentiment, the company reported a quarterly adjusted loss of $0.93 per share, missing expectations, though revenue exceeded estimates. Insider selling has occurred, but institutional investors have increased their holdings, indicating mixed signals for the stock.",0.221064,Somewhat-Bullish,0.594794,0.205293,Somewhat-Bullish
20260829T232322,AMD,Advanced Micro Devices,"Jefferies Financial Group Inc. Takes Position in Sterling Infrastructure, Inc. $STRL",MarketBeat,https://www.marketbeat.com/instant-alerts/filing-jefferies-financial-group-inc-takes-position-in-sterling-infrastructure-inc-strl-2026-08-29/,"Jefferies Financial Group initiated a position in Sterling Infrastructure (NASDAQ:STRL) during Q2 2026, purchasing 5,256 shares valued at $4.4 million. The construction company reported strong Q2 results, with earnings of $5.80 per share and revenue of $1.17 billion, exceeding analyst estimates. Despite positive analyst sentiment and an average price target of $690.33, the stock was trading down 7.1% at $470.52, and an insider recently sold 2,500 shares.",0.30673,Somewhat-Bullish,0.557191,0.265886,Somewhat-Bullish
20260829T232542,AMD,Advanced Micro Devices,"Sunoco LP (NYSE:SUN) Given Consensus Recommendation of ""Buy"" by Brokerages",MarketBeat,https://www.marketbeat.com/instant-alerts/consensus-sunoco-lp-nyse-sun-given-consensus-recommendation-of-buy-by-brokerages-2026-08-29/,"Brokerages have issued a consensus ""Buy"" recommendation for Sunoco LP (NYSE:SUN), with an average 12-month price target of $79.00. This positive outlook comes despite the company reporting quarterly earnings per share of $0.94, which missed analyst estimates, although revenue was up significantly year-over-year. Sunoco also increased its quarterly dividend to $1.0023 per share, resulting in a 5.4% yield.",0.170121,Somewhat-Bullish,0.597881,0.102116,Neutral
20260829T232721,AMD,Advanced Micro Devices,"Latham Group, Inc. (NASDAQ:SWIM) Receives Average Recommendation of ""Reduce"" from Brokerages",MarketBeat,https://www.marketbeat.com/instant-alerts/consensus-latham-group-inc-nasdaq-swim-receives-average-recommendation-of-reduce-from-brokerages-2026-08-29/,"Latham Group, Inc. (NASDAQ:SWIM) has received an average ""Reduce"" recommendation from seven brokerage firms, with an average 12-month price target of $7.83, slightly above its current share price of $7.08. Despite institutional investors holding a significant 83.95% stake and some increasing their positions, the company recently missed EPS estimates in its latest quarterly earnings report. Analysts' ratings are mixed, including sell, hold, and buy recommendations, reflecting uncertainty about the stock's future performance.",-0.112608,Neutral,0.561298,0.125287,Neutral
20260829T232804,AMD,Advanced Micro Devices,"Jefferies Financial Group Inc. Buys New Stake in SunCoke Energy, Inc. $SXC",MarketBeat,https://www.marketbeat.com/instant-alerts/filing-jefferies-financial-group-inc-buys-new-stake-in-suncoke-energy-inc-sxc-2026-08-29/,"Jefferies Financial Group Inc. has acquired a new stake of 358,916 shares in SunCoke Energy, Inc. (NYSE:SXC), valued at approximately $2.9 million, representing a 0.42% ownership. This move comes as institutional investors collectively hold 90.45% of the company's stock. SunCoke Energy recently reported strong quarterly earnings, surpassing analyst estimates, and declared a quarterly dividend of $0.12 per share, despite a consensus ""Reduce"" rating from analysts.",0.174802,Somewhat-Bullish,0.564795,0.320537,Somewhat-Bullish
20260829T233429,AMD,Advanced Micro Devices,Transdigm Group Incorporated $TDG Position Reduced by Public Employees Retirement System of Ohio,MarketBeat,https://www.marketbeat.com/instant-alerts/filing-transdigm-group-incorporated-tdg-position-reduced-by-public-employees-retirement-system-of-ohio-2026-08-29/,"Public Employees Retirement System of Ohio has reduced its stake in Transdigm Group Incorporated (NYSE:TDG) by 5.1% in the second quarter, now owning 20,844 shares valued at $27.76 million. TransDigm reported strong quarterly earnings, beating consensus estimates with $10.87 EPS and 22.5% revenue growth. Despite a mixed analyst outlook, insider selling has occurred, totaling $48 million in the last 90 days.",0.139541,Neutral,0.631651,0.133886,Neutral
20260829T233504,AMD,Advanced Micro Devices,"25,348 Shares in Teledyne Technologies Incorporated $TDY Purchased by The Manufacturers Life Insurance Company",MarketBeat,https://www.marketbeat.com/instant-alerts/filing-25348-shares-in-teledyne-technologies-incorporated-tdy-purchased-by-the-manufacturers-life-insurance-company-2026-08-29/,"The Manufacturers Life Insurance Company recently acquired 25,348 shares of Teledyne Technologies (NYSE:TDY) valued at approximately $16.9 million, contributing to institutional investors' 91.58% ownership. Teledyne reported strong Q2 earnings, beating EPS estimates, with revenue up 9.8% year-over-year, and provided positive fiscal 2026 guidance. Analyst sentiment remains ""Moderate Buy"" despite a recent downgrade from one firm, with an average price target of $721.67.",0.208773,Somewhat-Bullish,0.604924,0.136617,Neutral
20260829T234809,AMD,Advanced Micro Devices,"Livforsakringsbolaget Skandia Omsesidigt Purchases New Position in Tapestry, Inc. $TPR",MarketBeat,https://www.marketbeat.com/instant-alerts/filing-livforsakringsbolaget-skandia-omsesidigt-purchases-new-position-in-tapestry-inc-tpr-2026-08-29/,"Livforsakringsbolaget Skandia Omsesidigt recently acquired a new stake of 73,803 shares, valued at approximately $10.8 million, in Tapestry, Inc. during the second quarter. Other institutional investors also increased their holdings, with hedge funds and institutional investors owning 90.77% of the company's stock. Tapestry reported strong quarterly earnings, beating analyst estimates, and increased its quarterly dividend.",0.172397,Somewhat-Bullish,0.553389,0.127078,Neutral
20260829T234839,AMD,Advanced Micro Devices,"BlackRock Inc. Invests $137.27 Million in Turning Point Brands, Inc. $TPB",MarketBeat,https://www.marketbeat.com/instant-alerts/filing-blackrock-inc-invests-13727-million-in-turning-point-brands-inc-tpb-2026-08-29/,"BlackRock Inc. has invested $137.27 million in Turning Point Brands, Inc., acquiring 1.62 million shares and taking an 8.36% stake in the company. Turning Point Brands has shown strong financial performance, exceeding quarterly earnings and revenue expectations, and institutional investors now collectively own 96.12% of the stock. Analysts have a ""Moderate Buy"" consensus rating for the company with an average price target of $115.67.",0.288876,Somewhat-Bullish,0.577036,0.147373,Neutral
20260829T235125,AMD,Advanced Micro Devices,"The Manufacturers Life Insurance Company Purchases Shares of 284,556 Timberland Bancorp, Inc. $TSBK",MarketBeat,https://www.marketbeat.com/instant-alerts/filing-the-manufacturers-life-insurance-company-purchases-shares-of-284556-timberland-bancorp-inc-tsbk-2026-08-29/,"The Manufacturers Life Insurance Company acquired a new stake of 284,556 shares in Timberland Bancorp, valued at approximately $12.75 million, representing a 3.66% ownership. Other institutional investors also modified their holdings, with overall institutional ownership at 65.49%. Timberland Bancorp reported $0.98 EPS on $21.10 million in revenue and increased its quarterly dividend to $0.30 per share, while its stock currently holds a consensus ""Buy"" rating.",0.209396,Somewhat-Bullish,0.554006,0.231689,Somewhat-Bullish
20260829T235158,AMD,Advanced Micro Devices,Van ECK Associates Corp Raises Stock Position in Tractor Supply Company $TSCO,MarketBeat,https://www.marketbeat.com/instant-alerts/filing-van-eck-associates-corp-raises-stock-position-in-tractor-supply-company-tsco-2026-08-29/,"Van ECK Associates Corp significantly increased its stake in Tractor Supply Company (NASDAQ:TSCO) by 2,983.6% in the second quarter, now owning 5.14 million shares valued at $162.6 million. Despite this substantial institutional investment, analysts maintain a cautious ""Hold"" rating with an average price target of $39.31, following the company's slightly below-consensus earnings and revenue report. Tractor Supply recently declared a quarterly dividend of $0.24 per share, and company insiders have also purchased over 20,000 shares.",0.026316,Neutral,0.560180,0.125549,Neutral
20260829T235159,AMD,Advanced Micro Devices,"473,271 Shares in Tractor Supply Company $TSCO Bought by Beacon Pointe Advisors LLC",MarketBeat,https://www.marketbeat.com/instant-alerts/filing-473271-shares-in-tractor-supply-company-tsco-bought-by-beacon-pointe-advisors-llc-2026-08-29/,"Beacon Pointe Advisors LLC acquired a significant new stake of 473,271 shares in Tractor Supply Company (NASDAQ:TSCO), valued at approximately $14.96 million. This purchase is part of broader institutional ownership, with hedge funds and other institutional investors collectively holding 98.72% of the company's stock. Despite the institutional interest, Tractor Supply recently reported slightly missed earnings expectations and analysts maintain a consensus ""Hold"" rating for the stock.",0.119861,Neutral,0.575388,0.250029,Somewhat-Bullish
20260829T235202,AMD,Advanced Micro Devices,"Phillips Financial Management LLC Purchases New Holdings in Tesla, Inc. $TSLA",MarketBeat,https://www.marketbeat.com/instant-alerts/filing-phillips-financial-management-llc-purchases-new-holdings-in-tesla-inc-tsla-2026-08-29/,"Phillips Financial Management LLC has acquired 3,996 shares of Tesla, Inc. (NASDAQ:TSLA) valued at approximately $1.68 million in the second quarter, making it their 29th-largest holding. Meanwhile, Tesla's CFO sold shares worth over $1 million for tax obligations. Despite beating revenue expectations, Tesla missed quarterly EPS estimates, leading analysts to maintain a consensus ""Hold"" rating with an average price target of $401.74, while the stock trades at a high price-to-earnings ratio above 300.",0.248671,Somewhat-Bullish,0.526215,0.312333,Somewhat-Bullish
20260830T000612,AMD,Advanced Micro Devices,Visa Inc. $V Stock Position Boosted by Provident Trust Co.,MarketBeat,https://www.marketbeat.com/instant-alerts/filing-visa-inc-v-stock-position-boosted-by-provident-trust-co-2026-08-30/,"Provident Trust Co. increased its stake in Visa Inc. by 0.3% in Q2 2026, bringing its total holding to 1.18 million shares valued at $405.9 million. This makes Visa the firm's fifth-largest holding, representing 8.5% of its portfolio. The article also highlights Visa's strong Q2 earnings, strategic partnerships in stablecoin and AI payments, and analyst consensus of a ""Buy"" rating, while noting risks like its high valuation and recent insider selling.",0.237184,Somewhat-Bullish,0.626356,0.114153,Neutral
20260830T000913,AMD,Advanced Micro Devices,Corient Private Wealth LP Makes New $19.07 Million Investment in VICI Properties Inc. $VICI,MarketBeat,https://www.marketbeat.com/instant-alerts/filing-corient-private-wealth-lp-makes-new-1907-million-investment-in-vici-properties-inc-vici-2026-08-29/,"Corient Private Wealth LP has made a new investment of $19.07 million in VICI Properties Inc. (NYSE:VICI), acquiring 718,064 shares. Despite this new institutional interest, analyst sentiment remains mixed, with the stock holding a consensus ""Hold"" rating and an average price target of $31.29. VICI Properties, a real estate investment trust specializing in experiential real estate, reported quarterly revenue of $1.06 billion but missed earnings expectations, while maintaining a quarterly dividend of $0.45 per share.",0.141483,Neutral,0.621065,0.342392,Somewhat-Bullish
20260830T002233,AMD,Advanced Micro Devices,Welltower Inc. $WELL Shares Sold by Wellington Management Group LLP,MarketBeat,https://www.marketbeat.com/instant-alerts/filing-welltower-inc-well-shares-sold-by-wellington-management-group-llp-2026-08-29/,"Wellington Management Group LLP reduced its stake in Welltower Inc. (NYSE:WELL) by 10.4% in the second quarter, selling over 1.77 million shares but still retaining a significant holding valued at $3.45 billion. Despite this sale, institutional investors collectively own 94.8% of the REIT, and analysts maintain a ""Moderate Buy"" rating with a consensus price target of $246.11. The company recently increased its quarterly dividend and reported strong year-over-year revenue growth, although it missed quarterly earnings estimates.",0.21626,Somewhat-Bullish,0.565989,0.296875,Somewhat-Bullish
20260830T002233,AMD,Advanced Micro Devices,Van ECK Associates Corp Has $113.75 Million Stock Holdings in Welltower Inc. $WELL,MarketBeat,https://www.marketbeat.com/instant-alerts/filing-van-eck-associates-corp-has-11375-million-stock-holdings-in-welltower-inc-well-2026-08-29/,"Van ECK Associates Corp increased its stake in Welltower Inc. (NYSE:WELL) by 6.3% in the second quarter, bringing its total holdings to 501,172 shares valued at $113.75 million. Institutional investors collectively own 94.8% of Welltower's stock, and analysts maintain a ""Moderate Buy"" consensus with an average price target of $246.11. Despite missing EPS estimates, Welltower reported a 39.1% year-over-year revenue increase and raised its quarterly dividend to $0.85 per share.",0.186226,Somewhat-Bullish,0.563829,0.118237,Neutral
20260830T002323,AMD,Advanced Micro Devices,Rakuten Investment Management Inc. Invests $41.82 Million in Wells Fargo & Company $WFC,MarketBeat,https://www.marketbeat.com/instant-alerts/filing-rakuten-investment-management-inc-invests-4182-million-in-wells-fargo-company-wfc-2026-08-29/,"Rakuten Investment Management Inc. has acquired a new stake of 500,764 shares in Wells Fargo & Company, valued at approximately $41.82 million. This investment comes as Wells Fargo reported strong quarterly earnings, exceeding analyst expectations with $1.96 per share and $22.62 billion in revenue, an 8.6% increase year-over-year. Analysts maintain a ""Moderate Buy"" consensus for WFC, with an average price target of $98.61, and the company recently raised its quarterly dividend to $0.50 per share.",0.395118,Bullish,0.648041,0.312732,Somewhat-Bullish
20260830T002628,AMD,Advanced Micro Devices,Intel Corporation $INTC Shares Purchased by Wealthfront Advisers LLC,MarketBeat,https://www.marketbeat.com/instant-alerts/filing-intel-corporation-intc-shares-purchased-by-wealthfront-advisers-llc-2026-08-29/,"Wealthfront Advisers LLC increased its holdings in Intel Corporation by 15.5% in the second quarter, purchasing 91,609 additional shares. This comes amid other institutional investor activity and a reported insider purchase by CEO Lip-Bu Tan. Despite positive sentiment from some analysts and strong revenue growth, Intel faces significant challenges including manufacturing losses and intense competition in the AI chip market.",0.051177,Neutral,0.624185,-0.093578,Neutral
20260830T002642,AMD,Advanced Micro Devices,"Bank of New York Mellon Corp Acquires Shares of 1,260,118 Warner Music Group Corp. $WMG",MarketBeat,https://www.marketbeat.com/instant-alerts/filing-bank-of-new-york-mellon-corp-acquires-shares-of-1260118-warner-music-group-corp-wmg-2026-08-29/,"Bank of New York Mellon Corp has acquired 1,260,118 shares of Warner Music Group Corp. (NASDAQ:WMG) valued at approximately $34.1 million, representing a 0.24% stake. This comes as Warner Music Group exceeded its quarterly earnings expectations, reporting an EPS of $0.51 and a revenue of $1.86 billion, and raised its quarterly dividend to $0.20 per share. Analysts currently maintain a ""Moderate Buy"" consensus rating for WMG with an average target price of $38.77.",0.31237,Somewhat-Bullish,0.610854,0.211346,Somewhat-Bullish
20260830T002737,AMD,Advanced Micro Devices,"Algert Global LLC Takes Position in Worthington Enterprises, Inc. $WOR",MarketBeat,https://www.marketbeat.com/instant-alerts/filing-algert-global-llc-takes-position-in-worthington-enterprises-inc-wor-2026-08-29/,"Algert Global LLC acquired a new position in Worthington Enterprises (NYSE:WOR) during the second quarter, purchasing 68,590 shares valued at approximately $3.69 million. This investment accounts for 0.14% of the company, with institutional investors and hedge funds collectively owning 51.59% of the stock. Despite missing analyst estimates for EPS and revenue, Worthington Enterprises increased its quarterly dividend and maintains a ""Moderate Buy"" consensus rating among analysts.",0.328819,Somewhat-Bullish,0.601536,0.383280,Bullish
20260830T002940,AMD,Advanced Micro Devices,"Connor Clark & Lunn Investment Management Ltd. Purchases Shares of 1,064,305 W&T Offshore, Inc. $WTI",MarketBeat,https://www.marketbeat.com/instant-alerts/filing-connor-clark-lunn-investment-management-ltd-purchases-shares-of-1064305-wt-offshore-inc-wti-2026-08-29/,"Connor Clark & Lunn Investment Management Ltd. acquired a new position of 1,064,305 shares in W&T Offshore, Inc. (NYSE:WTI) during the second quarter, valued at approximately $3.35 million. Institutional investors now own 42.88% of W&T Offshore, with other major firms like BlackRock and Vanguard also holding significant stakes. Despite missing analyst earnings estimates, W&T Offshore's revenue surpassed expectations, and analysts currently hold a consensus ""Hold"" rating with a $4.25 price target.",0.133862,Neutral,0.579709,0.124128,Neutral
20260830T003346,AMD,Advanced Micro Devices,"Deutsche Bank AG Acquires New Shares in Xencor, Inc. $XNCR",MarketBeat,https://www.marketbeat.com/instant-alerts/filing-deutsche-bank-ag-acquires-new-shares-in-xencor-inc-xncr-2026-08-29/,"Deutsche Bank AG has acquired a new stake in Xencor, Inc. (NASDAQ:XNCR), purchasing 119,822 shares valued at approximately $1.93 million, representing 0.16% of the biopharmaceutical company. Other hedge funds also adjusted their positions in Xencor. The company's Q2 earnings exceeded expectations with revenue up 17.4% year-over-year, although analyst sentiment remains mixed with a consensus ""Hold"" rating.",0.296608,Somewhat-Bullish,0.576556,0.201086,Somewhat-Bullish
20260830T030722,AMD,Advanced Micro Devices,"Analog Devices, Inc. $ADI Shares Sold by Royal London Asset Management Ltd.",MarketBeat,https://www.marketbeat.com/instant-alerts/filing-analog-devices-inc-adi-shares-sold-by-royal-london-asset-management-ltd-2026-08-29/,"Royal London Asset Management Ltd. reduced its stake in Analog Devices (NASDAQ:ADI) by 3.1% in the second quarter, selling 16,780 shares, but still holds 521,402 shares valued at approximately $207.1 million. Despite this sale, institutional investors collectively own 86.81% of ADI, and analysts maintain a consensus ""Buy"" rating with an average price target of $454.63. The company recently exceeded quarterly expectations with strong EPS and revenue growth, and declared a quarterly dividend of $1.10 per share.",0.171736,Somewhat-Bullish,0.569148,0.123511,Neutral
20260830T060525,AMD,Advanced Micro Devices,Cerebras System's Choppy Year Continues But a Wall Street Pro Forecasts 80% Returns Moving Forward,24/7 Wall St.,https://247wallst.com/investing/2026/08/25/cerebras-systems-choppy-year-continues-but-a-wall-street-pro-forecasts-80-returns-moving-forward/,"Cerebras Systems (CBRS) has experienced a turbulent year, with its stock collapsing 40% from its May peak due to a disappointing Q2 earnings report. Despite this, Wall Street analysts maintain a bullish outlook, with a consensus price target implying 57% upside and UBS forecasting 78% upside, citing the company's significant backlog, hyper-growth revenue plans, and technological advantages in AI systems. The article suggests the selloff was overdone but acknowledges the high execution risk associated with Cerebras compared to peers like NVIDIA and AMD.",0.153967,Somewhat-Bullish,0.832542,0.143439,Neutral
20260830T071237,AMD,Advanced Micro Devices,Beacon Pointe Advisors LLC Takes $2.65 Million Position in General Dynamics Corporation $GD,MarketBeat,https://www.marketbeat.com/instant-alerts/filing-beacon-pointe-advisors-llc-takes-265-million-position-in-general-dynamics-corporation-gd-2026-08-30/,"Beacon Pointe Advisors LLC has acquired a new stake in General Dynamics Corporation (NYSE:GD) worth approximately $2.65 million, holding 7,488 shares. Institutional investors collectively own 86.14% of the stock. General Dynamics recently exceeded earnings and revenue expectations, reporting $4.24 EPS and $14.09 billion in revenue, and analysts maintain a ""Moderate Buy"" rating with an average target price of $410.89.",0.23009,Somewhat-Bullish,0.574901,0.147773,Neutral
20260830T074546,AMD,Advanced Micro Devices,"Empowered Funds LLC Acquires 41,587 Shares of General Mills, Inc. $GIS",MarketBeat,https://www.marketbeat.com/instant-alerts/filing-empowered-funds-llc-acquires-41587-shares-of-general-mills-inc-gis-2026-08-30/,"Empowered Funds LLC increased its stake in General Mills, Inc. (NYSE:GIS) by 19.9% in the second quarter, acquiring an additional 41,587 shares and bringing its total holdings to 251,038 shares valued at $8.7 million. Other institutional investors also adjusted their positions in GIS, which is 75.71% institutionally owned. Analysts currently hold a ""Reduce"" consensus rating for General Mills, with an average price target of $39.16, despite the company beating its recent earnings estimates and offering a 5.9% annualized dividend yield.",0.115407,Neutral,0.646236,0.120889,Neutral
20260830T080848,AMD,Advanced Micro Devices,"Advent International L.P. Sells 118,082 Shares of Advanced Micro Devices, Inc. $AMD",MarketBeat,https://www.marketbeat.com/instant-alerts/filing-advent-international-lp-sells-118082-shares-of-advanced-micro-devices-inc-amd-2026-08-30/,"Advent International L.P. reduced its stake in Advanced Micro Devices (AMD) by 48.4% during the second quarter, selling 118,082 shares, though AMD remains its 12th largest holding. Despite this institutional selling, analyst sentiment for AMD remains largely bullish with a ""Moderate Buy"" consensus rating. The company reported strong quarterly revenue growth of 50.1%, but also saw significant insider selling under pre-arranged trading plans.",0.114454,Neutral,1.000000,0.097689,Neutral
20260830T085001,AMD,Advanced Micro Devices,Flputnam Investment Management Co. Decreases Stock Holdings in Lam Research Corporation $LRCX,MarketBeat,https://www.marketbeat.com/instant-alerts/filing-flputnam-investment-management-co-decreases-stock-holdings-in-lam-research-corporation-lrcx-2026-08-30/,"Flputnam Investment Management Co. reduced its stake in Lam Research Corporation by 24% in Q2, selling 92,333 shares but still holding 292,741 shares valued at $126.9 million. Despite this reduction and recent insider selling, institutional investors collectively own 84.61% of the company, and analysts maintain a ""Moderate Buy"" rating with an average target price of $357.31. Lam Research exceeded Q2 earnings expectations, increased its dividend by 27%, and is investing $3 billion in a new AI semiconductor lab, though concerns over U.S.-China trade relations and tariffs persist.",0.107911,Neutral,0.647030,0.130339,Neutral
20260830T102841,AMD,Advanced Micro Devices,"UBS AM a distinct business unit of UBS ASSET MANAGEMENT AMERICAS LLC Has $1.29 Billion Stock Holdings in Equinix, Inc. $EQIX",MarketBeat,https://www.marketbeat.com/instant-alerts/filing-ubs-am-a-distinct-business-unit-of-ubs-asset-management-americas-llc-has-129-billion-stock-holdings-in-equinix-inc-eqix-2026-08-30/,"UBS Asset Management significantly increased its stake in Equinix, Inc. (NASDAQ:EQIX) during the second quarter, acquiring 1.23 million additional shares, bringing its total holdings to 1.24 million shares valued at approximately $1.29 billion. Equinix reported strong quarterly results with a 16.4% year-over-year revenue increase and EPS significantly exceeding analyst estimates. Analysts maintain a ""Moderate Buy"" rating with an average price target of $1,203.40, and the company declared a quarterly dividend of $5.16 per share.",0.312411,Somewhat-Bullish,0.559571,0.240683,Somewhat-Bullish
20260830T130840,AMD,Advanced Micro Devices,"Rakuten Investment Management Inc. Makes New $6.59 Million Investment in Ameriprise Financial, Inc. $AMP",MarketBeat,https://www.marketbeat.com/instant-alerts/filing-rakuten-investment-management-inc-makes-new-659-million-investment-in-ameriprise-financial-inc-amp-2026-08-30/,"Rakuten Investment Management Inc. has made a new $6.59 million investment in Ameriprise Financial, Inc., purchasing 14,749 shares during the second quarter. Other institutional investors also adjusted their holdings in the company. Ameriprise Financial reported strong quarterly earnings and revenue, with analysts maintaining a ""Moderate Buy"" rating and an average price target of $555.33.",0.397647,Bullish,0.577891,0.278714,Somewhat-Bullish
20260830T142900,AMD,Advanced Micro Devices,"Canada Pension Plan Investment Board Acquires Shares of 21,700 WESCO International, Inc. $WCC",MarketBeat,https://www.marketbeat.com/instant-alerts/filing-canada-pension-plan-investment-board-acquires-shares-of-21700-wesco-international-inc-wcc-2026-08-30/,"The Canada Pension Plan Investment Board recently acquired 21,700 shares of WESCO International, Inc. (NYSE:WCC) valued at approximately $7.5 million during the second quarter. Institutional investors now hold 93.75% of the company's stock. Analysts maintain a ""Buy"" rating for WESCO, with an average price target of $374.29, following strong earnings and revenue growth, and a declared quarterly dividend of $0.50 per share.",0.353053,Bullish,0.626872,0.121285,Neutral
20260830T143117,AMD,Advanced Micro Devices,Benjamin Edwards Inc. Has $18.51 Million Position in Cummins Inc. $CMI,MarketBeat,https://www.marketbeat.com/instant-alerts/filing-benjamin-edwards-inc-has-1851-million-position-in-cummins-inc-cmi-2026-08-30/,"Benjamin Edwards Inc. has reduced its stake in Cummins Inc. by 22.3% in the second quarter, now holding 25,933 shares valued at $18.51 million. Despite this, institutional investors and hedge funds own a significant 83.46% of the stock. Cummins reported quarterly EPS of $6.73, missing consensus estimates, but saw a 9.4% year-over-year revenue increase and boosted its quarterly dividend to $2.20 per share.",0.094363,Neutral,0.596915,0.128439,Neutral
20260830T143617,AMD,Advanced Micro Devices,"Wellington Management Group LLP Sells 2,964,922 Shares of Darden Restaurants, Inc. $DRI",MarketBeat,https://www.marketbeat.com/instant-alerts/filing-wellington-management-group-llp-sells-2964922-shares-of-darden-restaurants-inc-dri-2026-08-30/,"Wellington Management Group LLP significantly reduced its stake in Darden Restaurants, selling 2.96 million shares, a 43.3% decrease, while still holding 3.88 million shares worth approximately $800.2 million. Despite this insider selling and sales by company executives, analysts maintain a ""Moderate Buy"" rating for Darden Restaurants, with an average price target of $230.50. The company reported strong quarterly earnings, surpassing estimates, and increased its quarterly dividend.",0.119913,Neutral,0.639674,-0.134794,Neutral
20260830T145239,AMD,Advanced Micro Devices,Empowered Funds LLC Makes New $9.37 Million Investment in Sysco Corporation $SYY,MarketBeat,https://www.marketbeat.com/instant-alerts/filing-empowered-funds-llc-makes-new-937-million-investment-in-sysco-corporation-syy-2026-08-30/,"Empowered Funds LLC has made a new investment of $9.37 million in Sysco Corporation, acquiring 112,110 shares in the second quarter. Institutional investors collectively own 83.41% of Sysco, which recently reported strong quarterly earnings exceeding expectations with $1.53 EPS and $22.12 billion in revenue. Analysts maintain a ""Moderate Buy"" consensus for Sysco with an average price target of $89.50, and the company has declared a quarterly dividend of $0.55 per share.",0.257015,Somewhat-Bullish,0.576873,0.070758,Neutral
20260830T160929,AMD,Advanced Micro Devices,"Public Employees Retirement System of Ohio Purchases Shares of 95,014 Arthur J. Gallagher & Co. $AJG",MarketBeat,https://www.marketbeat.com/instant-alerts/filing-public-employees-retirement-system-of-ohio-purchases-shares-of-95014-arthur-j-gallagher-co-ajg-2026-08-30/,"Public Employees Retirement System of Ohio has acquired 95,014 shares of Arthur J. Gallagher & Co. (NYSE:AJG) in the second quarter, a stake valued at approximately $21.8 million. Institutional investors now own 85.53% of the company, which maintains a ""Moderate Buy"" consensus from analysts with an average price target of $290.28. The company recently reported strong quarterly earnings, exceeding EPS estimates and showing a 24.3% year-over-year revenue increase, and declared a quarterly dividend of $0.70 per share.",0.154995,Somewhat-Bullish,0.644931,0.209743,Somewhat-Bullish
20260830T162447,AMD,Advanced Micro Devices,"Palisade Capital Management LP Sells 8,812 Shares of Advanced Micro Devices, Inc. $AMD",MarketBeat,https://www.marketbeat.com/instant-alerts/filing-palisade-capital-management-lp-sells-8812-shares-of-advanced-micro-devices-inc-amd-2026-08-30/,"Palisade Capital Management LP reduced its stake in Advanced Micro Devices (AMD) by 10.3%, selling 8,812 shares but still retaining 77,021 shares worth $44.7 million. Despite some insider selling and potential tariff risks, AMD maintains a ""Moderate Buy"" consensus rating with an average price target of $553.72, driven by strong AI and data-center growth expectations and recent earnings exceeding forecasts. Institutional investors collectively own 71.34% of the company's stock, indicating significant confidence.",0.018273,Neutral,1.000000,0.297635,Somewhat-Bullish
20260830T162448,AMD,Advanced Micro Devices,"Freestone Grove Partners LP Grows Position in Advanced Micro Devices, Inc. $AMD",MarketBeat,https://www.marketbeat.com/instant-alerts/filing-freestone-grove-partners-lp-grows-position-in-advanced-micro-devices-inc-amd-2026-08-30/,"Freestone Grove Partners LP increased its stake in Advanced Micro Devices (AMD) by 26.1% in the second quarter, now holding 18,647 shares valued at approximately $10.8 million. The article highlights AMD's strong quarterly revenue growth of 50.1% year-over-year and positive analyst sentiment with a ""Moderate Buy"" rating, while also noting risks from potential tariffs, high valuation, and competition. Despite some insider selling and profit-taking by institutional investors, AMD's AI product roadmap and partnership with Nutanix are expected to drive continued data-center growth.",0.1781,Somewhat-Bullish,1.000000,0.318539,Somewhat-Bullish
20260830T162448,AMD,Advanced Micro Devices,"Arini Capital Management Ltd Invests $8.71 Million in Advanced Micro Devices, Inc. $AMD",MarketBeat,https://www.marketbeat.com/instant-alerts/filing-arini-capital-management-ltd-invests-871-million-in-advanced-micro-devices-inc-amd-2026-08-30/,"Arini Capital Management Ltd has acquired 15,000 shares of Advanced Micro Devices (AMD) valued at approximately $8.71 million, making it their 13th largest holding. Institutional investors own 71.34% of AMD, which recently reported strong quarterly revenue and earnings, exceeding analyst expectations. Despite a consensus ""Moderate Buy"" rating from analysts, the company faces potential risks from tariffs and insider selling, with over $114 million in shares sold by insiders in the last three months.",0.14057,Neutral,1.000000,0.258069,Somewhat-Bullish
20260830T162448,AMD,Advanced Micro Devices,"EFG International AG Sells 9,461 Shares of Advanced Micro Devices, Inc. $AMD",MarketBeat,https://www.marketbeat.com/instant-alerts/filing-efg-international-ag-sells-9461-shares-of-advanced-micro-devices-inc-amd-2026-08-30/,"EFG International AG reduced its stake in Advanced Micro Devices (AMD) by 10.1% in Q2, selling 9,461 shares and retaining 84,631 shares valued at $49.2 million. Despite insider selling and potential tariffs, analyst sentiment remains positive with a ""Moderate Buy"" rating and a $553.72 average price target. AMD reported strong Q2 operating growth with revenue up 50.1% to $11.54 billion and EPS of $1.66, exceeding estimates.",-0.061909,Neutral,1.000000,0.021197,Neutral
20260830T163618,AMD,Advanced Micro Devices,Greenwood Capital Associates LLC Makes New Investment in Gen Digital Inc. $GEN,MarketBeat,https://www.marketbeat.com/instant-alerts/filing-greenwood-capital-associates-llc-makes-new-investment-in-gen-digital-inc-gen-2026-08-30/,"Greenwood Capital Associates LLC has made a new investment in Gen Digital Inc. (NASDAQ:GEN), purchasing 42,076 shares valued at $1.05 million. The cybersecurity company reported strong quarterly earnings of $0.71 per share and revenue of $1.34 billion, exceeding analyst estimates, and also declared a quarterly dividend of $0.125 per share. While institutional ownership is high at 81.38%, analyst ratings are predominantly ""Hold"" with an average price target of $31.67, and recent insider trading shows mixed activity.",0.258807,Somewhat-Bullish,0.557868,0.253998,Somewhat-Bullish
20260830T165213,AMD,Advanced Micro Devices,"BlackRock Inc. Buys Shares of 1,075,115 Anterix Inc. $ATEX",MarketBeat,https://www.marketbeat.com/instant-alerts/filing-blackrock-inc-buys-shares-of-1075115-anterix-inc-atex-2026-08-30/,"BlackRock Inc. recently acquired 1,075,115 shares of Anterix Inc. (NASDAQ:ATEX) during the second quarter, making its stake worth approximately $110.7 million and representing 5.51% of the company. Institutional investors collectively own a significant 87.67% of Anterix. The company holds a ""Moderate Buy"" consensus rating from analysts with an average price target of $120, despite some recent downgrades.",0.155596,Somewhat-Bullish,0.595769,0.141172,Neutral
20260830T165433,AMD,Advanced Micro Devices,Penn Capital Management Company LLC Buys New Shares in MGM Resorts International $MGM,MarketBeat,https://www.marketbeat.com/instant-alerts/filing-penn-capital-management-company-llc-buys-new-shares-in-mgm-resorts-international-mgm-2026-08-30/,"Penn Capital Management Company LLC acquired 30,249 new shares of MGM Resorts International, valued at approximately $1.46 million, during the second quarter. Institutional investors collectively own 68.11% of MGM's outstanding stock, and the company recently reported strong quarterly earnings and revenue that exceeded analyst estimates. Analysts generally have a ""Moderate Buy"" rating for MGM, with an average price target significantly higher than its current trading price.",0.225325,Somewhat-Bullish,0.626055,0.234436,Somewhat-Bullish
20260830T165433,AMD,Advanced Micro Devices,"939,772 Shares in Dana Incorporated $DAN Bought by Bank of New York Mellon Corp",MarketBeat,https://www.marketbeat.com/instant-alerts/filing-939772-shares-in-dana-incorporated-dan-bought-by-bank-of-new-york-mellon-corp-2026-08-30/,"Bank of New York Mellon Corp has acquired 939,772 shares of Dana Incorporated (NYSE:DAN) worth approximately $25.6 million, representing an estimated 0.87% stake in the auto parts company. This purchase comes as institutional investors and hedge funds collectively own 96.79% of Dana. Despite missing quarterly EPS estimates, Dana reported a 3.9% year-over-year revenue increase and maintained its fiscal 2026 EPS guidance, while analysts hold a consensus ""Hold"" rating with an average price target of $37.",0.194469,Somewhat-Bullish,0.589686,0.201684,Somewhat-Bullish
20260830T165510,AMD,Advanced Micro Devices,Denali Advisors LLC Buys New Shares in Atlanticus Holdings Corporation $ATLC,MarketBeat,https://www.marketbeat.com/instant-alerts/filing-denali-advisors-llc-buys-new-shares-in-atlanticus-holdings-corporation-atlc-2026-08-30/,"Denali Advisors LLC has acquired 19,871 shares of Atlanticus Holdings Corporation (NASDAQ:ATLC) worth approximately $2.03 million in the second quarter. Several other institutional investors, including BlackRock Inc., also initiated new positions in the company, bringing institutional ownership to 14.15%. Despite recent insider sales totaling $7.87 million, analysts maintain a ""Moderate Buy"" rating with an average price target of $126.00, following Atlanticus's recent beat on quarterly earnings and revenue estimates.",0.20397,Somewhat-Bullish,0.542486,0.268930,Somewhat-Bullish
20260830T170118,AMD,Advanced Micro Devices,Provident Trust Co. Has $311.47 Million Position in American Express Company $AXP,MarketBeat,https://www.marketbeat.com/instant-alerts/filing-provident-trust-co-has-31147-million-position-in-american-express-company-axp-2026-08-30/,"Provident Trust Co. increased its stake in American Express (NYSE: AXP) by 0.4% in Q2, bringing its total holding to 920,817 shares valued at $311.5 million, making AXP its 8th largest position. Analysts maintain a ""Moderate Buy"" rating for American Express with an average price target of $373.32. The company recently reported Q2 EPS of $4.53, exceeding estimates, and revenue growth of 10% year-over-year, alongside a quarterly dividend of $0.95 per share.",0.065269,Neutral,0.641382,0.324789,Somewhat-Bullish
20260830T171315,AMD,Advanced Micro Devices,"BlackRock Inc. Buys New Stake in Business First Bancshares, Inc. $BFST",MarketBeat,https://www.marketbeat.com/instant-alerts/filing-blackrock-inc-buys-new-stake-in-business-first-bancshares-inc-bfst-2026-08-30/,"BlackRock Inc. has acquired a significant new stake in Business First Bancshares, Inc. (NASDAQ:BFST) during the second quarter, purchasing 2.73 million shares valued at approximately $84 million, which represents an 8.4% ownership. This move increases institutional ownership to 47.35%, despite some insider selling. Analysts maintain a ""Buy"" rating for BFST, with a consensus price target of $34.75, following recent positive earnings results and a declared quarterly dividend.",0.259321,Somewhat-Bullish,0.520826,0.101741,Neutral
20260830T172438,AMD,Advanced Micro Devices,Deutsche Bank AG Invests $1.44 Million in Bruker Corporation $BRKR,MarketBeat,https://www.marketbeat.com/instant-alerts/filing-deutsche-bank-ag-invests-144-million-in-bruker-corporation-brkr-2026-08-30/,"Deutsche Bank AG has acquired a new stake in Bruker Corporation, purchasing 23,914 shares valued at approximately $1.44 million. Bruker, a medical research company, reported strong quarterly earnings, beating analyst estimates, and announced a quarterly dividend of $0.05 per share. Institutional investors hold a significant portion of the company's stock, and analysts maintain a ""Moderate Buy"" rating with an average price target of $56.64.",0.030091,Neutral,0.581737,0.120862,Neutral
20260830T173329,AMD,Advanced Micro Devices,"95,165 Shares in Bridgewater Bancshares, Inc. $BWB Purchased by Connor Clark & Lunn Investment Management Ltd.",MarketBeat,https://www.marketbeat.com/instant-alerts/filing-95165-shares-in-bridgewater-bancshares-inc-bwb-purchased-by-connor-clark-lunn-investment-management-ltd-2026-08-30/,"Connor Clark & Lunn Investment Management Ltd. recently purchased 95,165 shares of Bridgewater Bancshares, Inc. (NASDAQ:BWB) worth approximately $2.0 million, increasing institutional ownership to 65.83%. Analysts maintain a ""Moderate Buy"" rating with a consensus target price of $23.67, following the company's Q2 earnings report which met EPS estimates. However, there have also been notable insider sales by Director Jeffrey D. Shellberg and CEO Jerry J. Baack in recent months.",0.290077,Somewhat-Bullish,0.590631,0.214022,Somewhat-Bullish
20260830T173458,AMD,Advanced Micro Devices,"Algert Global LLC Buys Shares of 51,600 Byline Bancorp, Inc. $BY",MarketBeat,https://www.marketbeat.com/instant-alerts/filing-algert-global-llc-buys-shares-of-51600-byline-bancorp-inc-by-2026-08-30/,"Algert Global LLC has acquired 51,600 shares of Byline Bancorp, Inc. (NYSE:BY) for approximately $1.94 million, adding to institutional ownership which collectively stands at 67.73%. Analysts maintain a ""Moderate Buy"" rating with an average price target of $43, and the company recently surpassed EPS estimates and increased its quarterly dividend. Insider activity shows sales by major shareholders and directors, although the stock's market cap is $1.73 billion with a P/E ratio of 11.60.",0.301615,Somewhat-Bullish,0.563209,0.328878,Somewhat-Bullish
20260830T173555,AMD,Advanced Micro Devices,Citigroup Inc. $C is Thornburg Investment Management Inc.'s Largest Position,MarketBeat,https://www.marketbeat.com/instant-alerts/filing-citigroup-inc-c-is-thornburg-investment-management-incs-largest-position-2026-08-30/,"Thornburg Investment Management Inc. has maintained Citigroup Inc. (NYSE:C) as its largest position, holding over 7.5 million shares worth approximately $1.06 billion, despite trimming its stake by 5.5% in Q2. Citigroup recently reported strong Q2 earnings, with EPS and revenue exceeding expectations, and increased its quarterly dividend while authorizing a $30 billion share buyback program. Analysts generally have a ""Moderate Buy"" rating for Citigroup, with an average price target of $145.22.",0.189768,Somewhat-Bullish,0.637135,0.112360,Neutral
20260830T173555,AMD,Advanced Micro Devices,Davidson Investment Advisors Reduces Position in Citigroup Inc. $C,MarketBeat,https://www.marketbeat.com/instant-alerts/filing-davidson-investment-advisors-reduces-position-in-citigroup-inc-c-2026-08-30/,"Davidson Investment Advisors reduced its stake in Citigroup Inc. by 5.3% in the second quarter, selling 16,922 shares but still holding over 300,000 shares valued at approximately $42.1 million. This reduction comes despite Citigroup reporting strong quarterly results, with EPS and revenue exceeding estimates, and raising its quarterly dividend. However, the article notes a potential SEC probe into margin lending that could pose risks to Citigroup's profitability.",-0.032502,Neutral,0.594575,0.124109,Neutral
20260830T173633,AMD,Advanced Micro Devices,"Private Management Group Inc. Increases Stock Position in Cable One, Inc. $CABO",MarketBeat,https://www.marketbeat.com/instant-alerts/filing-private-management-group-inc-increases-stock-position-in-cable-one-inc-cabo-2026-08-30/,"Private Management Group Inc. significantly increased its stake in Cable One, Inc. (NYSE:CABO) by 55.1% in the second quarter, now owning 8.32% of the company's stock. Despite this increased institutional interest, Cable One faces challenges including a high debt-to-equity ratio of 9.27 and cautious analyst sentiment, reflected in an average ""Reduce"" rating and a price target of $85.40, significantly higher than its current share price near $25.27. The company's stock has seen a wide 52-week range, opening near its low.",0.161105,Somewhat-Bullish,0.593158,0.431706,Bullish
20260830T173750,AMD,Advanced Micro Devices,Legal & General Group Plc Invests $19.92 Million in Match Group Inc. $MTCH,MarketBeat,https://www.marketbeat.com/instant-alerts/filing-legal-general-group-plc-invests-1992-million-in-match-group-inc-mtch-2026-08-30/,"Legal & General Group Plc has acquired a new stake of 523,537 shares in Match Group Inc. (NASDAQ:MTCH), valued at approximately $19.92 million, representing 0.22% of the company. Institutional investors now own 94.05% of Match Group, with other hedge funds also adjusting their positions. Match Group reported strong quarterly earnings, beating EPS expectations, and analysts maintain a ""Moderate Buy"" rating with a target price of $42.46.",0.089408,Neutral,0.553338,0.231979,Somewhat-Bullish
20260830T174011,AMD,Advanced Micro Devices,Empowered Funds LLC Takes Position in Chubb Limited $CB,MarketBeat,https://www.marketbeat.com/instant-alerts/filing-empowered-funds-llc-takes-position-in-chubb-limited-cb-2026-08-30/,"Empowered Funds LLC recently acquired 28,891 shares of Chubb Limited, valued at $9.84 million, during the second quarter. Several other institutional investors also initiated or adjusted their positions, with hedge funds and institutional investors collectively owning 83.81% of Chubb's stock. Despite a ""Hold"" average rating from analysts and an average price target of $361.00, Chubb exceeded its quarterly EPS expectations, reporting $7.26 against a $6.77 consensus.",0.187415,Somewhat-Bullish,0.636661,0.127592,Neutral
20260830T174535,AMD,Advanced Micro Devices,Rakuten Investment Management Inc. Acquires New Shares in Crown Castle Inc. $CCI,MarketBeat,https://www.marketbeat.com/instant-alerts/filing-rakuten-investment-management-inc-acquires-new-shares-in-crown-castle-inc-cci-2026-08-30/,"Rakuten Investment Management Inc. has acquired a new position in Crown Castle Inc. (NYSE:CCI), purchasing 71,365 shares valued at approximately $5.6 million in the second quarter. Crown Castle recently reported Q2 EPS of $0.22, missing analyst estimates, while revenue exceeded expectations. The company also declared a quarterly dividend of $1.0625 per share, resulting in an annualized yield of 5.6%, though its high payout ratio indicates pressure on dividend coverage.",0.0057,Neutral,0.638641,0.143810,Neutral
20260830T175305,AMD,Advanced Micro Devices,"Chemung Canal Trust Co. Sells 4,426 Shares of NVIDIA Corporation $NVDA",MarketBeat,https://www.marketbeat.com/instant-alerts/filing-chemung-canal-trust-co-sells-4426-shares-of-nvidia-corporation-nvda-2026-08-30/,"Chemung Canal Trust Co. reduced its stake in NVIDIA Corporation by 12.4%, selling 4,426 shares and retaining 31,194 shares valued at approximately $6.24 million. Despite this, NVIDIA remains a ""Moderate Buy"" according to analysts, with a consensus target price of $322.61. The company reported strong Q2 earnings with revenue up 105.9% year-over-year, announced a $1.00 annualized dividend, and authorized an $80 billion share-repurchase program.",0.031747,Neutral,0.575704,0.046522,Neutral
20260830T183703,AMD,Advanced Micro Devices,"3,863,049 Shares in Denison Mine Corp $DNN Purchased by Jupiter Topco LLC",MarketBeat,https://www.marketbeat.com/instant-alerts/filing-3863049-shares-in-denison-mine-corp-dnn-purchased-by-jupiter-topco-llc-2026-08-30/,"Jupiter Topco LLC has acquired 3,863,049 shares of Denison Mine Corp ($DNN) during the second quarter, a stake valued at approximately $11.9 million. This purchase gives Jupiter Topco LLC a 0.43% ownership in the uranium exploration and development company. Institutional investors collectively hold 36.74% of Denison Mine, and analysts maintain a ""Moderate Buy"" consensus rating with an average price target of $5.38.",0.220921,Somewhat-Bullish,0.542625,0.229346,Somewhat-Bullish
20260830T184032,AMD,Advanced Micro Devices,"1,741,638 Shares in Drilling Tools International Corp. $DTI Acquired by Private Management Group Inc.",MarketBeat,https://www.marketbeat.com/instant-alerts/filing-1741638-shares-in-drilling-tools-international-corp-dti-acquired-by-private-management-group-inc-2026-08-30/,"Private Management Group Inc. recently acquired 1,741,638 shares of Drilling Tools International Corp. (NASDAQ:DTI) during the second quarter, representing a 4.94% stake valued at approximately $3.36 million. Despite a recent 2.4% rise in DTI shares, the company missed quarterly earnings and revenue expectations. Analyst ratings for DTI are mixed, ranging from Strong Buy to Sell, with an overall consensus of ""Hold"" and an average price target of $2.80.",0.034172,Neutral,0.591031,0.144038,Neutral
20260830T184042,AMD,Advanced Micro Devices,Public Employees Retirement System of Ohio Acquires New Stake in Cintas Corporation $CTAS,MarketBeat,https://www.marketbeat.com/instant-alerts/filing-public-employees-retirement-system-of-ohio-acquires-new-stake-in-cintas-corporation-ctas-2026-08-30/,"Public Employees Retirement System of Ohio has acquired a new stake of 148,047 shares, valued at approximately $25.18 million, in Cintas Corporation (NASDAQ:CTAS) during the second quarter. Cintas has demonstrated strong financial performance, beating quarterly expectations with $1.29 EPS and $2.91 billion in revenue, and subsequently increasing its quarterly dividend to $0.52 per share. Analysts maintain a ""Moderate Buy"" consensus rating for Cintas with an average price target of $212.31.",0.353442,Bullish,0.583416,0.259987,Somewhat-Bullish
20260830T184042,AMD,Advanced Micro Devices,Benjamin Edwards Inc. Trims Holdings in Cintas Corporation $CTAS,MarketBeat,https://www.marketbeat.com/instant-alerts/filing-benjamin-edwards-inc-trims-holdings-in-cintas-corporation-ctas-2026-08-30/,"Benjamin Edwards Inc. recently decreased its stake in Cintas Corporation (NASDAQ:CTAS) by 12.8% during the second quarter, selling 24,198 shares and retaining 165,240 shares valued at approximately $28.1 million. Despite this reduction, institutional investors and hedge funds still collectively own 63.46% of CTAS, and analysts maintain a ""Moderate Buy"" consensus rating with an average price target of $212.31. Cintas has consistently exceeded earnings expectations, reporting $1.29 EPS and $2.91 billion in revenue for the quarter, and also increased its quarterly dividend to $0.52 per share.",0.214258,Somewhat-Bullish,0.637683,0.304509,Somewhat-Bullish
20260830T184354,AMD,Advanced Micro Devices,"46,600 Shares in Brinker International, Inc. $EAT Purchased by Canada Pension Plan Investment Board",MarketBeat,https://www.marketbeat.com/instant-alerts/filing-46600-shares-in-brinker-international-inc-eat-purchased-by-canada-pension-plan-investment-board-2026-08-30/,"The Canada Pension Plan Investment Board recently purchased 46,600 shares of Brinker International (NYSE:EAT) totaling approximately $7.83 million, representing a new stake of about 0.11% in the company. This comes as Brinker reported strong quarterly revenue of $1.54 billion, exceeding estimates, though EPS slightly missed consensus. Despite insider selling by executives and one analyst downgrade, the overall analyst sentiment remains favorable with a ""Moderate Buy"" rating and an average target price of $242.19, supported by positive revisions to future earnings outlooks by Zacks Research.",0.040352,Neutral,0.628092,0.129090,Neutral
20260830T184450,AMD,Advanced Micro Devices,"476,900 Shares in Echostar CORP $ECHO Acquired by Hennessy Advisors Inc.",MarketBeat,https://www.marketbeat.com/instant-alerts/filing-476900-shares-in-echostar-corp-echo-acquired-by-hennessy-advisors-inc-2026-08-30/,"Hennessy Advisors Inc. acquired a new position of 476,900 shares in Echostar CORP (NASDAQ:ECHO) valued at approximately $48.4 million, making it their 13th largest holding. Despite this institutional interest and a ""Moderate Buy"" consensus target price of $132.00 from analysts, Echostar reported a quarterly loss and insiders sold $7.6 million of stock. The company's stock trades at $86.84 and faces forecasts for a full-year loss.",0.086883,Neutral,0.561487,0.226475,Somewhat-Bullish
20260830T185448,AMD,Advanced Micro Devices,"52,562 Shares in Edgewell Personal Care Company $EPC Acquired by Deutsche Bank AG",MarketBeat,https://www.marketbeat.com/instant-alerts/filing-52562-shares-in-edgewell-personal-care-company-epc-acquired-by-deutsche-bank-ag-2026-08-30/,"Deutsche Bank AG recently acquired 52,562 shares of Edgewell Personal Care Company (NYSE:EPC), valued at approximately $1.4 million, representing a 0.11% stake in the company. Institutional investors collectively own 91.91% of Edgewell. The article also details the company's recent financial performance, including its Q2 earnings exceeding estimates, a declared quarterly dividend, and current analyst ratings which largely suggest a ""Hold"" position for the stock.",0.133758,Neutral,0.632864,0.100014,Neutral
20260830T185941,AMD,Advanced Micro Devices,Freestone Grove Partners LP Acquires New Shares in Etsy Inc $ETSY,MarketBeat,https://www.marketbeat.com/instant-alerts/filing-freestone-grove-partners-lp-acquires-new-shares-in-etsy-inc-etsy-2026-08-30/,"Freestone Grove Partners LP has acquired 14,809 new shares in Etsy Inc (NYSE:ETSY) during the second quarter, valued at approximately $1.12 million. Despite this new investment and high institutional ownership, analyst sentiment for Etsy remains cautious with a ""Hold"" rating, and insiders have sold off a significant amount of stock. The company's recent earnings report showed revenue exceeding estimates but missed EPS expectations.",-0.035501,Neutral,0.605738,0.173495,Somewhat-Bullish
20260830T190104,AMD,Advanced Micro Devices,Canada Pension Plan Investment Board Takes $12.79 Million Position in Evergy Inc. $EVRG,MarketBeat,https://www.marketbeat.com/instant-alerts/filing-canada-pension-plan-investment-board-takes-1279-million-position-in-evergy-inc-evrg-2026-08-30/,"The Canada Pension Plan Investment Board recently acquired 147,998 shares of Evergy Inc. (NASDAQ:EVRG), valued at approximately $12.79 million, giving it a 0.06% stake in the utility company. This move comes as Evergy exceeded its quarterly earnings expectations, reporting an EPS of $0.88 against a consensus of $0.81 and revenue of $1.50 billion. Analysts maintain a ""Moderate Buy"" rating for Evergy, with an average price target of $90.60.",0.256043,Somewhat-Bullish,0.576349,0.267219,Somewhat-Bullish
20260830T193216,AMD,Advanced Micro Devices,"Hsbc Holdings PLC Invests $4.50 Million in FormFactor, Inc. $FORM",MarketBeat,https://www.marketbeat.com/instant-alerts/filing-hsbc-holdings-plc-invests-450-million-in-formfactor-inc-form-2026-08-30/,"HSBC Holdings PLC recently acquired 29,315 shares of FormFactor, Inc. (NASDAQ:FORM) for approximately $4.50 million, making it a new institutional investor in the semiconductor company. FormFactor reported strong quarterly results with better-than-expected EPS and revenue, though its stock opened down 7.7% at $101.69 on the day of the news. Analyst sentiment is generally positive, with a ""Moderate Buy"" rating and an average price target of $127.45, despite some recent downgrades.",0.218847,Somewhat-Bullish,0.566339,0.259259,Somewhat-Bullish
20260830T193259,AMD,Advanced Micro Devices,Equitable Holdings Inc. Takes Position in TechnipFMC plc $FTI,MarketBeat,https://www.marketbeat.com/instant-alerts/filing-equitable-holdings-inc-takes-position-in-technipfmc-plc-fti-2026-08-30/,"Equitable Holdings Inc. has acquired a new position in TechnipFMC plc, purchasing 13,436 shares valued at approximately $891,000. Other institutional investors like BlackRock Inc. and AQR Capital Management LLC have also significantly invested in TechnipFMC. The oil and gas company reported strong Q2 earnings with EPS of $0.91, exceeding estimates, and revenue up 9% year-over-year, while analysts maintain a ""Moderate Buy"" rating for the stock.",0.267568,Somewhat-Bullish,0.561315,0.254099,Somewhat-Bullish
20260830T193756,AMD,Advanced Micro Devices,"Empowered Funds LLC Purchases Shares of 329,266 Monte Rosa Therapeutics, Inc. $GLUE",MarketBeat,https://www.marketbeat.com/instant-alerts/filing-empowered-funds-llc-purchases-shares-of-329266-monte-rosa-therapeutics-inc-glue-2026-08-30/,"Empowered Funds LLC recently acquired 329,266 shares of Monte Rosa Therapeutics, valued at approximately $7.97 million, representing about 0.39% of the company's stock. This purchase comes as Monte Rosa Therapeutics faces a 6.6% stock decline, trading at $13.38, well below its 12-month high. Despite missing quarterly earnings and revenue expectations, analysts maintain a ""Moderate Buy"" rating with a consensus target price of $28.50.",0.133682,Neutral,0.572620,0.217544,Somewhat-Bullish
20260830T194345,AMD,Advanced Micro Devices,"Connor Clark & Lunn Investment Management Ltd. Purchases New Holdings in Granite Ridge Resources, Inc. $GRNT",MarketBeat,https://www.marketbeat.com/instant-alerts/filing-connor-clark-lunn-investment-management-ltd-purchases-new-holdings-in-granite-ridge-resources-inc-grnt-2026-08-30/,"Connor Clark & Lunn Investment Management Ltd. has acquired a new position in Granite Ridge Resources, purchasing 501,116 shares worth approximately $2.21 million, now owning 0.38% of the company. Other institutional investors have also adjusted their holdings, contributing to institutional ownership of 31.56%. Analysts have a ""Moderate Buy"" consensus rating with an average target price of $10.00, significantly higher than the current $5.06 stock price.",0.287583,Somewhat-Bullish,0.603474,0.127644,Neutral
20260830T194618,AMD,Advanced Micro Devices,"134,875 Shares in Getty Realty Corporation $GTY Acquired by Hsbc Holdings PLC",MarketBeat,https://www.marketbeat.com/instant-alerts/filing-134875-shares-in-getty-realty-corporation-gty-acquired-by-hsbc-holdings-plc-2026-08-30/,"Hsbc Holdings PLC recently acquired 134,875 shares of Getty Realty Corporation (NYSE:GTY) during the second quarter, a stake valued at approximately $4.5 million. This purchase represents about 0.22% of the real estate investment trust. Getty Realty has a ""Moderate Buy"" consensus rating from analysts, a 5.9% annualized dividend yield, and reported quarterly revenue of $59.05 million.",0.155708,Somewhat-Bullish,0.599364,0.216255,Somewhat-Bullish
20260830T195517,AMD,Advanced Micro Devices,"Legal & General Group Plc Purchases New Shares in Highwoods Properties, Inc. $HIW",MarketBeat,https://www.marketbeat.com/instant-alerts/filing-legal-general-group-plc-purchases-new-shares-in-highwoods-properties-inc-hiw-2026-08-30/,"Legal & General Group Plc has acquired 750,223 shares of Highwoods Properties, Inc. (NYSE:HIW) worth approximately $22.6 million, increasing institutional ownership of the REIT. Despite cautious analyst ratings, Highwoods Properties reported an increase in quarterly revenue and declared a dividend of $0.50 per share, offering a 6.4% annualized yield. The company's stock trades at $31.16 with a market capitalization of $3.44 billion.",0.141982,Neutral,0.566783,0.224896,Somewhat-Bullish
20260830T195541,AMD,Advanced Micro Devices,"697,375 Shares in Hecla Mining Company $HL Purchased by Jupiter Topco LLC",MarketBeat,https://www.marketbeat.com/instant-alerts/filing-697375-shares-in-hecla-mining-company-hl-purchased-by-jupiter-topco-llc-2026-08-30/,"Jupiter Topco LLC recently acquired a significant stake of 697,375 shares in Hecla Mining Company (NYSE:HL), valued at approximately $10.8 million, representing 0.10% of the company. Institutional investors collectively hold 63.01% of Hecla Mining. Analysts currently maintain a ""Hold"" rating on the stock with an average price target of $23.82, while the company recently reported quarterly EPS of $0.17 and a 9.8% year-over-year revenue increase.",0.093727,Neutral,0.620571,0.119466,Neutral
20260830T200326,AMD,Advanced Micro Devices,Nissay Asset Management Corp Japan Makes New $12.66 Million Investment in Hexcel Corporation $HXL,MarketBeat,https://www.marketbeat.com/instant-alerts/filing-nissay-asset-management-corp-japan-makes-new-1266-million-investment-in-hexcel-corporation-hxl-2026-08-30/,"Nissay Asset Management Corp Japan has acquired a new stake in Hexcel Corporation (NYSE:HXL), purchasing 126,508 shares valued at approximately $12.66 million, representing 0.17% of the company. Hexcel, a global leader in advanced composite materials for aerospace, reported strong quarterly earnings of $0.66 per share, beating estimates, with revenue up 8% year over year. Despite a consensus ""Hold"" rating from analysts, the company maintains a quarterly dividend and expects fiscal 2026 earnings between $2.30 and $2.40 per share.",0.286074,Somewhat-Bullish,0.560895,0.145704,Neutral
20260830T201424,AMD,Advanced Micro Devices,DCF Advisers LLC Takes $3.98 Million Position in Intel Corporation $INTC,MarketBeat,https://www.marketbeat.com/instant-alerts/filing-dcf-advisers-llc-takes-398-million-position-in-intel-corporation-intc-2026-08-30/,"DCF Advisers LLC initiated a new position in Intel Corporation, purchasing 28,500 shares valued at $3.98 million, making it a significant holding in their portfolio. This move comes amidst cautious analyst sentiment, with Intel generally rated as ""Hold,"" despite recent positive earnings and some analyst upgrades. The article highlights both positive and negative sentiments surrounding Intel, including insider buying by CEO Lip-Bu Tan and concerns about the profitability of its manufacturing operations.",0.045979,Neutral,0.725769,-0.237488,Somewhat-Bearish
20260830T201424,AMD,Advanced Micro Devices,one8zero8 LLC Invests $1.27 Million in Intel Corporation $INTC,MarketBeat,https://www.marketbeat.com/instant-alerts/filing-one8zero8-llc-invests-127-million-in-intel-corporation-intc-2026-08-30/,"one8zero8 LLC has invested $1.27 million in Intel Corporation by acquiring 9,065 shares, as disclosed in their latest SEC filing. This comes as Intel reported strong quarterly results, exceeding analyst expectations for EPS and revenue, though it still holds a negative net margin. Institutional investors now own 64.53% of Intel, and the CEO's recent $10 million stock purchase signals confidence despite ongoing concerns about manufacturing losses and execution risks.",0.156676,Somewhat-Bullish,0.731097,0.018825,Neutral
20260830T203643,AMD,Advanced Micro Devices,Denali Advisors LLC Has $3.52 Million Holdings in Ladder Capital Corp $LADR,MarketBeat,https://www.marketbeat.com/instant-alerts/filing-denali-advisors-llc-has-352-million-holdings-in-ladder-capital-corp-ladr-2026-08-30/,"Denali Advisors LLC reduced its stake in Ladder Capital Corp (LADR) by 26.6% in the second quarter, now holding 353,900 shares valued at $3.52 million. Despite a high payout ratio of 219.05% for its $0.23 quarterly dividend, institutional investors own 62.25% of the company, and analysts have a consensus ""Hold"" rating with an average price target of $12.36. The company recently met earnings expectations with $0.24 EPS and exceeded revenue estimates with $57.76 million.",0.214767,Somewhat-Bullish,0.640119,0.325863,Somewhat-Bullish
20260830T204230,AMD,Advanced Micro Devices,Deutsche Bank AG Acquires New Stake in Lindblad Expeditions $LIND,MarketBeat,https://www.marketbeat.com/instant-alerts/filing-deutsche-bank-ag-acquires-new-stake-in-lindblad-expeditions-lind-2026-08-30/,"Deutsche Bank AG has acquired a new stake of 51,944 shares in Lindblad Expeditions (NASDAQ:LIND) during the second quarter, valued at approximately $1.47 million. Institutional investors now own 75.94% of the company's stock, while analyst sentiment remains mixed with an average ""Hold"" rating and a target price of $31.20. Lindblad Expeditions exceeded revenue expectations and beat earnings estimates in its last quarterly report, though a director recently sold a significant number of shares.",0.098436,Neutral,0.580109,0.285521,Somewhat-Bullish
20260830T204738,AMD,Advanced Micro Devices,Wellington Management Group LLP Has $526.75 Million Stock Holdings in Lam Research Corporation $LRCX,MarketBeat,https://www.marketbeat.com/instant-alerts/filing-wellington-management-group-llp-has-52675-million-stock-holdings-in-lam-research-corporation-lrcx-2026-08-30/,"Wellington Management Group LLP significantly increased its stake in Lam Research Corporation (NASDAQ:LRCX) by 291.2% in the second quarter, bringing its holdings to 1.22 million shares valued at $526.75 million. The semiconductor company reported strong quarterly results, exceeding EPS and revenue estimates, and raised its quarterly dividend by 27%. Despite a ""Moderate Buy"" consensus rating from analysts, the company faces risks from U.S.-China trade tensions and recent insider selling.",0.256117,Somewhat-Bullish,0.566119,0.234442,Somewhat-Bullish
20260830T205434,AMD,Advanced Micro Devices,"Flputnam Investment Management Co. Raises Holdings in Marriott International, Inc. $MAR",MarketBeat,https://www.marketbeat.com/instant-alerts/filing-flputnam-investment-management-co-raises-holdings-in-marriott-international-inc-mar-2026-08-30/,"Flputnam Investment Management Co. significantly increased its stake in Marriott International, Inc. by 3,608.2% in the second quarter of 2026, now holding 26,625 shares valued at approximately $9.87 million. The article details other institutional investors' adjusted positions and highlights Marriott's recent financial performance, including a Q2 EPS beat and a declared quarterly dividend of $0.73 per share. Analyst ratings maintain a ""Moderate Buy"" consensus for Marriott, with an average price target of $385.65.",0.204711,Somewhat-Bullish,0.631583,0.207088,Somewhat-Bullish
20260830T210619,AMD,Advanced Micro Devices,Public Employees Retirement System of Ohio Invests $17.06 Million in MKS Inc. $MKSI,MarketBeat,https://www.marketbeat.com/instant-alerts/filing-public-employees-retirement-system-of-ohio-invests-1706-million-in-mks-inc-mksi-2026-08-30/,"The Public Employees Retirement System of Ohio has invested $17.06 million in MKS Inc. (NASDAQ:MKSI), acquiring 38,346 shares. Institutional investors now hold 99.79% of MKS. The company reported strong Q2 earnings, exceeding expectations with $3.30 EPS and $1.25 billion in revenue, while analysts maintain a ""Moderate Buy"" rating with an average price target of $382.86.",0.179472,Somewhat-Bullish,0.598258,0.128529,Neutral
20260830T210619,AMD,Advanced Micro Devices,"Jupiter Topco LLC Purchases Shares of 29,470 MKS Inc. $MKSI",MarketBeat,https://www.marketbeat.com/instant-alerts/filing-jupiter-topco-llc-purchases-shares-of-29470-mks-inc-mksi-2026-08-30/,"Jupiter Topco LLC recently acquired 29,470 shares of MKS Inc. (NASDAQ:MKSI) valued at approximately $13.1 million in the second quarter. MKS reported strong quarterly earnings of $3.30 per share, exceeding estimates, with a 28.3% year-over-year revenue increase to $1.25 billion. Despite some insider selling, analysts generally maintain a ""Moderate Buy"" rating with an average price target of $382.86, and the company also declared a quarterly dividend of $0.25 per share.",0.156673,Somewhat-Bullish,0.597964,0.116679,Neutral
20260830T211643,AMD,Advanced Micro Devices,"MACOM Technology Solutions Holdings, Inc. $MTSI Shares Bought by Nissay Asset Management Corp Japan",MarketBeat,https://www.marketbeat.com/instant-alerts/filing-macom-technology-solutions-holdings-inc-mtsi-shares-bought-by-nissay-asset-management-corp-japan-2026-08-30/,"Nissay Asset Management Corp Japan increased its stake in MACOM Technology Solutions Holdings, Inc. (MTSI) by 44.7% in the second quarter, bringing its total holding to 26,564 shares valued at approximately $10.1 million. Other institutional investors also adjusted their positions, and analysts generally maintain a ""Moderate Buy"" rating with an average target price of $341.25. The semiconductor company recently reported strong quarterly results, with revenue up 35.8% year over year and EPS of $1.40, exceeding estimates.",0.374936,Bullish,0.561176,0.346920,Somewhat-Bullish
20260830T212621,AMD,Advanced Micro Devices,Colgate-Palmolive Company $CL Shares Sold by Alyeska Investment Group L.P.,MarketBeat,https://www.marketbeat.com/instant-alerts/filing-colgate-palmolive-company-cl-shares-sold-by-alyeska-investment-group-lp-2026-08-30/,"Alyeska Investment Group L.P. significantly reduced its stake in Colgate-Palmolive Company (NYSE:CL) by 56.6% in the second quarter, selling 1.25 million shares but still retaining 962,780 shares valued at $88.3 million. Despite this sale, institutional investors collectively own 80.41% of the company, and analysts maintain a ""Moderate Buy"" rating with an average price target of $99. The company also reported strong quarterly earnings, exceeding expectations with an EPS of $0.99 and a 4.9% increase in revenue.",0.171349,Somewhat-Bullish,0.584541,0.100153,Neutral
20260830T213211,AMD,Advanced Micro Devices,"Northpointe Bancshares, Inc. $NPB Shares Bought by Bank of America Corp DE",MarketBeat,https://www.marketbeat.com/instant-alerts/filing-northpointe-bancshares-inc-npb-shares-bought-by-bank-of-america-corp-de-2026-08-30/,"Bank of America Corp DE significantly increased its stake in Northpointe Bancshares (NYSE: NPB) by 126.9% in the first quarter, now owning 0.62% of the company's stock. Despite this, analyst sentiment remains mixed, with a consensus ""Hold"" rating and an average price target of $21.08, following Northpointe missing its Q2 EPS estimates. Additionally, CEO Charles Alan Williams purchased a substantial amount of shares, while a director sold some of their holdings.",0.045255,Neutral,0.560356,0.135091,Neutral
20260830T213404,AMD,Advanced Micro Devices,"Jefferies Financial Group Inc. Makes New $2.24 Million Investment in NetApp, Inc. $NTAP",MarketBeat,https://www.marketbeat.com/instant-alerts/filing-jefferies-financial-group-inc-makes-new-224-million-investment-in-netapp-inc-ntap-2026-08-30/,"Jefferies Financial Group Inc. has initiated a new $2.24 million investment in NetApp, Inc. by purchasing 14,447 shares during the second quarter. This move comes as other institutional investors have also adjusted their holdings in NetApp, which recently reported revenue above estimates but missed earnings per share consensus. Analysts currently have a ""Hold"" rating on NetApp, while insiders have sold approximately $8.76 million worth of stock in the past three months.",0.062025,Neutral,0.639423,0.138010,Neutral
20260830T214732,AMD,Advanced Micro Devices,"222,362 Shares in Omega Healthcare Investors, Inc. $OHI Bought by The Manufacturers Life Insurance Company",MarketBeat,https://www.marketbeat.com/instant-alerts/filing-222362-shares-in-omega-healthcare-investors-inc-ohi-bought-by-the-manufacturers-life-insurance-company-2026-08-30/,"The Manufacturers Life Insurance Company acquired 222,362 shares of Omega Healthcare Investors (OHI) in Q2, valued at approximately $10.6 million, increasing its stake to 0.07%. Several other hedge funds also modified their holdings, with institutional investors now owning 65.25% of the company. Omega Healthcare Investors reported strong Q2 earnings, exceeding consensus estimates, and increased its quarterly dividend to $0.68 per share, offering a 5.9% yield.",0.315365,Somewhat-Bullish,0.558516,0.265468,Somewhat-Bullish
20260830T215129,AMD,Advanced Micro Devices,"Cookson Peirce & Co. Inc. Purchases Shares of 42,834 Openlane $OPLN",MarketBeat,https://www.marketbeat.com/instant-alerts/filing-cookson-peirce-co-inc-purchases-shares-of-42834-openlane-opln-2026-08-30/,"Cookson Peirce & Co. Inc. recently acquired 42,834 shares of Openlane (NYSE:OPLN) for approximately $1.77 million in the second quarter. Openlane reported strong Q2 earnings, exceeding analyst estimates with $0.40 EPS and a 15.1% year-over-year revenue increase. Analysts maintain a ""Moderate Buy"" rating for Openlane, with an average price target of $43.83, significantly above its current trading price, and CEO Peter J. Kelly also recently increased his stake in the company.",0.292242,Somewhat-Bullish,0.569621,0.132131,Neutral
20260830T220420,AMD,Advanced Micro Devices,Hsbc Holdings PLC Takes $4.68 Million Position in Pebblebrook Hotel Trust $PEB,MarketBeat,https://www.marketbeat.com/instant-alerts/filing-hsbc-holdings-plc-takes-468-million-position-in-pebblebrook-hotel-trust-peb-2026-08-30/,"Hsbc Holdings PLC has acquired a new stake in Pebblebrook Hotel Trust (NYSE:PEB) worth approximately $4.68 million, representing about 0.21% of the REIT. Analysts currently have a ""Hold"" consensus rating for PEB with an average price target of $17.37. The company recently reported strong quarterly EPS of $0.68, significantly beating estimates, and has shares trading near their 52-week high.",0.243683,Somewhat-Bullish,0.621474,0.300453,Somewhat-Bullish
20260830T221221,AMD,Advanced Micro Devices,"Connor Clark & Lunn Investment Management Ltd. Acquires Shares of 58,136 Park-Ohio Holdings Corp. $PKOH",MarketBeat,https://www.marketbeat.com/instant-alerts/filing-connor-clark-lunn-investment-management-ltd-acquires-shares-of-58136-park-ohio-holdings-corp-pkoh-2026-08-30/,"Connor Clark & Lunn Investment Management Ltd. has acquired 58,136 shares of Park-Ohio Holdings Corp. (PKOH) valued at approximately $2.24 million, making them a new institutional investor in the company. Institutional investors and hedge funds now collectively own 51.38% of Park-Ohio. The company recently reported strong quarterly earnings, beating analyst estimates, and has issued positive fiscal year 2026 EPS guidance.",0.178791,Somewhat-Bullish,0.646987,0.135617,Neutral
20260830T221325,AMD,Advanced Micro Devices,"Deutsche Bank AG Purchases New Position in Douglas Dynamics, Inc. $PLOW",MarketBeat,https://www.marketbeat.com/instant-alerts/filing-deutsche-bank-ag-purchases-new-position-in-douglas-dynamics-inc-plow-2026-08-30/,"Deutsche Bank AG has acquired a new position in Douglas Dynamics, Inc. (NYSE:PLOW), purchasing 24,551 shares valued at approximately $1.3 million. This comes as institutional investors collectively own 91.85% of the company's stock. Douglas Dynamics reported earnings per share of $1.22, exceeding estimates, and maintains a quarterly dividend of $0.295 per share.",0.28178,Somewhat-Bullish,0.585075,0.320883,Somewhat-Bullish
20260830T222105,AMD,Advanced Micro Devices,"Park National Corp OH Sells 19,241 Shares of NVIDIA Corporation $NVDA",MarketBeat,https://www.marketbeat.com/instant-alerts/filing-park-national-corp-oh-sells-19241-shares-of-nvidia-corporation-nvda-2026-08-30/,"Park National Corp OH reduced its stake in NVIDIA Corporation by 3%, selling 19,241 shares but still holding 621,863 shares valued at $124.4 million, making NVIDIA its fifth-largest holding. Despite significant insider selling totaling $410.4 million in the last quarter, institutional investors own 65.27% of NVIDIA. The company reported strong Q2 revenue and EPS, exceeding estimates, driven by AI demand, but faces risks from high valuation, supply constraints, and geopolitical factors.",0.111665,Neutral,0.623261,0.116715,Neutral
20260830T222427,AMD,Advanced Micro Devices,Van ECK Associates Corp Increases Stake in Parsons Corporation $PSN,MarketBeat,https://www.marketbeat.com/instant-alerts/filing-van-eck-associates-corp-increases-stake-in-parsons-corporation-psn-2026-08-30/,"Van ECK Associates Corp significantly increased its stake in Parsons Corporation (NYSE:PSN) by 389.3% in the second quarter, acquiring 895,690 shares to bring its total holdings to 1.13 million shares valued at approximately $59 million. This increase in institutional investment comes despite Parsons reporting a quarterly loss of $0.06 per share, missing consensus estimates, and a slight revenue decline. Analysts generally maintain a ""Moderate Buy"" rating for Parsons with an average price target of $64.08, even after recent price target reductions by some firms.",0.119927,Neutral,0.590663,0.278206,Somewhat-Bullish
20260830T222905,AMD,Advanced Micro Devices,"Cullinan Associates Inc. Trims Stake in PayPal Holdings, Inc. $PYPL",MarketBeat,https://www.marketbeat.com/instant-alerts/filing-cullinan-associates-inc-trims-stake-in-paypal-holdings-inc-pypl-2026-08-30/,"Cullinan Associates Inc. reduced its stake in PayPal Holdings, Inc. by 25.9% in the second quarter, now holding 82,073 shares valued at approximately $3.54 million. Despite this, several major institutions increased their positions, and hedge funds and institutional investors collectively own 68.32% of the company. PayPal recently exceeded quarterly earnings and revenue expectations, reporting $1.38 EPS and $8.68 billion in revenue, and analysts maintain an overall ""Hold"" rating with an average price target of $56.14.",0.111962,Neutral,0.624633,0.188470,Somewhat-Bullish
20260830T225509,AMD,Advanced Micro Devices,Alyeska Investment Group L.P. Acquires New Position in Starbucks Corporation $SBUX,MarketBeat,https://www.marketbeat.com/instant-alerts/filing-alyeska-investment-group-lp-acquires-new-position-in-starbucks-corporation-sbux-2026-08-30/,"Alyeska Investment Group L.P. has acquired a new stake in Starbucks Corporation, purchasing over 1.67 million shares valued at approximately $170.5 million. This acquisition makes Alyeska Investment Group one of the institutional investors holding a significant portion of Starbucks, as institutional investors and hedge funds collectively own 72.29% of the company. Starbucks recently exceeded quarterly earnings expectations with an EPS of $0.85 and reaffirmed its fiscal 2026 EPS guidance.",0.26567,Somewhat-Bullish,0.612675,0.306947,Somewhat-Bullish
20260830T225509,AMD,Advanced Micro Devices,Washington Trust Bank Lowers Stock Position in Starbucks Corporation $SBUX,MarketBeat,https://www.marketbeat.com/instant-alerts/filing-washington-trust-bank-lowers-stock-position-in-starbucks-corporation-sbux-2026-08-30/,"Washington Trust Bank has reduced its stake in Starbucks Corporation (NASDAQ:SBUX) by 13% in the second quarter, selling 20,097 shares but still retaining a significant holding valued at $13.8 million. Despite this reduction, institutional ownership in Starbucks remains high at 72.29%, with other major investors like BlackRock and Bank of America increasing their positions. Starbucks recently surpassed quarterly earnings and revenue expectations, reporting $0.85 EPS and $9.32 billion in revenue, while analysts generally maintain a ""Hold"" rating with a target price of $110.30.",0.25126,Somewhat-Bullish,0.596177,0.220432,Somewhat-Bullish
20260830T225846,AMD,Advanced Micro Devices,"Hennessy Advisors Inc. Purchases Shares of 1,800 Seaboard Corporation $SEB",MarketBeat,https://www.marketbeat.com/instant-alerts/filing-hennessy-advisors-inc-purchases-shares-of-1800-seaboard-corporation-seb-2026-08-30/,"Hennessy Advisors Inc. acquired 1,800 shares of Seaboard Corporation (NYSEAMERICAN:SEB) in the second quarter, valued at approximately $8.04 million, representing 0.19% of the company. Seaboard's shares opened down 0.9% at $3,913.21 and are trading below their 50-day and 200-day moving averages. The company reported quarterly earnings of $159.74 per share on $2.92 billion in revenue and maintains a quarterly dividend of $2.25 per share.",0.192788,Somewhat-Bullish,0.567309,0.244315,Somewhat-Bullish
20260830T231133,AMD,Advanced Micro Devices,"Alyeska Investment Group L.P. Invests $177.69 Million in Synopsys, Inc. $SNPS",MarketBeat,https://www.marketbeat.com/instant-alerts/filing-alyeska-investment-group-lp-invests-17769-million-in-synopsys-inc-snps-2026-08-30/,"Alyeska Investment Group L.P. has made a significant investment in Synopsys, Inc. (NASDAQ:SNPS), purchasing 398,350 shares valued at approximately $177.69 million during the second quarter, representing about 0.21% ownership. The semiconductor company reported strong Q3 earnings, exceeding expectations with adjusted EPS of $3.91 and revenue of $2.48 billion, prompting management to raise fiscal 2026 guidance. Despite a recent 4.8% decline in share price and a high forward P/E ratio, analysts maintain a ""Moderate Buy"" consensus with an average price target of $561.28, supported by growth in electronic design automation (EDA) and the Ansys acquisition, although insider sales related to tax obligations were also noted.",0.263791,Somewhat-Bullish,0.561357,0.229076,Somewhat-Bullish
20260830T232020,AMD,Advanced Micro Devices,"Deutsche Bank AG Invests $1.50 Million in Simpson Manufacturing Company, Inc. $SSD",MarketBeat,https://www.marketbeat.com/instant-alerts/filing-deutsche-bank-ag-invests-150-million-in-simpson-manufacturing-company-inc-ssd-2026-08-30/,"Deutsche Bank AG recently acquired a new stake of $1.50 million in Simpson Manufacturing Company, Inc., purchasing 7,139 shares during the second quarter. Simpson Manufacturing reported strong quarterly results, with revenue of $671.08 million and earnings of $3.09 per share, both exceeding analyst estimates. The company also declared a quarterly dividend of $0.30 per share and maintains a consensus ""Hold"" rating from analysts with an average price target of $216.25.",0.299381,Somewhat-Bullish,0.561343,0.272581,Somewhat-Bullish
20260830T233416,AMD,Advanced Micro Devices,"Jupiter Topco LLC Takes Position in Tactile Systems Technology, Inc. $TCMD",MarketBeat,https://www.marketbeat.com/instant-alerts/filing-jupiter-topco-llc-takes-position-in-tactile-systems-technology-inc-tcmd-2026-08-30/,"Jupiter Topco LLC has acquired 397,278 shares of Tactile Systems Technology (NASDAQ:TCMD) worth approximately $11.8 million, representing a 1.75% stake in the company. Institutional investors now own 83.43% of the stock. Analysts generally maintain a ""Moderate Buy"" rating with an average price target of $38.40, following the company's recent strong quarterly earnings performance.",0.348385,Somewhat-Bullish,0.588056,0.259858,Somewhat-Bullish
20260830T233735,AMD,Advanced Micro Devices,"Hsbc Holdings PLC Makes New Investment in Kulicke and Soffa Industries, Inc. $KLIC",MarketBeat,https://www.marketbeat.com/instant-alerts/filing-hsbc-holdings-plc-makes-new-investment-in-kulicke-and-soffa-industries-inc-klic-2026-08-30/,"HSBC Holdings PLC has made a new investment in Kulicke and Soffa Industries, Inc. (NASDAQ:KLIC), acquiring 24,130 shares valued at approximately $3.17 million in Q2. Institutional investors now hold 98.22% of the company's stock. The company reported strong Q2 earnings, beating analyst estimates with $1.20 EPS and $330.41 million in revenue, while also announcing a quarterly dividend of $0.205 per share.",0.358312,Bullish,0.552646,0.250130,Somewhat-Bullish
20260830T233736,AMD,Advanced Micro Devices,"Wellington Management Group LLP Trims Holdings in Kymera Therapeutics, Inc. $KYMR",MarketBeat,https://www.marketbeat.com/instant-alerts/filing-wellington-management-group-llp-trims-holdings-in-kymera-therapeutics-inc-kymr-2026-08-30/,"Wellington Management Group LLP reduced its stake in Kymera Therapeutics, Inc. by 5.5% in the second quarter, selling over 214,000 shares but still maintaining a significant 4.42% ownership valued at $421.4 million. Despite this trimming and substantial insider selling, analysts generally hold a ""Moderate Buy"" rating for Kymera, which reported stronger-than-expected quarterly results with revenue up 465.2% year-over-year. The article also notes other institutional investors increasing their holdings and provides company financial performance and analyst target prices.",0.24817,Somewhat-Bullish,0.607049,0.340551,Somewhat-Bullish
20260830T234233,AMD,Advanced Micro Devices,NVIDIA Corporation $NVDA Stake Increased by Tompkins Financial Corp,MarketBeat,https://www.marketbeat.com/instant-alerts/filing-nvidia-corporation-nvda-stake-increased-by-tompkins-financial-corp-2026-08-30/,"Tompkins Financial Corp increased its stake in NVIDIA Corporation (NASDAQ:NVDA) by 1.2% in the second quarter, now holding 255,190 shares valued at $51.1 million, making it their fifth-largest holding. This comes as NVIDIA reported strong quarterly revenues of $96.2 billion, up 105.9% year-over-year, and authorized an $80 billion share-repurchase plan alongside a quarterly dividend. Despite robust earnings and analyst ""Moderate Buy"" ratings, the company faces risks from profit-taking, supply constraints, and geopolitical factors.",0.167099,Somewhat-Bullish,0.583784,0.149796,Neutral
20260830T234930,AMD,Advanced Micro Devices,"Van ECK Associates Corp Raises Position in Targa Resources, Inc. $TRGP",MarketBeat,https://www.marketbeat.com/instant-alerts/filing-van-eck-associates-corp-raises-position-in-targa-resources-inc-trgp-2026-08-30/,"Van ECK Associates Corp increased its holdings in Targa Resources, Inc. by 33.6% in the second quarter, bringing its total to 145,133 shares worth approximately $38.9 million. This makes them one of several institutional investors to have recently modified their positions in the pipeline company. Despite some insider selling, analysts maintain a consensus ""Buy"" rating for Targa Resources, with a price target of $298.71, following the company's Q2 earnings beat on EPS but a miss on revenue.",0.200328,Somewhat-Bullish,0.604331,0.135107,Neutral
20260830T235324,AMD,Advanced Micro Devices,"Public Employees Retirement System of Ohio Buys New Shares in Take-Two Interactive Software, Inc. $TTWO",MarketBeat,https://www.marketbeat.com/instant-alerts/filing-public-employees-retirement-system-of-ohio-buys-new-shares-in-take-two-interactive-software-inc-ttwo-2026-08-30/,"The Public Employees Retirement System of Ohio has acquired 84,147 shares of Take-Two Interactive Software, Inc. (NASDAQ:TTWO) valued at approximately $21 million during the second quarter. This move comes as institutional investors now collectively own 95.46% of the company, despite some insider selling and mixed analyst sentiment following recent earnings. Take-Two's stock performance and future outlook are heavily influenced by the anticipation and recent previews of Grand Theft Auto 6.",0.064623,Neutral,0.553327,0.007067,Neutral
20260831T000117,AMD,Advanced Micro Devices,"Flputnam Investment Management Co. Buys 3,822 Shares of United Rentals, Inc. $URI",MarketBeat,https://www.marketbeat.com/instant-alerts/filing-flputnam-investment-management-co-buys-3822-shares-of-united-rentals-inc-uri-2026-08-30/,"Flputnam Investment Management Co. significantly increased its stake in United Rentals (NYSE:URI) by 119.1% in the second quarter, acquiring 3,822 additional shares to hold a total of 7,030 shares valued at $7.96 million. Institutional investors collectively own 96.26% of URI, and analysts generally maintain a ""Moderate Buy"" rating with a consensus price target of $1,246.19. The company also reported strong quarterly earnings, surpassing expectations with an EPS of $12.76 and revenue of $4.41 billion, while paying a quarterly dividend of $1.97.",0.21319,Somewhat-Bullish,0.569616,0.100231,Neutral
20260831T001251,AMD,Advanced Micro Devices,"Private Management Group Inc. Buys 327,772 Shares of Vontier Corporation $VNT",MarketBeat,https://www.marketbeat.com/instant-alerts/filing-private-management-group-inc-buys-327772-shares-of-vontier-corporation-vnt-2026-08-30/,"Private Management Group Inc. significantly increased its stake in Vontier Corporation (NYSE:VNT) by 85.4% in the second quarter, acquiring an additional 327,772 shares and now owning 711,753 shares valued at approximately $20.6 million. Vontier recently surpassed quarterly earnings expectations and maintained its fiscal 2026 EPS guidance, while also authorizing a $1 billion share-repurchase program and declaring a quarterly dividend. Despite these positive developments, analysts currently maintain a ""Hold"" rating for Vontier with a consensus price target of $41.00.",0.294626,Somewhat-Bullish,0.559543,0.332388,Somewhat-Bullish
20260831T001952,AMD,Advanced Micro Devices,"The Manufacturers Life Insurance Company Invests $10.56 Million in Washington Trust Bancorp, Inc. $WASH",MarketBeat,https://www.marketbeat.com/instant-alerts/filing-the-manufacturers-life-insurance-company-invests-1056-million-in-washington-trust-bancorp-inc-wash-2026-08-30/,"The Manufacturers Life Insurance Company has invested approximately $10.56 million in Washington Trust Bancorp, acquiring 289,374 shares and now holding a 1.52% stake in the company. Institutional investors collectively own 65.81% of the bank. Despite analyst caution with an average ""Hold"" rating and a consensus price target below its current share price, Washington Trust Bancorp recently surpassed earnings expectations and offers a 5.7% dividend yield.",0.176227,Somewhat-Bullish,0.583995,0.234383,Somewhat-Bullish
20260831T002652,AMD,Advanced Micro Devices,"United Capital Financial Advisors LLC Acquires New Position in Williams Companies, Inc. (The) $WMB",MarketBeat,https://www.marketbeat.com/instant-alerts/filing-united-capital-financial-advisors-llc-acquires-new-position-in-williams-companies-inc-the-wmb-2026-08-30/,"United Capital Financial Advisors LLC has acquired a new stake in Williams Companies, Inc. (NYSE:WMB), purchasing 24,353 shares valued at approximately $1.81 million during the second quarter. Other institutional investors have also adjusted their holdings in the pipeline company, which reported strong quarterly earnings with revenue exceeding expectations and a declared dividend of $0.525 per share. Analysts maintain a consensus ""Buy"" rating for Williams Companies with an average price target of $85.60.",0.281142,Somewhat-Bullish,0.550987,0.232664,Somewhat-Bullish
20260831T003205,AMD,Advanced Micro Devices,Public Employees Retirement System of Ohio Increases Holdings in Xcel Energy Inc. $XEL,MarketBeat,https://www.marketbeat.com/instant-alerts/filing-public-employees-retirement-system-of-ohio-increases-holdings-in-xcel-energy-inc-xel-2026-08-30/,"The Public Employees Retirement System of Ohio increased its stake in Xcel Energy Inc. (NASDAQ:XEL) by 6.1% in the second quarter of 2026, bringing its total holdings to 314,242 shares valued at $25.2 million. Institutional investors collectively own 78.38% of Xcel's stock, and analysts maintain a consensus ""Buy"" rating with an average price target of $92.41. Xcel Energy recently beat quarterly EPS expectations, reporting $0.93 against a $0.79 consensus, and announced a quarterly dividend of $0.5925 per share.",0.232167,Somewhat-Bullish,0.729627,0.306458,Somewhat-Bullish
20260831T003211,AMD,Advanced Micro Devices,"Wellington Management Group LLP Sells 30,766 Shares of MercadoLibre, Inc. $MELI",MarketBeat,https://www.marketbeat.com/instant-alerts/filing-wellington-management-group-llp-sells-30766-shares-of-mercadolibre-inc-meli-2026-08-30/,"Wellington Management Group LLP reduced its stake in MercadoLibre, Inc. by 10.7% in the second quarter, selling 30,766 shares but still holding 256,337 shares valued at $435.1 million. Despite the sale, institutional investors collectively own a significant 87.62% of MercadoLibre. The company maintains a ""Moderate Buy"" consensus rating from analysts, with recent strong quarterly earnings exceeding expectations.",0.259583,Somewhat-Bullish,0.596354,0.227400,Somewhat-Bullish
20260831T004138,AMD,Advanced Micro Devices,"Canada Pension Plan Investment Board Takes Position in Zions Bancorporation, N.A. $ZION",MarketBeat,https://www.marketbeat.com/instant-alerts/filing-canada-pension-plan-investment-board-takes-position-in-zions-bancorporation-na-zion-2026-08-30/,"The Canada Pension Plan Investment Board has acquired a new position in Zions Bancorporation, N.A. (NASDAQ:ZION), purchasing 188,900 shares valued at approximately $13.07 million, representing 0.13% of the company. Zions Bancorporation reported strong Q2 earnings, beating analyst estimates with EPS of $1.74 and a 35.7% year-over-year revenue increase to $1.14 billion. The bank also increased its quarterly dividend to $0.48 per share and authorized a $225 million share repurchase program, despite recent insider stock sales totaling $6.3 million.",0.266441,Somewhat-Bullish,0.550556,0.381055,Bullish
20260831T011640,AMD,Advanced Micro Devices,Benjamin Edwards Inc. Has $44.09 Million Stake in Snap-On Incorporated $SNA,MarketBeat,https://www.marketbeat.com/instant-alerts/filing-benjamin-edwards-inc-has-4409-million-stake-in-snap-on-incorporated-sna-2026-08-30/,"Benjamin Edwards Inc. reduced its stake in Snap-On Incorporated by 34.7% in Q2 2026, selling 58,156 shares but still holding 109,505 shares valued at $44.09 million. Snap-On reported strong Q2 earnings with EPS of $4.96 and revenue of $1.24 billion, exceeding analyst expectations, while institutional investors own 84.88% of the company. Analysts maintain a ""Moderate Buy"" rating with an average price target of $426.20, and the company declared a quarterly dividend of $2.44 per share.",0.265039,Somewhat-Bullish,0.535658,0.137286,Neutral
20260831T013714,AMD,Advanced Micro Devices,"The Manufacturers Life Insurance Company Buys Shares of 114,012 National Fuel Gas Company $NFG",MarketBeat,https://www.marketbeat.com/instant-alerts/filing-the-manufacturers-life-insurance-company-buys-shares-of-114012-national-fuel-gas-company-nfg-2026-08-30/,"The Manufacturers Life Insurance Company has acquired 114,012 shares of National Fuel Gas Company (NYSE:NFG) for approximately $8.8 million, representing 0.12% of the company. National Fuel Gas exceeded its recent quarterly earnings expectations, reporting $1.54 EPS against a $1.44 consensus, with revenue up 1.1% year-over-year, and has also increased its quarterly dividend to $0.555. Despite some recent analyst downgrades, the stock maintains a ""Moderate Buy"" consensus rating with a target price of $105.50.",0.165806,Somewhat-Bullish,0.558670,0.110799,Neutral
20260831T024947,AMD,Advanced Micro Devices,Van ECK Associates Corp Trims Stock Position in MarketAxess Holdings Inc. $MKTX,MarketBeat,https://www.marketbeat.com/instant-alerts/filing-van-eck-associates-corp-trims-stock-position-in-marketaxess-holdings-inc-mktx-2026-08-30/,"Van ECK Associates Corp decreased its stake in MarketAxess Holdings Inc. by 25.4% during the second quarter, selling over 300,000 shares but still retaining a significant holding valued at $104.9 million. This move comes as MarketAxess reported strong quarterly earnings, beating EPS estimates, and declared a dividend. Despite institutional ownership of 99.01% and solid financials, analyst sentiment leans cautious with a ""Hold"" rating, suggesting potential mixed outlooks for the company's future performance.",0.078194,Neutral,0.612301,0.149995,Neutral
20260831T030722,AMD,Advanced Micro Devices,"Washington Trust Bank Has $7.97 Million Holdings in Analog Devices, Inc. $ADI",MarketBeat,https://www.marketbeat.com/instant-alerts/filing-washington-trust-bank-has-797-million-holdings-in-analog-devices-inc-adi-2026-08-30/,"Washington Trust Bank significantly increased its stake in Analog Devices (NASDAQ:ADI) by 676.2% in the second quarter, now holding 20,064 shares valued at approximately $7.97 million. The semiconductor company recently reported strong quarterly earnings, exceeding analyst expectations with $3.45 in adjusted EPS and $4.02 billion in revenue, a 39.2% year-over-year increase. Analysts maintain a ""Buy"" rating for ADI, with an average target price of $454.63, while some insiders have sold shares under pre-arranged trading plans.",0.291363,Somewhat-Bullish,0.596470,0.107388,Neutral
20260831T040830,AMD,Advanced Micro Devices,"Kingsview Wealth Management LLC Takes $2.31 Million Position in O'Reilly Automotive, Inc. $ORLY",MarketBeat,https://www.marketbeat.com/instant-alerts/filing-kingsview-wealth-management-llc-takes-231-million-position-in-oreilly-automotive-inc-orly-2026-08-30/,"Kingsview Wealth Management LLC has acquired a new stake of 25,093 shares in O'Reilly Automotive, Inc. (NASDAQ:ORLY) worth approximately $2.31 million during the second quarter. This move is part of broader institutional investment, with various hedge funds and institutional investors increasing or decreasing their holdings in ORLY, bringing the total institutional ownership to 85%. Despite insider selling by two executives, analysts maintain a ""Moderate Buy"" consensus rating for O'Reilly Automotive, with an average price target of $107.24, significantly higher than its current share price.",0.164533,Somewhat-Bullish,0.539632,0.120659,Neutral
20260831T065015,AMD,Advanced Micro Devices,"Advocacy Wealth Management LLC Has $7.42 Million Stake in Lowe's Companies, Inc. $LOW",MarketBeat,https://www.marketbeat.com/instant-alerts/filing-advocacy-wealth-management-llc-has-742-million-stake-in-lowes-companies-inc-low-2026-08-31/,"Advocacy Wealth Management LLC significantly reduced its stake in Lowe's Companies (NYSE: LOW) by 31.4% in the second quarter, selling 15,386 shares and retaining 33,651 shares valued at $7.42 million. Despite this, analysts maintain a ""Moderate Buy"" consensus with an average price target of $258.53. Lowe's exceeded EPS estimates in its recent quarterly report, although revenue slightly missed expectations, growing 8.3% year over year to $25.96 billion.",0.227359,Somewhat-Bullish,0.648816,0.309518,Somewhat-Bullish
20260831T081440,AMD,Advanced Micro Devices,Beacon Pointe Advisors LLC Takes Position in Iron Mountain Incorporated $IRM,MarketBeat,https://www.marketbeat.com/instant-alerts/filing-beacon-pointe-advisors-llc-takes-position-in-iron-mountain-incorporated-irm-2026-08-31/,"Beacon Pointe Advisors LLC has acquired a new position in Iron Mountain Incorporated (NYSE:IRM), purchasing 13,845 shares valued at approximately $1.75 million. Institutional investors and hedge funds collectively own 80.13% of the stock. Despite some downgrades, analyst sentiment remains positive with a consensus ""Moderate Buy"" rating and a $137.67 price target, following the company's strong Q2 earnings and revenue performance.",0.107696,Neutral,0.622923,0.101305,Neutral
20260831T082003,AMD,Advanced Micro Devices,"Thornburg Investment Management Inc. Acquires 59,303 Shares of Merck & Co., Inc. $MRK",MarketBeat,https://www.marketbeat.com/instant-alerts/filing-thornburg-investment-management-inc-acquires-59303-shares-of-merck-co-inc-mrk-2026-08-30/,"Thornburg Investment Management Inc. has increased its stake in Merck & Co., Inc. by 1.6%, acquiring an additional 59,303 shares, bringing its total holdings to 3.79 million shares valued at approximately $486.8 million. The article notes that analysts maintain a ""Moderate Buy"" consensus for Merck with an average price target of $147.60, following positive earnings and dividend announcements. Despite some insider stock sales totaling around $30 million, institutional investors and hedge funds own a significant 76.07% of the company's stock.",0.293338,Somewhat-Bullish,0.630286,0.206665,Somewhat-Bullish
20260831T084243,AMD,Advanced Micro Devices,Flputnam Investment Management Co. Has $3.65 Million Holdings in Fastenal Company $FAST,MarketBeat,https://www.marketbeat.com/instant-alerts/filing-flputnam-investment-management-co-has-365-million-holdings-in-fastenal-company-fast-2026-08-31/,"Flputnam Investment Management Co. significantly increased its stake in Fastenal Company (NASDAQ:FAST) by 797.6% in the second quarter, bringing its total holdings to $3.65 million. Other institutional investors also made substantial investments in Fastenal, which now has 81.38% institutional ownership. Despite some insider selling, analysts maintain a ""Hold"" rating on the stock with an average price target of $49.17, while Fastenal also recently increased its quarterly dividend.",0.184394,Somewhat-Bullish,0.615133,0.207222,Somewhat-Bullish
20260831T092621,AMD,Advanced Micro Devices,"Quantbot Technologies LP Has $138,000 Stock Holdings in Colgate-Palmolive Company $CL",MarketBeat,https://www.marketbeat.com/instant-alerts/filing-quantbot-technologies-lp-has-138000-stock-holdings-in-colgate-palmolive-company-cl-2026-08-31/,"Quantbot Technologies LP significantly reduced its stake in Colgate-Palmolive Company (CL) by 95.5% in the second quarter, now holding 1,504 shares valued at $138,000. Despite this, analysts maintain a ""Moderate Buy"" consensus with an average price target of $99, following Colgate-Palmolive's stronger-than-expected Q2 earnings and a 4.9% revenue increase. The company also pays a quarterly dividend of $0.53 per share, yielding 2.3% annually.",0.287033,Somewhat-Bullish,0.575109,0.135315,Neutral
20260831T094108,AMD,Advanced Micro Devices,"Ma Investment Partnership LP Acquires New Position in Advanced Micro Devices, Inc. $AMD",MarketBeat,https://www.marketbeat.com/instant-alerts/filing-ma-investment-partnership-lp-acquires-new-position-in-advanced-micro-devices-inc-amd-2026-08-31/,"Ma Investment Partnership LP has acquired a new position in Advanced Micro Devices (AMD), purchasing 100,000 shares valued at approximately $58.1 million, making it their third-largest holding. Despite strong operating momentum and strategic partnerships like with Nutanix, AMD faces risks from its high valuation, competition, potential tariffs, and recent insider/institutional selling. Analysts currently give AMD a ""Moderate Buy"" consensus rating with an average price target of $553.72.",0.076958,Neutral,1.000000,0.237293,Somewhat-Bullish
20260831T094108,AMD,Advanced Micro Devices,"10,091 Shares in Advanced Micro Devices, Inc. $AMD Acquired by Pure Financial Advisors LLC",MarketBeat,https://www.marketbeat.com/instant-alerts/filing-10091-shares-in-advanced-micro-devices-inc-amd-acquired-by-pure-financial-advisors-llc-2026-08-31/,"Pure Financial Advisors LLC has acquired 10,091 shares of Advanced Micro Devices (AMD) during the second quarter, valued at approximately $5.86 million, contributing to the 71.34% institutional ownership of the stock. AMD reported strong quarterly results with a 50.1% year-over-year revenue increase and EPS exceeding expectations, driven by its AI and data-center product roadmap. Despite a ""Moderate Buy"" consensus rating and positive outlook, risks include potential tariffs, insider stock sales, and comparisons favoring competitors like Nvidia and Broadcom.",0.054981,Neutral,1.000000,0.204362,Somewhat-Bullish
20260831T094108,AMD,Advanced Micro Devices,"Rational Advisors Inc. Decreases Stake in Advanced Micro Devices, Inc. $AMD",MarketBeat,https://www.marketbeat.com/instant-alerts/filing-rational-advisors-inc-decreases-stake-in-advanced-micro-devices-inc-amd-2026-08-31/,"Rational Advisors Inc. significantly reduced its holdings in Advanced Micro Devices (AMD) by 67.5% in the second quarter, selling 4,195 shares and retaining 2,024 shares valued at approximately $1.18 million. Despite this, AMD demonstrated strong operating momentum with a 50.1% year-over-year revenue increase and exceeded EPS expectations, driven by its AI product roadmap and a partnership with Nutanix. However, the company faces risks from potential semiconductor tariffs, insider selling, and analyst comparisons favoring competitors like Nvidia and Broadcom.",0.037402,Neutral,1.000000,0.122767,Neutral
20260831T094206,AMD,Advanced Micro Devices,"5,872 Shares in Digital Realty Trust, Inc. $DLR Acquired by Jefferies Financial Group Inc.",MarketBeat,https://www.marketbeat.com/instant-alerts/filing-5872-shares-in-digital-realty-trust-inc-dlr-acquired-by-jefferies-financial-group-inc-2026-08-31/,"Jefferies Financial Group Inc. recently acquired 5,872 shares of Digital Realty Trust, Inc. (NYSE:DLR) during the second quarter, valuing the new stake at approximately $1.055 million. Institutional investors hold a significant 99.71% of DLR's outstanding shares, with various firms increasing their positions. Analysts maintain a ""Moderate Buy"" consensus rating for DLR, with an average price target of $219.45.",0.286965,Somewhat-Bullish,0.616178,0.205406,Somewhat-Bullish
20260831T095239,AMD,Advanced Micro Devices,UBS AM a distinct business unit of UBS ASSET MANAGEMENT AMERICAS LLC Has $393.75 Million Stock Position in Sysco Corporation $SYY,MarketBeat,https://www.marketbeat.com/instant-alerts/filing-ubs-am-a-distinct-business-unit-of-ubs-asset-management-americas-llc-has-39375-million-stock-position-in-sysco-corporation-syy-2026-08-31/,"UBS Asset Management Americas LLC holds a significant stock position in Sysco Corporation (NYSE:SYY) valued at approximately $393.75 million, despite a slight reduction in its stake during the second quarter. Sysco reported strong quarterly earnings, surpassing analyst expectations with adjusted EPS of $1.53 and revenue of $22.12 billion, alongside declaring a quarterly dividend of $0.55. Analysts generally maintain a ""Moderate Buy"" rating for Sysco, with an average price target of $89.50.",0.192053,Somewhat-Bullish,0.576999,0.234554,Somewhat-Bullish
20260831T113019,AMD,Advanced Micro Devices,"Van ECK Associates Corp Acquires 11,533 Shares of Sterling Infrastructure, Inc. $STRL",MarketBeat,https://www.marketbeat.com/instant-alerts/filing-van-eck-associates-corp-acquires-11533-shares-of-sterling-infrastructure-inc-strl-2026-08-31/,"Van ECK Associates Corp increased its stake in Sterling Infrastructure, Inc. by 47% in the second quarter, purchasing an additional 11,533 shares to hold a total of 36,049 shares valued at approximately $30.3 million. Sterling Infrastructure reported strong quarterly results with earnings of $5.80 per share, exceeding estimates, and revenue up 90.4% year over year. Analysts generally maintain a ""Moderate Buy"" consensus for the stock, with an average price target of $690.33.",0.380026,Bullish,0.596183,0.287135,Somewhat-Bullish
20260831T113526,AMD,Advanced Micro Devices,"UBS AM a distinct business unit of UBS ASSET MANAGEMENT AMERICAS LLC Increases Position in MetLife, Inc. $MET",MarketBeat,https://www.marketbeat.com/instant-alerts/filing-ubs-am-a-distinct-business-unit-of-ubs-asset-management-americas-llc-increases-position-in-metlife-inc-met-2026-08-31/,"UBS Asset Management (UBS AM) significantly increased its stake in MetLife, Inc. (NYSE:MET) by 5.9% in the second quarter of 2026, acquiring an additional 336,794 shares and raising its total holdings to over 6 million shares valued at approximately $509.9 million. The financial services provider reported strong quarterly results with EPS of $2.43, beating estimates, and announced a $3 billion share repurchase authorization along with a quarterly dividend of $0.5925 per share. Analysts generally maintain a ""Buy"" rating for MetLife, with a consensus price target of $102.21, reflecting a positive outlook for the company's performance.",0.274892,Somewhat-Bullish,0.585574,0.129682,Neutral
20260831T132636,AMD,Advanced Micro Devices,"UBS AM a distinct business unit of UBS ASSET MANAGEMENT AMERICAS LLC Sells 255,424 Shares of HCA Healthcare, Inc. $HCA",MarketBeat,https://www.marketbeat.com/instant-alerts/filing-ubs-am-a-distinct-business-unit-of-ubs-asset-management-americas-llc-sells-255424-shares-of-hca-healthcare-inc-hca-2026-08-31/,"UBS Asset Management, a distinct business unit of UBS ASSET MANAGEMENT AMERICAS LLC, reduced its stake in HCA Healthcare by 17% in the second quarter, selling 255,424 shares but retaining 1.24 million shares valued at approximately $485.2 million. The company reported strong financial results with quarterly revenue of $20.23 billion and earnings of $7.59 per share, surpassing analyst estimates, and announced a quarterly dividend of $0.78 per share. Despite some analyst price target reductions, the consensus rating remains a ""Moderate Buy"" with an average price target of $462.64.",0.214333,Somewhat-Bullish,0.591250,0.228123,Somewhat-Bullish
20260831T142548,AMD,Advanced Micro Devices,"Public Employees Retirement System of Ohio Makes New Investment in Ameriprise Financial, Inc. $AMP",MarketBeat,https://www.marketbeat.com/instant-alerts/filing-public-employees-retirement-system-of-ohio-makes-new-investment-in-ameriprise-financial-inc-amp-2026-08-31/,"The Public Employees Retirement System of Ohio has invested significantly in Ameriprise Financial, Inc. by acquiring 28,354 shares worth approximately $13.0 million. This comes as Ameriprise reported strong quarterly earnings, beating estimates, with revenue rising 11.6% year-over-year. Despite insider stock sales, analysts maintain a ""Moderate Buy"" rating with an average price target of $555.33.",0.206945,Somewhat-Bullish,0.613263,0.134472,Neutral
20260831T142602,AMD,Advanced Micro Devices,"56,539 Shares in American Tower Corporation $AMT Acquired by Jupiter Topco LLC",MarketBeat,https://www.marketbeat.com/instant-alerts/filing-56539-shares-in-american-tower-corporation-amt-acquired-by-jupiter-topco-llc-2026-08-31/,"Jupiter Topco LLC recently acquired 56,539 shares of American Tower Corporation (AMT), valued at approximately $9.25 million, as detailed in an SEC filing. This acquisition contributes to institutional investors holding 92.69% of the REIT's stock. American Tower reported strong quarterly earnings, beating estimates with $2.71 EPS and a 4.6% revenue increase year-over-year, despite some insider selling activities.",0.241683,Somewhat-Bullish,0.597238,0.221145,Somewhat-Bullish
20260831T142629,AMD,Advanced Micro Devices,"The Manufacturers Life Insurance Company Purchases Shares of 258,288 APA Corporation $APA",MarketBeat,https://www.marketbeat.com/instant-alerts/filing-the-manufacturers-life-insurance-company-purchases-shares-of-258288-apa-corporation-apa-2026-08-31/,"The Manufacturers Life Insurance Company acquired 258,288 shares of APA Corporation, valued at approximately $8.4 million, during the second quarter. This purchase contributes to the 83.01% institutional and hedge fund ownership of APA stock. Despite mixed analyst sentiment and a consensus ""Hold"" rating with a target price of $41.50, the stock opened above this target after reporting quarterly EPS and revenue slightly below expectations.",0.165787,Somewhat-Bullish,0.594825,0.291513,Somewhat-Bullish
20260831T142711,AMD,Advanced Micro Devices,"Broadcom’s VMware Private AI Cloud spans infrastructure, agents, data and security",SiliconANGLE,https://siliconangle.com/2026/08/31/broadcoms-private-ai-cloud-spans-infrastructure-agents-data-and-security/,"Broadcom has launched VMware Private AI Cloud, an integrated software stack designed for enterprises to build and run AI applications alongside traditional workloads, ensuring data, model, and infrastructure control. The offering, announced at VMware Explore 2026, combines VMware Cloud Foundation infrastructure with a new VMware AI Factory, validated AI models, agent-development and data services, governance software, and enhanced security. Broadcom also introduced TrueSource, a portfolio of commercially supported open-source software, emphasizing secure software supply chains and enterprise-grade AI deployment.",0.286702,Somewhat-Bullish,0.737391,0.316265,Somewhat-Bullish
20260831T142737,AMD,Advanced Micro Devices,Hennessy Advisors Inc. Purchases New Shares in American Express Company $AXP,MarketBeat,https://www.marketbeat.com/instant-alerts/filing-hennessy-advisors-inc-purchases-new-shares-in-american-express-company-axp-2026-08-31/,"Hennessy Advisors Inc. has acquired a new position in American Express (NYSE: AXP) by purchasing 6,584 shares valued at approximately $2.23 million. This comes as institutional investors collectively own 84.33% of AXP, and analysts generally maintain a ""Moderate Buy"" rating with an average price target of $373.32. American Express also reported strong quarterly earnings, beating expectations with an EPS of $4.53 and a 10% year-over-year revenue increase, alongside declaring a quarterly dividend of $0.95 per share.",0.213562,Somewhat-Bullish,0.586351,0.122691,Neutral
20260831T142900,AMD,Advanced Micro Devices,"Jupiter Topco LLC Makes New Investment in WESCO International, Inc. $WCC",MarketBeat,https://www.marketbeat.com/instant-alerts/filing-jupiter-topco-llc-makes-new-investment-in-wesco-international-inc-wcc-2026-08-31/,"Jupiter Topco LLC has acquired 21,423 shares of WESCO International, valued at approximately $7.4 million, during the second quarter. WESCO International reported strong quarterly earnings, exceeding analyst estimates, and raised its fiscal 2026 EPS guidance. While the company maintains an overall ""Buy"" rating from Wall Street, two insiders recently sold shares, though institutional investors collectively own a significant 93.75% of the company.",0.202114,Somewhat-Bullish,0.638613,0.102432,Neutral
20260831T143307,AMD,Advanced Micro Devices,"AMD, Cisco and HUMAIN Expand Saudi Arabia’s AI Infrastructure as AMD Instinct Systems Go Live",Cisco Newsroom,https://newsroom.cisco.com/c/r/newsroom/en/us/a/y2026/m08/amd-cisco-and-humain-expand-saudi-arabia-ai-infrastructure.html,"AMD, Cisco, and HUMAIN have announced that AMD Instinct MI355X GPU-based AI infrastructure, utilizing Cisco Silicon One-based AI networking, is now operational in Saudi Arabia, serving HUMAIN customers. This marks a significant step towards building an open, large-scale AI platform in the region. The companies plan to expand this infrastructure to 250 MW, powered by AMD Instinct MI400 Series GPUs and AMD ROCm open software, starting in 2027, with a long-term goal of deploying up to 1 GW of AI infrastructure by 2030 to meet growing demand.",0.475374,Bullish,1.000000,0.496619,Bullish
20260831T143326,AMD,Advanced Micro Devices,Corient Private Wealth LP Acquires New Holdings in W.P. Carey Inc. $WPC,MarketBeat,https://www.marketbeat.com/instant-alerts/filing-corient-private-wealth-lp-acquires-new-holdings-in-wp-carey-inc-wpc-2026-08-31/,"Corient Private Wealth LP has acquired a new stake of 553,803 shares in W.P. Carey Inc. (NYSE:WPC) during the second quarter, valued at approximately $7.17 million. This acquisition makes Corient Private Wealth LP an owner of about 0.24% of W.P. Carey, a real estate investment trust (REIT) that has recently increased its quarterly dividend to $0.94 per share. The company currently holds a consensus ""Hold"" rating from analysts with an average price target of $79.38.",0.090727,Neutral,0.572491,0.047358,Neutral
20260831T144316,AMD,Advanced Micro Devices,Public Employees Retirement System of Ohio Acquires New Position in Devon Energy Corporation $DVN,MarketBeat,https://www.marketbeat.com/instant-alerts/filing-public-employees-retirement-system-of-ohio-acquires-new-position-in-devon-energy-corporation-dvn-2026-08-31/,"The Public Employees Retirement System of Ohio has acquired a new position of 357,415 shares in Devon Energy Corporation, valued at approximately $14.8 million. Institutional investors now own 69.72% of the company. Devon Energy recently exceeded earnings expectations, reporting $1.57 EPS against a $1.40 consensus, with revenue increasing 73.1% year-over-year to $7.42 billion, and has declared a quarterly dividend of $0.32 per share.",0.217795,Somewhat-Bullish,0.526358,0.133749,Neutral
20260831T144545,AMD,Advanced Micro Devices,"36,781 Shares in Caesars Entertainment, Inc. $CZR Acquired by Jefferies Financial Group Inc.",MarketBeat,https://www.marketbeat.com/instant-alerts/filing-36781-shares-in-caesars-entertainment-inc-czr-acquired-by-jefferies-financial-group-inc-2026-08-31/,"Jefferies Financial Group Inc. recently acquired 36,781 shares of Caesars Entertainment, Inc. valued at approximately $1.11 million. This comes as institutional investors own 91.79% of the company, and despite a consensus ""Hold"" rating from analysts with an average price target of $30.71. Caesars reported a quarterly loss of $0.30 per share, missing estimates, while company insiders sold about $17.5 million in stock over the last three months.",-0.029169,Neutral,0.569895,0.135342,Neutral
20260831T152504,AMD,Advanced Micro Devices,"Quantitative Investment Management LLC Buys Shares of 140,673 Huntington Bancshares Incorporated $HBAN",MarketBeat,https://www.marketbeat.com/instant-alerts/filing-quantitative-investment-management-llc-buys-shares-of-140673-huntington-bancshares-incorporated-hban-2026-08-31/,"Quantitative Investment Management LLC acquired 140,673 shares of Huntington Bancshares (NASDAQ:HBAN), valued at approximately $2.5 million, marking a new position for the institutional investor. Despite recent insider selling, analysts have a ""Moderate Buy"" rating for HBAN with an average price target of $20.24, exceeding its current $16.92 share price. Huntington Bancshares reported Q2 EPS of $0.39, in line with estimates, and declared a quarterly dividend of $0.155, yielding 3.7%.",0.273678,Somewhat-Bullish,0.520849,0.306875,Somewhat-Bullish
20260831T153407,AMD,Advanced Micro Devices,"Headlands Technologies LLC Takes $4.52 Million Position in Amkor Technology, Inc. $AMKR",MarketBeat,https://www.marketbeat.com/instant-alerts/filing-headlands-technologies-llc-takes-452-million-position-in-amkor-technology-inc-amkr-2026-08-31/,"Headlands Technologies LLC has acquired a significant new stake of 52,426 shares in Amkor Technology, Inc. (NASDAQ:AMKR), valued at approximately $4.52 million during the second quarter. This move comes as Amkor Technology reported stronger-than-expected earnings, with EPS of $0.70 and revenue of $1.90 billion, surpassing analyst expectations. The company also announced a quarterly dividend of $0.0835 per share and received a ""Moderate Buy"" consensus rating from analysts with an average price target of $68.33.",0.371262,Bullish,0.575655,0.230838,Somewhat-Bullish
20260831T154134,AMD,Advanced Micro Devices,"Archer Aviation Inc. (NYSE:ACHR) Receives Consensus Recommendation of ""Hold"" from Analysts",MarketBeat,https://www.marketbeat.com/instant-alerts/consensus-archer-aviation-inc-nyse-achr-receives-consensus-recommendation-of-hold-from-analysts-2026-08-31/,"Archer Aviation Inc. (NYSE:ACHR) has received a consensus ""Hold"" rating from analysts, with an average 12-month price target of $11.50, significantly higher than its current price of $5.78. The company exceeded revenue expectations in its last quarterly earnings, reporting $5.0 million against an estimated $1.94 million, while its adjusted loss matched forecasts. Despite insider selling, major institutional investors like Vanguard, ARK, and State Street have increased their holdings, collectively owning 59.34% of the stock.",0.139458,Neutral,0.609145,0.131078,Neutral
20260831T154145,AMD,Advanced Micro Devices,Connor Clark & Lunn Investment Management Ltd. Buys New Stake in American Coastal Insurance Corporation $ACIC,MarketBeat,https://www.marketbeat.com/instant-alerts/filing-connor-clark-lunn-investment-management-ltd-buys-new-stake-in-american-coastal-insurance-corporation-acic-2026-08-31/,"Connor Clark & Lunn Investment Management Ltd. has acquired a new stake of 122,583 shares, valued at approximately $1.36 million, in American Coastal Insurance Corporation (NASDAQ:ACIC), representing 0.26% of the company. Institutional investors now own 22.11% of ACIC. Analysts currently rate ACIC as a ""Hold"" with an average price target of $13.00, despite the company missing its recent quarterly EPS estimates.",0.122131,Neutral,0.615974,0.202719,Somewhat-Bullish
20260831T160138,AMD,Advanced Micro Devices,"Public Employees Retirement System of Ohio Invests $14.27 Million in American Healthcare REIT, Inc. $AHR",MarketBeat,https://www.marketbeat.com/instant-alerts/filing-public-employees-retirement-system-of-ohio-invests-1427-million-in-american-healthcare-reit-inc-ahr-2026-08-31/,"The Public Employees Retirement System of Ohio has invested $14.27 million in American Healthcare REIT, acquiring 273,530 shares. This comes as institutional investors now own 16.68% of the company, and American Healthcare REIT reported strong quarterly results, beating EPS and revenue expectations. Analysts maintain a positive outlook with a ""Moderate Buy"" rating and a target price of $61.25.",0.208867,Somewhat-Bullish,0.606156,0.124299,Neutral
20260831T161500,AMD,Advanced Micro Devices,AMD Stock Alert: Advanced Micro Devices Teams Up With Cisco on AI Infrastructure,Yahoo Finance,https://finance.yahoo.com/markets/stocks/articles/amd-stock-alert-advanced-micro-201522502.html,"Advanced Micro Devices (AMD) is partnering with Cisco and Saudi tech firm HUMAIN to launch a live AI infrastructure platform in Saudi Arabia. This collaboration will utilize AMD's Instinct MI355X GPUs and EPYC CPUs with Cisco's networking architecture to provide high-performance GPU-as-a-Service, aiming to establish a significant AI deployment footprint in the Middle East. The move is expected to strengthen AMD's competitive position against Nvidia and diversify its revenue streams, with analysts maintaining a ""Strong Buy"" rating despite the stock's premium valuation.",0.262118,Somewhat-Bullish,0.980957,0.449168,Bullish
20260831T161846,AMD,Advanced Micro Devices,Empowered Funds LLC Buys New Position in Amalgamated Financial Corp. $AMAL,MarketBeat,https://www.marketbeat.com/instant-alerts/filing-empowered-funds-llc-buys-new-position-in-amalgamated-financial-corp-amal-2026-08-31/,"Empowered Funds LLC has acquired a new position in Amalgamated Financial Corp. (NASDAQ:AMAL), purchasing 140,724 shares valued at approximately $6.46 million, representing a 0.47% stake in the company. Amalgamated Financial reported strong quarterly earnings, surpassing analyst expectations with $1.10 EPS on $96.1 million revenue, and maintains a quarterly dividend of $0.17. Institutional investors collectively own 75.93% of the company, and analysts have a ""Moderate Buy"" rating with an average price target of $53.50.",0.294764,Somewhat-Bullish,0.585847,0.286518,Somewhat-Bullish
20260831T162318,AMD,Advanced Micro Devices,"Legal & General Group Plc Buys Shares of 171,077 Amkor Technology, Inc. $AMKR",MarketBeat,https://www.marketbeat.com/instant-alerts/filing-legal-general-group-plc-buys-shares-of-171077-amkor-technology-inc-amkr-2026-08-31/,"Legal & General Group Plc has acquired 171,077 shares of Amkor Technology, Inc. (NASDAQ:AMKR) for approximately $14.75 million, representing a 0.07% stake in the semiconductor company. Amkor Technology reported strong quarterly earnings, beating analyst estimates with $0.70 EPS and $1.90 billion in revenue, and announced a quarterly dividend. Analyst sentiment is generally positive with a ""Moderate Buy"" rating, while insiders have sold shares worth about $3.06 million in the last quarter.",0.34636,Somewhat-Bullish,0.574908,0.341878,Somewhat-Bullish
20260831T162448,AMD,Advanced Micro Devices,"118,500 Shares in Advanced Micro Devices, Inc. $AMD Acquired by Avala Global LP",MarketBeat,https://www.marketbeat.com/instant-alerts/filing-118500-shares-in-advanced-micro-devices-inc-amd-acquired-by-avala-global-lp-2026-08-31/,"Avala Global LP acquired 118,500 shares of Advanced Micro Devices (AMD) during the second quarter, valued at approximately $68.8 million, making it their 18th largest position and representing 2.5% of their portfolio. Other institutional investors like BlackRock and Norges Bank have also increased their holdings. Despite a ""Moderate Buy"" consensus from analysts, concerns over potential tariffs and recent insider selling have impacted sentiment.",0.054994,Neutral,1.000000,0.290060,Somewhat-Bullish
20260831T162448,AMD,Advanced Micro Devices,"Axim Planning & Wealth Acquires Shares of 1,888 Advanced Micro Devices, Inc. $AMD",MarketBeat,https://www.marketbeat.com/instant-alerts/filing-axim-planning-wealth-acquires-shares-of-1888-advanced-micro-devices-inc-amd-2026-08-31/,"Axim Planning & Wealth has acquired 1,888 shares of Advanced Micro Devices (AMD), valued at approximately $1.1 million, making it their ninth-largest holding. Institutional investors collectively own 71.34% of AMD, with major firms like BlackRock and State Street increasing their positions. Despite insider sales totaling over $114 million, analysts maintain a ""Moderate Buy"" rating for AMD, with an average price target of $553.72.",0.081971,Neutral,1.000000,0.213846,Somewhat-Bullish
20260831T164116,AMD,Advanced Micro Devices,"Public Employees Retirement System of Ohio Invests $13.22 Million in Alexandria Real Estate Equities, Inc. $ARE",MarketBeat,https://www.marketbeat.com/instant-alerts/filing-public-employees-retirement-system-of-ohio-invests-1322-million-in-alexandria-real-estate-equities-inc-are-2026-08-31/,"The Public Employees Retirement System of Ohio recently invested $13.22 million in Alexandria Real Estate Equities, Inc. (NYSE:ARE), acquiring 250,126 shares. This purchase gives the Ohio retirement system a 0.14% stake in the REIT, which is largely owned by institutional investors. Despite the investment, Alexandria Real Estate Equities missed earnings expectations in its latest quarter, reporting a loss of $0.43 per share against an anticipated profit of $0.09, and its revenue declined 13% year-over-year.",0.051478,Neutral,0.552082,0.227553,Somewhat-Bullish
20260831T164918,AMD,Advanced Micro Devices,"Man Group plc Buys Shares of 12,908 Carlisle Companies Incorporated $CSL",MarketBeat,https://www.marketbeat.com/instant-alerts/filing-man-group-plc-buys-shares-of-12908-carlisle-companies-incorporated-csl-2026-08-31/,"Man Group plc has acquired 12,908 shares of Carlisle Companies Incorporated (NYSE:CSL) during the second quarter, valuing the new stake at approximately $4.68 million. This move is part of broader institutional interest, with hedge funds and institutional investors collectively owning 89.52% of CSL's outstanding shares. Carlisle Companies recently reported strong quarterly earnings, beating analyst estimates with $7.03 EPS and an 8.3% year-over-year revenue increase, and also declared an increased quarterly dividend of $1.25 per share.",0.155621,Somewhat-Bullish,0.589688,0.239633,Somewhat-Bullish
20260831T165155,AMD,Advanced Micro Devices,"75,500 Shares in A10 Networks, Inc. $ATEN Purchased by Canada Pension Plan Investment Board",MarketBeat,https://www.marketbeat.com/instant-alerts/filing-75500-shares-in-a10-networks-inc-aten-purchased-by-canada-pension-plan-investment-board-2026-08-31/,"Canada Pension Plan Investment Board recently acquired 75,500 shares of A10 Networks, Inc. (NYSE:ATEN), amounting to approximately $2.82 million and giving them about a 0.10% stake in the company. Other institutional investors have also adjusted their holdings in A10 Networks, which reported stronger-than-expected quarterly revenue and earnings, and has an average ""Hold"" rating from analysts. The company also declared a quarterly dividend of $0.06 per share.",0.17864,Somewhat-Bullish,0.568053,0.120539,Neutral
20260831T165421,AMD,Advanced Micro Devices,Susquehanna Advisors Group Inc. Invests $53.70 Million in Microchip Technology Incorporated $MCHP,MarketBeat,https://www.marketbeat.com/instant-alerts/filing-susquehanna-advisors-group-inc-invests-5370-million-in-microchip-technology-incorporated-mchp-2026-08-31/,"Susquehanna Advisors Group Inc. has acquired a new stake of 700,000 shares, valued at approximately $53.7 million, in Microchip Technology Incorporated, making it their 16th largest holding. Analysts currently rate Microchip Technology with a ""Moderate Buy"" and an average target price of $98.67. The company recently reported strong quarterly earnings, beating analyst estimates with adjusted EPS of $0.76 and revenue of $1.48 billion, and declared a quarterly dividend of $0.455 per share.",0.340432,Somewhat-Bullish,0.569771,0.239002,Somewhat-Bullish
20260831T170118,AMD,Advanced Micro Devices,"Susquehanna Fundamental Investments LLC Grows Stake in Donaldson Company, Inc. $DCI",MarketBeat,https://www.marketbeat.com/instant-alerts/filing-susquehanna-fundamental-investments-llc-grows-stake-in-donaldson-company-inc-dci-2026-08-31/,"Susquehanna Fundamental Investments LLC significantly increased its stake in Donaldson Company, Inc. by 75.8% in the second quarter, now owning 152,315 shares valued at $13.7 million. This move is supported by a ""Moderate Buy"" consensus from analysts, with some setting price targets as high as $110. Donaldson also reported strong quarterly earnings, beating expectations with $1.15 EPS and $1.06 billion in revenue, alongside announcing a $0.32 quarterly dividend.",0.377252,Bullish,0.547142,0.286247,Somewhat-Bullish
20260831T170329,AMD,Advanced Micro Devices,Bank of America Corp DE Has $3.12 Million Stock Position in QuantumScape Corporation $QS,MarketBeat,https://www.marketbeat.com/instant-alerts/filing-bank-of-america-corp-de-has-312-million-stock-position-in-quantumscape-corporation-qs-2026-08-31/,"Bank of America Corp DE significantly reduced its stake in QuantumScape Corporation (NYSE:QS) by 44.6% in the first quarter, now holding 489,816 shares valued at $3.12 million. Despite some institutional buying, Wall Street analysts maintain a ""Reduce"" consensus rating with a target price of $9.47, reflecting cautious sentiment. Company insiders have also sold a substantial amount of stock, totaling over $3.24 million in the last 90 days.",0.011272,Neutral,0.578345,0.114694,Neutral
20260831T170613,AMD,Advanced Micro Devices,Wellington Management Group LLP Cuts Holdings in Banco Bradesco SA $BBD,MarketBeat,https://www.marketbeat.com/instant-alerts/filing-wellington-management-group-llp-cuts-holdings-in-banco-bradesco-sa-bbd-2026-08-31/,"Wellington Management Group LLP has reduced its stake in Banco Bradesco SA (NYSE:BBD) by 6.3% in the second quarter, selling 4.97 million shares but still retaining 73.5 million shares valued at approximately $255 million. Despite a recent downgrade by Weiss Ratings to ""hold,"" analysts generally maintain a ""Moderate Buy"" consensus for the stock. Banco Bradesco recently reported quarterly earnings of $0.12 per share on $6.77 billion in revenue and increased its monthly dividend to $0.0037 per share.",0.017887,Neutral,0.614747,0.107303,Neutral
20260831T170857,AMD,Advanced Micro Devices,"Kerrisdale Advisers LLC Buys 133,720 Shares of Belden Inc $BDC",MarketBeat,https://www.marketbeat.com/instant-alerts/filing-kerrisdale-advisers-llc-buys-133720-shares-of-belden-inc-bdc-2026-08-31/,"Kerrisdale Advisers LLC significantly increased its stake in Belden Inc. (NYSE: BDC) during the second quarter, acquiring an additional 133,720 shares, bringing their total to 143,000 shares valued at $17.1 million. This increase, representing 4.3% of Kerrisdale's holdings, coincides with favorable analyst sentiment, including a consensus ""Buy"" rating and a $160 price target. Belden also reported strong quarterly earnings, beating expectations with $2.34 EPS and 11.6% year-over-year revenue growth, and declared a quarterly dividend of $0.05 per share.",0.388573,Bullish,0.581994,0.330830,Somewhat-Bullish
20260831T170920,AMD,Advanced Micro Devices,Sigma Planning Corp Trims Stock Position in Bloom Energy Corporation $BE,MarketBeat,https://www.marketbeat.com/instant-alerts/filing-sigma-planning-corp-trims-stock-position-in-bloom-energy-corporation-be-2026-08-31/,"Sigma Planning Corp significantly reduced its stake in Bloom Energy Corporation by 40.1% in the second quarter, selling 9,567 shares. Despite this, institutional investors collectively own 77.04% of the company, and Bloom Energy recently reported stronger-than-expected quarterly results. Analysts maintain a ""Moderate Buy"" rating for Bloom Energy, citing its potential in AI data center demand and its solid-oxide fuel cell technology.",0.213627,Somewhat-Bullish,0.565569,0.229397,Somewhat-Bullish
20260831T173146,AMD,Advanced Micro Devices,Susquehanna Advisors Group Inc. Purchases New Shares in Peabody Energy Corporation $BTU,MarketBeat,https://www.marketbeat.com/instant-alerts/filing-susquehanna-advisors-group-inc-purchases-new-shares-in-peabody-energy-corporation-btu-2026-08-31/,"Susquehanna Advisors Group Inc. recently acquired 46,750 shares of Peabody Energy Corporation (NYSE:BTU) valued at approximately $1.08 million during the second quarter. This investment, along with other institutional holdings, means that institutional investors now own 87.44% of BTU stock. Analyst sentiment for Peabody Energy is mixed, with an average ""Hold"" rating and a price target of $33.88, despite the company missing its Q2 earnings expectations.",-0.037176,Neutral,0.567571,0.214054,Somewhat-Bullish
20260831T173216,AMD,Advanced Micro Devices,Wellington Management Group LLP Grows Stock Holdings in Anheuser-Busch InBev SA/NV $BUD,MarketBeat,https://www.marketbeat.com/instant-alerts/filing-wellington-management-group-llp-grows-stock-holdings-in-anheuser-busch-inbev-sanv-bud-2026-08-31/,"Wellington Management Group LLP significantly increased its stake in Anheuser-Busch InBev SA/NV (NYSE:BUD) by 10,464.1% in the second quarter, adding over 3.16 million shares. This brings their total holding to approximately $262.9 million. The company also reported strong quarterly earnings, beating expectations with $1.21 EPS and $16.66 billion in revenue, while analysts maintain a ""Moderate Buy"" rating with a consensus price target of $91.08.",0.319016,Somewhat-Bullish,0.645819,0.319005,Somewhat-Bullish
20260831T173257,AMD,Advanced Micro Devices,"Newtyn Management LLC Has $27.49 Million Stake in BrightView Holdings, Inc. $BV",MarketBeat,https://www.marketbeat.com/instant-alerts/filing-newtyn-management-llc-has-2749-million-stake-in-brightview-holdings-inc-bv-2026-08-31/,"Newtyn Management LLC reduced its stake in BrightView Holdings, Inc. by 7.6% in the second quarter, now holding 1.94 million shares valued at $27.49 million, representing 2.08% of BrightView. Despite a 1.3% revenue increase, BrightView missed EPS estimates. The stock currently has a consensus ""Hold"" rating from analysts with an average price target of $14.10, and institutional investors own 92.41% of the company.",0.080911,Neutral,0.579090,0.282643,Somewhat-Bullish
20260831T173457,AMD,Advanced Micro Devices,Man Group plc Buys New Shares in Blackstone Inc. $BX,MarketBeat,https://www.marketbeat.com/instant-alerts/filing-man-group-plc-buys-new-shares-in-blackstone-inc-bx-2026-08-31/,"Man Group plc acquired 43,463 shares of Blackstone Inc. (NYSE:BX) in the second quarter, valued at approximately $5.1 million. This makes Man Group plc a new institutional investor in Blackstone, which has about 70% institutional ownership overall. Analysts currently have a ""Moderate Buy"" consensus rating for Blackstone, with an average price target of $149.43.",0.28653,Somewhat-Bullish,0.600025,0.281442,Somewhat-Bullish
20260831T173705,AMD,Advanced Micro Devices,Susquehanna International Group LLP Makes New $1.37 Million Investment in CAE Inc $CAE,MarketBeat,https://www.marketbeat.com/instant-alerts/filing-susquehanna-international-group-llp-makes-new-137-million-investment-in-cae-inc-cae-2026-08-31/,"Susquehanna International Group LLP recently made a new investment of $1.37 million in CAE Inc., acquiring 54,583 shares. Institutional investors collectively hold 67.36% of CAE, which reported strong quarterly earnings of $0.19 per share and revenue growth of 6.8% year-over-year. Despite mixed analyst sentiment with a ""Hold"" consensus, the company projects fiscal 2027 EPS between $0.87 and $0.92.",0.164873,Somewhat-Bullish,0.573659,0.124416,Neutral
20260831T174106,AMD,Advanced Micro Devices,"Quantitative Investment Management LLC Has $3.14 Million Holdings in CBRE Group, Inc. $CBRE",MarketBeat,https://www.marketbeat.com/instant-alerts/filing-quantitative-investment-management-llc-has-314-million-holdings-in-cbre-group-inc-cbre-2026-08-31/,"Quantitative Investment Management LLC significantly increased its stake in CBRE Group, Inc. by 65.9% in the second quarter, now holding 23,305 shares valued at $3.14 million. Institutional investors collectively own 98.41% of the company, and analysts generally have a ""Moderate Buy"" consensus rating with an average price target of $180.33. CBRE's recent quarterly results surpassed expectations, with adjusted EPS of $1.56 and revenue up 15.1% year-over-year.",0.379995,Bullish,0.572017,0.326253,Somewhat-Bullish
20260831T174120,AMD,Advanced Micro Devices,"Man Group plc Buys New Position in Commerce Bancshares, Inc. $CBSH",MarketBeat,https://www.marketbeat.com/instant-alerts/filing-man-group-plc-buys-new-position-in-commerce-bancshares-inc-cbsh-2026-08-31/,"Man Group plc recently acquired 87,804 shares of Commerce Bancshares, Inc. (NASDAQ:CBSH) during the second quarter, a new position valued at approximately $5.1 million. This makes Man Group plc one of several institutional investors to buy or increase stakes in Commerce Bancshares, with institutional investors now owning 70.26% of the stock. Commerce Bancshares exceeded Q2 earnings expectations, reporting $1.10 EPS against a $1.04 consensus, and declared a quarterly dividend of $0.275, translating to a 1.9% yield, despite company insiders selling over $1.9 million in stock.",0.166012,Somewhat-Bullish,0.544363,0.108774,Neutral
20260831T174206,AMD,Advanced Micro Devices,"Rivernorth Capital Management LLC Takes Position in Crescent Capital BDC, Inc. $CCAP",MarketBeat,https://www.marketbeat.com/instant-alerts/filing-rivernorth-capital-management-llc-takes-position-in-crescent-capital-bdc-inc-ccap-2026-08-31/,"Rivernorth Capital Management LLC recently acquired 702,796 shares of Crescent Capital BDC (NASDAQ:CCAP), valued at $7.7 million, representing a 1.91% stake in the company. Institutional investors now own 49.46% of CCAP, while analysts generally rate the stock as ""Hold"" with a consensus price target of $13.10. Crescent Capital BDC also declared a quarterly dividend of $0.34 per share, offering a 12.9% yield, as its stock trades near its one-year low.",0.172591,Somewhat-Bullish,0.607206,0.335269,Somewhat-Bullish
20260831T174902,AMD,Advanced Micro Devices,Beaconlight Capital LLC Has $1.74 Million Holdings in Celsius Holdings Inc. $CELH,MarketBeat,https://www.marketbeat.com/instant-alerts/filing-beaconlight-capital-llc-has-174-million-holdings-in-celsius-holdings-inc-celh-2026-08-31/,"Beaconlight Capital LLC significantly reduced its stake in Celsius Holdings Inc. (NASDAQ:CELH) by 61.9% in the second quarter, selling 96,815 shares but still retaining 59,576 shares valued at $1.74 million. Despite institutional ownership of 60.95%, analysts have mixed to positive ratings for CELH, with a ""Moderate Buy"" consensus and an average price target of $50.05, though several firms recently lowered their targets. The company missed Q2 earnings and revenue expectations, reporting $0.36 EPS against an estimated $0.41 and revenue of $817.93 million against an $870.08 million forecast.",0.100782,Neutral,0.557265,0.243657,Somewhat-Bullish
20260831T175232,AMD,Advanced Micro Devices,"Royal London Asset Management Ltd. Has $19.65 Million Stake in Church & Dwight Co., Inc. $CHD",MarketBeat,https://www.marketbeat.com/instant-alerts/filing-royal-london-asset-management-ltd-has-1965-million-stake-in-church-dwight-co-inc-chd-2026-08-31/,"Royal London Asset Management Ltd. significantly reduced its stake in Church & Dwight Co., Inc. by 59.6% in the second quarter, now holding 202,812 shares valued at $19.65 million. Despite missing EPS estimates by a narrow margin, the company reported revenue above expectations and announced a quarterly dividend. Analysts maintain a consensus ""Hold"" rating for Church & Dwight with an average price target of $104.41.",0.110223,Neutral,0.559868,0.104630,Neutral
20260831T175234,AMD,Advanced Micro Devices,Jupiter Topco LLC Invests $7.41 Million in Chemed Corporation $CHE,MarketBeat,https://www.marketbeat.com/instant-alerts/filing-jupiter-topco-llc-invests-741-million-in-chemed-corporation-che-2026-08-31/,"Jupiter Topco LLC has acquired a new stake of $7.41 million in Chemed Corporation ($CHE) during the second quarter, purchasing 15,913 shares and now owning approximately 0.12% of the company. Chemed exceeded quarterly earnings expectations with $6.06 EPS and $673.25 million in revenue, leading analysts to maintain a ""Hold"" rating with a $530.75 price target. The company also increased its quarterly dividend to $0.70 per share.",0.25113,Somewhat-Bullish,0.647851,0.345440,Somewhat-Bullish
20260831T175600,AMD,Advanced Micro Devices,Micron Technology (MU) Gains Driven by Earnings Upgrades,Yahoo Finance UK,https://uk.finance.yahoo.com/news/micron-technology-mu-gains-driven-145610534.html,"Micron Technology (MU) has seen significant gains, driven by positive earnings revisions, despite previous market assumptions of overearning due to memory boom-bust cycles. MD Sass Concentrated Value Strategy, which held MU for part of Q2 2026, highlighted three reasons for sustained strength: rapid growth of high-bandwidth memory (HBM), firm multi-year supply agreements, and insufficient industry supply to meet demand from AI applications. The firm sold its position when MU shifted from the Russell 1000 Value Index to the Growth Index, adhering to its benchmark investment strategy.",0.387054,Bullish,0.601652,0.340340,Somewhat-Bullish
20260831T180430,AMD,Advanced Micro Devices,Short Interest in Coincheck Group N.V. (NASDAQ:CNCK) Grows By 78.9%,MarketBeat,https://www.marketbeat.com/instant-alerts/options-short-interest-in-coincheck-group-nv-nasdaq-cnck-grows-by-789-2026-08-30/,"Coincheck Group N.V. (NASDAQ:CNCK) experienced a significant increase in short interest, growing by 78.9% to 165,815 shares as of August 14th. This represents 0.3% of the company's shares outstanding and a days-to-cover ratio of 0.6 days. Despite mixed analyst sentiment with a ""Hold"" consensus and a $3.75 average price target, the stock traded up 1.4% to $2.11 after the company reported quarterly revenue of $717.43 million, meeting analyst expectations.",0.179224,Somewhat-Bullish,0.573203,0.264221,Somewhat-Bullish
20260831T180530,AMD,Advanced Micro Devices,"ConnectOne Bancorp, Inc. (NASDAQ:CNOB) Given Consensus Rating of ""Moderate Buy"" by Analysts",MarketBeat,https://www.marketbeat.com/instant-alerts/consensus-connectone-bancorp-inc-nasdaq-cnob-given-consensus-rating-of-moderate-buy-by-analysts-2026-08-31/,"ConnectOne Bancorp, Inc. (NASDAQ:CNOB) has received a ""Moderate Buy"" consensus rating from analysts, with four out of five recommending a buy and one a hold. The average 12-month price target is $35.00, exceeding the opening price of $31.73. The company also reported strong quarterly earnings of $0.84 per share, surpassing estimates, and maintains a quarterly dividend of $0.195 per share.",0.116386,Neutral,0.535095,0.113429,Neutral
20260831T181326,AMD,Advanced Micro Devices,Credo's Toucan PCIe® Retimer Achieves PCI Express® Compliance and Joins PCI Express® 6.x Integrators List,Credo Technology Group Holding Ltd - Investor Relations,https://investors.credosemi.com/news-events/news/news-details/2026/Credos-Toucan-PCIe-Retimer-Achieves-PCI-Express-Compliance-and-Joins-PCI-Express-6-x-Integrators-List/default.aspx,"Credo Technology Group Holding Ltd announced that its Toucan Gen6x16 PCI Express® (PCIe®) retimer has successfully achieved PCI-SIG® 6.x retimer compliance at 64.0 GT/s and is now listed on the PCI-SIG Integrators List. This milestone validates Toucan for electrical compliance, interoperability, and expanded PCIe 6.0 retimer protocol requirements, offering crucial support for next-generation AI, HPC, and accelerated compute platforms. The company emphasizes the retimer's low-power design, advanced diagnostics, and alignment with future PCIe 7.0 technology roadmaps.",0.352244,Bullish,0.555885,0.268334,Somewhat-Bullish
20260831T181503,AMD,Advanced Micro Devices,"BlackRock Inc. Takes $75.13 Million Position in Corsair Gaming, Inc. $CRSR",MarketBeat,https://www.marketbeat.com/instant-alerts/filing-blackrock-inc-takes-7513-million-position-in-corsair-gaming-inc-crsr-2026-08-31/,"BlackRock Inc. has acquired a significant new stake in Corsair Gaming, Inc. (NASDAQ:CRSR), purchasing over 7.7 million shares valued at approximately $75.1 million, which gives them a 7.27% ownership. This move comes as other institutional investors have also adjusted their positions in the company, which holds a ""Moderate Buy"" consensus rating from analysts with an average price target of $12.00. Corsair Gaming recently reported strong quarterly earnings, beating estimates with $0.23 per share, though revenue saw a slight year-over-year decline.",0.13784,Neutral,0.552692,0.047033,Neutral
20260831T183744,AMD,Advanced Micro Devices,"Fundsmith LLP Has $13.55 Million Stake in Doximity, Inc. $DOCS",MarketBeat,https://www.marketbeat.com/instant-alerts/filing-fundsmith-llp-has-1355-million-stake-in-doximity-inc-docs-2026-08-31/,"Fundsmith LLP reduced its stake in Doximity, Inc. (NYSE:DOCS) by 5.6% in the second quarter, now holding 653,324 shares valued at $13.55 million. Despite mixed analyst ratings, Doximity exceeded Q2 earnings expectations with $0.29 EPS and $156.62 million in revenue, a 7.3% year-over-year increase. Institutional investors own 87.19% of the company, while insiders sold shares worth $437,251 in the last quarter.",0.248463,Somewhat-Bullish,0.576041,0.231841,Somewhat-Bullish
20260831T184354,AMD,Advanced Micro Devices,Benjamin Edwards Inc. Buys New Holdings in eBay Inc. $EBAY,MarketBeat,https://www.marketbeat.com/instant-alerts/filing-benjamin-edwards-inc-buys-new-holdings-in-ebay-inc-ebay-2026-08-31/,"Benjamin Edwards Inc. has acquired 40,558 shares of eBay Inc. (NASDAQ:EBAY) in the second quarter, valued at approximately $4.5 million, contributing to institutional investors and hedge funds owning 87.48% of the company's stock. eBay reported strong quarterly earnings, surpassing expectations with $1.60 EPS and $3.13 billion in revenue, while maintaining a consensus ""Hold"" rating from analysts with an average price target of $117.24. The company also declared a quarterly dividend of $0.31 per share.",0.19663,Somewhat-Bullish,0.637795,0.116317,Neutral
20260831T185639,AMD,Advanced Micro Devices,"EQT Corporation (NYSE:EQT) Receives Consensus Rating of ""Moderate Buy"" from Brokerages",MarketBeat,https://www.marketbeat.com/instant-alerts/consensus-eqt-corporation-nyse-eqt-receives-consensus-rating-of-moderate-buy-from-brokerages-2026-08-31/,"Analysts have issued a ""Moderate Buy"" consensus rating for EQT Corporation (NYSE:EQT), with an average 12-month price target of $68.10, exceeding its current share price. Despite falling short of Q2 earnings and revenue expectations, the company declared a quarterly dividend of $0.165 per share, representing a 1.2% annualized yield. Institutional investors hold a significant 90.81% of EQT's outstanding stock, while insiders have recently sold shares.",0.234864,Somewhat-Bullish,0.528169,0.385217,Bullish
20260831T190637,AMD,Advanced Micro Devices,"624,967 Shares in Ford Motor Company $F Bought by Jupiter Topco LLC",MarketBeat,https://www.marketbeat.com/instant-alerts/filing-624967-shares-in-ford-motor-company-f-bought-by-jupiter-topco-llc-2026-08-31/,"Jupiter Topco LLC recently acquired 624,967 shares of Ford Motor Company (NYSE:F) valued at approximately $8.7 million in the second quarter. Other institutional investors like BlackRock Inc. and Charles Schwab Investment Management Inc. have also adjusted their positions, with institutional investors now owning 58.74% of Ford's stock. Despite a decline in revenue, Ford reported better-than-expected Q2 EPS of $0.42 and declared a quarterly dividend of $0.15 per share.",0.222443,Somewhat-Bullish,0.597707,0.259371,Somewhat-Bullish
20260831T191325,AMD,Advanced Micro Devices,"Kerrisdale Advisers LLC Makes New Investment in Figma, Inc. $FIG",MarketBeat,https://www.marketbeat.com/instant-alerts/filing-kerrisdale-advisers-llc-makes-new-investment-in-figma-inc-fig-2026-08-31/,"Kerrisdale Advisers LLC recently acquired a new position in Figma, Inc. (NYSE:FIG) during the second quarter, purchasing 45,525 shares valued at approximately $824,000. This investment comes amidst mixed analyst ratings and significant insider selling, with Figma reporting strong revenue growth but remaining unprofitable. Several other institutional investors also increased or initiated their holdings in the design software company.",0.276483,Somewhat-Bullish,0.550178,0.346464,Somewhat-Bullish
20260831T191604,AMD,Advanced Micro Devices,"92,470 Shares in Flowserve Corporation $FLS Acquired by The Manufacturers Life Insurance Company",MarketBeat,https://www.marketbeat.com/instant-alerts/filing-92470-shares-in-flowserve-corporation-fls-acquired-by-the-manufacturers-life-insurance-company-2026-08-31/,"The Manufacturers Life Insurance Company acquired 92,470 shares of Flowserve Corporation (NYSE:FLS) in the second quarter, valuing its stake at approximately $6.86 million. This acquisition gives the firm a 0.07% ownership, contributing to the 93.93% institutional ownership of Flowserve's stock. Flowserve reported strong Q2 earnings, exceeding estimates with $0.95 EPS and revenue of $1.17 billion, and analysts maintain a ""Moderate Buy"" rating with an average price target of $86.60.",0.242351,Somewhat-Bullish,0.601603,0.120903,Neutral
20260831T192403,AMD,Advanced Micro Devices,"Alyeska Investment Group L.P. Purchases 328,259 Shares of Freshpet, Inc. $FRPT",MarketBeat,https://www.marketbeat.com/instant-alerts/filing-alyeska-investment-group-lp-purchases-328259-shares-of-freshpet-inc-frpt-2026-08-31/,"Alyeska Investment Group L.P. significantly increased its stake in Freshpet, Inc. by 146.5% in Q2, acquiring 328,259 additional shares to bring its total ownership to 1.12% of the company. This comes as Freshpet reported strong Q2 earnings, with EPS of $0.39 and revenue of $305.59 million, exceeding analyst expectations. Despite favorable analyst ratings, insiders have sold a substantial number of shares in the past three months.",0.236819,Somewhat-Bullish,0.624516,0.208228,Somewhat-Bullish
20260831T192445,AMD,Advanced Micro Devices,"Quantitative Investment Management LLC Takes Position in Mettler-Toledo International, Inc. $MTD",MarketBeat,https://www.marketbeat.com/instant-alerts/filing-quantitative-investment-management-llc-takes-position-in-mettler-toledo-international-inc-mtd-2026-08-31/,"Quantitative Investment Management LLC recently acquired 2,358 shares of Mettler-Toledo International, Inc. (MTD) valued at approximately $3.0 million during the second quarter. This move comes as institutional investors collectively own 95.07% of the company, while company insiders have sold over $4.75 million in shares over the past three months. Mettler-Toledo exceeded Q2 earnings estimates with $11.46 EPS and reported a 4.5% year-over-year revenue increase to $1.03 billion, despite analysts maintaining a consensus ""Hold"" rating with a $1,461.27 price target.",0.190104,Somewhat-Bullish,0.623414,0.211136,Somewhat-Bullish
20260831T193105,AMD,Advanced Micro Devices,"Alyeska Investment Group L.P. Buys 62,168 Shares of General Dynamics Corporation $GD",MarketBeat,https://www.marketbeat.com/instant-alerts/filing-alyeska-investment-group-lp-buys-62168-shares-of-general-dynamics-corporation-gd-2026-08-31/,"Alyeska Investment Group L.P. significantly increased its stake in General Dynamics Corporation, acquiring 62,168 additional shares, bringing its total to 158,245 shares valued at $56.1 million. This increase occurred in Q2, alongside other institutional investors also adjusting their holdings. General Dynamics reported strong quarterly results with EPS of $4.24 and revenue of $14.09 billion, exceeding analyst expectations, and maintained its fiscal 2026 EPS guidance.",0.324788,Somewhat-Bullish,0.558168,0.265049,Somewhat-Bullish
20260831T193105,AMD,Advanced Micro Devices,Jupiter Topco LLC Invests $8.83 Million in General Dynamics Corporation $GD,MarketBeat,https://www.marketbeat.com/instant-alerts/filing-jupiter-topco-llc-invests-883-million-in-general-dynamics-corporation-gd-2026-08-31/,"Jupiter Topco LLC recently acquired 24,947 shares of General Dynamics Corporation, a stake valued at approximately $8.83 million, during the second quarter. This investment is part of broader institutional interest, with BlackRock Inc. also making a significant new purchase. General Dynamics has shown strong financial performance, exceeding quarterly expectations with $4.24 EPS and $14.09 billion in revenue, leading analysts to maintain a ""Moderate Buy"" rating with an average price target of $410.89.",0.287873,Somewhat-Bullish,0.609552,0.141860,Neutral
20260831T193210,AMD,Advanced Micro Devices,Jefferies Financial Group Inc. Takes $1.24 Million Position in First American Financial Corporation $FAF,MarketBeat,https://www.marketbeat.com/instant-alerts/filing-jefferies-financial-group-inc-takes-124-million-position-in-first-american-financial-corporation-faf-2026-08-31/,"Jefferies Financial Group Inc. has acquired a new stake of 18,093 shares in First American Financial Corporation (NYSE:FAF), valued at approximately $1.24 million, during the second quarter. This move is part of a broader trend of institutional investment, with hedge funds and other institutional investors collectively owning 89.05% of the company's stock. Analysts maintain a ""Moderate Buy"" consensus for FAF, with an average price target of $84.60, following the company's strong Q2 earnings which exceeded expectations.",0.266564,Somewhat-Bullish,0.557232,0.237716,Somewhat-Bullish
20260831T195246,AMD,Advanced Micro Devices,"Kerrisdale Advisers LLC Acquires 242,354 Shares of Hudson Technologies, Inc. $HDSN",MarketBeat,https://www.marketbeat.com/instant-alerts/filing-kerrisdale-advisers-llc-acquires-242354-shares-of-hudson-technologies-inc-hdsn-2026-08-31/,"Kerrisdale Advisers LLC significantly increased its stake in Hudson Technologies, Inc. by 420.6% in the second quarter, acquiring an additional 242,354 shares to own a total of 299,976 shares. This move highlights continued institutional interest, with 71.34% of the stock owned by institutions and insiders purchasing nearly a million shares recently. Despite a consensus ""Hold"" rating and a missed EPS target, the increase in holdings by major investors suggests confidence in the company.",0.212298,Somewhat-Bullish,0.633602,0.336297,Somewhat-Bullish
20260831T195703,AMD,Advanced Micro Devices,"BlackRock Inc. Purchases 691,165 Shares of Honda Motor Co., Ltd. $HMC",MarketBeat,https://www.marketbeat.com/instant-alerts/filing-blackrock-inc-purchases-691165-shares-of-honda-motor-co-ltd-hmc-2026-08-31/,"BlackRock Inc. increased its stake in Honda Motor Co., Ltd. by 35.2% in the second quarter, acquiring an additional 691,165 shares to bring its total holding to 2.66 million shares, valued at approximately $72 million. Despite this significant investment, Honda Motor reported mixed financial results with negative net margins and return on equity, and analyst sentiment remains divided, resulting in a consensus ""Hold"" rating for the stock.",0.083776,Neutral,0.568380,0.179766,Somewhat-Bullish
20260831T200838,AMD,Advanced Micro Devices,"Bank of America Corp DE Sells 32,302 Shares of Intercorp Financial Services Inc. $IFS",MarketBeat,https://www.marketbeat.com/instant-alerts/filing-bank-of-america-corp-de-sells-32302-shares-of-intercorp-financial-services-inc-ifs-2026-08-31/,"Bank of America Corp DE has reduced its stake in Intercorp Financial Services Inc. by 32.9% after selling 32,302 shares, now holding 65,978 shares valued at approximately $3.31 million. Other institutional investors have also adjusted their positions in IFS. Intercorp Financial Services reported strong quarterly earnings, beating analyst estimates for both EPS and revenue, and currently holds a consensus ""Buy"" rating from analysts with a target price of $62.",0.156609,Somewhat-Bullish,0.559104,0.216026,Somewhat-Bullish
20260831T200920,AMD,Advanced Micro Devices,"Algert Global LLC Has $1.10 Million Holdings in Insteel Industries, Inc. $IIIN",MarketBeat,https://www.marketbeat.com/instant-alerts/filing-algert-global-llc-has-110-million-holdings-in-insteel-industries-inc-iiin-2026-08-31/,"Algert Global LLC significantly reduced its stake in Insteel Industries, Inc. by 81.5% in the second quarter, selling 159,971 shares and retaining 36,380 shares valued at approximately $1.10 million. Despite this, institutional investors collectively own 83.27% of the company, and analyst sentiment has improved with upgrades from Zacks Research, Wall Street Zen, and Weiss Ratings, resulting in an overall ""Buy"" rating. Insteel Industries reported quarterly EPS slightly above estimates and declared a $0.03 quarterly dividend.",0.248185,Somewhat-Bullish,0.564020,0.201693,Somewhat-Bullish
20260831T203359,AMD,Advanced Micro Devices,Kite Realty Group Trust $KRG Shares Purchased by Susquehanna International Group LLP,MarketBeat,https://www.marketbeat.com/instant-alerts/filing-kite-realty-group-trust-krg-shares-purchased-by-susquehanna-international-group-llp-2026-08-31/,"Susquehanna International Group LLP significantly increased its stake in Kite Realty Group Trust ($KRG) by 65.5% during the second quarter, now owning 0.08% of the company's shares. Other institutional investors like Cohen & Steers, Norges Bank, and Bank of New York Mellon also increased their positions, with overall institutional ownership remaining high at 90.81%. Analysts currently have a ""Hold"" rating on KRG with an average price target of $30.14, while the company reported strong quarterly earnings and declared a $0.29 quarterly dividend.",0.351824,Bullish,0.584725,0.344123,Somewhat-Bullish
20260831T203836,AMD,Advanced Micro Devices,Connor Clark & Lunn Investment Management Ltd. Purchases New Stake in LCNB Corporation $LCNB,MarketBeat,https://www.marketbeat.com/instant-alerts/filing-connor-clark-lunn-investment-management-ltd-purchases-new-stake-in-lcnb-corporation-lcnb-2026-08-31/,"Connor Clark & Lunn Investment Management Ltd. has acquired a new stake in LCNB Corporation, purchasing 61,680 shares valued at approximately $1.09 million, representing a 0.43% ownership. Institutional investors and hedge funds now collectively own 34.73% of the company. LCNB recently reported strong quarterly earnings of $0.53 per share, exceeding analyst estimates, and declared a quarterly dividend of $0.22 per share, leading to a ""Strong Buy"" consensus rating from analysts.",0.433874,Bullish,0.591232,0.306185,Somewhat-Bullish
20260831T204408,AMD,Advanced Micro Devices,"Wellington Management Group LLP Sells 66,265 Shares of Lockheed Martin Corporation $LMT",MarketBeat,https://www.marketbeat.com/instant-alerts/filing-wellington-management-group-llp-sells-66265-shares-of-lockheed-martin-corporation-lmt-2026-08-31/,"Wellington Management Group LLP reduced its stake in Lockheed Martin Corporation by 8.2% in the second quarter, selling 66,265 shares but still holding 746,194 shares valued at $380.2 million. Despite this, Lockheed Martin recently exceeded quarterly earnings expectations with $7.94 EPS and $20.06 billion in revenue, also declaring a quarterly dividend of $3.45 per share. Analysts generally maintain a ""Hold"" rating on the stock, though some have upgraded their outlooks.",0.073376,Neutral,0.562723,0.065326,Neutral
20260831T204513,AMD,Advanced Micro Devices,Wellington Management Group LLP Has $327.55 Million Position in Loar Holdings Inc. $LOAR,MarketBeat,https://www.marketbeat.com/instant-alerts/filing-wellington-management-group-llp-has-32755-million-position-in-loar-holdings-inc-loar-2026-08-31/,"Wellington Management Group LLP increased its stake in Loar Holdings Inc. by 14.5% during the second quarter, now holding 4.06 million shares valued at approximately $327.55 million, representing 4.34% of the company. This comes as Loar Holdings reported strong Q2 results, with EPS of $0.38 and revenue of $171.58 million, exceeding analyst expectations, and issued positive fiscal 2026 EPS guidance. Analyst sentiment remains ""Moderate Buy"" with an average price target of $88.",0.335088,Somewhat-Bullish,0.635691,0.323542,Somewhat-Bullish
20260831T205323,AMD,Advanced Micro Devices,Melar Acquisition Corp. I (NASDAQ:MACI) Short Interest Up 60.9% in August,MarketBeat,https://www.marketbeat.com/instant-alerts/options-melar-acquisition-corp-i-nasdaq-maci-short-interest-up-609-in-august-2026-08-31/,"Short interest in Melar Acquisition Corp. I (NASDAQ:MACI) surged by 60.9% in August, reaching 8,556 shares by August 14th. This represents 0.1% of the company's outstanding shares, with a high short-interest ratio of 23.4 days. Analysts maintain a ""Sell"" rating for MACI, and the stock recently traded down 0.4% to $10.95.",-0.142369,Neutral,0.580080,0.142127,Neutral
20260831T205513,AMD,Advanced Micro Devices,"Bank of New York Mellon Corp Acquires Shares of 1,685,407 Mattel, Inc. $MAT",MarketBeat,https://www.marketbeat.com/instant-alerts/filing-bank-of-new-york-mellon-corp-acquires-shares-of-1685407-mattel-inc-mat-2026-08-31/,"Bank of New York Mellon Corp has acquired a new stake of 1,685,407 shares in Mattel, Inc., valued at approximately $23.4 million, representing 0.58% of the company. Institutional investors collectively own 97.15% of Mattel, while analyst sentiment is mixed with a ""Hold"" rating and an average price target of $17.80. The company's latest quarterly revenue exceeded expectations, though adjusted earnings per share missed estimates.",0.10251,Neutral,0.594510,0.120956,Neutral
20260831T205534,AMD,Advanced Micro Devices,"Alyeska Investment Group L.P. Purchases Shares of 11,712 AutoZone, Inc. $AZO",MarketBeat,https://www.marketbeat.com/instant-alerts/filing-alyeska-investment-group-lp-purchases-shares-of-11712-autozone-inc-azo-2026-08-31/,"Alyeska Investment Group L.P. acquired a new position of 11,712 shares in AutoZone, Inc. (NYSE:AZO) during the second quarter, valued at approximately $37.4 million, bringing institutional ownership to 92.74%. Analysts generally rate AutoZone as a ""Moderate Buy"" with an average price target of $4,029.43, despite recent target price adjustments. The company also authorized a $1.5 billion share-repurchase program, while a company VP sold shares worth $4.51 million.",0.219504,Somewhat-Bullish,0.573370,0.241597,Somewhat-Bullish
20260831T205744,AMD,Advanced Micro Devices,Susquehanna Fundamental Investments LLC Boosts Position in Moody's Corporation $MCO,MarketBeat,https://www.marketbeat.com/instant-alerts/filing-susquehanna-fundamental-investments-llc-boosts-position-in-moodys-corporation-mco-2026-08-31/,"Susquehanna Fundamental Investments LLC increased its stake in Moody's Corporation (NYSE:MCO) by 2.8% in the second quarter, bringing its total to 133,282 shares valued at approximately $60.4 million. This makes Moody's the 15th largest holding in Susquehanna's portfolio. Institutional investors collectively own a significant 92.11% of the company, and analysts maintain a ""Moderate Buy"" rating with an average price target of $553.61.",0.254437,Somewhat-Bullish,0.629949,0.235912,Somewhat-Bullish
20260831T205937,AMD,Advanced Micro Devices,"Quantitative Investment Management LLC Acquires 4,635 Shares of MercadoLibre, Inc. $MELI",MarketBeat,https://www.marketbeat.com/instant-alerts/filing-quantitative-investment-management-llc-acquires-4635-shares-of-mercadolibre-inc-meli-2026-08-31/,"Quantitative Investment Management LLC increased its stake in MercadoLibre, Inc. (NASDAQ:MELI) by 276.6% in the second quarter, purchasing an additional 4,635 shares to hold a total of 6,311 shares valued at $10.7 million. MercadoLibre reported strong quarterly results, with revenue of $10.17 billion and earnings of $9.19 per share, both exceeding analyst expectations. Analysts maintain a ""Moderate Buy"" rating for MELI with an average price target of $2,272.",0.418397,Bullish,0.577690,0.341818,Somewhat-Bullish
20260831T205937,AMD,Advanced Micro Devices,"Beacon Pointe Advisors LLC Makes New $1.14 Million Investment in MercadoLibre, Inc. $MELI",MarketBeat,https://www.marketbeat.com/instant-alerts/filing-beacon-pointe-advisors-llc-makes-new-114-million-investment-in-mercadolibre-inc-meli-2026-08-31/,"Beacon Pointe Advisors LLC recently acquired a new stake of 672 shares in MercadoLibre, Inc. (NASDAQ:MELI), valued at approximately $1.14 million during the second quarter. This move is part of a broader trend where institutional investors and hedge funds own a significant portion of MercadoLibre's outstanding shares. Despite some price target reductions, analysts maintain a ""Moderate Buy"" consensus for MELI, with an average target price of $2,272.",0.356725,Bullish,0.634286,0.332160,Somewhat-Bullish
20260831T210229,AMD,Advanced Micro Devices,"45,012 Shares in MGM Resorts International $MGM Bought by Canada Pension Plan Investment Board",MarketBeat,https://www.marketbeat.com/instant-alerts/filing-45012-shares-in-mgm-resorts-international-mgm-bought-by-canada-pension-plan-investment-board-2026-08-31/,"Canada Pension Plan Investment Board purchased 45,012 shares of MGM Resorts International, valued at $2.15 million, during the second quarter of 2026. This acquisition contributes to the 68.11% institutional ownership of MGM's outstanding shares. MGM reported strong quarterly earnings of $0.59 per share, surpassing analyst expectations, and revenue growth of 2.2% year-over-year.",0.265899,Somewhat-Bullish,0.611606,0.204742,Somewhat-Bullish
20260831T210252,AMD,Advanced Micro Devices,"Susquehanna International Group LLP Buys 63,537 Shares of McGrath RentCorp $MGRC",MarketBeat,https://www.marketbeat.com/instant-alerts/filing-susquehanna-international-group-llp-buys-63537-shares-of-mcgrath-rentcorp-mgrc-2026-08-31/,"Susquehanna International Group LLP increased its stake in McGrath RentCorp (NASDAQ:MGRC) by 73% in the second quarter, purchasing 63,537 shares to bring its total ownership to 150,537 shares valued at $18.2 million. Despite this, McGrath RentCorp missed Q2 earnings expectations, with EPS of $1.37 against a $1.47 forecast and revenue of $221.11 million versus $236.51 million expected. Institutional investors and hedge funds collectively own 92.05% of the company, which also recently declared a quarterly dividend of $0.495 per share.",0.177009,Somewhat-Bullish,0.586721,0.308565,Somewhat-Bullish
20260831T210710,AMD,Advanced Micro Devices,"Connor Clark & Lunn Investment Management Ltd. Invests $958,000 in MillerKnoll, Inc. $MLKN",MarketBeat,https://www.marketbeat.com/instant-alerts/filing-connor-clark-lunn-investment-management-ltd-invests-958000-in-millerknoll-inc-mlkn-2026-08-31/,"Connor Clark & Lunn Investment Management Ltd. has invested $958,000 in MillerKnoll, Inc., acquiring 46,847 shares in the second quarter. Other institutional investors like BlackRock and Pzena Investment Management also established significant new positions, bringing institutional ownership to 87.50%. MillerKnoll reported strong Q2 earnings, beating estimates with $0.55 EPS and $1 billion in revenue, and declared a quarterly dividend of $0.1875 per share, representing a 3.2% yield.",0.290206,Somewhat-Bullish,0.592986,0.229884,Somewhat-Bullish
20260831T210918,AMD,Advanced Micro Devices,Flputnam Investment Management Co. Makes New Investment in Modine Manufacturing Company $MOD,MarketBeat,https://www.marketbeat.com/instant-alerts/filing-flputnam-investment-management-co-makes-new-investment-in-modine-manufacturing-company-mod-2026-08-31/,"Flputnam Investment Management Co. recently acquired a new stake of 13,133 shares in Modine Manufacturing Company (NYSE:MOD), valued at approximately $3.5 million. Despite insider selling totaling $15.9 million in the last quarter, analysts maintain a ""Moderate Buy"" consensus rating with an average price target of $320.14. Modine Manufacturing reported strong Q2 earnings, beating EPS expectations and showing a 28% year-over-year revenue increase, though its stock price opened significantly below its 52-week high.",0.24348,Somewhat-Bullish,0.584823,0.313981,Somewhat-Bullish
20260831T211215,AMD,Advanced Micro Devices,"Hsbc Holdings PLC Takes $1.82 Million Position in Midland States Bancorp, Inc. $MSBI",MarketBeat,https://www.marketbeat.com/instant-alerts/filing-hsbc-holdings-plc-takes-182-million-position-in-midland-states-bancorp-inc-msbi-2026-08-31/,"HSBC Holdings PLC has acquired a new position of 58,716 shares in Midland States Bancorp (MSBI), valued at approximately $1.82 million. This investment comes as Midland States Bancorp reported strong quarterly earnings, surpassing analyst expectations, and increased its quarterly dividend while authorizing a $45 million share buyback program. Despite insider sales by the CEO and COO, institutional investors collectively own a significant portion of the company's stock, and analysts currently hold a consensus ""Hold"" rating with a target price of $29.10.",0.240294,Somewhat-Bullish,0.613347,0.219033,Somewhat-Bullish
20260831T211539,AMD,Advanced Micro Devices,"Beacon Pointe Advisors LLC Takes Position in Mettler-Toledo International, Inc. $MTD",MarketBeat,https://www.marketbeat.com/instant-alerts/filing-beacon-pointe-advisors-llc-takes-position-in-mettler-toledo-international-inc-mtd-2026-08-31/,"Beacon Pointe Advisors LLC has initiated a new position in Mettler-Toledo International, Inc. (MTD), acquiring 958 shares valued at approximately $1.22 million. Institutional investors collectively own 95.07% of the company, and despite positive quarterly earnings exceeding analyst expectations, insider trading activity shows sales totaling over $4.75 million in the last three months. Analyst sentiment for Mettler-Toledo International remains mixed, with a consensus ""Hold"" rating and an average price target of $1,461.27.",0.10753,Neutral,0.617215,0.141486,Neutral
20260831T211814,AMD,Advanced Micro Devices,Grandeur Peak Global Advisors LLC Makes New $4.52 Million Investment in Mueller Water Products $MWA,MarketBeat,https://www.marketbeat.com/instant-alerts/filing-grandeur-peak-global-advisors-llc-makes-new-452-million-investment-in-mueller-water-products-mwa-2026-08-31/,"Grandeur Peak Global Advisors LLC has made a new $4.52 million investment in Mueller Water Products ($MWA), acquiring 175,070 shares, which represents 0.11% of the company. Mueller Water Products reported strong quarterly earnings, beating estimates with $0.50 EPS and seeing a 4.1% year-over-year revenue increase. The company also offers a quarterly dividend, and despite mixed analyst sentiment leading to an overall ""Hold"" rating, institutional investors collectively own 91.68% of the stock.",0.198658,Somewhat-Bullish,0.564989,0.312082,Somewhat-Bullish
20260831T212018,AMD,Advanced Micro Devices,Nordic American Tankers Limited $NAT Shares Acquired by BlackRock Inc.,MarketBeat,https://www.marketbeat.com/instant-alerts/filing-nordic-american-tankers-limited-nat-shares-acquired-by-blackrock-inc-2026-08-31/,"BlackRock Inc. has increased its stake in Nordic American Tankers Limited (NYSE:NAT) by 6.2% in the second quarter, now owning 12.76 million shares, representing approximately 6.03% of the company. Other institutional investors have also adjusted their positions, with institutional investors collectively holding 44.29% of NAT. The company recently reported strong earnings, exceeding estimates by $0.02 with an EPS of $0.32, and increased its quarterly dividend to $0.27 per share, offering a significant yield of roughly 16%.",0.308624,Somewhat-Bullish,0.569360,0.278666,Somewhat-Bullish
20260831T212750,AMD,Advanced Micro Devices,"Alyeska Investment Group L.P. Takes Position in National Healthcare Properties, Inc. $NHP",MarketBeat,https://www.marketbeat.com/instant-alerts/filing-alyeska-investment-group-lp-takes-position-in-national-healthcare-properties-inc-nhp-2026-08-31/,"Alyeska Investment Group L.P. has acquired a new stake of 2.54 million shares in National Healthcare Properties, Inc. (NASDAQ:NHP) during the second quarter, valued at approximately $37.3 million. Despite this investment, the company faces profitability challenges, reporting negative net margins and return on equity, and analysts maintain a consensus ""Hold"" rating with an average price target of $18.00. National Healthcare Properties also announced a quarterly dividend of $0.075 per share, resulting in an annualized yield of 1.9%.",0.16278,Somewhat-Bullish,0.591262,0.243853,Somewhat-Bullish
20260831T212830,AMD,Advanced Micro Devices,"Grocery Outlet Holding Corp. (NASDAQ:GO) Receives Consensus Rating of ""Reduce"" from Analysts",MarketBeat,https://www.marketbeat.com/instant-alerts/consensus-grocery-outlet-holding-corp-nasdaq-go-receives-consensus-rating-of-reduce-from-analysts-2026-08-31/,"Analysts have issued a consensus ""Reduce"" rating for Grocery Outlet Holding Corp. (NASDAQ:GO), with an average 12-month price target of $10.59, despite the company beating Q2 earnings and revenue expectations. While insiders have been buying shares, near-term earnings estimates have been reduced due to ongoing retail-sector caution and consumer price anxiety. The stock's performance reflects this mixed sentiment, with institutional investors holding a significant majority.",0.179039,Somewhat-Bullish,0.634127,0.307431,Somewhat-Bullish
20260831T214646,AMD,Advanced Micro Devices,"Susquehanna International Group LLP Sells 19,111 Shares of OFG Bancorp $OFG",MarketBeat,https://www.marketbeat.com/instant-alerts/filing-susquehanna-international-group-llp-sells-19111-shares-of-ofg-bancorp-ofg-2026-08-31/,"Susquehanna International Group LLP reduced its stake in OFG Bancorp by 51.6% in the second quarter, selling 19,111 shares and retaining 17,928 shares valued at $880,000. Despite this sale, institutional investors hold 92.73% of OFG Bancorp, and analysts maintain a ""Moderate Buy"" rating with a consensus price target of $55.20. The company reported strong Q2 earnings, beating estimates, and declared a quarterly dividend of $0.35 per share.",0.138941,Neutral,0.550059,0.151611,Somewhat-Bullish
20260831T214902,AMD,Advanced Micro Devices,OMS Energy Technologies Inc. (NASDAQ:OMSE) Short Interest Down 41.8% in August,MarketBeat,https://www.marketbeat.com/instant-alerts/options-oms-energy-technologies-inc-nasdaq-omse-short-interest-down-418-in-august-2026-08-31/,"OMS Energy Technologies Inc. (NASDAQ:OMSE) experienced a significant 41.8% decrease in short interest during August, falling to 23,721 shares, representing 0.1% of its outstanding shares. Despite this, analyst sentiment remains cautious, with a ""Hold"" rating from Zacks Research and a ""Sell"" rating from Weiss Ratings, leading to an overall ""Reduce"" average rating from MarketBeat. The company's shares rose 6.5% to $4.93 on Monday, and several institutional investors recently initiated positions, indicating some growing interest.",0.210359,Somewhat-Bullish,0.637459,0.289668,Somewhat-Bullish
20260831T215303,AMD,Advanced Micro Devices,"Headlands Technologies LLC Raises Stake in O'Reilly Automotive, Inc. $ORLY",MarketBeat,https://www.marketbeat.com/instant-alerts/filing-headlands-technologies-llc-raises-stake-in-oreilly-automotive-inc-orly-2026-08-31/,"Headlands Technologies LLC increased its stake in O'Reilly Automotive, Inc. by 56.5% during the second quarter, acquiring over 40,000 additional shares to bring its total holding to 111,848 shares valued at approximately $10.3 million. Despite this, two company insiders recently sold shares, with SVP Christopher Mancini selling $279,000 worth and Director Maria Sastre selling $183,700 worth. O'Reilly Automotive met quarterly EPS estimates at $0.86, with an 8.1% year-over-year revenue increase to $4.89 billion, and analysts maintain a ""Moderate Buy"" rating with an average price target significantly above its recent share price.",0.196917,Somewhat-Bullish,0.620651,0.137734,Neutral
20260831T215546,AMD,Advanced Micro Devices,"Blue Owl Technology Finance (NYSE:OTF) Director Purchases 1,000 Shares",MarketBeat,https://www.marketbeat.com/instant-alerts/insider-blue-owl-technology-finance-nyse-otf-director-purchases-1000-shares-2026-08-31/,"Director Eric Kaye of Blue Owl Technology Finance (NYSE:OTF) purchased 1,000 shares at $11.37, increasing his total holdings by 50% to 3,000 shares. The company recently reported strong quarterly earnings of $0.33 per share, exceeding estimates, and raised its quarterly dividend to $0.35 per share, yielding 12.0%. Analysts maintain a ""Moderate Buy"" consensus for the stock with an average price target of $13.60.",0.266443,Somewhat-Bullish,0.558715,0.218484,Somewhat-Bullish
20260831T215550,AMD,Advanced Micro Devices,Rakuten Investment Management Inc. Makes New Investment in Otis Worldwide Corporation $OTIS,MarketBeat,https://www.marketbeat.com/instant-alerts/filing-rakuten-investment-management-inc-makes-new-investment-in-otis-worldwide-corporation-otis-2026-08-31/,"Rakuten Investment Management Inc. has acquired a new stake of 63,787 shares, valued at approximately $4.65 million, in Otis Worldwide Corporation. Institutional investors collectively own 88.03% of Otis, a company that recently reported strong quarterly revenue of $3.86 billion, a 7.3% increase year-over-year, and earnings of $1.01 per share. Despite mixed analyst ratings, the company also declared a quarterly dividend of $0.44, offering a 2.5% yield.",0.172648,Somewhat-Bullish,0.634007,0.112609,Neutral
20260831T221407,AMD,Advanced Micro Devices,"Headlands Technologies LLC Buys New Position in Plug Power, Inc. $PLUG",MarketBeat,https://www.marketbeat.com/instant-alerts/filing-headlands-technologies-llc-buys-new-position-in-plug-power-inc-plug-2026-08-31/,"Headlands Technologies LLC has acquired a new position in Plug Power, Inc. (NASDAQ:PLUG), purchasing over 1.76 million shares valued at approximately $4.8 million during the second quarter. Despite mixed analyst ratings, with a consensus ""Hold"" but some ""Buy"" ratings, Plug Power reported revenues ahead of expectations, although it remains significantly unprofitable. The company's stock performance and institutional ownership are also detailed, along with analysts' price targets.",0.078328,Neutral,0.555415,0.219689,Somewhat-Bullish
20260831T221418,AMD,Advanced Micro Devices,Fundsmith LLP Cuts Stock Position in Philip Morris International Inc. $PM,MarketBeat,https://www.marketbeat.com/instant-alerts/filing-fundsmith-llp-cuts-stock-position-in-philip-morris-international-inc-pm-2026-08-31/,"Fundsmith LLP significantly reduced its stake in Philip Morris International Inc. by 43% in the second quarter, selling 2.2 million shares but still retaining 2.9 million shares valued at over $527 million. Despite this reduction, Philip Morris remains Fundsmith's 17th largest holding, making up 3.9% of its portfolio. Analysts generally maintain a ""Moderate Buy"" rating for Philip Morris with a consensus target price of $205.89, following the company's better-than-expected quarterly earnings and a consistent dividend yield of 3.1%.",0.048269,Neutral,0.576320,0.010490,Neutral
20260831T221842,AMD,Advanced Micro Devices,"Beacon Pointe Advisors LLC Acquires New Stake in PPG Industries, Inc. $PPG",MarketBeat,https://www.marketbeat.com/instant-alerts/filing-beacon-pointe-advisors-llc-acquires-new-stake-in-ppg-industries-inc-ppg-2026-08-31/,"Beacon Pointe Advisors LLC has acquired a new stake of 13,658 shares in PPG Industries, Inc., valued at approximately $1.66 million, bringing institutional ownership in the company to 81.86%. Despite a slight miss on EPS, PPG reported strong quarterly revenue and increased its quarterly dividend to $0.74 per share. Analysts generally hold a ""Hold"" rating for PPG with an average price target of $126.00.",0.072457,Neutral,0.639448,-0.119501,Neutral
20260831T221933,AMD,Advanced Micro Devices,"Susquehanna International Group LLP Purchases 149,078 Shares of PRA Group, Inc. $PRAA",MarketBeat,https://www.marketbeat.com/instant-alerts/filing-susquehanna-international-group-llp-purchases-149078-shares-of-pra-group-inc-praa-2026-08-31/,"Susquehanna International Group LLP significantly increased its stake in PRA Group, Inc. by 288% in the second quarter, acquiring 149,078 shares to bring its total holdings to 200,848 shares, valued at $3.814 million. This move is part of broader institutional investment, with such entities owning 97.22% of the company's stock. Despite mixed analyst ratings, PRA Group recently reported strong quarterly earnings, with EPS of $1.51 and revenue of $372.17 million, both substantially exceeding consensus estimates.",0.269917,Somewhat-Bullish,0.571016,0.227128,Somewhat-Bullish
20260831T222546,AMD,Advanced Micro Devices,"132,351 Shares in Protagonist Therapeutics, Inc. $PTGX Acquired by Legal & General Group Plc",MarketBeat,https://www.marketbeat.com/instant-alerts/filing-132351-shares-in-protagonist-therapeutics-inc-ptgx-acquired-by-legal-general-group-plc-2026-08-31/,"Legal & General Group Plc has acquired 132,351 shares of Protagonist Therapeutics, Inc. ($PTGX), valued at approximately $16.2 million, giving it a 0.20% stake in the company. Institutional investors now own 98.63% of PTGX, and analysts generally maintain a ""Moderate Buy"" rating with an average price target of $140.53. The company recently reported strong quarterly earnings, with EPS slightly above expectations and revenue up 3,746.8% year-over-year.",0.219164,Somewhat-Bullish,0.648678,0.140022,Neutral
20260831T222738,AMD,Advanced Micro Devices,Pattern Group Inc. $PTRN Shares Sold by Grandeur Peak Global Advisors LLC,MarketBeat,https://www.marketbeat.com/instant-alerts/filing-pattern-group-inc-ptrn-shares-sold-by-grandeur-peak-global-advisors-llc-2026-08-31/,"Grandeur Peak Global Advisors LLC significantly reduced its stake in Pattern Group Inc. (NASDAQ:PTRN) by 56.9% in the second quarter, selling over 283,000 shares but still retaining a holding worth approximately $5.4 million. Despite the reduction by this institutional investor, Pattern Group reported better-than-expected quarterly earnings, beating estimates with $0.15 per share on revenues of $876.77 million, though it continues to show negative net margin and return on equity. Analyst sentiment remains largely positive, with a ""Moderate Buy"" consensus and an average price target of $27, indicating potential upside from its current $21.17 trading price.",0.304301,Somewhat-Bullish,0.593827,0.313991,Somewhat-Bullish
20260831T222905,AMD,Advanced Micro Devices,"Empowered Funds LLC Buys New Position in PayPal Holdings, Inc. $PYPL",MarketBeat,https://www.marketbeat.com/instant-alerts/filing-empowered-funds-llc-buys-new-position-in-paypal-holdings-inc-pypl-2026-08-31/,"Empowered Funds LLC has acquired a new position in PayPal Holdings, Inc., purchasing 171,307 shares valued at approximately $7.4 million in the second quarter. This move comes as institutional investors collectively own 68.32% of PayPal's stock, and the company has recently exceeded quarterly earnings expectations. Despite a consensus ""Hold"" rating from Wall Street with an average price target of $56.14, analysts are closely watching PayPal's ability to execute a standalone turnaround following the collapse of takeover discussions.",0.079059,Neutral,0.612317,0.147736,Neutral
20260831T223542,AMD,Advanced Micro Devices,"Wellington Management Group LLP Buys 280,030 Shares of Reddit Inc. $RDDT",MarketBeat,https://www.marketbeat.com/instant-alerts/filing-wellington-management-group-llp-buys-280030-shares-of-reddit-inc-rddt-2026-08-31/,"Wellington Management Group LLP increased its stake in Reddit Inc. (NYSE:RDDT) by 21.8% in the second quarter, purchasing an additional 280,030 shares, bringing its total holdings to 1.56 million shares valued at approximately $271.6 million. Other institutional investors also raised their positions, while Reddit insiders sold 192,102 shares worth about $33.7 million. Despite insider sales, analysts maintain a ""Moderate Buy"" rating with an average price target of $221.10, following strong Q2 earnings where Reddit exceeded revenue and EPS estimates.",0.222879,Somewhat-Bullish,0.633851,0.128117,Neutral
20260831T223631,AMD,Advanced Micro Devices,"Insider Selling: Radware (NASDAQ:RDWR) COO Sells $195,000.00 in Stock",MarketBeat,https://www.marketbeat.com/instant-alerts/insider-insider-selling-radware-nasdaq-rdwr-coo-sells-19500000-in-stock-2026-08-31/,"Radware (NASDAQ:RDWR) COO Gabriel Malka sold 6,500 shares of the company's stock for $195,000 on August 27th, reducing his ownership by 11.94%. The company recently reported quarterly revenue of $82.28 million and earnings of $0.30 per share, with shares trading at $28.60 and a market cap of $1.20 billion. Analysts currently have an average ""Reduce"" rating and a consensus price target of $25.00 for Radware.",-0.11133,Neutral,0.569061,0.109124,Neutral
20260831T223908,AMD,Advanced Micro Devices,"The Manufacturers Life Insurance Company Purchases Shares of 230,323 Reynolds Consumer Products Inc. $REYN",MarketBeat,https://www.marketbeat.com/instant-alerts/filing-the-manufacturers-life-insurance-company-purchases-shares-of-230323-reynolds-consumer-products-inc-reyn-2026-08-31/,"The Manufacturers Life Insurance Company acquired 230,323 shares of Reynolds Consumer Products Inc. (NASDAQ:REYN) in the second quarter, valued at approximately $6.18 million, representing 0.11% of the company. Institutional investors collectively own 26.81% of Reynolds Consumer Products. Analysts currently have a consensus ""Hold"" rating on the stock with an average price target of $25.60, while the company reported strong Q2 earnings, exceeding EPS and revenue expectations.",0.308633,Somewhat-Bullish,0.608702,0.348773,Somewhat-Bullish
20260831T224145,AMD,Advanced Micro Devices,"RCI Hospitality Holdings, Inc. Declares Quarterly Dividend of $0.08 (NASDAQ:RICK)",MarketBeat,https://www.marketbeat.com/instant-alerts/dividend-rci-hospitality-holdings-inc-declares-quarterly-dividend-of-008-nasdaq-rick-2026-08-31/,"RCI Hospitality Holdings, Inc. (NASDAQ:RICK) declared a quarterly dividend of $0.08 per share, payable on September 30th to shareholders of record on September 15th. The dividend represents an annualized yield of 1.1% with a low payout ratio of 5.2%. Shares traded down $1.05 to $29.13, and institutional investors collectively own 53.82% of the company's stock, with Marshall Wace LLP significantly increasing its stake.",0.139618,Neutral,0.577804,0.148199,Neutral
20260831T224410,AMD,Advanced Micro Devices,Connor Clark & Lunn Investment Management Ltd. Invests $1.36 Million in Regional Management Corp. $RM,MarketBeat,https://www.marketbeat.com/instant-alerts/filing-connor-clark-lunn-investment-management-ltd-invests-136-million-in-regional-management-corp-rm-2026-08-31/,"Connor Clark & Lunn Investment Management Ltd. has acquired a new stake of 33,123 shares, worth $1.36 million, in Regional Management Corp. This purchase gives the firm a 0.36% ownership stake in the credit services provider. Regional Management reported strong Q2 earnings, exceeding revenue and EPS estimates, and declared a quarterly dividend of $0.30 per share.",0.257173,Somewhat-Bullish,0.556308,0.308412,Somewhat-Bullish
20260831T225105,AMD,Advanced Micro Devices,Susquehanna International Group LLP Acquires New Holdings in Ryerson Holding $RYZ,MarketBeat,https://www.marketbeat.com/instant-alerts/filing-susquehanna-international-group-llp-acquires-new-holdings-in-ryerson-holding-ryz-2026-08-31/,"Susquehanna International Group LLP has acquired a new stake of 56,112 shares in Ryerson Holding (NYSE:RYZ) worth approximately $1.38 million. This move, alongside other major institutional investments, has increased institutional ownership to 94.81% of the company. Ryerson exceeded Q2 earnings expectations, reporting $0.52 EPS against a $0.40 consensus, though analyst sentiment remains cautious with an overall ""Reduce"" rating.",0.263019,Somewhat-Bullish,0.604582,0.322395,Somewhat-Bullish
20260831T225435,AMD,Advanced Micro Devices,"Sinclair, Inc. (NASDAQ:SBGI) Receives Consensus Rating of ""Hold"" from Brokerages",MarketBeat,https://www.marketbeat.com/instant-alerts/consensus-sinclair-inc-nasdaq-sbgi-receives-consensus-rating-of-hold-from-brokerages-2026-08-31/,"Sinclair, Inc. (NASDAQ:SBGI) has received a ""Hold"" consensus rating from six brokerages, with an average 12-month price target of $19.40. The company reported a quarterly loss of $1.06 per share, missing estimates, despite a 7.1% year-over-year revenue increase to $840 million. Sinclair also declared a quarterly dividend of $0.25, resulting in a 7.0% annualized yield, but notes an elevated payout ratio of 133.33%.",0.235598,Somewhat-Bullish,0.579928,0.307745,Somewhat-Bullish
20260831T225846,AMD,Advanced Micro Devices,Susquehanna International Group LLP Grows Position in Seaboard Corporation $SEB,MarketBeat,https://www.marketbeat.com/instant-alerts/filing-susquehanna-international-group-llp-grows-position-in-seaboard-corporation-seb-2026-08-31/,"Susquehanna International Group LLP significantly increased its stake in Seaboard Corporation (NYSEAMERICAN:SEB) by 235.1% in the second quarter, now holding 754 shares valued at $3.37 million. Other institutional investors, including BlackRock and Arrowstreet Capital, also boosted their positions, bringing the total institutional and hedge fund ownership to 22.57%. Seaboard reported strong financial results with quarterly revenue of $2.92 billion and earnings of $159.74 per share, and also declared a quarterly dividend of $2.25 per share.",0.3661,Bullish,0.635470,0.313976,Somewhat-Bullish
20260831T230459,AMD,Advanced Micro Devices,"Wall Street Zen Upgrades Skillz (NYSE:FIRY) to ""Sell""",MarketBeat,https://www.marketbeat.com/instant-alerts/analyst-wall-street-zen-upgrades-skillz-nyse-firy-to-sell-2026-08-31/,"Wall Street Zen has upgraded Skillz (NYSE:FIRY) from ""strong sell"" to ""sell,"" while Weiss Ratings initiated coverage with a ""sell (D-)"" rating. Despite a current MarketBeat consensus of ""Hold,"" the company reported a significant quarterly loss of $1.52 per share on $30.99 million in revenue, coupled with negative net margin and return on equity. Institutional investors hold 19.42% of the shares, with recent movements indicating mixed sentiment.",0.04893,Neutral,0.551734,0.208805,Somewhat-Bullish
20260831T231531,AMD,Advanced Micro Devices,"Zhenyu Xu Sells 10,000 Shares of SOPHiA GENETICS (NASDAQ:SOPH) Stock",MarketBeat,https://www.marketbeat.com/instant-alerts/insider-zhenyu-xu-sells-10000-shares-of-sophia-genetics-nasdaq-soph-stock-2026-08-31/,"Zhenyu Xu, an insider at SOPHiA GENETICS (NASDAQ:SOPH), sold 10,000 shares of the company's stock on August 27th at an average price of $8.91, totaling $89,100, as part of a pre-arranged Rule 10b5-1 plan. This transaction reduced his holding to 556,887 shares. The stock has seen substantial gains, trading near its 52-week high, despite the company missing EPS expectations and reporting significant losses.",0.04028,Neutral,0.625162,0.213649,Somewhat-Bullish
20260831T233514,AMD,Advanced Micro Devices,"Bank of America Corp DE Buys 612,452 Shares of T1 Energy Inc $TE",MarketBeat,https://www.marketbeat.com/instant-alerts/filing-bank-of-america-corp-de-buys-612452-shares-of-t1-energy-inc-te-2026-08-31/,"Bank of America Corp DE significantly increased its stake in T1 Energy Inc (NYSE:TE) by 435.9% in the first quarter, purchasing over 612,000 additional shares. This brings their total holdings to 752,961 shares, valued at approximately $3.3 million. Despite continued profitability challenges for T1 Energy, institutional investors collectively own 52.31% of the company, and analysts maintain a ""Moderate Buy"" rating with an average price target of $9.12.",0.248515,Somewhat-Bullish,0.614474,0.301871,Somewhat-Bullish
20260831T233919,AMD,Advanced Micro Devices,BlackRock Inc. Takes $72.12 Million Position in LSI Industries Inc. $LYTS,MarketBeat,https://www.marketbeat.com/instant-alerts/filing-blackrock-inc-takes-7212-million-position-in-lsi-industries-inc-lyts-2026-08-31/,"BlackRock Inc. has acquired a new position in LSI Industries Inc. (NASDAQ:LYTS) worth approximately $72.12 million, representing a 7.39% stake. The company reported strong quarterly earnings, beating analyst expectations, and declared a quarterly dividend. Despite positive analyst coverage and institutional ownership, concerns remain due to insider selling and a significant reduction in fiscal 2027 EPS forecasts by one analyst.",0.1927,Somewhat-Bullish,0.597154,0.172572,Somewhat-Bullish
20260831T234706,AMD,Advanced Micro Devices,"15,666 Shares in eBay Inc. $EBAY Purchased by Beacon Pointe Advisors LLC",MarketBeat,https://www.marketbeat.com/instant-alerts/filing-15666-shares-in-ebay-inc-ebay-purchased-by-beacon-pointe-advisors-llc-2026-08-31/,"Beacon Pointe Advisors LLC recently purchased 15,666 shares of eBay Inc. ($EBAY) worth approximately $1.75 million in the second quarter. This acquisition highlights continued institutional interest in eBay, with similar moves by other hedge funds. eBay reported strong quarterly earnings and revenue, exceeding analyst expectations, and declared a quarterly dividend of $0.31 per share.",0.149069,Neutral,0.583459,0.141879,Neutral
20260831T234803,AMD,Advanced Micro Devices,"Man Group plc Acquires Shares of 10,276 Texas Pacific Land Corporation $TPL",MarketBeat,https://www.marketbeat.com/instant-alerts/filing-man-group-plc-acquires-shares-of-10276-texas-pacific-land-corporation-tpl-2026-08-31/,"Man Group plc has acquired 10,276 shares of Texas Pacific Land Corporation (TPL), valued at approximately $4.5 million, marking a new position in the company. Institutional investors now collectively own 59.94% of TPL, which has a consensus ""Hold"" rating from analysts with a price target of $639. The company recently reported better-than-expected quarterly EPS of $2.23 and declared a quarterly dividend of $0.60.",0.185497,Somewhat-Bullish,0.590060,0.144086,Neutral
20260831T235549,AMD,Advanced Micro Devices,"Legal & General Group Plc Takes $17 Million Position in Texas Roadhouse, Inc. $TXRH",MarketBeat,https://www.marketbeat.com/instant-alerts/filing-legal-general-group-plc-takes-17-million-position-in-texas-roadhouse-inc-txrh-2026-08-31/,"Legal & General Group Plc has acquired a significant position in Texas Roadhouse, Inc. (NASDAQ:TXRH), purchasing 87,976 shares valued at approximately $17 million during the second quarter. This move comes as institutional investors and hedge funds collectively own 94.82% of the company, and analysts maintain a ""Moderate Buy"" consensus rating for the stock. Texas Roadhouse has also reported strong financial results, exceeding earnings and revenue expectations while declaring a quarterly dividend of $0.75 per share.",0.219272,Somewhat-Bullish,0.561018,0.136854,Neutral
20260831T235801,AMD,Advanced Micro Devices,Legal & General Group Plc Takes Position in Urban Edge Properties $UE,MarketBeat,https://www.marketbeat.com/instant-alerts/filing-legal-general-group-plc-takes-position-in-urban-edge-properties-ue-2026-08-31/,"Legal & General Group Plc has acquired a new position in Urban Edge Properties (NYSE:UE), purchasing 777,116 shares valued at approximately $17.8 million. Other institutional investors have also adjusted their holdings in the REIT, which collectively owns 94.94% of the company. Urban Edge Properties reported strong Q2 earnings, beating analyst estimates for both EPS and revenue, and declared a quarterly dividend of $0.21 per share, reflecting a 3.9% yield.",0.04739,Neutral,0.567737,-0.080127,Neutral
20260901T002050,AMD,Advanced Micro Devices,"Warner Bros. Discovery, Inc. $WBD Shares Sold by Headlands Technologies LLC",MarketBeat,https://www.marketbeat.com/instant-alerts/filing-warner-bros-discovery-inc-wbd-shares-sold-by-headlands-technologies-llc-2026-08-31/,"Headlands Technologies LLC significantly reduced its stake in Warner Bros. Discovery (NASDAQ:WBD) by 74.6% in the second quarter, selling 354,575 shares and retaining 120,486 shares valued at $3.2 million. Over the past three months, Warner Bros. Discovery insiders sold 1.75 million shares worth $48.3 million, with notable sales by Gerhard Zeiler and Fazal F. Merchant. Despite beating EPS estimates with $0.06, the company's revenue of $8.72 billion fell short of expectations and was down 11.2% year over year, while analysts maintain a consensus ""Hold"" rating with a $27.69 price target.",0.027224,Neutral,0.567717,0.041784,Neutral
20260901T002355,AMD,Advanced Micro Devices,West Fraser Timber Co. Ltd. $WFG Shares Acquired by QV Investors Inc.,MarketBeat,https://www.marketbeat.com/instant-alerts/filing-west-fraser-timber-co-ltd-wfg-shares-acquired-by-qv-investors-inc-2026-08-31/,"QV Investors Inc. significantly increased its stake in West Fraser Timber Co. Ltd. by 50.8% in the second quarter, now holding 355,987 shares valued at $24.1 million. Despite a recent quarterly loss and mixed analyst ratings (consensus Hold with an $83.20 target price), institutional ownership remains substantial at 40.23%. The company also announced a quarterly dividend of $0.32, equivalent to a 1.9% annual yield.",0.104147,Neutral,0.629897,0.114948,Neutral
20260901T002527,AMD,Advanced Micro Devices,Insider Selling: Fastly (NASDAQ:FSLY) CTO Sells 851 Shares of Stock,MarketBeat,https://www.marketbeat.com/instant-alerts/insider-insider-selling-fastly-nasdaq-fsly-cto-sells-851-shares-of-stock-2026-08-31/,"Fastly CTO Artur Bergman sold 851 shares of the company's stock for approximately $20,492 on August 27th, retaining 1.92 million shares. This sale is part of several recent transactions by Bergman. Fastly's stock trades at $22.79, below its 52-week high but above its 52-week low, following better-than-expected quarterly earnings and an average ""Hold"" rating from analysts with a $25.33 price target.",0.053393,Neutral,0.569625,0.233338,Somewhat-Bullish
20260901T002926,AMD,Advanced Micro Devices,"Cookson Peirce & Co. Inc. Invests $1.44 Million in WisdomTree, Inc. $WT",MarketBeat,https://www.marketbeat.com/instant-alerts/filing-cookson-peirce-co-inc-invests-144-million-in-wisdomtree-inc-wt-2026-08-31/,"Cookson Peirce & Co. Inc. has acquired a new stake in WisdomTree, Inc., purchasing 84,818 shares valued at approximately $1.44 million, representing 0.06% of the company. Institutional investors hold 78.64% of WisdomTree, which recently beat EPS and revenue estimates and declared a quarterly dividend. Analysts maintain a ""Moderate Buy"" rating with an average price target of $23.66, with some firms raising their targets.",0.32607,Somewhat-Bullish,0.564877,0.225828,Somewhat-Bullish
20260901T003252,AMD,Advanced Micro Devices,"Connor Clark & Lunn Investment Management Ltd. Purchases New Shares in Xenia Hotels & Resorts, Inc. $XHR",MarketBeat,https://www.marketbeat.com/instant-alerts/filing-connor-clark-lunn-investment-management-ltd-purchases-new-shares-in-xenia-hotels-resorts-inc-xhr-2026-08-31/,"Connor Clark & Lunn Investment Management Ltd. has acquired 58,493 new shares of Xenia Hotels & Resorts, Inc. (NYSE:XHR) during the second quarter, bringing their total stake to approximately $1.19 million. Institutional investors now own 92.43% of the company. Xenia Hotels & Resorts reported strong quarterly EPS, surpassing analyst expectations, and maintains a ""Moderate Buy"" consensus rating from analysts with an average price target of $20.25.",0.179767,Somewhat-Bullish,0.615942,0.121027,Neutral
20260901T003701,AMD,Advanced Micro Devices,"Xanadu Targets More Than 1,000 Logical Qubits by 2031",The Quantum Insider,https://thequantuminsider.com/2026/08/31/xanadu-1000-logical-qubits-2031/,"Xanadu has updated its technology roadmap, aiming for fault-tolerant quantum computing by 2028-2029 and over 1,000 logical qubits by 2031. The company plans to significantly reduce its photon-loss indicator, improve logical error rates, and establish a quantum data center, all while continuing to expand its PennyLane software platform. Xanadu is well-capitalized with over US$686 million in funding to support these ambitious goals.",0.256927,Somewhat-Bullish,0.617899,0.281106,Somewhat-Bullish
20260901T003710,AMD,Advanced Micro Devices,Headlands Technologies LLC Grows Stake in ExxonMobil Corporation $XOM,MarketBeat,https://www.marketbeat.com/instant-alerts/filing-headlands-technologies-llc-grows-stake-in-exxonmobil-corporation-xom-2026-08-31/,"Headlands Technologies LLC significantly increased its stake in ExxonMobil Corporation (NYSE:XOM) by 1,399.3% in the second quarter, now holding 19,866 shares valued at $2.7 million. Despite mixed analyst ratings, with an average ""Hold"" and a $166.10 price target, ExxonMobil reported strong quarterly revenue of $114.53 billion and declared a $1.03 quarterly dividend. Institutional investors collectively own 61.8% of the company.",0.132166,Neutral,0.553987,0.128804,Neutral
20260901T060132,AMD,Advanced Micro Devices,Mizuho Financial Group (NYSE:MFG) Stock Price Crosses Above 200-Day Moving Average - What's Next?,MarketBeat,https://www.marketbeat.com/instant-alerts/price-mizuho-financial-group-nyse-mfg-stock-price-crosses-above-200-day-moving-average-whats-next-2026-09-01/,"Mizuho Financial Group (NYSE:MFG) stock has surpassed its 200-day moving average, trading at $10.63 after reaching $10.80, significantly above the $9.31 average. Analysts hold a ""Strong Buy"" consensus rating, with Weiss Ratings upgrading the stock to ""buy (a-)"". The bank also reported strong quarterly earnings, beating EPS and revenue estimates.",0.274126,Somewhat-Bullish,0.584374,0.198132,Somewhat-Bullish
20260901T061519,AMD,Advanced Micro Devices,Synopsys Stock’s Upside Now Rests On How It Gets Paid,Trefis,https://www.trefis.com/stock/snps/articles/613730/synopsys-stocks-upside-now-rests-on-how-it-gets-paid/2026-08-31,"Synopsys (SNPS) is looking to shift its revenue model for its interface IP business, aiming to add a royalty component on custom AI chips built by hyperscalers, in addition to existing license fees. This move, which management plans to detail on September 30, 2026, represents a significant potential upside for the stock, especially as the company's IP segment has returned to growth. The success of this new model, tied to the volume of chips shipped by customers, is seen as the primary driver for future stock performance.",0.171399,Somewhat-Bullish,0.602921,0.136038,Neutral
20260901T064542,AMD,Advanced Micro Devices,"Bank of America Corp DE Sells 1,888,560 Shares of Webull Corporation $BULL",MarketBeat,https://www.marketbeat.com/instant-alerts/filing-bank-of-america-corp-de-sells-1888560-shares-of-webull-corporation-bull-2026-09-01/,"Bank of America Corp DE significantly reduced its stake in Webull Corporation by 77.7% in the first quarter, selling 1,888,560 shares and retaining 543,224 shares worth $2.6 million. Despite this institutional sell-off and recent insider sales by Webull executives, the company reported strong quarterly revenue growth of 51.2% year-over-year and earnings per share of $0.12, beating analyst estimates. Analysts maintain a ""Moderate Buy"" rating for Webull with an average price target of $14.00.",0.279348,Somewhat-Bullish,0.633868,0.337428,Somewhat-Bullish
20260901T065039,AMD,Advanced Micro Devices,"Avanda Investment Management Pte. Ltd. Purchases Shares of 15,300 Intel Corporation $INTC",MarketBeat,https://www.marketbeat.com/instant-alerts/filing-avanda-investment-management-pte-ltd-purchases-shares-of-15300-intel-corporation-intc-2026-09-01/,"Avanda Investment Management Pte. Ltd. has acquired 15,300 shares of Intel Corporation, valued at approximately $2.14 million, making Intel its 12th largest holding. This comes as Intel reported strong quarterly earnings, beating analyst expectations, and its CEO Lip-Bu Tan also made a significant purchase of company shares. Despite mixed analyst sentiment and competitive concerns from AMD and Nvidia, institutional investors collectively own a substantial portion of Intel's stock.",-0.056169,Neutral,0.707595,-0.291225,Somewhat-Bearish
20260901T065305,AMD,Advanced Micro Devices,Chegg (NYSE:CHGG) Share Price Passes Below Two Hundred Day Moving Average - Should You Sell?,MarketBeat,https://www.marketbeat.com/instant-alerts/price-chegg-nyse-chgg-share-price-passes-below-two-hundred-day-moving-average-should-you-sell-2026-09-01/,"Chegg (NYSE:CHGG) shares have fallen below their 200-day moving average, trading at $0.8198 with a market capitalization of $91 million. Analyst sentiment is weak, with a consensus ""Reduce"" rating and an expected loss of $0.22 per share for the year, despite beating quarterly earnings expectations. A director recently sold over 54,000 shares, and while institutional investors have modified their holdings, the company remains unprofitable.",-0.041754,Neutral,0.594703,0.124439,Neutral
20260901T071004,AMD,Advanced Micro Devices,"Virtu Financial, Inc. (NYSE:VIRT) Given Consensus Rating of ""Moderate Buy"" by Analysts",MarketBeat,https://www.marketbeat.com/instant-alerts/consensus-virtu-financial-inc-nyse-virt-given-consensus-rating-of-moderate-buy-by-analysts-2026-09-01/,"Analysts have issued a ""Moderate Buy"" consensus rating for Virtu Financial, Inc. (NYSE:VIRT) based on reports from seven brokerages. The company has an average 12-month price target of $58.80, which is below its recent opening price of $65.83. Virtu Financial recently reported strong quarterly earnings with an EPS of $1.82 and significant revenue, while also announcing a quarterly dividend of $0.24 per share.",0.150939,Somewhat-Bullish,0.587923,0.210337,Somewhat-Bullish
20260901T071020,AMD,Advanced Micro Devices,Schneider National (NYSE:SNDR) Stock Crosses Below 50 Day Moving Average - Time to Sell?,MarketBeat,https://www.marketbeat.com/instant-alerts/price-schneider-national-nyse-sndr-stock-crosses-below-50-day-moving-average-time-to-sell-2026-09-01/,"Schneider National (NYSE:SNDR) shares have fallen below their 50-day moving average, trading as low as $33.97, while analysts maintain a ""Hold"" rating with an average price target of $34.69. Despite beating quarterly EPS estimates, the company missed revenue expectations and insiders have sold approximately $3.68 million worth of stock in the last three months. The company recently declared a quarterly dividend of $0.10 per share.",0.111856,Neutral,0.596609,0.212215,Somewhat-Bullish
20260901T071025,AMD,Advanced Micro Devices,Alyeska Investment Group L.P. Makes New Investment in Aktis Oncology $AKTS,MarketBeat,https://www.marketbeat.com/instant-alerts/filing-alyeska-investment-group-lp-makes-new-investment-in-aktis-oncology-akts-2026-09-01/,"Alyeska Investment Group L.P. has acquired a new stake in Aktis Oncology (NASDAQ:AKTS), purchasing 290,000 shares valued at approximately $9.35 million. This investment makes Alyeska Investment Group L.P. a 0.54% owner of Aktis Oncology. Other institutional investors have also adjusted their positions in the company, while an insider sold shares in July.",0.179913,Somewhat-Bullish,0.610955,0.128754,Neutral
20260901T071127,AMD,Advanced Micro Devices,"A. D. Beadell Investment Counsel Inc. Sells 91,160 Shares of Brookfield Renewable Partners L.P. $BEP",MarketBeat,https://www.marketbeat.com/instant-alerts/filing-a-d-beadell-investment-counsel-inc-sells-91160-shares-of-brookfield-renewable-partners-lp-bep-2026-09-01/,"A. D. Beadell Investment Counsel Inc. significantly reduced its stake in Brookfield Renewable Partners L.P. (NYSE:BEP) by 93.1%, selling 91,160 shares during the second quarter. Despite this, other institutional investors like BROOKFIELD Corp ON, State of Wisconsin Investment Board, and Bank of Montreal Can increased their holdings. Brookfield Renewable Partners L.P. reported quarterly earnings of ($0.37) per share, missing consensus estimates, and announced a quarterly dividend of $0.392 per share.",0.105961,Neutral,0.626041,0.141915,Neutral
20260901T071805,AMD,Advanced Micro Devices,CFO4Life Group LLC Buys New Position in Intel Corporation $INTC,MarketBeat,https://www.marketbeat.com/instant-alerts/filing-cfo4life-group-llc-buys-new-position-in-intel-corporation-intc-2026-09-01/,"CFO4Life Group LLC has acquired a new stake of 17,632 shares in Intel Corporation, valued at approximately $2.46 million, during the second quarter. This move is part of a broader trend of institutional investors increasing their positions in Intel, though analysts maintain a cautious ""Hold"" rating for the stock. Despite reporting strong quarterly earnings that exceeded expectations, Intel faces significant execution risks from foundry losses, high capital expenditure, and intense competition from AMD and Nvidia.",-0.162729,Somewhat-Bearish,0.629601,-0.307977,Somewhat-Bearish
20260901T072152,AMD,Advanced Micro Devices,Bank of New York Mellon Corp Invests $17.76 Million in Stewart Information Services Corporation $STC,MarketBeat,https://www.marketbeat.com/instant-alerts/filing-bank-of-new-york-mellon-corp-invests-1776-million-in-stewart-information-services-corporation-stc-2026-09-01/,"Bank of New York Mellon Corp has acquired a new stake worth $17.76 million in Stewart Information Services Corporation (NYSE:STC), purchasing 269,001 shares and holding approximately 0.88% ownership. Institutional investors now own 96.9% of STC's shares, while analysts have a consensus ""Moderate Buy"" rating with an average price target of $81.50, despite recent downgrades. Stewart Information Services recently increased its quarterly dividend to $0.55 per share, resulting in a 3.2% yield, though its latest earnings per share of $1.39 missed analyst estimates.",0.078717,Neutral,0.552865,0.128119,Neutral
20260901T072807,AMD,Advanced Micro Devices,"3,846,153 Shares in Kodiak AI, Inc. $KDK Acquired by Alyeska Investment Group L.P.",MarketBeat,https://www.marketbeat.com/instant-alerts/filing-3846153-shares-in-kodiak-ai-inc-kdk-acquired-by-alyeska-investment-group-lp-2026-09-01/,"Alyeska Investment Group L.P. recently acquired 3,846,153 shares of Kodiak AI, Inc. (NASDAQ:KDK) for approximately $19.5 million, representing about 1.92% of the company. Institutional investors now collectively own 72.95% of KDK, while analyst sentiment remains a ""Moderate Buy"" with an average price target of $12, despite recent price target reductions and a downgrade by Weiss Ratings. Kodiak AI shares opened at $3.78, near their 12-month low, following a reported quarterly loss worse than estimates.",-0.099948,Neutral,0.598620,0.243206,Somewhat-Bullish
20260901T072901,AMD,Advanced Micro Devices,Braveheart Bio (NASDAQ:BRVE) Hits New 52-Week Low - Here's What Happened,MarketBeat,https://www.marketbeat.com/instant-alerts/price-braveheart-bio-nasdaq-brve-hits-new-52-week-low-heres-what-happened-2026-09-01/,"Braveheart Bio (NASDAQ:BRVE) reached a new 52-week low of $24.31, with 806,205 shares traded, closing previously at $27.44. Despite the drop, several analysts from firms like Jefferies, Goldman Sachs, Cantor Fitzgerald, Stifel Nicolaus, and TD Cowen initiated coverage with ""Buy"" or ""Overweight"" ratings and price targets ranging from $40.00 to $48.00, resulting in a consensus ""Buy"" rating and an average target of $45.25. Additionally, significant insider buying occurred, with Bio Fund Iv L.P. Ah purchasing 1.1 million shares for $19.8 million and Director Christopher Viehbacher acquiring 83,333 shares for nearly $1.5 million.",0.196416,Somewhat-Bullish,0.532780,0.281967,Somewhat-Bullish
20260901T072901,AMD,Advanced Micro Devices,"4,534,132 Shares in First Watch Restaurant Group, Inc. $FWRG Bought by BlackRock Inc.",MarketBeat,https://www.marketbeat.com/instant-alerts/filing-4534132-shares-in-first-watch-restaurant-group-inc-fwrg-bought-by-blackrock-inc-2026-09-01/,"BlackRock Inc. recently acquired 4.53 million shares of First Watch Restaurant Group ($FWRG) during the second quarter, representing a 7.35% stake valued at approximately $58.4 million. Despite the company missing earnings per share expectations by a narrow margin, institutional investors now collectively own 96.11% of the company, and analysts generally maintain a ""Moderate Buy"" rating with a consensus price target of $18.56. First Watch reported a 15.2% year-over-year increase in revenue, surpassing analyst estimates.",0.130477,Neutral,0.610607,0.329643,Somewhat-Bullish
20260901T073126,AMD,Advanced Micro Devices,Connor Clark & Lunn Investment Management Ltd. Cuts Holdings in Colgate-Palmolive Company $CL,MarketBeat,https://www.marketbeat.com/instant-alerts/filing-connor-clark-lunn-investment-management-ltd-cuts-holdings-in-colgate-palmolive-company-cl-2026-09-01/,"Connor Clark & Lunn Investment Management Ltd. significantly reduced its stake in Colgate-Palmolive Company by 74.9% in the second quarter, selling over 20,000 shares. Despite this, other institutional investors have recently bought shares, and insider transactions show key executives also selling portions of their holdings. The company's stock has shown mixed performance, with a current market capitalization of $71.83 billion and a dividend yield of 2.4%.",0.105917,Neutral,0.623185,0.108221,Neutral
20260901T073248,AMD,Advanced Micro Devices,Ancora Advisors LLC Has $14.13 Million Stock Holdings in Salesforce Inc. $CRM,MarketBeat,https://www.marketbeat.com/instant-alerts/filing-ancora-advisors-llc-has-1413-million-stock-holdings-in-salesforce-inc-crm-2026-09-01/,"Ancora Advisors LLC significantly increased its stake in Salesforce Inc. (NYSE:CRM) by 2.5% in the second quarter, bringing its total holdings to 90,219 shares valued at approximately $14.13 million. This comes as Salesforce reported strong quarterly results, surpassing earnings estimates with a 10.8% year-over-year revenue increase and substantial growth in its Agentforce annual recurring revenue, supporting its AI growth narrative. Analyst sentiment remains positive, with a ""Moderate Buy"" consensus rating and an average price target of $262.12, reflecting improved sector sentiment regarding AI's impact on software demand.",0.173841,Somewhat-Bullish,0.596869,0.112550,Neutral
20260901T073324,AMD,Advanced Micro Devices,"Bank of New York Mellon Corp Buys New Position in LiveRamp Holdings, Inc. $RAMP",MarketBeat,https://www.marketbeat.com/instant-alerts/filing-bank-of-new-york-mellon-corp-buys-new-position-in-liveramp-holdings-inc-ramp-2026-09-01/,"Bank of New York Mellon Corp has acquired 428,145 shares of LiveRamp Holdings, Inc. (NYSE:RAMP) for approximately $16.1 million, representing about 0.70% of the company. Institutional investors now own 93.83% of LiveRamp, which has a consensus ""Hold"" rating from analysts with an average price target of $40.21. LiveRamp recently exceeded quarterly earnings expectations, reporting $0.65 EPS against a $0.58 estimate, with revenue increasing 9.9% year-over-year.",0.140684,Neutral,0.573871,0.243417,Somewhat-Bullish
20260901T073341,AMD,Advanced Micro Devices,Alyeska Investment Group L.P. Invests $8.82 Million in Tamboran Resources Corporation $TBN,MarketBeat,https://www.marketbeat.com/instant-alerts/filing-alyeska-investment-group-lp-invests-882-million-in-tamboran-resources-corporation-tbn-2026-09-01/,"Alyeska Investment Group L.P. has acquired a new stake in Tamboran Resources Corporation (NYSE:TBN) by purchasing 271,242 shares valued at approximately $8.82 million, representing a 0.96% ownership. Other institutional investors have also adjusted their positions in the company. Tamboran Resources shares were up 1.7% at $37.78, with a market capitalization of $1.07 billion, while analysts maintain a ""Hold"" consensus rating with an average price target of $58.50.",0.188374,Somewhat-Bullish,0.542154,0.192688,Somewhat-Bullish
20260901T073756,AMD,Advanced Micro Devices,"Corient Private Wealth LP Reduces Stake in Gaming and Leisure Properties, Inc. $GLPI",MarketBeat,https://www.marketbeat.com/instant-alerts/filing-corient-private-wealth-lp-reduces-stake-in-gaming-and-leisure-properties-inc-glpi-2026-09-01/,"Corient Private Wealth LP significantly reduced its stake in Gaming and Leisure Properties, Inc. (NASDAQ:GLPI) by 56.4% in the second quarter, selling 173,075 shares and retaining 133,692 shares valued at $5.95 million. Despite this reduction, institutional investors collectively own 91.14% of the REIT, and analysts maintain a ""Moderate Buy"" consensus rating with an average price target of $49.91. GLPI reported second-quarter EPS of $0.80 and a 9% year-over-year revenue increase to $430.52 million, with the stock opening near its one-year low at $42.07.",0.073273,Neutral,0.615130,0.317030,Somewhat-Bullish
20260901T074212,AMD,Advanced Micro Devices,"Empowered Funds LLC Takes $146.04 Million Position in Advanced Micro Devices, Inc. $AMD",MarketBeat,https://www.marketbeat.com/instant-alerts/filing-empowered-funds-llc-takes-14604-million-position-in-advanced-micro-devices-inc-amd-2026-09-01/,"Empowered Funds LLC has acquired a new position of 251,408 shares in Advanced Micro Devices (NASDAQ:AMD), valued at approximately $146.04 million, making it their 16th largest holding. Other institutional investors like BlackRock Inc. and State Street Corp have also increased their stakes in the semiconductor manufacturer. The article also details recent analyst ratings, financial performance, and key news affecting AMD, including positive sentiment around its AI infrastructure collaborations and negative sentiment regarding insider selling and competitive risks from Nvidia.",0.125185,Neutral,1.000000,0.341029,Somewhat-Bullish
20260901T074212,AMD,Advanced Micro Devices,"Beacon Pointe Advisors LLC Takes Position in Advanced Micro Devices, Inc. $AMD",MarketBeat,https://www.marketbeat.com/instant-alerts/filing-beacon-pointe-advisors-llc-takes-position-in-advanced-micro-devices-inc-amd-2026-09-01/,"Beacon Pointe Advisors LLC has acquired a significant new stake in Advanced Micro Devices (NASDAQ:AMD), purchasing over 220,000 shares valued at approximately $127.9 million, making it their 25th largest holding. This investment comes as AMD experiences positive sentiment from new AI infrastructure deployments in Saudi Arabia and various analyst upgrades, contributing to a ""Moderate Buy"" consensus rating. However, the article also notes potential risks from insider selling, increased competition from Nvidia, and concerns about high valuation and proposed US tariffs on semiconductors.",0.075407,Neutral,1.000000,0.329350,Somewhat-Bullish
20260901T074212,AMD,Advanced Micro Devices,"E Wealth Partners LLC Takes $1.50 Million Position in Advanced Micro Devices, Inc. $AMD",MarketBeat,https://www.marketbeat.com/instant-alerts/filing-e-wealth-partners-llc-takes-150-million-position-in-advanced-micro-devices-inc-amd-2026-09-01/,"E Wealth Partners LLC has acquired a new position in Advanced Micro Devices, Inc. (NASDAQ:AMD), purchasing 2,591 shares valued at approximately $1.50 million, making it their 9th largest holding. This comes amid significant institutional investment in AMD, with several major firms increasing their stakes, and positive sentiment from new AI infrastructure deployments in Saudi Arabia. However, the stock faces challenges from elevated AI sector expectations, competitive risks from Nvidia, and potential impacts from proposed US tariffs on semiconductors.",0.070799,Neutral,1.000000,0.310260,Somewhat-Bullish
20260901T074213,AMD,Advanced Micro Devices,"Camarda Financial Advisors LLC Invests $9.14 Million in Advanced Micro Devices, Inc. $AMD",MarketBeat,https://www.marketbeat.com/instant-alerts/filing-camarda-financial-advisors-llc-invests-914-million-in-advanced-micro-devices-inc-amd-2026-09-01/,"Camarda Financial Advisors LLC has purchased a new position in Advanced Micro Devices (NASDAQ:AMD), acquiring 15,729 shares valued at approximately $9.14 million, making it their fourth-largest holding. This investment comes amidst significant institutional activity in AMD stock and recent positive news regarding AMD's involvement in Saudi Arabia's AI infrastructure development, although the company also faces competitive and valuation risks. Advanced Micro Devices reported strong Q2 earnings, beating analyst estimates for EPS and revenue.",0.102742,Neutral,1.000000,0.261237,Somewhat-Bullish
20260901T074213,AMD,Advanced Micro Devices,"Concorde Asset Management LLC Invests $677,000 in Advanced Micro Devices, Inc. $AMD",MarketBeat,https://www.marketbeat.com/instant-alerts/filing-concorde-asset-management-llc-invests-677000-in-advanced-micro-devices-inc-amd-2026-09-01/,"Concorde Asset Management LLC has invested $677,000 in Advanced Micro Devices (AMD) by acquiring 1,165 shares during the second quarter. Despite this institutional interest, AMD has seen significant insider selling, including by CEO Lisa Su and EVP Mark Papermaster, totaling over $109 million in the last three months. The company reported strong quarterly revenue growth of 50.1% year-over-year and analysts maintain a ""Moderate Buy"" rating, though concerns about high valuation, competition, and policy risks persist.",0.026853,Neutral,1.000000,0.294945,Somewhat-Bullish
20260901T074213,AMD,Advanced Micro Devices,"Glenview Trust Co Invests $56.61 Million in Advanced Micro Devices, Inc. $AMD",MarketBeat,https://www.marketbeat.com/instant-alerts/filing-glenview-trust-co-invests-5661-million-in-advanced-micro-devices-inc-amd-2026-09-01/,"Glenview Trust Co. has made a significant new investment in Advanced Micro Devices (AMD), purchasing 97,457 shares valued at approximately $56.61 million in the second quarter. Despite this institutional vote of confidence, AMD faces insider selling worth $109.5 million over the last 90 days by executives like CEO Lisa Su, and concerns persist regarding its high valuation and competitive landscape. The company reported strong quarterly revenue growth of 50.1% and beat earnings expectations, with analysts maintaining a ""Moderate Buy"" consensus, but potential US tariffs on semiconductors pose a risk.",0.137005,Neutral,1.000000,0.323288,Somewhat-Bullish
20260901T074213,AMD,Advanced Micro Devices,"Henson Edgewater Management LLC Acquires New Holdings in Advanced Micro Devices, Inc. $AMD",MarketBeat,https://www.marketbeat.com/instant-alerts/filing-henson-edgewater-management-llc-acquires-new-holdings-in-advanced-micro-devices-inc-amd-2026-09-01/,"Henson Edgewater Management LLC has significantly increased its stake in Advanced Micro Devices (AMD), acquiring 22,919 shares worth approximately $11.1 million, making it their second-largest portfolio position. This comes as AMD reported strong quarterly earnings, exceeding analyst expectations with $1.66 EPS and $11.54 billion in revenue, a 50.1% year-over-year increase. Despite a ""Moderate Buy"" consensus rating and ongoing AI infrastructure momentum, the company faces risks from elevated valuation, increased competition, proposed chip tariffs, and recent insider selling.",0.29845,Somewhat-Bullish,1.000000,0.295899,Somewhat-Bullish
20260901T074301,AMD,Advanced Micro Devices,"Bellecapital International Ltd. Purchases 4,243 Shares of Amazon.com, Inc. $AMZN",MarketBeat,https://www.marketbeat.com/instant-alerts/filing-bellecapital-international-ltd-purchases-4243-shares-of-amazoncom-inc-amzn-2026-09-01/,"Bellecapital International Ltd. increased its stake in Amazon.com, Inc. by 7.1% during the second quarter, bringing its total holdings to 64,135 shares valued at $15.286 million. Other institutional investors have also adjusted their positions in Amazon, while several Wall Street analysts maintain a ""buy"" rating with an average price target of $323.09. The article also notes recent insider selling activity and discusses both positive and negative news impacting Amazon, including AWS expansion and an FTC lawsuit.",0.232481,Somewhat-Bullish,0.613766,0.246567,Somewhat-Bullish
20260901T074409,AMD,Advanced Micro Devices,"BlackRock Inc. Takes $58.56 Million Position in Ennis, Inc. $EBF",MarketBeat,https://www.marketbeat.com/instant-alerts/filing-blackrock-inc-takes-5856-million-position-in-ennis-inc-ebf-2026-09-01/,"BlackRock Inc. has acquired a new 10.89% stake in Ennis, Inc. (NYSE:EBF), purchasing 2.76 million shares valued at approximately $58.6 million during the second quarter. Other institutional investors have also adjusted their positions in the company, with institutional ownership now at 74.33%. Ennis reported quarterly earnings matching analyst estimates and slightly exceeded revenue expectations, while maintaining a consensus ""Buy"" rating from analysts and paying a quarterly dividend yielding 4.7%.",0.319411,Somewhat-Bullish,0.559516,0.320668,Somewhat-Bullish
20260901T074651,AMD,Advanced Micro Devices,"BlackRock Inc. Acquires Shares of 950,933 Forum Energy Technologies, Inc. $FET",MarketBeat,https://www.marketbeat.com/instant-alerts/filing-blackrock-inc-acquires-shares-of-950933-forum-energy-technologies-inc-fet-2026-09-01/,"BlackRock Inc. has acquired a significant new stake of 950,933 shares in Forum Energy Technologies, Inc. (NYSE:FET), valued at approximately $47.76 million. This purchase makes BlackRock Inc. one of the largest institutional holders of FET stock, owning about 8.46% of the company. Other institutional investors have also adjusted their positions, and the article details recent financial performance, analyst ratings, and insider trading activity for Forum Energy Technologies.",0.225615,Somewhat-Bullish,0.622286,0.119930,Neutral
20260901T074734,AMD,Advanced Micro Devices,BlackRock Inc. Increases Stock Position in Vaalco Energy Inc $EGY,MarketBeat,https://www.marketbeat.com/instant-alerts/filing-blackrock-inc-increases-stock-position-in-vaalco-energy-inc-egy-2026-09-01/,"BlackRock Inc. has increased its stake in Vaalco Energy Inc (NYSE:EGY) by 6.7% in the second quarter, adding 558,168 shares to now own 8.94 million shares, representing 8.57% of the company. Institutional investors collectively hold 50.32% of Vaalco Energy's stock. The company also declared a quarterly dividend of $0.0625 per share, resulting in a 4.2% annual yield, while analysts currently have a ""Reduce"" rating on the stock with a consensus target price of $7.30.",0.13912,Neutral,0.635369,0.124328,Neutral
20260901T074937,AMD,Advanced Micro Devices,Canada Pension Plan Investment Board Takes Position in Trustmark Corporation $TRMK,MarketBeat,https://www.marketbeat.com/instant-alerts/filing-canada-pension-plan-investment-board-takes-position-in-trustmark-corporation-trmk-2026-09-01/,"The Canada Pension Plan Investment Board has acquired 31,700 shares of Trustmark Corporation (TRMK), valued at approximately $1.46 million, indicating a new position in the company. This move comes as other institutional investors have also adjusted their holdings in Trustmark, with 67.64% of the stock now owned by institutions and hedge funds. Despite a generally neutral ""Hold"" rating from analysts, Trustmark recently exceeded quarterly earnings expectations, reporting $0.97 EPS and $213.38 million in revenue, and declared a quarterly dividend of $0.25.",0.067174,Neutral,0.549333,0.114133,Neutral
20260901T074937,AMD,Advanced Micro Devices,"BlackRock Inc. Buys 962,046 Shares of Eikon Therapeutics, Inc. $EIKN",MarketBeat,https://www.marketbeat.com/instant-alerts/filing-blackrock-inc-buys-962046-shares-of-eikon-therapeutics-inc-eikn-2026-09-01/,"BlackRock Inc. has increased its stake in Eikon Therapeutics (NASDAQ:EIKN) by 29%, acquiring an additional 962,046 shares to own 4.28 million shares, valued at approximately $55.9 million. The stock currently holds a consensus ""Hold"" rating with a $25 price target, despite mixed analyst sentiment and the company reporting a quarterly loss of $1.63 per share. Eikon Therapeutics' shares were down 4.7% at market open following the earnings report.",0.095361,Neutral,0.636524,0.129234,Neutral
20260901T075330,AMD,Advanced Micro Devices,"Corient Private Wealth LP Purchases Shares of 40,143 Oshkosh Corporation $OSK",MarketBeat,https://www.marketbeat.com/instant-alerts/filing-corient-private-wealth-lp-purchases-shares-of-40143-oshkosh-corporation-osk-2026-09-01/,"Corient Private Wealth LP recently acquired 40,143 shares of Oshkosh Corporation, valued at approximately $6.16 million, increasing institutional ownership to 92.36%. Analysts maintain a ""Moderate Buy"" rating with an average price target of $170.71, following Oshkosh's strong quarterly earnings, revenue beats, and consistent dividend payments. The company reported $2.87 EPS and $2.92 billion in revenue, beating estimates, and declared a quarterly dividend of $0.57.",0.310224,Somewhat-Bullish,0.576053,0.130069,Neutral
20260901T075511,AMD,Advanced Micro Devices,Chimera Investment (NYSE:CIM) Sets New 1-Year Low - Should You Sell?,MarketBeat,https://www.marketbeat.com/instant-alerts/price-chimera-investment-nyse-cim-sets-new-1-year-low-should-you-sell-2026-09-01/,"Chimera Investment (NYSE:CIM) shares recently hit a new 52-week low of $11.41. Analysts generally hold a ""Hold"" rating on the stock with a consensus price target of $14.50. Despite missing quarterly earnings estimates, the company offers a substantial 15.7% dividend yield.",0.059893,Neutral,0.591502,0.134411,Neutral
20260901T075826,AMD,Advanced Micro Devices,Plains GP (NYSE:PAGP) Reaches New 1-Year High - Should You Buy?,MarketBeat,https://www.marketbeat.com/instant-alerts/price-plains-gp-nyse-pagp-reaches-new-1-year-high-should-you-buy-2026-09-01/,"Plains GP Holdings, L.P. (NYSE:PAGP) recently hit a new 52-week high of $28.33, closing at $28.22. Despite this, analyst sentiment remains mixed with an overall ""Hold"" rating and an average price target of $23.55, which is below its current trading price. The company offers an annualized dividend yield of 5.9% and has substantial institutional ownership.",0.289593,Somewhat-Bullish,0.607270,0.311712,Somewhat-Bullish
20260901T075826,AMD,Advanced Micro Devices,"Headlands Technologies LLC Buys 65,720 Shares of Plains GP Holdings, L.P. $PAGP",MarketBeat,https://www.marketbeat.com/instant-alerts/filing-headlands-technologies-llc-buys-65720-shares-of-plains-gp-holdings-lp-pagp-2026-09-01/,"Headlands Technologies LLC significantly increased its stake in Plains GP Holdings, L.P. (NYSE:PAGP) by 605.2% in the second quarter, acquiring an additional 65,720 shares, bringing its total holdings to 76,580 shares valued at $1.86 million. Despite this, analysts maintain a ""Hold"" rating with an average price target below the current trading price. Plains GP also declared a quarterly dividend of $0.4175, reflecting an annualized yield of 5.9%.",0.153589,Somewhat-Bullish,0.596519,0.282278,Somewhat-Bullish
20260901T075834,AMD,Advanced Micro Devices,Empowered Funds LLC Buys New Stake in Seadrill Limited $SDRL,MarketBeat,https://www.marketbeat.com/instant-alerts/filing-empowered-funds-llc-buys-new-stake-in-seadrill-limited-sdrl-2026-09-01/,"Empowered Funds LLC has acquired a new stake in Seadrill Limited (NYSE:SDRL), purchasing 133,948 shares valued at approximately $5.1 million. This move represents a 0.21% ownership in the offshore drilling company, which saw strong Q2 earnings, beating analyst estimates for EPS and revenue. Analysts maintain a ""Moderate Buy"" rating with a consensus price target of $59.40.",0.352919,Bullish,0.570249,0.295658,Somewhat-Bullish
20260901T080046,AMD,Advanced Micro Devices,"Bank of New York Mellon Corp Takes Position in Smithfield Foods, Inc. $SFD",MarketBeat,https://www.marketbeat.com/instant-alerts/filing-bank-of-new-york-mellon-corp-takes-position-in-smithfield-foods-inc-sfd-2026-09-01/,"Bank of New York Mellon Corp has acquired a significant stake in Smithfield Foods, Inc. (NASDAQ:SFD) during the second quarter, purchasing 677,841 shares valued at approximately $16.4 million. This investment comes as Smithfield Foods reports solid quarterly earnings, beating analyst estimates with $0.62 EPS, despite a slight revenue decline. The company offers an attractive annualized dividend yield of 5.7% and holds a ""Moderate Buy"" consensus rating from analysts.",0.108206,Neutral,0.641084,0.125506,Neutral
20260901T080205,AMD,Advanced Micro Devices,"Empowered Funds LLC Acquires Shares of 183,176 Shore Bancshares Inc $SHBI",MarketBeat,https://www.marketbeat.com/instant-alerts/filing-empowered-funds-llc-acquires-shares-of-183176-shore-bancshares-inc-shbi-2026-09-01/,"Empowered Funds LLC has acquired a new stake of 183,176 shares in Shore Bancshares Inc (NASDAQ:SHBI), valued at approximately $4.2 million, representing 0.55% of the company. Other institutional investors have also adjusted their positions in SHBI, with institutional ownership now standing at 59.76%. Shore Bancshares recently surpassed quarterly earnings estimates and declared a quarterly dividend of $0.14 per share, alongside authorizing a $30 million share buyback program.",0.315587,Somewhat-Bullish,0.572717,0.243241,Somewhat-Bullish
20260901T080358,AMD,Advanced Micro Devices,"111,769 Shares in MarineMax, Inc. $HZO Acquired by Empowered Funds LLC",MarketBeat,https://www.marketbeat.com/instant-alerts/filing-111769-shares-in-marinemax-inc-hzo-acquired-by-empowered-funds-llc-2026-09-01/,"Empowered Funds LLC recently acquired a new stake of 111,769 shares in MarineMax, Inc. (NYSE:HZO) valued at approximately $4.1 million, giving it a 0.51% ownership in the company. Despite this institutional interest, MarineMax faces cautious analyst sentiment with a consensus ""Hold"" rating and an average price target below its current stock price. The company reported quarterly revenue of $611.3 million and earnings of $0.81 per share, slightly missing estimates, and issued fiscal 2026 EPS guidance between $0.40 and $0.95.",0.140275,Neutral,0.564519,0.270127,Somewhat-Bullish
20260901T080613,AMD,Advanced Micro Devices,Jackson Wealth Management LLC Decreases Stock Position in Visa Inc. $V,MarketBeat,https://www.marketbeat.com/instant-alerts/filing-jackson-wealth-management-llc-decreases-stock-position-in-visa-inc-v-2026-09-01/,"Jackson Wealth Management LLC significantly reduced its stake in Visa Inc. by 90.6% in the second quarter, selling 12,960 shares and retaining 1,339 shares valued at $459,000. Despite this, other institutional investors have modified their holdings, and overall, institutional investors own 82.15% of the company. Analysts maintain a positive outlook for Visa with an average ""Buy"" rating and a target price of $416.62, following strong quarterly earnings and a declared dividend.",0.080851,Neutral,0.524068,0.008079,Neutral
20260901T080917,AMD,Advanced Micro Devices,"Empowered Funds LLC Acquires New Holdings in Standard Motor Products, Inc. $SMP",MarketBeat,https://www.marketbeat.com/instant-alerts/filing-empowered-funds-llc-acquires-new-holdings-in-standard-motor-products-inc-smp-2026-09-01/,"Empowered Funds LLC has acquired a significant new position in Standard Motor Products (NYSE:SMP), purchasing 140,938 shares valued at approximately $5.49 million, giving it a 0.63% stake. This comes as the company exceeded quarterly earnings expectations, reporting $1.40 EPS against a $1.39 consensus and revenue of $526.72 million. Despite recent insider selling, analysts maintain a ""Moderate Buy"" rating for SMP with an average price target of $49.",0.190459,Somewhat-Bullish,0.558157,0.126438,Neutral
20260901T081133,AMD,Advanced Micro Devices,"Beacon Pointe Advisors LLC Takes Position in Synopsys, Inc. $SNPS",MarketBeat,https://www.marketbeat.com/instant-alerts/filing-beacon-pointe-advisors-llc-takes-position-in-synopsys-inc-snps-2026-09-01/,"Beacon Pointe Advisors LLC acquired 2,316 shares of Synopsys, Inc. (NASDAQ:SNPS) valued at approximately $1.03 million in the second quarter. Despite significant insider selling totaling $19.4 million over the past 90 days, institutional investors collectively own 85.47% of the company's stock, and analysts maintain a ""Moderate Buy"" rating with a target price of $561.28. Synopsys exceeded quarterly expectations, reporting $3.91 EPS and $2.48 billion in revenue, with revenue rising 42.4% year over year and issuing strong fiscal 2026 EPS guidance.",0.279741,Somewhat-Bullish,0.606500,0.112961,Neutral
20260901T081203,AMD,Advanced Micro Devices,"Canada Pension Plan Investment Board Buys New Stake in Valmont Industries, Inc. $VMI",MarketBeat,https://www.marketbeat.com/instant-alerts/filing-canada-pension-plan-investment-board-buys-new-stake-in-valmont-industries-inc-vmi-2026-09-01/,"The Canada Pension Plan Investment Board has acquired a new stake of 2,920 shares in Valmont Industries (NYSE:VMI), valued at approximately $1.69 million. Valmont Industries reported strong Q2 earnings, with EPS of $6.14 exceeding estimates and revenue up 6.5% year-over-year. Analysts maintain a ""Moderate Buy"" rating for the company with an average price target of $587, and the company recently declared a quarterly dividend of $0.77 per share.",0.402864,Bullish,0.544187,0.320533,Somewhat-Bullish
20260901T081315,AMD,Advanced Micro Devices,"Hsbc Holdings PLC Takes $1.27 Million Position in Business First Bancshares, Inc. $BFST",MarketBeat,https://www.marketbeat.com/instant-alerts/filing-hsbc-holdings-plc-takes-127-million-position-in-business-first-bancshares-inc-bfst-2026-09-01/,"Hsbc Holdings PLC has acquired a new position in Business First Bancshares, Inc. (NASDAQ:BFST) worth approximately $1.27 million, holding 0.13% of the company's stock. Several other institutional investors also increased their stakes, with institutional ownership collectively reaching 47.35%. Analysts maintain a ""Buy"" consensus rating with a target price of $34.75, following the company's recent exceeding of quarterly earnings expectations.",0.18738,Somewhat-Bullish,0.568729,0.228758,Somewhat-Bullish
20260901T081733,AMD,Advanced Micro Devices,"Bank of New York Mellon Corp Purchases Shares of 698,909 SiriusPoint Ltd. $SPNT",MarketBeat,https://www.marketbeat.com/instant-alerts/filing-bank-of-new-york-mellon-corp-purchases-shares-of-698909-siriuspoint-ltd-spnt-2026-09-01/,"Bank of New York Mellon Corp acquired a new stake of 698,909 shares in SiriusPoint Ltd. worth approximately $16.8 million during the second quarter. This acquisition represents about 0.60% of the insurer, contributing to the 52.79% institutional ownership of SPNT. Despite exceeding EPS estimates, SiriusPoint's revenue fell short of expectations, and the stock currently holds an average ""Hold"" rating with a $31.00 price target from analysts.",0.199961,Somewhat-Bullish,0.582010,0.299388,Somewhat-Bullish
20260901T081820,AMD,Advanced Micro Devices,"Ambarella, Inc. (NASDAQ:AMBA) Receives Consensus Recommendation of ""Hold"" from Brokerages",MarketBeat,https://www.marketbeat.com/instant-alerts/consensus-ambarella-inc-nasdaq-amba-receives-consensus-recommendation-of-hold-from-brokerages-2026-09-01/,"Ambarella, Inc. (NASDAQ:AMBA) has received a consensus ""Hold"" rating from ten brokerages, with an average 12-month price target of $101.86. Recent analyst actions were mixed, including a price target raise from Susquehanna and a downgrade from Summit Insights. Insiders have sold $4.6 million worth of shares in the past 90 days, while institutional investors own a significant 82.09% of the company's stock.",0.104125,Neutral,0.576347,0.108315,Neutral
20260901T082107,AMD,Advanced Micro Devices,"Headlands Technologies LLC Buys Shares of 10,603 MarketAxess Holdings Inc. $MKTX",MarketBeat,https://www.marketbeat.com/instant-alerts/filing-headlands-technologies-llc-buys-shares-of-10603-marketaxess-holdings-inc-mktx-2026-09-01/,"Headlands Technologies LLC initiated a new stake in MarketAxess Holdings Inc. (MKTX) during the second quarter, purchasing 10,603 shares valued at approximately $1.2 million. Despite positive quarterly earnings that beat expectations, analyst sentiment is largely cautious, with a consensus ""Hold"" rating and several firms downgrading the stock or reducing price targets. Institutional investors collectively own a significant 99.01% of MKTX's outstanding stock, and the company recently declared a quarterly dividend of $0.78 per share.",0.236646,Somewhat-Bullish,0.566196,0.340564,Somewhat-Bullish
20260901T082114,AMD,Advanced Micro Devices,"O'Reilly Automotive, Inc. $ORLY Shares Sold by Wellington Management Group LLP",MarketBeat,https://www.marketbeat.com/instant-alerts/filing-oreilly-automotive-inc-orly-shares-sold-by-wellington-management-group-llp-2026-08-31/,"Wellington Management Group LLP significantly reduced its stake in O'Reilly Automotive (NASDAQ:ORLY) by 62.5% in the second quarter, selling 5.22 million shares. Despite this, institutional investors still own about 85% of the company, and analysts maintain a ""Moderate Buy"" rating with a consensus price target of $107.24. The company reported quarterly earnings in line with estimates and issued fiscal 2026 EPS guidance of $3.20 to $3.30.",0.133941,Neutral,0.530225,0.274550,Somewhat-Bullish
20260901T082526,AMD,Advanced Micro Devices,"Dearborn Partners LLC Buys New Shares in Advanced Micro Devices, Inc. $AMD",MarketBeat,https://www.marketbeat.com/instant-alerts/filing-dearborn-partners-llc-buys-new-shares-in-advanced-micro-devices-inc-amd-2026-09-01/,"Dearborn Partners LLC has acquired 4,997 new shares of Advanced Micro Devices (NASDAQ:AMD), valued at approximately $2.9 million, during the second quarter. This move is part of broader institutional investor activity, with several hedge funds adjusting their stakes in the semiconductor manufacturer. Despite some insider selling and competitive risks, analyst ratings largely remain positive, and the company is benefiting from strong commercial demand for its AI data center products, including significant deployments in Saudi Arabia.",0.262159,Somewhat-Bullish,1.000000,0.246906,Somewhat-Bullish
20260901T082615,AMD,Advanced Micro Devices,"Amazon.com, Inc. $AMZN Shares Sold by True North Advisors LLC",MarketBeat,https://www.marketbeat.com/instant-alerts/filing-amazoncom-inc-amzn-shares-sold-by-true-north-advisors-llc-2026-09-01/,"True North Advisors LLC decreased its stake in Amazon.com, Inc. by 1.8% during the second quarter, selling 2,454 shares and holding 132,550 shares valued at $31.59 million. Other institutional investors also adjusted their positions in Amazon, which faces both positive sentiment from AWS expansion and operating momentum, and negative sentiment due to capital spending concerns and a significant FTC lawsuit. The article also details recent insider sales by Amazon's CFO and CEO, totaling over $1.6 million and $5.1 million respectively.",0.128649,Neutral,0.629903,0.101849,Neutral
20260901T083100,AMD,Advanced Micro Devices,"Bitdeer Technologies Group (NASDAQ:BTDR) Given Average Recommendation of ""Moderate Buy"" by Analysts",MarketBeat,https://www.marketbeat.com/instant-alerts/consensus-bitdeer-technologies-group-nasdaq-btdr-given-average-recommendation-of-moderate-buy-by-analysts-2026-09-01/,"Bitdeer Technologies Group (NASDAQ:BTDR) has received an average ""Moderate Buy"" rating from analysts, with twelve out of fifteen recommending a ""buy"" and three a ""hold,"" and an average 12-month price target of $24.00. Insider purchases in August and increased institutional holdings indicate growing confidence, despite the company reporting a quarterly loss of $0.37 per share and a negative net margin of 55.15%. Analysts anticipate a full-year loss of $1.72 per share for the digital asset mining and computing services provider.",0.226148,Somewhat-Bullish,0.551875,0.234185,Somewhat-Bullish
20260901T083234,AMD,Advanced Micro Devices,"Headlands Technologies LLC Purchases Shares of 18,161 Kiniksa Pharmaceuticals International, plc $KNSA",MarketBeat,https://www.marketbeat.com/instant-alerts/filing-headlands-technologies-llc-purchases-shares-of-18161-kiniksa-pharmaceuticals-international-plc-knsa-2026-09-01/,"Headlands Technologies LLC acquired 18,161 shares of Kiniksa Pharmaceuticals International, plc, valued at approximately $1.16 million, during the second quarter. The company has a ""Moderate Buy"" consensus rating from analysts, with an average price target of $87.38. Kiniksa Pharmaceuticals reported strong quarterly revenue and earnings that met estimates, and its stock is currently trading near its 52-week high.",0.116756,Neutral,0.646601,0.302963,Somewhat-Bullish
20260901T084301,AMD,Advanced Micro Devices,"Amazon.com, Inc. $AMZN is Mirae Asset Global Investments Co. Ltd.'s 9th Largest Position",MarketBeat,https://www.marketbeat.com/instant-alerts/filing-amazoncom-inc-amzn-is-mirae-asset-global-investments-co-ltds-9th-largest-position-2026-09-01/,"Mirae Asset Global Investments Co. Ltd. significantly increased its stake in Amazon.com, Inc. during the second quarter, making Amazon its 9th largest holding. This comes as Amazon reported strong quarterly results, exceeding analyst expectations, with revenue up 19.6% year over year. Despite a generally bullish outlook from analysts, concerns persist regarding planned capital spending, free-cash-flow pressures, and an FTC lawsuit related to advertising practices.",0.11498,Neutral,0.563257,0.144448,Neutral
20260901T085038,AMD,Advanced Micro Devices,Korea Investment CORP Takes Position in Intel Corporation $INTC,MarketBeat,https://www.marketbeat.com/instant-alerts/filing-korea-investment-corp-takes-position-in-intel-corporation-intc-2026-09-01/,"Korea Investment CORP has acquired a new position in Intel Corporation, purchasing 3.11 million shares valued at approximately $434.8 million, making it Intel's 17th-largest holding for the firm. Despite substantial institutional ownership and some positive sentiment from a rumored SK Hynix partnership and CEO share purchases, analysts largely maintain a ""Hold"" rating due to concerns about foundry execution risks, high capital expenditure, and competition from AMD and Nvidia. Intel's recent quarterly earnings exceeded expectations, but the outlook remains mixed.",-0.213245,Somewhat-Bearish,0.613919,-0.323406,Somewhat-Bearish
20260901T085039,AMD,Advanced Micro Devices,Westpac Banking Corp Takes Position in Intel Corporation $INTC,MarketBeat,https://www.marketbeat.com/instant-alerts/filing-westpac-banking-corp-takes-position-in-intel-corporation-intc-2026-09-01/,"Westpac Banking Corp has initiated a position in Intel Corporation, purchasing 70,460 shares valued at approximately $9.8 million, making it 0.6% of their investment portfolio. This move comes as institutional investors collectively own 64.53% of Intel, with several major funds recently increasing their holdings. Despite stronger-than-expected quarterly results, analysts maintain a cautious ""Hold"" rating due to concerns over foundry losses, high capital spending, and competition from AMD and Nvidia.",-0.105479,Neutral,0.738425,-0.246834,Somewhat-Bearish
20260901T085039,AMD,Advanced Micro Devices,Quantbot Technologies LP Makes New Investment in Intel Corporation $INTC,MarketBeat,https://www.marketbeat.com/instant-alerts/filing-quantbot-technologies-lp-makes-new-investment-in-intel-corporation-intc-2026-09-01/,"Quantbot Technologies LP has acquired a new stake in Intel Corporation, purchasing 31,424 shares valued at approximately $4.39 million. This move comes as CEO Lip-Bu Tan also increased his ownership significantly, buying over 105,000 shares for nearly $10 million, signaling strong management confidence despite mixed analyst sentiment. While Intel reported better-than-expected quarterly results with a 25.2% revenue increase, the stock maintains a consensus ""Hold"" rating due to ongoing concerns about foundry execution and competitive pressures.",-0.087638,Neutral,0.613719,-0.310601,Somewhat-Bearish
20260901T085039,AMD,Advanced Micro Devices,TRB Wealth Management LLC Purchases New Position in Intel Corporation $INTC,MarketBeat,https://www.marketbeat.com/instant-alerts/filing-trb-wealth-management-llc-purchases-new-position-in-intel-corporation-intc-2026-09-01/,"TRB Wealth Management LLC has acquired a new position in Intel Corporation, purchasing 11,396 shares valued at approximately $1.59 million during the second quarter. This move comes as Intel reported stronger-than-expected quarterly results but faces mixed sentiment due to a denied foundry partnership with SK Hynix, rising capital expenditures, and ongoing competition from AMD and Nvidia. Despite some analyst concerns, Intel's CEO recently increased his stake, signaling internal confidence.",-0.189096,Somewhat-Bearish,0.630012,-0.303907,Somewhat-Bearish
20260901T085039,AMD,Advanced Micro Devices,"41,796 Shares in Intel Corporation $INTC Bought by Sumitomo Life Insurance Co.",MarketBeat,https://www.marketbeat.com/instant-alerts/filing-41796-shares-in-intel-corporation-intc-bought-by-sumitomo-life-insurance-co-2026-09-01/,"Sumitomo Life Insurance Co. recently purchased 41,796 shares of Intel Corporation, valued at approximately $5.84 million, adding to the 64.53% institutional ownership of the company. This comes as Intel's CEO, Lip-Bu Tan, also increased his direct stake by 8.7% through a nearly $10 million share purchase. Despite Intel beating its recent quarterly earnings and revenue estimates, analysts maintain a ""Hold"" rating due to ongoing concerns about foundry execution, competition from AMD and Nvidia, and uncertainties surrounding AI-related growth.",-0.069278,Neutral,0.659887,-0.286974,Somewhat-Bearish
20260901T085039,AMD,Advanced Micro Devices,"55,877 Shares in Intel Corporation $INTC Bought by Rakuten Securities Inc.",MarketBeat,https://www.marketbeat.com/instant-alerts/filing-55877-shares-in-intel-corporation-intc-bought-by-rakuten-securities-inc-2026-09-01/,"Rakuten Securities Inc. has acquired 55,877 shares of Intel Corporation, valued at approximately $7.8 million, making it their ninth-largest position. Despite Intel exceeding Q2 earnings expectations, the company faces uncertainties regarding its foundry business, competitive pressures from AMD and Nvidia, and significant capital spending. Analysts generally maintain a ""Hold"" rating on the stock with an average price target of $107.46, while CEO Lip-Bu Tan recently increased his stake.",-0.094848,Neutral,0.741344,-0.238615,Somewhat-Bearish
20260901T085421,AMD,Advanced Micro Devices,"58,991 Shares in Microchip Technology Incorporated $MCHP Bought by Empowered Funds LLC",MarketBeat,https://www.marketbeat.com/instant-alerts/filing-58991-shares-in-microchip-technology-incorporated-mchp-bought-by-empowered-funds-llc-2026-09-01/,"Empowered Funds LLC recently acquired 58,991 shares of Microchip Technology Inc. (MCHP) during the second quarter, a new position valued at approximately $5.38 million. This acquisition is part of broader institutional interest, with hedge funds and other institutional investors owning 91.51% of the company's stock. Despite a recent downgrade by Zacks Research, analysts generally maintain a ""Moderate Buy"" rating for MCHP, with an average target price of $98.67, following the company's strong quarterly earnings and dividend declaration.",0.29344,Somewhat-Bullish,0.563642,0.226837,Somewhat-Bullish
20260901T085928,AMD,Advanced Micro Devices,"UiPath, Inc. (NYSE:PATH) Given Average Rating of ""Hold"" by Brokerages",MarketBeat,https://www.marketbeat.com/instant-alerts/consensus-uipath-inc-nyse-path-given-average-rating-of-hold-by-brokerages-2026-09-01/,"UiPath, Inc. (NYSE:PATH) has received a consensus ""Hold"" rating from seventeen analysts, with an average 12-month price target of $14.33, below its recent opening price of $18.65. Recent analyst actions have been mixed, and CEO Daniel Dines sold a significant number of shares, reducing his stake. Institutional investors and hedge funds hold 62.5% of the company's shares.",0.082001,Neutral,0.573298,0.106769,Neutral
20260901T090521,AMD,Advanced Micro Devices,"Wellington Management Group LLP Has $166.95 Million Stock Position in Phillips Edison & Company, Inc. $PECO",MarketBeat,https://www.marketbeat.com/instant-alerts/filing-wellington-management-group-llp-has-16695-million-stock-position-in-phillips-edison-company-inc-peco-2026-09-01/,"Wellington Management Group LLP reduced its stake in Phillips Edison & Company, Inc. by 23% in the second quarter, selling 1.2 million shares but still holding 4.01 million shares valued at approximately $166.95 million. Despite missing EPS consensus, the company reported increased revenue year-over-year and declared a monthly dividend. Analysts currently maintain a ""Hold"" rating for PECO with an average price target of $44.78.",0.064382,Neutral,0.610960,0.102353,Neutral
20260901T090607,AMD,Advanced Micro Devices,Markel Group Inc. $MKL Shares Sold by Wellington Management Group LLP,MarketBeat,https://www.marketbeat.com/instant-alerts/filing-markel-group-inc-mkl-shares-sold-by-wellington-management-group-llp-2026-09-01/,"Wellington Management Group LLP reduced its stake in Markel Group Inc. (NYSE:MKL) by 4.0% in the second quarter, selling 4,265 shares but retaining a substantial holding of 102,408 shares valued at approximately $200 million. Other institutional investors also adjusted their positions in MKL. Analyst sentiment for Markel Group is currently a ""Hold,"" with an average price target of $2,025.00.",0.101647,Neutral,0.621362,0.209862,Somewhat-Bullish
20260901T090654,AMD,Advanced Micro Devices,"Jupiter Topco LLC Makes New Investment in First Solar, Inc. $FSLR",MarketBeat,https://www.marketbeat.com/instant-alerts/filing-jupiter-topco-llc-makes-new-investment-in-first-solar-inc-fslr-2026-09-01/,"Jupiter Topco LLC has acquired 25,951 shares of First Solar, Inc. (FSLR) worth approximately $6.1 million during the second quarter. Institutional investors collectively hold 92.08% of the company's stock, and analysts maintain a ""Moderate Buy"" consensus rating with a $266.27 price target. Despite a year-over-year revenue decline of 3.4%, First Solar exceeded quarterly earnings expectations with $3.92 EPS against an estimated $2.90.",0.286087,Somewhat-Bullish,0.574897,0.284544,Somewhat-Bullish
20260901T090857,AMD,Advanced Micro Devices,The Manufacturers Life Insurance Company Takes Position in Belden Inc $BDC,MarketBeat,https://www.marketbeat.com/instant-alerts/filing-the-manufacturers-life-insurance-company-takes-position-in-belden-inc-bdc-2026-09-01/,"The Manufacturers Life Insurance Company recently acquired 35,613 shares of Belden Inc. (NYSE:BDC) worth approximately $4.27 million, establishing a 0.09% stake in the company. Belden has demonstrated strong financial performance, exceeding quarterly EPS and revenue expectations, and institutional investors now collectively own 98.75% of the company's stock. Analysts currently hold a consensus ""Buy"" rating for Belden with a target price of $160.",0.297278,Somewhat-Bullish,0.608325,0.343429,Somewhat-Bullish
20260901T092027,AMD,Advanced Micro Devices,"The Manufacturers Life Insurance Company Acquires Shares of 20,929 Primerica, Inc. $PRI",MarketBeat,https://www.marketbeat.com/instant-alerts/filing-the-manufacturers-life-insurance-company-acquires-shares-of-20929-primerica-inc-pri-2026-09-01/,"The Manufacturers Life Insurance Company recently acquired 20,929 shares of Primerica, Inc. (NYSE:PRI) for approximately $5.95 million, contributing to institutional investors owning 90.88% of the company. Primerica reported strong quarterly earnings, surpassing EPS estimates with $6.41, though revenue of $865.1 million fell slightly short of expectations. The company also declared a quarterly dividend of $1.20 per share, and analysts maintain a consensus ""Hold"" rating with an average price target of $315.57.",0.162787,Somewhat-Bullish,0.543737,0.133682,Neutral
20260901T092100,AMD,Advanced Micro Devices,Man Group plc Takes Position in WD-40 Company $WDFC,MarketBeat,https://www.marketbeat.com/instant-alerts/filing-man-group-plc-takes-position-in-wd-40-company-wdfc-2026-09-01/,"Man Group plc recently acquired 11,456 shares of WD-40 Company (NASDAQ:WDFC), valued at approximately $2.8 million, establishing a 0.09% stake. This comes as WD-40 reported strong second-quarter results, with EPS of $2.33 and revenue of $195.12 million, surpassing analyst expectations. The company also issued positive fiscal 2026 EPS guidance and maintains a consensus ""Buy"" rating with an average target price of $305.00 from analysts.",0.262369,Somewhat-Bullish,0.542784,0.227103,Somewhat-Bullish
20260901T092415,AMD,Advanced Micro Devices,"Legal & General Group Plc Invests $12.71 Million in Affiliated Managers Group, Inc. $AMG",MarketBeat,https://www.marketbeat.com/instant-alerts/filing-legal-general-group-plc-invests-1271-million-in-affiliated-managers-group-inc-amg-2026-09-01/,"Legal & General Group Plc has invested $12.71 million in Affiliated Managers Group, Inc. (NYSE:AMG) by acquiring 37,566 shares, representing a 0.15% stake. Institutional investors collectively own 95.3% of AMG, and analysts maintain a ""Buy"" rating with an average price target of $370.86. The asset manager recently reported strong quarterly earnings of $8.29 per share, surpassing estimates, and revenues of $640.7 million.",0.187332,Somewhat-Bullish,0.564339,0.276361,Somewhat-Bullish
20260901T092425,AMD,Advanced Micro Devices,UBS AM a distinct business unit of UBS ASSET MANAGEMENT AMERICAS LLC Grows Position in Arthur J. Gallagher & Co. $AJG,MarketBeat,https://www.marketbeat.com/instant-alerts/filing-ubs-am-a-distinct-business-unit-of-ubs-asset-management-americas-llc-grows-position-in-arthur-j-gallagher-co-ajg-2026-09-01/,"UBS Asset Management Americas LLC increased its stake in Arthur J. Gallagher & Co. by 0.3% in the second quarter, now holding 1.45 million shares valued at $333.7 million. This move is part of broader institutional interest, with such investors owning 85.53% of the company. Arthur J. Gallagher & Co. reported strong quarterly earnings that beat estimates, though revenue slightly missed, and analysts generally maintain a ""Moderate Buy"" rating with a positive price target.",0.345168,Somewhat-Bullish,0.581603,0.307132,Somewhat-Bullish
20260901T092436,AMD,Advanced Micro Devices,"The Manufacturers Life Insurance Company Buys New Stake in Starwood Property Trust, Inc. $STWD",MarketBeat,https://www.marketbeat.com/instant-alerts/filing-the-manufacturers-life-insurance-company-buys-new-stake-in-starwood-property-trust-inc-stwd-2026-09-01/,"The Manufacturers Life Insurance Company has acquired a new stake in Starwood Property Trust (NYSE:STWD), purchasing 274,002 shares valued at approximately $4.49 million, representing 0.07% of the company. Despite analyst target reductions from Keefe, Bruyette & Woods and JPMorgan, the consensus rating for STWD remains a ""Moderate Buy"" with an average price target of $19.20. Starwood Property Trust shares opened at $15.71, near their 12-month low, while maintaining a quarterly dividend of $0.48, equating to a 12.2% yield.",0.217779,Somewhat-Bullish,0.571404,0.321957,Somewhat-Bullish
20260901T092438,AMD,Advanced Micro Devices,"Strive Financial Group LLC Sells 9,230 Shares of PepsiCo, Inc. $PEP",MarketBeat,https://www.marketbeat.com/instant-alerts/filing-strive-financial-group-llc-sells-9230-shares-of-pepsico-inc-pep-2026-09-01/,"Strive Financial Group LLC significantly reduced its stake in PepsiCo, Inc. by selling 9,230 shares, leaving them with 2,878 shares valued at $390,000. Institutional investors now own 73.07% of PepsiCo, while analysts maintain a ""Hold"" consensus rating with an average price target of $157.90. PepsiCo recently reported strong Q2 earnings, exceeding revenue and EPS estimates, and declared a quarterly dividend of $1.48 per share.",0.233293,Somewhat-Bullish,0.649754,0.338091,Somewhat-Bullish
20260901T092444,AMD,Advanced Micro Devices,"Mettler-Toledo International, Inc. $MTD Shares Sold by Royal London Asset Management Ltd.",MarketBeat,https://www.marketbeat.com/instant-alerts/filing-mettler-toledo-international-inc-mtd-shares-sold-by-royal-london-asset-management-ltd-2026-09-01/,"Royal London Asset Management Ltd. significantly reduced its stake in Mettler-Toledo International, Inc. by 74.8% in the second quarter, selling 23,985 shares. Despite this, institutional investors still hold 95.07% of the company, which recently reported strong quarterly earnings of $11.46 per share, beating estimates. Insider selling by the CFO and CEO also occurred, contributing to a mixed analyst sentiment with a consensus ""Hold"" rating and an average price target of $1,461.27.",0.136244,Neutral,0.566611,0.249890,Somewhat-Bullish
20260901T092527,AMD,Advanced Micro Devices,"31,267 Shares in Advanced Micro Devices, Inc. $AMD Purchased by Lombard Odier Asset Management Europe Ltd",MarketBeat,https://www.marketbeat.com/instant-alerts/filing-31267-shares-in-advanced-micro-devices-inc-amd-purchased-by-lombard-odier-asset-management-europe-ltd-2026-09-01/,"Lombard Odier Asset Management Europe Ltd recently purchased 31,267 shares of Advanced Micro Devices (AMD) stock, valued at approximately $18.2 million, during the second quarter. This acquisition is part of broader institutional investment, with institutional investors now owning 71.34% of the company. Despite significant insider selling over the past 90 days, analysts maintain a ""Moderate Buy"" rating for AMD, with an average price target of $553.72, following strong quarterly earnings and revenue growth.",0.114109,Neutral,1.000000,0.328002,Somewhat-Bullish
20260901T092527,AMD,Advanced Micro Devices,"Ratan Capital Management LP Buys Shares of 23,604 Advanced Micro Devices, Inc. $AMD",MarketBeat,https://www.marketbeat.com/instant-alerts/filing-ratan-capital-management-lp-buys-shares-of-23604-advanced-micro-devices-inc-amd-2026-09-01/,"Ratan Capital Management LP has acquired 23,604 shares of Advanced Micro Devices (AMD) during the second quarter, valuing the stake at approximately $13.7 million and making it the 11th largest holding in their portfolio. While institutional investors collectively own 71.34% of AMD and analysts maintain a ""Moderate Buy"" rating, the stock faces risks such as elevated valuation, insider selling, and increasing competition in the AI chip market despite strong quarterly revenue growth. The article also highlights recent positive news regarding AMD's AI infrastructure deployments and collaborations, alongside negative sentiments around insider selling and potential tariff impacts.",0.339896,Somewhat-Bullish,1.000000,0.316950,Somewhat-Bullish
20260901T092527,AMD,Advanced Micro Devices,"Yukon Wealth Management Inc. Invests $1.49 Million in Advanced Micro Devices, Inc. $AMD",MarketBeat,https://www.marketbeat.com/instant-alerts/filing-yukon-wealth-management-inc-invests-149-million-in-advanced-micro-devices-inc-amd-2026-09-01/,"Yukon Wealth Management Inc. has invested $1.49 million in Advanced Micro Devices (AMD) during the second quarter, acquiring 2,571 shares, making AMD its 26th largest position. Despite robust earnings and significant AI infrastructure expansion, the company faces risks from insider selling, competition from Nvidia, proposed tariffs, and a high valuation. Analysts currently hold a ""Moderate Buy"" rating with an average price target of $553.72, though some insiders have recently sold shares.",0.002479,Neutral,1.000000,0.289857,Somewhat-Bullish
20260901T092527,AMD,Advanced Micro Devices,"Orion Capital Management LLC Makes New Investment in Advanced Micro Devices, Inc. $AMD",MarketBeat,https://www.marketbeat.com/instant-alerts/filing-orion-capital-management-llc-makes-new-investment-in-advanced-micro-devices-inc-amd-2026-09-01/,"Orion Capital Management LLC has made a new investment in Advanced Micro Devices (AMD), acquiring 5,726 shares valued at approximately $3.33 million, making AMD its 20th-largest holding. The semiconductor company recently reported strong quarterly results with a 50.1% year-over-year revenue increase and is expanding its AI infrastructure presence, including a significant deployment in Saudi Arabia. Despite a ""Moderate Buy"" consensus from analysts and an average price target of $553.72, the stock faces risks from high valuation, increased competition from Nvidia, potential semiconductor tariffs, and recent insider selling.",0.194293,Somewhat-Bullish,1.000000,0.269996,Somewhat-Bullish
20260901T092527,AMD,Advanced Micro Devices,"North Star Asset Management Inc. Takes Position in Advanced Micro Devices, Inc. $AMD",MarketBeat,https://www.marketbeat.com/instant-alerts/filing-north-star-asset-management-inc-takes-position-in-advanced-micro-devices-inc-amd-2026-09-01/,"North Star Asset Management Inc. has acquired a new stake in Advanced Micro Devices (AMD), purchasing 77,973 shares valued at approximately $45.3 million, making it their 10th largest holding. This comes as AMD reported strong quarterly results, beating EPS and revenue expectations, and holds a ""Moderate Buy"" consensus rating from analysts. The article also details significant insider stock sales, institutional ownership, and recent news impacting AMD, including its involvement in Saudi Arabia's AI infrastructure and ongoing competition.",0.246107,Somewhat-Bullish,1.000000,0.406409,Bullish
20260901T092527,AMD,Advanced Micro Devices,"WNY Asset Management LLC Makes New Investment in Advanced Micro Devices, Inc. $AMD",MarketBeat,https://www.marketbeat.com/instant-alerts/filing-wny-asset-management-llc-makes-new-investment-in-advanced-micro-devices-inc-amd-2026-09-01/,"WNY Asset Management LLC has made a new investment in Advanced Micro Devices (AMD), acquiring 1,458 shares valued at approximately $847,000 during the second quarter. The semiconductor manufacturer reported strong Q2 earnings, exceeding analyst expectations with $11.54 billion in revenue and $1.66 EPS, a 50.1% increase year-over-year. Despite insider selling of 232,577 shares worth about $109.5 million, analysts generally maintain a ""Moderate Buy"" rating with an average price target of $553.72, supported by positive news regarding AMD's AI infrastructure deployments and collaborations.",0.220431,Somewhat-Bullish,1.000000,0.418318,Bullish
20260901T092723,AMD,Advanced Micro Devices,"Jupiter Topco LLC Purchases New Stake in Axon Enterprise, Inc $AXON",MarketBeat,https://www.marketbeat.com/instant-alerts/filing-jupiter-topco-llc-purchases-new-stake-in-axon-enterprise-inc-axon-2026-09-01/,"Jupiter Topco LLC recently acquired a new position of 8,501 shares in Axon Enterprise, Inc. (NASDAQ:AXON) during the second quarter, valued at approximately $4.76 million. Institutional investors and hedge funds now own 79.08% of the company's stock, which has a ""Moderate Buy"" consensus rating from analysts with an average price target of $730.92. Despite strong quarterly revenue growth of 35.3% year over year and beating EPS estimates, there have been significant insider sales totaling over $40 million in the last quarter.",0.162729,Somewhat-Bullish,0.518558,0.138279,Neutral
20260901T093010,AMD,Advanced Micro Devices,Crown Castle Inc. $CCI Shares Purchased by UBS AM a distinct business unit of UBS ASSET MANAGEMENT AMERICAS LLC,MarketBeat,https://www.marketbeat.com/instant-alerts/filing-crown-castle-inc-cci-shares-purchased-by-ubs-am-a-distinct-business-unit-of-ubs-asset-management-americas-llc-2026-09-01/,"UBS Asset Management significantly increased its holdings in Crown Castle Inc. (NYSE:CCI) during the second quarter, acquiring 3.85 million additional shares and raising its ownership to approximately 0.91%. Crown Castle reported mixed financial results, missing EPS estimates but exceeding revenue expectations, and issued full-year 2026 EPS guidance. Analysts maintain a ""Moderate Buy"" rating for CCI, and the company also declared a quarterly dividend of $1.0625, representing a 5.6% annualized yield.",0.176185,Somewhat-Bullish,0.638626,0.239017,Somewhat-Bullish
20260901T093125,AMD,Advanced Micro Devices,Sysco Corporation $SYY Shares Sold by Wellington Management Group LLP,MarketBeat,https://www.marketbeat.com/instant-alerts/filing-sysco-corporation-syy-shares-sold-by-wellington-management-group-llp-2026-09-01/,"Wellington Management Group LLP significantly reduced its stake in Sysco Corporation (NYSE:SYY) by 43.4% in the second quarter, selling over 1.9 million shares but still retaining a substantial holding. Despite this sale, institutional investors collectively own a large portion of Sysco. Sysco recently exceeded analyst expectations for its quarterly earnings and revenue, and analysts maintain a ""Moderate Buy"" consensus rating for the company.",0.105855,Neutral,0.620142,0.134066,Neutral
20260901T093248,AMD,Advanced Micro Devices,Van ECK Associates Corp Has $16.20 Million Holdings in Salesforce Inc. $CRM,MarketBeat,https://www.marketbeat.com/instant-alerts/filing-van-eck-associates-corp-has-1620-million-holdings-in-salesforce-inc-crm-2026-09-01/,"Van ECK Associates Corp significantly reduced its stake in Salesforce Inc. by 85.5% in the second quarter, now holding 103,414 shares valued at $16.2 million. Despite this reduction, Salesforce reported strong quarterly results with revenue up 10.8% year over year and EPS of $5.90, surpassing consensus estimates, driven partly by accelerating AI adoption. The company maintains a ""Moderate Buy"" consensus rating from Wall Street analysts, with an average price target of $262.12.",0.344978,Somewhat-Bullish,0.565470,0.210220,Somewhat-Bullish
20260901T093259,AMD,Advanced Micro Devices,"45,102 Shares in Ferrari N.V. $RACE Bought by Van ECK Associates Corp",MarketBeat,https://www.marketbeat.com/instant-alerts/filing-45102-shares-in-ferrari-nv-race-bought-by-van-eck-associates-corp-2026-09-01/,"Van ECK Associates Corp has acquired 45,102 shares of Ferrari N.V. (NYSE:RACE) valued at approximately $16.7 million during the second quarter. Several other institutional investors also adjusted their positions in the luxury automaker. Ferrari maintains a ""Moderate Buy"" consensus rating from analysts, with recent earnings exceeding expectations.",0.131069,Neutral,0.590054,0.032036,Neutral
20260901T093458,AMD,Advanced Micro Devices,"Byline Bancorp, Inc. $BY Position Reduced by Susquehanna International Group LLP",MarketBeat,https://www.marketbeat.com/instant-alerts/filing-byline-bancorp-inc-by-position-reduced-by-susquehanna-international-group-llp-2026-09-01/,"Susquehanna International Group LLP significantly reduced its stake in Byline Bancorp, Inc. by 64% in the second quarter, now holding 18,081 shares worth $681,000. Despite this, institutional investors collectively own 67.73% of the company, and analysts maintain a ""Moderate Buy"" rating with a $43 price target after Byline Bancorp exceeded recent EPS and revenue estimates and increased its quarterly dividend. However, insiders sold a substantial amount of shares, totaling over $24.3 million, in the last quarter.",0.252648,Somewhat-Bullish,0.645738,0.232155,Somewhat-Bullish
20260901T093633,AMD,Advanced Micro Devices,"Legal & General Group Plc Takes Position in Lithia Motors, Inc. $LAD",MarketBeat,https://www.marketbeat.com/instant-alerts/filing-legal-general-group-plc-takes-position-in-lithia-motors-inc-lad-2026-09-01/,"Legal & General Group Plc has acquired a new stake of 36,909 shares, valued at approximately $10.7 million, in Lithia Motors, Inc. (NYSE:LAD). This comes as Lithia Motors reported strong quarterly earnings, beating analyst expectations with $10.03 EPS and $9.79 billion in revenue, and has increased its quarterly dividend and authorized a $500 million stock buyback. Analysts maintain a ""Moderate Buy"" consensus with an average price target of $436.33 for the stock.",0.204313,Somewhat-Bullish,0.637157,0.144334,Neutral
20260901T093643,AMD,Advanced Micro Devices,Van ECK Associates Corp Cuts Stake in Ladder Capital Corp $LADR,MarketBeat,https://www.marketbeat.com/instant-alerts/filing-van-eck-associates-corp-cuts-stake-in-ladder-capital-corp-ladr-2026-09-01/,"Van ECK Associates Corp reduced its stake in Ladder Capital Corp by 16.3% in the second quarter of 2026, selling 217,956 shares but still holding 1.12 million shares valued at $11.175 million. Other institutional investors also adjusted their positions in the REIT. Ladder Capital reported quarterly EPS of $0.24, meeting analyst expectations, and revenue of $57.76 million, exceeding estimates, while maintaining a quarterly dividend of $0.23 per share.",0.217131,Somewhat-Bullish,0.531733,0.343303,Somewhat-Bullish
20260901T093958,AMD,Advanced Micro Devices,"Twin Lakes Capital Management LLC Invests $953,000 in Advanced Micro Devices, Inc. $AMD",MarketBeat,https://www.marketbeat.com/instant-alerts/filing-twin-lakes-capital-management-llc-invests-953000-in-advanced-micro-devices-inc-amd-2026-09-01/,"Twin Lakes Capital Management LLC recently invested $953,000 in Advanced Micro Devices (AMD) by acquiring 1,641 shares during the second quarter. This comes as AMD demonstrates strong performance with a 50.1% year-over-year revenue increase and significant AI infrastructure expansion, including a new deployment in Saudi Arabia. While analysts maintain a ""Moderate Buy"" rating, the company faces risks such as insider selling, heightened competition from Nvidia, potential semiconductor tariffs, and its current high valuation.",0.088043,Neutral,1.000000,0.302624,Somewhat-Bullish
20260901T094213,AMD,Advanced Micro Devices,"Wellington Management Group LLP Has $5.42 Billion Stake in Advanced Micro Devices, Inc. $AMD",MarketBeat,https://www.marketbeat.com/instant-alerts/filing-wellington-management-group-llp-has-542-billion-stake-in-advanced-micro-devices-inc-amd-2026-09-01/,"Wellington Management Group LLP significantly increased its stake in Advanced Micro Devices (AMD) by 33.9% in the second quarter, now holding 9.33 million shares valued at approximately $5.42 billion. AMD represents about 0.9% of Wellington’s portfolio, and institutional investors collectively own 71.34% of the stock. Despite positive analyst sentiment and strong quarterly earnings, the company faces risks from high valuation, insider selling, and competitive pressures.",0.134958,Neutral,1.000000,0.302160,Somewhat-Bullish
20260901T094402,AMD,Advanced Micro Devices,"Wellington Management Group LLP Buys 3,541,916 Shares of Rocket Companies, Inc. $RKT",MarketBeat,https://www.marketbeat.com/instant-alerts/filing-wellington-management-group-llp-buys-3541916-shares-of-rocket-companies-inc-rkt-2026-09-01/,"Wellington Management Group LLP significantly increased its stake in Rocket Companies (NYSE:RKT) by 64.5% in the second quarter, purchasing over 3.5 million additional shares. This brings their total holdings to 9.03 million shares, valued at approximately $142.2 million. Despite the increased institutional interest, Rocket Companies' shares were trading down 2.8% at $13.39, even though the company met analyst EPS expectations with $0.16 and reported a 91.9% year-over-year revenue increase.",0.159488,Somewhat-Bullish,0.629024,0.197406,Somewhat-Bullish
20260901T094937,AMD,Advanced Micro Devices,"Susquehanna International Group LLP Has $662,000 Stock Holdings in Trustmark Corporation $TRMK",MarketBeat,https://www.marketbeat.com/instant-alerts/filing-susquehanna-international-group-llp-has-662000-stock-holdings-in-trustmark-corporation-trmk-2026-09-01/,"Susquehanna International Group LLP significantly reduced its stake in Trustmark Corporation by 62.5% in Q2, now holding 14,393 shares valued at $662,000. Despite general institutional ownership of 67.64%, analysts maintain a consensus ""Hold"" rating with an average price target of $46.12, even after Trustmark exceeded Q2 earnings and revenue expectations and announced a $0.25 quarterly dividend.",0.313379,Somewhat-Bullish,0.564585,0.427269,Bullish
20260901T094938,AMD,Advanced Micro Devices,"Quantitative Investment Management LLC Purchases Shares of 11,042 EOG Resources, Inc. $EOG",MarketBeat,https://www.marketbeat.com/instant-alerts/filing-quantitative-investment-management-llc-purchases-shares-of-11042-eog-resources-inc-eog-2026-09-01/,"Quantitative Investment Management LLC recently acquired 11,042 shares of EOG Resources, Inc., valued at approximately $1.43 million, increasing institutional ownership to 89.91%. EOG Resources reported strong Q2 earnings, exceeding analyst estimates, and declared a quarterly dividend of $1.02 per share. Despite mixed analyst ratings, the company maintains a ""Hold"" consensus with a target price of $156.33, while CEO Ezra Y. Yacob also sold a significant number of shares.",0.168713,Somewhat-Bullish,0.570557,0.104604,Neutral
20260901T095100,AMD,Advanced Micro Devices,Jupiter Topco LLC Makes New Investment in Fastenal Company $FAST,MarketBeat,https://www.marketbeat.com/instant-alerts/filing-jupiter-topco-llc-makes-new-investment-in-fastenal-company-fast-2026-09-01/,"Jupiter Topco LLC recently acquired 127,984 shares of Fastenal Company, valued at approximately $6.15 million, as part of new institutional investments in the company. Fastenal reported matching its quarterly earnings expectations and saw revenue increase by 14.7% year-over-year, while also raising its quarterly dividend. Analyst sentiment for Fastenal is mixed, with a consensus ""Hold"" rating and an average price target of $49.17.",0.198084,Somewhat-Bullish,0.573013,0.250555,Somewhat-Bullish
20260901T095331,AMD,Advanced Micro Devices,"UBS AM a distinct business unit of UBS ASSET MANAGEMENT AMERICAS LLC Purchases 23,953 Shares of Lockheed Martin Corporation $LMT",MarketBeat,https://www.marketbeat.com/instant-alerts/filing-ubs-am-a-distinct-business-unit-of-ubs-asset-management-americas-llc-purchases-23953-shares-of-lockheed-martin-corporation-lmt-2026-09-01/,"UBS Asset Management Americas LLC increased its stake in Lockheed Martin Corporation by 5.7%, adding 23,953 shares to own a total of 442,917 shares valued at $225.6 million. Despite some analysts lowering price targets, Weiss Ratings upgraded the stock to ""Buy,"" and Lockheed Martin exceeded quarterly earnings expectations with $7.94 EPS and $20.06 billion in revenue. The company also declared a quarterly dividend of $3.45.",0.173905,Somewhat-Bullish,0.551535,0.067346,Neutral
20260901T095421,AMD,Advanced Micro Devices,"Sigma Planning Corp Purchases Shares of 13,966 Microchip Technology Incorporated $MCHP",MarketBeat,https://www.marketbeat.com/instant-alerts/filing-sigma-planning-corp-purchases-shares-of-13966-microchip-technology-incorporated-mchp-2026-09-01/,"Sigma Planning Corp recently acquired 13,966 shares of Microchip Technology Inc. (MCHP) valued at approximately $1.27 million in the second quarter. Microchip Technology reported strong financial results, with quarterly revenue of $1.48 billion and EPS of $0.76, surpassing analyst expectations. The company maintains a ""Moderate Buy"" consensus rating among analysts, with an average price target of $98.67, and has declared a quarterly dividend of $0.455 per share.",0.257526,Somewhat-Bullish,0.600274,0.115026,Neutral
20260901T095513,AMD,Advanced Micro Devices,"Man Group plc Purchases Shares of 21,021 Southern Copper Corporation $SCCO",MarketBeat,https://www.marketbeat.com/instant-alerts/filing-man-group-plc-purchases-shares-of-21021-southern-copper-corporation-scco-2026-09-01/,"Man Group plc has acquired 21,021 shares of Southern Copper Corporation, valued at approximately $3.66 million, making it a new institutional investor in the company. Southern Copper recently reported strong quarterly earnings, beating EPS expectations, and increased its quarterly dividend to $1.10 per share. Despite positive financial performance, analyst sentiment remains cautious, with an average ""Reduce"" rating for the stock.",0.185015,Somewhat-Bullish,0.606421,0.188983,Somewhat-Bullish
20260901T095521,AMD,Advanced Micro Devices,"3 AI ETFs With 70%+ Upside to Buy in September, According to Analysts",TipRanks,https://www.tipranks.com/news/3-ai-etfs-with-70-upside-to-buy-in-september-according-to-analysts,"This article highlights three AI-focused ETFs that analysts believe offer significant upside potential of over 70% in September. These ETFs are the Invesco NASDAQ Future Gen 200 ETF (QQQS), SPDR Galaxy Transformative Tech Accelerators ETF (TEKX), and Themes Generative Artificial Intelligence ETF (WISE). Each ETF provides exposure to different aspects of the AI sector, from small-cap innovators to foundational technology accelerators and generative AI applications, and all show strong analyst consensus ratings.",0.334296,Somewhat-Bullish,0.728812,0.337237,Somewhat-Bullish
20260901T095603,AMD,Advanced Micro Devices,"Oarsman Capital Inc. Decreases Stake in Tyler Technologies, Inc. $TYL",MarketBeat,https://www.marketbeat.com/instant-alerts/filing-oarsman-capital-inc-decreases-stake-in-tyler-technologies-inc-tyl-2026-09-01/,"Oarsman Capital Inc. significantly reduced its holdings in Tyler Technologies (NYSE:TYL) by 79.2% in the second quarter, selling 2,744 shares and retaining 721 shares valued at $211,000. Despite this, institutional investors collectively own 93.3% of the company, and analysts maintain a ""Moderate Buy"" rating with an average price target of $456.72. The company reported strong Q2 earnings, exceeding EPS estimates and showing an 8.2% year-over-year revenue increase, while also providing positive fiscal 2026 EPS guidance.",0.153264,Somewhat-Bullish,0.553251,0.225895,Somewhat-Bullish
20260901T095603,AMD,Advanced Micro Devices,"The Manufacturers Life Insurance Company Invests $6.08 Million in Tyler Technologies, Inc. $TYL",MarketBeat,https://www.marketbeat.com/instant-alerts/filing-the-manufacturers-life-insurance-company-invests-608-million-in-tyler-technologies-inc-tyl-2026-09-01/,"The Manufacturers Life Insurance Company has acquired a significant new stake of 20,796 shares in Tyler Technologies, valued at approximately $6.08 million, increasing institutional ownership to 93.3%. This investment comes as Tyler Technologies reports strong quarterly earnings, exceeding EPS expectations, despite a slight miss on revenue and some analyst price target reductions. The company maintains a ""Moderate Buy"" consensus rating from analysts, while COO Jeffrey David Puckett recently sold a substantial portion of his holdings.",0.097504,Neutral,0.543073,0.009696,Neutral
20260901T100547,AMD,Advanced Micro Devices,Mufg Securities Canada LTD. Increases Holdings in Canadian Natural Resources Limited $CNQ,MarketBeat,https://www.marketbeat.com/instant-alerts/filing-mufg-securities-canada-ltd-increases-holdings-in-canadian-natural-resources-limited-cnq-2026-09-01/,"MUFG Securities Canada LTD. significantly increased its stake in Canadian Natural Resources Limited (NYSE:CNQ) by 105.7% in the second quarter, now owning 6.35 million shares valued at $250.9 million. This makes Canadian Natural Resources the firm's fourth largest holding, representing 6.7% of its portfolio. Other institutional investors also adjusted their positions in CNQ, and analysts maintain a ""Moderate Buy"" rating with a consensus price target of $57.00.",0.342564,Somewhat-Bullish,0.630873,0.332483,Somewhat-Bullish
20260901T100552,AMD,Advanced Micro Devices,ResMed Inc. $RMD Stock Position Raised by Railway Pension Investments Ltd,MarketBeat,https://www.marketbeat.com/instant-alerts/filing-resmed-inc-rmd-stock-position-raised-by-railway-pension-investments-ltd-2026-09-01/,"Railway Pension Investments Ltd significantly increased its stake in ResMed Inc. (NYSE:RMD) by 406% in Q2, bringing its total holdings to $9.5 million. ResMed reported strong financial results, beating earnings expectations with $2.95 EPS and $1.46 billion in revenue, and increased its quarterly dividend. Despite these positive financial indicators, analysts hold a cautious ""Hold"" rating on the stock with an average price target of $240.31.",0.164932,Somewhat-Bullish,0.569600,0.126578,Neutral
20260901T100750,AMD,Advanced Micro Devices,Erste Group Bank Comments on Gilead Sciences FY2026 Earnings,MarketBeat,https://www.marketbeat.com/instant-alerts/estimates-erste-group-bank-comments-on-gilead-sciences-fy2026-earnings-2026-09-01/,"Erste Group Bank has adjusted its FY2026 earnings per share estimate for Gilead Sciences, projecting a loss of $0.45 per share, an improvement from their previous estimate of a $0.75 loss. This revised forecast comes after Gilead Sciences reported quarterly results that surpassed expectations, with an adjusted loss of $6.75 per share against a $7.25 consensus estimate and revenue growth of 10.6% year-over-year. Analyst sentiment for GILD remains largely positive, holding a ""Moderate Buy"" consensus rating and an average price target of $158.04, with the company also declaring a quarterly dividend of $0.82 per share.",0.347164,Somewhat-Bullish,0.603558,0.226270,Somewhat-Bullish
20260901T100750,AMD,Advanced Micro Devices,"Railway Pension Investments Ltd Sells 7,769 Shares of Gilead Sciences, Inc. $GILD",MarketBeat,https://www.marketbeat.com/instant-alerts/filing-railway-pension-investments-ltd-sells-7769-shares-of-gilead-sciences-inc-gild-2026-09-01/,"Railway Pension Investments Ltd reduced its stake in Gilead Sciences by 7,769 shares, now holding 1.30 million shares valued at $163.7 million. Despite some analyst target reductions, the company maintains a ""Moderate Buy"" consensus rating with an average price target of $158.04. Gilead Sciences reported quarterly revenue of $7.80 billion, surpassing estimates, and declared a quarterly dividend of $0.82 per share.",0.126418,Neutral,0.602256,0.103299,Neutral
20260901T101114,AMD,Advanced Micro Devices,"5,859 Shares in Valero Energy Corporation $VLO Purchased by Quantitative Investment Management LLC",MarketBeat,https://www.marketbeat.com/instant-alerts/filing-5859-shares-in-valero-energy-corporation-vlo-purchased-by-quantitative-investment-management-llc-2026-09-01/,"Quantitative Investment Management LLC acquired 5,859 shares of Valero Energy Corporation, valued at approximately $1.525 million, during the second quarter. Other institutional investors like Norges Bank and Bank of America Corp DE also significantly increased their holdings. Valero Energy reported strong Q2 earnings, beating analyst estimates with an EPS of $12.54 and a 48.8% year-over-year revenue increase, and maintains a ""Moderate Buy"" consensus rating from analysts.",0.278388,Somewhat-Bullish,0.531077,0.159259,Somewhat-Bullish
20260901T101314,AMD,Advanced Micro Devices,"MSC Income Fund (NYSE:MSIF) Given Consensus Recommendation of ""Moderate Buy"" by Brokerages",MarketBeat,https://www.marketbeat.com/instant-alerts/consensus-msc-income-fund-nyse-msif-given-consensus-recommendation-of-moderate-buy-by-brokerages-2026-09-01/,"MSC Income Fund (NYSE:MSIF) has received a consensus ""Moderate Buy"" rating from six analysts, with an average 12-month price target of $14.13. Recent insider transactions show increased buying, while institutional investors have also expanded their holdings. Despite missing EPS estimates at $0.33, MSC Income Fund exceeded revenue expectations with $54.66 million and announced a special dividend of $0.03.",0.28105,Somewhat-Bullish,0.579497,0.302705,Somewhat-Bullish
20260901T102204,AMD,Advanced Micro Devices,"705,361 Shares in Forgent Power Solutions, Inc. $FPS Acquired by Spyglass Capital Management LLC",MarketBeat,https://www.marketbeat.com/instant-alerts/filing-705361-shares-in-forgent-power-solutions-inc-fps-acquired-by-spyglass-capital-management-llc-2026-09-01/,"Spyglass Capital Management LLC acquired 705,361 shares of Forgent Power Solutions, Inc. (NYSE:FPS) in the second quarter, valuing their new position at approximately $39.4 million. This acquisition makes FPS the 25th largest holding for Spyglass Capital Management, representing 2.1% of their portfolio. Other institutional investors also initiated new positions in FPS, and analysts currently maintain a ""Moderate Buy"" rating for the stock with an average target price of $56.75.",0.083403,Neutral,0.553089,0.231506,Somewhat-Bullish
20260901T102234,AMD,Advanced Micro Devices,"Maple Rock Capital Partners Inc. Reduces Position in JD.com, Inc. $JD",MarketBeat,https://www.marketbeat.com/instant-alerts/filing-maple-rock-capital-partners-inc-reduces-position-in-jdcom-inc-jd-2026-09-01/,"Maple Rock Capital Partners Inc. reduced its stake in JD.com (NASDAQ:JD) by 11.8% in the second quarter of 2026, selling 355,720 shares but still holding 2.67 million shares valued at $68 million. Despite this reduction, JD.com remains a significant part of the fund's portfolio, and institutional investors collectively own 15.98% of the stock. JD.com recently surpassed earnings and revenue expectations, though its revenue declined year-over-year, and analysts generally maintain a ""Moderate Buy"" rating with an average price target of $35.83.",0.1476,Neutral,0.596947,0.255264,Somewhat-Bullish
20260901T102459,AMD,Advanced Micro Devices,"Montanova Capital LLC Has $19.69 Million Position in Whitehawk Therapeutics, Inc. $WHWK",MarketBeat,https://www.marketbeat.com/instant-alerts/filing-montanova-capital-llc-has-1969-million-position-in-whitehawk-therapeutics-inc-whwk-2026-09-01/,"Montanova Capital LLC significantly increased its stake in Whitehawk Therapeutics (NASDAQ:WHWK) by 16.2% in the second quarter, bringing its total holdings to 4.3 million shares valued at $19.69 million. This investment now represents 7.54% of the company, with institutional ownership standing at 52.08%. The company has a ""Moderate Buy"" consensus rating from analysts with an average price target of $8.20, and recently beat quarterly EPS estimates.",0.286917,Somewhat-Bullish,0.589191,0.136372,Neutral
20260901T102740,AMD,Advanced Micro Devices,Montanova Capital LLC Lowers Stock Position in Bank of America Corporation $BAC,MarketBeat,https://www.marketbeat.com/instant-alerts/filing-montanova-capital-llc-lowers-stock-position-in-bank-of-america-corporation-bac-2026-09-01/,"Montanova Capital LLC significantly reduced its stake in Bank of America (BAC) by 39% in the second quarter, selling over 500,000 shares but still retaining a substantial holding valued at approximately $45 million. This move comes as Bank of America reported strong quarterly earnings, surpassing analyst expectations, and increased its quarterly dividend. The article also details other institutional investor activity, stock performance, and recent analyst ratings for Bank of America.",0.320431,Somewhat-Bullish,0.588568,0.353916,Bullish
20260901T102925,AMD,Advanced Micro Devices,"9,309 Shares in Blackstone Inc. $BX Purchased by Renasant Bank",MarketBeat,https://www.marketbeat.com/instant-alerts/filing-9309-shares-in-blackstone-inc-bx-purchased-by-renasant-bank-2026-09-01/,"Renasant Bank recently acquired 9,309 shares of Blackstone Inc. (NYSE:BX) valued at approximately $1.095 million during the second quarter. This purchase contributes to the roughly 70% institutional ownership of Blackstone's stock. The asset manager maintains a ""Moderate Buy"" consensus rating from analysts with an average price target of $149.43, following strong quarterly results that included increased earnings and a higher quarterly dividend.",0.233613,Somewhat-Bullish,0.554729,0.226692,Somewhat-Bullish
20260901T103157,AMD,Advanced Micro Devices,"With VCF 9 'bedrock' in place, Broadcom fleshes out private AI",TechTarget,https://www.techtarget.com/it-infrastructure/news/366649622/With-VCF-9-bedrock-in-place-Broadcom-fleshes-out-private-AI,"Broadcom is expanding its private AI offerings for VMware Cloud Foundation (VCF) customers, building on the established VCF 9. The company is introducing new private cloud AI services, including multi-tenant model sharing and an ""AI factory"" that aims to provide a ""metal to model"" solution. These updates, revealed at the VMware Explore conference, are designed to encourage VCF users to deepen their engagement with the platform for AI workloads, with initial hardware partnerships including AMD.",0.186399,Somewhat-Bullish,0.737427,0.271361,Somewhat-Bullish
20260901T103642,AMD,Advanced Micro Devices,Devon Energy Corporation $DVN Shares Acquired by Keeler Thomas Management LLC,MarketBeat,https://www.marketbeat.com/instant-alerts/filing-devon-energy-corporation-dvn-shares-acquired-by-keeler-thomas-management-llc-2026-09-01/,"Keeler Thomas Management LLC significantly increased its stake in Devon Energy (DVN) by 365% in the second quarter, acquiring 95,028 additional shares, bringing its total to 121,064 shares valued at $5 million. This comes as Devon Energy reported strong quarterly results, exceeding EPS and revenue estimates, and declared a dividend of $0.32 per share. Despite an insider selling 18,000 shares, analysts maintain a ""Moderate Buy"" consensus rating with an average price target of $59.23.",0.074707,Neutral,0.612187,0.143712,Neutral
20260901T104238,AMD,Advanced Micro Devices,Susquehanna Fundamental Investments LLC Cuts Holdings in CCC Intelligent Solutions Holdings Inc. Common Stock $CCC,MarketBeat,https://www.marketbeat.com/instant-alerts/filing-susquehanna-fundamental-investments-llc-cuts-holdings-in-ccc-intelligent-solutions-holdings-inc-common-stock-ccc-2026-09-01/,"Susquehanna Fundamental Investments LLC significantly reduced its stake in CCC Intelligent Solutions Holdings Inc. Common Stock by 47.4% in the second quarter of 2026, selling over 900,000 shares but retaining over 1 million shares valued at $5.2 million. Despite this, other institutional investors increased their holdings, with the company reporting strong quarterly earnings that surpassed analyst estimates. CCC Intelligent Solutions maintains a ""Hold"" rating from analysts with an average price target of $9.12.",0.139957,Neutral,0.574435,0.108757,Neutral
20260901T104402,AMD,Advanced Micro Devices,"Maple Rock Capital Partners Inc. Raises Stock Holdings in Rocket Companies, Inc. $RKT",MarketBeat,https://www.marketbeat.com/instant-alerts/filing-maple-rock-capital-partners-inc-raises-stock-holdings-in-rocket-companies-inc-rkt-2026-09-01/,"Maple Rock Capital Partners Inc. significantly increased its stake in Rocket Companies, Inc. by 76.9% in the second quarter, purchasing an additional 2.41 million shares and bringing its total holdings to 5.54 million shares valued at $87.3 million. Despite a ""Moderate Buy"" consensus rating from analysts and a target price of $19.87, Rocket Companies' shares opened lower at $13.39, with recent earnings meeting EPS expectations but revenue falling slightly short. The company, known for its digital mortgage platform, still faces mortgage market risks.",0.199858,Somewhat-Bullish,0.604316,0.307132,Somewhat-Bullish
20260901T104809,AMD,Advanced Micro Devices,"Railway Pension Investments Ltd Acquires 100,176 Shares of Tapestry, Inc. $TPR",MarketBeat,https://www.marketbeat.com/instant-alerts/filing-railway-pension-investments-ltd-acquires-100176-shares-of-tapestry-inc-tpr-2026-09-01/,"Railway Pension Investments Ltd significantly increased its stake in Tapestry, Inc. (NYSE:TPR) by 39.1% in the second quarter, adding over 100,000 shares to own a total of 356,576 shares valued at $52.2 million. The luxury accessories retailer, which owns Coach, Kate Spade, and Stuart Weitzman, has seen strong institutional ownership (90.77%), positive analyst ratings averaging a ""Moderate Buy,"" and recently exceeded earnings expectations. Tapestry also raised its quarterly dividend from $0.40 to $0.4625 per share.",0.230794,Somewhat-Bullish,0.521320,0.257647,Somewhat-Bullish
20260901T105032,AMD,Advanced Micro Devices,Maple Rock Capital Partners Inc. Acquires New Shares in Rxo Inc $RXO,MarketBeat,https://www.marketbeat.com/instant-alerts/filing-maple-rock-capital-partners-inc-acquires-new-shares-in-rxo-inc-rxo-2026-09-01/,"Maple Rock Capital Partners Inc. recently acquired over 2.58 million shares of RXO Inc. (NYSE:RXO) during the second quarter, making it their 22nd largest holding and representing a 1.57% stake in the company. This acquisition aligns with high institutional ownership of RXO, which stands at 92.73%, with several other firms also increasing their positions. RXO has surpassed recent quarterly earnings expectations, reporting $0.06 EPS against a $0.04 consensus and $1.77 billion in revenue, a 25% year-over-year increase.",0.153027,Somewhat-Bullish,0.614833,0.144959,Neutral
20260901T105138,AMD,Advanced Micro Devices,"Railway Pension Investments Ltd Has $37.86 Million Holdings in F5, Inc. $FFIV",MarketBeat,https://www.marketbeat.com/instant-alerts/filing-railway-pension-investments-ltd-has-3786-million-holdings-in-f5-inc-ffiv-2026-09-01/,"Railway Pension Investments Ltd significantly increased its stake in F5, Inc. (NASDAQ:FFIV) by 245.7% in the second quarter, now holding 91,010 shares valued at $37.86 million. Institutional investors collectively own 90.66% of F5, which recently reported strong quarterly results, beating EPS and revenue estimates. Despite mixed analyst sentiment, the company has a ""Hold"" consensus rating with an average target price of $416.62.",0.165641,Somewhat-Bullish,0.566882,0.140090,Neutral
20260901T105518,AMD,Advanced Micro Devices,"Spyglass Capital Management LLC Boosts Holdings in Chime Financial, Inc. $CHYM",MarketBeat,https://www.marketbeat.com/instant-alerts/filing-spyglass-capital-management-llc-boosts-holdings-in-chime-financial-inc-chym-2026-09-01/,"Spyglass Capital Management LLC significantly increased its stake in Chime Financial, Inc. (NASDAQ:CHYM) by 162.6% in the second quarter, now holding 3.41 million shares valued at approximately $69.8 million. This makes Chime Financial the 13th biggest holding in Spyglass Capital Management's portfolio. Despite this institutional buying and generally positive analyst ratings with a ""Moderate Buy"" consensus, company insiders have recently sold a substantial amount of shares.",0.118888,Neutral,0.561724,0.091386,Neutral
20260901T115039,AMD,Advanced Micro Devices,Palantir Vs. Intel: Choose One for The Rest of 2026,24/7 Wall St.,https://247wallst.com/investing/2026/09/01/palantir-vs-intel-choose-one-for-the-rest-of-2026-2/,"This article compares Palantir Technologies (PLTR) and Intel Corporation (INTC), analyzing their Q2 2026 performances and future prospects. While Palantir exhibited strong software growth and sovereign AI adoption, its high valuation presents a significant risk. Intel, despite foundry losses, is undergoing a substantial turnaround backed by NVIDIA's investment and CHIPS Act support, making it a potentially safer bet for the remainder of 2026.",0.078062,Neutral,0.599560,-0.097116,Neutral
20260901T130825,AMD,Advanced Micro Devices,"Zacks Investment Ideas feature highlights: Dell, Nvidia, Hewlett Packard, Super Micro Computer and Lenovo",Yahoo Finance,https://finance.yahoo.com/markets/stocks/articles/zacks-investment-ideas-feature-highlights-125800574.html,"This article highlights Dell Technologies, Nvidia, Hewlett Packard Enterprise, Super Micro Computer, and Lenovo Group as key players in the AI infrastructure market. It focuses on Dell's strong performance and high expectations for its Q2 earnings, driven by surging AI server demand and upward revisions in analyst earnings estimates. Despite intense competition, Dell's expanding AI ecosystem and partnerships with Nvidia and AMD position it as a strong contender in the sector.",0.313867,Somewhat-Bullish,0.709432,0.286133,Somewhat-Bullish
20260901T133037,AMD,Advanced Micro Devices,"Public Employees Retirement System of Ohio Acquires Shares of 55,178 Advanced Drainage Systems, Inc. $WMS",MarketBeat,https://www.marketbeat.com/instant-alerts/filing-public-employees-retirement-system-of-ohio-acquires-shares-of-55178-advanced-drainage-systems-inc-wms-2026-09-01/,"The Public Employees Retirement System of Ohio has acquired 55,178 shares of Advanced Drainage Systems, Inc. (NYSE:WMS) valued at approximately $8.66 million, representing a 0.07% stake in the company. Advanced Drainage Systems reported strong quarterly earnings, beating analyst expectations with $2.49 EPS and $1 billion in revenue, a 20.6% increase year-over-year. Analysts maintain a ""Moderate Buy"" rating for WMS, with an average price target of $188.70, and the company recently declared a quarterly dividend of $0.20 per share.",0.187571,Somewhat-Bullish,0.551080,0.144679,Neutral
20260901T134500,AMD,Advanced Micro Devices,"Semiconductor Stocks Slide as Global Bond Selloff Lifts Yields: Intel Drops 3%, NVIDIA and AMD Slip",Yahoo Finance,https://finance.yahoo.com/markets/stocks/articles/semiconductor-stocks-slide-global-bond-131516395.html,"Semiconductor stocks, including Intel, AMD, and NVIDIA, experienced a slide due to a global bond selloff driving long-term yields higher. The 10-year Treasury note yield hit 4.8%, impacting the valuation of growth stocks, particularly those with high multiples tied to future cash flows. Rising oil prices and concerns over the Strait of Hormuz closure are also contributing to the macroeconomic pressure on these stocks.",-0.256389,Somewhat-Bearish,0.853754,-0.264913,Somewhat-Bearish
20260901T152127,AMD,Advanced Micro Devices,"Jupiter Topco LLC Buys New Position in Republic Services, Inc. $RSG",MarketBeat,https://www.marketbeat.com/instant-alerts/filing-jupiter-topco-llc-buys-new-position-in-republic-services-inc-rsg-2026-09-01/,"Jupiter Topco LLC acquired a new position in Republic Services, Inc. (NYSE:RSG) during the second quarter, purchasing 23,854 shares valued at approximately $5.1 million. This move is part of broader institutional interest, with insiders also making significant purchases. Analysts maintain a ""Moderate Buy"" rating for Republic Services, which recently exceeded earnings and revenue expectations and increased its quarterly dividend.",0.191613,Somewhat-Bullish,0.643034,0.241494,Somewhat-Bullish
20260901T153057,AMD,Advanced Micro Devices,AMD vs. Alphabet: One Stock Could Be the Surprise AI Winner,24/7 Wall St.,https://247wallst.com/investing/2026/09/01/amd-vs-alphabet-one-stock-could-be-the-surprise-ai-winner/,"This article compares AMD and Alphabet as AI investment opportunities, highlighting AMD's surge in data center revenue and its high valuation against Alphabet's strong cloud growth and more modest valuation. The author leans towards Alphabet as a ""surprise AI winner"" due to its diversified AI monetization, massive cloud backlog, and lower price-to-earnings ratio compared to AMD's concentrated hardware business and elevated valuation.",0.232191,Somewhat-Bullish,0.885218,0.221060,Somewhat-Bullish
20260901T153532,AMD,Advanced Micro Devices,"Quantitative Investment Management LLC Buys Shares of 9,955 Applied Optoelectronics, Inc. $AAOI",MarketBeat,https://www.marketbeat.com/instant-alerts/filing-quantitative-investment-management-llc-buys-shares-of-9955-applied-optoelectronics-inc-aaoi-2026-09-01/,"Quantitative Investment Management LLC has acquired 9,955 shares of Applied Optoelectronics, Inc. (AAOI) in the second quarter, valued at approximately $1.47 million. This purchase is part of a broader trend of institutional investment, with such entities collectively owning 61.7% of the company. Despite mixed analyst sentiment, the company reported strong Q2 2026 financial results, with revenue up 86.3% year-over-year and EPS exceeding estimates.",0.085262,Neutral,0.636192,0.117943,Neutral
20260901T154018,AMD,Advanced Micro Devices,The Manufacturers Life Insurance Company Invests $4.38 Million in Associated Banc-Corp $ASB,MarketBeat,https://www.marketbeat.com/instant-alerts/filing-the-manufacturers-life-insurance-company-invests-438-million-in-associated-banc-corp-asb-2026-09-01/,"The Manufacturers Life Insurance Company recently invested $4.38 million in Associated Banc-Corp (NYSE:ASB), acquiring 142,221 shares. Institutional investors collectively own 82.98% of the stock, while analysts maintain a ""Moderate Buy"" rating with an average price target of $32.00. The company also reported exceeding quarterly earnings expectations and declared a quarterly dividend of $0.24 per share.",0.13794,Neutral,0.573991,0.239707,Somewhat-Bullish
20260901T160348,AMD,Advanced Micro Devices,"Quantitative Investment Management LLC Decreases Position in Synopsys, Inc. $SNPS",MarketBeat,https://www.marketbeat.com/instant-alerts/filing-quantitative-investment-management-llc-decreases-position-in-synopsys-inc-snps-2026-09-01/,"Quantitative Investment Management LLC significantly reduced its stake in Synopsys, Inc. by 58.6% in the second quarter, selling over 6,000 shares but still holding 4,251 shares valued at $1.9 million. This move comes as other institutional investors have acquired significant new positions in Synopsys, which has also seen insider selling despite beating earnings expectations. The company maintains a ""Moderate Buy"" consensus rating among analysts, with a target price of $561.28.",0.232242,Somewhat-Bullish,0.634151,0.324421,Somewhat-Bullish
20260901T162152,AMD,Advanced Micro Devices,Prediction: Microsoft Stock Will Double on This Date,24/7 Wall St.,https://247wallst.com/investing/2026/09/01/prediction-microsoft-stock-will-double-on-this-date/,"Microsoft's stock has shown minimal movement despite record revenues and consistent earnings beats, prompting speculation about its future. The article suggests that Microsoft's stock could double to $1,000 by August 2031 if Azure maintains 30%+ growth, Copilot scales significantly, and capital expenditure intensity normalizes. High capex in AI infrastructure is currently impacting free cash flow, but the long-term outlook remains bullish for the company.",0.263559,Somewhat-Bullish,0.646435,0.144827,Neutral
20260901T162807,AMD,Advanced Micro Devices,Kodiak AI (NASDAQ:KDK) Sets New 12-Month Low - What's Next?,MarketBeat,https://www.marketbeat.com/instant-alerts/price-kodiak-ai-nasdaq-kdk-sets-new-12-month-low-whats-next-2026-09-01/,"Kodiak AI (NASDAQ:KDK) recently hit a new 52-week low of $3.65 after reporting a significant quarterly loss of $0.50 per share, missing analyst expectations. Despite the poor financial performance, analysts maintain a ""Moderate Buy"" rating with an average price target of $12.00, and institutional investors hold nearly 73% of the stock. The company's market cap stands at $723.23 million, with a P/E ratio of -0.77.",-0.25779,Somewhat-Bearish,0.621916,0.346510,Somewhat-Bullish
20260901T164154,AMD,Advanced Micro Devices,"Maple Rock Capital Partners Inc. Lowers Stock Holdings in Academy Sports and Outdoors, Inc. $ASO",MarketBeat,https://www.marketbeat.com/instant-alerts/filing-maple-rock-capital-partners-inc-lowers-stock-holdings-in-academy-sports-and-outdoors-inc-aso-2026-09-01/,"Maple Rock Capital Partners Inc. decreased its stake in Academy Sports and Outdoors (NASDAQ:ASO) by 30.2% in the second quarter, selling 253,600 shares and retaining 586,400 shares valued at approximately $27.6 million. Despite some recent positive analyst coverage like Stephens initiating an ""Overweight"" rating, the overall consensus among analysts remains a ""Hold"" with an average target price of $58.07. Academy Sports and Outdoors reported strong quarterly earnings with $0.93 EPS and a 6.7% revenue increase year-over-year, alongside a declared quarterly dividend of $0.15.",0.092919,Neutral,0.590659,0.128561,Neutral
20260901T165716,AMD,Advanced Micro Devices,"20,847 Shares in Columbia Sportswear Company $COLM Purchased by Hsbc Holdings PLC",MarketBeat,https://www.marketbeat.com/instant-alerts/filing-20847-shares-in-columbia-sportswear-company-colm-purchased-by-hsbc-holdings-plc-2026-09-01/,"HSBC Holdings PLC recently acquired 20,847 shares of Columbia Sportswear Company (NASDAQ:COLM) worth approximately $1.28 million, as disclosed in its latest 13F filing. Several other institutional investors also increased their stakes, bringing institutional ownership to 47.76%. Columbia Sportswear reported strong quarterly results, surpassing analyst expectations with revenues of $614.36 million and adjusted earnings of $0.52 per share, and declared a quarterly dividend of $0.30 per share.",0.140979,Neutral,0.579259,0.125886,Neutral
20260901T171315,AMD,Advanced Micro Devices,Have Texas Instruments Insiders Been Selling Stock?,Simply Wall Street,https://simplywall.st/stocks/us/semiconductors/nasdaq-txn/texas-instruments/news/have-texas-instruments-insiders-been-selling-stock-1,"A recent analysis of Texas Instruments (NASDAQ:TXN) insider transactions reveals significant selling activity, with insider Tsedeniya Abraham selling US$1.5m worth of stock and Independent Director Mark Blinn selling US$4.2m over the last year. Despite these sales, the company's profitability and growth are noted, along with a 0.1% insider ownership, suggesting some alignment with shareholder interests. The report concludes that while insider selling isn't ideal, the current price sales are not a major concern, though no insider buying has occurred recently.",0.041489,Neutral,0.629309,0.149765,Neutral
20260901T172716,AMD,Advanced Micro Devices,Legal & General Group Plc Invests $11.84 Million in Diodes Incorporated $DIOD,MarketBeat,https://www.marketbeat.com/instant-alerts/filing-legal-general-group-plc-invests-1184-million-in-diodes-incorporated-diod-2026-09-01/,"Legal & General Group Plc has invested $11.84 million in Diodes Incorporated, acquiring 108,160 shares, making them a significant institutional holder in the semiconductor company. This investment comes as Diodes Incorporated has exceeded quarterly earnings expectations and maintains a ""Buy"" rating from analysts, with a consensus price target of $135. Institutional investors and hedge funds collectively own 99.23% of Diodes Incorporated, highlighting strong institutional confidence.",0.219044,Somewhat-Bullish,0.605562,0.206328,Somewhat-Bullish
20260901T193216,AMD,Advanced Micro Devices,"Jupiter Topco LLC Invests $5.69 Million in FormFactor, Inc. $FORM",MarketBeat,https://www.marketbeat.com/instant-alerts/filing-jupiter-topco-llc-invests-569-million-in-formfactor-inc-form-2026-09-01/,"Jupiter Topco LLC has invested $5.69 million in FormFactor, Inc. (NASDAQ:FORM) by acquiring 35,569 shares in the second quarter. FormFactor, a semiconductor test and measurement solution provider, reported strong Q2 earnings with EPS of $0.82 and revenue of $258.24 million, surpassing analyst expectations. The company maintains a ""Moderate Buy"" consensus rating from analysts, with institutional investors holding a significant 98.76% of its stock.",0.253558,Somewhat-Bullish,0.602158,0.237146,Somewhat-Bullish
20260901T195137,AMD,Advanced Micro Devices,"Micron Technology Stock Price Predicted to Exceed $2,000",Intellectia AI,https://intellectia.ai/news/stock/micron-technology-stock-price-predicted-to-exceed-2000,"Micron Technology is projected to see its stock price exceed $2,000 by 2027 due to a 346% year-over-year revenue increase, strong demand for its memory chips driven by AI market growth from companies like Amazon and Alphabet, and its dominant market position amid supply shortages. The company's optimistic future outlook includes projected revenue of $50 billion next quarter and $250 billion annually by 2027, potentially leading to a market cap over $2 trillion. Analyst ratings are mixed, with some firms lowering price targets due to broader semiconductor compression while others initiate coverage with Outperform ratings citing a prolonged memory supercycle.",0.598237,Bullish,0.630217,0.532682,Bullish
20260901T203624,AMD,Advanced Micro Devices,"NIKE's (NKE) ""Sell"" Rating Reiterated at JPMorgan Chase & Co.",MarketBeat,https://www.marketbeat.com/instant-alerts/analyst-nikes-nke-sell-rating-reiterated-at-jpmorgan-chase-co-2026-09-01/,"JPMorgan Chase & Co. has reiterated its ""Sell"" rating on NIKE (NKE), citing concerns over earnings estimates, weaker conditions in China, and increasing competition. Despite NIKE exceeding quarterly earnings and revenue expectations, sales still declined year-over-year, and the stock is trading near its one-year low. Analysts generally maintain a ""Hold"" rating with an average price target of $52.94, but JPMorgan highlights potential downside risks.",-0.178311,Somewhat-Bearish,0.590832,0.244762,Somewhat-Bullish
20260901T213324,AMD,Advanced Micro Devices,"Holly Barbacovi Sells 5,057 Shares of Hasbro (NASDAQ:HAS) Stock",MarketBeat,https://www.marketbeat.com/instant-alerts/insider-holly-barbacovi-sells-5057-shares-of-hasbro-nasdaq-has-stock-2026-09-01/,"Hasbro insider Holly Barbacovi sold 5,057 shares of the company's stock, valued at $476,369.40, reducing her ownership by nearly 12%. This transaction follows Hasbro's recent quarterly earnings beat, where the company reported $1.28 EPS and $1.14 billion in revenue, surpassing analyst expectations. Despite the insider sale, analysts maintain a ""Moderate Buy"" rating for Hasbro, with an average price target of $109.43, and institutional investors have significantly increased their holdings.",0.153236,Somewhat-Bullish,0.617432,0.127897,Neutral
20260901T220946,AMD,Advanced Micro Devices,"Broadcom's earnings loom, but this reveal came first",Yahoo Finance Singapore,https://sg.finance.yahoo.com/news/broadcoms-earnings-loom-reveal-came-223300372.html,"Broadcom unveiled its VMware Private AI Cloud and AgentMinder platforms two days before its fiscal third-quarter earnings report. These new offerings focus on enabling companies to run AI inference and manage autonomous AI agents within their own private data centers, rather than relying solely on public cloud providers. This strategy diversifies Broadcom's AI revenue streams beyond its large custom AI chip financing deals, targeting a broader enterprise market focused on compliance and control.",0.218759,Somewhat-Bullish,0.611376,0.104173,Neutral
20260901T223635,AMD,Advanced Micro Devices,JinkoSolar (NYSE:JKS) Reaches New 1-Year Low - Should You Sell?,MarketBeat,https://www.marketbeat.com/instant-alerts/price-jinkosolar-nyse-jks-reaches-new-1-year-low-should-you-sell-2026-09-01/,"JinkoSolar (NYSE:JKS) has fallen to a new 52-week low of $12.56, with its shares trading well below key moving averages. This drop follows a significant quarterly loss of $2.53 per share against an expected $0.75 loss, and revenue that missed estimates. Analyst sentiment has weakened, leading to price target cuts and downgrades, with the stock now holding a consensus ""Hold"" rating.",-0.198076,Somewhat-Bearish,0.580410,0.147021,Neutral
20260901T233735,AMD,Advanced Micro Devices,"Jupiter Topco LLC Purchases New Shares in Kulicke and Soffa Industries, Inc. $KLIC",MarketBeat,https://www.marketbeat.com/instant-alerts/filing-jupiter-topco-llc-purchases-new-shares-in-kulicke-and-soffa-industries-inc-klic-2026-09-01/,"Jupiter Topco LLC recently acquired 39,261 shares of Kulicke and Soffa Industries (NASDAQ:KLIC) worth approximately $5.25 million, as other institutional investors also increased their holdings. The company reported strong financial results, surpassing revenue and EPS estimates, and announced a quarterly dividend. Despite some insider selling, analysts maintain a ""Moderate Buy"" rating for the semiconductor company.",0.265908,Somewhat-Bullish,0.573585,0.225842,Somewhat-Bullish
20260902T003243,AMD,Advanced Micro Devices,"Legal & General Group Plc Makes New $11.30 Million Investment in LTC Properties, Inc. $LTC",MarketBeat,https://www.marketbeat.com/instant-alerts/filing-legal-general-group-plc-makes-new-1130-million-investment-in-ltc-properties-inc-ltc-2026-09-01/,"Legal & General Group Plc has made a significant new investment of $11.30 million in LTC Properties, Inc., acquiring 293,882 shares and a 0.55% stake in the healthcare REIT. This move comes as institutional investors already hold a substantial 69.25% of the company. Analysts maintain a positive outlook for LTC Properties, with a consensus ""Moderate Buy"" rating and recent price target upgrades from firms like Deutsche Bank.",0.196732,Somewhat-Bullish,0.522065,0.282892,Somewhat-Bullish
20260902T034153,AMD,Advanced Micro Devices,AI factory automation brings production AI to private cloud,SiliconANGLE,https://siliconangle.com/2026/09/01/ai-factory-automation-brings-production-private-cloud-vmwareexplore/,"Enterprises are struggling to move AI from pilot projects to production due to infrastructure complexities, cost, and data privacy concerns, leading many to deploy AI workloads in private cloud data centers. Broadcom, in partnership with AMD, is offering turnkey automation through VMware Cloud Foundation to simplify this transition, providing a flexible and automated path for deploying AI models alongside existing applications. The solution emphasizes operational automation and hardware flexibility, with AMD offering various accelerators for different model scales.",0.197009,Somewhat-Bullish,0.888995,0.253121,Somewhat-Bullish
20260902T050034,AMD,Advanced Micro Devices,Archer Aviation's Chief Strategy Officer Dumped 54% of His Direct Holdings in August,The Motley Fool,https://www.fool.com/coverage/filings/2026/09/03/archer-aviation-s-chief-strategy-officer-dumped-54-of-his-direct-holdings-in-august/,"Archer Aviation's Chief Strategy Officer, Eric Lentell, sold 100,000 shares of Class A Common Stock on August 20, 2026, representing 54% of his direct holdings, for $631,000. This transaction was part of a pre-planned Rule 10b5-1 trading plan. Despite the sale, Lentell retains a significant equity stake through direct shares and restricted stock units, aligning his interests with shareholders.",-0.153486,Somewhat-Bearish,0.602657,-0.129919,Neutral
20260902T054101,AMD,Advanced Micro Devices,Navitas Delivers Latest Gen 5 GaNFast™ Manufactured in the U.S. Through GlobalFoundries Partnership to Accelerate AI Infrastructure,Yahoo Finance,https://finance.yahoo.com/technology/ai/articles/navitas-delivers-latest-gen-5-120500115.html,"Navitas Semiconductor announced the first shipments of its U.S.-manufactured 5th Generation GaNFast™ technology, developed in partnership with GlobalFoundries (GF), will begin in September 2026. This collaboration aims to strengthen the domestic GaN ecosystem for AI infrastructure, performance computing, industrial electrification, and national security applications. The partnership leverages Navitas' GaNFast technology and GF's 200mm GaN-on-Si manufacturing facility in Vermont, ensuring a trusted U.S.-based supply of advanced GaN power semiconductors.",0.295858,Somewhat-Bullish,0.605805,0.247328,Somewhat-Bullish
20260902T062656,AMD,Advanced Micro Devices,"Jupiter Topco LLC Buys Shares of 73,657 Sun Life Financial Inc. $SLF",MarketBeat,https://www.marketbeat.com/instant-alerts/filing-jupiter-topco-llc-buys-shares-of-73657-sun-life-financial-inc-slf-2026-09-01/,"Jupiter Topco LLC recently acquired 73,657 shares of Sun Life Financial Inc. (NYSE:SLF) during the second quarter, a new position valued at approximately $5.77 million. Other institutional investors have also adjusted their holdings in the financial services provider. Sun Life Financial reported strong quarterly earnings of $1.46 per share, exceeding analyst expectations, and has a consensus ""Moderate Buy"" rating with an average price target of $96.33.",0.20929,Somewhat-Bullish,0.586333,0.138773,Neutral
20260902T070317,AMD,Advanced Micro Devices,"Bank of New York Mellon Corp Acquires Shares of 9,269,877 International Business Machines Corporation $IBM",MarketBeat,https://www.marketbeat.com/instant-alerts/filing-bank-of-new-york-mellon-corp-acquires-shares-of-9269877-international-business-machines-corporation-ibm-2026-09-02/,"Bank of New York Mellon Corp recently acquired a substantial new position in International Business Machines (IBM), purchasing over 9.2 million shares valued at approximately $2.61 billion, representing about 0.98% of the company. This acquisition comes as institutional investors collectively own 58.96% of IBM. The article also details IBM's recent financial performance, analyst ratings, and various market sentiments ranging from positive news regarding quantum computing advancements to negative concerns about AI disruption and a revenue miss.",0.187416,Somewhat-Bullish,0.649135,0.290050,Somewhat-Bullish
20260902T071043,AMD,Advanced Micro Devices,Forthright Family Wealth Advisory LLC Increases Stock Position in NVIDIA Corporation $NVDA,MarketBeat,https://www.marketbeat.com/instant-alerts/filing-forthright-family-wealth-advisory-llc-increases-stock-position-in-nvidia-corporation-nvda-2026-09-02/,"Forthright Family Wealth Advisory LLC significantly increased its stake in NVIDIA Corporation by 790.5% in the second quarter, now holding 2,627 shares valued at $526,000. Institutional investors collectively own 65.27% of NVIDIA, which recently reported strong quarterly revenue and earnings, exceeding analyst expectations. Despite a bullish outlook, the company faces potential risks from higher supply costs, infrastructure bottlenecks, and macroeconomic pressures on technology stocks.",0.104492,Neutral,0.619209,0.108612,Neutral
20260902T071220,AMD,Advanced Micro Devices,"DuPont de Nemours, Inc. $DD Shares Sold by Ballast Inc.",MarketBeat,https://www.marketbeat.com/instant-alerts/filing-dupont-de-nemours-inc-dd-shares-sold-by-ballast-inc-2026-09-02/,"Ballast Inc. reduced its stake in DuPont de Nemours (NYSE:DD) by 55.9% in the second quarter, selling 15,628 shares and retaining 12,352 shares valued at approximately $1.675 million. Other institutional investors also adjusted their positions in DD. DuPont recently reported strong quarterly earnings, beating estimates with $1.88 EPS and a 4% year-over-year revenue increase to $1.82 billion, and declared a $0.60 quarterly dividend.",0.20554,Somewhat-Bullish,0.570732,0.268682,Somewhat-Bullish
20260902T072420,AMD,Advanced Micro Devices,"Ancora Advisors LLC Sells 122,220 Shares of DuPont de Nemours, Inc. $DD",MarketBeat,https://www.marketbeat.com/instant-alerts/filing-ancora-advisors-llc-sells-122220-shares-of-dupont-de-nemours-inc-dd-2026-09-02/,"Ancora Advisors LLC reduced its stake in DuPont de Nemours (NYSE:DD) by 66.6% in the second quarter, selling 122,220 shares and retaining 61,316 shares valued at $8.3 million. DuPont reported strong Q2 earnings of $1.88 per share, exceeding estimates, with revenue up 4% year-over-year. The company maintains a ""Moderate Buy"" consensus rating from analysts, with an average price target of $166.60, and declared a quarterly dividend of $0.60 per share.",0.184375,Somewhat-Bullish,0.566207,0.137854,Neutral
20260902T072628,AMD,Advanced Micro Devices,Headlands Technologies LLC Has $1.01 Million Stock Position in Citigroup Inc. $C,MarketBeat,https://www.marketbeat.com/instant-alerts/filing-headlands-technologies-llc-has-101-million-stock-position-in-citigroup-inc-c-2026-09-02/,"Headlands Technologies LLC significantly reduced its stake in Citigroup Inc. by 82.5% in the second quarter, now holding 7,194 shares valued at $1.01 million. Despite this, institutional investors collectively own 71.72% of Citigroup. The company recently exceeded quarterly expectations, reported strong revenue growth, approved a $30 billion share-repurchase program, and increased its quarterly dividend.",0.137254,Neutral,0.562613,0.100244,Neutral
20260902T072904,AMD,Advanced Micro Devices,"Hsbc Holdings PLC Invests $1.01 Million in Byline Bancorp, Inc. $BY",MarketBeat,https://www.marketbeat.com/instant-alerts/filing-hsbc-holdings-plc-invests-101-million-in-byline-bancorp-inc-by-2026-09-02/,"Hsbc Holdings PLC has acquired a new stake in Byline Bancorp, purchasing 26,758 shares valued at approximately $1.01 million. This investment comes as institutional investors hold 67.73% of Byline Bancorp, despite recent insider selling totaling over $24 million. Byline Bancorp reported strong quarterly earnings, beating analyst estimates, and increased its quarterly dividend.",0.298303,Somewhat-Bullish,0.582468,0.232247,Somewhat-Bullish
20260902T073051,AMD,Advanced Micro Devices,"Alyeska Investment Group L.P. Buys Shares of 54,603 Flowserve Corporation $FLS",MarketBeat,https://www.marketbeat.com/instant-alerts/filing-alyeska-investment-group-lp-buys-shares-of-54603-flowserve-corporation-fls-2026-09-02/,"Alyeska Investment Group L.P. has acquired 54,603 shares of Flowserve Corporation (NYSE:FLS) for approximately $4.05 million, marking a new position in the industrial products company. Flowserve has a ""Moderate Buy"" consensus rating from analysts, despite some recent downgrades, and recently exceeded its quarterly earnings expectations with an adjusted EPS of $0.95. The company also declared a quarterly dividend of $0.22 per share.",0.154843,Somewhat-Bullish,0.603564,0.125529,Neutral
20260902T073106,AMD,Advanced Micro Devices,"Hsbc Holdings PLC Buys New Stake in Haverty Furniture Companies, Inc. $HVT",MarketBeat,https://www.marketbeat.com/instant-alerts/filing-hsbc-holdings-plc-buys-new-stake-in-haverty-furniture-companies-inc-hvt-2026-09-02/,"Hsbc Holdings PLC has acquired a new stake of 41,034 shares, valued at approximately $1.04 million, in Haverty Furniture Companies, Inc. during the second quarter. The furniture retailer exceeded quarterly expectations, reporting higher-than-estimated earnings and revenue, and declared a quarterly dividend of $0.33 per share, representing a 4.9% annualized yield. Despite recent positive analyst upgrades, the stock maintains an average ""Hold"" rating from analysts.",0.279686,Somewhat-Bullish,0.596434,0.170911,Somewhat-Bullish
20260902T073245,AMD,Advanced Micro Devices,"Benjamin Edwards Inc. Makes New $1.58 Million Investment in East West Bancorp, Inc. $EWBC",MarketBeat,https://www.marketbeat.com/instant-alerts/filing-benjamin-edwards-inc-makes-new-158-million-investment-in-east-west-bancorp-inc-ewbc-2026-09-02/,"Benjamin Edwards Inc. has made a new $1.58 million investment in East West Bancorp, acquiring 12,212 shares. East West Bancorp (NASDAQ:EWBC) has shown strong performance, exceeding quarterly earnings expectations with $2.63 EPS and $789.98 million in revenue, and declared a quarterly dividend of $0.80. Despite a ""Moderate Buy"" analyst consensus, insiders have sold shares worth approximately $3.08 million over the last 90 days.",0.328209,Somewhat-Bullish,0.587346,0.244845,Somewhat-Bullish
20260902T073300,AMD,Advanced Micro Devices,Bank of New York Mellon Corp Invests $11.40 Million in Neogen Corporation $NEOG,MarketBeat,https://www.marketbeat.com/instant-alerts/filing-bank-of-new-york-mellon-corp-invests-1140-million-in-neogen-corporation-neog-2026-09-02/,"Bank of New York Mellon Corp has acquired a new stake of 1.27 million shares in Neogen Corporation, valued at approximately $11.4 million. This investment represents about 0.58% of Neogen, with institutional investors collectively holding 96.73% of the company's stock. Neogen recently exceeded earnings and revenue estimates, though analyst sentiment remains mixed with a consensus ""Hold"" rating.",0.191719,Somewhat-Bullish,0.582632,0.146524,Neutral
20260902T073523,AMD,Advanced Micro Devices,"Empowered Funds LLC Purchases New Position in Natural Gas Services Group, Inc. $NGS",MarketBeat,https://www.marketbeat.com/instant-alerts/filing-empowered-funds-llc-purchases-new-position-in-natural-gas-services-group-inc-ngs-2026-09-02/,"Empowered Funds LLC has acquired a new position in Natural Gas Services Group, Inc. (NYSE:NGS), purchasing 89,710 shares valued at approximately $3.87 million, now owning about 0.70% of the company. This move comes as institutional investors collectively hold 65.62% of the stock, and analysts maintain a ""Moderate Buy"" consensus with an average price target of $50.50. Natural Gas Services Group recently exceeded quarterly earnings expectations and declared a quarterly dividend of $0.15 per share.",0.238379,Somewhat-Bullish,0.596530,0.140645,Neutral
20260902T073619,AMD,Advanced Micro Devices,"Ancora Advisors LLC Has $3.39 Million Stake in FTI Consulting, Inc. $FCN",MarketBeat,https://www.marketbeat.com/instant-alerts/filing-ancora-advisors-llc-has-339-million-stake-in-fti-consulting-inc-fcn-2026-09-02/,"Ancora Advisors LLC significantly increased its stake in FTI Consulting, Inc. (NYSE:FCN) by 1,594.9% in the second quarter, now owning 22,745 shares valued at $3.39 million. Institutional investors and hedge funds hold 99.36% of the company. Despite FTI Consulting missing EPS estimates slightly, the company reported increased revenue and authorized a $370 million stock buyback program, suggesting management views the stock as undervalued.",0.163709,Somewhat-Bullish,0.569467,0.087189,Neutral
20260902T073650,AMD,Advanced Micro Devices,"Ancora Advisors LLC Sells 23,535 Shares of Procter & Gamble Company (The) $PG",MarketBeat,https://www.marketbeat.com/instant-alerts/filing-ancora-advisors-llc-sells-23535-shares-of-procter-gamble-company-the-pg-2026-09-02/,"Ancora Advisors LLC decreased its stake in Procter & Gamble (NYSE:PG) by 9.6% in the second quarter, selling 23,535 shares and retaining 221,092 shares worth $32.4 million. Despite the sell-off, analysts maintain a ""Moderate Buy"" consensus with an average price target of $161.19. Procter & Gamble also reported strong quarterly EPS of $1.43 and offers a 3.0% dividend yield with a $1.0885 quarterly payout.",0.351216,Bullish,0.555001,0.374199,Bullish
20260902T073651,AMD,Advanced Micro Devices,"Ancora Advisors LLC Has $4.12 Million Holdings in First Watch Restaurant Group, Inc. $FWRG",MarketBeat,https://www.marketbeat.com/instant-alerts/filing-ancora-advisors-llc-has-412-million-holdings-in-first-watch-restaurant-group-inc-fwrg-2026-09-02/,"Ancora Advisors LLC significantly increased its stake in First Watch Restaurant Group, Inc. (NASDAQ:FWRG) during the second quarter, now holding 319,802 shares valued at $4.12 million. Despite missing quarterly earnings estimates by a narrow margin, analysts generally maintain a ""Moderate Buy"" rating for FWRG, with a consensus target price of $18.56. Institutional investors collectively own a substantial 96.11% of the company, which reported a 15.2% year-over-year revenue increase.",0.189831,Somewhat-Bullish,0.581111,0.114843,Neutral
20260902T073737,AMD,Advanced Micro Devices,"Ancora Advisors LLC Has $13.14 Million Stock Holdings in Fortune Brands Innovations, Inc. $FBIN",MarketBeat,https://www.marketbeat.com/instant-alerts/filing-ancora-advisors-llc-has-1314-million-stock-holdings-in-fortune-brands-innovations-inc-fbin-2026-09-02/,"Ancora Advisors LLC reduced its stake in Fortune Brands Innovations (NYSE:FBIN) by 14% in the second quarter, holding 239,366 shares valued at $13.14 million. Fortune Brands Innovations exceeded Q2 earnings estimates with $1.35 EPS against a $0.80 consensus, though revenue decreased by 4.1% year-over-year. The company maintains a ""Hold"" rating from analysts with a target price of $55.71, while insiders have recently purchased approximately $15 million in stock.",0.202104,Somewhat-Bullish,0.610079,0.148874,Neutral
20260902T073919,AMD,Advanced Micro Devices,Alyeska Investment Group L.P. Has $4.36 Million Stock Holdings in LSI Industries Inc. $LYTS,MarketBeat,https://www.marketbeat.com/instant-alerts/filing-alyeska-investment-group-lp-has-436-million-stock-holdings-in-lsi-industries-inc-lyts-2026-09-02/,"Alyeska Investment Group L.P. reduced its stake in LSI Industries Inc. by 45.3% in the second quarter, now holding 164,170 shares valued at $4.36 million. Despite this, institutional investors collectively own 73.91% of the company, and analysts generally rate it a ""Moderate Buy"" with an average price target of $29.00. LSI Industries recently surpassed quarterly earnings expectations and declared a quarterly dividend of $0.05 per share.",0.237822,Somewhat-Bullish,0.557560,0.208771,Somewhat-Bullish
20260902T074050,AMD,Advanced Micro Devices,"E20 Capital Ltd Purchases Shares of 1,442,910 Intel Corporation $INTC",MarketBeat,https://www.marketbeat.com/instant-alerts/filing-e20-capital-ltd-purchases-shares-of-1442910-intel-corporation-intc-2026-09-02/,"E20 Capital Ltd recently acquired a significant new position in Intel Corporation, purchasing over 1.4 million shares valued at approximately $201 million, making Intel its largest holding. Other institutional investors like State Street Corp and Capital World Investors also increased their stakes. Despite some analysts lowering price objectives, the company shows positive sentiment with its CEO purchasing shares and ongoing developments in AI and foundry contracts.",0.313969,Somewhat-Bullish,0.572547,0.279859,Somewhat-Bullish
20260902T074607,AMD,Advanced Micro Devices,"63,599 Shares in The Home Depot, Inc. $HD Purchased by Dearborn Partners LLC",MarketBeat,https://www.marketbeat.com/instant-alerts/filing-63599-shares-in-the-home-depot-inc-hd-purchased-by-dearborn-partners-llc-2026-09-02/,"Dearborn Partners LLC recently acquired 63,599 shares of The Home Depot, Inc. (NYSE:HD) valued at approximately $22.43 million during the second quarter. Other institutional investors also adjusted their holdings in the home improvement retailer. The article also details recent insider stock sales by Home Depot executives, the company's financial performance, upcoming dividend, and mixed analyst sentiment regarding its future outlook due to factors like AI adoption and a challenging housing market.",0.099784,Neutral,0.563912,0.127957,Neutral
20260902T074654,AMD,Advanced Micro Devices,Cibc World Market Inc. Takes Position in Intel Corporation $INTC,MarketBeat,https://www.marketbeat.com/instant-alerts/filing-cibc-world-market-inc-takes-position-in-intel-corporation-intc-2026-09-02/,"Cibc World Market Inc. has acquired a new stake in Intel Corporation, purchasing 661,144 shares valued at approximately $92.3 million in Q2. Other institutional investors have also adjusted their holdings in Intel. The article also highlights positive sentiment around Intel due to CEO stock purchases, potential foundry contracts, and a partnership expansion for AI inference, alongside recent financial performance and analyst ratings.",0.209482,Somewhat-Bullish,0.634041,0.107722,Neutral
20260902T075558,AMD,Advanced Micro Devices,"Empowered Funds LLC Takes $3.31 Million Position in Darden Restaurants, Inc. $DRI",MarketBeat,https://www.marketbeat.com/instant-alerts/filing-empowered-funds-llc-takes-331-million-position-in-darden-restaurants-inc-dri-2026-09-02/,"Empowered Funds LLC has acquired a new position of $3.31 million in Darden Restaurants (DRI) during the second quarter of 2026, contributing to the 93.64% institutional ownership of the company. Analysts maintain a ""Moderate Buy"" consensus rating with an average price target of $230.50, following Darden's strong Q2 EPS and increased quarterly dividend. Despite some insider stock sales, the company's financial performance and dividend yield remain attractive.",0.374505,Bullish,0.625843,0.323221,Somewhat-Bullish
20260902T075608,AMD,Advanced Micro Devices,"Hennessy Advisors Inc. Sells 199,035 Shares of Verizon Communications Inc. $VZ",MarketBeat,https://www.marketbeat.com/instant-alerts/filing-hennessy-advisors-inc-sells-199035-shares-of-verizon-communications-inc-vz-2026-09-02/,"Hennessy Advisors Inc. significantly reduced its stake in Verizon Communications Inc. by selling 199,035 shares, lowering its holdings by 44.8% to 245,650 shares valued at $10.4 million. Despite the sell-off, institutional investors still own 62.06% of Verizon's stock, and analysts maintain a mixed outlook with a consensus ""Hold"" rating and an average price target of $50.97. Verizon reported an EPS of $1.30, beating estimates, but revenue saw a slight year-over-year decline.",0.226631,Somewhat-Bullish,0.619252,0.300191,Somewhat-Bullish
20260902T075648,AMD,Advanced Micro Devices,"Advanced Micro Devices, Inc. $AMD Shares Sold by Greenwood Capital Associates LLC",MarketBeat,https://www.marketbeat.com/instant-alerts/filing-advanced-micro-devices-inc-amd-shares-sold-by-greenwood-capital-associates-llc-2026-09-02/,"Greenwood Capital Associates LLC reduced its stake in Advanced Micro Devices (AMD) by 35.4% in the second quarter, selling 7,478 shares and retaining 13,649 shares valued at $7.9 million. This sale comes as other institutional investors have recently bought AMD shares, and insiders have also sold a significant amount of stock. Despite sector-wide pressures and valuation concerns, analysts maintain a ""Moderate Buy"" consensus rating for AMD with an average price target of $553.72, following the company's recent exceeding of earnings and revenue expectations.",-0.160643,Somewhat-Bearish,1.000000,0.043274,Neutral
20260902T080256,AMD,Advanced Micro Devices,"Hayek Kallen Investment Management Takes $1.69 Million Position in The Home Depot, Inc. $HD",MarketBeat,https://www.marketbeat.com/instant-alerts/filing-hayek-kallen-investment-management-takes-169-million-position-in-the-home-depot-inc-hd-2026-09-02/,"Hayek Kallen Investment Management has acquired a new position in The Home Depot, Inc. (NYSE:HD) worth approximately $1.69 million during the second quarter. Despite challenges like weak DIY demand and high mortgage rates, Home Depot exceeded quarterly expectations with $4.92 EPS and $47.86 billion in revenue, leading analysts to maintain a ""Moderate Buy"" consensus with a $375.54 average price target. The company also declared a $2.33 quarterly dividend, and 70.86% of its stock is owned by institutional investors.",0.143621,Neutral,0.645380,0.342754,Somewhat-Bullish
20260902T080447,AMD,Advanced Micro Devices,"Field & Main Bank Buys Shares of 19,373 Advanced Micro Devices, Inc. $AMD",MarketBeat,https://www.marketbeat.com/instant-alerts/filing-field-main-bank-buys-shares-of-19373-advanced-micro-devices-inc-amd-2026-09-02/,"Field & Main Bank has acquired a new stake in Advanced Micro Devices (AMD), purchasing 19,373 shares valued at approximately $11.25 million, making it their 13th largest holding. This move comes as AMD reports strong quarterly results with revenue up 50.1% year-over-year and analysts maintaining a ""Moderate Buy"" rating, despite concerns over valuation, competition from Nvidia, and recent insider selling. Institutional investors now collectively own 71.34% of AMD, reflecting significant interest alongside ongoing market scrutiny.",0.089634,Neutral,1.000000,0.207958,Somewhat-Bullish
20260902T080447,AMD,Advanced Micro Devices,Independence Bank of Kentucky Decreases Stock Position in Salesforce Inc. $CRM,MarketBeat,https://www.marketbeat.com/instant-alerts/filing-independence-bank-of-kentucky-decreases-stock-position-in-salesforce-inc-crm-2026-09-02/,"Independence Bank of Kentucky significantly reduced its stake in Salesforce Inc. by 31.1% in the second quarter, selling 3,597 shares, though it still holds shares valued at $1.25 million. Despite this reduction, institutional investors collectively own a substantial 80.4% of Salesforce stock, and analysts maintain a ""Moderate Buy"" rating with an average price target of $262.12. Salesforce also reported strong quarterly earnings of $5.90 per share against a $3.27 estimate, with revenue up 10.8% year-over-year, driven by AI adoption and resilient enterprise demand.",0.25196,Somewhat-Bullish,0.568913,0.204763,Somewhat-Bullish
20260902T080447,AMD,Advanced Micro Devices,"Denali Advisors LLC Acquires New Shares in Advanced Micro Devices, Inc. $AMD",MarketBeat,https://www.marketbeat.com/instant-alerts/filing-denali-advisors-llc-acquires-new-shares-in-advanced-micro-devices-inc-amd-2026-09-02/,"Denali Advisors LLC recently acquired 18,468 shares of Advanced Micro Devices (AMD) stock, valued at approximately $10.73 million, making it their 10th largest holding. Other institutional investors also adjusted their stakes in AMD. The article details AMD's stock performance, recent earnings, insider transactions, and analyst ratings, alongside key news impacting the company.",0.140054,Neutral,1.000000,0.113947,Neutral
20260902T080448,AMD,Advanced Micro Devices,"BNP Paribas Trims Holdings in Advanced Micro Devices, Inc. $AMD",MarketBeat,https://www.marketbeat.com/instant-alerts/filing-bnp-paribas-trims-holdings-in-advanced-micro-devices-inc-amd-2026-09-02/,"BNP Paribas reduced its stake in Advanced Micro Devices (NASDAQ:AMD) by 48% in the second quarter of 2026, selling 53,230 shares and retaining 57,711 shares valued at approximately $33.4 million. Despite this, institutional investors still hold 71.34% of the company's stock, and AMD recently reported strong quarterly results with revenue up 50.1% year-over-year. Analysts generally maintain a ""Moderate Buy"" rating with a consensus price target of $553.72, though concerns about high valuation and competition from Nvidia persist.",-0.10443,Neutral,1.000000,0.087332,Neutral
20260902T080448,AMD,Advanced Micro Devices,"Campbell Newman Asset Management Inc. Sells 4,581 Shares of Advanced Micro Devices, Inc. $AMD",MarketBeat,https://www.marketbeat.com/instant-alerts/filing-campbell-newman-asset-management-inc-sells-4581-shares-of-advanced-micro-devices-inc-amd-2026-09-02/,"Campbell Newman Asset Management Inc. reduced its stake in Advanced Micro Devices (AMD) by 53.7% in Q2, selling 4,581 shares and retaining 3,951 shares worth $2.3 million. Despite institutional investors owning 71.34% of AMD and the company exceeding Q2 earnings and revenue expectations with a 50.1% year-over-year increase, the stock faces valuation concerns, sector-wide pressure from rising bond yields, and competition from Nvidia. Analysts maintain a ""Moderate Buy"" rating with an average price target of $553.72, though potential near-term upside may be limited.",-0.074294,Neutral,1.000000,0.013636,Neutral
20260902T080600,AMD,Advanced Micro Devices,Why Super Micro Computer (NASDAQ:SMCI) Tracks the Broader AI Chip Story?,Kalkine Media,https://kalkinemedia.com/us/stocks/artificial-intelligence/why-super-micro-computer-nasdaqsmci-tracks-the-broader-ai-chip-story,"Super Micro Computer's stock slipped today in sympathy with a broader semiconductor sector pullback, highlighting its close correlation with the overall AI infrastructure theme despite being a server hardware provider. The company maintains a strong position in AI-optimized server systems, including advanced liquid cooling technology, and benefits from steady demand across cloud, enterprise, and specialized AI infrastructure customers. Super Micro's ability to rapidly bring new accelerator-based server configurations to market and its strategic partnerships with chip designers are key differentiators, though it faces competition from larger rivals and volatility due to past financial reporting scrutiny.",0.059078,Neutral,0.644774,0.102493,Neutral
20260902T081143,AMD,Advanced Micro Devices,Fundsmith LLP Has $598.05 Million Stock Position in Procter & Gamble Company (The) $PG,MarketBeat,https://www.marketbeat.com/instant-alerts/filing-fundsmith-llp-has-59805-million-stock-position-in-procter-gamble-company-the-pg-2026-09-02/,"Fundsmith LLP slightly reduced its stake in Procter & Gamble by 2.9% in Q2 2026, selling 121,543 shares but still holding 4.08 million shares valued at $598.1 million. Procter & Gamble maintains a ""Moderate Buy"" consensus rating from analysts with an average price target of $161.19, supported by strong quarterly earnings, revenue growth, and a 3.0% dividend yield. The company also recently recovered $100 million in previously paid tariffs, further enhancing its financial position.",0.354834,Bullish,0.559304,0.250039,Somewhat-Bullish
20260902T082202,AMD,Advanced Micro Devices,"Ironvine Capital Partners LLC Acquires 3,353 Shares of Moody's Corporation $MCO",MarketBeat,https://www.marketbeat.com/instant-alerts/filing-ironvine-capital-partners-llc-acquires-3353-shares-of-moodys-corporation-mco-2026-09-02/,"Ironvine Capital Partners LLC increased its stake in Moody's Corporation (MCO) by 4.1% during the second quarter, acquiring an additional 3,353 shares, bringing their total to 85,200 shares valued at $38.59 million. Other institutional investors also adjusted their holdings in Moody's, with hedge funds and institutional investors collectively owning 92.11% of the company's stock. Moody's reported strong Q2 earnings, beating analyst estimates, and has an upcoming quarterly dividend payment.",0.283874,Somewhat-Bullish,0.600089,0.214318,Somewhat-Bullish
20260902T082630,AMD,Advanced Micro Devices,"Lynch Asset Management Inc. Purchases Shares of 13,350 International Business Machines Corporation $IBM",MarketBeat,https://www.marketbeat.com/instant-alerts/filing-lynch-asset-management-inc-purchases-shares-of-13350-international-business-machines-corporation-ibm-2026-09-02/,"Lynch Asset Management Inc. acquired 13,350 shares of International Business Machines Corporation (IBM) during the second quarter, valued at approximately $3.75 million, making it 1% of their portfolio. IBM reported quarterly earnings per share of $2.93, meeting estimates, but revenue of $17.16 billion fell short of forecasts. Institutional investors and hedge funds own 58.96% of the stock, and analysts currently have a ""Moderate Buy"" consensus rating with an average price target of $265.90.",0.197026,Somewhat-Bullish,0.556344,0.209045,Somewhat-Bullish
20260902T082815,AMD,Advanced Micro Devices,"Energy Vault Holdings, Inc. $NRGV Shares Bought by Bank of America Corp DE",MarketBeat,https://www.marketbeat.com/instant-alerts/filing-energy-vault-holdings-inc-nrgv-shares-bought-by-bank-of-america-corp-de-2026-09-02/,"Bank of America Corp DE significantly increased its stake in Energy Vault Holdings, Inc. (NRGV) by 349.6% in the first quarter, now owning 665,546 shares valued at $2.2 million. Institutional investors and hedge funds collectively hold 40.03% of the company's stock, despite mixed analyst ratings with a consensus ""Hold"" and an average price target of $6.01. Energy Vault reported strong revenue of $17.37 million, surpassing estimates, though it missed earnings expectations with an adjusted loss of $0.17 per share.",0.244227,Somewhat-Bullish,0.603046,0.256024,Somewhat-Bullish
20260902T082843,AMD,Advanced Micro Devices,"Silverlake Wealth Management LLC Purchases Shares of 24,630 International Business Machines Corporation $IBM",MarketBeat,https://www.marketbeat.com/instant-alerts/filing-silverlake-wealth-management-llc-purchases-shares-of-24630-international-business-machines-corporation-ibm-2026-09-02/,"Silverlake Wealth Management LLC initiated a new position in International Business Machines Corporation (NYSE:IBM) during the second quarter, acquiring 24,630 shares valued at approximately $6.9 million. This position represents 1.3% of Silverlake's total holdings. Despite recent revenue shortfalls and some price target reductions, analysts generally maintain a ""Moderate Buy"" rating for IBM with a consensus target price of $265.90.",0.098206,Neutral,0.564339,0.144306,Neutral
20260902T083043,AMD,Advanced Micro Devices,"Public Employees Retirement System of Ohio Makes New $6.17 Million Investment in Euronet Worldwide, Inc. $EEFT",MarketBeat,https://www.marketbeat.com/instant-alerts/filing-public-employees-retirement-system-of-ohio-makes-new-617-million-investment-in-euronet-worldwide-inc-eeft-2026-09-02/,"The Public Employees Retirement System of Ohio has made a new investment of $6.17 million in Euronet Worldwide, acquiring 84,271 shares. This new position represents about 0.22% of the company, with institutional investors collectively owning 91.60% of EEFT. Analyst sentiment for Euronet Worldwide is mixed, with an average ""Hold"" rating and an average price target of $94.00, while the company recently missed quarterly EPS estimates despite a revenue increase.",0.221448,Somewhat-Bullish,0.597512,0.256079,Somewhat-Bullish
20260902T083224,AMD,Advanced Micro Devices,"BlackRock Inc. Takes $36.74 Million Position in Maplight Therapeutics, Inc. $MPLT",MarketBeat,https://www.marketbeat.com/instant-alerts/filing-blackrock-inc-takes-3674-million-position-in-maplight-therapeutics-inc-mplt-2026-09-02/,"BlackRock Inc. has acquired a new position in Maplight Therapeutics, Inc. (NASDAQ:MPLT), purchasing over one million shares valued at approximately $36.7 million. Despite the stock trading below its 52-week high, analyst sentiment remains positive with a ""Moderate Buy"" rating. The company reported a quarterly loss that beat estimates, and insider activity included both a purchase by a director and a sale by an insider.",0.188543,Somewhat-Bullish,0.569792,0.117753,Neutral
20260902T083839,AMD,Advanced Micro Devices,Jupiter Topco LLC Buys New Stake in Mercury Systems Inc $MRCY,MarketBeat,https://www.marketbeat.com/instant-alerts/filing-jupiter-topco-llc-buys-new-stake-in-mercury-systems-inc-mrcy-2026-09-02/,"Jupiter Topco LLC has acquired a new stake of 34,273 shares in Mercury Systems Inc. (NASDAQ:MRCY) during the second quarter, valued at approximately $4.19 million. This investment comes as Mercury Systems reported mixed financial results, with revenue exceeding expectations but earnings per share slightly missing estimates. Meanwhile, institutional ownership in Mercury Systems is high at 95.99%, while company insiders have primarily sold shares to cover tax obligations.",0.050458,Neutral,0.622552,0.231933,Somewhat-Bullish
20260902T084503,AMD,Advanced Micro Devices,"Jupiter Topco LLC Acquires Shares of 2,693 Mettler-Toledo International, Inc. $MTD",MarketBeat,https://www.marketbeat.com/instant-alerts/filing-jupiter-topco-llc-acquires-shares-of-2693-mettler-toledo-international-inc-mtd-2026-09-02/,"Jupiter Topco LLC recently acquired a new stake of 2,693 shares in Mettler-Toledo International, Inc. (NYSE:MTD) worth approximately $3.45 million during the second quarter. Other institutional investors also significantly modified their holdings in MTD, with notable acquisitions by BlackRock Inc. and Capital International Investors. Analyst ratings for Mettler-Toledo are largely ""Hold"" with an average price target of $1,465.75, while company insiders have recently sold shares totaling over $6 million.",0.290229,Somewhat-Bullish,0.566919,0.308707,Somewhat-Bullish
20260902T084654,AMD,Advanced Micro Devices,Bornite Capital Management LP Takes $37.22 Million Position in EQT Corporation $EQT,MarketBeat,https://www.marketbeat.com/instant-alerts/filing-bornite-capital-management-lp-takes-3722-million-position-in-eqt-corporation-eqt-2026-09-02/,"Bornite Capital Management LP has acquired a new stake of 700,000 shares in EQT Corporation, valued at approximately $37.22 million, making it their 15th largest holding. This comes as other institutional investors also increased their positions in EQT, despite the company missing recent earnings and revenue estimates. Analysts maintain a ""Moderate Buy"" rating with a target price of $68.10, while insiders have recently sold shares.",0.112505,Neutral,0.562120,0.025304,Neutral
20260902T085011,AMD,Advanced Micro Devices,"N.E.W. Advisory Services LLC Acquires Shares of 17,203 International Business Machines Corporation $IBM",MarketBeat,https://www.marketbeat.com/instant-alerts/filing-new-advisory-services-llc-acquires-shares-of-17203-international-business-machines-corporation-ibm-2026-09-02/,"N.E.W. Advisory Services LLC recently acquired 17,203 shares of International Business Machines (IBM) valued at approximately $4.84 million, making IBM its 24th largest holding. Institutional investors collectively own 58.96% of IBM's stock. Analysts generally rate IBM as a ""Moderate Buy"" with an average price target of $265.90, despite the company reporting revenue slightly below expectations and facing concerns about AI disruption to legacy services.",0.137578,Neutral,0.643278,0.106229,Neutral
20260902T090030,AMD,Advanced Micro Devices,"Tyler Technologies, Inc. $TYL Position Increased by UBS AM a distinct business unit of UBS ASSET MANAGEMENT AMERICAS LLC",MarketBeat,https://www.marketbeat.com/instant-alerts/filing-tyler-technologies-inc-tyl-position-increased-by-ubs-am-a-distinct-business-unit-of-ubs-asset-management-americas-llc-2026-09-02/,"UBS Asset Management increased its holdings in Tyler Technologies (TYL) by 13.9% in Q2, bringing its total to 400,775 shares valued at $117.2 million. The company reported strong Q2 earnings of $3.08 per share, exceeding estimates, with revenue up 8.2% year-over-year. Analysts generally maintain a ""Moderate Buy"" rating with an average price target of $456.72, despite some recent reductions.",0.226069,Somewhat-Bullish,0.598346,0.165086,Somewhat-Bullish
20260902T090218,AMD,Advanced Micro Devices,Man Group plc Takes $1.70 Million Position in APA Corporation $APA,MarketBeat,https://www.marketbeat.com/instant-alerts/filing-man-group-plc-takes-170-million-position-in-apa-corporation-apa-2026-09-02/,"Man Group plc has acquired a new stake of 52,054 shares in APA Corporation (NASDAQ:APA), valued at approximately $1.70 million during the second quarter. This move comes as other institutional investors have also adjusted their holdings in APA. The company's stock is currently trading at $44.30, with institutional investors owning 83.01% of the shares.",0.116288,Neutral,0.557115,0.181028,Somewhat-Bullish
20260902T090247,AMD,Advanced Micro Devices,"Van ECK Associates Corp Sells 2,592,368 Shares of Advanced Micro Devices, Inc. $AMD",MarketBeat,https://www.marketbeat.com/instant-alerts/filing-van-eck-associates-corp-sells-2592368-shares-of-advanced-micro-devices-inc-amd-2026-09-02/,"Van ECK Associates Corp has reduced its stake in Advanced Micro Devices (AMD) by 21.5%, selling over 2.59 million shares but still retaining a significant holding valued at $5.51 billion. Despite this sale and recent insider selling, analysts generally maintain a ""Moderate Buy"" rating for AMD with an average price target of $553.72, following a quarter where the company exceeded revenue and EPS estimates. However, there are growing valuation concerns and increased competition noted by some analysts.",0.062836,Neutral,1.000000,-0.060420,Neutral
20260902T090247,AMD,Advanced Micro Devices,"Nissay Asset Management Corp Japan Sells 49,163 Shares of Advanced Micro Devices, Inc. $AMD",MarketBeat,https://www.marketbeat.com/instant-alerts/filing-nissay-asset-management-corp-japan-sells-49163-shares-of-advanced-micro-devices-inc-amd-2026-09-02/,"Nissay Asset Management Corp Japan has reduced its stake in Advanced Micro Devices (AMD) by 7.1%, selling 49,163 shares and retaining 643,083 shares valued at $373.6 million. Despite some insider selling and valuation concerns, analysts maintain a ""Moderate Buy"" consensus rating for AMD with an average price target of $553.72, driven by strong revenue growth and AI prospects. The company reported quarterly revenue of $11.54 billion, a 50.1% year-over-year increase, but faces risks from its elevated valuation and competition in the AI semiconductor market.",0.019684,Neutral,1.000000,0.025403,Neutral
20260902T090257,AMD,Advanced Micro Devices,Jupiter Topco LLC Invests $3.68 Million in MGM Resorts International $MGM,MarketBeat,https://www.marketbeat.com/instant-alerts/filing-jupiter-topco-llc-invests-368-million-in-mgm-resorts-international-mgm-2026-09-02/,"Jupiter Topco LLC has acquired a new stake of $3.68 million in MGM Resorts International, purchasing 77,000 shares during the second quarter. Other institutional investors have also adjusted their positions in MGM. The company currently holds a ""Moderate Buy"" consensus rating from analysts, with a target price of $53.37.",0.168933,Somewhat-Bullish,0.626443,0.146033,Neutral
20260902T090327,AMD,Advanced Micro Devices,"Tairen Capital Ltd Purchases Shares of 469,340 Intel Corporation $INTC",MarketBeat,https://www.marketbeat.com/instant-alerts/filing-tairen-capital-ltd-purchases-shares-of-469340-intel-corporation-intc-2026-09-02/,"Tairen Capital Ltd recently acquired 469,340 shares of Intel Corporation (NASDAQ:INTC) during the second quarter, valuing the new position at approximately $65.5 million and making it the sixth-largest holding in their portfolio. This move comes as other institutional investors also adjusted their stakes in Intel, and CEO Lip-Bu Tan increased his personal holdings, signaling confidence. Despite beating earnings and revenue estimates, analyst sentiment for Intel remains mixed, with an average ""Hold"" rating.",0.236535,Somewhat-Bullish,0.617549,0.141744,Neutral
20260902T090512,AMD,Advanced Micro Devices,Susquehanna Fundamental Investments LLC Invests $1.60 Million in Synchrony Financial $SYF,MarketBeat,https://www.marketbeat.com/instant-alerts/filing-susquehanna-fundamental-investments-llc-invests-160-million-in-synchrony-financial-syf-2026-09-02/,"Susquehanna Fundamental Investments LLC has acquired a new position in Synchrony Financial (NYSE:SYF) worth approximately $1.60 million, purchasing 21,012 shares during the second quarter. Other institutional investors have also adjusted their holdings in SYF. The company reported strong quarterly earnings, beating analyst estimates, and raised its quarterly dividend, while analysts maintain a ""Moderate Buy"" rating with an average price target of $87.78.",0.318255,Somewhat-Bullish,0.620274,0.320159,Somewhat-Bullish
20260902T091251,AMD,Advanced Micro Devices,"Advanced Micro Devices, Inc. $AMD is UBS AM a distinct business unit of UBS ASSET MANAGEMENT AMERICAS LLC's 8th Largest Position",MarketBeat,https://www.marketbeat.com/instant-alerts/filing-advanced-micro-devices-inc-amd-is-ubs-am-a-distinct-business-unit-of-ubs-asset-management-americas-llcs-8th-largest-position-2026-09-02/,"UBS Asset Management Americas LLC reduced its stake in Advanced Micro Devices (NASDAQ:AMD) by 8.6% in Q2, making AMD its 8th largest position. Despite this reduction, other institutional investors increased their holdings, with hedge funds and institutional investors owning 71.34% of the company. AMD reported strong earnings, beating analyst estimates, and analysts maintain a ""Moderate Buy"" rating with a consensus target price of $553.72.",0.240684,Somewhat-Bullish,1.000000,0.104647,Neutral
20260902T091453,AMD,Advanced Micro Devices,"Public Employees Retirement System of Ohio Buys New Holdings in F5, Inc. $FFIV",MarketBeat,https://www.marketbeat.com/instant-alerts/filing-public-employees-retirement-system-of-ohio-buys-new-holdings-in-f5-inc-ffiv-2026-09-02/,"The Public Employees Retirement System of Ohio has acquired a new stake in F5, Inc. (NASDAQ:FFIV), purchasing 17,511 shares valued at approximately $7.28 million in the second quarter. This move is part of broader institutional investor activity, with several other large investors also modifying their holdings in F5. Despite some insider selling, the network technology company reported strong quarterly earnings, surpassing analyst expectations, and maintains a ""Hold"" consensus rating among analysts with an average target price of $416.62.",0.133591,Neutral,0.614619,0.115097,Neutral
20260902T091456,AMD,Advanced Micro Devices,"Nwam LLC Purchases 161,639 Shares of Ford Motor Company $F",MarketBeat,https://www.marketbeat.com/instant-alerts/filing-nwam-llc-purchases-161639-shares-of-ford-motor-company-f-2026-09-02/,"Nwam LLC significantly increased its stake in Ford Motor Company, acquiring an additional 161,639 shares, bringing its total holdings to 220,669 shares valued at $3.07 million. Institutional investors now own 58.74% of Ford. Despite mixed analyst ratings, with a consensus ""Hold"" and an average price target of $15.68, Ford recently surpassed quarterly earnings expectations, reporting $0.42 per share against a $0.33 consensus, and declared a quarterly dividend of $0.15 per share.",0.188445,Somewhat-Bullish,0.522228,0.123979,Neutral
20260902T091640,AMD,Advanced Micro Devices,Public Employees Retirement System of Ohio Purchases New Position in International Flavors & Fragrances Inc. $IFF,MarketBeat,https://www.marketbeat.com/instant-alerts/filing-public-employees-retirement-system-of-ohio-purchases-new-position-in-international-flavors-fragrances-inc-iff-2026-09-02/,"The Public Employees Retirement System of Ohio has acquired a new stake in International Flavors & Fragrances Inc. (IFF) during the second quarter, purchasing 79,004 shares valued at approximately $6.26 million. This move is part of broader institutional investment, as other firms have also adjusted their IFF holdings, bringing institutional ownership to 96.02%. The article also highlights IFF's recent financial performance, including an EPS and revenue miss, a new $2.5 billion share repurchase program, and a quarterly dividend declaration.",0.079081,Neutral,0.560485,0.112962,Neutral
20260902T091945,AMD,Advanced Micro Devices,"Public Employees Retirement System of Ohio Invests $6.57 Million in Templeton Dragon Fund, Inc. $TDF",MarketBeat,https://www.marketbeat.com/instant-alerts/filing-public-employees-retirement-system-of-ohio-invests-657-million-in-templeton-dragon-fund-inc-tdf-2026-09-02/,"The Public Employees Retirement System of Ohio has invested $6.57 million in Templeton Dragon Fund, Inc. (NYSE:TDF), acquiring 603,658 shares, which represents 2.40% ownership. This move highlights growing institutional interest, as other major investors like Royal Bank of Canada and Quantedge Capital have also adjusted their positions in the fund. Templeton Dragon Fund focuses on equities in Mainland China, Hong Kong, and Taiwan, and its shares recently traded at $10.72.",0.172479,Somewhat-Bullish,0.572146,0.216861,Somewhat-Bullish
20260902T092031,AMD,Advanced Micro Devices,"Royal London Asset Management Ltd. Lowers Holdings in Advanced Micro Devices, Inc. $AMD",MarketBeat,https://www.marketbeat.com/instant-alerts/filing-royal-london-asset-management-ltd-lowers-holdings-in-advanced-micro-devices-inc-amd-2026-09-02/,"Royal London Asset Management Ltd. reduced its stake in Advanced Micro Devices (NASDAQ:AMD) by 1.2% in the second quarter, selling 12,084 shares and now holding 1,020,521 shares valued at $592.83 million. Despite this reduction, other institutional investors have increased their holdings in AMD. The article also provides recent stock performance, earnings details, market sentiment, and analyst ratings for Advanced Micro Devices.",0.126401,Neutral,1.000000,0.063720,Neutral
20260902T092057,AMD,Advanced Micro Devices,"Advanced Micro Devices, Inc. $AMD Shares Sold by Sheets Smith Wealth Management",MarketBeat,https://www.marketbeat.com/instant-alerts/filing-advanced-micro-devices-inc-amd-shares-sold-by-sheets-smith-wealth-management-2026-09-02/,"Sheets Smith Wealth Management reduced its stake in Advanced Micro Devices (AMD) by 19.1% during the second quarter, selling 1,984 shares. This transaction is contrasted by several other institutional investors, such as BlackRock Inc. and State Street Corp, who increased their holdings in the semiconductor manufacturer. The article also provides a summary of recent analyst ratings, financial performance, and positive, neutral, and negative news sentiment surrounding AMD.",0.054602,Neutral,1.000000,0.129771,Neutral
20260902T092058,AMD,Advanced Micro Devices,"Susquehanna Fundamental Investments LLC Invests $2.34 Million in Digital Realty Trust, Inc. $DLR",MarketBeat,https://www.marketbeat.com/instant-alerts/filing-susquehanna-fundamental-investments-llc-invests-234-million-in-digital-realty-trust-inc-dlr-2026-09-02/,"Susquehanna Fundamental Investments LLC has acquired a new position of 13,014 shares, valued at $2.34 million, in Digital Realty Trust, Inc. (NYSE:DLR) during the second quarter. This investment reinforces strong institutional support, with institutions now owning 99.71% of the stock. Analysts maintain a ""Moderate Buy"" rating with an average price target of $219.45, significantly above the stock's opening price of $182.67.",0.280598,Somewhat-Bullish,0.631413,0.105195,Neutral
20260902T092106,AMD,Advanced Micro Devices,Public Employees Retirement System of Ohio Takes $7.98 Million Position in Regions Financial Corporation $RF,MarketBeat,https://www.marketbeat.com/instant-alerts/filing-public-employees-retirement-system-of-ohio-takes-798-million-position-in-regions-financial-corporation-rf-2026-09-02/,"The Public Employees Retirement System of Ohio has acquired a significant new stake in Regions Financial Corporation (NYSE:RF), purchasing 264,354 shares valued at approximately $7.98 million during the second quarter. This move is part of broader institutional investor activity, with major investors like Russell Investments Group Ltd. and Swiss Life Asset Management Ltd. also adjusting their holdings. Regions Financial recently exceeded quarterly earnings expectations, reporting adjusted earnings of $0.68 per share and increasing its quarterly dividend to $0.30, representing a 4.1% annualized yield.",0.181044,Somewhat-Bullish,0.578742,0.128204,Neutral
20260902T092456,AMD,Advanced Micro Devices,"Washington Trust Bank Acquires 23,022 Shares of Advanced Micro Devices, Inc. $AMD",MarketBeat,https://www.marketbeat.com/instant-alerts/filing-washington-trust-bank-acquires-23022-shares-of-advanced-micro-devices-inc-amd-2026-09-02/,"Washington Trust Bank significantly increased its stake in Advanced Micro Devices (AMD) by 326.6%, adding 23,022 shares to reach a total of 30,072 shares valued at $17.5 million. While institutional ownership of AMD is high at 71.34%, company insiders, including CEO Lisa Su, have been net sellers. Despite strong fundamentals and a ""Moderate Buy"" consensus rating from analysts, concerns remain regarding AMD's high valuation and competition with Nvidia.",-0.141028,Neutral,1.000000,0.115359,Neutral
20260902T092456,AMD,Advanced Micro Devices,"Wedbush Securities Inc. Sells 16,741 Shares of Advanced Micro Devices, Inc. $AMD",MarketBeat,https://www.marketbeat.com/instant-alerts/filing-wedbush-securities-inc-sells-16741-shares-of-advanced-micro-devices-inc-amd-2026-09-02/,"Wedbush Securities Inc. reduced its stake in Advanced Micro Devices (AMD) by 18.5%, selling 16,741 shares and retaining 73,839 shares valued at approximately $42.9 million. Despite strong quarterly results where AMD exceeded analyst expectations with revenue up 50.1% year over year and EPS of $1.66, the stock faces valuation concerns due to its high P/E ratio and recent insider selling totaling over $109.5 million. Analysts maintain a ""Moderate Buy"" rating with an average price target of $553.72, while institutional investors own 71.34% of the company.",-0.114493,Neutral,1.000000,-0.116019,Neutral
20260902T092456,AMD,Advanced Micro Devices,"Toth Financial Advisory Corp Reduces Holdings in Advanced Micro Devices, Inc. $AMD",MarketBeat,https://www.marketbeat.com/instant-alerts/filing-toth-financial-advisory-corp-reduces-holdings-in-advanced-micro-devices-inc-amd-2026-09-02/,"Toth Financial Advisory Corp significantly reduced its holdings in Advanced Micro Devices (AMD) by 81.9% in the second quarter, selling 6,400 shares and retaining 1,410 shares valued at $819,000. Despite this, institutional investors collectively own a substantial 71.34% of AMD, and analysts generally maintain a ""Moderate Buy"" rating with an average price target of $553.72. The company's recent strong revenue growth of 50.1% year-over-year to $11.54 billion and exceeding EPS expectations are balanced against concerns regarding high valuation, rising bond yields, competition from Nvidia, and insider share sales.",-0.073985,Neutral,1.000000,0.019375,Neutral
20260902T092825,AMD,Advanced Micro Devices,UBS AM a distinct business unit of UBS ASSET MANAGEMENT AMERICAS LLC Has $162.82 Million Position in LPL Financial Holdings Inc. $LPLA,MarketBeat,https://www.marketbeat.com/instant-alerts/filing-ubs-am-a-distinct-business-unit-of-ubs-asset-management-americas-llc-has-16282-million-position-in-lpl-financial-holdings-inc-lpla-2026-09-02/,"UBS Asset Management reduced its stake in LPL Financial Holdings Inc. by 2.3% in the second quarter, selling 13,634 shares but still holding 578,032 shares valued at $162.82 million. Despite this reduction, institutional investors collectively own 95.66% of LPLA, and analysts maintain a ""Moderate Buy"" rating with an average price target of $405.79. LPL Financial also reported strong quarterly results, exceeding EPS and revenue estimates, and announced a $0.30 per share quarterly dividend.",0.286141,Somewhat-Bullish,0.563612,0.120551,Neutral
20260902T092952,AMD,Advanced Micro Devices,"Susquehanna Fundamental Investments LLC Buys Shares of 12,800 Five Below, Inc. $FIVE",MarketBeat,https://www.marketbeat.com/instant-alerts/filing-susquehanna-fundamental-investments-llc-buys-shares-of-12800-five-below-inc-five-2026-09-02/,"Susquehanna Fundamental Investments LLC acquired a new position in Five Below, Inc. (NASDAQ:FIVE) by purchasing 12,800 shares valued at approximately $2.3 million in Q2. Other institutional investors, including BlackRock and Norges Bank, also significantly increased their holdings. Analyst sentiment remains a ""Moderate Buy"" with an average price target of $267.45, following Five Below's recent beat on quarterly earnings and revenue estimates.",0.344921,Somewhat-Bullish,0.596582,0.277934,Somewhat-Bullish
20260902T093008,AMD,Advanced Micro Devices,Wellington Management Group LLP Cuts Stock Position in The Goodyear Tire & Rubber Company $GT,MarketBeat,https://www.marketbeat.com/instant-alerts/filing-wellington-management-group-llp-cuts-stock-position-in-the-goodyear-tire-rubber-company-gt-2026-09-02/,"Wellington Management Group LLP reduced its stake in The Goodyear Tire & Rubber Company by 23.7% in Q2 2026, selling 4.7 million shares and retaining 15.1 million shares valued at $99.7 million. Despite this, institutional ownership remains high at 84.19%, with firms like BlackRock and Canada Pension Plan Investment Board initiating new positions. Analyst sentiment is mixed, with a consensus ""Hold"" rating and an $8.26 price target, following Goodyear's reported quarterly loss of $0.61 per share and a 4.8% year-over-year revenue decline.",0.062995,Neutral,0.617810,0.144872,Neutral
20260902T093655,AMD,Advanced Micro Devices,Lone Peak Global Investors LLC Decreases Stake in Reynolds Consumer Products Inc. $REYN,MarketBeat,https://www.marketbeat.com/instant-alerts/filing-lone-peak-global-investors-llc-decreases-stake-in-reynolds-consumer-products-inc-reyn-2026-09-02/,"Lone Peak Global Investors LLC reduced its stake in Reynolds Consumer Products Inc. by 32.3% in the second quarter, selling over 265,000 shares but still retaining a significant holding. The company reported strong Q2 earnings, beating analyst expectations for EPS and revenue, and announced a quarterly dividend of $0.23. Despite the share reduction, institutional investors collectively own a substantial portion of Reynolds Consumer Products, and analysts maintain a ""Hold"" rating with an average price target of $25.60.",0.107514,Neutral,0.608231,0.107753,Neutral
20260902T093708,AMD,Advanced Micro Devices,Northwestern Mutual Wealth Management Co. Raises Stake in Ferrari N.V. $RACE,MarketBeat,https://www.marketbeat.com/instant-alerts/filing-northwestern-mutual-wealth-management-co-raises-stake-in-ferrari-nv-race-2026-09-02/,"Northwestern Mutual Wealth Management Co. increased its stake in Ferrari N.V. by 24.4% in the second quarter, bringing its total holdings to 54,327 shares valued at $20.2 million. This move is consistent with other institutional investors also raising their positions. Analysts generally rate Ferrari as a ""Moderate Buy"" with an average price target of $477.15, following strong quarterly earnings that surpassed expectations.",0.302631,Somewhat-Bullish,0.561146,0.247917,Somewhat-Bullish
20260902T094409,AMD,Advanced Micro Devices,Northwestern Mutual Wealth Management Co. Raises Stock Holdings in Emerson Electric Co. $EMR,MarketBeat,https://www.marketbeat.com/instant-alerts/filing-northwestern-mutual-wealth-management-co-raises-stock-holdings-in-emerson-electric-co-emr-2026-09-02/,"Northwestern Mutual Wealth Management Co. increased its stake in Emerson Electric Co. by 2.4% in the second quarter, bringing its total holdings to 468,029 shares valued at approximately $67 million. The company reported strong quarterly earnings, exceeding analyst expectations for both EPS and revenue, and reaffirmed its fiscal 2026 EPS guidance. Analysts generally maintain a ""Moderate Buy"" rating for Emerson Electric, with an average price target of $167.83.",0.18097,Somewhat-Bullish,0.643097,-0.138861,Neutral
20260902T095236,AMD,Advanced Micro Devices,Lone Peak Global Investors LLC Takes Position in Salesforce Inc. $CRM,MarketBeat,https://www.marketbeat.com/instant-alerts/filing-lone-peak-global-investors-llc-takes-position-in-salesforce-inc-crm-2026-09-02/,"Lone Peak Global Investors LLC has acquired 113,078 shares of Salesforce Inc. (CRM) in the second quarter, valued at approximately $17.7 million, making it 2.4% of their portfolio. Salesforce has reported strong Q2 earnings, beating analyst estimates with $5.90 EPS and $11.35 billion in revenue, and has issued positive fiscal 2027 guidance. Despite a ""Moderate Buy"" consensus rating and a $262.12 price target, the stock's RSI indicates it is currently overbought, suggesting potential for short-term profit-taking.",0.300828,Somewhat-Bullish,0.615919,0.326224,Somewhat-Bullish
20260902T095608,AMD,Advanced Micro Devices,Quantitative Investment Management LLC Makes New $1.58 Million Investment in Verizon Communications Inc. $VZ,MarketBeat,https://www.marketbeat.com/instant-alerts/filing-quantitative-investment-management-llc-makes-new-158-million-investment-in-verizon-communications-inc-vz-2026-09-02/,"Quantitative Investment Management LLC has made a new investment of $1.58 million in Verizon Communications Inc. by purchasing 37,252 shares. This comes as institutional investors now collectively own 62.06% of Verizon's stock. Verizon recently reported strong quarterly earnings, beating analyst estimates, and maintains a ""Hold"" rating among analysts with an average price target of $50.97.",0.143785,Neutral,0.552532,0.105914,Neutral
20260902T100436,AMD,Advanced Micro Devices,"Lone Peak Global Investors LLC Purchases 18,711 Shares of Global Payments Inc. $GPN",MarketBeat,https://www.marketbeat.com/instant-alerts/filing-lone-peak-global-investors-llc-purchases-18711-shares-of-global-payments-inc-gpn-2026-09-02/,"Lone Peak Global Investors LLC increased its stake in Global Payments Inc. (NYSE:GPN) by 6.1% in the second quarter, acquiring an additional 18,711 shares. This brings their total holdings to 326,833 shares, valued at approximately $23.7 million. Global Payments reported strong quarterly earnings, exceeding expectations with $3.46 EPS and 68.6% year-over-year revenue growth, and declared a quarterly dividend of $0.25 per share.",0.269355,Somewhat-Bullish,0.574953,0.212640,Somewhat-Bullish
20260902T101335,AMD,Advanced Micro Devices,Microchip Technology Incorporated $MCHP Stake Raised by Natural Investments LLC,MarketBeat,https://www.marketbeat.com/instant-alerts/filing-microchip-technology-incorporated-mchp-stake-raised-by-natural-investments-llc-2026-09-02/,"Natural Investments LLC significantly increased its stake in Microchip Technology Inc. (MCHP) by 3,410.6% during the second quarter, bringing its total holdings to 119,359 shares valued at $10.9 million. This move makes Microchip Technology its 8th largest holding. The semiconductor company reported strong quarterly earnings, beating estimates with $0.76 EPS and a 38% year-over-year revenue increase to $1.48 billion, while also declaring a quarterly dividend of $0.455 per share.",0.168865,Somewhat-Bullish,0.625874,0.115971,Neutral
20260902T103157,AMD,Advanced Micro Devices,VMware wants to become the enterprise home for AI agents,TechTarget,https://www.techtarget.com/it-infrastructure/news/366649184/VMware-wants-to-become-the-enterprise-home-for-AI-Agents,"VMware, under Broadcom, is positioning its VMware Private AI Cloud on VMware Cloud Foundation (VCF) as the enterprise solution for AI agents, aiming to convince customers to keep AI workloads within their ecosystem. The strategy emphasizes running AI privately for cost savings, leveraging existing hardware, efficient GPU utilization, and on-premises data preparation. The company made seven key announcements at Explore 2026, focusing on security, governance, and a platform for ""untrusted"" AI agents, while acknowledging that many new AI capabilities will be separately licensed add-ons to the VCF subscription.",0.176497,Somewhat-Bullish,0.741455,0.223880,Somewhat-Bullish
20260902T103540,AMD,Advanced Micro Devices,"63,008 Shares in Microchip Technology Incorporated $MCHP Bought by Tsfg LLC",MarketBeat,https://www.marketbeat.com/instant-alerts/filing-63008-shares-in-microchip-technology-incorporated-mchp-bought-by-tsfg-llc-2026-09-02/,"Tsfg LLC recently acquired 63,008 shares of Microchip Technology (NASDAQ:MCHP) worth approximately $5.75 million, contributing to institutional investors' 91.51% ownership of the company. Microchip Technology reported strong quarterly earnings, beating estimates with $0.76 EPS and 38% year-over-year revenue growth, and announced a $0.455 quarterly dividend. Analysts currently rate the stock as a ""Moderate Buy"" with an average price target of $98.67.",0.371575,Bullish,0.550307,0.322508,Somewhat-Bullish
20260902T112759,AMD,Advanced Micro Devices,"Stoke Therapeutics, Inc. $STOK Shares Acquired by Wellington Management Group LLP",MarketBeat,https://www.marketbeat.com/instant-alerts/filing-stoke-therapeutics-inc-stok-shares-acquired-by-wellington-management-group-llp-2026-09-02/,"Wellington Management Group LLP increased its stake in Stoke Therapeutics (NASDAQ:STOK) by 13.7% in the second quarter, acquiring over 423,000 additional shares. Several other institutional investors also raised their holdings, though company insiders sold nearly $900,000 worth of shares in the past three months. Despite missing earnings expectations, analysts generally maintain a ""Moderate Buy"" rating with a $44.25 average price target for the stock.",0.167985,Somewhat-Bullish,0.587345,0.148346,Neutral
20260902T113019,AMD,Advanced Micro Devices,"Public Employees Retirement System of Ohio Purchases New Position in Sterling Infrastructure, Inc. $STRL",MarketBeat,https://www.marketbeat.com/instant-alerts/filing-public-employees-retirement-system-of-ohio-purchases-new-position-in-sterling-infrastructure-inc-strl-2026-09-02/,"The Public Employees Retirement System of Ohio recently acquired a new position in Sterling Infrastructure, Inc. (NASDAQ:STRL), purchasing 8,657 shares valued at approximately $7.3 million in the second quarter. This move is part of broader institutional investor activity, with major firms like BlackRock Inc. and State Street Corp also adjusting their holdings. Sterling Infrastructure reported strong quarterly earnings, beating estimates with $5.80 EPS and a 90.4% year-over-year revenue increase to $1.17 billion, while analysts maintain a ""Moderate Buy"" rating for the stock.",0.276588,Somewhat-Bullish,0.587096,0.104219,Neutral
20260902T122310,AMD,Advanced Micro Devices,ChronoScale and Microsoft partner on 50MW deployment in North America,Data Center Dynamics,https://www.datacenterdynamics.com/en/news/chronoscale-and-microsoft-partner-on-50mw-deployment-in-north-america/,"Microsoft is collaborating with ChronoScale, Applied Digital's cloud spin-off, on a 50MW AI infrastructure deployment in the US. This deployment will utilize Nvidia GB300 NVL72 systems and liquid cooling, designed to support high-density accelerated computing. ChronoScale, which recently spun out from Applied Digital, aims to provide production-ready AI compute with high performance and scalability.",0.261681,Somewhat-Bullish,0.741796,0.244417,Somewhat-Bullish
20260902T124818,AMD,Advanced Micro Devices,Wolfe Research Begins Coverage on Hilton Worldwide (NYSE:HLT),MarketBeat,https://www.marketbeat.com/instant-alerts/analyst-wolfe-research-begins-coverage-on-hilton-worldwide-nyse-hlt-2026-09-02/,"Wolfe Research initiated coverage on Hilton Worldwide (NYSE:HLT) with a ""peer perform"" rating, while the broader analyst consensus remains a ""Moderate Buy"" with a target price of $353.82. Hilton recently reported strong quarterly EPS of $2.29, surpassing expectations, and revenue growth of 6.5% year-over-year. The company provided optimistic guidance for both the third quarter and full-year 2026 EPS.",0.174499,Somewhat-Bullish,0.572578,0.133129,Neutral
20260902T130410,AMD,Advanced Micro Devices,Modine Manufacturing's (MOD) Overweight Rating Reaffirmed at KeyCorp,MarketBeat,https://www.marketbeat.com/instant-alerts/analyst-modine-manufacturings-mod-overweight-rating-reaffirmed-at-keycorp-2026-09-02/,"KeyCorp has reaffirmed its ""Overweight"" rating for Modine Manufacturing (MOD) and set a $280 price target, suggesting a 54.8% potential upside. The company's stock currently holds a ""Moderate Buy"" consensus rating from analysts, with an average target price of $320.14. Modine also recently surpassed earnings expectations, reporting an EPS of $1.53 against a $1.27 consensus and a 28% year-over-year revenue increase.",0.274989,Somewhat-Bullish,0.649848,0.339367,Somewhat-Bullish
20260902T132034,AMD,Advanced Micro Devices,Mizuho Raises Public Storage (NYSE:PSA) Price Target to $319.00,MarketBeat,https://www.marketbeat.com/instant-alerts/analyst-mizuho-raises-public-storage-nyse-psa-price-target-to-31900-2026-09-02/,"Mizuho has increased its price target for Public Storage (NYSE:PSA) to $319.00 from $316.00, maintaining a ""neutral"" rating and suggesting a potential upside of 5.55%. The real estate investment trust (REIT) recently reported strong quarterly earnings, beating estimates with $4.17 EPS on $1.23 billion in revenue, and provided fiscal 2026 EPS guidance of $16.75–$17.05. Despite an insider sale, institutional investors have increased their holdings, and the broader analyst consensus remains ""Hold"" with an average target price of $327.16.",0.248243,Somewhat-Bullish,0.553686,0.299556,Somewhat-Bullish
20260902T142841,AMD,Advanced Micro Devices,"182,562 Shares in Xenia Hotels & Resorts, Inc. $XHR Purchased by Jupiter Topco LLC",MarketBeat,https://www.marketbeat.com/instant-alerts/filing-182562-shares-in-xenia-hotels-resorts-inc-xhr-purchased-by-jupiter-topco-llc-2026-09-02/,"Jupiter Topco LLC recently acquired 182,562 shares of Xenia Hotels & Resorts, Inc. (NYSE:XHR), a transaction valued at approximately $3.7 million, giving them a 0.20% stake in the company. Institutional investors collectively own 92.43% of the REIT. Xenia Hotels & Resorts reported stronger-than-expected Q2 EPS of $0.61, beating estimates by $0.37, though revenue of $295.49 million fell short of expectations despite a 2.7% year-over-year increase.",0.129532,Neutral,0.626502,0.106320,Neutral
20260902T143158,AMD,Advanced Micro Devices,"Phillips Edison & Company, Inc. Declares Monthly Dividend of $0.12 (NASDAQ:PECO)",MarketBeat,https://www.marketbeat.com/instant-alerts/dividend-phillips-edison-company-inc-declares-monthly-dividend-of-012-nasdaq-peco-2026-09-02/,"Phillips Edison & Company, Inc. (NASDAQ:PECO) declared a monthly dividend of $0.115 per share, payable on November 3rd to shareholders of record on October 15th, representing an annualized dividend of $1.30 and a 3.5% yield. While the current payout ratio is high at 183.1%, analysts project a future payout ratio of 44.5% based on expected earnings. The company's stock recently traded at $38.90, with analysts maintaining a consensus ""Hold"" rating and an average price target of $44.33.",0.180701,Somewhat-Bullish,0.589456,0.225820,Somewhat-Bullish
20260902T153532,AMD,Advanced Micro Devices,"The Manufacturers Life Insurance Company Invests $3.23 Million in Applied Optoelectronics, Inc. $AAOI",MarketBeat,https://www.marketbeat.com/instant-alerts/filing-the-manufacturers-life-insurance-company-invests-323-million-in-applied-optoelectronics-inc-aaoi-2026-09-02/,"The Manufacturers Life Insurance Company recently invested $3.23 million in Applied Optoelectronics (NASDAQ:AAOI) by purchasing 21,786 shares. Despite mixed analyst ratings, with an average ""Hold"" and a consensus price target of $139.40, Applied Optoelectronics exceeded quarterly expectations with $0.06 EPS and $191.92 million in revenue, an 86.3% year-over-year increase. However, the company remains unprofitable, and insiders have sold approximately $44.2 million worth of stock in the last 90 days.",0.026675,Neutral,0.595945,0.123888,Neutral
20260902T162449,AMD,Advanced Micro Devices,Berenberg initiates HawkEye 360 stock with buy on defense demand,Investing.com,https://www.investing.com/news/analyst-ratings/berenberg-initiates-hawkeye-360-stock-with-buy-on-defense-demand-93CH-4885478,"Berenberg has initiated coverage on HawkEye 360 Inc. (NYSE:HAWK) with a Buy rating and a price target of $24.00, citing strong demand in defense and the company's unique position in commercial radio-frequency signals intelligence. Despite a recent stock decline, Berenberg highlights HawkEye 360's significant organic growth, high gross margins, and expanding EBITDA margins, driven by increased government spending on electronic warfare. The company also reported an 87% revenue increase in Q2 2026, though it faced a wider net loss due to public market transition costs.",0.230411,Somewhat-Bullish,0.602274,0.129706,Neutral
20260902T171129,AMD,Advanced Micro Devices,"Insider Selling: First Solar (NASDAQ:FSLR) CTO Sells $160,000.00 in Stock",MarketBeat,https://www.marketbeat.com/instant-alerts/insider-insider-selling-first-solar-nasdaq-fslr-cto-sells-16000000-in-stock-2026-09-02/,"First Solar (NASDAQ:FSLR) CTO Markus Gloeckler sold 800 shares of the company's stock for $160,000.00 at an average price of $200.00, reducing his direct holdings by 12.04% to 5,842 shares. This transaction was part of a pre-arranged Rule 10b5-1 trading plan. The company's shares traded down 0.2% and are near the lower end of their 52-week range, despite recently exceeding quarterly earnings expectations.",-0.150004,Somewhat-Bearish,0.557193,0.027637,Neutral
20260902T172615,AMD,Advanced Micro Devices,Prediction: Intel Stock Could Have a Major Catalyst Ahead,24/7 Wall St.,https://247wallst.com/investing/2026/09/02/prediction-intel-stock-could-have-a-major-catalyst-ahead/,"Intel's stock has seen a dramatic reversal, with a 267.6% increase over the past year due to its 18A ramp, NVIDIA investment, and AI-driven data center growth. 24/7 Wall St. has a buy recommendation and a $101.53 price target for Intel, citing strong Q2 2026 results where revenue grew 25.42% and data center/AI revenue jumped 59%. The company faces challenges like foundry operating losses and mixed analyst sentiment, but its turnaround potential and lower relative multiple compared to NVIDIA and AMD make its future outlook promising.",0.383263,Bullish,0.601988,0.300403,Somewhat-Bullish
20260902T172651,AMD,Advanced Micro Devices,"Legal & General Group Plc Makes New $8.10 Million Investment in Axsome Therapeutics, Inc. $AXSM",MarketBeat,https://www.marketbeat.com/instant-alerts/filing-legal-general-group-plc-makes-new-810-million-investment-in-axsome-therapeutics-inc-axsm-2026-09-02/,"Legal & General Group Plc has made a new $8.10 million investment in Axsome Therapeutics, Inc. by purchasing 33,072 shares. This comes as Axsome Therapeutics reported a quarterly loss and missed revenue estimates, yet analyst sentiment remains positive with a ""Moderate Buy"" rating. Insider transactions show recent sales by company directors to cover tax obligations.",0.136746,Neutral,0.640877,0.182150,Somewhat-Bullish
20260902T172841,AMD,Advanced Micro Devices,"Insider Buying: RGC Resources (NASDAQ:RGCO) Director Acquires 1,000 Shares",MarketBeat,https://www.marketbeat.com/instant-alerts/insider-insider-buying-rgc-resources-nasdaq-rgco-director-acquires-1000-shares-2026-09-02/,"RGC Resources (NASDAQ:RGCO) Director John Williamson III recently acquired 1,000 shares of the company's stock at $21.30 each, increasing his holdings by 0.56%. This insider transaction comes as the company reported quarterly earnings and revenue below analyst expectations, though it maintains a 4.0% dividend yield and an overall ""Buy"" rating from analysts. Institutional investors have also been adjusting their positions in RGCO.",0.094705,Neutral,0.561669,0.268063,Somewhat-Bullish
20260902T173417,AMD,Advanced Micro Devices,Investors Purchase High Volume of Call Options on Cheniere Energy (NYSE:LNG),MarketBeat,https://www.marketbeat.com/instant-alerts/options-investors-purchase-high-volume-of-call-options-on-cheniere-energy-nyse-lng-2026-09-02/,"Investors showed unusually high interest in call options for Cheniere Energy (NYSE:LNG), with trading volume significantly exceeding typical levels. This comes as institutional ownership remains strong and the company's stock trades near its 12-month high, despite slightly missing recent quarterly earnings estimates. Analysts generally maintain a ""Moderate Buy"" rating for LNG, with a consensus price target slightly above its current trading price.",0.084511,Neutral,0.575741,0.043654,Neutral
20260902T184741,AMD,Advanced Micro Devices,Can AMD's Saudi AI Buildout Challenge NVIDIA and Broadcom?,Yahoo! Finance Canada,https://ca.finance.yahoo.com/news/amds-saudi-ai-buildout-challenge-184700108.html,"AMD, Cisco, and HUMAIN are expanding their AI infrastructure collaboration in Saudi Arabia, with plans to deploy up to 1 gigawatt of AI infrastructure by 2030, using AMD Instinct GPUs and EPYC CPUs. This initiative aims to strengthen AMD's competitive position against NVIDIA and Broadcom in the data center AI market, focusing on sovereign AI capacity. Despite AMD's growth in this sector, it faces significant challenges from NVIDIA's established ecosystem and Broadcom's custom AI accelerators and networking leadership.",0.195397,Somewhat-Bullish,1.000000,0.428832,Bullish
20260902T192313,AMD,Advanced Micro Devices,"BUUU Group to Acquire 60% of Brightray, Raise Over $60 Million",citybiz,https://www.citybiz.co/article/898659/buuu-group-to-acquire-60-of-brightray-raise-over-60-million/,"BUUU Group Limited is set to acquire a 60% stake in Brightray Science Inc., marking a strategic shift towards modular AI data center delivery. This acquisition is coupled with private placements aiming to raise over $60 million to support Brightray's expansion, including a project pipeline targeting 2GW of capacity across various regions. BUUU plans to relocate its headquarters to Singapore, aligning with Brightray's Southeast Asian operations and international growth.",0.278205,Somewhat-Bullish,0.623466,0.205865,Somewhat-Bullish
20260902T212814,AMD,Advanced Micro Devices,"Insider Selling: Leidos (NYSE:LDOS) Director Sells 1,000 Shares",MarketBeat,https://www.marketbeat.com/instant-alerts/insider-insider-selling-leidos-nyse-ldos-director-sells-1000-shares-2026-09-02/,"Leidos director Gary Stephen May sold 1,000 shares of LDOS stock for $140.85 per share, totaling $140,850, reducing his ownership by 8.93%. Despite this insider selling, Leidos reported strong quarterly earnings and revenue, exceeding analyst expectations, and announced a new share buyback program and quarterly dividend. Analysts currently maintain a ""Hold"" rating for the stock with an average price target of $162.93.",0.026317,Neutral,0.566073,0.212925,Somewhat-Bullish
20260902T222359,AMD,Advanced Micro Devices,How Equinix has found a niche in the multitrillion-dollar AI data center boom,CNBC,https://www.cnbc.com/2026/09/02/equinix-partners-with-nvidia-carves-niche-in-ai-data-center-boom.html,"Equinix, a legacy data center company, has strategically positioned itself to benefit from the AI boom by partnering with Nvidia and Together AI, allowing customers flexible ways to run AI models. Despite being a colocation facility rather than a hyperscaler, Equinix's stock is up 33% this year, raising its market cap to $100 billion. The company's focus on inference and urban data center locations gives it a unique advantage in the evolving AI landscape, even as some investors remain skeptical about its growth potential.",0.141775,Neutral,0.627020,0.117709,Neutral
20260902T222656,AMD,Advanced Micro Devices,Hewlett Packard Enterprise Company (HPE) Q3 2026 Earnings Call Transcript,AlphaStreet,https://news.alphastreet.com/hewlett-packard-enterprise-company-hpe-q3-2026-earnings-call-transcript/amp/,"Hewlett Packard Enterprise (HPE) reported record Q3 2026 financial results, exceeding all commitments with significant growth in revenue, gross margin, operating profit, and EPS, driven by strong demand for AI and networking solutions. The company raised its fiscal 2026 and 2027 outlooks, with orders growing faster than revenue, resulting in a record backlog despite ongoing supply constraints. HPE also highlighted an expanded collaboration with Oracle for gigawatt-scale AI infrastructure and the successful integration of Juniper Networks.",0.379663,Bullish,0.627117,0.324971,Somewhat-Bullish
20260903T023121,AMD,Advanced Micro Devices,Nauticus Robotics (KITT) Stock Jumps Over 24% After Hours: Why It Is Trending,Benzinga,https://www.benzinga.com/markets/equities/26/09/61566291/nauticus-robotics-shares-comanche-rov-commercial-offshore-projects,"Nauticus Robotics (NASDAQ: KITT) shares surged over 24% in after-hours trading after announcing that both of its Comanche remotely operated vehicle (ROV) systems are now deployed on commercial offshore projects. One ROV is aiding offshore wind development in the U.S. Northeast, while the other is inspecting platforms along the Gulf Coast, marking a significant operational milestone and increased asset utilization. Despite this positive development, the company has not provided future revenue guidance, and its stock has seen a substantial decline over the past year.",-0.047713,Neutral,0.571839,-0.321340,Somewhat-Bearish
20260903T032721,AMD,Advanced Micro Devices,GreenTree Hospitality Group Q2 2026 Profit Slumps as Revenue and Key Operating Metrics Decline,The Globe and Mail,https://www.theglobeandmail.com/investing/markets/stocks/GHG/pressreleases/4097470/greentree-hospitality-group-q2-2026-profit-slumps-as-revenue-and-key-operating-metrics-decline/,"GreenTree Hospitality Group reported a significant decline in Q2 2026 profit, with net income plunging to RMB21.3 million from RMB160.0 million a year prior. This slump is attributed to an 18.7% decrease in total revenues, driven by lower average daily room rates, occupancy, and RevPAR, as well as reduced restaurant metrics. Despite these declines, non-GAAP core net income saw a slight increase, and the company continued to expand its hotel and restaurant portfolio.",-0.155681,Somewhat-Bearish,0.627795,0.109872,Neutral
20260903T062637,AMD,Advanced Micro Devices,"LRNZ Top Holdings List & Exposure (TrueShares Technology, AI & Deep Learning ETF)",MarketBeat,https://www.marketbeat.com/stocks/BATS/LRNZ/holdings/,"This article details the top holdings, sector exposure, geographic exposure, and currency exposure for the TrueShares Technology, AI & Deep Learning ETF (LRNZ). The ETF's top holdings include Cloudflare, Natera, and CrowdStrike, with its portfolio heavily concentrated in the Technology and Health Care sectors, primarily within the United States.",0.104866,Neutral,0.635045,0.138409,Neutral
20260903T070759,AMD,Advanced Micro Devices,NVIDIA Corporation $NVDA Stock Holdings Trimmed by Asio Capital LLC,MarketBeat,https://www.marketbeat.com/instant-alerts/filing-nvidia-corporation-nvda-stock-holdings-trimmed-by-asio-capital-llc-2026-09-03/,"Asio Capital LLC reduced its stake in NVIDIA Corporation by 2.7% in the second quarter, now owning 162,027 shares valued at $32.42 million. Despite this, other institutional investors largely increased their holdings, and NVIDIA's stock performance remains strong with a market cap of $5.41 trillion and recent positive earnings. The company also announced a stock repurchase plan and a quarterly dividend, while analysts maintain a ""Moderate Buy"" consensus rating.",0.243377,Somewhat-Bullish,0.643317,0.330370,Somewhat-Bullish
20260903T070849,AMD,Advanced Micro Devices,"B. Metzler seel. Sohn & Co. AG Has $13.49 Million Holdings in Prologis, Inc. $PLD",MarketBeat,https://www.marketbeat.com/instant-alerts/filing-b-metzler-seel-sohn-co-ag-has-1349-million-holdings-in-prologis-inc-pld-2026-09-03/,"B. Metzler seel. Sohn & Co. AG increased its stake in Prologis, Inc. by 16.9% in the second quarter, bringing its total holdings to $13.49 million. Other institutional investors also adjusted their positions in Prologis, which recently reported strong Q1 2026 earnings, beating analyst estimates with $1.13 EPS on $2.43 billion revenue. Analysts have given Prologis a ""Moderate Buy"" rating with an average price target of $154.52.",0.247609,Somewhat-Bullish,0.573389,0.118331,Neutral
20260903T071754,AMD,Advanced Micro Devices,"Amazon.com, Inc. $AMZN Position Increased by Family Investment Center Inc.",MarketBeat,https://www.marketbeat.com/instant-alerts/filing-amazoncom-inc-amzn-position-increased-by-family-investment-center-inc-2026-09-03/,"Family Investment Center Inc. significantly increased its stake in Amazon.com, Inc. by 205.7% in the second quarter, bringing its total holdings to 4,106 shares valued at $979,000. Other institutional investors also adjusted their positions, with overall institutional ownership of Amazon standing at 72.2%. The company reported strong Q2 earnings, exceeding analyst expectations, and maintains a ""Moderate Buy"" consensus rating from analysts despite facing regulatory scrutiny and recent insider stock sales.",0.293341,Somewhat-Bullish,0.620005,0.339992,Somewhat-Bullish
20260903T071838,AMD,Advanced Micro Devices,"Amazon.com, Inc. $AMZN is Abundance Wealth Counselors' 8th Largest Position",MarketBeat,https://www.marketbeat.com/instant-alerts/filing-amazoncom-inc-amzn-is-abundance-wealth-counselors-8th-largest-position-2026-09-03/,"Abundance Wealth Counselors significantly increased its stake in Amazon.com, Inc. (NASDAQ:AMZN) by 81.9% in the second quarter, making it their eighth-largest position. Other institutional investors like Vanguard Group Inc., State Street Corp, and Geode Capital Management LLC also increased their holdings. The article details Amazon's financial performance, recent insider stock sales, and current analyst ratings, alongside recent news impacting the company's sentiment.",0.197377,Somewhat-Bullish,0.646835,0.346703,Somewhat-Bullish
20260903T072935,AMD,Advanced Micro Devices,Bank of America Corp DE Has $1.97 Million Stake in Cars.com Inc. $CARS,MarketBeat,https://www.marketbeat.com/instant-alerts/filing-bank-of-america-corp-de-has-197-million-stake-in-carscom-inc-cars-2026-09-03/,"Bank of America Corp DE significantly reduced its stake in Cars.com Inc. by 73.7% in the first quarter, now owning 243,124 shares valued at $1.97 million. Despite this, other institutional investors like Pale Fire Capital SE and Par Capital Management Inc. increased or initiated large positions in the company. Analysts currently have a ""Hold"" rating on Cars.com, with an average target price of $14.83, following recent downgrades and upgrades from various firms.",0.083205,Neutral,0.577416,0.117390,Neutral
20260903T073229,AMD,Advanced Micro Devices,"Commonwealth of Pennsylvania Public School Empls Retrmt SYS Sells 310,852 Shares of NVIDIA Corporation $NVDA",MarketBeat,https://www.marketbeat.com/instant-alerts/filing-commonwealth-of-pennsylvania-public-school-empls-retrmt-sys-sells-310852-shares-of-nvidia-corporation-nvda-2026-09-03/,"The Commonwealth of Pennsylvania Public School Employees' Retirement System (PSERS) reduced its stake in NVIDIA Corporation by 5.5% in the second quarter, selling 310,852 shares. Despite this sale, NVIDIA remains PSERS's largest holding, constituting 5.2% of its investment portfolio, valued at over $1 billion. This article also details other institutional investor activity, NVIDIA's stock performance, recent earnings, dividend announcement, share repurchase plan, analyst ratings, and key news impacting the company.",0.401196,Bullish,0.616432,0.309418,Somewhat-Bullish
20260903T073238,AMD,Advanced Micro Devices,"Flputnam Investment Management Co. Purchases 10,502 Shares of Advanced Micro Devices, Inc. $AMD",MarketBeat,https://www.marketbeat.com/instant-alerts/filing-flputnam-investment-management-co-purchases-10502-shares-of-advanced-micro-devices-inc-amd-2026-09-03/,"Flputnam Investment Management Co. increased its stake in Advanced Micro Devices (AMD) by 11.5% in the second quarter, acquiring an additional 10,502 shares and bringing its total holdings to 101,666 shares valued at $59 million. The article also highlights recent positive news for AMD, including AI infrastructure collaborations and analyst optimism, alongside some negative sentiment regarding competition with Nvidia and valuation concerns. Insider selling by executives Jean X. Hu and Forrest Eugene Norrod is also detailed.",0.093424,Neutral,1.000000,0.277739,Somewhat-Bullish
20260903T073338,AMD,Advanced Micro Devices,"Capstone Wealth Management LLC Increases Holdings in Amazon.com, Inc. $AMZN",MarketBeat,https://www.marketbeat.com/instant-alerts/filing-capstone-wealth-management-llc-increases-holdings-in-amazoncom-inc-amzn-2026-09-03/,"Capstone Wealth Management LLC significantly increased its stake in Amazon.com, Inc. (NASDAQ:AMZN) by 116.1% in the second quarter, acquiring an additional 3,084 shares and bringing its total to 5,741 shares valued at $1,368,000. This makes Amazon its 11th largest position, representing 0.6% of its investment portfolio. Other institutional investors also adjusted their positions, while recent insider transactions show sales by Amazon executives.",0.239777,Somewhat-Bullish,0.626119,0.303258,Somewhat-Bullish
20260903T075231,AMD,Advanced Micro Devices,First Bancorp Inc ME Makes New Investment in Intel Corporation $INTC,MarketBeat,https://www.marketbeat.com/instant-alerts/filing-first-bancorp-inc-me-makes-new-investment-in-intel-corporation-intc-2026-09-03/,"First Bancorp Inc ME has made a new investment in Intel Corporation, acquiring 7,889 shares valued at approximately $1.1 million during the second quarter. This move is part of a broader trend of institutional investors modifying their holdings in Intel, with other firms like ABS Investment Management LLC and Glynn Capital Management LLC also increasing stakes. Despite some dilution concerns from a recent stock offering, positive sentiment surrounds Intel's 14A process and potential for significant contracts, while the CEO's $10 million stock purchase signals confidence in the company's turnaround strategy.",0.097353,Neutral,0.550950,0.083607,Neutral
20260903T075238,AMD,Advanced Micro Devices,"Benjamin Edwards Inc. Sells 6,641 Shares of Advanced Micro Devices, Inc. $AMD",MarketBeat,https://www.marketbeat.com/instant-alerts/filing-benjamin-edwards-inc-sells-6641-shares-of-advanced-micro-devices-inc-amd-2026-09-03/,"Benjamin Edwards Inc. has reduced its stake in Advanced Micro Devices (NASDAQ:AMD) by 12.5%, selling 6,641 shares and now owning 46,306 shares valued at $26.9 million. This transaction comes amidst other institutional investors adjusting their positions in AMD, with several new purchases noted in recent quarters. The article also details AMD's stock performance, recent earnings, insider trading activity, and various analyst ratings and price targets.",0.119289,Neutral,1.000000,0.183190,Somewhat-Bullish
20260903T075638,AMD,Advanced Micro Devices,"GTS Securities LLC Grows Stake in Advanced Micro Devices, Inc. $AMD",MarketBeat,https://www.marketbeat.com/instant-alerts/filing-gts-securities-llc-grows-stake-in-advanced-micro-devices-inc-amd-2026-09-03/,"GTS Securities LLC significantly increased its holdings in Advanced Micro Devices (AMD) by 131.8% in Q2, bringing its total to 30,726 shares valued at $17.85 million. Despite this, AMD faces potential risks from execution challenges against Nvidia, an elevated valuation, profit-taking, and recent insider selling. Analysts generally maintain a ""Moderate Buy"" rating with an average target price of $553.72, and the company recently beat quarterly earnings and revenue expectations.",0.242477,Somewhat-Bullish,1.000000,0.280728,Somewhat-Bullish
20260903T075639,AMD,Advanced Micro Devices,"Headlands Technologies LLC Has $13.46 Million Holdings in Advanced Micro Devices, Inc. $AMD",MarketBeat,https://www.marketbeat.com/instant-alerts/filing-headlands-technologies-llc-has-1346-million-holdings-in-advanced-micro-devices-inc-amd-2026-09-03/,"Headlands Technologies LLC significantly increased its stake in Advanced Micro Devices (AMD) by 962.3% in the second quarter, now holding 23,179 shares valued at $13.46 million. This makes AMD the firm's fourth-largest holding, representing about 1.4% of its portfolio. Despite institutional ownership of 71.34%, with BlackRock as the largest holder, concerns about AMD's high valuation and execution risks persist, even as analysts maintain a ""Moderate Buy"" rating with an average price target of $553.72.",0.144967,Neutral,1.000000,0.306996,Somewhat-Bullish
20260903T082718,AMD,Advanced Micro Devices,Aercap Holdings N.V. $AER Shares Acquired by Coppell Advisory Solutions LLC,MarketBeat,https://www.marketbeat.com/instant-alerts/filing-aercap-holdings-nv-aer-shares-acquired-by-coppell-advisory-solutions-llc-2026-09-03/,"Coppell Advisory Solutions LLC significantly increased its stake in AerCap Holdings N.V. (NYSE:AER) by 441.2% in the second quarter, now owning 23,679 shares valued at $3.45 million. This move comes as other institutional investors also adjusted their holdings, collectively owning 96.42% of the company's stock. AerCap reported strong quarterly earnings, beating analyst estimates with $5.14 EPS and a 14.9% revenue increase, and analysts maintain a ""Buy"" rating with an average price target of $172.56.",0.259687,Somewhat-Bullish,0.620453,0.054748,Neutral
20260903T082747,AMD,Advanced Micro Devices,"iSAM Funds UK Ltd Buys Shares of 24,900 CocaCola Company (The) $KO",MarketBeat,https://www.marketbeat.com/instant-alerts/filing-isam-funds-uk-ltd-buys-shares-of-24900-cocacola-company-the-ko-2026-09-03/,"iSAM Funds UK Ltd recently acquired 24,900 shares of Coca-Cola Company, valued at approximately $2.02 million, making it their sixth-largest holding. Coca-Cola reported strong quarterly earnings, exceeding analyst estimates, and announced a quarterly dividend of $0.53 per share. Analysts have a ""Moderate Buy"" consensus for KO with an average price target of $95.76.",0.214968,Somewhat-Bullish,0.535177,0.123551,Neutral
20260903T082827,AMD,Advanced Micro Devices,"Legal & General Group Plc Buys New Stake in Helmerich & Payne, Inc. $HP",MarketBeat,https://www.marketbeat.com/instant-alerts/filing-legal-general-group-plc-buys-new-stake-in-helmerich-payne-inc-hp-2026-09-03/,"Legal & General Group Plc has acquired a new stake of 220,924 shares in Helmerich & Payne, Inc. (NYSE:HP) during the second quarter, valued at approximately $7.2 million. This purchase represents 0.22% of the oil and gas company. Institutional investors and hedge funds now collectively own 96.05% of HP's stock, while analyst ratings for the company are mixed, resulting in a consensus ""Hold"" rating with a $41 price target.",-0.02847,Neutral,0.582062,0.240323,Somewhat-Bullish
20260903T082958,AMD,Advanced Micro Devices,"iSAM Funds UK Ltd Sells 2,222 Shares of Parker-Hannifin Corporation $PH",MarketBeat,https://www.marketbeat.com/instant-alerts/filing-isam-funds-uk-ltd-sells-2222-shares-of-parker-hannifin-corporation-ph-2026-09-03/,"iSAM Funds UK Ltd significantly reduced its stake in Parker-Hannifin Corporation by selling 2,222 shares, retaining 1,360 shares valued at approximately $1.33 million. Despite this sale, analyst sentiment remains positive, with a ""Moderate Buy"" consensus and an average price target of $1,100, following the company's strong quarterly earnings and dividend declaration. Parker-Hannifin exceeded expectations with $9.27 EPS and $5.75 billion in revenue, also announcing a quarterly dividend of $2.00 per share.",0.265259,Somewhat-Bullish,0.628694,0.239810,Somewhat-Bullish
20260903T083326,AMD,Advanced Micro Devices,Legal & General Group Plc Takes $7.62 Million Position in TeraWulf Inc. $WULF,MarketBeat,https://www.marketbeat.com/instant-alerts/filing-legal-general-group-plc-takes-762-million-position-in-terawulf-inc-wulf-2026-09-03/,"Legal & General Group Plc has acquired a new stake in TeraWulf Inc. (NASDAQ:WULF) worth approximately $7.62 million, purchasing 308,522 shares. This comes as institutional investors now own 62.49% of the company, despite TeraWulf reporting a recent weak quarter with a $1.94 loss per share and a 6% year-over-year revenue decrease. Analysts, however, maintain a ""Moderate Buy"" rating with an average price target of $34.21.",0.097819,Neutral,0.645807,0.231388,Somewhat-Bullish
20260903T084035,AMD,Advanced Micro Devices,"Amerant Bancorp Inc. (NYSE:AMTB) Receives Consensus Rating of ""Moderate Buy"" from Analysts",MarketBeat,https://www.marketbeat.com/instant-alerts/consensus-amerant-bancorp-inc-nyse-amtb-receives-consensus-rating-of-moderate-buy-from-analysts-2026-09-03/,"Amerant Bancorp Inc. (NYSE:AMTB) has received a consensus ""Moderate Buy"" rating from six research firms, with an average 12-month price target of $27.75. The company recently surpassed earnings expectations, reporting an EPS of $0.53 against a $0.39 consensus, and analysts anticipate a full-year EPS of approximately $2.22. Institutional investors hold a significant portion of the stock, and Amerant Bancorp offers a quarterly dividend, resulting in an annual yield of 1.2%.",0.393762,Bullish,0.648448,0.317908,Somewhat-Bullish
20260903T084154,AMD,Advanced Micro Devices,"157,582 Shares in Academy Sports and Outdoors, Inc. $ASO Purchased by Legal & General Group Plc",MarketBeat,https://www.marketbeat.com/instant-alerts/filing-157582-shares-in-academy-sports-and-outdoors-inc-aso-purchased-by-legal-general-group-plc-2026-09-03/,"Legal & General Group Plc acquired a significant stake of 157,582 shares in Academy Sports and Outdoors, Inc. (ASO) during the second quarter, valued at approximately $7.4 million. Despite recent target price reductions from analysts, the stock holds a ""Moderate Buy"" consensus rating with an average price target of $58.31. Academy Sports also reported strong quarterly earnings, beating estimates with $0.93 EPS and achieving $1.44 billion in revenue.",0.163208,Somewhat-Bullish,0.593700,0.120712,Neutral
20260903T085126,AMD,Advanced Micro Devices,"iSAM Funds UK Ltd Has $920,000 Stock Holdings in Church & Dwight Co., Inc. $CHD",MarketBeat,https://www.marketbeat.com/instant-alerts/filing-isam-funds-uk-ltd-has-920000-stock-holdings-in-church-dwight-co-inc-chd-2026-09-03/,"iSAM Funds UK Ltd significantly reduced its stake in Church & Dwight Co., Inc. (NYSE:CHD) by 52.1% in the second quarter, now holding 9,500 shares valued at $920,000. Institutional investors own 86.6% of the company, while insiders have sold approximately $9.6 million worth of shares recently. Analysts currently have a ""Hold"" rating on CHD with a consensus price target of $104.41, following the company's recent earnings report which slightly missed EPS estimates.",0.128107,Neutral,0.641068,0.317134,Somewhat-Bullish
20260903T085156,AMD,Advanced Micro Devices,"Amazon.com, Inc. $AMZN Shares Acquired by Symmetry Partners LLC",MarketBeat,https://www.marketbeat.com/instant-alerts/filing-amazoncom-inc-amzn-shares-acquired-by-symmetry-partners-llc-2026-09-03/,"Symmetry Partners LLC increased its stake in Amazon.com, Inc. by 14.7% in the second quarter, bringing its total holdings to 19,788 shares valued at $4.7 million. Institutional investors now own 72.2% of AMZN, while the company reported strong Q2 earnings of $5.75 per share against a $1.82 consensus, with revenue up 19.6% year-over-year. Despite positive analyst sentiment and a ""Moderate Buy"" rating, risks include insider selling and an FTC lawsuit regarding advertising practices.",0.288415,Somewhat-Bullish,0.605101,0.301533,Somewhat-Bullish
20260903T085925,AMD,Advanced Micro Devices,"Kingsview Wealth Management LLC Acquires Shares of 67,560 The Home Depot, Inc. $HD",MarketBeat,https://www.marketbeat.com/instant-alerts/filing-kingsview-wealth-management-llc-acquires-shares-of-67560-the-home-depot-inc-hd-2026-09-03/,"Kingsview Wealth Management LLC has acquired 67,560 shares of The Home Depot, Inc. (NYSE:HD) during the second quarter, valued at approximately $23.83 million. Other institutional investors also adjusted their stakes in Home Depot, which faces both positive sentiment regarding its AI tools and analyst forecast increases, alongside challenges like weak DIY demand and recent insider stock sales. The company recently declared a quarterly dividend of $2.33 per share, payable on September 17th.",0.2793,Somewhat-Bullish,0.606001,0.157525,Somewhat-Bullish
20260903T090900,AMD,Advanced Micro Devices,Artisan Reduced Amer Sports (AS) After Its Rally Despite Long-Term Brand Strength,Yahoo Finance,https://finance.yahoo.com/markets/stocks/articles/artisan-reduced-amer-sports-rally-130919452.html,"Artisan Partners, through its Artisan Global Opportunities Strategy, reduced its position in Amer Sports (AS) after the company's stock rallied, moving it to a ""HarvestSM"" designation. While acknowledging Amer Sports' strong brands and execution, Artisan believes the company is further along in its profit cycle, making other investment opportunities more compelling. The strategy noted strong absolute returns in Q2 2026 but underperformed its benchmark due to underweight technology and overweight healthcare.",0.042773,Neutral,0.602984,0.130934,Neutral
20260903T091436,AMD,Advanced Micro Devices,"Two Sigma Securities LLC Buys 2,728 Shares of Advanced Micro Devices, Inc. $AMD",MarketBeat,https://www.marketbeat.com/instant-alerts/filing-two-sigma-securities-llc-buys-2728-shares-of-advanced-micro-devices-inc-amd-2026-09-03/,"Two Sigma Securities LLC increased its stake in Advanced Micro Devices (AMD) by 20.9% in the second quarter, acquiring an additional 2,728 shares. This makes AMD its 12th largest holding, valued at $9.16 million. While institutional investors hold a significant portion of AMD's stock and analysts generally maintain a ""Moderate Buy"" rating, concerns persist regarding its high valuation and competition with Nvidia.",0.214662,Somewhat-Bullish,1.000000,0.289953,Somewhat-Bullish
20260903T091452,AMD,Advanced Micro Devices,"Nwam LLC Sells 1,668 Shares of Advanced Micro Devices, Inc. $AMD",MarketBeat,https://www.marketbeat.com/instant-alerts/filing-nwam-llc-sells-1668-shares-of-advanced-micro-devices-inc-amd-2026-09-03/,"Nwam LLC reduced its stake in Advanced Micro Devices (NASDAQ:AMD) by 12.7% in the second quarter, selling 1,668 shares and retaining 11,447 shares valued at $6.65 million. The semiconductor manufacturer shows significant institutional ownership, with 71.34% of the stock held by institutional investors. Despite recent insider selling, analysts maintain a ""Moderate Buy"" rating with an average price target of $553.72, following a quarter where AMD surpassed earnings and revenue estimates.",0.028358,Neutral,1.000000,0.284606,Somewhat-Bullish
20260903T091502,AMD,Advanced Micro Devices,"Moore Capital Management LP Acquires New Position in Advanced Micro Devices, Inc. $AMD",MarketBeat,https://www.marketbeat.com/instant-alerts/filing-moore-capital-management-lp-acquires-new-position-in-advanced-micro-devices-inc-amd-2026-09-03/,"Moore Capital Management LP has acquired a new position in Advanced Micro Devices (AMD), purchasing 44,252 shares valued at approximately $25.7 million during the second quarter. Despite strong quarterly results from AMD, with revenue up 50.1% year-over-year and EPS exceeding expectations, the company faces concerns regarding its high valuation (P/E of 117.5) and execution challenges compared to competitors like Nvidia. Insider selling has also been noted, with over $109.5 million in shares sold by insiders over the past 90 days.",0.207712,Somewhat-Bullish,1.000000,0.215682,Somewhat-Bullish
20260903T092404,AMD,Advanced Micro Devices,Two Sigma Securities LLC Cuts Stake in CocaCola Company (The) $KO,MarketBeat,https://www.marketbeat.com/instant-alerts/filing-two-sigma-securities-llc-cuts-stake-in-cocacola-company-the-ko-2026-09-03/,"Two Sigma Securities LLC significantly reduced its stake in Coca-Cola Company by 77.4% in the second quarter, selling 17,393 shares and retaining 5,065 shares valued at $412,000. Despite this, institutional investors collectively own 70.26% of the company, and analysts maintain a ""Moderate Buy"" rating with an average price target of $95.76. Coca-Cola reported strong quarterly earnings, beating analyst estimates, and declared a quarterly dividend of $0.53.",0.141488,Neutral,0.572285,0.117250,Neutral
20260903T092822,AMD,Advanced Micro Devices,Nwam LLC Purchases New Position in Ingersoll Rand Inc. $IR,MarketBeat,https://www.marketbeat.com/instant-alerts/filing-nwam-llc-purchases-new-position-in-ingersoll-rand-inc-ir-2026-09-03/,"Nwam LLC has acquired a new position in Ingersoll Rand Inc. (NYSE:IR), purchasing 14,600 shares valued at approximately $1.2 million during the second quarter. Ingersoll Rand, with 95.27% institutional ownership, recently reported strong quarterly earnings, exceeding expectations with $0.86 EPS and $2.05 billion in revenue, an 8.5% year-over-year increase. Analysts maintain a ""Moderate Buy"" consensus with an average price target of $96.14, and the company also declared a quarterly dividend of $0.02 per share.",0.171989,Somewhat-Bullish,0.641506,0.337087,Somewhat-Bullish
20260903T100500,AMD,Advanced Micro Devices,"Broadcom Falls 6% as Soft Guidance Overshadows 221% AI Revenue Surge; NVIDIA Inches Higher, AMD Slips",Yahoo Finance,https://finance.yahoo.com/markets/stocks/articles/broadcom-falls-6-soft-guidance-140556754.html,"Broadcom's stock dropped 6% after its Q4 revenue guidance missed consensus, despite a 221% surge in AI revenue, due to concerns over gross margin compression. While NVIDIA saw a 1% increase, AMD and Marvell Technology experienced declines due to worries about custom-accelerator margins, highlighting a company-specific reaction to Broadcom's report rather than a broad AI sector rerating. The market's divided response stems from whether Broadcom's margin normalization is a temporary cost for gaining market share or indicative of a structurally lower-margin business model.",0.04076,Neutral,0.739532,0.233662,Somewhat-Bullish
20260903T101906,AMD,Advanced Micro Devices,BACRP 424B Filings - Bank of America Corp SEC 424B,Stock Titan,https://www.stocktitan.net/sec-filings/BACRP/424b.html,"This article provides a comprehensive list of Bank of America Corp's (BACRP) 424B SEC filings over the last 12 months, detailing various offerings of structured notes. These notes, primarily issued by BofA Finance LLC and guaranteed by Bank of America Corporation, include contingent income callable yield notes, auto-callable yield notes, and buffered notes linked to diverse underlying assets like equity indices (S&P 500, Nasdaq-100, Russell 2000), individual stocks (Meta, Broadcom, NVIDIA, Intel, AMD, Oracle, Tesla, Boeing), and ETFs (gold miners, silver trust). The summaries highlight key features such as coupon rates, call provisions, maturity dates, principal-at-risk clauses, and estimated initial values, emphasizing that payments are subject to the credit risk of BofA Finance and BAC and that most notes are not exchange-listed.",0.118151,Neutral,0.609213,0.139051,Neutral
20260903T102638,AMD,Advanced Micro Devices,"2,846,674 Shares in MetLife, Inc. $MET Acquired by Nykredit A S",MarketBeat,https://www.marketbeat.com/instant-alerts/filing-2846674-shares-in-metlife-inc-met-acquired-by-nykredit-a-s-2026-09-03/,"Nykredit A S recently acquired 2,846,674 shares of MetLife, Inc. ($MET) worth approximately $240.9 million, making MetLife its 24th-largest portfolio holding. This purchase gives Nykredit A S a 0.44% stake in MetLife, where institutional investors collectively own nearly 95% of the company. MetLife has shown strong financial performance with quarterly EPS beating estimates, a 10.5% revenue increase year-over-year, and analysts maintaining a favorable ""Buy"" rating with a target price of $102.21.",0.316481,Somewhat-Bullish,0.587075,0.133369,Neutral
20260903T102652,AMD,Advanced Micro Devices,Intel (INTC) Could Be 82% Below Fair Value After Kasm AI Partnership,Yahoo Finance,https://finance.yahoo.com/markets/stocks/articles/intel-intc-could-82-below-101107945.html,"Intel (INTC) is gaining attention due to an expanded partnership with Kasm Technologies, leveraging Intel Xeon 6 processors for private large language models in regulated industries. Despite recent short-term share price cooling, Intel shows strong long-term momentum, with one narrative suggesting it is 82% undervalued at $500.93 per share, significantly higher than its current $90.05. However, a discounted cash flow model from Simply Wall St indicates the stock might be overvalued at its current price.",0.27001,Somewhat-Bullish,0.627088,0.141308,Neutral
20260903T110000,AMD,Advanced Micro Devices,He’s lost hundreds of thousands in stocks like SpaceX and Beyond Meat — and he’s not stopping. Is the ‘high’ worth it?,Yahoo Finance,https://finance.yahoo.com/markets/stocks/articles/lost-hundreds-thousands-stocks-spacex-110000708.html,"Akshay Sapra lost over CA$350,000 (roughly $250,000) day trading SpaceX, following a previous CA$200,000 loss on Beyond Meat. Despite significant losses and attending a gambling addiction program for trading, Sapra continues to trade, finding the ""highs too good."" He plans to livestream his trades to curb impulsive decisions, comparing trading to drinking where some can control it and others cannot.",0.023429,Neutral,0.710757,0.346540,Somewhat-Bullish
20260903T122631,AMD,Advanced Micro Devices,AMD is Quietly Eating Intel’s Lunch,24/7 Wall St.,https://247wallst.com/investing/2026/09/03/amd-is-quietly-eating-intels-lunch/,"AMD and Intel both reported strong data center growth, but AMD's fabless model and significant AI accelerator deals with companies like Anthropic and Microsoft are giving it a competitive edge. While Intel struggles with foundry losses and a lower gross margin, AMD is gaining x86 server share and is seen as a cleaner investment story despite Intel's recent stock surge driven by a turnaround narrative.",0.142239,Neutral,1.000000,0.490888,Bullish
20260903T131841,AMD,Advanced Micro Devices,Nvidia to buy Hugging Face for $13 billion in big bet on open AI models,Reuters,https://www.reuters.com/business/nvidia-buy-hugging-face-nearly-13-billion-big-bet-open-ai-models-2026-09-03/,"Nvidia will acquire Hugging Face, a popular developer platform for open AI models, for $12.93 billion. This acquisition strengthens Nvidia's position in the open AI market and gives it direct access to a platform used by developers to collaborate and share AI tools. The deal also includes an equity-based retention program for Hugging Face employees joining Nvidia, highlighting the company's commitment to the open-source AI ecosystem.",0.20547,Somewhat-Bullish,0.629888,0.129541,Neutral
20260903T132019,AMD,Advanced Micro Devices,Artisan Trimmed AMD (AMD) After Its AI-Driven Surge,Yahoo Finance,https://finance.yahoo.com/markets/stocks/articles/artisan-trimmed-amd-amd-ai-131922170.html,"Artisan Partners' Global Opportunities Strategy trimmed its Advanced Micro Devices (AMD) holdings in Q2 2026 despite AMD being a top contributor due to strong data center demand and AI infrastructure growth. The fund cited valuation discipline as the reason for trimming its position after a significant rally. Artisan Global Opportunities Strategy continues to focus on long-term opportunities in AI infrastructure, healthcare, and consumer internet, while remaining disciplined on valuation.",0.156962,Somewhat-Bullish,1.000000,0.211170,Somewhat-Bullish
20260903T141122,AMD,Advanced Micro Devices,Morgan Stanley has a strong message for worried AI stock investors,Yahoo Finance Singapore,https://sg.finance.yahoo.com/news/morgan-stanley-strong-message-worried-140700592.html,"Morgan Stanley suggests that despite growing political resistance to AI data centers due to concerns about electricity, water consumption, and community disruption, the overall AI spending story remains robust. While there may be timing delays and shifts in geographical deployment of projects, the firm believes the core capital expenditure from hyperscalers is intact. Investors should, however, prioritize companies with strong balance sheets and diversified operations, and select stocks carefully rather than abandoning the AI thesis entirely.",0.143579,Neutral,0.614694,0.126476,Neutral
20260903T153513,AMD,Advanced Micro Devices,Fitch affirms ASML rating at ’A+’ on lithography leadership By Investing.com,Investing.com India,https://in.investing.com/news/stock-market-news/fitch-affirms-asml-rating-at-a-on-lithography-leadership-93CH-5581779,"Fitch Ratings has affirmed ASML Holding N.V.'s Long-Term Issuer Default Rating at 'A+' with a Stable Outlook, citing the company's dominant position in lithography tools crucial for semiconductor manufacturing, particularly its exclusive production of extreme ultraviolet (EUV) tools. ASML anticipates increased tool capacity and revenue growth in the coming years, despite potential risks like geopolitical tensions and customer concentration. The rating also reflects expectations for sustained positive cash flow and healthy gross margins.",0.30143,Somewhat-Bullish,0.612209,0.201458,Somewhat-Bullish
20260903T161617,AMD,Advanced Micro Devices,Is Texas Instruments (TXN) Cheap After Rising Oil Prices And Treasury Yields Hit Semis?,Simply Wall Street,https://simplywall.st/stocks/us/semiconductors/nasdaq-txn/texas-instruments/news/is-texas-instruments-txn-cheap-after-rising-oil-prices-and-t,"Texas Instruments (TXN) stock has recently seen a pullback due to macro shocks like rising oil prices and higher Treasury yields, impacting its share price by 5.29% over 30 days and 16.56% over 90 days, despite strong year-to-date performance. While a popular narrative suggests TXN is 41.5% undervalued with a fair value of $435.69 due to capacity expansion enhancing long-term competitive position, Simply Wall St's DCF model indicates it is currently overvalued at $254.80 against an estimated future cash flow value of $239.65. The article encourages investors to review data and consider both perspectives to decide on TXN's valuation.",0.130693,Neutral,0.576566,0.012502,Neutral
20260903T171635,AMD,Advanced Micro Devices,AI implementation is requiring holistic solutions,SiliconANGLE,https://siliconangle.com/2026/09/03/ai-implementation-supermicroopenstoragesummit/,"Enterprises are struggling with AI implementation as they move projects from proof of concept to production, primarily due to challenges in making data accessible and usable. Industry experts from AMD, Supermicro, and Nutanix emphasize that the AI model itself is ""table stakes,"" with the real value for businesses lying in their proprietary data. Holistic solutions are needed to address data fragmentation, token costs, and security concerns, often involving a two-tier storage architecture and sovereign AI approaches.",0.287712,Somewhat-Bullish,0.824063,0.313412,Somewhat-Bullish
20260903T171659,AMD,Advanced Micro Devices,MicroSectors Launches Leveraged ETNs for AI Trading,citybuzz -,https://www.citybuzz.co/2026/09/03/microsectors-launches-leveraged-etns-for-ai-trading/,"MicroSectors has launched two new leveraged exchange-traded notes (ETNs), AIQU and AIQD, to provide sophisticated traders with 3x long and 3x short exposure to AI-related stocks. These ETNs track the BITA AI Leaders Select NTR U.S. Index, which includes 25 companies categorized as ""Key Enablers"" and ""Purity Leaders"" in AI. The products are designed for short-term trading due to daily leverage resets and associated compounding and decay effects, reflecting AI's emergence as a distinct, volatile investment sector.",0.356692,Bullish,0.564788,0.296692,Somewhat-Bullish
20260903T172400,AMD,Advanced Micro Devices,Webull Sees Unusually High Options Volume (NASDAQ:BULL),MarketBeat,https://www.marketbeat.com/instant-alerts/options-webull-sees-unusually-high-options-volume-nasdaq-bull-2026-09-03/,"Webull (NASDAQ:BULL) experienced unusually high call option volume on Thursday, with investors purchasing 113,514 call options, 68% above the average. The stock surged 11.6% to $10.04 following the news and a strong earnings report where Webull beat EPS estimates and saw a 51.2% revenue increase. Despite some insider selling, institutional investors established new positions, and analysts maintain a ""Moderate Buy"" rating with an average price target of $12.75.",0.323079,Somewhat-Bullish,0.562681,0.233259,Somewhat-Bullish
20260903T201441,AMD,Advanced Micro Devices,Cathie Wood Sold About $72.8 Million of AMD and Bought About $53 Million of Nvidia. What Changed?,Yahoo Finance,https://finance.yahoo.com/markets/stocks/articles/cathie-wood-sold-72-8-200905404.html,"Cathie Wood's ARK Invest recently sold approximately $72.8 million worth of AMD shares and purchased about $53 million worth of Nvidia shares. This strategic shift suggests a reordering of AI chip suppliers based on risk-adjusted exposure, favoring Nvidia's strong execution and ecosystem while still acknowledging AMD's growth potential. The move highlights a market with two strong players, where Nvidia offers cleaner execution and AMD presents a potentially more explosive share-gain story.",0.152721,Somewhat-Bullish,1.000000,0.117902,Neutral
20260903T205958,AMD,Advanced Micro Devices,"BUUU Group Limited Signs Definitive Agreement to Acquire Majority Stake in Brightray Science Inc. and Over US$60 Million of Private Placements, Making Industrialized AI Data Center Delivery Its Core G",StreetInsider,"https://www.streetinsider.com/PRNewswire/BUUU+Group+Limited+Signs+Definitive+Agreement+to+Acquire+Majority+Stake+in+Brightray+Science+Inc.+and+Over+US$60+Million+of+Private+Placements,+Making+Industrialized+AI+Data+Center+Delivery+Its+Core+G/27022872.html","BUUU Group Limited has entered into a definitive agreement to acquire a 60% equity interest in Brightray Science Inc., a provider of prefabricated modular data center solutions. This acquisition, coupled with over US$60 million in private placements, will make industrialized AI data center delivery BUUU's core growth business. BUUU also plans to relocate its headquarters to Singapore and anticipates significant expansion in data center delivery across multiple regions.",0.290804,Somewhat-Bullish,0.619470,0.238676,Somewhat-Bullish
20260903T213432,AMD,Advanced Micro Devices,The Market Just Told You Which Layer Of AI Biology It Is Paying For,Investing News Network,https://investingnews.com/the-market-just-told-you-which-layer-of-ai-biology-it-is-paying-for/,"The article discusses the recent earnings season in life sciences technology, highlighting that the market is rewarding companies that own proprietary data and systems of record in AI biology, rather than those solely selling model-informed software or AI-native discovery capabilities without a strong commercial engine. It analyzes the performance of MindWalk Holdings Corp., Veeva Systems Inc., Certara, Inc., and Recursion Pharmaceuticals, Inc. to illustrate this trend, suggesting that value accrues to the foundational biological context layer that underlies AI models.",0.040087,Neutral,0.615329,0.134414,Neutral
20260903T220208,AMD,Advanced Micro Devices,"AI Infrastructure Demand Remains Red-Hot: HPE, AVGO, DELL Deliver",Yahoo Finance UK,https://uk.finance.yahoo.com/news/ai-infrastructure-demand-remains-red-220200558.html,"Hewlett Packard Enterprise (HPE), Broadcom (AVGO), and Dell Technologies (DELL) recently reported strong quarterly results, highlighting continued robust demand for AI infrastructure, including servers, networking, and custom accelerators. HPE and Dell raised their financial outlooks for future years due to significant AI server orders and backlogs, while Broadcom showed exceptional growth in AI semiconductor revenue. Despite some mixed market reactions, the underlying theme across all reports is the sustained and accelerating demand in the AI sector.",0.377093,Bullish,0.612295,0.326446,Somewhat-Bullish
20260903T222540,AMD,Advanced Micro Devices,"DTE Energy Vice Chairman Trevor F. Lauer Sells 5,000 Shares of Common Stock at $135.71 Average Price",Kalkine Media,https://kalkinemedia.com/us/news/announcements/dte-energy-vice-chairman-trevor-f-lauer-sells-5000-shares-of-common-stock-at-13571-average-price,"DTE Energy Vice Chairman Trevor F. Lauer sold 5,000 shares of DTE common stock on September 1, 2026, at a weighted average price of $135.712 per share. Following this transaction, Lauer directly holds 73,122 shares, with additional indirect holdings through his sons and a 401(k) plan. The sale details, including the price range and post-sale ownership structure, were disclosed in a Form 4 filed with the SEC.",-0.077189,Neutral,0.559082,0.041054,Neutral
20260904T002507,AMD,Advanced Micro Devices,Grove Collaborative director Karp buys $72.9k in shares By Investing.com,Investing.com Nigeria,https://ng.investing.com/news/stock-market-news/grove-collaborative-director-karp-buys-729k-in-shares-93CH-2684121,"Grove Collaborative director Jason H. Karp recently purchased 70,200 shares of the company's Class A Common Stock for a total of $72,885. This insider buying occurs as the stock has seen an 18.5% decline over the past six months and is considered overvalued according to InvestingPro analysis. Despite a recent revenue miss, the company reported a smaller-than-expected loss for Q2 2026 and a 1% sequential revenue increase.",0.266234,Somewhat-Bullish,0.603250,0.363898,Bullish
20260904T070904,AMD,Advanced Micro Devices,"B. Metzler seel. Sohn & Co. AG Has $164.93 Million Stock Position in Advanced Micro Devices, Inc. $AMD",MarketBeat,https://www.marketbeat.com/instant-alerts/filing-b-metzler-seel-sohn-co-ag-has-16493-million-stock-position-in-advanced-micro-devices-inc-amd-2026-09-04/,"B. Metzler seel. Sohn & Co. AG reduced its stake in Advanced Micro Devices (AMD) by 5.7% in the second quarter, now holding 283,925 shares valued at $164.9 million, representing 1.4% of its portfolio. Despite this, AMD reported strong quarterly earnings of $1.66 EPS and $11.54 billion in revenue, exceeding analyst expectations. Analyst ratings for AMD are generally positive with a ""Moderate Buy"" consensus, though the stock trades at a high P/E ratio, making it susceptible to market shifts.",0.099012,Neutral,1.000000,0.052379,Neutral
20260904T072735,AMD,Advanced Micro Devices,Berkshire Capital Holdings Inc. Makes New Investment in Intel Corporation $INTC,MarketBeat,https://www.marketbeat.com/instant-alerts/filing-berkshire-capital-holdings-inc-makes-new-investment-in-intel-corporation-intc-2026-09-04/,"Berkshire Capital Holdings Inc. has made a new investment in Intel Corporation, acquiring 160,840 shares valued at approximately $22.46 million, making Intel its 10th biggest position. Other institutional investors have also adjusted their holdings, while CEO Lip Bu Tan recently purchased additional shares. The article also covers Intel's recent financial performance, analyst ratings, and various positive and negative sentiments affecting the stock, including new product leaks, partnerships, and manufacturing investments.",0.101579,Neutral,0.607270,-0.229850,Somewhat-Bearish
20260904T082735,AMD,Advanced Micro Devices,"Stonebridge Capital Management Inc. Sells 23,810 Shares of Intel Corporation $INTC",MarketBeat,https://www.marketbeat.com/instant-alerts/filing-stonebridge-capital-management-inc-sells-23810-shares-of-intel-corporation-intc-2026-09-04/,"Stonebridge Capital Management Inc. reduced its stake in Intel Corporation by 19.0% in the second quarter, selling 23,810 shares and holding 101,636 shares worth $14.19 million. This makes Intel its fourth-largest holding. Other institutional investors also adjusted their positions, and Intel's CEO recently bought nearly $10 million worth of stock, increasing his ownership by 8.70%.",0.090283,Neutral,0.709084,-0.211756,Somewhat-Bearish
20260904T094045,AMD,Advanced Micro Devices,"798,849 Shares in Advanced Micro Devices, Inc. $AMD Bought by Nykredit A S",MarketBeat,https://www.marketbeat.com/instant-alerts/filing-798849-shares-in-advanced-micro-devices-inc-amd-bought-by-nykredit-a-s-2026-09-04/,"Nykredit A/S has significantly increased its stake in Advanced Micro Devices (AMD), acquiring 798,849 shares valued at approximately $464.1 million, making it their ninth-largest holding. This comes as AMD reported strong quarterly earnings, beating analyst expectations with $1.66 EPS and $11.54 billion in revenue, driven by a 50.1% year-over-year revenue increase. Despite positive analyst sentiment and a ""Moderate Buy"" consensus, some investors have raised valuation concerns and insiders have sold shares.",-0.078205,Neutral,1.000000,0.133053,Neutral
20260904T114038,AMD,Advanced Micro Devices,Marvell Technology and Taiwan Semiconductor are No-Brainer Picks: They Have What Wins in a Gold Rush,24/7 Wall St.,https://247wallst.com/investing/2026/09/04/marvell-technology-and-taiwan-semiconductor-are-no-brainer-picks-they-have-what-wins-in-a-gold-rush/,"Marvell Technology (MRVL) and Taiwan Semiconductor Manufacturing (TSM) are presented as strong investment opportunities in the AI infrastructure buildout, likened to selling ""picks and shovels"" during a gold rush. Both companies reported impressive Q2 revenue growth (around 36%), with TSMC demonstrating broad market exposure through its foundry services and Marvell focusing on custom silicon and optical interconnects for hyperscalers. While TSMC offers a steadier investment due to its foundational role in chip manufacturing, Marvell, despite being higher-variance, shows significant growth potential, particularly with its custom silicon business projected to more than double by fiscal 2028.",0.386656,Bullish,0.535306,0.348876,Somewhat-Bullish
20260904T154612,AMD,Advanced Micro Devices,Intel Climbs 4% as Chip Stocks Shrug Off Rising Rate Hike Odds; NVIDIA and AMD Move Higher,Yahoo Finance,https://finance.yahoo.com/markets/stocks/articles/intel-climbs-4-chip-stocks-151207394.html,"Intel, NVIDIA, and AMD stocks rose despite increased odds of a September Federal Reserve rate hike, driven by a strong August payrolls report. The semiconductor sector, represented by the iShares Semiconductor ETF (SOXX), significantly outperformed the broader tech market (QQQ), suggesting a specific rotation of capital into chip stocks. While Intel's surge extends its year-to-date gains, its long-term turnaround hinges on substantial growth in its external foundry revenue.",0.461129,Bullish,0.822449,0.441242,Bullish
20260904T163116,AMD,Advanced Micro Devices,How Far AMD Stock Can Swing In Its Calm Case,Trefis,https://www.trefis.com/stock/amd/articles/614414/how-far-amd-stock-can-swing-in-its-calm-case/2026-09-04,"Advanced Micro Devices (AMD) stock is trading at $456.16, with options indicating a potential swing between $260 and $792.23 over the next 380 days. This wide range, reflecting a two-in-three chance of landing within these bounds, is driven by the anticipated ramp-up of AMD's Helios platform and data center revenue doubling by 2027, despite near-term softness in gaming and PC markets. The article emphasizes that this volatility highlights the significant risk and potential reward inherent in holding AMD shares.",0.104316,Neutral,1.000000,0.112988,Neutral
20260904T183208,AMD,Advanced Micro Devices,"Isman Adrian Acquires 10 Shares of Bunge Global SA at $119.25 Each on September 1, 2026",Kalkine Media,https://kalkinemedia.com/us/news/announcements/isman-adrian-acquires-10-shares-of-bunge-global-sa-at-11925-each-on-september-1-2026,"Isman Adrian, a director of Bunge Global SA, acquired 10 shares of the company on September 1, 2026, at a price of $119.25 per share. This transaction increased his total holding to 3,330 shares. The acquisition was classified under SEC code A, indicating it was an award.",0.136838,Neutral,0.649401,0.109060,Neutral
20260904T204148,AMD,Advanced Micro Devices,"Micron and Western Digital Shares Skyrocket, What You Need To Know",StockStory,https://stockstory.org/us/stocks/nasdaq/mu/news/why-up-down/micron-and-western-digital-shares-skyrocket-what-you-need-to-know,"Shares of Micron and Western Digital rose significantly after investors disregarded interest rate hike expectations following a strong August jobs report. Despite initial concerns about monetary tightening, traders rotated back into the chip sector, causing several semiconductor stocks to climb. Micron's shares, in particular, have been volatile but are up 218% year-to-date.",0.245597,Somewhat-Bullish,0.566184,0.253376,Somewhat-Bullish
20260905T021354,AMD,Advanced Micro Devices,"FormFactor, Entegris, Penguin Solutions, Teradyne, and Marvell Technology Stocks Trade Up, What You Need To Know",Yahoo! Finance Canada,https://ca.finance.yahoo.com/news/formfactor-entegris-penguin-solutions-teradyne-021410145.html,"Several semiconductor stocks, including FormFactor, Entegris, Penguin Solutions, Teradyne, and Marvell Technology, saw significant gains after investors re-evaluated interest rate hike expectations despite a strong August jobs report. Traders rotated back into the chip sector, shrugging off initial concerns about monetary tightening. Marvell Technology's stock rose despite recent volatility and investor concerns about the delayed revenue contributions from its Google custom AI chip agreement.",0.308058,Somewhat-Bullish,0.733053,0.330558,Somewhat-Bullish
20260905T024139,AMD,Advanced Micro Devices,"FormFactor, Entegris, Penguin Solutions, Teradyne, and Marvell Technology Stocks Trade Up, What You Need To Know",Yahoo Finance,https://finance.yahoo.com/markets/stocks/articles/formfactor-entegris-penguin-solutions-teradyne-021410145.html,"Several semiconductor and technology stocks, including FormFactor, Entegris, Penguin Solutions, Teradyne, and Marvell Technology, saw significant gains after investors appeared to shrug off interest rate hike concerns following a stronger-than-expected August jobs report. Despite initial worries about monetary tightening, traders rotated back into the chip sector. Marvell Technology, in particular, experienced a 6.2% jump, although its previous big move involved a 9.7% drop due to investor concerns over the timing of revenue contributions from its Google custom AI chip agreement.",0.324357,Somewhat-Bullish,0.606940,0.346361,Somewhat-Bullish
20260905T025738,AMD,Advanced Micro Devices,"Adeia reaches licensing deal with AMD, settles litigation By Investing.com",Investing.com India,https://in.investing.com/news/company-news/adeia-reaches-licensing-deal-with-amd-settles-litigation-93CH-5279912,"Adeia Inc. has entered into a multi-year licensing agreement with Advanced Micro Devices (AMD) for its semiconductor intellectual property portfolio, resolving all pending litigation between the two companies. The deal grants AMD access to Adeia's IP related to hybrid bonding, semiconductor packaging, and processing technologies. Adeia, trading near its 52-week high, shows a low PEG ratio of 0.26, suggesting attractive valuation, and has seen its price target raised by analysts following strong Q4 2025 results and strategic licensing agreements.",0.297655,Somewhat-Bullish,0.848339,0.274218,Somewhat-Bullish
20260905T074220,AMD,Advanced Micro Devices,"Conway Capital Management Inc. Buys 5,105 Shares of Advanced Micro Devices, Inc. $AMD",MarketBeat,https://www.marketbeat.com/instant-alerts/filing-conway-capital-management-inc-buys-5105-shares-of-advanced-micro-devices-inc-amd-2026-09-05/,"Conway Capital Management Inc. significantly increased its stake in Advanced Micro Devices (NASDAQ:AMD) by 408.4% in the second quarter, adding 5,105 shares to now own 6,355 shares valued at $3,692,000. This makes AMD its 13th largest holding, comprising 1.6% of its portfolio. The article also details recent insider stock sales, analyst rating changes, and provides a summary of positive, neutral, and negative news impacting AMD.",0.081014,Neutral,1.000000,0.285571,Somewhat-Bullish
20260905T074420,AMD,Advanced Micro Devices,"AXQ Capital LP Takes Position in Advanced Micro Devices, Inc. $AMD",MarketBeat,https://www.marketbeat.com/instant-alerts/filing-axq-capital-lp-takes-position-in-advanced-micro-devices-inc-amd-2026-09-05/,"AXQ Capital LP has acquired a new stake of 4,399 shares in Advanced Micro Devices (NASDAQ:AMD), valued at approximately $2.555 million during the second quarter. Other institutional investors have also adjusted their holdings in AMD, with several increasing their positions. The article also details recent insider selling activity, positive and neutral sentiment news regarding AMD, and current analyst ratings and price performance data for the semiconductor company.",0.167729,Somewhat-Bullish,1.000000,0.237502,Somewhat-Bullish
20260905T075920,AMD,Advanced Micro Devices,"CIBC Capital Markets Europe S.A. Makes New Investment in Advanced Micro Devices, Inc. $AMD",MarketBeat,https://www.marketbeat.com/instant-alerts/filing-cibc-capital-markets-europe-sa-makes-new-investment-in-advanced-micro-devices-inc-amd-2026-09-05/,"CIBC Capital Markets Europe S.A. has significantly increased its stake in Advanced Micro Devices (AMD) by purchasing 85,421 shares valued at approximately $49.6 million, making AMD its fifth-largest holding. This investment comes as AMD reported strong quarterly earnings, surpassing analyst estimates with revenue up 50.1% year-over-year. Despite insider selling, analyst sentiment remains positive with a ""Moderate Buy"" consensus and an average price target of $553.72.",0.214761,Somewhat-Bullish,1.000000,0.390284,Bullish
20260905T094239,AMD,Advanced Micro Devices,"TD Waterhouse Canada Inc. Acquires 31,995 Shares of Advanced Micro Devices, Inc. $AMD",MarketBeat,https://www.marketbeat.com/instant-alerts/filing-td-waterhouse-canada-inc-acquires-31995-shares-of-advanced-micro-devices-inc-amd-2026-09-05/,"TD Waterhouse Canada Inc. increased its holdings in Advanced Micro Devices, Inc. by 29.3% in the second quarter, purchasing an additional 31,995 shares, bringing their total to 141,070 shares valued at $76.29 million. Several other institutional investors also adjusted their positions, with notable increases from Norges Bank, Bank of America Corp DE, Cardano Risk Management B.V., BlackRock Inc., and Wellington Management Group LLP. Analysts maintain a ""Moderate Buy"" consensus rating for AMD, with an average target price of $553.72, despite some concerns about valuation and recent insider selling.",0.143501,Neutral,1.000000,0.312574,Somewhat-Bullish
20260905T094239,AMD,Advanced Micro Devices,"Sapient Capital LLC Sells 4,414 Shares of Advanced Micro Devices, Inc. $AMD",MarketBeat,https://www.marketbeat.com/instant-alerts/filing-sapient-capital-llc-sells-4414-shares-of-advanced-micro-devices-inc-amd-2026-09-05/,"Sapient Capital LLC significantly reduced its stake in Advanced Micro Devices (NASDAQ: AMD) by selling 4,414 shares, retaining 716 shares valued at $416,000. Despite this sale and recent insider transactions, analyst sentiment for AMD remains largely positive, with a ""Moderate Buy"" consensus and a $553.72 average price target. The company reported strong Q2 earnings, beating expectations with an EPS of $1.66 and a 50.1% year-over-year revenue increase to $11.54 billion, though valuation concerns and insider selling are noted risks.",0.082311,Neutral,1.000000,0.125664,Neutral
20260905T094239,AMD,Advanced Micro Devices,"Advanced Micro Devices, Inc. $AMD Shares Sold by Mason & Associates Inc",MarketBeat,https://www.marketbeat.com/instant-alerts/filing-advanced-micro-devices-inc-amd-shares-sold-by-mason-associates-inc-2026-09-05/,"Mason & Associates Inc decreased its stake in Advanced Micro Devices (NASDAQ:AMD) by 14.0% in the second quarter, selling 3,977 shares and holding 24,403 shares valued at $14.18 million. Several other institutional investors also adjusted their AMD holdings, with hedge funds and other institutional investors collectively owning 71.34% of the company's stock. The article also details recent insider sales by AMD executives, updated analyst ratings, and the company's financial performance.",0.211958,Somewhat-Bullish,1.000000,0.271103,Somewhat-Bullish
20260905T094239,AMD,Advanced Micro Devices,"Advanced Micro Devices, Inc. $AMD Shares Sold by NWF Advisory Services Inc.",MarketBeat,https://www.marketbeat.com/instant-alerts/filing-advanced-micro-devices-inc-amd-shares-sold-by-nwf-advisory-services-inc-2026-09-05/,"NWF Advisory Services Inc. reduced its stake in Advanced Micro Devices (AMD) by 20.2% in the second quarter, selling 1,114 shares and retaining 4,409 shares valued at $2.56 million. Despite this, AMD reported strong quarterly results with revenue up 50.1% year-over-year and EPS exceeding analyst estimates. Wall Street maintains a ""Moderate Buy"" rating with an average price target of $553.72, though the stock's elevated valuation and recent insider selling are noted risks.",0.255131,Somewhat-Bullish,1.000000,0.165804,Somewhat-Bullish
20260905T094239,AMD,Advanced Micro Devices,"Retireful LLC Has $3.19 Million Stake in Advanced Micro Devices, Inc. $AMD",MarketBeat,https://www.marketbeat.com/instant-alerts/filing-retireful-llc-has-319-million-stake-in-advanced-micro-devices-inc-amd-2026-09-05/,"Retireful LLC significantly increased its stake in Advanced Micro Devices (NASDAQ:AMD) by 418.6% in the second quarter, bringing its total holdings to 5,487 shares valued at $3.19 million. This makes AMD the 5th biggest holding in Retireful LLC's portfolio, representing 3.0% of its total assets. Other institutional investors have also adjusted their positions in AMD, which currently holds a ""Moderate Buy"" consensus rating from analysts with a target price of $553.72.",0.126166,Neutral,1.000000,0.301690,Somewhat-Bullish
20260905T094322,AMD,Advanced Micro Devices,"Syon Capital LLC Boosts Holdings in Advanced Micro Devices, Inc. $AMD",MarketBeat,https://www.marketbeat.com/instant-alerts/filing-syon-capital-llc-boosts-holdings-in-advanced-micro-devices-inc-amd-2026-09-05/,"Syon Capital LLC has increased its stake in Advanced Micro Devices (AMD) by 12.1% in the second quarter, now holding 25,657 shares valued at $14.9 million. This move comes as other hedge funds also adjusted their positions, and despite significant insider stock sales totaling $109.5 million. AMD reported strong quarterly earnings with $11.54 billion in revenue and $1.66 EPS, surpassing analyst expectations, and maintains a ""Moderate Buy"" consensus rating with an average price target of $553.72, though its high valuation poses a risk.",0.222536,Somewhat-Bullish,1.000000,0.283942,Somewhat-Bullish
20260906T071841,AMD,Advanced Micro Devices,"Advanced Micro Devices, Inc. $AMD is Azimuth Capital Investment Management LLC's 7th Largest Position",MarketBeat,https://www.marketbeat.com/instant-alerts/filing-advanced-micro-devices-inc-amd-is-azimuth-capital-investment-management-llcs-7th-largest-position-2026-09-06/,"Azimuth Capital Investment Management LLC has reduced its stake in Advanced Micro Devices (AMD) by 13.5% in the second quarter, although AMD remains its seventh-largest position. Despite this, analyst sentiment for AMD is generally positive, with a ""Moderate Buy"" rating and an average price target of $553.72, driven by strong quarterly revenue growth and AI partnerships. Key risks include the stock's high valuation and recent insider selling.",0.035922,Neutral,0.307015,0.039200,Neutral
20260906T072441,AMD,Advanced Micro Devices,"Angeles Wealth Management LLC Grows Stock Holdings in Advanced Micro Devices, Inc. $AMD",MarketBeat,https://www.marketbeat.com/instant-alerts/filing-angeles-wealth-management-llc-grows-stock-holdings-in-advanced-micro-devices-inc-amd-2026-09-06/,"Angeles Wealth Management LLC increased its stake in Advanced Micro Devices (AMD) by 16.9% in the second quarter, bringing its total holdings to 7,735 shares valued at $4.5 million. This comes as institutional investors collectively own 71.34% of AMD, following strong quarterly results where revenue rose 50.1% year-over-year to $11.54 billion and EPS beat expectations. Despite a ""Moderate Buy"" consensus rating and an average price target of $553.72, the company faces risks from a high price-to-earnings ratio and insider selling.",0.066404,Neutral,1.000000,0.299346,Somewhat-Bullish
20260906T072744,AMD,Advanced Micro Devices,"40,218 Shares in Intel Corporation $INTC Bought by Hennessy Advisors Inc.",MarketBeat,https://www.marketbeat.com/instant-alerts/filing-40218-shares-in-intel-corporation-intc-bought-by-hennessy-advisors-inc-2026-09-06/,"Hennessy Advisors Inc. recently purchased 40,218 shares of Intel Corporation, valued at approximately $5.6 million, increasing institutional ownership to 64.53%. This comes amidst mixed analyst sentiment, with a consensus ""Hold"" rating despite Intel's CEO increasing his personal stake by 8.7% and the company reporting stronger-than-expected quarterly revenue growth of 25.2%. Concerns remain regarding PC demand, margins, and competition, even as some analysts point to AI-driven CPU demand as a positive catalyst.",0.18851,Somewhat-Bullish,0.649138,0.117670,Neutral
20260906T073245,AMD,Advanced Micro Devices,NVIDIA Corporation $NVDA is Blackhawk Capital Partners LLC's 7th Largest Position,MarketBeat,https://www.marketbeat.com/instant-alerts/filing-nvidia-corporation-nvda-is-blackhawk-capital-partners-llcs-7th-largest-position-2026-09-06/,"Blackhawk Capital Partners LLC has increased its stake in NVIDIA (NASDAQ:NVDA) by 4.2%, making it their 7th largest holding, valued at $11.25 million. This article also details other institutional investor activity, NVIDIA's stock performance, recent earnings, dividend announcements, insider transactions, and positive as well as some neutral/negative analyst sentiments regarding the company's strategic moves and valuation.",0.141882,Neutral,0.689285,0.034890,Neutral
20260906T074225,AMD,Advanced Micro Devices,NVIDIA Corporation $NVDA is Clearwave Capital LLC's 7th Largest Position,MarketBeat,https://www.marketbeat.com/instant-alerts/filing-nvidia-corporation-nvda-is-clearwave-capital-llcs-7th-largest-position-2026-09-06/,"Clearwave Capital LLC increased its stake in NVIDIA Corporation (NASDAQ:NVDA) by 8.8% in Q2, making NVIDIA its seventh-largest holding with a value of $5.52 million. NVIDIA reported strong Q2 earnings, exceeding consensus estimates with revenue up 105.9% year-over-year. Despite significant insider selling totaling $335.4 million, analysts maintain a ""Moderate Buy"" rating for NVIDIA with an average price target of $324.83.",0.30892,Somewhat-Bullish,0.645800,0.140346,Neutral
20260906T075641,AMD,Advanced Micro Devices,"Compass Financial Management LLC Purchases Shares of 8,258 Advanced Micro Devices, Inc. $AMD",MarketBeat,https://www.marketbeat.com/instant-alerts/filing-compass-financial-management-llc-purchases-shares-of-8258-advanced-micro-devices-inc-amd-2026-09-06/,"Compass Financial Management LLC has acquired 8,258 shares of Advanced Micro Devices (AMD) valued at approximately $4.57 million in the second quarter. AMD reported strong quarterly earnings with revenue of $11.54 billion, exceeding estimates, and analysts maintain a ""Moderate Buy"" rating with a consensus price target of $553.72, despite valuation concerns and recent insider selling. Institutional investors and hedge funds collectively own 71.34% of AMD's stock.",0.23276,Somewhat-Bullish,1.000000,0.309375,Somewhat-Bullish
20260906T081207,AMD,Advanced Micro Devices,NVIDIA Corporation $NVDA Shares Sold by WD Rutherford LLC,MarketBeat,https://www.marketbeat.com/instant-alerts/filing-nvidia-corporation-nvda-shares-sold-by-wd-rutherford-llc-2026-09-06/,"WD Rutherford LLC reduced its stake in NVIDIA (NVDA) by 2.7% in Q2, selling 3,017 shares but still holding 107,475 shares valued at $21.5 million, making NVIDIA its largest holding. Despite this sale, the company reported strong quarterly revenues of $96.22 billion and adjusted earnings of $2.22 per share, exceeding analyst expectations, with its stock trading near a 52-week high. Analysts maintain a ""Moderate Buy"" rating with an average price target of $324.83, supported by strong demand and strategic moves like the Hugging Face acquisition, although insider selling and competitive considerations introduce some caution.",0.249748,Somewhat-Bullish,0.624733,0.121571,Neutral
20260906T084531,AMD,Advanced Micro Devices,Nissay Asset Management Corp Japan Increases Stake in Intel Corporation $INTC,MarketBeat,https://www.marketbeat.com/instant-alerts/filing-nissay-asset-management-corp-japan-increases-stake-in-intel-corporation-intc-2026-09-06/,"Nissay Asset Management Corp Japan increased its holdings in Intel Corporation by 20.6% during the second quarter, making Intel its 19th largest holding valued at $289.813 million. Other institutional investors also adjusted their positions in Intel, while CEO Lip Bu Tan recently acquired over 105,000 shares. Intel's stock performance and recent news indicate a mixed sentiment from analysts, with some price target increases due to AI demand and others lowering targets due to PC demand concerns.",0.32107,Somewhat-Bullish,0.642350,0.217906,Somewhat-Bullish
20260906T091332,AMD,Advanced Micro Devices,"Outlook Capital Management LLC Purchases Shares of 1,077 Advanced Micro Devices, Inc. $AMD",MarketBeat,https://www.marketbeat.com/instant-alerts/filing-outlook-capital-management-llc-purchases-shares-of-1077-advanced-micro-devices-inc-amd-2026-09-06/,"Outlook Capital Management LLC has acquired 1,077 shares of Advanced Micro Devices (AMD) valued at approximately $626,000, making it their 14th largest holding. Despite a recent downgrade to ""Hold"" by Zacks and insider selling totaling over $109.5 million, AMD shows strong revenue growth of 50.1% year-over-year and maintains a ""Moderate Buy"" consensus rating from analysts with an average price target of $553.72. The main risk highlighted is its valuation, as much of its expected growth is already priced into the stock.",0.191976,Somewhat-Bullish,1.000000,0.293836,Somewhat-Bullish
20260906T094230,AMD,Advanced Micro Devices,"MW Advisory LLC Takes Position in Advanced Micro Devices, Inc. $AMD",MarketBeat,https://www.marketbeat.com/instant-alerts/filing-mw-advisory-llc-takes-position-in-advanced-micro-devices-inc-amd-2026-09-06/,"MW Advisory LLC has acquired a new position in Advanced Micro Devices (AMD), purchasing 2,381 shares valued at approximately $1.38 million during the second quarter. This move aligns with broader institutional investor interest, as collective ownership stands at 71.34%, despite risks like elevated valuation and recent insider selling. AMD recently reported strong quarterly results with a 50.1% year-over-year revenue increase and EPS of $1.66, driven by data-center growth and AI partnerships, leading to a consensus ""Moderate Buy"" rating from Wall Street.",-0.082999,Neutral,1.000000,0.230773,Somewhat-Bullish
20260906T094230,AMD,Advanced Micro Devices,"NBH Bank Invests $989,000 in Advanced Micro Devices, Inc. $AMD",MarketBeat,https://www.marketbeat.com/instant-alerts/filing-nbh-bank-invests-989000-in-advanced-micro-devices-inc-amd-2026-09-06/,"NBH Bank has acquired a new stake of 1,702 shares in Advanced Micro Devices (AMD) worth approximately $989,000 during the second quarter. This move comes amidst a generally positive analyst outlook for AMD, which holds a ""Moderate Buy"" rating and strong quarterly results, though concerns about its high valuation and recent insider selling persist. Institutional investors collectively own 71.34% of the semiconductor company.",0.098674,Neutral,1.000000,0.326458,Somewhat-Bullish
20260906T094230,AMD,Advanced Micro Devices,"SMART Wealth LLC Has $2.30 Million Holdings in Advanced Micro Devices, Inc. $AMD",MarketBeat,https://www.marketbeat.com/instant-alerts/filing-smart-wealth-llc-has-230-million-holdings-in-advanced-micro-devices-inc-amd-2026-09-06/,"SMART Wealth LLC significantly increased its stake in Advanced Micro Devices (AMD) by 234.9% in the second quarter, bringing its total holdings to 3,955 shares valued at $2.30 million. AMD reported strong quarterly earnings and revenue, surpassing analyst estimates, with institutional investors owning 71.34% of the stock. While analysts maintain a ""Moderate Buy"" rating with an average price target of $553.72, concerns remain regarding AMD's high valuation and recent insider selling.",0.22246,Somewhat-Bullish,1.000000,0.335092,Somewhat-Bullish
20260906T094230,AMD,Advanced Micro Devices,"Three Seasons Wealth LLC Raises Stock Position in Advanced Micro Devices, Inc. $AMD",MarketBeat,https://www.marketbeat.com/instant-alerts/filing-three-seasons-wealth-llc-raises-stock-position-in-advanced-micro-devices-inc-amd-2026-09-06/,"Three Seasons Wealth LLC significantly increased its stake in Advanced Micro Devices (AMD) by 98.1% in the second quarter, now holding 2,665 shares valued at $1.55 million. This comes as institutional investors collectively own 71.34% of AMD, with major holders including BlackRock and State Street. Despite strong revenue growth and positive analyst sentiment, AMD faces risks from its elevated valuation and recent insider selling, leading to an overall ""Moderate Buy"" rating from analysts.",0.103972,Neutral,1.000000,0.327328,Somewhat-Bullish
20260906T094230,AMD,Advanced Micro Devices,"Turner Financial Group Inc. Buys Shares of 7,558 Advanced Micro Devices, Inc. $AMD",MarketBeat,https://www.marketbeat.com/instant-alerts/filing-turner-financial-group-inc-buys-shares-of-7558-advanced-micro-devices-inc-amd-2026-09-06/,"Turner Financial Group Inc. has purchased 7,558 shares of Advanced Micro Devices (AMD) valued at approximately $4.39 million, making it their fourth-largest holding. Institutional investors collectively own 71.34% of AMD, with many increasing their positions recently. Despite an elevated valuation, analysts maintain a ""Moderate Buy"" rating for AMD, which reported strong quarterly revenue growth of 50.1% year-over-year.",0.48371,Bullish,0.956063,0.477299,Bullish
20260906T104230,AMD,Advanced Micro Devices,"Saudi Central Bank Purchases 54,031 Shares of Advanced Micro Devices, Inc. $AMD",MarketBeat,https://www.marketbeat.com/instant-alerts/filing-saudi-central-bank-purchases-54031-shares-of-advanced-micro-devices-inc-amd-2026-09-06/,"The Saudi Central Bank increased its stake in Advanced Micro Devices (AMD) by 20.7% in Q2 2026, purchasing 54,031 shares and bringing its total holdings to 314,766 shares valued at $182.9 million. This investment now represents 2.3% of the bank's portfolio. Despite significant institutional ownership and a ""Moderate Buy"" rating from analysts with an average price target of $553.72, insiders have been selling shares, and AMD's high valuation remains a key risk for investors.",0.181912,Somewhat-Bullish,1.000000,0.383478,Bullish
20260906T151009,AMD,Advanced Micro Devices,Broadcom vs. Nvidia: 1 Critical Metric Shows Which Artificial Intelligence (AI) Chipmaker Is the Better Buy After Earnings,Yahoo Finance,https://finance.yahoo.com/technology/ai/articles/broadcom-vs-nvidia-1-critical-190500703.html,"This article compares Broadcom and Nvidia, two major AI chipmakers, focusing on their growth and valuation. While Nvidia offers broad-purpose GPUs, Broadcom specializes in application-specific integrated circuits (ASICs) tailored for AI workloads, securing partnerships with hyperscalers. The analysis suggests that despite Broadcom's strong growth, Nvidia appears to be the better buy due to its relatively cheaper valuation when considering 2027 earnings projections.",0.247065,Somewhat-Bullish,0.639308,0.146875,Neutral
20260907T045442,AMD,Advanced Micro Devices,Air Products eyes record South Korea investment after shelving unit sale,KED Global,https://www.kedglobal.com/corporate-investment/newsView/ked202609040005,"Air Products and Chemicals Inc. is planning its largest-ever investment in South Korea, marking a significant reversal from its earlier attempt to exit the country two years prior. The US industrial gas giant will build semiconductor gas facilities to support Samsung's expansion, coinciding with a $2 billion pledge from four American companies for South Korea's chip supply chain. This move highlights Air Products' deepened commitment to the South Korean market, particularly in the semiconductor sector.",0.357037,Bullish,0.640845,0.322527,Somewhat-Bullish
20260907T071152,AMD,Advanced Micro Devices,"AlphaGrep UK Ltd Has $489,000 Stake in Advanced Micro Devices, Inc. $AMD",MarketBeat,https://www.marketbeat.com/instant-alerts/filing-alphagrep-uk-ltd-has-489000-stake-in-advanced-micro-devices-inc-amd-2026-09-07/,"AlphaGrep UK Ltd reduced its stake in Advanced Micro Devices (AMD) by 65.0% in Q2, holding 841 shares valued at $489,000. Despite this, other institutional investors like Norges Bank, Bank of America Corp DE, and BlackRock Inc. significantly increased their positions, with overall institutional ownership at 71.34%. AMD maintains a ""Moderate Buy"" consensus rating from analysts, with a target price of $553.72, and recently reported strong quarterly earnings exceeding analyst estimates.",0.159122,Somewhat-Bullish,0.969622,0.284828,Somewhat-Bullish
20260907T081152,AMD,Advanced Micro Devices,"Advanced Micro Devices, Inc. $AMD Shares Purchased by California State Teachers Retirement System",MarketBeat,https://www.marketbeat.com/instant-alerts/filing-advanced-micro-devices-inc-amd-shares-purchased-by-california-state-teachers-retirement-system-2026-09-07/,"The California State Teachers Retirement System significantly increased its holdings in Advanced Micro Devices (AMD) by 58,272% in the second quarter, making it their 13th largest holding. Despite this institutional confidence and strong quarterly revenue growth of 50.1%, the stock faces risks due to its elevated valuation and recent insider selling. Analysts maintain a ""Moderate Buy"" rating for AMD, with an average price target of $553.72.",0.169814,Somewhat-Bullish,1.000000,0.343502,Somewhat-Bullish
20260907T081152,AMD,Advanced Micro Devices,"Ameritas Advisory Services LLC Raises Stake in Advanced Micro Devices, Inc. $AMD",MarketBeat,https://www.marketbeat.com/instant-alerts/filing-ameritas-advisory-services-llc-raises-stake-in-advanced-micro-devices-inc-amd-2026-09-07/,"Ameritas Advisory Services LLC significantly increased its stake in Advanced Micro Devices (NASDAQ:AMD) by 136.7% during the second quarter, bringing its total holdings to 35,039 shares valued at $20,354,000. Institutional investors collectively own 71.34% of AMD's stock. The article also details recent analyst ratings, with AMD receiving a consensus ""Moderate Buy"" rating and an average price target of $553.72, and reports on significant insider stock sales.",-0.037946,Neutral,1.000000,0.337023,Somewhat-Bullish
20260907T081152,AMD,Advanced Micro Devices,"DMC Group LLC Has $4.24 Million Stock Holdings in Advanced Micro Devices, Inc. $AMD",MarketBeat,https://www.marketbeat.com/instant-alerts/filing-dmc-group-llc-has-424-million-stock-holdings-in-advanced-micro-devices-inc-amd-2026-09-07/,"DMC Group LLC reduced its stake in Advanced Micro Devices (AMD) by 26.8% in the second quarter, now holding 7,297 shares valued at approximately $4.24 million, representing 2.9% of its total holdings. Despite this, AMD reported strong quarterly results with a 50.1% year-over-year revenue increase and analysts maintaining a ""Moderate Buy"" rating, though concerns about valuation and insider selling persist. Institutional investors collectively own 71.34% of AMD's stock.",-0.034,Neutral,1.000000,0.288531,Somewhat-Bullish
20260907T082634,AMD,Advanced Micro Devices,AMD and Intel Soared as Nvidia Lagged: Has the AI Trade Changed?,Yahoo Finance,https://finance.yahoo.com/markets/stocks/articles/amd-intel-soared-nvidia-lagged-082539405.html,"On September 4, AMD and Intel saw significant gains of 4.7% and 4.5% respectively, while Nvidia's stock rose by only 0.8%. This suggests a potential widening of the AI trade beyond Nvidia, with investors exploring other avenues for AI spending. The article highlights the bull and bear cases for both AMD and Intel, emphasizing the need for these companies to prove their capabilities in rack-scale adoption, software competitiveness, and manufacturing returns to validate a more plural supply chain in the AI sector.",0.080168,Neutral,0.943622,0.290431,Somewhat-Bullish
20260907T085935,AMD,Advanced Micro Devices,Legacy Financial Advisors Inc. Grows Stock Holdings in Intel Corporation $INTC,MarketBeat,https://www.marketbeat.com/instant-alerts/filing-legacy-financial-advisors-inc-grows-stock-holdings-in-intel-corporation-intc-2026-09-07/,"Legacy Financial Advisors Inc. significantly increased its stake in Intel Corporation by 19.9% in the second quarter, now owning 36,676 shares valued at $5.12 million. Several other institutional investors also adjusted their positions in Intel, which now has 64.53% institutional ownership. The article also provides Intel's recent financial performance, analyst ratings, and insider transaction details, including a large purchase by CEO Lip Bu Tan.",0.306689,Somewhat-Bullish,0.558767,0.128993,Neutral
20260907T091233,AMD,Advanced Micro Devices,NVIDIA Corporation $NVDA Position Trimmed by Pathway Wealth Management LLC,MarketBeat,https://www.marketbeat.com/instant-alerts/filing-nvidia-corporation-nvda-position-trimmed-by-pathway-wealth-management-llc-2026-09-07/,"Pathway Wealth Management LLC reduced its stake in NVIDIA Corporation by 5.3%, selling 11,326 shares but still holding 203,197 shares valued at $40.7 million, making it their largest holding. Despite this trimming, analyst sentiment remains largely positive for NVIDIA, with a ""Moderate Buy"" consensus and an average price target of $324.83, fueled by strong revenue growth, a significant share-repurchase plan, and strategic AI expansions like the Hugging Face acquisition. The article also notes other institutional investor activity, insider selling, and NVIDIA's financial performance including a recently announced dividend.",0.091443,Neutral,0.629984,-0.139269,Neutral
20260907T091252,AMD,Advanced Micro Devices,Thomasville National Bank Acquires New Shares in NVIDIA Corporation $NVDA,MarketBeat,https://www.marketbeat.com/instant-alerts/filing-thomasville-national-bank-acquires-new-shares-in-nvidia-corporation-nvda-2026-09-07/,"Thomasville National Bank recently acquired 186,146 shares of NVIDIA Corporation, valuing the new position at approximately $37.2 million, which now constitutes about 2% of its investment portfolio. This comes amidst significant institutional interest in NVIDIA, with several other firms also adjusting their stakes, and notable insider selling totaling $335.4 million over the past 90 days. Despite insider sales, analysts maintain a ""Moderate Buy"" consensus for NVIDIA, driven by strong quarterly results, its Hugging Face deal expanding its AI ecosystem, and the upcoming launch of RTX Spark AI PCs, though competitive and valuation concerns persist.",0.179147,Somewhat-Bullish,0.605387,0.128001,Neutral
20260907T094244,AMD,Advanced Micro Devices,"Vancity Investment Management Ltd Invests $2.08 Million in Advanced Micro Devices, Inc. $AMD",MarketBeat,https://www.marketbeat.com/instant-alerts/filing-vancity-investment-management-ltd-invests-208-million-in-advanced-micro-devices-inc-amd-2026-09-07/,"Vancity Investment Management Ltd has invested $2.08 million in Advanced Micro Devices (AMD), acquiring 3,585 shares in the second quarter. AMD reported strong quarterly results with a 50.1% year-over-year revenue increase and EPS of $1.66, driven by data-center growth and AI partnerships. Analyst sentiment remains positive, with a ""Moderate Buy"" rating, though valuation and recent insider selling pose risks.",0.312611,Somewhat-Bullish,1.000000,0.321769,Somewhat-Bullish
20260907T101155,AMD,Advanced Micro Devices,"Kintra Wealth LLC Has $2.23 Million Stock Position in Advanced Micro Devices, Inc. $AMD",MarketBeat,https://www.marketbeat.com/instant-alerts/filing-kintra-wealth-llc-has-223-million-stock-position-in-advanced-micro-devices-inc-amd-2026-09-07/,"Kintra Wealth LLC significantly increased its stake in Advanced Micro Devices (AMD) by 80.8% in the second quarter, bringing its total holdings to 3,832 shares valued at approximately $2.23 million. While institutional investors broadly show bullish sentiment with a ""Moderate Buy"" consensus rating and a $553.72 average price target, insider selling has been substantial, and the stock trades at high valuation multiples. Despite strong revenue growth and positive sentiment regarding AMD's AI partnerships and market position, analysts caution that much of its expected growth is already priced into the stock.",0.175549,Somewhat-Bullish,1.000000,0.249618,Somewhat-Bullish
20260907T105753,AMD,Advanced Micro Devices,Silicon Labs opens new R&D lab in Austin to accelerate wireless chip innovation,electronics.economictimes.indiatimes.com,https://electronics.economictimes.indiatimes.com/amp/news/semiconductors/silicon-labs-opens-new-rd-lab-in-austin-to-accelerate-wireless-chip-innovation/133876948,"Silicon Labs has established a new R&D lab in Austin, Texas, dedicated to advanced chip design and testing for wireless semiconductor innovation. The facility, supported by a $23 million grant from the Texas Semiconductor Innovation Fund, will focus on developing next-generation Internet of Things technologies. This expansion aims to enhance Silicon Labs' market leadership in wireless connectivity and strengthen Texas's position as a semiconductor hub.",0.565423,Bullish,0.626980,0.320607,Somewhat-Bullish
20260907T124013,AMD,Advanced Micro Devices,"Broadcom Drops 10% in 3 Months: Buy, Sell or Hold the Stock?",Yahoo Finance,https://finance.yahoo.com/markets/stocks/articles/broadcom-drops-10-3-months-174000124.html,"Broadcom's shares have dropped 9.7% over the past three months, underperforming the sector due to margin pressure from its rising AI mix, supply constraints, and weak non-AI business. Despite significant AI revenue growth and optimistic future outlooks, the stock is considered overvalued with a Zacks Rank #3 (Hold) due to elevated AI expectations and customer concentration. Investors are advised to wait for a more favorable entry point.",0.03659,Neutral,0.608544,-0.230120,Somewhat-Bearish
20260907T125000,AMD,Advanced Micro Devices,Nvidia Is No Longer Just a Chip Company. It’s the Infrastructure Platform for All of AI,Yahoo Finance,https://finance.yahoo.com/technology/ai/articles/nvidia-no-longer-just-chip-165014878.html,"Nvidia has evolved beyond a chip vendor to become a full-stack AI factory platform, delivering compute, networking, and software solutions, with revenue per gigawatt increasing significantly across generations. Other key players in the silicon layer, such as Broadcom, AMD, Marvell, and Intel, are also experiencing substantial growth due to high demand for AI infrastructure, but face supply constraints and high capital intensity. The article highlights that the silicon layer is foundational to AI buildout, with all major players being supply-constrained as demand far outstrips current production capabilities.",0.3182,Somewhat-Bullish,0.701396,0.337317,Somewhat-Bullish
20260907T141400,AMD,Advanced Micro Devices,Columbia Select Large Cap Growth Fund Q2 2026 Commentary,Seeking Alpha,https://seekingalpha.com/article/4943595-columbia-select-large-cap-growth-fund-q2-2026-commentary,"The Columbia Select Large Cap Growth Fund's Institutional Class shares returned 20.87% for Q2 2026, outperforming its benchmark, the Russell 1000 Growth Index, which returned 16.74%. The strong performance was largely attributed to overweight positions in the information technology sector, particularly semiconductor and AI infrastructure companies. The fund maintains a strategy of investing in high-quality growth companies with large market opportunities and sustainable advantages.",0.339419,Somewhat-Bullish,0.787404,0.367327,Bullish
20260907T141510,AMD,Advanced Micro Devices,Microsoft Stock Is Building a Trillion-Dollar AI Opportunity. Is $600 Next?,24/7 Wall St.,https://247wallst.com/investing/2026/09/07/microsoft-stock-is-building-a-trillion-dollar-ai-opportunity-is-600-next/,"Microsoft's stock is positioned for significant growth, with analysts projecting a 22% upside to a $604.89 price target, driven by robust Azure cloud growth, expanding AI monetization through products like Microsoft 365 Copilot, and a massive $678 billion commercial remaining performance obligation. Despite heavy capital expenditure on data centers, the company's strong operating margins and demand exceeding supply signal continued momentum, suggesting a path towards $600 and potentially higher. The article evaluates bull and bear cases, comparing Microsoft's valuation to peers like Alphabet and Amazon, and highlights its unique position in turning AI hype into locked-in revenue.",0.20643,Somewhat-Bullish,0.574639,0.125829,Neutral
20260907T161127,AMD,Advanced Micro Devices,"Tokenized Nvidia and Tesla Are Becoming Trending Crypto Trades, CoinMarketCap Says",Benzinga,https://www.benzinga.com/crypto/cryptocurrency/26/09/61648570/nvidia-tesla-crypto-trades,"Retail traders are increasingly investing in tokenized Nvidia and Tesla, as well as memecoins and AI-themed tokens, indicating a shift towards speculative capital chasing narratives rather than traditional asset classes. CoinMarketCap's data shows that while Bitcoin remains range-bound, capital is rotating into alternative digital assets within the crypto market. This trend suggests that retail speculation is now driven more by captivating narratives than by distinctions between asset classes like stocks or crypto.",0.215127,Somewhat-Bullish,0.580237,0.208304,Somewhat-Bullish
20260907T163600,AMD,Advanced Micro Devices,"AMD Stock Jumps After Unveiling $100,000-Plus AI Workstation for 2027",Yahoo Finance,https://finance.yahoo.com/technology/ai/articles/amd-stock-jumps-unveiling-100-213621532.html,"AMD shares rose 2% after the company introduced a new AI workstation, the Threadripper Halo Station, designed to run large AI models locally without full reliance on cloud infrastructure. This workstation combines a 96-core Ryzen Threadripper PRO 9995WX processor with two liquid-cooled Instinct MI350P accelerators, challenging Nvidia's DGX Station systems. Commercial availability is expected in 2027, with pricing yet to be disclosed.",0.458393,Bullish,1.000000,0.623592,Bullish
20260907T173018,AMD,Advanced Micro Devices,Wall Street Is Worried About AMD. Here’s Why Long-Term Investors Shouldn’t Be,24/7 Wall St.,https://247wallst.com/investing/2026/09/07/wall-street-is-worried-about-amd-heres-why-long-term-investors-shouldnt-be/,"Despite AMD posting strong Q2 AI earnings, including doubled Data Center revenue and positive Q3 guidance, its stock dropped due to product-mix margin concerns and China export charges. Analysts remain bullish, with consensus EPS estimates for 2027 significantly increasing, suggesting a potential for the stock to reach $700 per share. This target, requiring a 53% gain, is considered achievable if catalysts like the Helios ramp and MI450 deployments materialize as expected.",0.355548,Bullish,1.000000,0.458415,Bullish
20260908T072736,AMD,Advanced Micro Devices,"Agur Provident & Training Funds Management Ltd. Takes $12.26 Million Position in Advanced Micro Devices, Inc. $AMD",MarketBeat,https://www.marketbeat.com/instant-alerts/filing-agur-provident-training-funds-management-ltd-takes-1226-million-position-in-advanced-micro-devices-inc-amd-2026-09-08/,"Agur Provident & Training Funds Management Ltd. has acquired a new stake of 22,435 shares in Advanced Micro Devices, Inc. (NASDAQ:AMD), valued at approximately $12.26 million. This investment now represents 2.9% of Agur Provident & Training Funds Management Ltd.'s portfolio. Meanwhile, several insider transactions show executives selling significant portions of their AMD holdings, with a total of $109.5 million worth of stock sold by insiders in the last quarter.",-0.061987,Neutral,1.000000,0.295949,Somewhat-Bullish
20260908T072736,AMD,Advanced Micro Devices,"Amundi Sells 2,271,529 Shares of Advanced Micro Devices, Inc. $AMD",MarketBeat,https://www.marketbeat.com/instant-alerts/filing-amundi-sells-2271529-shares-of-advanced-micro-devices-inc-amd-2026-09-08/,"Amundi reduced its stake in Advanced Micro Devices (NASDAQ:AMD) by 16.6% in the second quarter, selling over 2.2 million shares. Despite the sale, AMD remains Amundi's 10th largest holding, and other hedge funds have recently adjusted their positions. Advanced Micro Devices has a ""Moderate Buy"" rating from analysts with an average target price of $553.72, and the company reported strong Q2 earnings, beating revenue and EPS expectations.",0.040634,Neutral,1.000000,0.148457,Neutral
20260908T080828,AMD,Advanced Micro Devices,NVIDIA Corporation $NVDA Position Boosted by IFP Advisors Inc,MarketBeat,https://www.marketbeat.com/instant-alerts/filing-nvidia-corporation-nvda-position-boosted-by-ifp-advisors-inc-2026-09-08/,"IFP Advisors Inc increased its stake in NVIDIA Corporation (NASDAQ:NVDA) by 1.8% in the second quarter, bringing its total holdings to 663,778 shares valued at $132.8 million. Despite significant insider selling totaling $335.4 million over the past quarter, Wall Street analysts maintain a ""Moderate Buy"" consensus rating for NVIDIA, with an average price target of $324.83. The company also announced a quarterly dividend and a stock repurchase plan, while exceeding quarterly earnings and revenue expectations with a 105.9% year-over-year revenue increase.",0.154922,Somewhat-Bullish,0.635053,-0.133759,Neutral
20260908T081048,AMD,Advanced Micro Devices,"Groupe la Francaise Sells 39,152 Shares of Advanced Micro Devices, Inc. $AMD",MarketBeat,https://www.marketbeat.com/instant-alerts/filing-groupe-la-francaise-sells-39152-shares-of-advanced-micro-devices-inc-amd-2026-09-08/,"Groupe la Francaise reduced its stake in Advanced Micro Devices (AMD) by 22.5% in the second quarter, selling 39,152 shares and retaining 134,965 shares valued at approximately $78 million. AMD's recent strong quarterly results, with revenue up 50.1% year-over-year and adjusted earnings beating expectations, have contributed to a generally positive analyst sentiment. However, concerns persist regarding AMD's high valuation (123 times earnings) and increasing competition, particularly from Broadcom.",-0.170354,Somewhat-Bearish,1.000000,-0.108451,Neutral
20260908T081048,AMD,Advanced Micro Devices,"Formuepleje A S Purchases New Position in Advanced Micro Devices, Inc. $AMD",MarketBeat,https://www.marketbeat.com/instant-alerts/filing-formuepleje-a-s-purchases-new-position-in-advanced-micro-devices-inc-amd-2026-09-08/,"Formuepleje A S has acquired a new position in Advanced Micro Devices (AMD) by purchasing 8,389 shares valued at approximately $4.87 million in the second quarter. This comes as institutional investors collectively own 71.34% of AMD, while insiders have sold a significant number of shares recently. Despite strong quarterly results and a consensus ""Moderate Buy"" rating, AMD's stock valuation remains elevated, raising concerns among some analysts.",-0.056094,Neutral,1.000000,0.138708,Neutral
20260908T083840,AMD,Advanced Micro Devices,Webster Bank N. A. Has $41.38 Million Stock Position in NVIDIA Corporation $NVDA,MarketBeat,https://www.marketbeat.com/instant-alerts/filing-webster-bank-n-a-has-4138-million-stock-position-in-nvidia-corporation-nvda-2026-09-08/,"Webster Bank N.A. reduced its holdings in NVIDIA Corporation by 3.3% in the second quarter, now owning 206,799 shares valued at approximately $41.38 million, making NVIDIA its sixth-largest holding. NVIDIA reported strong Q2 results with revenue up 105.9% year-over-year and authorized an $80 billion share repurchase program. Despite a ""Moderate Buy"" consensus from analysts, the company faces risks from custom AI chips, prolonged use of older GPUs, demanding valuations, rising costs, and recent insider selling.",0.137519,Neutral,0.580403,-0.209973,Somewhat-Bearish
20260908T091048,AMD,Advanced Micro Devices,"HighTower Advisors LLC Decreases Holdings in Advanced Micro Devices, Inc. $AMD",MarketBeat,https://www.marketbeat.com/instant-alerts/filing-hightower-advisors-llc-decreases-holdings-in-advanced-micro-devices-inc-amd-2026-09-08/,"HighTower Advisors LLC reduced its stake in Advanced Micro Devices (NASDAQ:AMD) by 4.8% during the second quarter, now holding 428,637 shares valued at $249 million. Despite this, other institutional investors have increased their positions. The article also highlights key news impacting AMD, including the unveiling of a $100,000 AI workstation and predictions of its data-center business exceeding 70% of revenue by 2027, alongside concerns about valuation and competition from Broadcom.",-0.165444,Somewhat-Bearish,1.000000,0.001384,Neutral
20260908T092702,AMD,Advanced Micro Devices,Xanadu and ASML Partner on Lithography for Photonic Quantum Hardware,The Quantum Insider,https://thequantuminsider.com/2026/09/09/xanadu-asml-lithography-photonic-quantum-hardware/,"Xanadu and ASML have announced a collaboration to advance lithography processes for Xanadu's photonic quantum hardware. The partnership aims to reduce optical losses in quantum computing chips, which are critical for achieving fault-tolerant and error-corrected quantum systems. By exploring how lithography affects line edge roughness, the companies hope to improve patterning control and accelerate the development of utility-scale photonic quantum hardware.",0.374502,Bullish,0.608619,0.232555,Somewhat-Bullish
20260908T094023,AMD,Advanced Micro Devices,"Advanced Micro Devices, Inc. $AMD Shares Acquired by Range Advisory LLC",MarketBeat,https://www.marketbeat.com/instant-alerts/filing-advanced-micro-devices-inc-amd-shares-acquired-by-range-advisory-llc-2026-09-08/,"Range Advisory LLC increased its stake in Advanced Micro Devices (AMD) by 47% in the second quarter, bringing its total holdings to 5,954 shares valued at $3.46 million. The semiconductor manufacturer reported strong Q2 results with revenue up 50.1% year-over-year to $11.54 billion and an EPS of $1.66, surpassing analyst estimates. Despite a ""Moderate Buy"" consensus rating and a price target of $553.72, AMD faces significant risks due to its high P/E ratio of 123 and increasing competition from Nvidia and Broadcom.",-0.057788,Neutral,1.000000,0.201770,Somewhat-Bullish
20260908T115803,AMD,Advanced Micro Devices,Cantor Fitzgerald reiterates Overweight on GlobalFoundries stock,Investing.com,https://m.investing.com/news/analyst-ratings/cantor-fitzgerald-reiterates-overweight-on-globalfoundries-stock-93CH-4891544?ampMode=1,"Cantor Fitzgerald reiterated an Overweight rating and a $90.00 price target for GlobalFoundries (NASDAQ: GFS), citing tightening foundry capacity and strong demand across the industry, particularly from TSMC's major clients. The firm highlighted GlobalFoundries' opportunities in SiPho and SiGe, acquisitions boosting non-semiconductor revenues, and improving gross margins. This optimistic outlook is supported by recent strong Q2 results and several analysts revising earnings upwards for the company.",0.331014,Somewhat-Bullish,0.646598,0.332406,Somewhat-Bullish
20260908T130505,AMD,Advanced Micro Devices,Intel shares up 5% following report company plans to raise CPU prices,TipRanks,https://www.tipranks.com/news/the-fly/intel-shares-up-5-following-report-company-plans-to-raise-cpu-prices-thefly-news,"Intel's shares rose by 5% following a report indicating the company's intention to increase CPU prices. This news comes amidst a broader chip rally, with Intel also receiving an ""Outperform"" upgrade from Northland due to ""material"" turnaround progress. The price hikes are reportedly set for early October.",0.382102,Bullish,0.742590,0.313823,Somewhat-Bullish
20260908T141826,AMD,Advanced Micro Devices,"Intel, AMD among market cap stock movers on Tuesday",Investing.com,https://www.investing.com/news/stock-market-news/intel-amd-among-market-cap-stock-movers-on-tuesday-93CH-4891982,"On Tuesday, several stocks experienced significant movement, with Intel and Advanced Micro Devices rallying, and Baidu-Exch seeing a decline. The article categorizes these movers by market capitalization, highlighting performance across mega-cap, large-cap, mid-cap, and small-cap companies. The shifts are attributed to various news and market factors impacting individual stocks.",0.353977,Bullish,0.910659,0.321265,Somewhat-Bullish
20260908T142603,AMD,Advanced Micro Devices,"Intel, AMD among market cap stock movers on Tuesday",Investing.com,https://www.investing.com/news/stock-market-news/intel-amd-among-market-cap-stock-movers-on-tuesday-93CH-4892201,"On Tuesday, several stocks, including Intel (INTC) and AMD (AMD), saw significant market cap movement due to various news and factors. Intel's CPU prices are reportedly rising again, while SpaceX received a ""buy"" rating. The article highlights major movers across mega-cap, large-cap, mid-cap, and small-cap categories.",0.356151,Bullish,0.945620,0.315862,Somewhat-Bullish
20260908T143930,AMD,Advanced Micro Devices,AMD Has Something Nvidia Doesn’t. Is the Stock Finally Ready to Break Out?,24/7 Wall St.,https://247wallst.com/investing/2026/09/08/amd-has-something-nvidia-doesnt-is-the-stock-finally-ready-to-break-out/,"AMD's stock is experiencing renewed interest following a significant surge in AI revenue, particularly after securing a large GPU deal with OpenAI. While the stock has seen recent dips due to profit-taking and valuation concerns, analysts are largely bullish, with many expecting target hikes as FY27 EPS estimates continue to rise. Reaching a $700 price target by 2027 is considered ambitious but achievable, contingent on successful execution of its Helios program and sustained growth in its Data Center segment.",0.041478,Neutral,0.308609,0.009832,Neutral
20260908T143930,AMD,Advanced Micro Devices,AI-Optimized Processors Fuel Advanced Micro Devices (AMD) Stock Growth,Yahoo Finance,https://finance.yahoo.com/markets/stocks/articles/ai-optimized-processors-fuel-advanced-143631312.html,"Advanced Micro Devices (AMD) stock growth is being fueled by strong adoption of its AI-optimized GPU and data center processor products, as highlighted in Impax US Sustainable Economy Fund's Q2 2026 investor letter. The company's shares are up significantly over the past year, and it maintains a strong position among hedge funds. The broader market saw a rotation into AI and tech stocks, driven by mega-cap earnings and data center investments.",0.308455,Somewhat-Bullish,1.000000,0.405169,Bullish
20260908T165858,AMD,Advanced Micro Devices,Microsoft's Project Zenith Turns Windows 11 Into a Ready-to-Code AI Workstation -- Redmondmag.com,Redmondmag.com,https://redmondmag.com/articles/2026/09/08/microsoft-project-zenith.aspx,"Microsoft's Project Zenith is an initiative to provide developers with pre-configured Windows 11 PCs optimized for coding and local AI workloads. These high-end machines will feature at least 64 GB of unified memory to run large AI models locally, along with developer-friendly defaults and tools like Visual Studio Code and WSL. The goal is to create a seamless development environment that allows immediate productivity.",0.357898,Bullish,0.745258,0.317661,Somewhat-Bullish
20260908T175812,AMD,Advanced Micro Devices,How the Juniper Networks Deal is Paying Off for HPE,Futuriom,https://www.futuriom.com/articles/news/how-the-juniper-networks-deal-is-paying-off-for-hpe/2026/09,"Hewlett Packard Enterprise's (HPE) acquisition of Juniper Networks for $14 billion in July 2025 has significantly boosted HPE's performance, with its shares climbing 158% and networking product growth reaching 117% year-over-year. Juniper's routing and data center switching technologies, particularly the PTX, MX, and QFX series, are driving strong demand from hyperscalers and neoclouds for AI infrastructure investments. This success is further evidenced by new collaborations with Oracle for OCI datacenters and AMD for its Helios rack, leveraging Juniper's advanced networking capabilities.",0.42181,Bullish,0.662118,0.292454,Somewhat-Bullish
20260908T183154,AMD,Advanced Micro Devices,Patrick Industries stock hits 52-week low at 80.55 USD,Investing.com,https://www.investing.com/news/company-news/patrick-industries-stock-hits-52week-low-at-8055-usd-93CH-4892204,"Patrick Industries (PATK) stock has fallen to a 52-week low of $80.55, representing a 55% drop from its peak. Despite this, analysts see a potential upside of 38%, with price targets ranging from $85 to $130, and the company has consistently raised its dividend for seven years. The recent decline is attributed to challenges in the recreational vehicle segment, though other sectors like marine and housing show stronger performance.",-0.352451,Bearish,0.536945,0.624353,Bullish
20260908T191014,AMD,Advanced Micro Devices,"Advanced Micro Devices Upgraded, Eli Lilly Downgraded: Updated Rankings on Top Blue-Chip Stocks",InvestorPlace,https://investorplace.com/market360/2026/09/20260908-blue-chip-upgrades-downgrades/,"Louis Navellier has revised his Stock Grader recommendations for 98 blue-chip stocks based on institutional buying pressure and fundamental health. Advanced Micro Devices (AMD) was upgraded from ""Strong"" to ""Very Strong,"" while Eli Lilly and Company (LLY) was downgraded from ""Very Strong"" to ""Strong."" The article provides comprehensive lists of upgrades and downgrades across various rating categories, advising investors to review their holdings accordingly.",0.210366,Somewhat-Bullish,0.928053,0.413273,Bullish
20260908T195826,AMD,Advanced Micro Devices,AMD Stock Spikes 6% After CFO Claims Total Addressable Market To Hit $3 Trillion In 2030,Yahoo Finance,https://finance.yahoo.com/markets/stocks/articles/amd-stock-spikes-6-cfo-195748362.html,"AMD's stock surged by 6% after its CFO, Jean Hu, projected the total addressable market for AI chips could reach $2 trillion to $3 trillion by 2030, a significant increase from previous estimates. The company anticipates its data center business to more than double next year, driven by new GPU releases and strong growth in its server CPU division. This optimistic outlook is fueled by a fundamental shift in AI workloads towards inference and accelerated hardware deployment plans.",0.438453,Bullish,1.000000,0.821561,Bullish
20260908T204921,AMD,Advanced Micro Devices,"Intel Leads Chip Stocks Rally as Qualcomm, AMD and Broadcom Stocks Jump",Yahoo Finance,https://finance.yahoo.com/markets/stocks/articles/intel-leads-chip-stocks-rally-204945385.html,"Chip stocks, including Intel, Qualcomm, AMD, and Broadcom, experienced a significant rally. Intel surged due to a potential CPU price increase and an analyst upgrade, while Qualcomm benefited from an AI data-center deal with Amazon. AMD and Broadcom also saw gains, extending the sector's positive momentum despite a broader market downturn.",0.331087,Somewhat-Bullish,0.739382,0.349695,Somewhat-Bullish
20260908T232646,AMD,Advanced Micro Devices,Canaan Inc. Reports Unaudited Second Quarter 2026 Financial Results,Eastern Progress,https://www.easternprogress.com/canaan-inc-reports-unaudited-second-quarter-2026-financial-results/article_1ccdbcc0-7095-5dad-b735-0e2303a5388b.html,"Canaan Inc. announced its unaudited financial results for the second quarter of 2026, reporting a net loss of US$97.6 million and total revenues of US$31.9 million amidst challenging market conditions for Bitcoin mining. The company achieved a record cryptocurrency treasury of 1,915 BTC and 3,952 ETH, produced 243 bitcoins, and repurchased 16.4 million ADSs for US$7.4 million, demonstrating a focus on liquidity and disciplined capital allocation. Canaan is also expanding into compute-plus-energy infrastructure and optimizing its product lines, including new Avalon Home products for heating applications.",-0.023643,Neutral,0.562128,0.122085,Neutral
20260909T000710,AMD,Advanced Micro Devices,Who Owns AMD?,BGR,https://www.bgr.com/2252114/who-owns-amd/,"AMD, or Advanced Micro Devices, is a publicly traded company with its largest individual shareholders being CEO Dr. Lisa T. Su, CTO Mark Papermaster, and SVP Jack M. Huynh. The majority of AMD's shares are owned by institutional investors, with Vanguard Group Inc. and BlackRock being prominent holders. The article also discusses why AMD products are often cheaper than Nvidia's, attributing it to strategic positioning rather than manufacturing location.",0.020335,Neutral,1.000000,0.044093,Neutral
20260909T010244,AMD,Advanced Micro Devices,"Super Micro Computer Sees AI Demand Driving Growth, Diversification and Cash Flow",Yahoo Finance,https://finance.yahoo.com/technology/ai/articles/super-micro-computer-sees-ai-010201275.html,"Super Micro Computer reported robust growth in fiscal 2026, driven by strong AI demand and a diversified customer base that now includes enterprises and neocloud providers, moving beyond just hyperscalers. The company is focusing on integrated, application-optimized systems to increase value and margins, while also prioritizing cash flow improvement through better customer payment terms and working capital management. Super Micro aims to become self-funded to support its substantial order book and capitalize on a market opportunity estimated to be trillions of dollars.",0.364797,Bullish,0.708299,0.312112,Somewhat-Bullish
20260909T013748,AMD,Advanced Micro Devices,AMD Guides to $70 Billion of 2027 Data Center Revenue,Yahoo Finance,https://finance.yahoo.com/technology/ai/articles/amd-guides-70-billion-2027-211135048.html,"Advanced Micro Devices Inc. (AMD) projects its data center business to reach $70 billion by 2027, with AI GPUs contributing over $40 billion. The company anticipates a $2 trillion AI market by 2030 and has secured anchor customers like Anthropic, Meta Platforms, and OpenAI. Despite tight supply for components, AMD has significant purchase commitments and expects gross margin adjustments as the MI450 ramps up, focusing on overall gross profit.",0.366618,Bullish,1.000000,0.468697,Bullish
20260909T014252,AMD,Advanced Micro Devices,"Applied Materials, AMD, Broadcom, Lam Research, and Marvell Technology Shares Skyrocket, What You Need To Know",Yahoo Finance,https://finance.yahoo.com/markets/stocks/articles/applied-materials-amd-broadcom-lam-012718535.html,"Shares of Applied Materials, AMD, Broadcom, Lam Research, and Marvell Technology surged following significant announcements in the semiconductor industry. Qualcomm partnered with AWS to develop custom AI data center infrastructure, while ASML, TSMC, and Intel made strides in next-generation chip manufacturing, including a transition to larger photomasks and processing over one million wafers with High NA EUV equipment. These advancements boosted investor confidence in future chip designs and AI infrastructure.",0.717604,Bullish,0.928624,0.700223,Bullish
20260909T035145,AMD,Advanced Micro Devices,INTC Stock Slips Overnight: AMD Reaffirms TSMC Ties Amid Intel Foundry Buzz — But Keeps Supplier Options Open,Yahoo Finance,https://finance.yahoo.com/markets/stocks/articles/intc-stock-slips-overnight-amd-034507732.html,"Shares of Intel (INTC) slipped after AMD reaffirmed TSMC as its primary wafer supplier, despite keeping other options open and Intel's recent gains. AMD's CFO stated their relationship with TSMC involves co-development, and while they will evaluate all advanced technologies, TSMC remains their main partner. This comes as AMD faces tight supply for its AI business, which has exceeded expectations and is projected to double its data center business by 2027.",0.25335,Somewhat-Bullish,0.947796,0.207592,Somewhat-Bullish
20260909T042915,AMD,Advanced Micro Devices,"Albertsons EVP Thomas Moriarty Awarded 164,745 Restricted Stock Units with Three-Year Vesting",Kalkine Media,https://kalkinemedia.com/us/news/announcements/albertsons-evp-thomas-moriarty-awarded-164745-restricted-stock-units-with-three-year-vesting,"Thomas M. Moriarty, Executive Vice President of M&A and Corporate Affairs at Albertsons Companies, Inc. (NYSE:ACI), was awarded 164,745 time-based restricted stock units (RSUs). These RSUs, disclosed on September 10, 2026, will vest in three equal installments on September 8 of 2027, 2028, and 2029, contingent on his continuous employment. This grant increases Moriarty's direct holdings of derivative securities to 164,745.",0.157562,Somewhat-Bullish,0.618199,0.142748,Neutral
20260909T070000,AMD,Advanced Micro Devices,A treatment to prevent kidney transplant rejection will be presented Sept. 22,Stock Titan,https://www.stocktitan.net/news/ELDN/eledon-pharmaceuticals-announces-presentation-at-the-international-55zqx96j5zv1.html,"Eledon Pharmaceuticals (ELDN) announced that long-term safety and efficacy data for tegoprubart, a treatment to prevent kidney transplant rejection, will be presented at the International Congress of The Transplantation Society in Sydney, Australia. The presentation, based on the Phase 2 BESTOW trial and its extension, will occur on September 22, 2026. This highlights the company's progress in developing immune-modulating therapies for life-threatening conditions.",0.223496,Somewhat-Bullish,0.641663,0.117909,Neutral
20260909T081319,AMD,Advanced Micro Devices,Bull of the Day: Seagate Technology (STX),Yahoo Finance UK,https://uk.finance.yahoo.com/news/bull-day-seagate-technology-stx-083000724.html,"Seagate Technology (STX) is highlighted as a ""Bull of the Day"" due to its critical role in providing mass-capacity hard drives for AI-driven data centers, complementing high-speed memory providers. The company benefits from surging demand for data storage, exhibiting rapidly rising earnings estimates, a Zacks Rank #1 (Strong Buy), and a compelling technical setup suggesting further stock appreciation. Despite a significant rally, Seagate's valuation remains reasonable relative to its strong expected sales and earnings growth.",0.288877,Somewhat-Bullish,0.612639,0.244364,Somewhat-Bullish
20260909T082317,AMD,Advanced Micro Devices,"Advanced Micro Devices, Inc. $AMD Shares Bought by IFP Advisors Inc",MarketBeat,https://www.marketbeat.com/instant-alerts/filing-advanced-micro-devices-inc-amd-shares-bought-by-ifp-advisors-inc-2026-09-09/,"IFP Advisors Inc increased its stake in Advanced Micro Devices (NASDAQ:AMD) by 4.1% during the second quarter, bringing its total holdings to 80,458 shares valued at $46.74 million. Other hedge funds also adjusted their positions in AMD, while company insiders sold a significant number of shares totaling over $51 million in the last 90 days. Wall Street analysts have largely maintained positive ratings for AMD, with an average target price of $553.72, and the company reported strong quarterly earnings with revenue up 50.1% year-over-year.",0.030347,Neutral,0.337614,0.048246,Neutral
20260909T095849,AMD,Advanced Micro Devices,Analyzing Broadcom In Comparison To Competitors In Semiconductors & Semiconductor Equipment Industry,Benzinga,https://www.benzinga.com/news/26/09/61679061/analyzing-broadcom-comparison-competitors-semiconductors-amp-semiconductor-equipment-industry,"This article analyzes Broadcom (NASDAQ: AVGO) against its competitors in the Semiconductors & Semiconductor Equipment industry, examining key financial metrics like P/E, P/B, P/S ratios, ROE, EBITDA, gross profit, and revenue growth. It identifies that Broadcom's low P/E ratio suggests potential undervaluation, while high P/B and P/S ratios indicate strong market valuation of its assets and sales. The company exhibits strong profitability with high ROE, EBITDA, and gross profit, along with a healthier financial position due to a lower debt-to-equity ratio, though its revenue growth is slower than the industry average.",0.178624,Somewhat-Bullish,0.605382,0.111772,Neutral
20260909T104039,AMD,Advanced Micro Devices,Buy Super Micro Computer for Handsome Returns & Attractive Valuations,TradingView,https://www.tradingview.com/news/zacks:3b1d464b9094b:0-buy-super-micro-computer-for-handsome-returns-attractive-valuations/,"Super Micro Computer (SMCI) is positioned for significant growth, driven by its leadership in AI-powered data centers, modular design advantage, and robust clientele including NVIDIA, AMD, and Intel. The company reported nearly doubled revenues in fiscal 2026, with a strong backlog and promising guidance for fiscal 2027, making it an attractive investment with solid estimate revisions and appealing valuations.",0.62213,Bullish,0.611664,0.593853,Bullish
20260909T113737,AMD,Advanced Micro Devices,"Capital Advantage Inc. Sells 5,783 Shares of Advanced Micro Devices, Inc. $AMD",MarketBeat,https://www.marketbeat.com/instant-alerts/filing-capital-advantage-inc-sells-5783-shares-of-advanced-micro-devices-inc-amd-2026-09-09/,"Capital Advantage Inc. reduced its stake in Advanced Micro Devices (AMD) by 23.7% in the second quarter, selling 5,783 shares but still holding 18,668 shares worth approximately $10.8 million. AMD exceeded Q2 analyst expectations with $1.66 EPS and $11.54 billion in revenue, reflecting 50.1% year-over-year growth. Despite recent insider selling, analysts maintain a ""Moderate Buy"" rating with an average price target of $557.62, while institutional investors own a significant 71.34% of the company.",0.145108,Neutral,1.000000,0.337058,Somewhat-Bullish
20260909T125400,AMD,Advanced Micro Devices,"AMD Rises 8% in a Month: Should You Buy, Sell or Hold the Stock?",Yahoo Finance,https://finance.yahoo.com/markets/stocks/articles/amd-rises-8-month-buy-165400514.html,"Advanced Micro Devices (AMD) shares have risen 7.7% in the past month, outperforming peers, driven by strong growth in its Data Center segment, especially EPYC server CPUs and Instinct GPUs for AI. While AMD has strong growth prospects in the rapidly expanding AI infrastructure market, it faces stiff competition, supply constraints, and potential gross-margin pressure. Despite the positive outlook and recent stock momentum, its premium valuation suggests investors should consider waiting for a more attractive entry point, as the stock currently holds a Zacks Rank #3 (Hold).",0.074239,Neutral,1.000000,0.126043,Neutral
20260909T150100,AMD,Advanced Micro Devices,Summit Therapeutics Shares Rise After Upgrade From Jefferies,marketscreener.com,https://www.marketscreener.com/news/summit-therapeutics-shares-rise-after-upgrade-from-jefferies-ce785bd9d08df625,"Summit Therapeutics' shares increased after Jefferies upgraded the stock and revised its price target. This upgrade comes amidst several recent positive developments for Summit Therapeutics, including positive topline results from a Phase III study for ivonescimab in biliary tract cancer and China approval for ivonescimab in NSCLC. The biopharmaceutical company is focused on developing patient-friendly medicinal therapies.",0.197828,Somewhat-Bullish,0.616233,0.101044,Neutral
20260909T150732,AMD,Advanced Micro Devices,AMD Rises 3% as CFO Lifts AI Chip Market Forecast Toward $3 Trillion; Intel Ticks Up,24/7 Wall St.,https://247wallst.com/investing/2026/09/09/amd-rises-3-as-cfo-lifts-ai-chip-market-forecast-toward-3-trillion-intel-ticks-up/,"AMD's stock rose 3% after its CFO, Jean Hu, increased the company's AI chip market forecast to potentially $3 trillion by 2030, reinforcing TSMC as its primary wafer supplier and sidelining Intel Foundry. Despite a high trailing P/E ratio of 129x, analyst sentiment for AMD is bullish, with significant upward revisions to future EPS estimates. The company's Data Center segment saw a 107% year-over-year revenue jump in Q2 2026, signaling strong demand for its AI products.",0.210519,Somewhat-Bullish,1.000000,0.491632,Bullish
20260909T153600,AMD,Advanced Micro Devices,"Guidance Upside Drives Advanced Micro Devices (AMD) Higher, Hurting Non Owners",Yahoo Finance,https://finance.yahoo.com/markets/stocks/articles/guidance-upside-drives-advanced-micro-153647914.html,"Advanced Micro Devices (AMD) shares surged due to stronger-than-expected guidance and accelerating demand for AI and data center chips. This performance, driven by growth in both GPUs and CPUs, led to AMD being a key contributor for the American Century Investments Focused Dynamic Growth Fund, despite the fund not owning the stock. The article notes AMD's significant stock increase over the past year and its popularity among hedge funds.",0.328566,Somewhat-Bullish,1.000000,0.491943,Bullish
20260909T182514,AMD,Advanced Micro Devices,Intel (INTC) May Cut 10% More Staff as Stock Jumps 9%,FinanceFeeds,https://financefeeds.com/intel-intc-could-cut-another-10-of-staff-weeks-before-earnings/,"A new DigiTimes report suggests Intel (INTC) may cut another 5% to 10% of its workforce, weeks before its third-quarter earnings. This potential reduction follows significant layoffs over the past two years, yet Intel's stock jumped over 9% on the news, making it a top S&P 500 performer. The report also indicates Intel might increase PC processor prices to prioritize gross margin.",0.180516,Somewhat-Bullish,0.708205,0.143229,Neutral
20260909T220738,AMD,Advanced Micro Devices,Could Advanced Micro Devices (AMD)’s Partnership With Cisco Systems (CSCO) Unlock a Massive Middle East AI Opportunity?,Yahoo Finance,https://finance.yahoo.com/technology/ai/articles/could-advanced-micro-devices-amd-213247998.html,"Advanced Micro Devices (AMD), Cisco Systems (CSCO), and Humain have launched a joint AI infrastructure in Saudi Arabia, leveraging AMD's GPUs and Cisco's networking technology. This partnership aims to provide GPU-as-a-service across the Middle East, with plans for significant expansion by 2030. The article compares the investment profiles of AMD and Cisco, highlighting AMD's hyper-growth in data centers versus Cisco's strong cash flow and defensive position in networking.",0.291872,Somewhat-Bullish,1.000000,0.416046,Bullish
20260909T221607,AMD,Advanced Micro Devices,"SK Hynix Could Rally 88% More, And Micron Investors Are Paying Attention",Benzinga,https://www.benzinga.com/markets/tech/26/09/61693163/sk-hynix-88-percent-upside-micron-stock-ai-memory,"Mirae Asset Securities has raised its price target for SK Hynix Inc. to 3.1 million won, implying an 88.2% upside, driven by strong demand for high-bandwidth memory (HBM) in AI processors. This bullish outlook also positively impacts Micron Technology Inc., as increased HBM demand is expected to tighten conventional DRAM supply and boost prices across the memory market. Mirae projects significant increases in SK Hynix's DRAM selling prices through 2027, highlighting the company's undervaluation.",0.236292,Somewhat-Bullish,0.653118,0.272885,Somewhat-Bullish
20260909T224528,AMD,Advanced Micro Devices,Private cloud modernization insights from VMware Explore,SiliconANGLE,https://siliconangle.com/2026/09/09/private-cloud-modernization-three-insights-vmwareexplore/,"This article highlights three key insights from VMware Explore regarding private cloud modernization. It emphasizes its role as a foundation for production AI, the need for tight controls and flexible placement for production workloads, and the crucial role of partners in deploying integrated private cloud solutions. The discussions cover the importance of software-defined infrastructure, security for agentic AI, and cost-effective hardware configurations for AI workloads.",0.31596,Somewhat-Bullish,0.736974,0.316773,Somewhat-Bullish
20260910T013300,AMD,Advanced Micro Devices,World’s largest contract chipmaker TSMC sees August revenue surge over 53% to record high,CNBC,https://www.cnbc.com/2026/09/10/tsmc-august-revenue-chip-ai.html,"Taiwan Semiconductor Manufacturing Co. (TSMC) reported a record monthly revenue for August, surging over 53% year-on-year to $16.35 billion, primarily driven by robust demand for chips used in artificial intelligence applications. The company has maintained its dominant market share in the global foundry market, with strong bookings for its advanced chipmaking capacities. TSMC also announced a collaboration with ASML to advance next-generation chipmaking technology, planning to use ASML's High NA technology for advanced nodes starting in 2030.",0.597459,Bullish,0.638740,0.505594,Bullish
20260910T021207,AMD,Advanced Micro Devices,"Synopsys, A*STAR IME Target Simulation-led Advanced Packaging Development",EE Times Asia,https://www.eetasia.com/synopsys-astar-ime-target-simulation-led-advanced-packaging-development/,"Synopsys and A*STAR IME are partnering to advance semiconductor packaging and simulation technologies, focusing on reliability and mechanical challenges in multi-chiplet architectures. This collaboration aims to leverage digital modeling and analysis to identify design issues earlier, reducing development costs and time. The initial phase will address mechanical design issues like warpage, thermal stress, and solder joint reliability, especially critical for complex multi-chiplet packages.",0.285137,Somewhat-Bullish,0.605346,0.210962,Somewhat-Bullish
20260910T081400,AMD,Advanced Micro Devices,Monolithic vs. Intel: Which Chip Stock Has a Better Upside?,Yahoo Finance,https://finance.yahoo.com/technology/ai/articles/monolithic-vs-intel-chip-stock-121400380.html,"This article compares Monolithic Power Systems (MPWR) and Intel (INTC), two semiconductor firms heavily invested in AI and advanced chip technologies, to determine which offers a better investment upside. Monolithic is highlighted for its high-performance analog and mixed-signal ICs, benefiting from AI infrastructure demand and strategic acquisitions, despite competitive pressures and geographical risks. Intel is focusing on AI chips for data centers and PCs, with strong traction in AI PCs and expanding into edge computing, but faces challenges from export restrictions and lagging in GPU/AI compared to rivals like NVIDIA. While Intel appears more attractive valuation-wise, Monolithic's stronger Zacks Rank and projected growth in revenue and EPS suggest it might be the better pick.",0.281502,Somewhat-Bullish,0.585595,0.202716,Somewhat-Bullish
20260910T083718,AMD,Advanced Micro Devices,"BlueCrest Capital Management Ltd Acquires Shares of 2,230 Advanced Micro Devices, Inc. $AMD",MarketBeat,https://www.marketbeat.com/instant-alerts/filing-bluecrest-capital-management-ltd-acquires-shares-of-2230-advanced-micro-devices-inc-amd-2026-09-10/,"BlueCrest Capital Management Ltd acquired 2,230 shares of Advanced Micro Devices (AMD) worth approximately $1.295 million in the second quarter, making it a new position for the firm. Other institutional investors also adjusted their holdings, with hedge funds and institutional investors owning 71.34% of AMD's outstanding stock. Despite recent insider selling, analyst sentiment for AMD remains positive, with a consensus ""Moderate Buy"" rating and a $565.12 target price, driven by strong quarterly revenue growth and an optimistic outlook for its AI market opportunity.",0.29897,Somewhat-Bullish,1.000000,0.406197,Bullish
20260910T084300,AMD,Advanced Micro Devices,Celestica vs. Corning: Which AI Infrastructure Stock is a Better Buy?,Yahoo Finance,https://finance.yahoo.com/technology/ai/articles/celestica-vs-corning-ai-infrastructure-154300675.html,"The article compares Celestica (CLS) and Corning (GLW) as investment opportunities in the burgeoning AI infrastructure market. While both companies are well-positioned, Celestica is highlighted for its strong growth in networking and AI compute solutions, strategic collaborations, and favorable valuation. Corning faces challenges from competition and cyclical markets despite its strong optical connectivity demand.",0.204871,Somewhat-Bullish,0.727715,0.318228,Somewhat-Bullish
20260910T091203,AMD,Advanced Micro Devices,Analog Devices targets edge AI with Alif deal,Mobile World Live,https://www.mobileworldlive.com/ai-cloud/analog-devices-targets-edge-ai-with-alif-deal/,"Analog Devices is acquiring Alif Semiconductor for $1.4 billion to enhance its edge AI capabilities. This deal will integrate Alif’s AI-native microcontrollers and fusion processors, which feature low-power neural processing, connectivity, security, and power management, into Analog Devices' offerings. The acquisition aims to expand Analog Devices' addressable market in various industrial and consumer sectors by enabling comprehensive system-level solutions for embodied, deterministic AI.",0.343572,Somewhat-Bullish,0.638008,0.228620,Somewhat-Bullish
20260910T101923,AMD,Advanced Micro Devices,"Miramontes Capital LLC Buys Shares of 1,307 Advanced Micro Devices, Inc. $AMD",MarketBeat,https://www.marketbeat.com/instant-alerts/filing-miramontes-capital-llc-buys-shares-of-1307-advanced-micro-devices-inc-amd-2026-09-10/,"Miramontes Capital LLC recently acquired 1,307 shares of Advanced Micro Devices (AMD) valued at approximately $759,000, initiating a new position in the semiconductor manufacturer. This comes as institutional ownership in AMD reaches 71.34%, with other funds also increasing their stakes. AMD reported strong quarterly earnings, surpassing analyst expectations, and analysts generally maintain a ""Moderate Buy"" rating for the stock, despite concerns about its valuation and recent insider selling.",0.136281,Neutral,1.000000,0.425226,Bullish
20260910T112504,AMD,Advanced Micro Devices,"MKDWELL, ACV Auctions, and FEIM stocks rally on acquisition deals and strong earnings reports.",Pluang,https://pluang.com/en/news-feed/top-penguat-saham-as-mkdwell-acv-feim-naik,"MKDWELL, ACV Auctions, and FEIM stocks rallied significantly due to recent acquisition deals and strong earnings reports. MKDWELL surged nearly 52% after acquiring Landvision Inc., ACV Auctions rose over 44% following a $1.9 billion acquisition agreement by Copart, Inc., and Frequency Electronics jumped 42% on robust quarterly earnings and a record backlog. These movements underscore investor confidence in strategic business developments and solid financial performance.",0.403449,Bullish,0.623927,0.339008,Somewhat-Bullish
20260910T123256,AMD,Advanced Micro Devices,ePlus Builds Smarter AI Infrastructure with AMD CPUs,AMD,https://www.amd.com/en/resources/case-studies/eplus-technologies.html,"ePlus Technologies is using AMD EPYC and Ryzen PRO CPUs to build more efficient AI and cloud infrastructure. This approach allows them to achieve greater performance with fewer servers and lower energy consumption, centralizing AMD processors in their data center and cloud business. The article highlights other case studies where AMD products advance AI infrastructure and data center performance for partners like Vultr, Nokia, VVDN, and TensorWave.",0.254414,Somewhat-Bullish,1.000000,0.474214,Bullish
20260910T123649,AMD,Advanced Micro Devices,COMPRION Works with STMicroelectronics to Provide Reference Environment for SGP.32 IPAd Testing,IoT Business News,https://iotbusinessnews.com/2026/09/10/comprion-works-with-stmicroelectronics-to-provide-reference-environment-for-sgp-32-ipad-testing/,"COMPRION and STMicroelectronics have collaborated to create a jointly validated end-to-end test environment for SGP.32 IPAd implementations, addressing the complexities of eSIM profile management in IoT devices. This solution combines COMPRION test tools with STMicroelectronics' eUICC (ST4SIM-300) to simplify development and ensure interoperability for device manufacturers and integrators. The partnership aims to accelerate the deployment of IoT solutions by providing a reliable foundation for testing IPAd implementations under realistic conditions.",0.445079,Bullish,0.610144,0.339743,Somewhat-Bullish
20260910T133714,AMD,Advanced Micro Devices,Analyst Sets Lofty Price Target For AMD Stock,Schaeffer's Investment Research,https://www.schaeffersresearch.com/content/news/2026/09/10/analyst-sets-lofty-price-target-for-amd-stock,"Piper Sandler initiated coverage on Advanced Micro Devices (NASDAQ:AMD) with an ""overweight"" rating and a $600 price target, citing the chipmaker's strong GPU potential from partnerships, including with Meta Platforms. Despite a 2.1% dip today, AMD stock has surged over 143% in 2026, though it has consolidated below its June record high of $584.73. Options traders have shown a recent inclination towards puts, but AMD's volatility indicators suggest premium is affordably priced and the stock has consistently outperformed expectations.",0.326212,Somewhat-Bullish,1.000000,0.409070,Bullish
20260910T152756,AMD,Advanced Micro Devices,Taiwan Semiconductor September Revenue Surges 53% and Can’t Keep Up With Demand,24/7 Wall St.,https://247wallst.com/investing/2026/09/10/taiwan-semiconductor-september-revenue-surges-53-and-cant-keep-up-with-demand/,"Taiwan Semiconductor Manufacturing (TSMC) reported a 53% year-over-year surge in August 2026 revenue, reaching $16.35 billion, significantly exceeding its own full-year guidance. Despite this strong financial performance, TSMC is struggling to meet customer demand, particularly due to tight packaging capacity and a significant gap between demand and supply for AI chips. The company is aggressively expanding its capacity, with 20 fabs under construction, and anticipates continued strong demand from the AI sector through 2029-2030.",0.272491,Somewhat-Bullish,0.727860,0.323166,Somewhat-Bullish
20260910T161655,AMD,Advanced Micro Devices,"Micron, SK Hynix Are Top Bets in New NRAM ETF as AI Memory Demand Surges",Benzinga,https://www.benzinga.com/etfs/new-etfs/26/09/61719810/micron-sk-hynix-are-top-bets-in-new-nram-etf-as-ai-memory-demand-surges,"The Yorkville America Next Generation Memory Index ETF (NRAM) has launched, focusing on companies involved in next-gen memory technologies, with top holdings including Micron Technology, SK Hynix, and SanDisk. This new ETF aims to capitalize on the surging demand for high-bandwidth memory (HBM) driven by AI accelerators. The memory market is entering a powerful cycle, and NRAM offers investors broad exposure to this critical component of the AI ecosystem.",0.370151,Bullish,0.717412,0.308430,Somewhat-Bullish
20260910T173033,AMD,Advanced Micro Devices,Analog Devices Wants Robots to Think Without Nvidia | Is ADI the Next Big AI Stock?,24/7 Wall St.,https://247wallst.com/investing/2026/09/10/analog-devices-wants-robots-to-think-without-nvidia-is-adi-the-next-big-ai-stock/,"Analog Devices (ADI) is investing up to $200 million to acquire Alif Semiconductor, aiming to embed AI decision-making directly into devices like robots and pacemakers, bypassing cloud processing. This strategy targets the edge inference market, distinct from Nvidia's data center GPU training, focusing on low-power embedded devices. While analysts are bullish on ADI, the Alif deal's impact on revenue is expected to take several years to materialize, positioning ADI as a player in localized AI.",0.118013,Neutral,0.602635,0.183488,Somewhat-Bullish
20260910T211235,AMD,Advanced Micro Devices,Super Micro Computer Sees $60B AI Order Book Powering Fiscal 2027 Outlook,Yahoo Finance,https://finance.yahoo.com/technology/ai/articles/super-micro-computer-sees-60b-210215702.html,"Super Micro Computer announced a $60 billion AI order book, supporting its fiscal 2027 revenue outlook of $65 billion to $72 billion. The company is focusing on integrated ""AI factory"" systems to meet strong demand and expects to maintain double-digit gross margins. Supermicro is also expanding its customer base beyond neocloud to include enterprise and sovereign AI markets, alongside growing its manufacturing capabilities.",0.470131,Bullish,0.734942,0.436397,Bullish
20260910T221237,AMD,Advanced Micro Devices,Jensen Huang explains why Nvidia will grow an astounding 70% next year,TechCrunch,https://techcrunch.com/2026/09/10/jensen-huang-explains-why-nvidia-will-grow-an-astounding-70-next-year/,"Nvidia CEO Jensen Huang predicts the company's revenue will grow by an astounding 70% next year, reaching approximately $680 billion, due to its deep integration across the entire AI ecosystem. Huang asserts Nvidia is a foundational platform for AI, working with all major labs and tracking global data center development. He also addressed concerns about ""circular deals,"" stating that Nvidia only invests in companies with real revenue-generating contracts, assuring a significant return on investment.",0.217634,Somewhat-Bullish,0.553648,-0.149862,Neutral
20260911T025601,AMD,Advanced Micro Devices,"CMSD Stock Price, Quote & News",Syfe,https://www.syfe.com/stocks/us/cmsd,"This article provides current stock price information and key statistics for CMS Energy Corporation's 5.875% Junior Subordinated Notes due 2079 (CMSD). It details the stock's trading performance, 52-week range, dividend yield, and provides an overview of CMS Energy Corporation's business segments. The article also includes FAQs regarding the stock's price, highs, lows, and dividend payments.",0.113994,Neutral,0.624795,0.341195,Somewhat-Bullish
20260911T072200,AMD,Advanced Micro Devices,Oracle posts 30% revenue growth fueled by AI cloud demand as debts hits $125 billion,CNBC,https://www.cnbc.com/2026/09/11/oracle-stock-q1-earnings-ai-cloud.html,"Oracle reported a 30% increase in fiscal first-quarter revenue to $19.35 billion, surpassing analyst estimates, driven by strong demand for its cloud infrastructure services, which saw a 121% jump. Despite the revenue growth, the company's shares whipsawed and closed nearly 2% lower, as concerns persist over its $125 billion debt accumulated to fund its expansive AI data center buildout. Citi analysts reiterated a buy rating, noting Oracle's solid performance and conservative outlook, anticipating upward revisions at upcoming investor events.",0.314275,Somewhat-Bullish,0.612806,0.332708,Somewhat-Bullish
20260911T072618,AMD,Advanced Micro Devices,NVIDIA Corporation $NVDA Holdings Lowered by Franchise GP Ltd,MarketBeat,https://www.marketbeat.com/instant-alerts/filing-nvidia-corporation-nvda-holdings-lowered-by-franchise-gp-ltd-2026-09-11/,"Franchise GP Ltd significantly reduced its holdings in NVIDIA by 69.8% in Q2, selling over 227,000 shares, though NVIDIA remains a substantial part of its portfolio. This reduction comes amidst strong financial results for NVIDIA, driven by robust AI infrastructure demand, but also concerns over high valuation, insider selling, and potential regulatory scrutiny. Despite these mixed sentiments, analysts largely maintain a ""Buy"" rating for NVIDIA.",0.090952,Neutral,0.554490,-0.133359,Neutral
20260911T075704,AMD,Advanced Micro Devices,"Advanced Micro Devices, Inc. $AMD Shares Sold by Corient Private Wealth LP",MarketBeat,https://www.marketbeat.com/instant-alerts/filing-advanced-micro-devices-inc-amd-shares-sold-by-corient-private-wealth-lp-2026-09-11/,"Corient Private Wealth LP reduced its holdings in Advanced Micro Devices (AMD) by 15.9% in the second quarter, selling over 100,000 shares but still retaining a significant stake. Despite this, other major institutional investors like BlackRock and State Street increased their AMD positions, with institutions and hedge funds collectively owning over 71% of the stock. AMD insiders have also sold a substantial amount of shares, primarily through pre-arranged trading plans, while analysts generally maintain a ""Moderate Buy"" rating with a positive price target.",0.06947,Neutral,1.000000,0.266846,Somewhat-Bullish
20260911T082500,AMD,Advanced Micro Devices,Investors Should Know Exactly What to Do With Intel,24/7 Wall St.,https://247wallst.com/investing/2026/09/11/investors-should-know-exactly-what-to-do-with-intel/,"Intel (INTC) is currently rated a ""Hold"" at $100.32, despite a 305% surge in the past year, as its Q2 revenue of $16 billion (up 25% YoY) is largely priced into the stock. While operational data is improving, evidenced by strong Q2 results and AI-driven growth, the company faces challenges such as a GAAP net loss of $11.033 billion, persistent quarterly losses in Intel Foundry, and a high valuation with a forward P/E of 56. The next two earnings reports are crucial for determining whether the stock's current price will be a launchpad or a ceiling, with analysts largely holding due to the significant run-up.",0.18252,Somewhat-Bullish,0.619428,0.147281,Neutral
20260911T085450,AMD,Advanced Micro Devices,"Interest rates at the intersection of inflation, public finances, and artificial intelligence",UBS,https://www.ubs.com/us/en/wealth-management/insights/market-news/article.3748379.html,"Long-term interest rates are influenced by structural forces such as inflation dynamics, rising government debt, and a changing investor base for government bonds. While China maintains low yields due to its large savings pool, many other nations must offer higher rates to attract capital. The article suggests that artificial intelligence could play a significant role in the sustainability of public finances over time, and advises investors to selectively use high-quality bonds while exploring more attractive opportunities in equities and alternative investments, especially those benefiting from AI and infrastructure development.",0.18539,Somewhat-Bullish,0.616418,0.222340,Somewhat-Bullish
20260911T091221,AMD,Advanced Micro Devices,NVIDIA Corporation $NVDA is OLD Second National Bank of Aurora's 4th Largest Position,MarketBeat,https://www.marketbeat.com/instant-alerts/filing-nvidia-corporation-nvda-is-old-second-national-bank-of-auroras-4th-largest-position-2026-09-11/,"OLD Second National Bank of Aurora has maintained NVIDIA as its fourth-largest position despite reducing its stake by 3.9% in Q2, holding over 102,000 shares worth approximately $20.4 billion. NVIDIA reported strong financial results with quarterly revenue of $96.22 billion, up 105.9% year-over-year, and earnings of $2.22 per share, exceeding analyst expectations. The company also authorized an $80 billion share-repurchase program and holds a consensus ""Buy"" rating, though it faces risks from high valuation, competition, macroeconomic pressures, insider selling, and a DOJ investigation.",0.268703,Somewhat-Bullish,0.586014,0.047627,Neutral
20260911T133652,AMD,Advanced Micro Devices,Seoul And SEALSQ Build Center For Post-quantum Chip Security,Quantum Zeitgeist,https://quantumzeitgeist.com/post-quantum-chip-security-seoul-sealsq/,"Seoul and SEALSQ Corp are partnering to establish a research and design center in Seoul focused on securing semiconductor chips against future quantum cyberattacks. The initiative, backed by a $136 million commitment from the Seoul Metropolitan Government, aims to integrate post-quantum cryptography at the semiconductor level using RISC-V architectures and NIST guidelines. This collaboration seeks to bolster South Korea's dominance in the global semiconductor market and position it as a leader in post-quantum security for both terrestrial and space-based infrastructure.",0.11203,Neutral,0.619968,0.214614,Somewhat-Bullish
20260911T152509,AMD,Advanced Micro Devices,"Intel Climbs 3% on Chip Price Hike Report a Day After Piper Sandler Went Neutral; AMD Rises 2%, Taiwan Semiconductor Drifts",Yahoo Finance,https://finance.yahoo.com/markets/stocks/articles/intel-climbs-3-chip-price-141744701.html,"Intel's stock surged 3% following reports of a potential 10% price hike on its PC processors, extending its significant year-to-date gains. This rise occurred despite Piper Sandler initiating coverage with a ""Neutral"" rating and a $110 price target due to execution risks and data center competition. While Intel led the semiconductor sector, AMD saw a 2% increase and Taiwan Semiconductor a marginal 0.36% gain, indicating a company-specific catalyst rather than a broad market surge.",0.358667,Bullish,0.844879,0.280120,Somewhat-Bullish
20260911T173013,AMD,Advanced Micro Devices,"CNA Financial (CNA) Stock Price, News & Analysis",MarketBeat,https://www.marketbeat.com/stocks/NYSE/CNA/,"CNA Financial (NYSE: CNA) is a commercial property and casualty insurance company with a market capitalization of $12.95 billion. The stock currently trades at $47.86, showing a slight increase of 0.40% today, and has a P/E ratio of 10.51 and a dividend yield of 4.01%. Analysts have a ""Moderate Buy"" consensus rating for CNA, with expectations of 14.08% earnings growth in the coming year.",0.139067,Neutral,0.624370,0.133833,Neutral
20260911T205259,AMD,Advanced Micro Devices,"BGFI Stock Price, Quote & News",Syfe,https://www.syfe.com/stocks/us/bgfi,"This article provides current stock information for the BNY Mellon Global Fixed Income ETF (BGFI), including its trading price, 52-week range, and key statistics. As of September 25, 16:00 EDT, BGFI is trading at US$24.74. The ETF does not currently pay dividends and can be traded on Syfe with $0 commission.",0.144222,Neutral,0.610622,0.121518,Neutral
20260911T214525,AMD,Advanced Micro Devices,ON Semiconductor Corp Stock (ON) Moved Up by 7.35% on Sep 11: Facts Behind the Movement,TradingKey,https://www.tradingkey.com/news/market-movers/262164172-market-movers-on-20260911,"ON Semiconductor Corp (ON) stock rose by 7.35% on September 11, driven by a broad tech equity relief rally following favorable August consumer price index data and declining crude oil prices. The surge was also fueled by anticipation for the company's 2026 Investor Day, focusing on its growth in AI power management. Despite some company-specific risks related to acquisitions and market exposure, analysts have a ""Hold"" rating with an average price target of $107.16.",0.225311,Somewhat-Bullish,0.624613,0.328579,Somewhat-Bullish
20260911T233053,AMD,Advanced Micro Devices,"Talon Private Wealth LLC Acquires New Position in Advanced Micro Devices, Inc. $AMD",MarketBeat,https://www.marketbeat.com/instant-alerts/filing-talon-private-wealth-llc-acquires-new-position-in-advanced-micro-devices-inc-amd-2026-09-11/,"Talon Private Wealth LLC has acquired a new stake in Advanced Micro Devices (NASDAQ:AMD), purchasing 2,328 shares valued at approximately $1.35 million in the second quarter. This move comes as institutional investors collectively own 71.34% of AMD, and the semiconductor manufacturer recently reported strong quarterly earnings with 50.1% year-over-year revenue growth. Despite a broadly bullish outlook from Wall Street with a ""Moderate Buy"" rating and a $565.12 price target, analysts note risks related to AMD's valuation and intense competition in the AI chip market.",0.215547,Somewhat-Bullish,1.000000,0.313197,Somewhat-Bullish
20260912T002226,AMD,Advanced Micro Devices,Vipshop Holdings Limited (VIPS) Stock Price & News,Syfe,https://www.syfe.com/stocks/us/vips,"Vipshop Holdings Limited (VIPS) is currently trading at US$12.36, down 0.12%, with a market capitalization of US$6.98 billion. The company's stock has a 52-week range of US$12.02 to US$21.08 and offers a dividend yield of 4.85%. Recent news includes a downgrade from Nomura and mixed Q2 earnings results, with Q3 revenue guidance ranging from 20.3B to 21.4B Renminbi.",0.097432,Neutral,0.524613,0.128556,Neutral
20260912T044044,AMD,Advanced Micro Devices,"AMPD Joins ""Intel(R) Cloud Insider Program"" Under the Intel Partner Program",ACCESS Newswire,https://www.accessnewswire.com/newsroom/en/computers-technology-and-internet/ampd-joins-%22intelr-cloud-insider-program%22-under-the-intel-part-596551,"AMPD Ventures Inc. has joined Intel Corporation's ""Cloud Insider Program"" under the Intel Partner Alliance, strengthening its ability to serve customers in digital media and next-generation enterprise sectors. This partnership grants AMPD access to Intel technology and engineering resources, enabling innovation in high-speed, low-latency storage and a new AMPD Virtual Studio platform. AMPD utilizes Intel's 10th Gen Intel® Core™ processors and Intel® Optane™ NVME storage systems in its high-performance cloud and computing solutions.",0.333709,Somewhat-Bullish,0.591874,0.135843,Neutral
20260912T082428,AMD,Advanced Micro Devices,NVIDIA Corporation $NVDA is Patton Albertson Miller Group LLC's 3rd Largest Position,MarketBeat,https://www.marketbeat.com/instant-alerts/filing-nvidia-corporation-nvda-is-patton-albertson-miller-group-llcs-3rd-largest-position-2026-09-12/,"Patton Albertson Miller Group LLC has maintained NVIDIA Corporation (NVDA) as its third-largest holding despite a slight reduction in its position, now representing 5.3% of its portfolio. Analysts remain largely bullish on NVIDIA, with an average ""Buy"" rating and a consensus price target of $324.34, supported by strong earnings, high demand for AI chips, and infrastructure expansion. However, the company faces risks related to valuation, regulatory scrutiny, and significant insider selling.",0.254527,Somewhat-Bullish,0.567773,0.149573,Neutral
20260912T113130,AMD,Advanced Micro Devices,Why Has Comfort Systems USA (FIX) Become a Talking Point?,Kalkine Media,https://kalkinemedia.com/us/stocks/infrastructure-and-real-estate/why-has-comfort-systems-usa-fix-become-a-talking-point,"Comfort Systems USA (FIX) gained market attention due to strong demand in building and mechanical services, aligning with its infrastructure and real estate profile. This market activity stood out amid a broader market recovery, reinforcing the company's specific sector narrative. The article highlights the importance of company-level context over broad market explanations.",0.262589,Somewhat-Bullish,0.602201,0.130815,Neutral
20260912T122136,AMD,Advanced Micro Devices,Corgi UMC 2x Daily ETF(UMCX) - K線圖分析(MA、KD、MACD、RSI) - 股市爆料同學會,CMoney,https://www.cmoney.tw/forum/usstock/etf/UMCX?s=technical-analysis,"This article provides technical analysis of the Corgi UMC 2x Daily ETF (UMCX) using various indicators like MA, KD, MACD, and RSI. It appears to be a discussion forum post rather than a formal article, with users sharing opinions on stocks like AUO (友達) and Innolux (群創), and general market sentiment. The content also lists top holdings for the UMCX ETF and prompts users for market commentary.",0.132421,Neutral,0.602482,0.144187,Neutral
20260912T123505,AMD,Advanced Micro Devices,What Is Driving Attention Around Singularity Future Technology (SGLY)?,Kalkine Media,https://kalkinemedia.com/us/stocks/technology/what-is-driving-attention-around-singularity-future-technology-sgly,"Singularity Future Technology (SGLY) has garnered market attention following a significant stock retreat, prompting investors to re-examine the logistics-technology company. This market activity is directly linked to the company's technology profile, distinguishing its movements from broader market trends driven by easing energy concerns and inflation updates. The article emphasizes that the current interest stems from verified session activity and the company's business context, rather than future projections.",0.128251,Neutral,0.598298,0.256532,Somewhat-Bullish
20260912T154120,AMD,Advanced Micro Devices,Super Micro Computer Inc Stock (SMCI) Closed Up by 7.28% on Sep 11: What Signal Does It Send?,TradingKey,https://www.tradingkey.com/news/market-movers/262164288-market-movers-smci-20260911,"Super Micro Computer Inc (SMCI) stock rose 7.28% due to institutional sector rotation into computer hardware and server infrastructure, coupled with strong demand reaffirmed by executives and a record AI order backlog. The company reported $39.06 billion in annual revenue and $2.20 billion in net profit, outperforming the Technology Equipment sector. Despite some technical indicators suggesting neutrality or overbought conditions, investor sentiment is bullish due to attractive valuation and strategic positioning in AI infrastructure.",0.290582,Somewhat-Bullish,0.621291,0.285805,Somewhat-Bullish
20260912T183357,AMD,Advanced Micro Devices,Can Fabrinet (NYSE:FN) Turn Scale Into an Advantage?,Kalkine Media,https://kalkinemedia.com/us/stocks/midcap/can-fabrinet-nysefn-turn-scale-into-an-advantage,"Fabrinet (NYSE:FN) is being assessed in the current macro environment, characterized by elevated energy costs, firm Treasury yields, and renewed inflation concerns. The article highlights that Fabrinet's business profile, focusing on operational scale, niche market share, margin discipline, and expansion across established end markets, positions it relevantly within the Midcap Stocks sector. The discussion emphasizes how the company's execution and business mechanics are critical in navigating volatile input costs, uneven demand, and changing financial conditions, rather than relying solely on broad market sentiment.",0.098106,Neutral,0.557683,0.124012,Neutral
20260913T002302,AMD,Advanced Micro Devices,Corgi CAMT 2x Daily ETF(CAMC) - 研究報告與輝達概念股分析 - 股市爆料同學會,CMoney,https://www.cmoney.tw/forum/usstock/etf/CAMC?tab=report,"The article discusses alternative stock picks for a short-term trading period, focusing on military industry stocks like AIDC (漢翔) and Thunder Tiger (雷虎). It also delves into the semiconductor industry, highlighting Taiwan's role in advanced packaging and testing driven by AI demand, and analyzes the beneficiaries among Taiwanese OSAT (Outsourced Semiconductor Assembly and Test) companies. Additionally, it provides an analysis of recent US-China diplomatic agreements, particularly concerning nuclear weapons and trade, and their potential positive impact on the tech sector, along with an outlook on the memory chip market.",0.282799,Somewhat-Bullish,0.738017,0.348164,Somewhat-Bullish
20260913T015107,AMD,Advanced Micro Devices,Corgi SIMO 2x Daily ETF(SIMX) - K線圖分析(MA、KD、MACD、RSI) - 股市爆料同學會,CMoney,https://www.cmoney.tw/forum/usstock/etf/SIMX?s=technical-analysis,"This article provides a technical analysis of the Corgi SIMO 2x Daily ETF (SIMX) using MA, KD, MACD, and RSI indicators. It also covers recent market news including the outcomes of the Trump-Xi meeting, the performance of the US stock market and semiconductor sector, the booming AI chip testing market, and the widening gap between hourly and monthly minimum wages in Taiwan. The article further discusses the current state of the Taiwan stock market, particularly the over-the-counter market, and its potential movements ahead of upcoming elections.",0.146614,Neutral,0.733830,0.301059,Somewhat-Bullish
20260913T053842,AMD,Advanced Micro Devices,"Advanced Micro Devices, Inc. (AMD)’s Halo Station Could Strengthen Its AI Position, but Near-Term Revenue Impact May Be Limited",Yahoo! Finance Canada,https://ca.finance.yahoo.com/news/advanced-micro-devices-inc-amd-235430291.html,"Advanced Micro Devices (AMD) has unveiled its Threadripper Halo Station, an AI-powered workstation designed to capitalize on the growing demand for local AI computing, positioning AMD against Nvidia's DGX Station. While this move could strengthen AMD's AI ecosystem and competitive standing, the Halo Station faces challenges related to software maturity, high cost, and a 2027 launch date, indicating that its revenue impact will be a long-term strategic opportunity rather than an immediate financial catalyst. Hedge fund interest in AMD has increased, with 164 funds holding stakes, though the company still faces stiff competition from Nvidia's established CUDA ecosystem.",0.154051,Somewhat-Bullish,1.000000,0.240619,Somewhat-Bullish
20260913T070813,AMD,Advanced Micro Devices,Ahara Advisors LLC Grows Stock Holdings in NVIDIA Corporation $NVDA,MarketBeat,https://www.marketbeat.com/instant-alerts/filing-ahara-advisors-llc-grows-stock-holdings-in-nvidia-corporation-nvda-2026-09-13/,"Ahara Advisors LLC significantly increased its stake in NVIDIA Corporation by 89.5% in the second quarter, making it their third-largest holding. This move comes amidst a generally positive outlook for NVIDIA, driven by analyst upgrades, strong chip demand, and strategic partnerships, despite ongoing valuation debates and regulatory scrutiny. Several other institutional investors also adjusted their positions in NVIDIA, while the company continues with share buybacks and dividend payments.",0.190386,Somewhat-Bullish,0.631255,0.136478,Neutral
20260914T020000,AMD,Advanced Micro Devices,STMicroelectronics introduces automotive image sensor to help scale affordable in-cabin sensing,GlobeNewswire,https://www.globenewswire.com/news-release/2026/09/14/3360696/0/en/stmicroelectronics-introduces-automotive-image-sensor-to-help-scale-affordable-in-cabin-sensing.html,"STMicroelectronics has introduced the ST SafeSense VD56GA, a new 1.1 MP automotive image sensor for infrared in-cabin sensing. This sensor aims to help OEMs and Tier 1 suppliers implement driver and occupant monitoring across various vehicle lines by balancing performance, integration, and cost. It features 35% higher image sharpness and nearly 60% higher infrared sensitivity than its predecessor, designed to simplify camera integration and reduce overall system cost for wider adoption of in-cabin sensing technologies.",0.327576,Somewhat-Bullish,0.648091,0.338452,Somewhat-Bullish
20260914T072319,AMD,Advanced Micro Devices,"Bank of America Corp DE Purchases New Position in Advanced Micro Devices, Inc. $AMD",MarketBeat,https://www.marketbeat.com/instant-alerts/filing-bank-of-america-corp-de-purchases-new-position-in-advanced-micro-devices-inc-amd-2026-09-14/,"Bank of America Corp DE has acquired a significant new position in Advanced Micro Devices (AMD) during the second quarter, purchasing over 12 million shares valued at approximately $7.02 billion. Institutional investors now own 71.34% of AMD, which recently reported strong quarterly earnings and revenue exceeding analyst expectations. Despite a favorable ""Moderate Buy"" consensus rating and a high price target, concerns exist regarding AMD's valuation and competition in the AI chip market, while company insiders have also sold shares.",0.225306,Somewhat-Bullish,1.000000,0.313421,Somewhat-Bullish
20260914T074138,AMD,Advanced Micro Devices,Alecta Tjanstepension Omsesidigt Increases Stock Holdings in NVIDIA Corporation $NVDA,MarketBeat,https://www.marketbeat.com/instant-alerts/filing-alecta-tjanstepension-omsesidigt-increases-stock-holdings-in-nvidia-corporation-nvda-2026-09-14/,"Alecta Tjanstepension Omsesidigt increased its stake in NVIDIA Corporation by 1.4% in the second quarter, making NVIDIA its largest holding. The firm now owns 9,841,100 shares valued at approximately $1.97 billion. Other institutional investors have also adjusted their positions, and the article provides an overview of recent news, financial performance, and analyst ratings for NVIDIA.",0.230141,Somewhat-Bullish,0.638511,0.140526,Neutral
20260914T093628,AMD,Advanced Micro Devices,"Quantum Computing News: SEALSQ Revenue Jumps 131% as Xanadu, AMD Launch Backline",TipRanks,https://www.tipranks.com/news/quantum-computing-news-sealsq-revenue-jumps-131-as-xanadu-amd-launch-backline,"SEALSQ Corp (LAES) reported a 131% increase in H1 2026 revenue to $11.2 million, driven by post-quantum spending, despite incurring significant losses due to increased R&D and operational costs. Other quantum computing developments include Fortaegis raising $50 million for quantum-safe chip security and Xanadu Quantum Technologies (XNDU) partnering with AMD to launch Backline, an open-source platform for faster quantum-classical computing communication. Quantinuum Inc. (QNT) also engaged with investors at Piper Sandler's Growth Frontiers conference to discuss its full-stack quantum approach.",0.396469,Bullish,0.745163,0.283919,Somewhat-Bullish
20260914T110300,AMD,Advanced Micro Devices,Intel Shares Fall 6.4% as AI Development Slowdown Debate Weighs on Chip Stocks,Yahoo Finance,https://finance.yahoo.com/technology/ai/articles/intel-shares-fall-6-4-110350235.html,"Intel Corporation shares dropped 6.4% on Monday due to concerns about a potential slowdown in advanced AI development, following calls from tech executives like Anthropic CEO Dario Amodei and OpenAI CEO Sam Altman for a more cautious pace. This sentiment led to a broader decline in semiconductor stocks, as investors assessed the implications for chip spending. Intel also recently received a ""Neutral"" rating from Piper Sandler, adding to the negative pressure.",-0.354372,Bearish,0.748522,-0.343270,Somewhat-Bearish
20260914T110900,AMD,Advanced Micro Devices,Marvell Technology Shares Fall 7.6% as AI Development Debate Weighs on Chip Stocks,Yahoo Finance,https://finance.yahoo.com/technology/ai/articles/marvell-technology-shares-fall-7-110913733.html,"Marvell Technology shares dropped 7.6% after technology executives, including OpenAI CEO Sam Altman and Elon Musk, advocated for a slower pace in advanced AI development. This debate prompted investors to re-evaluate potential spending on AI infrastructure, including custom chips and data-center silicon, impacting semiconductor stocks globally. The decline occurred amid a broader tech sector downturn and ahead of the Federal Reserve's policy decision.",-0.462836,Bearish,0.568203,-0.424390,Bearish
20260914T111644,AMD,Advanced Micro Devices,Broadcom Shares Fall 3.2% as AI Development Debate Weighs on Semiconductor Stocks,Yahoo Finance,https://finance.yahoo.com/markets/stocks/articles/broadcom-shares-fall-3-2-111258456.html,"Broadcom (NASDAQ:AVGO) shares dropped 3.2% in pre-market trading, impacted by calls for slower AI development which affected semiconductor stocks broadly. The decline also reflects ongoing investor scrutiny of Broadcom's valuation, earnings outlook, and regulatory issues surrounding its VMware acquisition. Other major semiconductor companies and US equity indices also experienced declines.",-0.335415,Somewhat-Bearish,0.615795,-0.319867,Somewhat-Bearish
20260914T113250,AMD,Advanced Micro Devices,"Chip stocks down: AMD, Nvidia, Intel, and Sandisk lead market selloff after AI bosses call for a pause",Fast Company,https://www.fastcompany.com/91606821/chip-stocks-down-today-amd-nvidia-intel-sandisk-ai-pause-fears,"Shares of major semiconductor companies like AMD, Intel, TSMC, and Nvidia fell after AI leaders, including Anthropic CEO Dario Amodei, OpenAI's Sam Altman, and Microsoft's Satya Nadella, called for a slowdown in AI development due to safety concerns. These leaders fear AI could reach a point of ""recursive self-improvement"" making it difficult for humans to control. The market selloff reflects investor reaction to these warnings.",-0.29898,Somewhat-Bearish,0.974094,-0.401427,Bearish
20260914T120200,AMD,Advanced Micro Devices,AMD Shares Fall 5.6% as AI Development Debate Weighs on Semiconductor Stocks,Yahoo Finance,https://finance.yahoo.com/markets/stocks/articles/amd-shares-fall-5-6-120252089.html,"Advanced Micro Devices (AMD) shares dropped 5.6% in pre-market trading due to a broader decline in semiconductor stocks. This decline was triggered by calls from US technology executives for a slower pace of AI development, impacting investor assessment of future infrastructure spending and demand for semiconductor products. The weakness was also influenced by higher Treasury yields and a general selling pressure across AI-linked chip and technology stocks.",-0.278003,Somewhat-Bearish,1.000000,-0.380140,Bearish
20260914T140838,AMD,Advanced Micro Devices,Why Is Super Micro Computer Stock Falling Monday?,Benzinga,https://www.benzinga.com/markets/tech/26/09/61765144/why-is-super-micro-computer-stock-falling-monday,"Super Micro Computer (NASDAQ: SMCI) stock dropped over 7% on Monday due to a broader selloff in semiconductor and AI infrastructure stocks, driven by investor reassessment of AI spending amid safety concerns and calls for slower frontier AI development. While SMCI remains in a longer-term bullish trend, near-term momentum has weakened. Analysts hold a ""Hold"" consensus rating with an average price forecast of $36.20.",-0.343299,Somewhat-Bearish,0.634742,-0.322448,Somewhat-Bearish
20260914T143801,AMD,Advanced Micro Devices,"Samsung, SK hynix warn against an AI chip boom illusion",Korea JoongAng Daily,https://www.koreajoongangdaily.com/opinion/chipmakers-rejection-of-prepaid-power-bills-warrants-reflection/12874912,"Samsung Electronics and SK hynix rejected Kepco's proposal for a 25 trillion won ($18.6 billion) prepaid electricity plan, questioning the longevity of the current semiconductor boom. This caution from the chipmakers contrasts with the Lee Jae Myung administration’s optimism about sustained AI demand, prompting a re-evaluation of government policies based on projected semiconductor prosperity. The article highlights the need for careful long-term industrial policy given market uncertainties and China's rapid advancements in chip technology.",-0.263046,Somewhat-Bearish,0.732051,-0.213788,Somewhat-Bearish
20260914T151740,AMD,Advanced Micro Devices,KLA Slides as Chip Stocks Weaken in Broader Risk-Off Trade,Moomoo,https://www.moomoo.com/news/post/76244760/kla-slides-as-chip-stocks-weaken-in-broader-risk-off,"KLA Corporation (KLAC) shares experienced a decline as the broader semiconductor sector weakened due to a risk-off sentiment in the market. This movement reflects investor caution and a shift away from riskier assets, impacting chip stocks across the board.",-0.378729,Bearish,0.722139,-0.403272,Bearish
20260914T162754,AMD,Advanced Micro Devices,Ceva and LG Partner to Advance UWB Integration for Automotive and IoT SoCs,EE Times Asia,https://www.eetasia.com/ceva-and-lg-partner-to-advance-uwb-integration-for-automotive-and-iot-socs/,"Ceva and LG Electronics have partnered to create a comprehensive ultra-wideband (UWB) technology platform aimed at accelerating the development of UWB-enabled automotive, industrial, and consumer System-on-Chips (SoCs). This collaboration combines Ceva's UWB baseband IP and software with LG's UWB radio-frequency technology, designed to reduce engineering effort and integration risks for customers. The platform supports advanced UWB standards and is expected to drive significant growth in UWB device shipments across various applications.",0.361258,Bullish,0.736879,0.349926,Somewhat-Bullish
20260914T201112,AMD,Advanced Micro Devices,AI infrastructure company Cornelis raises $205M to chip away at Nvidia’s dominance,TechCrunch,https://techcrunch.com/2026/09/14/ai-infrastructure-company-cornelis-raises-205m-to-chip-away-at-nvidias-dominance/,"Cornelis, an AI infrastructure company, has raised $205 million in funding led by IAG Capital Partners. The company, which spun off from Intel in 2020, aims to challenge Nvidia's dominance by developing networking technology that allows AI chips to communicate more efficiently. Their new product, Active Compute Fabric, addresses the issue of wasted GPU time by enabling simultaneous processing and data transmission, offering an open architecture compatible with various GPU and accelerator hardware.",0.112235,Neutral,0.632451,0.126285,Neutral
20260914T211103,AMD,Advanced Micro Devices,"Advanced Micro Devices (NASDAQ:AMD) CEO Lisa Su Sells 70,000 Shares of Stock",MarketBeat,https://www.marketbeat.com/instant-alerts/insider-advanced-micro-devices-nasdaq-amd-ceo-lisa-su-sells-70000-shares-of-stock-2026-09-14/,"Advanced Micro Devices (NASDAQ:AMD) CEO Lisa Su sold 70,000 shares of company stock worth $35.5 million under a pre-arranged trading plan. Despite the sale, Su still retains a significant stake valued at approximately $1.54 billion. AMD's stock experienced a 4.4% dip, though the company recently surpassed earnings and revenue forecasts and maintains a ""Moderate Buy"" consensus rating from analysts.",-0.062403,Neutral,1.000000,-0.210697,Somewhat-Bearish
20260914T211817,AMD,Advanced Micro Devices,"Talk of AI pause slams Nvidia, AMD and Intel as fears of doomsday scenarios spread",Yahoo Finance,https://finance.yahoo.com/technology/ai/articles/talk-ai-pause-slams-nvidia-214716918.html,"Artificial intelligence stocks, including Nvidia, AMD, and Intel, tumbled after AI industry leaders called for a slowdown in developing more powerful AI systems due to fears of doomsday scenarios. Anthropic CEO Dario Amodei's essay advocating for pacing AI development, along with similar sentiments from OpenAI, SpaceX, and Microsoft executives, triggered concerns. Despite some calls for a pause, analysts believe current AI models will continue to serve customers, leading to only a minor slowdown in growth, while some leaders like Nvidia CEO Jensen Huang and former President Trump dismiss the doomsday fears.",-0.283126,Somewhat-Bearish,0.876466,-0.367116,Bearish
20260914T212418,AMD,Advanced Micro Devices,Advanced Micro Devices (NASDAQ:AMD) Trading Down 4.4% After Insider Selling,MarketBeat,https://www.marketbeat.com/instant-alerts/price-advanced-micro-devices-nasdaq-amd-trading-down-44-after-insider-selling-2026-09-14/,"Advanced Micro Devices (NASDAQ:AMD) shares dropped 4.4% following insider selling by CEO Lisa Su, who sold 95,000 shares worth approximately $48.1 million under pre-arranged trading plans. Despite the insider selling and concerns about AI development pace, analysts maintain a ""Moderate Buy"" rating with a consensus price target of $565.12, supported by strong quarterly revenue growth and AI partnerships. The stock's elevated valuation and executive sales contribute to investor caution, even as the company reported strong earnings and revenue that exceeded estimates.",-0.122057,Neutral,1.000000,-0.265152,Somewhat-Bearish
20260915T004523,AMD,Advanced Micro Devices,"Seagate, Skyworks Solutions, Semtech, Nova, and FormFactor Shares Are Falling, What You Need To Know",Yahoo Finance UK,https://uk.finance.yahoo.com/news/seagate-skyworks-solutions-semtech-nova-003530705.html,"Shares of several semiconductor companies, including Seagate, Skyworks Solutions, Semtech, Nova, and FormFactor, fell following a joint statement from the CEOs of Anthropic, OpenAI, and SpaceX calling for a slowdown in AI model development due to safety concerns. This unexpected warning prompted Citigroup to adopt a neutral stance on broader equity risk, anticipating potential impacts on corporate earnings and chipmakers. The article highlights the market's sensitivity to news, noting that such dips could present buying opportunities for high-quality stocks, despite Semtech experiencing a significant gain just days prior due to positive AI sentiment.",-0.085091,Neutral,0.649240,0.205203,Somewhat-Bullish
20260915T005222,AMD,Advanced Micro Devices,How Australia Can Prepare for the AI-Driven Energy Shift,GE Vernova,https://www.gevernova.com/news/articles/how-australia-can-prepare-ai-driven-energy-shift,"Australia's energy transition, framed through the lens of AI and digital infrastructure, presents a significant economic opportunity. The article highlights that the AI race is becoming an energy race, with physical infrastructure now the bottleneck for AI deployment, not just semiconductors. It emphasizes that Australia, with proper planning, can leverage its energy transition to become a hub for digital infrastructure and advanced industry, with speed-to-power being a critical competitive advantage.",0.309997,Somewhat-Bullish,0.666295,0.329023,Somewhat-Bullish
20260915T021103,AMD,Advanced Micro Devices,"Advanced Micro Devices stock price ended at $493.41 on Monday, after losing 4.40%",StockInvest.us,https://stockinvest.us/stock-news/advanced-micro-devices-stock-price-ended-at-49341-on-monday-after-losing-440-2026-09-14,"Advanced Micro Devices (AMD) stock price fell by 4.40% to $493.41 on Monday, September 14, 2026, with increased volume on falling prices acting as a potential early warning. Despite some buy signals from long-term moving averages and MACD, the stock has a short-term sell signal and is expected to fall further in the next three months. Piper Sandler recently gave AMD an ""Overweight"" grade.",-0.261767,Somewhat-Bearish,1.000000,-0.287810,Somewhat-Bearish
20260915T060036,AMD,Advanced Micro Devices,Soluna Holdings at H.C. Wainwright: AI buildout meets power limits,Investing.com,https://www.investing.com/news/transcripts/soluna-holdings-at-hc-wainwright-ai-buildout-meets-power-limits-93CH-4900429,"Representatives from several bitcoin mining companies, including Soluna Holdings, discussed their transition into AI infrastructure businesses at the H.C. Wainwright 28th Annual Global Investment Conference. Panelists emphasized that while AI infrastructure demand is robust, the buildout faces significant constraints such as power access, labor, and equipment. Many companies are leveraging their existing power assets and infrastructure from bitcoin mining to enter the AI colocation and GPU-as-a-service markets, securing multi-billion dollar contracts and highlighting the strategic importance of rapid deployment and execution certainty.",0.173948,Somewhat-Bullish,0.730441,0.317858,Somewhat-Bullish
20260915T061906,AMD,Advanced Micro Devices,"NVIDIA Corporation (NASDAQ:NVDA) Receives Consensus Recommendation of ""Buy"" from Analysts",MarketBeat,https://www.marketbeat.com/instant-alerts/consensus-nvidia-corporation-nasdaq-nvda-receives-consensus-recommendation-of-buy-from-analysts-2026-09-15/,"NVIDIA Corporation (NASDAQ:NVDA) has received a consensus ""Buy"" recommendation from analysts, with 50 out of 55 brokerages rating the stock a ""Buy"" and an average 12-month price target of $324.34. The company recently reported strong quarterly results, with EPS of $2.22 against a $2.09 estimate and revenue up 105.9% year-over-year. NVIDIA also authorized an $80 billion stock repurchase plan and declared a quarterly dividend, despite concerns about insider selling, customer concentration, and higher memory costs.",0.098996,Neutral,0.545825,-0.107398,Neutral
20260915T073300,AMD,Advanced Micro Devices,Pulse Biosciences Finalizes Enrollment for PRECISE-BTN Trial Evaluating nPulse Vybrance System,Kalkine Media,https://kalkinemedia.com/us/news/announcements/pulse-biosciences-finalizes-enrollment-for-precise-btn-trial-evaluating-npulse-vybrance-system,"Pulse Biosciences (NASDAQ:PLSE) has successfully completed patient enrollment for its PRECISE-BTN clinical trial, which evaluates the nPulse Vybrance Percutaneous Electrode System for treating symptomatic benign thyroid nodules. The study expanded from 50 to 100 patients, with enrollment occurring at three U.S. clinical sites. The first patient has also completed their 12-month follow-up, and the trial will assess safety, nodule volume reduction, symptom relief, hormone normalization, and quality of life improvements.",0.191936,Somewhat-Bullish,0.633656,0.131887,Neutral
20260915T091927,AMD,Advanced Micro Devices,HP Redefines the Mobile Workstation for the Era of Agentic AI,HP,https://www.hp.com/us-en/newsroom/press-releases/2026/hp-redefines-the-mobile-workstation-for-the-era-of-agentic-ai.html,"HP has unveiled the ZBook Ultra G3a 16, a new mobile workstation designed as a ""personal AI factory"" for professionals. Powered by AMD and enhanced by Perplexity, this device supports advanced AI workloads, including large language models (LLMs) up to 300 billion parameters locally, with significant unified memory and VRAM. The ZBook Ultra G3a integrates with applications like Autodesk Revit and aims to streamline AI workflows, reduce cloud dependency, and provide IT with a controlled path for scaling local AI solutions.",0.343773,Somewhat-Bullish,0.800221,0.343442,Somewhat-Bullish
20260915T104848,AMD,Advanced Micro Devices,"AI 'Slowdown' Jitters Fading? Micron, Intel, SanDisk, Nvidia, SK Hynix Up Pre-Market Day After Crash",NDTV Profit,https://www.ndtvprofit.com/markets/ai-slowdown-jitters-fading-micron-intel-sandisk-nvidia-sk-hynix-up-pre-market-day-after-crash-12049075,"Shares of semiconductor chip companies like SK Hynix, Intel, Nvidia, Micron, AMD, and SanDisk saw an uptick in early market trade, bouncing back after a previous day's slump. This recovery comes after a sell-off triggered by announcements from OpenAI CEO Sam Altman and Anthropic CEO Darius Amodei about slowing AI development for safety protocols. Despite earlier concerns about an AI slowdown, these tech giants are showing signs of regaining momentum in the market.",0.32572,Somewhat-Bullish,0.715994,0.337832,Somewhat-Bullish
20260915T110734,AMD,Advanced Micro Devices,Should you buy the SOX pullback? Citi weighs in,Investing.com,https://www.investing.com/news/stock-market-news/should-you-buy-the-sox-pullback-citi-weighs-in-4901277,"Citi views the recent decline in semiconductor stocks, particularly Nvidia and Broadcom, as a buying opportunity, asserting that fears of an AI spending slowdown are overblown. The bank emphasizes robust underlying infrastructure demand, strategic importance of AI leadership, and potential benefits from a more gradual AI infrastructure deployment. Citi maintains a ""Buy"" rating on both chipmakers with specific price targets.",0.181835,Somewhat-Bullish,0.644795,-0.124095,Neutral
20260915T120020,AMD,Advanced Micro Devices,HP Redefines the Mobile Workstation for the Era of Agentic AI,Yahoo! Finance Canada,https://ca.finance.yahoo.com/news/hp-redefines-mobile-workstation-era-120000288.html,"HP Inc. announced the new HP ZBook Ultra G3a 16"", a mobile workstation designed for the era of agentic AI. Powered by AMD and enhanced by Perplexity, this device offers workstation-class performance and local AI capabilities, supporting large local AI models and professional applications in a thin-and-light form factor. It aims to provide professionals with a ""personal AI factory"" to manage demanding workflows, reduce cloud dependency, and integrate AI seamlessly with existing applications like Autodesk Revit.",0.428908,Bullish,0.877478,0.432015,Bullish
20260915T124908,AMD,Advanced Micro Devices,"Delos Data, a chip startup founded by Intel veterans, raises $100 million for AI networks",Reuters,https://www.reuters.com/business/delos-data-chip-startup-founded-by-intel-veterans-raises-100-million-ai-networks-2026-09-15/,"Delos Data, a startup founded by former Intel executives, has secured $100 million in funding to develop specialized chips and software. Their technology aims to accelerate data movement within AI data centers, addressing the growing complexity and diverse hardware used in these facilities. The company's goal is to ensure efficient communication between various computing chips in AI data centers, preventing idle hardware and wasted energy.",0.116254,Neutral,0.701790,0.114640,Neutral
20260915T125151,AMD,Advanced Micro Devices,"AMD (AMD) Could Compound EPS at 65% Through 2030, Piper Says",Yahoo Finance,https://finance.yahoo.com/technology/ai/articles/amd-amd-could-compound-eps-125049495.html,"Piper Sandler analyst David O'Connor initiated coverage on AMD with an Overweight rating and a $600 price target, projecting revenue growth at a 50% CAGR and EPS compounding at 65% through 2030. This optimistic outlook is driven by Agentic AI accelerating demand for CPU server chips and AMD's positioning in high-frequency processors and rack-scale systems. Despite strong growth, concerns exist regarding margin sustainability and cash conversions from large customer commitments.",0.285045,Somewhat-Bullish,1.000000,0.421386,Bullish
20260915T130108,AMD,Advanced Micro Devices,Micron Advances Memory Innovation With the World's First Ultra-Dense Module for Next-Generation Servers,Yahoo! Finance Canada,https://ca.finance.yahoo.com/news/micron-advances-memory-innovation-worlds-130100668.html,"Micron Technology, Inc. announced the successful demonstration of the world's first 512GB DDR5 module for server platforms, reinforcing its leadership in high-performance, high-capacity server memory. This ultra-dense module, enabled by advanced vertical interconnect packaging, will deliver speeds up to 9,200 MT/s and reduce operating power by over 60%, supporting demanding AI, analytics, and in-memory database workloads. Leading partners AMD and Intel are actively validating the module, which is expected to be in volume production in the second half of 2027.",0.670931,Bullish,0.805841,0.643419,Bullish
20260915T132435,AMD,Advanced Micro Devices,HP Redefines the Mobile Workstation for the Era of Agentic AI,Investing News Network,https://investingnews.com/hp-redefines-the-mobile-workstation-for-the-era-of-agentic-ai/,"HP has launched the ZBook Ultra G3a, a new mobile workstation designed as a personal AI factory for professionals. This workstation, powered by AMD and enhanced by Perplexity, supports advanced AI workloads locally, including large language models with up to 300B parameters and 192GB unified memory. It aims to reduce reliance on cloud services for AI tasks and integrates with professional applications like Autodesk Revit, offering a more controlled and efficient path for AI adoption in demanding professional environments.",0.417439,Bullish,0.878436,0.405379,Bullish
20260915T144128,AMD,Advanced Micro Devices,"AMD, Skyworks among market cap stock movers on Tuesday By Investing.com",Investing.com Canada,https://ca.investing.com/news/stock-market-news/amd-skyworks-among-market-cap-stock-movers-on-tuesday-93CH-4840346,"On Tuesday, several stocks experienced significant movements, with Advanced Micro Devices (AMD) and Skyworks Solutions (SWKS) seeing notable gains. Conversely, Oracle Corp (ORCL) and Enova International Inc (ENVA) were among those experiencing declines. These shifts were attributed to a combination of corporate news and broader market trends, affecting companies across mega-cap, large-cap, mid-cap, and small-cap categories.",0.220648,Somewhat-Bullish,0.946035,0.401825,Bullish
20260915T144751,AMD,Advanced Micro Devices,"MU Stock Rises After Micron Debuts 512GB DDR5 Server Memory – AMD, Intel To Validate New Server Technology",Yahoo Finance,https://finance.yahoo.com/markets/stocks/articles/mu-stock-rises-micron-debuts-142303900.html,"Micron Technology (MU) shares rose after the company announced the demonstration of its 512GB DDR5 RDIMM across multiple server platforms, with AMD and Intel validating the new memory technology. This new module offers speeds up to 9,200 MT/s and significantly lower power consumption, targeting demanding applications like AI, data analytics, and databases. Volume production is anticipated in the second half of 2027, and MU stock has seen substantial gains year-to-date amidst the AI boom.",0.363963,Bullish,0.947819,0.326655,Somewhat-Bullish
20260915T150000,AMD,Advanced Micro Devices,MindWalk Holdings Corp (HYFT) (Q1 2027) Earnings Call Highlights: Revenue Climbs 21% as ReefIQ ...,Yahoo Finance,https://finance.yahoo.com/markets/stocks/articles/mindwalk-holdings-corp-hyft-q1-190021832.html,"MindWalk Holdings Corp (HYFT) reported a 21% increase in Q1 FY2027 revenue to $3.8 million, marking its fifth consecutive quarter of year-over-year growth, with gross margins improving to 59%. The company introduced ReefIQ, a proprietary data platform, and secured a $30 million revolving credit facility, though net losses widened to $6.1 million due to increased investments in sales and marketing. Negotiations for ReefIQ enterprise deployments are underway with major pharmaceutical clients, but revenue growth is expected to be lumpy due to the milestone-based nature of initial agreements.",0.297996,Somewhat-Bullish,0.604356,0.324698,Somewhat-Bullish
20260915T152221,AMD,Advanced Micro Devices,Astera Labs unveils next-gen CXL controllers to accelerate agentic AI workloads,SDxCentral,https://www.sdxcentral.com/news/600-am-pt/,"Astera Labs has launched the next generation of its Leo Compute Express Link (CXL) smart memory controllers, introducing a high-end X-Series for offloading key-value (KV) cache in AI workloads. The company also unveiled second-generation E- and P-series controllers to enhance CPU and rack-scale memory, designed to boost memory capacity and efficiency for AI inference applications. These new controllers aim to maximize memory utilization and reduce server over-provisioning, with Astera Labs reporting significant performance improvements and collaborations with hyperscalers and hardware partners like AMD.",0.336537,Somewhat-Bullish,0.719651,0.300091,Somewhat-Bullish
20260915T165114,AMD,Advanced Micro Devices,"Intel 14A Production Capacity Tipped To Sit At 6,000 Wafers Per Month By 2027 End With 18A Yields At 80%, Says Analyst",Wccftech,https://wccftech.com/intel-14a-production-capacity-tipped-to-sit-at-6000-wafers-per-month-by-2027-end-with-18a-yields-at-80-says-analyst/,"An analyst from GF Securities, Jeff Pu, reports that Intel's 18A chip manufacturing process is currently achieving 80% yields, with further improvements expected for other products. Pu also predicts Intel's next-generation 14A process technology could reach a production capacity of 6,000 wafers per month by the end of 2027 and 24,000 wafers per month in 2028. Additionally, the report suggests a potential collaboration between Intel and NVIDIA on AI CPUs, with NVIDIA's Rosa Feynman possibly featuring an Intel CPU.",0.275727,Somewhat-Bullish,0.607617,0.134815,Neutral
20260915T175411,AMD,Advanced Micro Devices,EOG Resources stock hits all-time high at 153.71 USD,Investing.com,https://www.investing.com/news/company-news/eog-resources-stock-hits-alltime-high-at-15371-usd-93CH-4902357,"EOG Resources Inc. reached an all-time high of $153.72, with its stock surging nearly 45% year-to-date and 27.11% over the past year. Despite recent positive second-quarter earnings that surpassed Wall Street expectations, the stock declined in after-hours trading, possibly due to an unchanged company outlook and market sensitivity to commodity prices. InvestingPro analysis suggests the stock remains undervalued with further upside potential.",0.11221,Neutral,0.520200,0.042418,Neutral
20260915T234000,AMD,Advanced Micro Devices,"Arteris Expands Multi-Die Portfolio With FlexGen Multi-Die for AI, HPC and Chiplet-Based Architectures",Quiver Quantitative,https://www.quiverquant.com/news/Arteris+Expands+Multi-Die+Portfolio+With+FlexGen+Multi-Die+for+AI%2C+HPC+and+Chiplet-Based+Architectures,"Arteris, Inc. has expanded its multi-die portfolio with the new FlexGen Multi-Die product, designed to help semiconductor companies transition from monolithic system-on-chip designs to chiplet-based architectures. This innovation specifically targets AI, high-performance computing (HPC), and consumer electronics, addressing the challenges of data communication across chip boundaries. The FlexGen Multi-Die product extends network-on-chip (NoC) connectivity transparently across die-to-die links, aiming to simplify integration, maintain performance, and accelerate development for complex multi-die systems.",0.304494,Somewhat-Bullish,0.748054,0.334582,Somewhat-Bullish
20260916T000743,AMD,Advanced Micro Devices,"Infineon, SolarEdge Extend 800 VDC AI Data Center Collaboration",I-Connect007,https://iconnect007.com/article/151601/infineon-solaredge-extend-800-vdc-ai-data-center-collaboration/151598/pcb,"Infineon Technologies AG and SolarEdge Technologies, Inc. are extending their collaboration to develop solid-state circuit breaker (SSCB) technology for high-voltage DC distribution in AI and hyperscale data centers. This partnership aims to address challenges in 800 VDC architecture by providing fast fault isolation and maintaining high efficiency, with SolarEdge leading the SSCB design and Infineon supplying silicon carbide JFET technology. The initiative builds on their previous work on SolarEdge's solid-state transformer platform, creating a comprehensive grid-to-rack solution for safe and reliable power distribution in increasingly power-dense AI infrastructure.",0.353982,Bullish,0.613313,0.311433,Somewhat-Bullish
20260916T002935,AMD,Advanced Micro Devices,Corgi LRN 2x Daily ETF(LRNX) - 合理價、目標價與討論區 - 股市爆料同學會,CMoney,https://www.cmoney.tw/forum/usstock/etf/LRNX?tab=discuss,"The article discusses the current market trends, including oil price fluctuations, NASDAQ's new highs driven by AI optimism, and the strong performance of semiconductor equipment and memory stocks. It also analyzes Hon Hai's (Foxconn) strategic financial moves, such as issuing 60 billion NTD in bonds and investing 20 billion NTD in an AI server manufacturing base in Kaohsiung, to strengthen its long-term AI dominance. Additionally, the article touches on the shift in financial and technology sectors and the upcoming economic discussions between China and the US.",0.167875,Somewhat-Bullish,0.645152,0.310424,Somewhat-Bullish
20260916T042341,AMD,Advanced Micro Devices,Zhihu Details July–September 2026 Share Buybacks and Files Interim Report,The Globe and Mail,https://www.theglobeandmail.com/investing/markets/stocks/ZH/pressreleases/4605843/zhihu-details-julyseptember-2026-share-buybacks-and-files-interim-report/,"Zhihu Inc. has disclosed its share buyback activities from July 1 to September 8, 2026, across Hong Kong and New York exchanges, alongside filing its 2026 interim report. These actions demonstrate the company's adherence to dual-listing governance standards and capital management efforts to potentially enhance shareholder value. Despite these efforts, an AI analyst from TipRanks rates ZH as Neutral due to weak financial performance and uncertain near-term profitability.",-0.097239,Neutral,0.589804,0.032301,Neutral
20260916T062336,AMD,Advanced Micro Devices,"Intchains Gr H1FY26 Results: Net loss widens, ASIC tape-out complete",scanx.trade,https://scanx.trade/stock-market-news/companies/intchains-gr-h1fy26-results-net-loss-widens-asic-tape-out-complete/51183139,"Intchains Gr reported a widened net loss of 1.22 RMB per share for H1FY26, with revenue at 11.1 million RMB due to weak altcoin demand and regulatory pressures. Despite this, the company maintained a strong cash position of 461 million RMB, which funded the successful tape-out of its next-generation ASIC for a Q4 2026 launch and supported a $15 million share repurchase program. The company is also exploring AI acquisition opportunities to diversify revenue streams.",0.189829,Somewhat-Bullish,0.562173,0.196170,Somewhat-Bullish
20260916T094211,AMD,Advanced Micro Devices,Enphase Energy to Showcase IQ Solid-State Transformer at AI Infra Summit 2026,GlobeNewswire,https://www.globenewswire.com/news-release/2026/09/14/3361030/0/en/enphase-energy-to-showcase-iq-solid-state-transformer-at-ai-infra-summit-2026.html,"Enphase Energy will showcase its IQ Solid-State Transformer (IQ SST) at the AI Infra Summit 2026, highlighting its application for next-generation AI data center power infrastructure. The IQ SST is being developed to convert medium-voltage AC directly to 800 VDC for high-density AI data centers, with anticipated sub-millisecond response and scalability. Enphase has begun building IQ SST power modules at its Texas facility, with full-system demonstrations expected in November 2026 and customer pilots planned for 2027.",0.35292,Bullish,0.614506,0.348830,Somewhat-Bullish
20260916T125116,AMD,Advanced Micro Devices,SK Hynix stock jumps as memory maker responds to report of potential deal with Intel,Yahoo Finance,https://finance.yahoo.com/markets/article/sk-hynix-stock-jumps-as-memory-maker-responds-to-report-of-potential-deal-with-intel-125828355.html,"SK Hynix stock rose nearly 3% following a Reuters report suggesting the company is exploring a deal with Intel to manufacture memory silicon wafers in the US. SK Hynix confirmed it is exploring options to strengthen global competitiveness but stated no specific plans, including potential deals with Intel, have been finalized. The US has been pushing for onshore semiconductor manufacturing to reduce reliance on foreign supply chains.",0.236025,Somewhat-Bullish,0.603062,0.122793,Neutral
20260916T140349,AMD,Advanced Micro Devices,ASML Vs. Taiwan Semiconductor Manufacturing: One Is More Misunderstood,24/7 Wall St.,https://247wallst.com/investing/2026/09/16/asml-vs-taiwan-semiconductor-manufacturing-one-is-more-misunderstood/,"This article argues that both ASML and Taiwan Semiconductor Manufacturing (TSMC) are often misunderstood by investors despite strong Q2 2026 results. It highlights their monopolistic positions in specific niches—ASML in EUV and immersion DUV systems, and TSMC in leading-edge nodes and CoWoS packaging—which are critical for AI infrastructure. The author suggests that these overlooked monopolies are the true drivers of their businesses, not the simplistic labels of ""tool vendor"" and ""foundry"" often applied to them.",0.347713,Somewhat-Bullish,0.564294,0.342471,Somewhat-Bullish
20260916T143133,AMD,Advanced Micro Devices,"Dell Rises 5% Despite Fresh Silver Lake Share Sale Filings; Super Micro Climbs 3%, Hewlett Packard Enterprise Ticks Up",24/7 Wall St.,https://247wallst.com/investing/2026/09/16/dell-rises-5-despite-fresh-silver-lake-share-sale-filings-super-micro-climbs-3-hewlett-packard-enterprise-ticks-up/?tpid=1662297&tv=link&tc=in_content,"Dell Technologies shares rose 5% despite its long-time sponsor, Silver Lake, filing to sell an additional 80,010 shares. This surge, alongside gains for Super Micro Computer and Hewlett Packard Enterprise, indicates strong market confidence in the AI server trade, overshadowing concerns about sponsor selling and upcoming Federal Reserve rate decisions. Buyers are focusing on the demand for data center hardware driving these companies.",0.370015,Bullish,0.586177,0.315507,Somewhat-Bullish
20260916T145755,AMD,Advanced Micro Devices,Applied Digital (NASDAQ: APLD) Turns Negative For 2026 As AI Hosting Stocks Bleed Out; Core Scientific (NASDAQ: CORZ) Falls 5%,Foreign Policy Journal,https://www.foreignpolicyjournal.com/2026/09/16/applied-digital-nasdaq-apld-turns-negative-for-2026-as-ai-hosting-stocks-bleed-out-core-scientific-nasdaq-corz-falls-5/,"Applied Digital (APLD) has seen its year-to-date performance turn negative for 2026, falling 4% to $23.72, mirroring broader declines in AI hosting stocks like Core Scientific (CORZ) and Cipher Mining (CIFR). This downturn, which has erased APLD's 2026 gains, comes despite strong fiscal Q4 2026 results, as investors focus on structural risks such as APLD's $2.7 billion debt load and the potential for dilution. The article suggests that continued confidence in AI infrastructure spending and upcoming hyperscaler capital expenditure commentary could stabilize these stocks, advising caution for new investors.",-0.200629,Somewhat-Bearish,0.550957,0.147946,Neutral
20260916T154510,AMD,Advanced Micro Devices,AMD Delivers Its Broadest MLPerf® Inference 6.1 Submission,AMD,https://www.amd.com/en/blogs/2026/amd-delivers-its-broadest-mlperf-inference-6-1-submission.html,"AMD's latest MLPerf Inference 6.1 submission demonstrates significant advancements in AI inference performance and scalability across its Instinct MI355X and MI350P GPUs. The company achieved record aggregate token throughput with its partners and showed substantial performance improvements from the same hardware through continuous software optimization. This submission highlights AMD's progress in enabling broader, repeatable, and production-scale AI inference solutions for various deployment needs.",0.403971,Bullish,1.000000,0.813893,Bullish
20260916T155347,AMD,Advanced Micro Devices,Super Micro Rebounds 3% After This Week's AI Infrastructure Selloff,Benzinga,https://www.benzinga.com/markets/tech/26/09/61820795/super-micro-rebounds-3-after-this-weeks-ai-infrastructure-selloff,"Super Micro Computer (SMCI) stock rose nearly 3% after a week of selloffs in the AI infrastructure sector, including semiconductors. This rebound occurred as investors returned to AI infrastructure and server-related stocks, despite caution ahead of the Federal Reserve's interest rate decision. SMCI's stock performance is significant due to its weight in several ETFs, influencing automatic buying or selling based on fund flows.",0.235356,Somewhat-Bullish,0.730395,0.224218,Somewhat-Bullish
20260916T181232,AMD,Advanced Micro Devices,Why is Critical Metals stock climbing today?,Investing.com,https://www.investing.com/news/stock-market-news/why-is-critical-metals-stock-climbing-today-93CH-4904269,"Critical Metals Corp stock (CRML) climbed 3.0% today after the company detailed its mine-to-metals strategy, including positive metallurgical test results and a joint venture refinery plan in Romania. This refinery is projected to generate $2.2 billion in annual revenue and has an NPV10 of approximately $4.5 billion. Additionally, the company achieved a legal milestone for its proposed $1.16 billion acquisition of European Lithium, which would consolidate ownership of the Tanbreez Rare Earth Project.",0.4282,Bullish,0.560238,0.316373,Somewhat-Bullish
20260916T193844,AMD,Advanced Micro Devices,SNPS,Finviz,https://finviz.com/stock?t=SNPS&ta=1&p=d&ty=oc&b=2&ov=chain_strike&s=487.5,"This article provides a detailed financial overview of Synopsys Inc. (SNPS), including its latest stock performance, key financial metrics, valuation ratios, and analyst recommendations. It highlights the company's market capitalization, income, sales, and various growth rates, offering a comprehensive snapshot for investors.",0.14724,Neutral,0.747893,0.146462,Neutral
20260916T213855,AMD,Advanced Micro Devices,This AI Stock Could Be Worth Far More Than Investors Think,24/7 Wall St.,https://247wallst.com/investing/2026/09/16/this-ai-stock-could-be-worth-far-more-than-investors-think/,"Broadcom (AVGO) is presented as a significantly undervalued AI stock despite its impressive 221% year-over-year AI revenue growth. The article highlights Broadcom's low 19x forward earnings multiple compared to peers like NVIDIA (24x) and Marvell (56x), even as it projects substantial AI revenue for 2027 and 2028. Analysts from 24/7 Wall St. recommend Broadcom as a strong buy with a price target of $423.95, indicating a 22.31% upside, citing its accelerating AI business and discounted valuation.",0.33841,Somewhat-Bullish,0.640126,0.173707,Somewhat-Bullish
20260916T225803,AMD,Advanced Micro Devices,"What is United Microelectronics rStock | How RUMC Works, Use Cases and Values | MEXC",MEXC,https://www.mexc.co/price/united-microelectronics-rstock/info,"This article introduces United Microelectronics rStock (RUMC), a token associated with United Microelectronics Corporation (UMC), a semiconductor foundry enterprise. It outlines RUMC's basic information, including its ticker symbol, market cap, all-time low and high prices, and discusses tokenomics and price prediction. The article also provides a disclaimer about the informational nature of the content and the risks of cryptocurrency trading.",0.293374,Somewhat-Bullish,0.542715,0.217877,Somewhat-Bullish
20260917T003958,AMD,Advanced Micro Devices,Jensen Huang Says Hyperscalers Get This ‘Almost Always Wrong’ — Nvidia Has a Workaround,Yahoo Finance,https://finance.yahoo.com/technology/ai/articles/jensen-huang-says-hyperscalers-almost-003032752.html,"Nvidia CEO Jensen Huang believes hyperscalers are ""almost always wrong"" in their capacity planning due to the rapidly changing AI market and their annual planning cycles. To address this, Nvidia is focusing on building a vast network of nimble regional cloud providers, which can react faster to local demand and infrastructure needs. This strategy helps Nvidia ensure its hardware is widely consumed and reinforces a shift in AI infrastructure where electricity, land, and data center capacity are as crucial as the chips themselves.",0.246395,Somewhat-Bullish,0.555100,0.120184,Neutral
20260917T031523,AMD,Advanced Micro Devices,How Austin Lab Opening At Silicon Labs Has Changed Its Investment Story,Simply Wall Street,https://simplywall.st/stocks/us/semiconductors/nasdaq-slab/silicon-laboratories/news/how-austin-lab-opening-at-silicon-labs-has-changed-its-inves,"Silicon Labs recently opened a new R&D lab in Austin, supported by a $23 million Texas grant, to enhance chip design for its wireless and IoT portfolio. This expansion aims to accelerate product development for its Series 3 platform, targeting secure, AI-capable wireless connectivity. While the facility upgrades could improve product velocity and support more advanced wafer technology, the company remains unprofitable and faces competitive pressures, highlighting margin risk and the need for successful execution of its IoT design win pipeline.",0.176885,Somewhat-Bullish,0.647728,0.233462,Somewhat-Bullish
20260917T035515,AMD,Advanced Micro Devices,NIO Stock Tracks Worst Month This Year As CEO Reportedly Nixes Buyback — Retail Fears Cash Crunch And Dilution,Yahoo Finance,https://finance.yahoo.com/markets/stocks/articles/nio-stock-tracks-worst-month-034953766.html,"Nio's U.S.-listed shares are experiencing their worst month of 2026, falling 15% in September and 30% year-to-date, after CEO William Li reportedly rejected a stock buyback. This decision has heightened retail investors' concerns about the EV maker's liquidity, potential for dilution, and path to profitability. Despite having significant cash and short-term investments, Nio's working capital is limited, and its trade and notes payable exceed its cash holdings, leading to fears of further stock issuance.",0.030865,Neutral,0.598223,0.221104,Somewhat-Bullish
20260917T061800,AMD,Advanced Micro Devices,Baron Technology ETF Q2 2026 Portfolio Activity,Seeking Alpha,https://seekingalpha.com/article/4947408-baron-technology-etf-q2-2026-portfolio-activity,"The Baron Technology ETF (BCTK) rose 38.95% in Q2 2026, aligning with the MSCI ACWI Information Technology Index. During this quarter, the fund acquired shares in Space Exploration Technologies Corp. (SPCX) and initiated a position in Advanced Micro Devices, Inc. (AMD). The ETF also trimmed its holdings in NVIDIA Corporation (NVDA) and Amazon.com, Inc. (AMZN), reallocating capital to Alphabet Inc. (GOOGL) due to a more compelling near-term risk/reward assessment.",0.223769,Somewhat-Bullish,0.797134,0.340792,Somewhat-Bullish
20260917T074242,AMD,Advanced Micro Devices,"RiverPark Advisors LLC Sells 5,215 Shares of NVIDIA Corporation $NVDA",MarketBeat,https://www.marketbeat.com/instant-alerts/filing-riverpark-advisors-llc-sells-5215-shares-of-nvidia-corporation-nvda-2026-09-17/,"RiverPark Advisors LLC reduced its stake in NVIDIA Corporation by 17.9%, selling 5,215 shares but still holding 23,919 shares valued at $4.8 million. Despite this sale, NVIDIA continues to show strong financial performance with impressive revenue growth and analysts maintaining a ""Buy"" rating. However, the company faces risks from competition, AI spending concerns, and significant insider selling, which could pressure the stock.",0.023707,Neutral,0.621473,-0.213675,Somewhat-Bearish
20260917T081329,AMD,Advanced Micro Devices,Benjamin Edwards Inc. Has $169.90 Million Stake in NVIDIA Corporation $NVDA,MarketBeat,https://www.marketbeat.com/instant-alerts/filing-benjamin-edwards-inc-has-16990-million-stake-in-nvidia-corporation-nvda-2026-09-17/,"Benjamin Edwards Inc. significantly increased its stake in NVIDIA Corporation, owning over 849,000 shares valued at nearly $170 million, making NVIDIA its 11th largest holding. Institutional investors collectively hold 65.27% of NVIDIA's stock. Despite strong growth prospects driven by AI demand and expansion into new technologies, the company faces risks such as increasing competition and insider selling.",0.150757,Somewhat-Bullish,0.705662,-0.135519,Neutral
20260917T100948,AMD,Advanced Micro Devices,Wells Fargo Initiates Core Scientific at Overweight With $28 Price Target,marketscreener.com,https://www.marketscreener.com/news/wells-fargo-initiates-core-scientific-at-overweight-with-28-price-target-ce785bd3da8af024,"Wells Fargo has initiated coverage on Core Scientific (CORZ) with an ""Overweight"" rating and set a price target of $28. This move indicates a positive outlook on the company, which specializes in designing, building, and operating large-scale data centers for high-density colocation services and digital asset mining. Core Scientific's stock was trading at $17.21 with a 16.76% year-to-date change as of the article's publication.",0.197845,Somewhat-Bullish,0.574437,-0.250655,Somewhat-Bearish
20260917T103300,AMD,Advanced Micro Devices,Nebius announces higher rates for Nvidia GPUs and AMD CPUs,Yahoo! Finance Canada,https://ca.finance.yahoo.com/news/nebius-announces-higher-rates-nvidia-143300096.html,"Nebius Group NV has announced a second round of price increases for its on-demand GPU cloud services, effective October 1. Rates for Nvidia H100 instances will increase by 17%, Nvidia B300 GPUs by 21% (a cumulative 56% increase), and AMD EPYC Genoa CPUs by 25%. This move, driven by continued demand for AI computing infrastructure, led to an 11% premarket climb in Nebius shares, settling around 2% higher.",0.280587,Somewhat-Bullish,0.829493,0.278875,Somewhat-Bullish
20260917T121044,AMD,Advanced Micro Devices,GlobalFoundries and Marvell expand collaboration for next-generation optical connectivity,Yahoo Finance,https://finance.yahoo.com/technology/ai/articles/globalfoundries-marvell-expand-collaboration-next-123500628.html,"GlobalFoundries (GF) and Marvell Technology, Inc. announced an expanded multi-year agreement to increase capacity for GF's silicon germanium (SiGe) technology. This collaboration aims to support the growing demand for next-generation optical connectivity, particularly crucial for high-speed data transfer in modern AI data centers. The agreement will boost the supply of SiGe technology used in advanced optical transceivers, helping Marvell lead the transition to higher-bandwidth optical architectures.",0.278091,Somewhat-Bullish,0.635055,0.247129,Somewhat-Bullish
20260917T141300,AMD,Advanced Micro Devices,Advanced Micro Devices (AMD) Expands ROCm Support To RISC V Datacenter Servers,Yahoo Finance,https://finance.yahoo.com/technology/ai/articles/advanced-micro-devices-amd-expands-141337545.html,"Advanced Micro Devices (AMD) is collaborating with SiFive to adapt its open-source ROCm AI software for RISC-V datacenter servers, signaling a move towards more open compute architectures. This partnership aims to make ROCm compatible with SiFive's RISC-V hardware for AI workloads, reinforcing AMD's strategy to expand its software ecosystem beyond traditional x86 architectures. The effort is critical for AMD's broader investment case, testing its ability to build a comprehensive AI data center stack and compete effectively against rivals like Nvidia, while also managing the operational risks associated with a multi-alliance strategy.",0.04233,Neutral,1.000000,0.307947,Somewhat-Bullish
20260917T145702,AMD,Advanced Micro Devices,"Intel, SanDisk among market cap stock movers on Thursday",Investing.com,https://www.investing.com/news/stock-market-news/intel-sandisk-among-market-cap-stock-movers-on-thursday-93CH-4905997,"On Thursday, several stocks experienced significant movement, with Intel and SanDisk rallying while Fluence Energy faced declines. The article categorizes these movers by market capitalization, highlighting performance for mega-cap, large-cap, mid-cap, and small-cap companies based on news and market factors.",0.426204,Bullish,0.738866,0.431304,Bullish
20260917T171832,AMD,Advanced Micro Devices,GraniteShares 2x Long AMD Daily ETF offers leve...,Pluang,https://pluang.com/en/news-feed/etf-amdl-positif-terhadap-amd-tapi-leverage-ubah-thesis,"The GraniteShares 2x Long AMD Daily ETF (AMDL) provides 200% leveraged exposure to AMD's daily stock performance, driven by AMD's growth in enterprise AI and CPU server markets. Due to inherent risks like volatility and Net Asset Value erosion, this ETF is best suited for short-term active trading rather than long-term investment. The article emphasizes its strong liquidity but also the significant risks for passive investors.",-0.160237,Somewhat-Bearish,0.833049,0.207311,Somewhat-Bullish
20260917T172220,AMD,Advanced Micro Devices,"Crusoe Board Adds Cloudflare, Digital Realty, Tesla Leaders",Crusoe,https://www.crusoe.ai/resources/newsroom/crusoe-appoints-seifert-stein-straubel-board-of-directors,"Crusoe, an AI factory company, has appointed Thomas Seifert (CFO of Cloudflare), Bill Stein (Executive Managing Director and CIO of Primary Digital Infrastructure and former CEO of Digital Realty Trust), and JB Straubel (Founder and CEO of Redwood Materials and Co-Founder/former CTO of Tesla) to its board of directors. These new members bring extensive experience in energy systems, global data center networks, and scaling high-growth technology companies, which will be crucial as Crusoe expands its vertically-integrated AI infrastructure platform.",0.232756,Somewhat-Bullish,0.609789,0.125513,Neutral
20260917T184506,AMD,Advanced Micro Devices,Corgi SIMO 2x Daily ETF(SIMX) - 股價行情、配息與走勢圖 - 股市爆料同學會,CMoney,https://www.cmoney.tw/forum/usstock/etf/SIMX,"This article provides current stock price, dividend information, and charts for the Corgi SIMO 2x Daily ETF (SIMX). It also includes a discussion section where users can share market opinions, with one user cautioning against aggressive long positions given the current market highs and citing that two-thirds of stocks are still lagging despite index records. The ETF's performance data, including a year-to-date return of -42.52%, and its top holdings are also presented.",-0.021762,Neutral,0.622083,0.137538,Neutral
20260917T214005,AMD,Advanced Micro Devices,"Insider Selling: Advanced Micro Devices (NASDAQ:AMD) EVP Sells 17,261 Shares",MarketBeat,https://www.marketbeat.com/instant-alerts/insider-insider-selling-advanced-micro-devices-nasdaq-amd-evp-sells-17261-shares-2026-09-17/,"Advanced Micro Devices (NASDAQ:AMD) EVP Forrest Norrod sold 17,261 shares of the company's stock for approximately $8.68 million, reducing his holdings by 4.54%. This transaction was conducted under a pre-arranged Rule 10b5-1 trading plan. Despite competitive risks and a high valuation, analysts maintain a ""Moderate Buy"" rating for AMD, which recently reported better-than-expected quarterly results and shows strong year-over-year revenue growth.",0.191952,Somewhat-Bullish,1.000000,0.185491,Somewhat-Bullish
20260917T222257,AMD,Advanced Micro Devices,"Vishay Intertechnology, Allegro MicroSystems, Himax, Bandwidth, and AMD Stocks Trade Up, What You Need To Know",Yahoo Finance,https://finance.yahoo.com/markets/stocks/articles/vishay-intertechnology-allegro-microsystems-himax-212217670.html,"Several growth-oriented stocks, including Vishay Intertechnology, Allegro MicroSystems, Himax, Bandwidth, and AMD, saw significant gains after Treasury yields retreated below 5% and oil prices declined. This recovery followed the Federal Reserve's recent interest rate hike, which had initially caused a sharp sell-off in technology and semiconductor stocks. The market's positive reaction was also fueled by recent advancements in chip manufacturing and a new collaboration between Qualcomm and AWS for custom AI data center infrastructure.",0.300736,Somewhat-Bullish,0.929320,0.302006,Somewhat-Bullish
20260918T001329,AMD,Advanced Micro Devices,Huang says Nvidia’s chip sales will double next year,Investing.com,https://www.investing.com/news/stock-market-news/huang-says-nvidias-chip-sales-will-double-next-year-4906232,"Nvidia CEO Jensen Huang announced that the company expects to double its chip sales next year, citing the significant contributions of AI to various industries and economies. This projection comes after Nvidia forecast 70% growth in the fiscal year ending January 2028, reaching approximately $673 billion. Huang made these remarks at a summit with King Charles III in Scotland, where he also discussed AI safety alongside other tech leaders.",0.344357,Somewhat-Bullish,0.741987,0.302152,Somewhat-Bullish
20260918T015130,AMD,Advanced Micro Devices,Telomir announces preclinical study on AMD treatment candidate,Investing.com,https://www.investing.com/news/company-news/telomir-announces-preclinical-study-on-amd-treatment-candidate-93CH-4905656,"Telomir Pharmaceuticals Inc. (NASDAQ:TELO) announced positive preclinical results for its compound Telomir-Zn in a zebrafish model of age-related macular degeneration (AMD). The study, published in the International Journal of Molecular Sciences, showed Telomir-Zn improved visual function, reduced reactive oxygen species, and restored retinal structure. While Telomir-Zn shows promise for AMD, the company's primary clinical focus remains on oncology, with an FDA-cleared IND for a Phase 1/2 trial in triple-negative breast cancer.",0.51769,Bullish,0.723463,0.338948,Somewhat-Bullish
20260918T052051,AMD,Advanced Micro Devices,ASE Technology Holding Co Ltd Stock (ASX) Moved Up by 5.74% on Sep 17: Key Drivers Unveiled,TradingKey,https://www.tradingkey.com/news/market-movers/262173708-market-movers-asx-20260917,"ASE Technology Holding Co Ltd (ASX) saw a 5.74% stock price increase on September 17, driven by strong year-over-year monthly revenue expansion, particularly in advanced packaging services for AI infrastructure. Positive analyst updates and market sentiment contributed to the surge, although the article also highlights company-specific risks such as high capital expenditure, valuation overextension, insider selling, and potential margin dilution. Technical indicators like MACD and Williams %R suggest buy conditions, while RSI indicates neutrality.",0.364996,Bullish,0.623730,0.347047,Somewhat-Bullish
20260918T070000,AMD,Advanced Micro Devices,EigenQ and Silicon Valley Acquisition Corp. Announce Approximately $45M Committed Financing to Support EigenQ's Commercialization,PR Newswire,https://www.prnewswire.com/news-releases/eigenq-and-silicon-valley-acquisition-corp-announce-approximately-45m-committed-financing-to-support-eigenqs-commercialization-302883032.html,"EigenQ and Silicon Valley Acquisition Corp. (SVAQ) announced a $45 million committed financing round, with $22.5 million already funded, to accelerate EigenQ's commercialization plans. The funding will support the expansion of its quantum-safe security portfolio, R&D across quantum technologies, and general corporate purposes. This financing is a significant step as EigenQ moves towards its planned public market debut on Nasdaq under the ticker ""EIGQ"" through a business combination with SVAQ, valued at an estimated $3 billion.",0.221691,Somewhat-Bullish,0.623577,0.312974,Somewhat-Bullish
20260918T073801,AMD,Advanced Micro Devices,Boston Trust Walden Corp Has $252.65 Million Stake in NVIDIA Corporation $NVDA,MarketBeat,https://www.marketbeat.com/instant-alerts/filing-boston-trust-walden-corp-has-25265-million-stake-in-nvidia-corporation-nvda-2026-09-18/,"Boston Trust Walden Corp significantly increased its stake in NVIDIA Corporation, now holding 1,262,697 shares valued at over $252 million, making it their 5th largest position. Other institutional investors have also adjusted their holdings in NVIDIA. The article details NVIDIA's financial performance, including its recent earnings beat, dividend announcement, and analyst ratings, alongside recent insider trading activity and market sentiment factors.",0.311262,Somewhat-Bullish,0.636820,0.135712,Neutral
20260918T081146,AMD,Advanced Micro Devices,"Nykredit A S Buys New Holdings in Advanced Micro Devices, Inc. $AMD",MarketBeat,https://www.marketbeat.com/instant-alerts/filing-nykredit-a-s-buys-new-holdings-in-advanced-micro-devices-inc-amd-2026-09-18/,"Nykredit A S recently acquired 645,037 shares of Advanced Micro Devices (AMD) valued at approximately $384.2 million, making it their 11th largest portfolio holding. Despite significant insider selling totaling over $105.5 million in the past 90 days, analysts maintain a ""Moderate Buy"" rating with an average price target of $565.12. AMD reported strong Q2 earnings, with revenue up 50.1% year-over-year to $11.54 billion and EPS of $1.66, surpassing expectations.",0.31771,Somewhat-Bullish,1.000000,0.306383,Somewhat-Bullish
20260918T082120,AMD,Advanced Micro Devices,SK hynix Launches ‘SK hynix Ventures’ in Silicon Valley to Expand Global AI Ecosystem Investment,SK hynix,https://news.skhynix.com/en/sk-hynix-ventures/,"SK hynix has launched ""SK hynix Ventures,"" its new corporate venture capital (CVC) brand, in Silicon Valley to expand its investments across the global AI ecosystem. The company plans to target areas such as AI computing, data centers, system software, and optical interconnect, aiming to foster technological cooperation with global VCs and startups. This initiative marks an evolution in SK hynix's CVC strategy, moving from tech sensing to actively driving collaborative innovation in the AI industry.",0.322712,Somewhat-Bullish,0.625807,0.324319,Somewhat-Bullish
20260918T090505,AMD,Advanced Micro Devices,AIFR Archives,24/7 Wall St.,https://247wallst.com/companies/aifr/,"This article provides news and articles related to the AIFR stock, focusing on the Defiance Global Foundries ETF. It highlights AIFR's strategy to isolate chip makers, distinguishing it from other semiconductor ETFs that often include various segments of the chip industry. The article also discusses potential impacts on AIFR investors from factors like long-duration rates and geopolitical tensions.",0.021558,Neutral,0.707110,0.025938,Neutral
20260918T100429,AMD,Advanced Micro Devices,"Chip Rally To Sustain? Intel, SanDisk, Micron, Nvidia, SK Hynix Futures Edge Higher Day After Up To 10% Surge",NDTV Profit,https://www.ndtvprofit.com/markets/chip-rally-to-sustain-intel-sandisk-micron-nvidia-sk-hynix-futures-edge-higher-day-after-up-to-10-surge-12064175,"Semiconductor stocks, including Intel, SanDisk, Micron, Nvidia, and SK Hynix, extended their rally in pre-market trading on Friday after significant gains on Thursday. This surge is attributed to supply constraints, resilient AI demand, and positive comments from Intel's CEO about meeting only half of customer CPU demand. Additionally, exploratory talks between SK Hynix and Intel for potential memory-chip manufacturing in the US further boosted investor sentiment.",0.404609,Bullish,0.601475,0.309563,Somewhat-Bullish
20260918T101058,AMD,Advanced Micro Devices,"Zacks Investment Ideas feature highlights: NVIDIA, Advanced Micro Devices, Tempus, Moderna, Super Micro Computer and Aya Gold & Silver",Yahoo Finance,https://finance.yahoo.com/markets/stocks/articles/zacks-investment-ideas-feature-highlights-101300743.html,"Zacks Investment Ideas highlights several stocks including NVIDIA, Advanced Micro Devices, Moderna, Super Micro Computer, and Aya Gold & Silver, noting their resilience despite market uncertainties in 2026. The article argues that while macroeconomic and geopolitical factors have caused fear, investor sentiment is overly negative, and historical data suggests potential for a strong market rally into year-end, especially for AI-related stocks. It emphasizes focusing on price action over news headlines and refutes overblown AI safety concerns.",0.367348,Bullish,0.885753,0.367695,Bullish
20260918T123621,AMD,Advanced Micro Devices,Global Ship Lease stock hits 52-week high at 46.52 USD,Investing.com,https://www.investing.com/news/company-news/global-ship-lease-stock-hits-52week-high-at-4652-usd-93CH-4906131,"Global Ship Lease (GSL) stock recently hit a 52-week high of $46.52, reflecting a 49% surge over the past year. InvestingPro analysis suggests the stock is undervalued, trading at a P/E ratio of 4.53 with a 5.5% dividend yield. The company also announced the acquisition of five new containerships, expected to significantly boost EBITDA and extend charter terms.",0.120141,Neutral,0.619976,0.119565,Neutral
20260918T173949,AMD,Advanced Micro Devices,"Schwab Capital Trust's S&P 500 Index Fund Holds $133.7B in Assets, AbbVie Tops Equity Holdings",Kalkine Media,https://kalkinemedia.com/us/news/announcements/schwab-capital-trusts-sp-500-index-fund-holds-1337b-in-assets-abbvie-tops-equity-holdings,"As of January 31, 2026, the Schwab S&P 500 Index Fund, part of Schwab Capital Trust, reported total net assets of over $133.7 billion. AbbVie Inc. is the fund's largest equity holding, valued at approximately $886 million. This data provides investors with insight into the fund's significant equity exposures and portfolio allocation.",0.27895,Somewhat-Bullish,0.708912,0.278248,Somewhat-Bullish
20260918T175142,AMD,Advanced Micro Devices,A free AI tool offers 10X gains on chip-design tasks. Lattice made it available today.,Stock Titan,https://www.stocktitan.net/news/LSCC/lattice-advances-fpga-design-with-new-leadership-ai-driven-d4m2gtq5hndw.html,"Lattice Semiconductor (NASDAQ: LSCC) has launched ""Lattice Prompt,"" a new AI-powered FPGA development tool designed to accelerate chip-design tasks by 10X or more. This free tool allows engineers to use natural language to interact with the full FPGA design flow, integrating with existing AI agentic tools and large language models to optimize performance and productivity. Lattice Prompt is available today and is compatible with Lattice Radiant design software, aiming to help developers build differentiated systems more efficiently.",0.351326,Bullish,0.609615,0.331949,Somewhat-Bullish
20260918T175408,AMD,Advanced Micro Devices,$MKDWELL Tech (MKDW.US)$,Moomoo,http://www.moomoo.com/community/feed/mkdwell-tech-mkdw-us-117286216007690,"This article is a brief post from the moomoo community about MKDWELL Tech (MKDW.US). A user named ""穷奢极欲"" joined a discussion and posted ""Life is Good，GL！！！"" regarding the stock. The page also features a list of ""Star Tech Companies"" with their 20-day percentage changes.",0.279363,Somewhat-Bullish,0.622866,0.349511,Somewhat-Bullish
20260918T205344,AMD,Advanced Micro Devices,"Analysts Are Bullish on These Technology Stocks: Salesforce (CRM), Workiva (WK)",The Globe and Mail,https://www.theglobeandmail.com/investing/markets/stocks/CRM/pressreleases/4678587/analysts-are-bullish-on-these-technology-stocks-salesforce-crm-workiva-wk/,"This article highlights bullish sentiments from analysts on several technology stocks. Salesforce (CRM) received a Buy rating with a $275.00 price target from Oppenheimer, while Workiva (WK) also got a reiterated Buy rating from Truist Financial. Belden (BDC) maintained a Buy rating from Truist Financial and has a Strong Buy consensus.",0.390317,Bullish,0.616561,0.324622,Somewhat-Bullish
20260918T222332,AMD,Advanced Micro Devices,Corgi Tpl 2X Daily ETF(TPLX) - 研究報告與輝達概念股分析 - 股市爆料同學會,CMoney,https://www.cmoney.tw/forum/usstock/etf/TPLX?tab=report,"This article provides a brief overview of the Corgi Tpl 2X Daily ETF (TPLX), including its performance metrics like 1-week, 1-month, and year-to-date returns, and its top two holdings which are primarily cash and government obligations. It also notes the ETF's expense ratio and asset size. The content is presented within a financial discussion platform, indicating an absence of detailed analysis or news for TPLX.",0.105028,Neutral,0.615458,0.127543,Neutral
20260919T011725,AMD,Advanced Micro Devices,Key facts: Apple Inc. $109.4B rev; A20 Pro tops PCs; iPhone Duo,TradingView,https://www.tradingview.com/news/tradingview:3cd3b90b8d5ba:0-key-facts-apple-inc-109-4b-rev-a20-pro-tops-pcs-iphone-duo/,"Apple (AAPL) reported quarterly revenue of $109.4 billion, with Services revenue accounting for 28.1%. The company launched the iPhone 18 Pro with A20 Pro SoC, which outperforms top Intel/AMD PC chips in single-core scores, and introduced its first foldable phone, the iPhone Duo. Additionally, Apple plans to sell on-premises servers to AI developers and will incorporate in-house server hardware using M8 Ultra chips for data-center AI.",0.106347,Neutral,0.630798,-0.140432,Neutral
20260919T021332,AMD,Advanced Micro Devices,"MSCI Inc Stock Price Live, Charts & News",The Economic Times,https://economictimes.indiatimes.com/markets/us-stocks/msci-inc/msci,"This article provides live stock price information, charts, and news for MSCI Inc. (MSCI). It includes detailed financial data such as market capitalization, P/E ratio, dividend yield, balance sheets, income statements, and cash flow statements, along with historical performance. The article also lists recent related news from US markets and popular US stock data.",0.264312,Somewhat-Bullish,0.606678,0.530482,Bullish
20260919T040153,AMD,Advanced Micro Devices,New TRXS ETF offers Tron exposure with staking yield but hinges on network demand and SEC rules.,Pluang,https://pluang.com/en/news-feed/yang-perlu-diperhatikan-trxs,"The Canary Staked TRX ETF (TRXS) has launched on Nasdaq, offering investors exposure to Tron (TRX) with staking yield benefits without direct crypto custody. The ETF's performance will depend on Tron network demand, particularly USDT stablecoin transfer volume, and the SEC's stance on staking ETFs. Investors should monitor the fund's staking yield capture and distribution reports, as early trading might exhibit price deviations due to low fund size and market activity.",0.129824,Neutral,0.617548,0.139262,Neutral
20260919T043149,AMD,Advanced Micro Devices,"Ambarella, Inc. - Ordinary Shares (NQ: AMBA)",The Chronicle-Journal,https://markets.chroniclejournal.com/observerreporter/quote/news?CurrentPage=8&Symbol=NQ%3AAMBA,"This article provides a compilation of recent news headlines and press releases related to Ambarella, Inc. (AMBA), detailing analyst ratings, stock performance, and reactions to earnings reports. Many headlines discuss the company's performance in relation to the AI market and its Q1 2024 earnings, which led to a significant drop in stock price despite some upbeat figures. The news covers a period from May to July 2023, offering a snapshot of investor sentiment and market analysis for Ambarella.",0.00194,Neutral,0.632953,0.203824,Somewhat-Bullish
20260919T091621,AMD,Advanced Micro Devices,"Jim Cramer Flags 'Boatload' of Bullish Option Buying in Micron, Sandisk, Intel",Benzinga,https://www.benzinga.com/trading-ideas/movers/26/09/61870963/jim-cramer-flags-boatload-of-bullish-option-buying-in-micron-sandisk-intel,"Jim Cramer highlighted significant bullish options buying in Micron, Sandisk, and Intel, totaling over $90 million in short-dated calls. He jokingly attributed this activity to Leopold Aschenbrenner's hedge fund, Situational Awareness, which previously held large positions in these semiconductor stocks. The options activity suggests a speculative play, especially with Micron's upcoming fiscal fourth-quarter report, which historically impacts the memory sector.",0.361782,Bullish,0.619957,0.225118,Somewhat-Bullish
20260919T122512,AMD,Advanced Micro Devices,"Intel, Apple, Nvidia and More: 5 Stocks Investors Couldn't Stop Buzzing About This Week",Benzinga,https://www.benzinga.com/markets/equities/26/09/61884295/intel-apple-nvidia-and-more-5-stocks-investors-couldnt-stop-buzzing-about-this-week,"This article highlights the five stocks that retail investors were most interested in this week: Intel, Apple, Nvidia, Nebius Group, and Oracle. These companies, spanning various tech sectors, saw significant discussion on social media platforms like X and Reddit, driven by factors such as AI infrastructure developments, earnings, and corporate news. The report provides a brief overview of the key events and stock performance for each company during the week.",0.111425,Neutral,0.563901,-0.107328,Neutral
20260919T125640,AMD,Advanced Micro Devices,EigenQ and Silicon Valley Acquisition Corp. Secure $45M Committed Convertible Financing Ahead of $3B SPAC Merger,Quantum Computing Report,https://quantumcomputingreport.com/eigenq-and-silicon-valley-acquisition-corp-secure-45m-committed-convertible-financing-ahead-of-3b-spac-merger/,"EigenQ and Silicon Valley Acquisition Corp. (SVAQ) have secured $45 million in committed convertible note financing, with $22.5 million upfront and the remainder upon closing their SPAC merger. This deal values the post-merger entity at an estimated $3 billion, with EigenQ set to list on Nasdaq under EIGQ in Q4 2026. The funds will be used to accelerate commercial deployment of quantum-safe security, expand delivery capacity, and fund ongoing R&D, positioning the company for positive cash flow through strategic partnerships.",0.324615,Somewhat-Bullish,0.740937,0.304039,Somewhat-Bullish
