Date,Ticker,Company,Title,Source,URL,Summary,Overall_Sentiment_Score,Overall_Sentiment_Label,Ticker_Relevance,Ticker_Sentiment_Score,Ticker_Sentiment_Label
20250717T013900,TSM,Taiwan Semiconductor,TSMC profit surges 61% to record high fueled by AI chip demand,CNBC,https://www.cnbc.com/2025/07/17/tsmcs-second-quarter-profit-soars-nearly-61percent-as-ai-chip-demand-stays-strong-.html,"Taiwan Semiconductor Manufacturing Company (TSMC) reported a record 61% year-on-year surge in second-quarter profit, beating estimates, primarily driven by strong demand for AI chips. The company forecast a significant revenue increase for the third quarter and projected full-year 2025 revenue to rise by about 30% in U.S. dollar terms. Despite robust AI demand, TSMC acknowledged potential headwinds from U.S. trade policies, including possible new tariffs and existing export controls, as well as an appreciating Taiwan dollar and potential order cuts from other clients.",0.741841,Bullish,1.000000,0.899601,Bullish
20250717T214809,TSM,Taiwan Semiconductor,TSMC to Speed Up Arizona Expansion to Meet Soaring Chip Demand,The Wall Street Journal,https://www.wsj.com/business/earnings/taiwan-semiconductor-earnings-record-profit-1abfc5fa?gaa_at=eafs&gaa_n=AWEtsqfE4bLZsYZsBYPQCAri0dFqW7rx_kKFC6NiqVcU4h2QMvCyFqb-okAB&gaa_ts=6998da1c&gaa_sig=CiW7oq3_3wzyBDL3CFKXWxeaO4hQoewP7D-3ZyFh5Ceds1S-xpnxiCBfI3YSBZV8vQ6qS1Vk-8kobgrrnpLHHw%3D%3D,"Taiwan Semiconductor Manufacturing (TSMC) is accelerating its expansion in Arizona to meet the growing U.S. demand for chips, particularly in artificial intelligence and high-performance computing. The chip maker plans to pull forward production timelines for some facilities by several quarters, aiming to create a ""gigafab cluster."" This move comes as TSMC reports record quarterly earnings, benefiting from high demand for AI-related chips.",0.376193,Bullish,1.000000,0.497838,Bullish
20250807T002300,TSM,Taiwan Semiconductor,"TSMC gets a reprieve from Trump's 100% chip tariffs thanks to its U.S. factories, Taiwan says",Fortune,https://fortune.com/asia/2025/08/07/tsmc-exempt-trump-chip-tariffs-taiwan/,"Taiwanese chipmaking giant TSMC will be exempt from former U.S. President Donald Trump's proposed 100% tariff on semiconductor chips. This exemption is due to TSMC's factories located in the United States, as confirmed by Taiwan's National Development Council chief Liu Chin-ching. Although some other Taiwanese chipmakers may be affected, Taiwan believes its leading position in the industry will allow it to maintain its competitive edge.",0.335692,Somewhat-Bullish,1.000000,0.407125,Bullish
20250807T200934,TSM,Taiwan Semiconductor,"TSMC, Samsung Stocks Gain. Why Trump’s Chips Tariff Isn’t as Scary as It Seems.",Barron's,https://www.barrons.com/articles/tsmc-stock-samsung-trump-chips-tariff-5d2f5ec7?gaa_at=eafs&gaa_n=AWEtsqc4Sm12GkDdSy-4M1Tc1CVy888K5YK1J_0jI4o9aPtmWYbLjcQMmmwd&gaa_ts=6998c302&gaa_sig=E1-oNSQOYgeuAh2On4lnaaRTrIOk5WGZ3PN0k6fzSabIucd8Au8LkCLgosL-SU2FGKMdcvE4_23SyNk1KbH7UQ%3D%3D,"TSMC, Samsung Electronics, and SK Hynix stocks are gaining, likely because their investments in the U.S. will help them avoid significant tariffs on imported semiconductors. This suggests that a potential Trump-era chips tariff may not be as detrimental to these companies as initially feared. The article highlights Taiwan Semiconductor Manufacturing as the dominant high-end chip manufacturer.",0.384556,Bullish,1.000000,0.425475,Bullish
20250822T200934,TSM,Taiwan Semiconductor,Chips made Taiwan indispensable. AI can make it unstoppable.,Lowy Institute,https://www.lowyinstitute.org/the-interpreter/chips-made-taiwan-indispensable-ai-can-make-it-unstoppable,"Taiwan's long-standing dominance in semiconductor production, the ""silicon shield,"" has been a key deterrent against Chinese aggression. With the rise of AI, Taiwan has the opportunity to develop an ""AI shield"" by leveraging its central role in the AI ecosystem through infrastructure, innovation, and international engagement. This strategy aims to make Taiwan even more indispensable to its allies, increasing the costs of any potential aggression and reinforcing its diplomatic capital, though it also faces risks like potential tensions with the US.",0.497457,Bullish,1.000000,0.837070,Bullish
20250902T181751,TSM,Taiwan Semiconductor,US revokes TSMC's authorisation on China-bound tech,BBC,https://www.bbc.com/news/articles/creve4x8drgo,"The US has revoked TSMC's authorization to freely ship advanced technology from the US to China, a move that could disrupt the chip giant's manufacturing capabilities in China. This follows a similar action taken against South Korea's Samsung and SK Hynix. While TSMC is assessing the situation and engaging with the US government, experts suggest the overall impact on TSMC might be limited as its Chinese facility produces older-generation chips that constitute a small portion of its revenue.",-0.240381,Somewhat-Bearish,1.000000,-0.308039,Somewhat-Bearish
20250907T181751,TSM,Taiwan Semiconductor,U.S. Retracts Tariff Waiver for Taiwan Semiconductor Manufacturing,The Presidential Prayer Team,https://www.presidentialprayerteam.org/2025/09/07/u-s-retracts-tariff-waiver-for-taiwan-semiconductor-manufacturing/,"The U.S. Bureau of Industry and Security (BIS) has retracted a tariff waiver for Taiwan Semiconductor Manufacturing Company (TSMC) and canceled its Validated End-User program. This means TSMC and similar companies will now require a special license to export chipmaking technology to China, aiming to level the playing field with U.S.-owned fabricators. President Trump also announced new tariffs on semiconductors from companies that do not produce them domestically, encouraging U.S. manufacturing.",-0.241253,Somewhat-Bearish,1.000000,-0.413320,Bearish
20250919T181751,TSM,Taiwan Semiconductor,Taiwan Semiconductor: Nvidia’s Collaboration with Intel Has Minimal Impact on Long-Term Outlook,Morningstar,https://www.morningstar.com/stocks/taiwan-semiconductor-nvidias-collaboration-with-intel-has-minimal-impact-long-term-outlook,Morningstar maintains its $306 fair value estimate for Taiwan Semiconductor Manufacturing (TSM) despite Nvidia's collaboration with Intel to co-develop data center and PC products. The article asserts that TSMC's larger scale for low unit development costs and Nvidia not committing to massive production shifts mean minimal impact on TSMC's future outlook. TSMC remains Morningstar's top pick due to its quasi-monopoly on advanced chips and a broader client base in AI.,0.182219,Somewhat-Bullish,1.000000,0.423695,Bullish
20250930T181751,TSM,Taiwan Semiconductor,U.S. Commerce head Lutnick wants Taiwan to help America make 50% of its chips locally,CNBC,https://www.cnbc.com/2025/09/30/taiwan-should-only-produce-half-of-americas-chips-says-us-commerce-chief.html,"U.S. Secretary of Commerce Howard Lutnick has proposed a ""50-50"" split with Taiwan in semiconductor production for the U.S. market, aiming for America to produce half of its chips domestically. This move seeks to reduce American reliance on Taiwan, which currently produces over 90% of the world's advanced semiconductors. Lutnick believes that increased domestic production would enhance U.S. security and argues that a more balanced chip production between the two nations would also make Taiwan safer.",0.108525,Neutral,1.000000,-0.128289,Neutral
20251012T120007,TSM,Taiwan Semiconductor,William Lai’s pledge to ‘help make America great again’ stirs debate in Taiwan - South China Morning Post,South China Morning Post,https://www.scmp.com/news/china/politics/article/3328632/william-lais-pledge-help-make-america-great-again-stirs-debate-taiwan,"Taiwanese leader William Lai Ching-te's pledge to support Washington's re-industrialisation and ""help make America great again"" has sparked debate in Taiwan. Critics worry that excessive reliance on the US could weaken Taiwan's industrial base and geopolitical leverage, despite Lai's emphasis on closer cooperation in semiconductors and AI. Lai highlighted TSMC's role in supporting US industrial goals, aiming to solidify Taiwan's importance in the global AI era.",0.020807,Neutral,0.330483,0.043416,Neutral
20251012T124000,TSM,Taiwan Semiconductor,Taiwan says its chip fabs are safe from China’s rare-earth crackdown - Tom's Hardware,Tom's Hardware,https://www.tomshardware.com/tech-industry/semiconductors/taiwan-says-its-fabs-are-safe-from-china-rare-earth-crackdown,"Taiwan's Ministry of Economic Affairs stated that the island's chip sector, including companies like TSMC, will not be significantly impacted by China's expanded rare-earth export controls. While the rare-earth elements are not crucial for wafer production and Taiwan sources them from other allies, the article notes that these controls could still indirectly affect the PC hardware ecosystem, particularly components like hard drives that rely on high-performance magnets made with rare-earths. Beijing's new licensing rules, effective October 9, apply to derivative products and sensitive end uses, potentially causing friction downstream in supply chains due to increased paperwork and discretionary enforcement.",0.020261,Neutral,0.349668,0.012193,Neutral
20251012T130049,TSM,Taiwan Semiconductor,TSMC: I Am Loading Up Before Earnings,Seeking Alpha,https://seekingalpha.com/article/4829328-tsmc-i-am-loading-up-before-earnings,"The author is confident in Taiwan Semiconductor Manufacturing Company (TSM) as a 'Strong Buy' due to its stellar execution during the AI revolution and ability to capitalize on AI tailwinds. TSMC consistently surpasses earnings expectations, shows accelerating revenue and EPS growth, and is rapidly expanding its global foundry market share. The company's long-term growth and innovation potential are further bolstered by strong AI and data center demand, robust client contracts, and a $55 billion net cash position.",0.005935,Neutral,0.324960,0.011868,Neutral
20251012T202900,TSM,Taiwan Semiconductor,Taiwan Says China’s Expanded Rare Earth Export Curbs Unlikely to Disrupt Its Semiconductor Industry,Brand Icon Image,https://www.brandiconimage.com/2025/10/taiwan-says-chinas-expanded-rare-earth.html,"Taiwan has stated that China's expanded rare earth export controls are unlikely to significantly impact its semiconductor industry, as the restricted rare earths differ from those used in chip manufacturing. The island sources most of its rare-earth-related products from Europe, the U.S., and Japan, reducing its reliance on Chinese supplies. However, the ministry acknowledged potential challenges for the broader global supply chain, particularly for industries like electric vehicles and renewable energy.",0.012427,Neutral,0.320070,0.017881,Neutral
20251013T042008,TSM,Taiwan Semiconductor,Taiwan sees no significant impact on chip sector from China rare earths curbs - The Indian Express,The Indian Express,https://indianexpress.com/article/technology/tech-news-technology/taiwan-sees-no-significant-impact-on-chip-sector-from-china-rare-earths-curbs-10303621/,"Taiwan's economy ministry announced that China's expanded rare earth export curbs are not expected to significantly impact the island's semiconductor industry, as the banned elements differ from those used in chip manufacturing. Despite this, the ministry noted that global supply chains for products like electric vehicles and drones could be affected, requiring close monitoring. Taiwan is home to TSMC, the world's largest contract chipmaker.",0.005714,Neutral,0.333086,0.030442,Neutral
20251013T042746,TSM,Taiwan Semiconductor,Taiwan Says China's Rare Earth Curbs Won't Hit Chip Sector - Asia Business Outlook,Asia Business Outlook,https://www.asiabusinessoutlook.com/news/taiwan-says-china-s-rare-earth-curbs-won-t-hit-chip-sector-nwid-10127.html,"Taiwan's Ministry of Economic Affairs has stated that China’s expanded rare earth export restrictions will not significantly impact Taiwan's semiconductor industry. The ministry clarified that while China added five rare earth elements to its restricted export list, Taiwan's chipmakers primarily source required materials from Europe, the US, and Japan. However, the ministry cautioned that other sectors like electric vehicles (EVs) and drones might face limited impact from these new export controls.",0.0015,Neutral,0.348556,0.024368,Neutral
20251013T043544,TSM,Taiwan Semiconductor,Commentary: Would splitting semiconductor profits with US leave Taiwan with scraps? - digitimes,digitimes,https://www.digitimes.com/news/a20251013PD215/taiwan-usa-tsmc-chips-equipment-manufacturing-production.html,"Taiwanese President Ching-te Lai noted that the US receives 80% of semiconductor profits, despite TSMC's manufacturing leadership. The US is pushing for a balanced production split with Taiwan, which has caused hesitation in Taiwan due to escalating US-China tensions. The article suggests that this dynamic could leave Taiwan with a disproportionately small share of semiconductor profits.",0.049876,Neutral,0.310287,0.003914,Neutral
20251013T092236,TSM,Taiwan Semiconductor,China pulls the rug under US chip industry - Fudzilla.com,Fudzilla.com,https://fudzilla.com/news/61862-china-pulls-the-rug-under-us-chip-industry,"China has announced new rare earth export restrictions that threaten to disrupt the global chip industry, particularly impacting firms like TSMC and potentially blocking semiconductor sales to American companies. Although initial restrictions don't immediately affect rare earths used in semiconductors, there's concern Beijing might broaden its definition, crippling US AI and defense supply chains. This move by China, the world's top rare earth producer, gives it significant leverage over critical technology components.",0.045221,Neutral,0.303428,0.042739,Neutral
20251013T115825,TSM,Taiwan Semiconductor,New Chinese Export Rules May Force TSMC And Samsung To Get Licenses - Dataconomy,Dataconomy,https://dataconomy.com/2025/10/13/new-chinese-export-rules-may-force-tsmc-and-samsung-to-get-licenses/,"China's new rare-earth export controls could compel foreign entities like TSMC and Samsung to obtain licenses, shifting Beijing's control from raw materials to finished semiconductor goods. This policy change, effective November 8, 2025, specifically targets the semiconductor industry, posing risks to chip manufacturers and their American clients like NVIDIA, AMD, and Apple, and potentially disrupting the global AI supply chain. The move aims to influence America's AI industry by controlling materials integral to chip fabrication.",0.047872,Neutral,0.348084,0.021561,Neutral
20251013T163121,TSM,Taiwan Semiconductor,50/50 Semiconductor Deal Stumbles: Why Washington’s Ambitions with Taiwan Hit a Roadblock - Techovedas,Techovedas,https://techovedas.com/50-50-semiconductor-deal-stumbles-why-washingtons-ambitions-with-taiwan-hit-a-roadblock/,"Taiwan has rejected a U.S. proposal for a 50/50 semiconductor production split, indicating that most advanced chip manufacturing will remain on the island despite the U.S.'s efforts to bolster its domestic supply chain. This setback highlights the challenges Washington faces in securing tech independence due to its underdeveloped homegrown semiconductor infrastructure. The article suggests that future U.S. strategies will likely focus on expanding domestic production capacity, strengthening the supply chain, and targeted partnerships rather than equal production splits.",0.030121,Neutral,0.308978,0.011643,Neutral
20251013T163728,TSM,Taiwan Semiconductor,Intel's first chip made on its new manufacturing tech - App Developer Magazine,App Developer Magazine,https://appdevelopermagazine.com/intel%27s-first-chip-made-on-its-new-manufacturing-tech/,"Intel unveils its Panther Lake processor, the first chip made using its new 18A manufacturing process, designed for AI-enabled laptops. This chip features integrated graphics and central processing components with enhanced energy efficiency and is crucial for Intel's strategy to regain market share. Production is slated to ramp up in 2025, with broad availability expected by January 2026.",0.036441,Neutral,0.303837,0.021503,Neutral
20251014T081330,TSM,Taiwan Semiconductor,Taiwan representative says TSMC’s US plants trail by 2.5 years in chipmaking,Rti 中央廣播電臺,https://www.rti.org.tw/en/news?uid=3&pid=169850,"Taiwan's representative to Japan, Lee Yi-yang, stated that TSMC's U.S. chip production facilities are approximately two and a half years behind those in Taiwan, underscoring Taiwan's sustained technological leadership. He highlighted that while TSMC's U.S. plants aim for 2-nanometer production by late 2027, Taiwan began mass producing 2-nanometer chips this year and plans for 1.4-nanometer chips in 2028, solidifying its core competencies in semiconductor manufacturing.",0.024192,Neutral,0.307007,0.026814,Neutral
20251014T110306,TSM,Taiwan Semiconductor,Taiwan Semiconductor Manufacturing Co Ltd expected to post earnings of T$15.83 a share - Earnings Preview - TradingView,TradingView,"https://www.tradingview.com/news/reuters.com,2025:newsml_L5N3VV0SI:0-taiwan-semiconductor-manufacturing-co-ltd-expected-to-post-earnings-of-t-15-83-a-share-earnings-preview/","Taiwan Semiconductor Manufacturing Co Ltd (TSMC) is predicted to announce a rise in quarterly revenue and earnings per share for the period ending September 30, 2025. Analysts expect a 27.3% increase in revenue to T$966.964 billion and earnings of T$15.83 per share, with the average analyst rating on TSMC shares being ""buy"". Wall Street's median 12-month price target for TSMC is T$1,570.00, suggesting a potential upside of 9.2%.",0.042589,Neutral,0.320331,0.032652,Neutral
20251014T110405,TSM,Taiwan Semiconductor,Taiwan Semiconductor Manufacturing Co Ltd expected to post earnings of $2.65 a share - Earnings Preview - TradingView,TradingView,"https://www.tradingview.com/news/reuters.com,2025:newsml_L5N3VV0SK:0-taiwan-semiconductor-manufacturing-co-ltd-expected-to-post-earnings-of-2-65-a-share-earnings-preview/","Taiwan Semiconductor Manufacturing Co Ltd is expected to report a significant increase in quarterly revenue and earnings per share for the period ending September 30, 2025. Analysts predict a 37.0% rise in revenue to $32.2 billion and earnings of $2.65 per share. The company currently holds a ""buy"" rating from analysts, with a median 12-month price target of $290.00.",0.048882,Neutral,0.303514,0.033139,Neutral
20251014T212415,TSM,Taiwan Semiconductor,TSMC Has Announced Exciting Updates for Investors in Nvidia and Broadcom - Bitget,Bitget,https://www.bitget.com/news/detail/12560605015921,"Taiwan Semiconductor Manufacturing (TSMC) released strong monthly revenue figures for September, indicating continued robust demand for high-end chips from major clients like Nvidia and Broadcom. While these updates reinforce the high expectations for Nvidia and Broadcom, their elevated valuations suggest that TSMC might be a more appealing investment for those looking to capitalize on the AI chip boom without the individual stock risk. TSMC's strong competitive position and broad customer base offer a compelling alternative.",0.002615,Neutral,0.342433,0.042884,Neutral
20251015T122222,TSM,Taiwan Semiconductor,Earnings To Watch: Taiwan Semiconductor Manufacturing Co Ltd (TPE:2330) Reports Q3 2025 Result,GuruFocus,https://www.gurufocus.com/news/3143886/earnings-to-watch-taiwan-semiconductor-manufacturing-co-ltd-tpe2330-reports-q3-2025-result,"Taiwan Semiconductor Manufacturing Co Ltd (TPE:2330) is scheduled to release its Q3 2025 earnings on October 16, 2025, with strong consensus estimates for revenue and earnings per share. Analyst estimates for both Q3 and the full year 2025 and 2026 have seen upward revisions. The company's previous quarter results (Q2 2025) beat analyst expectations, and the average 12-month price target suggests a potential upside, although GuruFocus's GF Value indicates a slight potential downside.",0.022644,Neutral,0.346579,0.035133,Neutral
20251015T122222,TSM,Taiwan Semiconductor,Earnings To Watch: Taiwan Semiconductor Manufacturing Co Ltd (TPE:2330) Reports Q3 2025 Result,GuruFocus,https://www.gurufocus.com/news/3143886/earnings-to-watch-taiwan-semiconductor-manufacturing-co-ltd-tpe2330-reports-q3-2025-result?mobile=true,"Taiwan Semiconductor Manufacturing Co Ltd (TPE:2330) is expected to release its Q3 2025 earnings on October 16, 2025, with revenue and earnings per share estimates showing upward revisions. The company's Q2 2025 results surpassed analyst expectations for both revenue and earnings. Analyst price targets suggest a potential upside from the current price, while GuruFocus's GF Value indicates a slight downside.",0.029477,Neutral,0.302530,0.015802,Neutral
20251015T131548,TSM,Taiwan Semiconductor,Earnings To Watch: Taiwan Semiconductor Manufacturing Co Ltd (TPE:2330) Reports Q3 2025 Result - Yahoo Finance,Yahoo Finance,https://finance.yahoo.com/news/earnings-watch-taiwan-semiconductor-manufacturing-131548881.html,"Taiwan Semiconductor Manufacturing Co Ltd (TPE:2330) is slated to release its Q3 2025 earnings on October 16, 2025. Analysts anticipate strong revenue and earnings per share for both Q3 and the full year 2025, with estimates for 2025 and 2026 showing upward revisions. The company's average brokerage recommendation is ""Outperform,"" although GuruFocus estimates suggest a potential downside from the current price.",0.034308,Neutral,0.306571,0.026411,Neutral
20251015T160100,TSM,Taiwan Semiconductor,TSMC ADR Premium Tops Two-Decade High as Global Buyers Pile In - Bloomberg.com,Bloomberg.com,https://www.bloomberg.com/news/articles/2025-10-15/tsmc-adr-premium-tops-two-decade-high-as-global-buyers-pile-in?srnd=phx-new-audio,"Global investors are increasing their positions in Taiwan Semiconductor Manufacturing Co. (TSMC) ahead of its earnings report, driven by confidence in its role in the AI spending boom. The company's American depositary receipts (ADR) are trading at their highest premium to Taipei shares in over two decades, reflecting growing investor awareness of TSMC's importance as an outsourced chip supplier for major tech companies like Nvidia Corp.",0.048066,Neutral,0.320921,0.019084,Neutral
20251015T191534,TSM,Taiwan Semiconductor,AMD CEO Lisa Su: Trump tariffs could have 'short term' impact on chips [Video] - AOL.com,AOL.com,https://www.aol.com/finance/amd-ceo-lisa-su-trump-160339234.html,"AMD CEO Lisa Su commented on the potential impact of Trump tariffs on the semiconductor industry, stating they could have ""short-term impacts."" Despite the uncertainty, AMD completed its $4.9 billion acquisition of ZT Systems to strengthen its presence in compute infrastructure for hyperscalers and remains focused on AI adoption.",0.041597,Neutral,0.318895,0.005986,Neutral
20251016T010030,TSM,Taiwan Semiconductor,"KOSPI Tops 3,700 Points for First Time",조선일보,https://www.chosun.com/english/market-money-en/2025/10/16/YT4BIA5ITZH3LN5IRT35KTXPWQ/,"South Korea's benchmark stock index, the KOSPI, surpassed the 3,700-point mark for the first time in history on October 16, 2025. This surge was primarily driven by foreign investor buying and a strong performance by Samsung Electronics, which hit a four-year high. The rally in U.S. technology stocks, including TSMC and Broadcom, also contributed to the buying interest in domestic semiconductor companies.",0.041107,Neutral,0.337009,0.024423,Neutral
20251016T053500,TSM,Taiwan Semiconductor,TSMC to make advanced 2-nm chips in US sooner to meet AI demand - Nikkei Asia,Nikkei Asia,https://asia.nikkei.com/business/tech/semiconductors/tsmc-to-make-advanced-2-nm-chips-in-us-sooner-to-meet-ai-demand,"Taiwan Semiconductor Manufacturing Co. (TSMC) announced plans to accelerate the production of advanced 2-nanometer chips in the U.S. to meet the growing demand from artificial intelligence. The company also indicated further expansion beyond its current $165 billion investment in America, with Chairman and CEO C.C. Wei signaling intentions to secure additional land in Arizona. This move underscores TSMC's commitment to enhancing its manufacturing capabilities in the U.S. for cutting-edge semiconductor technology.",0.017317,Neutral,0.339454,0.010467,Neutral
20251016T063405,TSM,Taiwan Semiconductor,Taiwanese chipmaker TSMC sees nearly 40 jump in net profit thanks to AI boom,theweek.in,https://www.theweek.in/wire-updates/business/2025/10/16/fes6-taiwan-tsmc.amp.html,"Taiwan Semiconductor Manufacturing Corp. (TSMC) reported a nearly 40% surge in net profit for the July-September quarter, reaching a record $15 billion, driven by the AI boom. The world's largest semiconductor manufacturer, a key supplier to Apple and Nvidia, also saw its revenue jump 30% year-on-year. TSMC is expanding its global manufacturing footprint to mitigate risks from trade tensions and maintain its market dominance amidst resilient AI demand.",0.03342,Neutral,0.346661,0.028483,Neutral
20251016T070633,TSM,Taiwan Semiconductor,AI boom delivers record net profit for Taiwan's TSMC,wicz.com,https://www.wicz.com/news/national/ai-boom-delivers-record-net-profit-for-taiwans-tsmc/article_c57c8041-dd07-5e67-a8d7-f5f4587229e0.html,"Taiwan Semiconductor Manufacturing Company (TSMC) reported a record net profit for the third quarter due to surging demand for microchips driven by AI investments and new iPhone production. The company's net profit reached NT$452.3 billion (US$14.7 billion), exceeding analyst expectations. This growth comes amidst ongoing trade tensions and US export restrictions concerning China, with TSMC's chairman emphasizing the dramatic and positive impact of AI growth.",0.008704,Neutral,0.309295,0.003197,Neutral
20251016T070633,TSM,Taiwan Semiconductor,AI boom delivers record net profit for Taiwan's TSMC - Key Biscayne Portal,Key Biscayne Portal,https://www.keybiscayneportal.com/news/national/ai-boom-delivers-record-net-profit-for-taiwans-tsmc/article_5b319abc-edf5-5b89-8d17-7dce68800e0d.html,"Taiwanese chipmaker TSMC reported a record net profit of NT$452.3 billion (US$14.7 billion) for the third quarter, significantly outperforming expectations. This surge is primarily driven by skyrocketing global demand for microchips used in artificial intelligence and new iPhones. TSMC's chairman, CC Wei, expects robust AI growth despite US-China trade tensions, reinforcing the company's critical role in the semiconductor industry.",0.038709,Neutral,0.309309,0.033840,Neutral
20251016T073532,TSM,Taiwan Semiconductor,"Transcript : Taiwan Semiconductor Manufacturing Company Limited, Q3 2025 Earnings Call, Oct 16, 2025 - MarketScreener",MarketScreener,https://www.marketscreener.com/news/transcript-taiwan-semiconductor-manufacturing-company-limited-q3-2025-earnings-call-oct-16-2025-ce7d5adfd180fe27,"This article provides a transcript of Taiwan Semiconductor Manufacturing Company Limited's (TSMC) Q3 2025 Earnings Call. The call, featuring Jeff Su, TSMC's Director of Investor Relations, discusses the company's third-quarter financial performance and future outlook. The full transcript is reserved for subscribers.",0.034073,Neutral,0.347762,0.003954,Neutral
20251016T083004,TSM,Taiwan Semiconductor,Key facts: TSMC Reports Record Q3 Profit; Faces U.S. Tariff Challenges,TradingView,https://www.tradingview.com/news/tradingview:444d5ef7ea844:0-key-facts-tsmc-reports-record-q3-profit-faces-u-s-tariff-challenges/,"Taiwan Semiconductor Manufacturing Co. (TSMC) reported a record net profit of T$452.3 billion ($14.77 billion) in Q3, marking a 39% year-over-year increase due to strong semiconductor demand. Despite this success, TSMC faces challenges from U.S. tariffs, specifically a 20% tariff on Taiwan's exports, although chips are currently exempt. The company also rejected a U.S. proposal to split its production operations.",0.012719,Neutral,0.321189,0.003482,Neutral
20251016T090400,TSM,Taiwan Semiconductor,TSMC: Q3 Earnings Snapshot - 10tv.com,10tv.com,https://www.10tv.com/article/syndication/associatedpress/tsmc-q3-earnings-snapshot/616-fdc3587a-9deb-4fcf-a753-06cf815e31b5,"Taiwan Semiconductor Manufacturing Co. (TSM) reported strong third-quarter earnings, exceeding Wall Street expectations. The chip company posted earnings of $15.12 billion, or $2.92 per share, surpassing analyst estimates of $2.59 per share. Revenue also topped forecasts at $33.1 billion, compared to the expected $31.5 billion.",0.028705,Neutral,0.317557,0.042256,Neutral
20251016T090400,TSM,Taiwan Semiconductor,TSMC: Q3 Earnings Snapshot,king5.com,https://www.king5.com/article/syndication/associatedpress/tsmc-q3-earnings-snapshot/616-fdc3587a-9deb-4fcf-a753-06cf815e31b5,"Taiwan Semiconductor Manufacturing Co. (TSM) reported strong third-quarter earnings, exceeding Wall Street expectations. The company announced earnings of $15.12 billion, or $2.92 per share, surpassing the average analyst estimate of $2.59 per share. Revenue for the period also topped forecasts, reaching $33.1 billion compared to the $31.5 billion expected by analysts.",0.002617,Neutral,0.305376,0.004781,Neutral
20251016T090400,TSM,Taiwan Semiconductor,TSMC: Q3 Earnings Snapshot,KVUE,https://www.kvue.com/article/syndication/associatedpress/tsmc-q3-earnings-snapshot/616-fdc3587a-9deb-4fcf-a753-06cf815e31b5,"Taiwan Semiconductor Manufacturing Co. (TSM) reported strong third-quarter earnings, with profits reaching $15.12 billion, or $2.92 per share, exceeding Wall Street expectations of $2.59 per share. The company also surpassed revenue forecasts, posting $33.1 billion against an expected $31.5 billion.",0.013005,Neutral,0.319592,0.016044,Neutral
20251016T095046,TSM,Taiwan Semiconductor,TSMC soars with AI: record profits and 3-nanometer chips boost the Taiwanese giant. - firstonline.info,firstonline.info,https://www.firstonline.info/en/TSMC-soars-with-record-profits-and-3-nanometer-chips-boost-the-Taiwanese-giant/,"This article details TSMC's strong performance driven by artificial intelligence demand and its advanced 3-nanometer chip technology. The company reported record-breaking profits and significant growth in its fourth quarter, exceeding market expectations. TSMC's optimistic outlook for the current year, including a potential 20% revenue increase, underscores its leadership in the semiconductor industry.",0.039153,Neutral,0.347384,0.042170,Neutral
20251016T101900,TSM,Taiwan Semiconductor,Taiwan Semiconductor Smashes Q3 Earnings Target. Stock Poised For Record High. - Investor's Business Daily,Investor's Business Daily,https://www.investors.com/news/technology/tsm-stock-taiwan-semiconductor-q3-2025-earnings/,"The provided content indicates that access to the article has been denied, likely due to automated browsing tools. It suggests enabling Javascript and cookies to gain access. Therefore, the actual content of the article regarding Taiwan Semiconductor's Q3 earnings and stock performance is unavailable.",0.01981,Neutral,0.314718,0.034339,Neutral
20251016T112200,TSM,Taiwan Semiconductor,"TSMC to expedite Arizona expansion, upgrade; keep investing in Taiwan - Focus Taiwan",Focus Taiwan,https://focustaiwan.tw/business/202510160024,"TSMC plans to accelerate its production expansion and technology upgrades in Arizona, including introducing its 2nm process, while continuing significant investments in Taiwan. The company is developing its Arizona complex into a megafab cluster and expanding its CoWoS services to meet high demand for chips in AI and HPC. TSMC also has ongoing fab construction in Japan and Germany, with mass production schedules dependent on market conditions.",0.048283,Neutral,0.327724,0.031058,Neutral
20251016T120000,TSM,Taiwan Semiconductor,TSMC Reports Third Quarter EPS of NT$17.44 - Taiwan Semiconductor,Taiwan Semiconductor,https://pr.tsmc.com/english/news/3264,"TSMC announced strong third-quarter 2025 financial results with consolidated revenue of NT$989.92 billion and diluted EPS of NT$17.44, marking significant year-over-year growth. The company reported robust demand for its advanced process technologies, with 3-nanometer, 5-nanometer, and 7-nanometer accounting for a substantial portion of wafer revenue. Management anticipates continued strong performance in the fourth quarter of 2025, projecting revenue between US$32.2 billion and US$33.4 billion.",0.012261,Neutral,0.310619,0.005850,Neutral
20251016T120036,TSM,Taiwan Semiconductor,Taiwan Semiconductor Manufacturing Co Ltd reports results for the quarter ended September 30 - Earnings Summary,TradingView,"https://www.tradingview.com/news/reuters.com,2025:newsml_L5N3VX0W2:0-taiwan-semiconductor-manufacturing-co-ltd-reports-results-for-the-quarter-ended-september-30-earnings-summary/","Taiwan Semiconductor Manufacturing Co Ltd (TSMC) reported strong third-quarter results, with adjusted earnings and revenue exceeding analyst expectations. The company's shares have shown significant growth, and analysts maintain a ""buy"" rating with a positive price target.",0.046034,Neutral,0.348941,0.037463,Neutral
20251016T122233,TSM,Taiwan Semiconductor,TSM rises as TSMC lifts 2025 outlook on AI demand - The Jerusalem Post,The Jerusalem Post,https://www.jpost.com/business-and-innovation/all-news/article-870659,"Taiwan Semiconductor Manufacturing Company (TSMC) has raised its 2025 outlook due to strong demand for artificial intelligence products, surpassing previous expectations. TSMC Chair and CEO C.C. Wei highlighted the robust and increasing AI demand as a key factor in the revised forecast. This positive outlook led to a rise in TSM's stock.",0.032576,Neutral,0.335830,0.046672,Neutral
20251016T122510,TSM,Taiwan Semiconductor,Taiwan Semiconductor Manufacturing Co Ltd (TSM) (Q3 2025) Earnings Call Highlights: Robust ... By GuruFocus - Investing.com Canada,Investing.com Canada,https://ca.investing.com/news/company-news/taiwan-semiconductor-manufacturing-co-ltd-tsm-q3-2025-earnings-call-highlights-robust--4250483,"This article from Investing.com Canada announces an earnings call highlight for Taiwan Semiconductor Manufacturing Co Ltd (TSM) for Q3 2025. However, the actual content of the article is an application error message, indicating that the full earnings call details are not available.",0.007032,Neutral,0.302478,0.008540,Neutral
20251016T151400,TSM,Taiwan Semiconductor,The Silicon Frontier: How Advanced Manufacturing is Powering AI’s Unprecedented Ascent - FinancialContent,FinancialContent,https://markets.financialcontent.com/stocks/article/tokenring-2025-10-16-the-silicon-frontier-how-advanced-manufacturing-is-powering-ais-unprecedented-ascent,"The article details how advanced chip manufacturing, particularly by companies like TSMC, is driving the rapid expansion of AI by providing the necessary processing power. It highlights technical advancements like 2nm and 3nm nodes, GAAFET technology, and advanced packaging, while also discussing the corporate impacts on AI giants and the broader implications for the global economy and geopolitics. The piece emphasizes the symbiotic relationship where AI both consumes and enables the next generation of chip fabrication.",0.049497,Neutral,0.341286,0.029488,Neutral
20251016T152419,TSM,Taiwan Semiconductor,"Dear Taiwan Semi Stock Fans, Today's Earnings Could Change Everything",inkl,https://www.inkl.com/news/dear-taiwan-semi-stock-fans-today-s-earnings-could-change-everything,"Taiwan Semiconductor (TSM) is poised for a significant day with its Q3 2025 earnings conference, which could influence the stock and the broader semiconductor sector. Investors are particularly interested in updates on next-gen nodes, AI-driven revenue, and capital spending plans, especially concerning its substantial investments in U.S. fabs. Wall Street analysts maintain a bullish outlook on TSM, with several firms raising price targets ahead of the earnings release.",0.039324,Neutral,0.333494,0.036488,Neutral
20251016T172011,TSM,Taiwan Semiconductor,Taiwan Semiconductor Manufacturing to Accelerate 2-Nanometer Chip Production in US to Meet AI Demand - MarketScreener,MarketScreener,https://www.marketscreener.com/news/taiwan-semiconductor-manufacturing-to-accelerate-2-nanometer-chip-production-in-us-to-meet-ai-demand-ce7d5adcdc88f426,"Taiwan Semiconductor Manufacturing (TSMC) plans to accelerate its 2-nanometer chip production in the United States to meet increasing demand for AI-related technology. This move is influenced by TSMC's strong performance and positive outlook driven by AI demand, as reflected in recent financial results and market optimism. The company continues to invest in advanced process technologies, including 3nm and 2nm, to support the growing electronics application industry.",0.008068,Neutral,0.332224,0.036478,Neutral
20251016T174022,TSM,Taiwan Semiconductor,Research Alert: CFRA Keeps Buy Opinion On Adss Of Taiwan Semiconductor Manufacturing Company - 富途牛牛,富途牛牛,https://news.futunn.com/en/post/63393448/research-alert-cfra-keeps-buy-opinion-on-adss-of-taiwan?level=1&data_ticket=1760646562806449,"CFRA has maintained a Buy opinion on the ADSs of Taiwan Semiconductor Manufacturing Company (TSM). The article also notes Unity Software's fourth-quarter financial results, where the company reported revenue of $609 million, exceeding analyst estimates, despite a quarterly loss of 66 cents per share.",0.003878,Neutral,0.349785,0.019124,Neutral
20251016T184034,TSM,Taiwan Semiconductor,Taiwan Semiconductor Manufacturing to Accelerate 2-Nanometer Chip Production in US to Meet AI Demand,富途牛牛,https://news.futunn.com/en/post/63397064/taiwan-semiconductor-manufacturing-to-accelerate-2-nanometer-chip-production-in?level=1&data_ticket=1760682083114443,"Taiwan Semiconductor Manufacturing (TSM) plans to accelerate its 2-nanometer chip production in the United States to meet the surging demand driven by artificial intelligence. The article briefly mentions Unity Software's Q4 earnings, though the connection to TSMC's production acceleration isn't detailed in the provided snippet.",0.049665,Neutral,0.315860,0.001796,Neutral
20251016T214144,TSM,Taiwan Semiconductor,Taiwan Semiconductor Manufacturing (NYSE:TSM) Trading Down 1.7% - Here's Why,MarketBeat,https://www.marketbeat.com/instant-alerts/taiwan-semiconductor-manufacturing-nysetsm-trading-down-17-heres-why-2025-10-16/,"Taiwan Semiconductor Manufacturing (NYSE:TSM) saw its stock price decline by 1.7% to $299.63 with increased trading volume. Despite the dip, analysts maintain a ""Moderate Buy"" rating with price targets up to $400. The company recently reported strong quarterly earnings of $2.92 per share, exceeding estimates, and increased its quarterly dividend to $0.8348, supporting an annual yield of 1.1%.",0.005317,Neutral,0.302389,0.046903,Neutral
20251017T044000,TSM,Taiwan Semiconductor,"TSMC accelerates Arizona expansion, keeps investing in Taiwan - Tech in Asia",Tech in Asia,https://www.techinasia.com/news/tsmc-accelerates-arizona-expansion-keeps-investing-in-taiwan,"TSMC announced it is accelerating and expanding its Arizona investment to $40 billion, making it the largest foreign direct investment in Arizona's history. The company also confirmed its continued commitment to investment and talent development in Taiwan. This expansion includes a second advanced chip factory in Arizona, expected to begin production in 2026.",0.045655,Neutral,0.302130,0.033510,Neutral
20251017T084400,TSM,Taiwan Semiconductor,TSMC: Demand For Most Powerful Chips Is Booming (TSM) - Seeking Alpha,Seeking Alpha,https://seekingalpha.com/article/4830671-tsmc-demand-most-powerful-chips-booming?source=generic_rss,"Giverny Capital Asset Management has initiated a 3.5% position in Taiwan Semiconductor (TSM), recognizing it as the world's leading semiconductor manufacturer. The company is at the forefront of chip technology, producing 2-nanometer chips and developing 1.4-nanometer chips. This technological leadership suggests significant pricing power and sustained volume growth for TSMC in the coming years.",0.049052,Neutral,0.348852,0.031232,Neutral
20251017T101908,TSM,Taiwan Semiconductor,"Master S Wealth Management Inc. Invests $227,000 in Taiwan Semiconductor Manufacturing Company Ltd. $TSM",MarketBeat,https://www.marketbeat.com/instant-alerts/filing-master-s-wealth-management-inc-invests-227000-in-taiwan-semiconductor-manufacturing-company-ltd-tsm-2025-10-17/,"Master S Wealth Management Inc. has initiated a position in Taiwan Semiconductor Manufacturing Company Ltd. (NYSE: TSM) by acquiring 1,001 shares valued at approximately $227,000. Institutional investors collectively own 16.51% of TSM's stock, and analysts maintain a ""Moderate Buy"" rating with increasing price targets. The company also announced a quarterly dividend increase to $0.8348 per share, reflecting strong financial performance with a 42.91% net margin.",0.026038,Neutral,0.318561,0.019359,Neutral
20251017T103803,TSM,Taiwan Semiconductor,Compound Global Advisors LLC Reduces Holdings in Taiwan Semiconductor Manufacturing Company Ltd. $TSM - MarketBeat,MarketBeat,https://www.marketbeat.com/instant-alerts/filing-compound-global-advisors-llc-reduces-holdings-in-taiwan-semiconductor-manufacturing-company-ltd-tsm-2025-10-17/,"Compound Global Advisors LLC significantly reduced its stake in Taiwan Semiconductor Manufacturing Company Ltd. (TSM) by 91.0% in Q2, now holding 431 shares valued at $98,000. Despite this reduction, TSM comprises 8.9% of the firm's holdings. Taiwan Semiconductor Manufacturing recently increased its quarterly dividend to $0.8348 per share and reported strong Q3 earnings of $2.92 EPS, significantly beating analyst estimates, with revenue growing 40.1% year-over-year.",0.041441,Neutral,0.313176,0.002742,Neutral
20251017T103805,TSM,Taiwan Semiconductor,"1,352 Shares in Taiwan Semiconductor Manufacturing Company Ltd. $TSM Bought by SilverOak Wealth Management LLC - MarketBeat",MarketBeat,https://www.marketbeat.com/instant-alerts/filing-1352-shares-in-taiwan-semiconductor-manufacturing-company-ltd-tsm-bought-by-silveroak-wealth-management-llc-2025-10-17/,"SilverOak Wealth Management LLC recently acquired 1,352 shares of Taiwan Semiconductor Manufacturing Company Ltd. (TSM) valued at approximately $306,000, marking a new position. Several other major institutions increased their holdings in TSM, reflecting strong investor confidence. The company also announced an increased quarterly dividend of $0.8348 per share.",0.013936,Neutral,0.304162,0.015314,Neutral
20251017T150857,TSM,Taiwan Semiconductor,Susquehanna Maintains a Buy on Taiwan Semiconductor Manufacturing (TSM) - Yahoo Finance,Yahoo Finance,https://finance.yahoo.com/news/susquehanna-maintains-buy-taiwan-semiconductor-150857111.html,"Susquehanna reiterated a Buy rating on Taiwan Semiconductor Manufacturing Company Limited (TSM) and increased its price target from $300 to $400. The analyst anticipates TSM to surpass expectations for the fiscal third quarter of 2025 and raise its guidance, driven by seasonal trends. The company is noted as a technology firm providing integrated circuit manufacturing services.",0.020793,Neutral,0.319871,0.001948,Neutral
20251017T151338,TSM,Taiwan Semiconductor,Susquehanna Maintains a Buy on Taiwan Semiconductor Manufacturing (TSM),Insider Monkey,https://www.insidermonkey.com/blog/susquehanna-maintains-a-buy-on-taiwan-semiconductor-manufacturing-tsm-1628844/,"Susquehanna reiterated a Buy rating on Taiwan Semiconductor Manufacturing (TSM) and raised its price target to $400 from $300, expecting the company to beat Q3 2025 earnings and raise guidance. TSM reported a 31.4% year-over-year revenue increase in September 2025. The analyst anticipates continued strong performance into FQ4 and FQ1 2026 driven by seasonal trends.",0.002036,Neutral,0.338179,0.034029,Neutral
20251017T154828,TSM,Taiwan Semiconductor,AI boom delivers record net profit for Taiwan's TSMC - Rome Sentinel,Rome Sentinel,https://www.romesentinel.com/ce/news/ai-boom-delivers-record-net-profit-for-taiwans-tsmc/article_691acc47-c8ce-55b1-bcbd-11f7ca068a60.html,"Taiwan Semiconductor Manufacturing Company (TSMC) reported a record net profit for the third quarter, driven by surging demand for microchips used in AI and iPhones. The company's net profit reached NT$452.3 billion (US$14.7 billion), exceeding analyst expectations and highlighting the continued strength of the AI market. This performance comes amidst rising concerns over US-China trade tensions and export restrictions in the chip industry.",0.024496,Neutral,0.346127,0.033648,Neutral
20251017T204100,TSM,Taiwan Semiconductor,TSMC’s Arizona Gigafab: Ushering in the 2nm Era for AI Dominance and US Chip Sovereignty,FinancialContent,https://markets.financialcontent.com/stocks/article/tokenring-2025-10-17-tsmcs-arizona-gigafab-ushering-in-the-2nm-era-for-ai-dominance-and-us-chip-sovereignty,"TSMC is rapidly accelerating its expansion in Arizona, focusing on 2nm and A16 (1.6nm) chip manufacturing to meet the ""insatiable"" demand for high-performance AI chips. This strategic move aims to bolster American technological independence and provide unprecedented computational power and efficiency for next-generation AI models. While facing challenges like higher costs and labor shortages, the Arizona gigafab cluster represents a foundational infrastructure upgrade crucial for the future of AI and national security, ensuring a more robust and localized supply of advanced semiconductors.",0.021991,Neutral,0.319985,0.002002,Neutral
20251018T114507,TSM,Taiwan Semiconductor,Assessing TSMC's (NYSE:TSM) Valuation as Momentum Continues in 2024,simplywall.st,https://simplywall.st/stocks/us/semiconductors/nyse-tsm/taiwan-semiconductor-manufacturing/news/assessing-tsmcs-nysetsm-valuation-as-momentum-continues-in-2,"Taiwan Semiconductor Manufacturing (TSM) has experienced significant stock price momentum in 2024, with a 12.3% return over the past month and a 46.4% year-to-date gain. While its current Price-to-Earnings (P/E) ratio of 23.9x suggests it is undervalued compared to industry averages and an estimated Fair P/E Ratio of 43.5x, a Discounted Cash Flow (DCF) model indicates it might be trading slightly above its fair value. Investors are left to weigh these differing valuation perspectives as they consider TSM's future potential.",0.008279,Neutral,0.324086,0.024508,Neutral
20251018T160002,TSM,Taiwan Semiconductor,AI Momentum Powers Record Growth in Q3: Is TSMC Stock a Buy Now? - inkl,inkl,https://www.inkl.com/news/ai-momentum-powers-record-growth-in-q3-is-tsmc-stock-a-buy-now,"Taiwan Semiconductor Manufacturing Company (TSMC) reported significant growth in Q3, driven by explosive demand for AI-related chips. Revenue surged 40.8% year-over-year, largely due to advanced 3-nanometer and 5-nanometer process technologies. The company is accelerating global manufacturing plans and investing heavily in future technologies, positioning itself as a strong buy-and-hold despite high capital expenditures.",0.000726,Neutral,0.319024,0.042370,Neutral
20251018T221102,TSM,Taiwan Semiconductor,Is TSMC Still a Bargain After 46% Rally and Soaring AI Chip Demand in 2025?,Yahoo,https://sg.finance.yahoo.com/news/tsmc-still-bargain-46-rally-221102495.html,"This article analyzes whether Taiwan Semiconductor Manufacturing (TSMC) remains a bargain after a significant 46% year-to-date rally and a 381.3% return over three years. Despite its impressive performance, a valuation scorecard suggests the stock is still undervalued by about half the usual measures. The analysis delves into Discounted Cash Flow (DCF) which indicates the stock is near fair value, and Price-to-Earnings (PE) which suggests significant undervaluation compared to its ""Fair Ratio.""",0.003797,Neutral,0.320913,0.017350,Neutral
20251019T041554,TSM,Taiwan Semiconductor,TSMC applies to build 1.4nm process fab in Taichung - Taiwan News,Taiwan News,https://www.taiwannews.com.tw/news/6223146,"Taiwan Semiconductor Manufacturing Co. (TSMC) has applied to build a 1.4nm chip fabrication plant, known as A14 fab, in Taichung. This facility represents an initial investment of NT$1.5 trillion and is slated for mass production in the second half of 2028. TSMC emphasizes that Taiwan remains its core base for innovation, despite expanding overseas production.",0.02866,Neutral,0.344185,0.023618,Neutral
20251024T104000,TSM,Taiwan Semiconductor,TSMC Announces Key Financial and Operational Updates for September 2025,The Globe and Mail,https://www.theglobeandmail.com/investing/markets/stocks/TSM/pressreleases/35656816/tsmc-announces-key-financial-and-operational-updates-for-september-2025/,"TSMC (TSM) reported significant financial and operational changes for September 2025, including alterations in shareholdings, asset activities, capital appropriations, bond issuance, and share cancellation. An analyst rating for TSM stock is a Buy with a $345.00 price target, and TipRanks' AI Analyst, Spark, rates TSM as Outperform due to strong financial performance and positive earnings outlook. Despite a high valuation, the company maintains robust demand for advanced technologies, reflecting its leadership in the semiconductor industry.",0.395442,Bullish,1.000000,0.353906,Bullish
20251115T234100,TSM,Taiwan Semiconductor,Bank of America Securities Maintains Buy Rating on Taiwan Semiconductor Manufacturing (TSM) Stock,Finviz,https://finviz.com/news/230863/bank-of-america-securities-maintains-buy-rating-on-taiwan-semiconductor-manufacturing-tsm-stock,"Bank of America Securities has maintained a ""Buy"" rating on Taiwan Semiconductor Manufacturing (TSM) stock, setting a price objective of $360.00, driven by strong sales performance in October. The company's revenue for October 2025 was approximately NT$367.47 billion, showing significant growth from both the previous month and year. This growth is attributed to high demand for mobile devices and high-performance computing products, with projections for continued demand from cloud AI infrastructure into 2026.",0.408102,Bullish,1.000000,0.443596,Bullish
20251115T234100,TSM,Taiwan Semiconductor,Bank of America Securities Maintains Buy Rating on Taiwan Semiconductor Manufacturing (TSM) Stock,Insider Monkey,https://www.insidermonkey.com/blog/bank-of-america-securities-maintains-buy-rating-on-taiwan-semiconductor-manufacturing-tsm-stock-1646245/,"Bank of America Securities analyst Mike Yang maintained a ""Buy"" rating on Taiwan Semiconductor Manufacturing Company Limited (TSM) stock, setting a price objective of $360.00. This rating is supported by TSM's strong October 2025 revenue growth of 11.0% from September and 16.9% from October 2024, driven by high-end mobile devices and high-performance computing demand. The favorable outlook is also bolstered by anticipated demand for cloud AI infrastructure into 2026 and strong product backlog due to supply chain constraints.",0.416165,Bullish,1.000000,0.405883,Bullish
20251116T125507,TSM,Taiwan Semiconductor,Taiwan Semiconductor Manufacturing Company Ltd. $TSM Shares Purchased by Integrated Quantitative Investments LLC,MarketBeat,https://www.marketbeat.com/instant-alerts/filing-taiwan-semiconductor-manufacturing-company-ltd-tsm-shares-purchased-by-integrated-quantitative-investments-llc-2025-11-16/,"Integrated Quantitative Investments LLC increased its stake in Taiwan Semiconductor Manufacturing Company Ltd. (TSM) by 57.6% during the second quarter, making it their largest position. Other institutional investors also bought and sold TSM shares, with 16.51% of the stock owned by hedge funds and institutional investors. The company reported strong financial performance, including higher-than-expected earnings and a dividend increase, while analysts have set new price targets with a ""Moderate Buy"" consensus.",0.506487,Bullish,1.000000,0.497712,Bullish
20251116T125507,TSM,Taiwan Semiconductor,Sanders Capital LLC Trims Position in Taiwan Semiconductor Manufacturing Company Ltd. $TSM,MarketBeat,https://www.marketbeat.com/instant-alerts/filing-sanders-capital-llc-trims-position-in-taiwan-semiconductor-manufacturing-company-ltd-tsm-2025-11-16/,"Sanders Capital LLC reduced its stake in Taiwan Semiconductor Manufacturing Company Ltd. (NYSE:TSM) by 7.8% in the second quarter, although TSM remains its largest holding. Despite this, other hedge funds have increased their positions in the company. Analysts generally rate TSM as a ""Moderate Buy"" with an average target price of $371.67, and the company recently announced an increased quarterly dividend.",0.185142,Somewhat-Bullish,1.000000,0.191330,Somewhat-Bullish
20251116T143406,TSM,Taiwan Semiconductor,"Y.D. More Investments Ltd Buys 13,634 Shares of Taiwan Semiconductor Manufacturing Company Ltd. $TSM",MarketBeat,https://www.marketbeat.com/instant-alerts/filing-yd-more-investments-ltd-buys-13634-shares-of-taiwan-semiconductor-manufacturing-company-ltd-tsm-2025-11-16/,"Y.D. More Investments Ltd increased its stake in Taiwan Semiconductor Manufacturing Company Ltd. (TSM) by 13.7%, purchasing an additional 13,634 shares. This move increases their total holdings to 113,458 shares, valued at approximately $25.695 million, making TSM its 12th largest holding. Other major institutions like Goldman Sachs, Price T. Rowe Associates, and Jennison Associates also significantly increased their positions in TSM, with institutional ownership nearing 16.51%.",0.425891,Bullish,1.000000,0.432179,Bullish
20251119T052054,TSM,Taiwan Semiconductor,Europe’s Chip Dreams Confront Business Realities,The New York Times,https://www.nytimes.com/2025/11/19/technology/europe-tsmc-chips.html,"Germany is investing billions to boost its domestic chip production by partnering with Taiwan Semiconductor Manufacturing Company (TSMC) to build a factory in Dresden. However, TSMC's Taiwanese suppliers are encountering difficulties with Europe's complex regulations and labor laws, posing a challenge to Europe's ambition to significantly increase its share of global chip production. This initiative aims to reduce reliance on concentrated chip manufacturing in Taiwan, especially after recent supply chain disruptions.",0.017116,Neutral,0.307022,0.037559,Neutral
20251205T230928,TSM,Taiwan Semiconductor,Nvidia vs Taiwan Semiconductor Manufacturing: Which Artificial Intelligence (AI) Stock Is a Better Buy Right Now?,The Motley Fool,https://www.fool.com/investing/2025/12/04/nvidia-vs-tsmc-which-stock-better-buy-now/,"This article compares Nvidia and Taiwan Semiconductor Manufacturing (TSMC), two dominant players in the AI semiconductor market. It highlights Nvidia's GPU leadership and associated risks from major customers developing custom chips, while TSMC benefits from being the primary advanced chip manufacturer despite geopolitical risks. Ultimately, the author prefers TSMC for its stability and predictable growth over Nvidia's higher upside potential but also higher uncertainty.",0.105237,Neutral,1.000000,0.438407,Bullish
20251211T140931,TSM,Taiwan Semiconductor,TSMC (NYSE:TSM) Valuation Check After Strong Year-to-Date Share Price Run,Simply Wall Street,https://simplywall.st/stocks/us/semiconductors/nyse-tsm/taiwan-semiconductor-manufacturing/news/tsmc-nysetsm-valuation-check-after-strong-year-to-date-share,"Taiwan Semiconductor Manufacturing (TSM) has experienced a strong year-to-date performance, with shares up over 50%. While a narrative valuation suggests the stock is fairly priced at $310, a discounted cash flow (DCF) model indicates it might be trading rich at $225, raising questions about the extent of AI optimism already factored into its price. Investors face a dilemma regarding whether TSM is undervalued or already reflecting future growth.",0.2605,Somewhat-Bullish,1.000000,0.250801,Somewhat-Bullish
20251212T111000,TSM,Taiwan Semiconductor,Taiwan Semiconductor Manufacturing Company (TSM/NYSE): Powering the Future of AI and Global Technology,Markets Financial Content,https://markets.financialcontent.com/wral/article/predictstreet-2025-12-12-taiwan-semiconductor-manufacturing-company-tsmnyse-powering-the-future-of-ai-and-global-technology,"Taiwan Semiconductor Manufacturing Company (TSM), the world's largest independent semiconductor foundry, is critically positioned at the forefront of the surging AI and high-performance computing (HPC) revolution. The company exhibits robust financial growth, unmatched technological leadership in advanced node manufacturing (3nm, 5nm, 2nm, and upcoming A16), and significant global expansion efforts to diversify its supply chain. Despite geopolitical risks and increasing competition, TSMC's strategic investments in R&D and advanced packaging are solidifying its dominant market share and ensuring its indispensable role in future technology.",0.46327,Bullish,1.000000,0.645354,Bullish
20251213T120849,TSM,Taiwan Semiconductor,ICONIQ Capital LLC Purchases New Stake in Taiwan Semiconductor Manufacturing Company Ltd. $TSM,MarketBeat,https://www.marketbeat.com/instant-alerts/filing-iconiq-capital-llc-purchases-new-stake-in-taiwan-semiconductor-manufacturing-company-ltd-tsm-2025-12-13/,"ICONIQ Capital LLC has acquired a new stake of 280,312 shares in Taiwan Semiconductor Manufacturing Company (TSM), valued at approximately $63.49 million, making it their 13th largest holding. Research analysts have a bullish ""Buy"" rating on TSM with a consensus price target of $355.00, and the company recently reported strong quarterly earnings and increased its dividend.",0.231793,Somewhat-Bullish,1.000000,0.478708,Bullish
20251214T120910,TSM,Taiwan Semiconductor,L1 Capital Pty Ltd Invests $2.89 Million in Taiwan Semiconductor Manufacturing Company Ltd. $TSM,MarketBeat,https://www.marketbeat.com/instant-alerts/filing-l1-capital-pty-ltd-invests-289-million-in-taiwan-semiconductor-manufacturing-company-ltd-tsm-2025-12-14/,"L1 Capital Pty Ltd significantly increased its stake in Taiwan Semiconductor Manufacturing Company Ltd. (TSM) during the second quarter, purchasing 12,779 shares valued at approximately $2.89 million, making it their 16th largest holding. Other institutional investors also adjusted their positions, with Hudson Bay Capital Management LP boosting its stake by 117.6%. TSM holds a ""Buy"" consensus rating from analysts with an average target price of $355.00, and recently reported strong Q2 earnings, beating estimates and increasing its quarterly dividend.",0.457988,Bullish,1.000000,0.484930,Bullish
20251214T140910,TSM,Taiwan Semiconductor,Orion Porfolio Solutions LLC Raises Stake in Taiwan Semiconductor Manufacturing Company Ltd. $TSM,MarketBeat,https://www.marketbeat.com/instant-alerts/filing-orion-porfolio-solutions-llc-raises-stake-in-taiwan-semiconductor-manufacturing-company-ltd-tsm-2025-12-14/,"Orion Portfolio Solutions LLC increased its holdings in Taiwan Semiconductor Manufacturing Company Ltd. (TSM) by 6.1% in the second quarter, bringing their total to 141,110 shares valued at approximately $31.96 million. Institutional investors collectively own 16.51% of the company's stock. TSM maintains an average ""Buy"" rating from analysts with a consensus target price of $355.00, reflecting optimism following strong Q2 earnings where EPS of $2.92 beat expectations and revenue grew by 40.1% year-over-year.",0.814984,Bullish,1.000000,0.835058,Bullish
20251214T213710,TSM,Taiwan Semiconductor,"TSM Stock: What to Know About Taiwan Semiconductor Before the U.S. Market Opens on Dec. 15, 2025",ts2.tech,https://ts2.tech/en/tsm-stock-what-to-know-about-taiwan-semiconductor-before-the-u-s-market-opens-on-dec-15-2025/,"This article provides a comprehensive pre-market analysis of Taiwan Semiconductor Manufacturing Co. (TSM) as it heads into the U.S. trading session on December 15, 2025. It covers recent stock performance, the company's November 2025 revenue, analysts' forecasts, the critical role of advanced packaging (CoWoS) in AI demand, dividend information, geopolitical factors like export controls, and potential trade secret concerns. The piece emphasizes key drivers for TSM, including AI demand, packaging capacity, and policy risks, amid broader market volatility.",0.190758,Somewhat-Bullish,1.000000,0.282694,Somewhat-Bullish
20251215T080902,TSM,Taiwan Semiconductor,"American Trust Sells 4,140 Shares of Taiwan Semiconductor Manufacturing Company Ltd. $TSM",MarketBeat,https://www.marketbeat.com/instant-alerts/filing-american-trust-sells-4140-shares-of-taiwan-semiconductor-manufacturing-company-ltd-tsm-2025-12-15/,"American Trust reduced its stake in Taiwan Semiconductor Manufacturing Company Ltd. (TSM) by 12.7%, selling 4,140 shares and now owning 28,404 shares worth approximately $6.43 million. TSM reported strong Q3 earnings, exceeding analyst expectations, and increased its quarterly dividend. The company maintains a ""Buy"" rating from analysts with an average price target of $355.00.",0.092315,Neutral,0.973564,0.327241,Somewhat-Bullish
20251215T170902,TSM,Taiwan Semiconductor,Better Artificial Intelligence Stock: ASML vs. TSMC,The Globe and Mail,https://www.theglobeandmail.com/investing/markets/stocks/TSM/pressreleases/36628381/better-artificial-intelligence-stock-asml-vs-tsmc/,"This article compares ASML Holdings (ASML) and Taiwan Semiconductor Manufacturing (TSM) as top artificial intelligence stocks. ASML dominates the semiconductor equipment market with 90% share, while TSMC is the leading manufacturer of advanced AI processors. Although both companies are strong investments, TSMC is suggested to have a slight edge due to its more attractive valuation with a lower price-to-earnings ratio.",0.379992,Bullish,1.000000,0.414755,Bullish
20251216T140937,TSM,Taiwan Semiconductor,"13,196 Shares in Taiwan Semiconductor Manufacturing Company Ltd. $TSM Acquired by TT International Asset Management LTD",MarketBeat,https://www.marketbeat.com/instant-alerts/filing-13196-shares-in-taiwan-semiconductor-manufacturing-company-ltd-tsm-acquired-by-tt-international-asset-management-ltd-2025-12-16/,"TT International Asset Management LTD recently acquired 13,196 shares of Taiwan Semiconductor Manufacturing Co. (TSM) during the third quarter, valued at approximately $3.69 million. This new position represents about 0.5% of TT International's investment portfolio, making TSM its 15th largest holding. The acquisition comes amidst general bullish sentiment from analysts, with a consensus ""Buy"" rating and an average target price of $355.",0.501742,Bullish,1.000000,0.513092,Bullish
20251217T190900,TSM,Taiwan Semiconductor,Is TSM Stock Still Attractive After Its Huge AI Driven Three Year Surge?,Simply Wall Street,https://simplywall.st/stocks/us/semiconductors/nyse-tsm/taiwan-semiconductor-manufacturing/news/is-tsm-stock-still-attractive-after-its-huge-ai-driven-three,"Taiwan Semiconductor Manufacturing (TSM) has seen significant share price appreciation over the last three years, largely driven by AI demand, but its valuation is now mixed. While a Discounted Cash Flow analysis suggests the stock might be overvalued by approximately 32.1%, its Price-to-Earnings ratio of 23.7x is below the industry average and a proprietary Fair PE estimate of 37.5x, possibly indicating undervaluation based on fundamentals. The article encourages investors to develop their own narratives for valuation, linking assumptions to financial forecasts.",0.071941,Neutral,1.000000,-0.211853,Somewhat-Bearish
20251217T200900,TSM,Taiwan Semiconductor,The Unassailable Fortress: Why TSMC Dominates the Semiconductor Landscape and What It Means for Investors,Markets Financial Content,https://markets.financialcontent.com/wral/article/tokenring-2025-12-17-the-unassailable-fortress-why-tsmc-dominates-the-semiconductor-landscape-and-what-it-means-for-investors,"TSMC is an undisputed leader in the global semiconductor industry, particularly for advanced AI and HPC chips, commanding approximately 70-72% of the pure-play foundry market. Its technological prowess with 3nm, 5nm, and impending 2nm nodes, alongside advanced packaging solutions like CoWoS, makes it indispensable to major tech giants. The company's financial performance is robust, but it faces geopolitical risks due to its concentration in Taiwan and increasing competition.",0.577117,Bullish,1.000000,0.842951,Bullish
20251220T130919,TSM,Taiwan Semiconductor,Perpetual Ltd Lowers Position in Taiwan Semiconductor Manufacturing Company Ltd. $TSM,MarketBeat,https://www.marketbeat.com/instant-alerts/filing-perpetual-ltd-lowers-position-in-taiwan-semiconductor-manufacturing-company-ltd-tsm-2025-12-20/,"Perpetual Ltd has reduced its stake in Taiwan Semiconductor Manufacturing Company Ltd. (NYSE:TSM) by 3.6% in the third quarter of 2025, selling 8,878 shares and now owning 234,571 shares valued at approximately $65.51 million. Despite this, institutional investors and hedge funds still hold about 16.51% of the stock. The company recently reported strong Q3 earnings, beating expectations, and increased its quarterly dividend, while analysts maintain a bullish outlook with an average ""Buy"" rating and a $355.00 price target, driven by AI demand, though the stock has shown some short-term volatility.",0.321164,Somewhat-Bullish,1.000000,0.307508,Somewhat-Bullish
20251221T120854,TSM,Taiwan Semiconductor,"Pathway Financial Advisors LLC Purchases Shares of 2,405 Taiwan Semiconductor Manufacturing Company Ltd. $TSM",MarketBeat,https://www.marketbeat.com/instant-alerts/filing-pathway-financial-advisors-llc-purchases-shares-of-2405-taiwan-semiconductor-manufacturing-company-ltd-tsm-2025-12-21/,"Pathway Financial Advisors LLC initiated a new position in Taiwan Semiconductor Manufacturing Company Ltd. (TSM) during the third quarter, acquiring 2,405 shares valued at approximately $672,000. This comes as other institutional investors have also significantly increased their holdings, pushing institutional ownership to 16.51%. Analysts are largely bullish on TSM, citing AI-driven capital expenditure expectations and the company's recent strong earnings beat and dividend increase.",0.415043,Bullish,1.000000,0.424069,Bullish
20251222T200928,TSM,Taiwan Semiconductor,"TSMC Stock in Focus: New SEC Filings Show Fresh Institutional Buying as Taiwan Semiconductor Rides the AI Wave (Dec. 22, 2025)",ts2.tech,https://ts2.tech/en/tsmc-stock-in-focus-new-sec-filings-show-fresh-institutional-buying-as-taiwan-semiconductor-rides-the-ai-wave-dec-22-2025/,"New SEC filings reveal continued institutional buying in Taiwan Semiconductor Manufacturing Company (TSMC) stock, with several firms opening or significantly increasing positions. This interest comes as TSMC, a key supplier for AI-related chips, demonstrates strong operating performance and market leadership despite some institutional trimming and short-term volatility. The activity underscores TSMC's critical role in the AI supply chain and its sustained appeal to investors.",0.396419,Bullish,1.000000,0.443954,Bullish
20251223T080930,TSM,Taiwan Semiconductor,Can the West bring chip production home?,IT Pro,https://www.itpro.com/hardware/can-the-west-bring-chip-production-home,"The article discusses the efforts by Western countries, specifically the US and Europe, to onshore semiconductor manufacturing to reduce reliance on Taiwan. It highlights significant investments and initiatives like the US CHIPS and Science Act and the EU Chips Act, acknowledging some progress but noting that the West still faces substantial challenges in matching Asian production scale and technological advancement. While diversification is occurring, the majority of chip production is expected to remain in Asia for the foreseeable future.",0.220153,Somewhat-Bullish,1.000000,0.290110,Somewhat-Bullish
20251223T130930,TSM,Taiwan Semiconductor,"HWG Holdings LP Acquires 16,717 Shares of Taiwan Semiconductor Manufacturing Company Ltd. $TSM",MarketBeat,https://www.marketbeat.com/instant-alerts/filing-hwg-holdings-lp-acquires-16717-shares-of-taiwan-semiconductor-manufacturing-company-ltd-tsm-2025-12-23/,"HWG Holdings LP significantly increased its stake in Taiwan Semiconductor Manufacturing Company (TSM) during the third quarter, purchasing 16,717 additional shares to bring its total to 30,474 shares valued at $8.51 million. This increase reflects TSM's strong performance, including exceeding EPS estimates and a 40.1% year-over-year revenue growth. Analysts maintain a bullish outlook on TSM, with several raising price targets and ratings.",0.715881,Bullish,1.000000,0.731864,Bullish
20251223T140800,TSM,Taiwan Semiconductor,TSMC Arizona’s 3nm Acceleration: Bringing Advanced Manufacturing to US Soil,FinancialContent,https://markets.financialcontent.com/wral/article/tokenring-2025-12-23-tsmc-arizonas-3nm-acceleration-bringing-advanced-manufacturing-to-us-soil,"TSMC has accelerated its roadmap for its Fab 21 complex in Phoenix, Arizona, with 3nm production now planned for 2027, a year ahead of schedule. The facility has achieved a 92% yield rate for 4nm chips and will soon begin the ""tool-in"" phase for 3nm production, significantly boosting U.S. domestic semiconductor manufacturing and safeguarding the AI hardware supply chain. This expansion, supported by the U.S. CHIPS Act, also includes advanced packaging capabilities and future plans for 2nm and 1.6nm nodes, solidifying America's role in global semiconductor production.",0.312306,Somewhat-Bullish,1.000000,0.418987,Bullish
20251224T140928,TSM,Taiwan Semiconductor,Taiwan Semiconductor Manufacturing Company Ltd. $TSM Shares Sold by Hanson & Doremus Investment Management,MarketBeat,https://www.marketbeat.com/instant-alerts/filing-taiwan-semiconductor-manufacturing-company-ltd-tsm-shares-sold-by-hanson-doremus-investment-management-2025-12-24/,"Hanson & Doremus Investment Management reduced its stake in Taiwan Semiconductor Manufacturing Co. (TSM) by 5.3% in Q3, selling 4,805 shares to hold 86,091 shares worth $24.04 million. Despite the sale, institutional ownership remains high at 16.51%, and analysts maintain a consensus ""Buy"" rating with a $355 price target for the company. Taiwan Semiconductor reported strong Q3 earnings, high profitability, and recently increased its quarterly dividend.",0.444338,Bullish,1.000000,0.437650,Bullish
20251225T013700,TSM,Taiwan Semiconductor,1 Reason I Am Buying Taiwan Semiconductor Stock to Hold Forever,Finviz,https://finviz.com/news/262085/1-reason-i-am-buying-taiwan-semiconductor-stock-to-hold-forever,"The author is buying Taiwan Semiconductor Manufacturing (TSMC) stock to hold forever because of its dominant position as the world's leading chip manufacturer. TSMC operates on a foundry model, manufacturing specialized chips for major tech companies like Apple, Nvidia, and Amazon. The company holds a near monopoly on AI chip manufacturing, which has significantly boosted its financial performance and margins.",0.202284,Somewhat-Bullish,1.000000,0.648627,Bullish
20251225T130852,TSM,Taiwan Semiconductor,Taiwan Semiconductor (NYSE: TSM) Price Prediction and Forecast (Jan 2025),24/7 Wall St.,https://247wallst.com/forecasts/2025/12/25/taiwan-semiconductor-tsm-price-prediction-and-forecast/,"Taiwan Semiconductor Manufacturing Co. Ltd. (NYSE: TSM) holds a critical position in the semiconductor supply chain and is integral for developing AI and high-performance computing technologies. The company is actively diversifying its global footprint and investing heavily in U.S. semiconductor manufacturing. Despite challenges such as geopolitical risks and competition, TSMC's technological leadership, demand from key sectors, and supply chain dynamics position it for strong growth, with analysts forecasting significant stock price increases through 2030.",0.292526,Somewhat-Bullish,1.000000,0.432205,Bullish
20251225T130852,TSM,Taiwan Semiconductor,"World Investment Advisors Sells 6,506 Shares of Taiwan Semiconductor Manufacturing Company Ltd. $TSM",MarketBeat,https://www.marketbeat.com/instant-alerts/filing-world-investment-advisors-sells-6506-shares-of-taiwan-semiconductor-manufacturing-company-ltd-tsm-2025-12-25/,"World Investment Advisors decreased its stake in Taiwan Semiconductor Manufacturing (TSM) by 10.6% in the third quarter, selling 6,506 shares but still holding 55,031 shares valued at $15.37 million. Despite this sale, major institutions like Bank of America and Jennison Associates significantly increased their TSM positions, indicating strong institutional confidence. Analysts maintain a consensus ""Buy"" rating with an average target price of $355, and TSMC recently raised its quarterly dividend to $0.9678 per share.",0.325136,Somewhat-Bullish,1.000000,0.339635,Somewhat-Bullish
20251226T130930,TSM,Taiwan Semiconductor,"TSMC Stock News Today (Dec. 26, 2025): Taiwan Semiconductor Outlook, Analyst Forecasts, and the Catalysts Moving TSM",ts2.tech,https://ts2.tech/en/tsmc-stock-news-today-dec-26-2025-taiwan-semiconductor-outlook-analyst-forecasts-and-the-catalysts-moving-tsm/,"Taiwan Semiconductor Manufacturing Company Limited (TSMC) stock is influenced by AI demand, industrial policy, and geopolitics. On December 26, 2025, TSMC shares in Taiwan reclaimed NT$1,500, pushing the Taiex to new highs, while the U.S. ADR hovered around $298.8. Key factors moving the stock include the ongoing ""AI factory"" buildout, upcoming Q4 2025 earnings on January 15, 2026, and policy deadlines like the December 31, 2025, expiration of validated end user (VEU) treatment for equipment exports to its Nanjing operations.",0.305708,Somewhat-Bullish,1.000000,0.346662,Somewhat-Bullish
20251227T090917,TSM,Taiwan Semiconductor,What Is One of the Best Tech Stocks to Hold for the Next 5 Years?,The Globe and Mail,https://www.theglobeandmail.com/investing/markets/markets-news/Motley%20Fool/36800613/what-is-one-of-the-best-tech-stocks-to-hold-for-the-next-5-years/,"Taiwan Semiconductor Manufacturing Co. (TSM) is highlighted as a top tech stock to hold for the next five years, with earnings per share projected to grow at a 22% annualized rate. The company benefits significantly from demand for data center infrastructure and expects AI chip revenue to increase over 40% annually through 2029. Despite its strong performance, the stock's valuation, especially when considering future earnings, suggests substantial upside potential.",0.640333,Bullish,1.000000,0.627702,Bullish
20251227T120917,TSM,Taiwan Semiconductor,"Greenup Street Wealth Management LLC Sells 9,867 Shares of Taiwan Semiconductor Manufacturing Company Ltd. $TSM",MarketBeat,https://www.marketbeat.com/instant-alerts/filing-greenup-street-wealth-management-llc-sells-9867-shares-of-taiwan-semiconductor-manufacturing-company-ltd-tsm-2025-12-27/,"Greenup Street Wealth Management LLC reduced its stake in Taiwan Semiconductor Manufacturing Company Ltd. by 38.6% in the third quarter, selling 9,867 shares and retaining 15,728 shares valued at approximately $4.39 million. This position constitutes 0.7% of their portfolio and is their 27th largest holding. Analysts maintain a ""Buy"" rating for TSM with a consensus price target of $355.00, while the company also increased its quarterly dividend to $0.9678 per share.",0.312003,Somewhat-Bullish,1.000000,0.345530,Somewhat-Bullish
20251227T130917,TSM,Taiwan Semiconductor,"Kempner Capital Management Inc. Sells 33,023 Shares of Taiwan Semiconductor Manufacturing Company Ltd. $TSM",MarketBeat,https://www.marketbeat.com/instant-alerts/filing-kempner-capital-management-inc-sells-33023-shares-of-taiwan-semiconductor-manufacturing-company-ltd-tsm-2025-12-27/,"Kempner Capital Management Inc. reduced its stake in Taiwan Semiconductor Manufacturing Company Ltd. (NYSE:TSM) by 54.5% in the third quarter, selling 33,023 shares and retaining 27,592 shares valued at $7.706 million. TSM now represents 6.4% of the firm's portfolio and is its second-largest holding. Despite the selling, Wall Street analysts maintain a ""Buy"" consensus rating for TSM with a price target of $355.00, citing strong fundamentals including a $1.57 trillion market cap and a recently increased quarterly dividend.",0.39946,Bullish,1.000000,0.393170,Bullish
20251228T114600,TSM,Taiwan Semiconductor,Taiwan’s Taiwan Semiconductor Manufacturing Company Limited (TSM) Struggles With US Expansion,Insider Monkey,https://www.insidermonkey.com/blog/taiwans-taiwan-semiconductor-manufacturing-company-limited-tsm-struggles-with-us-expansion-1666725/,"Taiwan Semiconductor Manufacturing Company Limited (TSM) is facing significant challenges with its expansion in Arizona, including labor shortages, permitting obstacles, and regulatory fragmentation. Despite these struggles, Bernstein has raised TSM's price target to $330, maintaining an Outperform rating, due to increased forecasts for its chip-on-wafer-on-substrate capacity and projected revenue growth. TSM is the world's largest specialized chip manufacturer, but the article suggests other AI stocks might offer faster, higher returns.",-0.274155,Somewhat-Bearish,1.000000,-0.260595,Somewhat-Bearish
20251228T120859,TSM,Taiwan Semiconductor,Shaker Investments LLC OH Decreases Position in Taiwan Semiconductor Manufacturing Company Ltd. $TSM,MarketBeat,https://www.marketbeat.com/instant-alerts/filing-shaker-investments-llc-oh-decreases-position-in-taiwan-semiconductor-manufacturing-company-ltd-tsm-2025-12-28/,"Shaker Investments LLC OH reduced its stake in Taiwan Semiconductor Manufacturing Company Ltd. (TSM) by 7.1%, selling 1,943 shares to hold 25,455 shares valued at approximately $7.11 million. Despite this trimming, TSM remains a strong performer with robust fundamentals, positive analyst ratings, and a recently increased dividend, underpinned by strong market sentiment driven by AI-related growth opportunities. The company faces short-term operational risk due to recent earthquake-related facility evacuations in Hsinchu.",0.340353,Somewhat-Bullish,1.000000,0.317481,Somewhat-Bullish
20251228T130859,TSM,Taiwan Semiconductor,"PineStone Asset Management Inc. Sells 479,952 Shares of Taiwan Semiconductor Manufacturing Company Ltd. $TSM",MarketBeat,https://www.marketbeat.com/instant-alerts/filing-pinestone-asset-management-inc-sells-479952-shares-of-taiwan-semiconductor-manufacturing-company-ltd-tsm-2025-12-28/,"PineStone Asset Management Inc. has decreased its holdings in Taiwan Semiconductor Manufacturing Company Ltd. (NYSE:TSM) by 6.8% in the third quarter, selling 479,952 shares but still retaining 6,545,779 shares valued at approximately $1.828 billion. Despite this sale, TSMC remains PineStone's largest holding, representing 11.4% of its portfolio. Other major institutions like Bank of America and Jennison Associates have increased their stakes, contributing to an overall institutional ownership of 16.51%, reflecting strong bullish sentiment from Wall Street analysts with a consensus ""Buy"" rating and a $355.00 price target. This sentiment is fueled by an expected multi-year revenue and margin expansion driven by AI-related chip technology, with management projecting over 40% annual AI-chip revenue growth through 2029, and the company recently raised its quarterly dividend to $0.9678.",0.32221,Somewhat-Bullish,1.000000,0.442625,Bullish
20251228T160859,TSM,Taiwan Semiconductor,What Is the Best Artificial Intelligence (AI) Stock to Hold for the Next 10 Years?,The Globe and Mail,https://www.theglobeandmail.com/investing/markets/stocks/TSM/pressreleases/36806175/what-is-the-best-artificial-intelligence-ai-stock-to-hold-for-the-next-10-years/,"Taiwan Semiconductor Manufacturing (TSMC) is highlighted as a compelling long-term AI investment, despite its high valuation. The company serves as the crucial ""pick-and-shovel specialist"" for other major AI chip designers like Nvidia and AMD, benefiting significantly from the massive capital expenditure in AI infrastructure. With its dominant market share and expanding profitability, TSMC is well-positioned for explosive growth as AI technology continues to advance and diversify into new applications.",0.609776,Bullish,0.993535,0.727187,Bullish
20251229T090936,TSM,Taiwan Semiconductor,Taiwan Semiconductor Manufacturing Company Ltd. $TSM is Burr Financial Services LLC's 8th Largest Position,MarketBeat,https://www.marketbeat.com/instant-alerts/filing-taiwan-semiconductor-manufacturing-company-ltd-tsm-is-burr-financial-services-llcs-8th-largest-position-2025-12-29/,"Burr Financial Services LLC has significantly increased its stake in Taiwan Semiconductor Manufacturing Company Ltd. (TSM) by 25.4% in Q3, making it their 8th largest position. The company is viewed bullishly due to strong AI-driven revenue growth forecasts and positive analyst ratings, despite concerns about U.S. expansion and operational risks from earthquakes. TSM also recently raised its quarterly dividend, reflecting confidence in its financial performance.",0.382917,Bullish,1.000000,0.475710,Bullish
20251229T130936,TSM,Taiwan Semiconductor,Norris Perne & French LLP MI Raises Stock Position in Taiwan Semiconductor Manufacturing Company Ltd. $TSM,MarketBeat,https://www.marketbeat.com/instant-alerts/filing-norris-perne-french-llp-mi-raises-stock-position-in-taiwan-semiconductor-manufacturing-company-ltd-tsm-2025-12-29/,"Norris Perne & French LLP MI increased its stake in Taiwan Semiconductor Manufacturing Company (TSM) by 8.3% in the third quarter, making it the firm's sixth-largest holding. TSM has strong profitability, a significant market cap, and recently increased its quarterly dividend. Despite concerns about its U.S. expansion and earthquake operational risks, analysts maintain a ""Buy"" rating with an average target price around $355.",0.381501,Bullish,1.000000,0.447715,Bullish
20251229T140936,TSM,Taiwan Semiconductor,Taiwan Semiconductor Manufacturing Company Limited (TSM) Rebounded Strongly in Q3,Insider Monkey,https://www.insidermonkey.com/blog/taiwan-semiconductor-manufacturing-company-limited-tsm-rebounded-strongly-in-q3-1667144/,"Hardman Johnston Global Advisors highlighted Taiwan Semiconductor Manufacturing Company Limited (NYSE: TSM) in its Q3 2025 investor letter, noting the company's strong rebound and critical role in AI infrastructure. TSMC reported robust Q2 earnings, raised full-year revenue guidance to 30% growth, and saw continued momentum driven by demand for leading-edge AI semiconductors. The firm remains confident in TSM due to its near-monopolistic position and attractive valuation.",0.626478,Bullish,1.000000,0.639661,Bullish
20251230T100922,TSM,Taiwan Semiconductor,"Diversified Trust Co Buys 19,239 Shares of Taiwan Semiconductor Manufacturing Company Ltd. $TSM",MarketBeat,https://www.marketbeat.com/instant-alerts/filing-diversified-trust-co-buys-19239-shares-of-taiwan-semiconductor-manufacturing-company-ltd-tsm-2025-12-30/,"Diversified Trust Co increased its stake in Taiwan Semiconductor Manufacturing Company Ltd. (NYSE:TSM) by 87.9%, purchasing an additional 19,239 shares, bringing its total to 41,127 shares valued at $11.487 million. Analyst sentiment for TSM is broadly positive, with a consensus ""Buy"" rating and an average price target of $355.00, and the company recently increased its quarterly dividend to $0.9678 per share.",0.516764,Bullish,1.000000,0.526725,Bullish
20251230T130922,TSM,Taiwan Semiconductor,"Segment Wealth Management LLC Buys 9,471 Shares of Taiwan Semiconductor Manufacturing Company Ltd. $TSM",MarketBeat,https://www.marketbeat.com/instant-alerts/filing-segment-wealth-management-llc-buys-9471-shares-of-taiwan-semiconductor-manufacturing-company-ltd-tsm-2025-12-30/,"Segment Wealth Management LLC significantly increased its holdings in Taiwan Semiconductor Manufacturing Company Ltd. (NYSE:TSM) by 206.3% in the third quarter of 2025, purchasing an additional 9,471 shares to bring its total to 14,063 shares valued at approximately $3.93 million. This increase reflects broader institutional interest in TSMC, which recently reported strong financial results with an EPS of $14.32 and a raised quarterly dividend of $0.9678. Analysts maintain a generally positive outlook, with seven issuing a Buy rating and an average target price of $355.00 for the semiconductor giant.",0.423727,Bullish,1.000000,0.507232,Bullish
20251230T160922,TSM,Taiwan Semiconductor,TSMC officially begins 2nm chip volume production in Q4 2025,Taipei Times,https://www.taipeitimes.com/News/biz/archives/2025/12/31/2003849772,"Taiwan Semiconductor Manufacturing Co. (TSMC) has officially started volume production of its 2-nanometer chips in the fourth quarter of 2025, confirming its original roadmap for the next-generation technology. Production is currently centered at Fab 22 in Kaohsiung and utilizes the company's first-generation nanosheet transistor technology, offering significant improvements in performance, power consumption, and transistor density compared to previous generations. TSMC is also developing an enhanced N2P manufacturing process slated for mass production in the second half of 2026.",0.473663,Bullish,1.000000,0.813543,Bullish
20251231T130831,TSM,Taiwan Semiconductor,"JB Capital LLC Acquires 1,936 Shares of Taiwan Semiconductor Manufacturing Company Ltd. $TSM",MarketBeat,https://www.marketbeat.com/instant-alerts/filing-jb-capital-llc-acquires-1936-shares-of-taiwan-semiconductor-manufacturing-company-ltd-tsm-2025-12-31/,"JB Capital LLC increased its stake in Taiwan Semiconductor Manufacturing Company Ltd. (NYSE:TSM) by 2.0% in Q3, acquiring 1,936 additional shares to hold a total of 98,387 shares valued at $27.48 million. Analysts maintain a ""Buy"" rating for TSM with an average price target of $355.00, and the company recently raised its quarterly dividend to $0.9678.",0.416835,Bullish,1.000000,0.433788,Bullish
20251231T160831,TSM,Taiwan Semiconductor,Promising: TSM stock surges on 3 key developments,Rolling Out,https://rollingout.com/2025/12/31/tsm-stock-surges-on-3-key-developments/,"Taiwan Semiconductor Manufacturing Company (TSM) stock surged 2.2% following three key developments: plans to boost advanced 4-nanometer chip production in Japan, U.S. regulatory approval for semiconductor equipment shipments to China through 2026, and ongoing legal challenges regarding a data breach. Despite the legal issues, analysts remain bullish, with Bernstein raising TSM's price target to $330 due to expected substantial revenue growth from partnerships with major technology companies like Nvidia. The company's strong financial metrics, including a 43.9% pre-tax profit margin and $6.7 trillion in assets, support this optimistic outlook.",0.319789,Somewhat-Bullish,1.000000,0.456049,Bullish
20251231T160831,TSM,Taiwan Semiconductor,Why TSM Stock Is Poised For A Rebound?,StocksToTrade,https://stockstotrade.com/news/taiwan-semiconductor-manufacturing-company-ltd-tsm-news-2025_12_31/,"Taiwan Semiconductor Manufacturing Company Ltd.'s stock (TSM) is trending up by 2.2%, indicating positive market sentiment despite a recent November revenue dip. The company is strategically expanding 4-nm chip production in Japan and benefiting from relaxed U.S. semiconductor tool shipments to China, influencing its optimistic price target raise by Bernstein to $330. Despite a data breach legal battle, TSM's strong financial overview, including a 33% year-to-date revenue spike and partnerships with Nvidia, position it for a significant rebound.",0.284293,Somewhat-Bullish,1.000000,0.270078,Somewhat-Bullish
20251231T170926,TSM,Taiwan Semiconductor,TSMC says it has started mass production of 'most advanced' 2nm chips,The Japan Times,https://www.japantimes.co.jp/business/2025/12/31/tech/tsmc-production-2nm-chips/,"Taiwan Semiconductor Manufacturing Co. (TSMC), the world's largest semiconductor maker, has commenced mass production of its cutting-edge 2-nanometer semiconductor chips. The company, a key supplier to tech giants like Nvidia and Apple, confirmed that its N2 technology began volume production in the fourth quarter of 2025 as planned. This development marks a significant advancement in chip manufacturing technology.",0.701926,Bullish,1.000000,0.742295,Bullish
20260101T021900,TSM,Taiwan Semiconductor,U.S. grants TSMC annual licence to import U.S. chipmaking tools into China,CNBC,https://www.cnbc.com/2026/01/01/us-grants-tsmc-licence-to-import-us-chipmaking-tools-into-china.html,"The U.S. government has granted Taiwan Semiconductor Manufacturing (TSMC) an annual license to import U.S. chip manufacturing equipment to its Nanjing facilities in China. This approval ensures the uninterrupted operations and product deliveries of TSMC's fabs, which primarily produce mature node chips. South Korea's Samsung Electronics and SK Hynix have also received similar import licenses.",0.3299,Somewhat-Bullish,0.952017,0.413987,Bullish
20260101T155830,TSM,Taiwan Semiconductor,US grants TSMC annual licence to import American chipmaking tools into China,South China Morning Post,https://www.scmp.com/tech/big-tech/article/3338380/us-grants-tsmc-annual-licence-import-american-chipmaking-tools-china,"The US government has granted Taiwan Semiconductor Manufacturing Co (TSMC) an annual license to import American chip manufacturing equipment to its Nanjing facility in China. This approval ensures ""uninterrupted fab operations and product deliveries"" for the world's largest contract chipmaker. South Korea's Samsung Electronics and SK Hynix have also received similar licenses after previous exemptions expired.",0.437877,Bullish,1.000000,0.403663,Bullish
20260102T100846,TSM,Taiwan Semiconductor,TSMC stock today: U.S. China-tool licence and Nvidia H200 talks put Taiwan Semiconductor in focus,ts2.tech,https://ts2.tech/en/tsmc-stock-today-u-s-china-tool-licence-and-nvidia-h200-talks-put-taiwan-semiconductor-in-focus/,"Taiwan Semiconductor Manufacturing Company’s U.S.-listed shares are in focus after securing a new U.S. license for chipmaking equipment for its Nanjing, China fab. This development eases concerns about operational continuity following the expiration of prior exemptions. Additionally, investors are closely watching reports of Nvidia seeking to ramp up H200 AI-chip production with TSMC to meet high demand from Chinese technology firms.",0.143244,Neutral,0.994352,0.279662,Somewhat-Bullish
20260103T120842,TSM,Taiwan Semiconductor,SteelPeak Wealth LLC Grows Position in Taiwan Semiconductor Manufacturing Company Ltd. $TSM,MarketBeat,https://www.marketbeat.com/instant-alerts/filing-steelpeak-wealth-llc-grows-position-in-taiwan-semiconductor-manufacturing-company-ltd-tsm-2026-01-03/,"SteelPeak Wealth LLC increased its stake in Taiwan Semiconductor Manufacturing Company Ltd. by 75.3% in Q3, now owning 7,213 shares valued at approximately $2.02 million. This increase reflects positive operational drivers such as regulatory approval for chipmaking tool exports to China and sustained AI-driven demand from Nvidia, which has requested a ramp-up in H200 production. The company also raised its quarterly dividend, and analysts maintain a consensus ""Buy"" rating with a target price of $355.",0.233795,Somewhat-Bullish,1.000000,0.447870,Bullish
20260103T140842,TSM,Taiwan Semiconductor,Financiere des Professionnels Fonds d investissement inc. Has $68.50 Million Stock Position in Taiwan Semiconductor Manufacturing Company Ltd. $TSM,MarketBeat,https://www.marketbeat.com/instant-alerts/filing-financiere-des-professionnels-fonds-d-investissement-inc-has-6850-million-stock-position-in-taiwan-semiconductor-manufacturing-company-ltd-tsm-2026-01-03/,"Financiere des Professionnels Fonds d'investissement inc. significantly increased its stake in Taiwan Semiconductor Manufacturing Company Ltd. (TSM) by 16% to 245,268 shares, now valued at $68.50 million and making TSM its fourth-largest holding. This increased investment comes amidst positive catalysts, including a one-year U.S. export license approval for TSMC's China operations and Nvidia's request for increased H200 production, which are expected to boost the company's advanced node utilization. With a market cap of $1.66 trillion, TSMC maintains a largely bullish outlook from analysts and recently raised its quarterly dividend to $0.9678, underscoring its strong market position and positive sentiment.",0.024694,Neutral,0.335451,0.028568,Neutral
20260103T150842,TSM,Taiwan Semiconductor,Here’s Why Taiwan Semiconductor Manufacturing Holds the Keys to AI’s Explosive Growth,24/7 Wall St.,https://247wallst.com/investing/2026/01/03/heres-why-taiwan-semiconductor-manufacturing-holds-the-keys-to-ais-explosive-growth/,"Taiwan Semiconductor Manufacturing (TSM) is crucial to the AI industry's growth due to its control over advanced CoWoS packaging capacity. This constraint has forced companies like Google to reduce AI chip production targets, with Nvidia securing over half of TSM's capacity through 2027. While TSM expands its capacity, this bottleneck creates opportunities for competitors like Intel and Samsung to gain market share in providing alternative advanced packaging solutions.",0.234305,Somewhat-Bullish,0.964624,0.314348,Somewhat-Bullish
20260103T200846,TSM,Taiwan Semiconductor,Taiwan Semiconductor Manufacturing Company Archives,Flagstaff Business News,https://www.flagstaffbusinessnews.com/tags/taiwan-semiconductor-manufacturing-company/,"A new dual-branded AC Hotel by Marriott and Element by Westin has opened in Norterra, recognized for its strategic importance to Northern Arizona businesses due to its proximity to the expanding TSMC semiconductor campus. This hotel aims to support Flagstaff companies and travelers increasingly engaging with TSMC, impacting local manufacturers, engineers, consultants, and the supply chain.",0.283069,Somewhat-Bullish,1.000000,0.322615,Somewhat-Bullish
20260104T120846,TSM,Taiwan Semiconductor,Penobscot Investment Management Company Inc. Increases Holdings in Taiwan Semiconductor Manufacturing Company Ltd. $TSM,MarketBeat,https://www.marketbeat.com/instant-alerts/filing-penobscot-investment-management-company-inc-increases-holdings-in-taiwan-semiconductor-manufacturing-company-ltd-tsm-2026-01-04/,"Penobscot Investment Management Company Inc. significantly increased its stake in Taiwan Semiconductor Manufacturing Company Ltd. (TSM) by 111.5% in Q3, now holding 9,408 shares valued at $2.627 million. This move coincides with positive operational catalysts, including a U.S. export license approval for TSMC's China operations and Nvidia's request to ramp H200 production. Analysts maintain a ""Buy"" consensus rating for TSM, with an average price target of $355, reflecting strong financial performance and its pivotal role in the AI infrastructure.",0.347502,Somewhat-Bullish,1.000000,0.611965,Bullish
20260105T100940,TSM,Taiwan Semiconductor,What it takes to bring semiconductor manufacturing back to the US,University of Michigan News,https://news.umich.edu/what-it-takes-to-bring-semiconductor-manufacturing-back-to-the-us/,"The U.S. is aiming to re-establish its dominance in semiconductor manufacturing, moving beyond reliance on companies like TSMC. Researchers from the University of Michigan suggest focusing on next-generation chip technologies rather than competing directly with current advanced manufacturing. The U.S. CHIPS Act and institutions like U-M's Lurie Nanofabrication Facility are pivotal in developing novel materials and architectures for future semiconductor advancements.",0.137613,Neutral,0.954764,-0.148635,Neutral
20260105T130940,TSM,Taiwan Semiconductor,Taiwan Semiconductor Manufacturing Company Limited (TSM) Rose Following Increased Guidance and Robust Demand,Insider Monkey,https://www.insidermonkey.com/blog/taiwan-semiconductor-manufacturing-company-limited-tsm-rose-following-increased-guidance-and-robust-demand-1669982/,"Taiwan Semiconductor Manufacturing Company Limited (TSM) saw its stock rise after management increased fiscal year 2025 guidance to 30% revenue growth, driven by strong demand for advanced semiconductors and robust execution. The company's leadership in leading-edge nodes allows it to maintain pricing power and high margins, with its position as the sole provider for AI and smartphone manufacturing strengthening. Despite investments in geographical diversification, TSMC is well-positioned for double-digit revenue and earnings growth in the coming years.",0.080948,Neutral,1.000000,0.412492,Bullish
20260105T140940,TSM,Taiwan Semiconductor,"KG&L Capital Management LLC Purchases 2,597 Shares of Taiwan Semiconductor Manufacturing Company Ltd. $TSM",MarketBeat,https://www.marketbeat.com/instant-alerts/filing-kgl-capital-management-llc-purchases-2597-shares-of-taiwan-semiconductor-manufacturing-company-ltd-tsm-2026-01-05/,"KG&L Capital Management LLC increased its stake in Taiwan Semiconductor Manufacturing Company Ltd. (TSM) by 17.6%, buying 2,597 additional shares to bring its total holdings to 17,327 shares, valued at approximately $4.84 million. TSM reported strong financials with $14.32 EPS and a 43.72% net margin, and recently raised its quarterly dividend. The stock is trading near its 12-month high and holds a consensus ""Buy"" rating from analysts with an average target price of $355.00.",0.724706,Bullish,1.000000,0.746894,Bullish
20260105T170858,TSM,Taiwan Semiconductor,Assessing Taiwan Semiconductor Manufacturing (NYSE:TSM) Valuation After Recent Share Price Momentum and AI Demand Expectations,Simply Wall Street,https://simplywall.st/stocks/us/semiconductors/nyse-tsm/taiwan-semiconductor-manufacturing/news/assessing-taiwan-semiconductor-manufacturing-nysetsm-valuati,"Taiwan Semiconductor Manufacturing (NYSE:TSM) has gained significant investor attention due to a 46.8% one-year return and strong revenue and net income growth. While a narrative-based fair value suggests the stock is slightly overvalued at $310 compared to its current $319.61 price, a Discounted Cash Flow (DCF) model indicates a fair value of $208.12, pointing to a much larger overvaluation. The differing valuations highlight the complexity of assessing TSM, especially with the reliance on sustained AI demand and geopolitical factors.",0.297471,Somewhat-Bullish,1.000000,0.160606,Somewhat-Bullish
20260106T110858,TSM,Taiwan Semiconductor,Taiwan Semiconductor Manufacturing Company Ltd. $TSM Shares Sold by Financial Perspectives Inc,MarketBeat,https://www.marketbeat.com/instant-alerts/filing-taiwan-semiconductor-manufacturing-company-ltd-tsm-shares-sold-by-financial-perspectives-inc-2026-01-06/,"Financial Perspectives Inc. recently reduced its stake in Taiwan Semiconductor Manufacturing ($TSM) by 4.8%, selling 1,721 shares and now holding 33,791 shares valued at $9.44 million. Despite this sale, TSMC shows strong bullish momentum driven by analyst upgrades, AI-driven wafer demand, and increased call-option buying, pushing the stock to record highs. However, the company faces potential operational and sentiment risks from recent indictments regarding alleged trade-secrets theft.",0.288962,Somewhat-Bullish,1.000000,0.426071,Bullish
20260107T101030,TSM,Taiwan Semiconductor,Is It Too Late To Consider Taiwan Semiconductor Manufacturing (NYSE:TSM) After Strong Share Gains,Simply Wall Street,https://simplywall.st/stocks/us/semiconductors/nyse-tsm/taiwan-semiconductor-manufacturing/news/is-it-too-late-to-consider-taiwan-semiconductor-manufacturin,"Taiwan Semiconductor Manufacturing (NYSE:TSM) has experienced significant share gains, with its stock closing at US$327.43 and showing a 56.5% return over the last year. A Discounted Cash Flow (DCF) analysis suggests TSM is overvalued by 58.3% at US$206.81 per share, while a Price-to-Earnings (P/E) ratio of 28.1x, below its fair ratio of 38.2x, implies it is undervalued. The article highlights the importance of investor ""Narratives"" in understanding the company's valuation, considering factors like its role as an ""AI supply backbone"" versus geopolitical risks.",-0.113324,Neutral,1.000000,-0.118784,Neutral
20260107T121030,TSM,Taiwan Semiconductor,"If I Could Only Buy and Hold a Single Stock in 2026, This Would Be It",The Globe and Mail,https://www.theglobeandmail.com/investing/markets/stocks/INTC/pressreleases/36922917/if-i-could-only-buy-and-hold-a-single-stock-in-2026-this-would-be-it/,"The author identifies Taiwan Semiconductor Manufacturing (TSM) as the single stock they would buy and hold in 2026 due to its crucial role as the world's leading contract chip manufacturer, especially in the AI buildout. Despite potential risks like a slowdown in AI spending or geopolitical tensions with China, TSM's technological edge, market dominance, and central position in the tech supply chain make it a strong, long-term investment. The article highlights that TSM benefits regardless of which company ultimately wins the AI hardware race, as it supplies the chips for many devices.",0.016623,Neutral,0.311309,0.024668,Neutral
20260107T151030,TSM,Taiwan Semiconductor,TSM Hits 52-Week High: Should You Hold the Stock or Book Profits?,Finviz,https://finviz.com/news/269356/tsm-hits-52-week-high-should-you-hold-the-stock-or-book-profits,"Taiwan Semiconductor Manufacturing (TSM) recently hit a new 52-week high, driven by its pivotal role in the AI chip market, manufacturing for major clients like NVIDIA, Broadcom, and Marvell Technology. Despite strong growth and financial performance, the article suggests a cautious ""Hold"" position due to near-term risks such as softness in PC/smartphone markets, high global expansion costs, geopolitical tensions, and a premium valuation compared to the sector average.",0.345254,Somewhat-Bullish,1.000000,0.318593,Somewhat-Bullish
20260108T141302,TSM,Taiwan Semiconductor,LRCX vs. TSM: Which Semiconductor Powerhouse Is the Better Buy?,The Globe and Mail,https://www.theglobeandmail.com/investing/markets/stocks/LRCX/pressreleases/36949384/lrcx-vs-tsm-which-semiconductor-powerhouse-is-the-better-buy/,"This article compares Lam Research Corporation (LRCX) and Taiwan Semiconductor Manufacturing Company (TSM), two key players in the semiconductor industry. While both are critical for AI and high-performance computing, the analysis concludes that LRCX offers a more favorable investment outlook due to its stable earnings growth, strong demand, and fewer geopolitical risks compared to TSM. Lam Research is rated a Zacks Rank #2 (Buy), making it the preferred choice.",0.220277,Somewhat-Bullish,1.000000,-0.144215,Neutral
20260108T152302,TSM,Taiwan Semiconductor,Taiwan Semiconductor: The $1.65 Trillion Gatekeeper of the AI Boom,Finviz,https://finviz.com/news/270841/taiwan-semiconductor-the-165-trillion-gatekeeper-of-the-ai-boom,"Taiwan Semiconductor Manufacturing Company (TSMC) is experiencing significant growth, nearing its all-time high valuation at $1.65 trillion, driven by increasing demand for AI infrastructure. The company's unique pure-play foundry model and dominance in advanced chip manufacturing make it indispensable for major tech firms, effectively acting as a ""toll road"" for the digital economy. TSMC is also mitigating geopolitical risks through global diversification and successful execution of advanced technologies like 2nm chips and CoWoS packaging.",0.507016,Bullish,1.000000,0.703392,Bullish
20260109T095400,TSM,Taiwan Semiconductor,"JPM Raises PT on Taiwan Semiconductor Manufacturing Company Limited (TSM), Keeps a Buy",Yahoo Finance,https://finance.yahoo.com/news/jpm-raises-pt-taiwan-semiconductor-155431616.html,"JPMorgan (JPM) has raised its price target for Taiwan Semiconductor Manufacturing Company Limited (TSM) while reiterating a Buy rating. The firm anticipates significant growth for TSM in 2026 and 2027, driven by increasing demand for new chip technologies and favorable market conditions. Additionally, TSM recently secured an annual license to import US chip manufacturing equipment for its Nanjing facilities, ensuring uninterrupted operations.",0.016049,Neutral,0.317128,0.036254,Neutral
20260109T105400,TSM,Taiwan Semiconductor,"JPM Raises PT on Taiwan Semiconductor Manufacturing Company Limited (TSM), Keeps a Buy",Insider Monkey,https://www.insidermonkey.com/blog/jpm-raises-pt-on-taiwan-semiconductor-manufacturing-company-limited-tsm-keeps-a-buy-1671867/,"JPMorgan has raised its price target for Taiwan Semiconductor Manufacturing Company Limited (TSM) from NT$1,700 to NT$2,100 while maintaining a Buy rating. The firm anticipates a 30% revenue increase in 2026 due to demand for N3 and N2, and improved gross margins. JPMorgan also projects approximately 20% revenue growth for TSM in 2027, driven by a long-term bullish outlook.",0.037266,Neutral,0.302207,0.040864,Neutral
20260109T114400,TSM,Taiwan Semiconductor,"TSMC fourth-quarter revenue jumps 20%, beats forecasts",Reuters,https://www.reuters.com/world/asia-pacific/tsmc-posts-q4-revenue-104608-billion-above-forecasts-2026-01-09/,"TSMC, the world's largest contract chipmaker, reported a 20.45% increase in fourth-quarter revenue, reaching T$1.046 trillion ($33.11 billion), exceeding market forecasts driven by strong demand for AI applications. The company, which supplies Nvidia and Apple, benefited significantly from AI growth. TSMC's shares gained 44.2% last year, outperforming the broader market, and it is set to release full Q4 earnings and updated guidance on January 15.",0.336062,Somewhat-Bullish,1.000000,0.418719,Bullish
20260109T120928,TSM,Taiwan Semiconductor,"Taiwan Semiconductor Q4 Revenue Jumps 20%, Tops Forecasts",TradingView — Track All Markets,https://www.tradingview.com/news/gurufocus:66e6bb8c8094b:0-taiwan-semiconductor-q4-revenue-jumps-20-tops-forecasts/,"Taiwan Semiconductor Manufacturing Co. (TSMC) announced a 20.45% increase in its Q4 sales year-over-year, reaching T$1.046 trillion, surpassing analyst forecasts. This growth is primarily driven by the strong demand for high-performance processors used in AI systems, despite a slowdown in consumer gadget semiconductor sales. TSMC's shares performed well in 2025, highlighting its critical role in the global semiconductor supply chain.",0.020065,Neutral,0.304524,0.042180,Neutral
20260109T130928,TSM,Taiwan Semiconductor,Oak Family Advisors LLC Has $17.30 Million Stock Position in Taiwan Semiconductor Manufacturing Company Ltd. $TSM,MarketBeat,https://www.marketbeat.com/instant-alerts/filing-oak-family-advisors-llc-has-1730-million-stock-position-in-taiwan-semiconductor-manufacturing-company-ltd-tsm-2026-01-09/,"Oak Family Advisors LLC recently trimmed its stake in Taiwan Semiconductor Manufacturing Company (TSM) by 13.1% in Q3 2025, yet TSM remains its largest holding, valued at $17.30 million. The company is experiencing strong AI-driven growth, with Q4 revenue exceeding forecasts and a projected 31.6% year-over-year revenue increase for 2025 due to robust AI chip demand. Despite a consensus ""Buy"" rating and a raised dividend, some investors are concerned about premium valuations amid the AI spending boom.",0.253625,Somewhat-Bullish,1.000000,0.347696,Somewhat-Bullish
20260109T140928,TSM,Taiwan Semiconductor,Taiwan Semiconductor Started 2nm Chip Production. Time to Buy?,24/7 Wall St.,https://247wallst.com/investing/2026/01/09/taiwan-semiconductor-started-2nm-chip-production-time-to-buy/,"Taiwan Semiconductor Manufacturing (TSM) has started 2nm chip production, leading to a 52% stock gain in the past year. Analysts like JPMorgan remain bullish on TSMC's leadership in critical 2nm projects, despite Intel's growing foundry momentum and geopolitical risks. With future processes like enhanced 2nm and 1.6nm in preparation, TSMC is well-positioned to capitalize on increasing AI demand.",0.263219,Somewhat-Bullish,1.000000,0.433430,Bullish
20260109T160928,TSM,Taiwan Semiconductor,Taiwan Semiconductor Manufacturing Company Archives,insideHPC,https://insidehpc.com/tag/taiwan-semiconductor-manufacturing-company/,"This article provides an archive of news related to Taiwan Semiconductor Manufacturing Company (TSMC), specifically highlighting their December 2025 revenue report showing a 20.4% year-over-year increase. It also references past news bytes, including a significant investment by TSMC in Arizona fabs from March 2025. The page appears to be a compilation of various articles and news snippets related to TSMC and the broader HPC and AI industry.",0.038068,Neutral,0.345950,0.048216,Neutral
20260112T215745,TSM,Taiwan Semiconductor,TSMC plans US expansion in proposed Taiwan tariff-relief deal,MSN,https://www.msn.com/en-us/money/other/tsmc-plans-us-expansion-in-proposed-taiwan-tariff-relief-deal/ar-AA1U4MCL?ocid=finance-verthp-feeds,The article states that TSMC is planning a U.S. expansion as part of a proposed tariff-relief deal with Taiwan. There is no further content provided to elaborate on the details of this expansion or the tariff deal.,0.310813,Somewhat-Bullish,1.000000,0.327916,Somewhat-Bullish
20260113T015745,TSM,Taiwan Semiconductor,Trump Administration Nears Trade Deal With Taiwan,The New York Times,https://www.nytimes.com/2026/01/12/business/economy/trump-taiwan-deal.html,"The Trump administration is finalizing a trade deal with Taiwan that will reduce tariffs on Taiwanese exports and secure a commitment from TSMC to significantly increase its semiconductor manufacturing presence in the U.S. This agreement aims to bolster U.S. national security by reducing reliance on chip production in Taiwan, given geopolitical tensions with China. TSMC is expected to build at least five additional fabs in Arizona as part of the deal.",0.486123,Bullish,1.000000,0.472520,Bullish
20260113T023345,TSM,Taiwan Semiconductor,Evaluating Taiwan Semiconductor Manufacturing (NYSE:TSM) After Strong Recent Momentum And Mixed Valuation Signals,Simply Wall Street,https://simplywall.st/stocks/us/semiconductors/nyse-tsm/taiwan-semiconductor-manufacturing/news/evaluating-taiwan-semiconductor-manufacturing-nysetsm-after,"Taiwan Semiconductor Manufacturing (TSM) has shown strong recent momentum with significant share price returns over one, three, and twelve months. While current valuations present a mixed picture, with one narrative suggesting the stock is 7% overvalued based on a fair value of US$310, the market's P/E ratio for TSM is still below the industry average, implying a potential discount. The company is highlighted as a central pillar of the AI revolution, but risks like geopolitical tensions and cost pressures are noted.",0.193063,Somewhat-Bullish,1.000000,0.127978,Neutral
20260113T125727,TSM,Taiwan Semiconductor,Taiwan Semiconductor Manufacturing Company Ltd. $TSM Shares Acquired by Liberty One Investment Management LLC,MarketBeat,https://www.marketbeat.com/instant-alerts/filing-taiwan-semiconductor-manufacturing-company-ltd-tsm-shares-acquired-by-liberty-one-investment-management-llc-2026-01-13/,"Liberty One Investment Management LLC significantly increased its stake in Taiwan Semiconductor Manufacturing Company Ltd. (TSM) by 364.5% in Q3, now holding 4,998 shares valued at $1.398 million. Institutional investors collectively own over 16.5% of the company as various hedge funds also adjusted their positions. Analysts remain largely positive on TSM due to potential U.S. expansion plans, surging AI demand, and a recent dividend increase, with a consensus ""Buy"" rating and an average target price of $355.00.",0.210079,Somewhat-Bullish,1.000000,0.456277,Bullish
20260114T122850,TSM,Taiwan Semiconductor,Is It Too Late To Consider Taiwan Semiconductor Manufacturing (NYSE:TSM) After Its Strong Share Price Run,Simply Wall Street,https://simplywall.st/stocks/us/semiconductors/nyse-tsm/taiwan-semiconductor-manufacturing/news/is-it-too-late-to-consider-taiwan-semiconductor-manufacturin-1,"Taiwan Semiconductor Manufacturing (TSM) has experienced a significant share price run, with returns of 66.1% over the last year. A Discounted Cash Flow (DCF) analysis suggests the stock is currently overvalued by 5",0.106052,Neutral,1.000000,0.005815,Neutral
20260115T053307,TSM,Taiwan Semiconductor,TSMC Reports Fourth Quarter EPS of NT$19.50,Taiwan Semiconductor,https://pr.tsmc.com/english/news/3281,"TSMC announced its consolidated financial results for the fourth quarter ended December 31, 2025, reporting a diluted EPS of NT$19.50 and revenue of NT$1,046.09 billion. Both revenue and net income saw significant year-over-year increases. The company projects continued strong demand for its leading-edge process technologies in the first quarter of 2026, expecting revenue between US$34.6 billion and US$35.8 billion.",0.427251,Bullish,1.000000,0.423813,Bullish
20260115T103100,TSM,Taiwan Semiconductor,"TSMC smashes forecasts with record profit, flags more US factories",Reuters,https://www.reuters.com/world/china/tsmc-likely-post-fourth-quarter-profit-leap-driven-by-ai-boom-2026-01-14/,"TSMC reported a record 35% jump in fourth-quarter profit, exceeding forecasts, and projected robust annual growth. The company also indicated plans for additional manufacturing capacity in the U.S., specifically mentioning further expansion in Arizona due to high demand driven by the ""AI mega trend."" Despite significant capital spending on these expansions, the CEO expressed caution regarding the AI bubble, emphasizing the need for careful investment.",0.371858,Bullish,1.000000,0.497659,Bullish
20260115T132810,TSM,Taiwan Semiconductor,Taiwan Semiconductor Manufacturing Co. Outperforms Samsung Electronics in Operating Profit,조선일보,https://www.chosun.com/english/industry-en/2026/01/15/QYYJBOFBCZAXPHWFCLHT4Z4C3A/,"Taiwan Semiconductor Manufacturing Co. (TSMC) has surpassed Samsung Electronics in operating profit, driven by record demand for AI chips. This indicates a significant shift in the semiconductor industry's profitability landscape, with TSMC capitalizing on the booming AI market.",0.417104,Bullish,1.000000,0.442973,Bullish
20260115T163307,TSM,Taiwan Semiconductor,TSMC earnings: Another record quarter as AI demand holds steady,Quartz,https://qz.com/tsmc-record-earnings-q4-2025,"Taiwan Semiconductor Manufacturing Company (TSMC) reported its eighth consecutive quarter of year-over-year growth, with Q4 profits up 35% due to strong demand for AI chips. The company plans to invest up to $56 billion in new factories outside Taiwan and in the U.S. to meet this demand, forecasting continued growth. Analysts remain optimistic about TSMC's dominant market position in the AI boom.",0.017826,Neutral,0.315255,0.032395,Neutral
20260115T203307,TSM,Taiwan Semiconductor,Taiwan to invest $250B in US semiconductor manufacturing,TechCrunch,https://techcrunch.com/2026/01/15/taiwan-to-invest-250b-in-us-semiconductor-manufacturing/,"The Trump administration has signed a significant multibillion-dollar trade deal with Taiwan to boost domestic semiconductor manufacturing in the United States. Under this agreement, Taiwanese semiconductor and tech companies will invest $250 billion directly into the U.S. semiconductor industry, along with an additional $250 billion in credit guarantees. In return, the U.S. will invest in several Taiwanese industries, including semiconductors, defense, AI, telecommunications, and biotech, as the U.S. aims to reduce its dependence on foreign supply chains for semiconductors, which is seen as an economic and national security risk.",0.326741,Somewhat-Bullish,1.000000,0.403462,Bullish
20260115T232911,TSM,Taiwan Semiconductor,"US and Taiwan sign $250B trade deal, cutting tariffs on Taiwanese goods",The Morning Call,https://www.mcall.com/2026/01/15/taiwan-tsmc/,"The United States and Taiwan have signed a $250 billion trade deal that significantly cuts tariffs on Taiwanese goods. In exchange, Taiwan will invest heavily in the U.S. tech industry, specifically in semiconductors, AI, and energy, with TSMC leading these investments and expanding its U.S. operations. The deal aims to boost U.S. domestic production and strengthen economic ties between the two nations, despite opposition from Beijing.",0.633691,Bullish,1.000000,0.636381,Bullish
20260116T142712,TSM,Taiwan Semiconductor,US-listed shares of Taiwan Semiconductor Manufacturing Company (TSMC) shares were up 4.4 per cent following the monumental US-Taiwan trade deal.,Facebook,https://www.facebook.com/SkyNewsAustralia/posts/us-listed-shares-of-taiwan-semiconductor-manufacturing-company-tsmc-shares-were-/1324577686366493/,US-listed shares of Taiwan Semiconductor Manufacturing Company (TSMC) rose by 4.4 percent. This increase follows the announcement of a significant trade deal between the United States and Taiwan.,0.415304,Bullish,1.000000,0.412682,Bullish
20260117T142712,TSM,Taiwan Semiconductor,Taiwan to invest $250 billion in US semiconductor manufacturing,The American Bazaar,https://americanbazaaronline.com/2026/01/16/taiwan-to-invest-250-billion-in-us-semiconductor-manufacturing-473411/,"The Trump administration has signed a $250 billion deal with Taiwan to boost semiconductor manufacturing in the U.S. Taiwanese companies will directly invest in the U.S. semiconductor, energy, and AI sectors, with Taiwan also providing an additional $250 billion in credit guarantees. This initiative aims to reduce U.S. reliance on foreign semiconductor supply chains, which the administration views as a significant economic and national security risk.",0.344905,Somewhat-Bullish,1.000000,0.417744,Bullish
20260117T142712,TSM,Taiwan Semiconductor,"Commerce, Taiwan Deal Pledges $500B to Expand US Chip Manufacturing",MeriTalk,https://www.meritalk.com/articles/commerce-taiwan-deal-pledges-500b-to-expand-us-chip-manufacturing/,"Taiwan has committed at least $500 billion in direct investment and credit guarantees to boost semiconductor and advanced technology manufacturing in the United States through a new trade agreement. This deal aims to revitalize the U.S. semiconductor sector, strengthen economic resilience, create jobs, and enhance national security, while also lowering tariffs on Taiwanese imports building in the U.S. The investment will be split between direct funding for production and innovation, and credit guarantees to support the entire U.S. chips supply chain.",0.202372,Somewhat-Bullish,0.302935,0.039653,Neutral
20260118T203800,TSM,Taiwan Semiconductor,What the U.S.-Taiwan deal means for the island's 'silicon shield',CNBC,https://www.cnbc.com/2026/01/19/us-taiwan-chip-deal-silicon-shield-tsmc-trump-tapei-ai-semiconductor-supply-chain.html,"A trade deal between the U.S. and Taiwan aims to shift 40% of Taiwan's semiconductor supply chain to the U.S., but analysts believe Taiwan's ""silicon shield"" will remain strong for years due to its advanced technology and manufacturing capabilities. Experts express doubt about the ease of this relocation, citing Taiwan's stringent policies on keeping advanced technology domestically and challenges in replicating Taiwan's engineering talent and production ecosystem elsewhere. Despite U.S. efforts, Taiwan's central role in global advanced chip production is expected to persist, ensuring its strategic importance.",0.213311,Somewhat-Bullish,1.000000,0.240655,Somewhat-Bullish
20260119T092600,TSM,Taiwan Semiconductor,Taiwan Semiconductor Manufacturing (TSM): “Enabler of the AI Era.”,Insider Monkey,https://www.insidermonkey.com/blog/taiwan-semiconductor-manufacturing-tsm-enabler-of-the-ai-era-1677371/,"Wedgewood Partners highlighted Taiwan Semiconductor Manufacturing Company Limited (TSM) as a key contributor to its performance in its Q4 2025 investor letter. The firm noted TSM's critical role in the AI era by manufacturing nearly every compute accelerator and its ability to execute on leading-edge node progression. TSM's advanced nodes provide flexibility to increase performance and limit power, driving significant growth in high-performance computing (HPC) revenues.",0.380994,Bullish,1.000000,0.448292,Bullish
20260119T122712,TSM,Taiwan Semiconductor,Taiwan Semiconductor Manufacturing Company Ltd. $TSM Holdings Cut by NorthCrest Asset Manangement LLC,MarketBeat,https://www.marketbeat.com/instant-alerts/filing-taiwan-semiconductor-manufacturing-company-ltd-tsm-holdings-cut-by-northcrest-asset-manangement-llc-2026-01-19/,"NorthCrest Asset Management LLC reduced its stake in Taiwan Semiconductor Manufacturing Company Ltd. (NYSE:TSM) by 1.3% in the third quarter, selling 3,640 shares and now holding 267,229 shares valued at $78.57 million. Despite this trimming, TSM remains NorthCrest's 6th largest holding. The article highlights TSMC's strong Q4 results, increased dividend, and largely bullish analyst sentiment with a consensus price target of $381.67, driven by robust AI demand.",0.347174,Somewhat-Bullish,1.000000,0.319943,Somewhat-Bullish
20260119T162757,TSM,Taiwan Semiconductor,"US strikes deal with Taiwan, imposes new semiconductor tariff",Automotive Logistics,https://www.automotivelogistics.media/nearshoring/taiwan-to-face-lower-tariffs-and-invest-in-us-chip-manufacturing-in-new-trade-deal-as-us-introduces-25-global-semiconductor-tariff/2588639,"The US has finalized a trade agreement with Taiwan, which involves Taiwan investing significantly in US semiconductor manufacturing in exchange for lower tariffs. Simultaneously, the US has introduced a new 25% tariff on specific advanced computing semiconductors, classifying both chips and critical minerals as national security risks. This move aims to boost domestic US semiconductor production and enhance supply chain resilience, with the auto sector potentially benefiting from reduced tariffs on Taiwanese chips in the short term, although broader tariffs could impact it later.",0.274041,Somewhat-Bullish,0.321132,0.047062,Neutral
20260120T022757,TSM,Taiwan Semiconductor,Is Taiwan Semiconductor a Better Buy Than Intel for 2026?,The Globe and Mail,https://www.theglobeandmail.com/investing/markets/stocks/INTC/pressreleases/37115894/is-taiwan-semiconductor-a-better-buy-than-intel-for-2026/,"This article argues that Taiwan Semiconductor Manufacturing (TSMC) is a superior investment compared to Intel for 2026, citing TSMC's dominant market share in semiconductor fabrication, stronger financial performance, and robust growth. The author highlights TSMC's higher revenue, profitability, dividend payments, and net cash position, contrasting these with Intel's declining revenue, lower margins, and suspended dividend. The presence of TSMC factories in the U.S. further solidifies its market position.",0.009871,Neutral,1.000000,0.483137,Bullish
20260120T112702,TSM,Taiwan Semiconductor,Who Are the Biggest Winners from Taiwan Semiconductor Manufacturing's Blowout Quarterly Report?,The Globe and Mail,https://www.theglobeandmail.com/investing/markets/markets-news/Motley%20Fool/37122217/who-are-the-biggest-winners-from-taiwan-semiconductor-manufacturing-s-blowout-quarterly-report/,"Following Taiwan Semiconductor Manufacturing's (TSM) robust quarterly report and projected capital expenditure increase to $52-$56 billion by 2026, several companies and sectors are poised for significant benefits. AI chipmakers like Nvidia and Broadcom, as well as ASML, the sole provider of advanced chip manufacturing machines, stand to gain. Memory makers such as Micron Technology, SK Hynix, and Samsung, along with major cloud computing and neocloud companies like Amazon, Microsoft, and Alphabet, are also expected to profit from the surging demand for AI infrastructure.",0.007455,Neutral,0.335879,0.017007,Neutral
20260121T125806,TSM,Taiwan Semiconductor,Taiwanese Semiconductor Manufacturer Speeds Up Timeline For New Facility,Bisnow,https://www.bisnow.com/phoenix/news/industrial/taiwan-semiconductor-manufacturing-co-ramps-up-construction-in-phoenix-132813,"Taiwan Semiconductor Manufacturing Co. (TSMC) is accelerating the development of its large chip fabrication plant cluster in Phoenix, with plans to open its second fab in 2027, a year ahead of schedule. The company has committed $165 billion to the project, which includes six fabrication plants, two advanced packaging facilities, and an R&D center. This acceleration follows a broader U.S. trade deal with Taiwan, mandating further Taiwanese semiconductor investments in American facilities.",0.439718,Bullish,1.000000,0.437388,Bullish
20260122T132942,TSM,Taiwan Semiconductor,Taiwan Semiconductor Manufacturing Company Ltd. $TSM Shares Sold by Locust Wood Capital Advisers LLC,MarketBeat,https://www.marketbeat.com/instant-alerts/filing-taiwan-semiconductor-manufacturing-company-ltd-tsm-shares-sold-by-locust-wood-capital-advisers-llc-2026-01-22/,"Locust Wood Capital Advisers LLC reduced its stake in Taiwan Semiconductor Manufacturing Company (TSM) by 24.3%, selling 267,595 shares. Despite the sale, TSM remains its second-largest holding, valued at $233.1 million, and constitutes approximately 5.9% of the fund's portfolio. The company reported strong quarterly results, increased its dividend, and holds a ""Buy"" rating from analysts with an average price target of $381.67.",0.244616,Somewhat-Bullish,1.000000,0.285164,Somewhat-Bullish
20260123T125806,TSM,Taiwan Semiconductor,Is Taiwan Semiconductor Manufacturing (NYSE:TSM) Pricing Reflect Its Central Role In Global Chip Supply,Simply Wall Street,https://simplywall.st/stocks/us/semiconductors/nyse-tsm/taiwan-semiconductor-manufacturing/news/is-taiwan-semiconductor-manufacturing-nysetsm-pricing-reflec,"This article analyzes Taiwan Semiconductor Manufacturing (TSM) stock valuation using two methods: Discounted Cash Flow (DCF) and Price-to-Earnings (P/E). While the DCF model suggests TSM is overvalued by 55.7%, the P/E ratio indicates it might be undervalued when compared to its proprietary ""Fair Ratio."" The piece emphasizes the importance of individual ""Narratives"" for investors to assess fair value based on their own outlooks and financial forecasts.",0.113348,Neutral,1.000000,-0.207679,Somewhat-Bearish
20260124T095806,TSM,Taiwan Semiconductor,Blackhawk Capital Partners LLC Increases Stock Position in Taiwan Semiconductor Manufacturing Company Ltd. $TSM,MarketBeat,https://www.marketbeat.com/instant-alerts/filing-blackhawk-capital-partners-llc-increases-stock-position-in-taiwan-semiconductor-manufacturing-company-ltd-tsm-2026-01-24/,"Blackhawk Capital Partners LLC has increased its stake in Taiwan Semiconductor Manufacturing Company Ltd. (TSM) by 6.7%, adding 1,570 shares to hold a total of 24,911 shares valued at approximately $6.96 million. This makes TSM its ninth-largest position, representing about 2.7% of its investment portfolio. The increase comes amidst a bullish outlook for TSM, supported by a consensus ""Buy"" rating from analysts, strong Q4 results, a raised capital expenditure guidance tied to AI-driven growth, and an increased quarterly dividend.",0.350182,Bullish,1.000000,0.644504,Bullish
20260124T120006,TSM,Taiwan Semiconductor,TrueMark Investments LLC Has $4.37 Million Stock Position in Taiwan Semiconductor Manufacturing Company Ltd. $TSM,MarketBeat,https://www.marketbeat.com/instant-alerts/filing-truemark-investments-llc-has-437-million-stock-position-in-taiwan-semiconductor-manufacturing-company-ltd-tsm-2026-01-24/,"TrueMark Investments LLC increased its stake in Taiwan Semiconductor Manufacturing Company Ltd. (TSM) by 14.9% in Q3, now holding shares worth $4.37 million. This move comes as TSMC reported strong Q4 results, a robust AI-driven growth outlook, raised its dividend, and received multiple analyst upgrades, contributing to a ""Buy"" consensus rating. Other institutional investors like Lockheed Martin Investment Management Co. and Vantage Investment Partners LLC also significantly increased their holdings in TSM.",0.225546,Somewhat-Bullish,1.000000,0.447005,Bullish
20260124T121305,TSM,Taiwan Semiconductor,Envestnet Portfolio Solutions Inc. Has $12.75 Million Stake in Taiwan Semiconductor Manufacturing Company Ltd. $TSM,MarketBeat,https://www.marketbeat.com/instant-alerts/filing-envestnet-portfolio-solutions-inc-has-1275-million-stake-in-taiwan-semiconductor-manufacturing-company-ltd-tsm-2026-01-24/,"Envestnet Portfolio Solutions Inc. reduced its stake in Taiwan Semiconductor Manufacturing Company Ltd. (TSM) by 4% in Q3, now holding 45,649 shares valued at $12.75 million. Despite this, other institutional investors increased their holdings, and Wall Street maintains a ""Buy"" consensus rating for TSMC with an average price target of $381.67. The company reported strong Q4 earnings, substantial revenue, and increased its quarterly dividend, driven by robust demand for AI chips.",0.048645,Neutral,0.333483,0.032386,Neutral
20260124T125808,TSM,Taiwan Semiconductor,Taiwan Semiconductor Manufacturing Company Ltd. $TSM Shares Acquired by Jennison Associates LLC,MarketBeat,https://www.marketbeat.com/instant-alerts/filing-taiwan-semiconductor-manufacturing-company-ltd-tsm-shares-acquired-by-jennison-associates-llc-2026-01-24/,"Jennison Associates LLC significantly increased its stake in Taiwan Semiconductor Manufacturing Company Ltd. ($TSM) during Q3, acquiring an additional 544,750 shares and making TSM its 10th largest holding. The increased investment aligns with a bullish outlook for TSMC, driven by strong AI-led revenue growth projections and a recent dividend increase. Analysts maintain a consensus ""Buy"" rating for TSM, citing its critical role in the AI supply chain and strategic shift towards next-gen technologies.",0.356268,Bullish,1.000000,0.819760,Bullish
20260125T072916,TSM,Taiwan Semiconductor,Why Wall Street Is Wrong About Taiwan Semiconductor Manufacturing Stock,The Globe and Mail,https://www.theglobeandmail.com/investing/markets/stocks/TSM-N/pressreleases/37217085/why-wall-street-is-wrong-about-taiwan-semiconductor-manufacturing-stock/,"This article argues that Wall Street's consensus price target for Taiwan Semiconductor Manufacturing (TSMC) is too low, despite 98% of analysts rating it a buy. The author believes TSMC's stock can go ""much higher"" due to increasing demand for semiconductors from the AI industry, the company's dominant market position, and its attractive P/E ratio. TSMC's plans to increase capital expenditure and projected 30% sales growth in 2026 are highlighted as key drivers for future stock performance.",0.372615,Bullish,1.000000,0.405412,Bullish
20260125T122916,TSM,Taiwan Semiconductor,"2,957 Shares in Taiwan Semiconductor Manufacturing Company Ltd. $TSM Purchased by TFR Capital LLC.",MarketBeat,https://www.marketbeat.com/instant-alerts/filing-2957-shares-in-taiwan-semiconductor-manufacturing-company-ltd-tsm-purchased-by-tfr-capital-llc-2026-01-25/,"TFR Capital LLC acquired a new stake of 2,957 shares in Taiwan Semiconductor Manufacturing Company Ltd. (TSM) during Q3, valued at approximately $826,000. TSMC reported strong Q4 earnings, demonstrating a 45.13% net margin and raising its quarterly dividend. Analysts maintain a ""Buy"" consensus with an average price target of $381.67, driven by a forecasted multi-year AI-driven capital expenditure cycle.",0.355509,Bullish,1.000000,0.624313,Bullish
20260126T093120,TSM,Taiwan Semiconductor,Taiwan Semiconductor Manufacturing Company Ltd. $TSM is Cabot Wealth Management Inc.'s 6th Largest Position,MarketBeat,https://www.marketbeat.com/instant-alerts/filing-taiwan-semiconductor-manufacturing-company-ltd-tsm-is-cabot-wealth-management-incs-6th-largest-position-2026-01-26/,"Cabot Wealth Management Inc. has identified Taiwan Semiconductor Manufacturing Company Ltd. ($TSM) as its 6th largest position, despite trimming its stake by 18.4% to hold 90,677 shares valued at $25.33 million. TSMC is experiencing AI-driven growth, projecting significant revenue expansion through 2029, which has led to a consensus ""Buy"" rating from analysts with an average target price of $381.67. The company also recently increased its quarterly dividend to $0.9678 per share, reflecting strong financial performance and future outlook.",0.04958,Neutral,0.336413,0.004936,Neutral
20260126T132750,TSM,Taiwan Semiconductor,Taiwan Semiconductor Manufacturing Company Ltd. $TSM Shares Acquired by Vanguard Personalized Indexing Management LLC,MarketBeat,https://www.marketbeat.com/instant-alerts/filing-taiwan-semiconductor-manufacturing-company-ltd-tsm-shares-acquired-by-vanguard-personalized-indexing-management-llc-2026-01-26/,"Vanguard Personalized Indexing Management LLC increased its stake in Taiwan Semiconductor Manufacturing Company Ltd. (TSM) by 9.4% in the third quarter of 2025, bringing its total holdings to 101,876 shares valued at $28.47 million. This move aligns with a generally bullish sentiment from Wall Street analysts, who have issued ""Buy"" ratings and anticipate strong growth, driven significantly by AI demand where Nvidia is projected to become TSMC's largest customer. Despite a positive outlook bolstered by robust earnings and government support for U.S. fabs, concerns exist regarding rising capital expenditure for AI capacity expansion, which could impact near-term cash flow and introduce execution risks.",0.026087,Neutral,0.347803,0.036367,Neutral
20260126T222750,TSM,Taiwan Semiconductor,TSMC Doubles Down On AI Growth With Capex Surge And Dividend Lift,Simply Wall Street,https://simplywall.st/stocks/us/semiconductors/nyse-tsm/taiwan-semiconductor-manufacturing/news/tsmc-doubles-down-on-ai-growth-with-capex-surge-and-dividend,"TSMC plans to significantly increase its capital expenditures to up to US$56 billion by 2026 to boost advanced chip production for AI applications, reflecting a strong commitment to the growing AI market. Concurrently, the company is raising its dividend by 20%, indicating confidence in future cash flow while accelerating investments in capacity. This strategy aims to solidify TSMC's position as a key supplier for high-performance AI chips and support long-term revenue growth.",0.366516,Bullish,1.000000,0.405826,Bullish
20260127T085929,TSM,Taiwan Semiconductor,Barlow Wealth Partners Inc. Raises Stake in Taiwan Semiconductor Manufacturing Company Ltd. $TSM,MarketBeat,https://www.marketbeat.com/instant-alerts/filing-barlow-wealth-partners-inc-raises-stake-in-taiwan-semiconductor-manufacturing-company-ltd-tsm-2026-01-27/,"Barlow Wealth Partners Inc. increased its stake in Taiwan Semiconductor Manufacturing Company Ltd. (TSM) by 2.3% in the third quarter, bringing its total holdings to 83,344 shares valued at $24.08 million. This move positions TSM as the fund's 17th largest holding, comprising approximately 2.7% of its portfolio. The increased investment comes as analysts show growing bullish sentiment for TSM, citing strong financial performance and increasing AI-driven demand for its advanced chip manufacturing.",0.286478,Somewhat-Bullish,1.000000,0.458704,Bullish
20260128T095842,TSM,Taiwan Semiconductor,TSMC’s Global Fab Expansion Reframes Supply Risk And AI Growth Story,Simply Wall Street,https://simplywall.st/stocks/us/semiconductors/nyse-tsm/taiwan-semiconductor-manufacturing/news/tsmcs-global-fab-expansion-reframes-supply-risk-and-ai-growt,"TSMC is expanding its global manufacturing footprint with a ""gigafab cluster"" in Arizona and considering facilities in Japan and the UAE. This move, supported by a U.S. Taiwan trade agreement, aims to diversify the chip supply chain and position TSMC closer to key customers for AI and high-performance computing. While offering advantages like reduced geopolitical exposure and stronger customer relationships, the expansion also presents risks related to high capital expenditure and execution challenges in new regions.",0.258811,Somewhat-Bullish,1.000000,0.346499,Somewhat-Bullish
20260128T113042,TSM,Taiwan Semiconductor,Cambiar Investors LLC Has $16.53 Million Position in Taiwan Semiconductor Manufacturing Company Ltd. $TSM,MarketBeat,https://www.marketbeat.com/instant-alerts/filing-cambiar-investors-llc-has-1653-million-position-in-taiwan-semiconductor-manufacturing-company-ltd-tsm-2026-01-28/,"Cambiar Investors LLC recently reduced its stake in Taiwan Semiconductor Manufacturing Company Ltd. ($TSM) by 6% in the third quarter, now holding 59,179 shares valued at approximately $16.53 million. Despite this reduction, several other institutional investors increased their positions in the company. Analysts maintain a consensus ""Buy"" rating for TSM, citing positive demand catalysts such as Nvidia becoming a major customer and Microsoft's use of TSMC's 3nm process, with a consensus price target of $381.67.",0.228555,Somewhat-Bullish,1.000000,0.423680,Bullish
20260128T125333,TSM,Taiwan Semiconductor,OneAscent Financial Services LLC Decreases Holdings in Taiwan Semiconductor Manufacturing Company Ltd. $TSM,MarketBeat,https://www.marketbeat.com/instant-alerts/filing-oneascent-financial-services-llc-decreases-holdings-in-taiwan-semiconductor-manufacturing-company-ltd-tsm-2026-01-28/,"OneAscent Financial Services LLC significantly reduced its stake in Taiwan Semiconductor Manufacturing Company Ltd. (TSM) by 72.1% in Q3, selling nearly 3,000 shares. Despite this, TSM reported strong financial results, including $14.32 EPS and $32.5 billion in revenue, and increased its quarterly dividend. Analysts maintain a generally positive outlook with a ""Buy"" consensus, though some express concerns about its valuation.",0.253329,Somewhat-Bullish,1.000000,0.263611,Somewhat-Bullish
20260128T155332,TSM,Taiwan Semiconductor,Mirae Asset Global Investments Co. Ltd. Reduces Stock Position in Taiwan Semiconductor Manufacturing Company Ltd. $TSM,MarketBeat,https://www.marketbeat.com/instant-alerts/filing-mirae-asset-global-investments-co-ltd-reduces-stock-position-in-taiwan-semiconductor-manufacturing-company-ltd-tsm-2026-01-28/,"Mirae Asset Global Investments Co. Ltd. significantly reduced its stake in Taiwan Semiconductor Manufacturing Company Ltd. (TSM) by 21.5% in the third quarter, now holding 1,163,052 shares valued at $324.83 million. Despite this reduction, TSM remains Mirae Asset's 12th largest holding, and analyst sentiment is largely positive with a consensus ""Buy"" rating and an average target price of $381.67. The company also increased its quarterly dividend to $0.9678 per share, contributing to an annualized yield of 1.1%.",0.429208,Bullish,1.000000,0.419748,Bullish
20260129T083128,TSM,Taiwan Semiconductor,AustralianSuper Pty Ltd Trims Stake in Taiwan Semiconductor Manufacturing Company Ltd. $TSM,MarketBeat,https://www.marketbeat.com/instant-alerts/filing-australiansuper-pty-ltd-trims-stake-in-taiwan-semiconductor-manufacturing-company-ltd-tsm-2026-01-29/,"AustralianSuper Pty Ltd has reduced its stake in Taiwan Semiconductor Manufacturing Company Ltd. (TSM) by 32.2% in the third quarter, now holding 632,765 shares valued at approximately $176.7 million. Despite this reduction, brokerages maintain a positive outlook on TSMC, with multiple upgrades and an average ""Buy"" rating, citing strong fundamentals, rising dividends, and high demand driven by AI. The company reported strong quarterly earnings with $14.32 EPS and $32.5 billion in revenue.",0.252503,Somewhat-Bullish,1.000000,0.263481,Somewhat-Bullish
20260129T132848,TSM,Taiwan Semiconductor,Taiwan Semiconductor Manufacturing Company Ltd. $TSM Shares Bought by Hollencrest Capital Management,MarketBeat,https://www.marketbeat.com/instant-alerts/filing-taiwan-semiconductor-manufacturing-company-ltd-tsm-shares-bought-by-hollencrest-capital-management-2026-01-29/,"Hollencrest Capital Management significantly increased its stake in Taiwan Semiconductor Manufacturing (TSM) during the third quarter, boosting its holdings by 125.3% to 5,216 shares valued at $1.457 million. The article also highlights TSM's recent dividend increase to $0.9678 per quarter, its strong Q3 earnings with $14.32 EPS on $32.5 billion revenue, and a consensus ""Buy"" rating from analysts with an average price target of $381.67.",0.390356,Bullish,1.000000,0.428854,Bullish
20260130T093058,TSM,Taiwan Semiconductor,Taiwan Semiconductor Manufacturing Company Ltd. $TSM Shares Purchased by Fidelis Capital Partners LLC,MarketBeat,https://www.marketbeat.com/instant-alerts/filing-taiwan-semiconductor-manufacturing-company-ltd-tsm-shares-purchased-by-fidelis-capital-partners-llc-2026-01-30/,"Fidelis Capital Partners LLC significantly increased its stake in Taiwan Semiconductor Manufacturing Company Ltd. (TSM) by 207% in Q3, now holding 5,455 shares valued at approximately $1.524 million. This comes as TSMC reports strong financial results with $14.32 EPS and $32.5 billion in revenue, and analysts maintain a ""Buy"" rating with an average price target of $381.67 due to positive sentiment surrounding AI demand and strategic expansion. The company also raised its quarterly dividend to $0.9678 per share, reflecting a 1.1% yield.",0.560083,Bullish,1.000000,0.606200,Bullish
20260130T113058,TSM,Taiwan Semiconductor,Taiwan Semiconductor Manufacturing Company Limited (TSM): Our Calculation of Intrinsic Value,The Acquirer's Multiple,https://acquirersmultiple.com/2026/01/taiwan-semiconductor-manufacturing-company-limited-tsm-our-calculation-of-intrinsic-value/,"This article provides a discounted cash flow (DCF) analysis for Taiwan Semiconductor Manufacturing Company Limited (TSM), concluding its intrinsic value per ADR is approximately $26.05 compared to a current market price of $339/ADR. Despite TSMC's strong competitive advantages and critical role in the semiconductor industry, the analysis suggests a significant overvaluation, with a -92% margin of safety, implying future returns will rely on sustained execution rather than multiple expansion.",0.126204,Neutral,0.959197,0.121042,Neutral
20260131T120104,TSM,Taiwan Semiconductor,Explaining Taiwan’s lead in advanced semiconductor manufacturing,Evertiq,https://evertiq.com/design/2026-01-30-explaining-taiwans-lead-in-advanced-semiconductor-manufacturing,"Semiconductor industry veteran Marco Mezger explains Taiwan's continued dominance in advanced semiconductor manufacturing, attributing it to decades of sustained investment in manufacturing processes, equipment, and engineering know-how, rather than a single breakthrough. He notes that China faces significant hurdles in replicating this complex ecosystem, focusing on design, manufacturing, and domestic supply chains simultaneously. Mezger also highlights Taiwan's focus on foundry operations, which has allowed for specialization in yield, reliability, and process optimization.",0.372358,Bullish,1.000000,0.515958,Bullish
20260131T152941,TSM,Taiwan Semiconductor,Assessing Taiwan Semiconductor Manufacturing (NYSE:TSM) Valuation After Strong Multi‑Period Shareholder Returns,Simply Wall Street,https://simplywall.st/stocks/us/semiconductors/nyse-tsm/taiwan-semiconductor-manufacturing/news/assessing-taiwan-semiconductor-manufacturing-nysetsm-valuati-1,"Taiwan Semiconductor Manufacturing (TSM) has shown strong shareholder returns over the past year, with its stock priced at $330.56. While a popular narrative suggests the company is 17.4% undervalued with a fair value of $400, a Discounted Cash Flow (DCF) model points to potential overvaluation at an estimated future cash flow value of $187.67. The article encourages investors to consider both perspectives and provides tools for further research, highlighting TSM's role in the semiconductor ecosystem and the potential risks it faces.",0.337954,Somewhat-Bullish,1.000000,0.321072,Somewhat-Bullish
20260201T110104,TSM,Taiwan Semiconductor,Taiwan Semiconductor Manufacturing Company Ltd. $TSM Shares Sold by Keybank National Association OH,MarketBeat,https://www.marketbeat.com/instant-alerts/filing-taiwan-semiconductor-manufacturing-company-ltd-tsm-shares-sold-by-keybank-national-association-oh-2026-02-01/,"KeyBank National Association OH reduced its stake in Taiwan Semiconductor Manufacturing (TSM) by 7.5% in Q3, selling 3,056 shares. Despite this, Wall Street holds a broadly positive ""Buy"" consensus rating for TSM, citing its role as a key beneficiary of the AI boom and strong ties with NVIDIA. The company reported robust Q3 earnings, a market capitalization of $1.71 trillion, and increased its quarterly dividend.",0.408652,Bullish,1.000000,0.538196,Bullish
20260201T110304,TSM,Taiwan Semiconductor,Nvidia’s Jensen Huang urges TSMC to expand capacity amid AI chip crunch,South China Morning Post,https://www.scmp.com/tech/article/3341994/nvidias-jensen-huang-urges-tsmc-expand-capacity-amid-ai-chip-crunch,"Nvidia CEO Jensen Huang has called on Taiwan Semiconductor Manufacturing Company (TSMC) to significantly increase its production capacity to meet the surging demand for AI chips. Huang stated that Nvidia alone could require TSMC to more than double its current capacity within the next decade and emphasized the need for TSMC to boost output this year. This comes as TSMC recently announced a substantial increase in its capital spending, driven by the booming AI sector.",0.305406,Somewhat-Bullish,1.000000,0.428353,Bullish
20260201T120104,TSM,Taiwan Semiconductor,Why Taiwan Matters To Global Technology – OpEd,Eurasia Review,https://www.eurasiareview.com/01022026-why-taiwan-matters-to-global-technology-oped/,"Taiwan's semiconductor industry, particularly TSMC, is crucial for global technology development and economic security, making the Taiwan sovereignty dispute a major international concern. The concentration of advanced chip manufacturing in Taiwan creates a ""silicon shield"" but also poses risks due to potential disruptions. International cooperation, diversification of supply chains, and diplomatic efforts are essential to maintain Taiwan's stability and prevent technological stagnation.",0.364118,Bullish,1.000000,0.495077,Bullish
20260201T120110,TSM,Taiwan Semiconductor,"Terra Alpha Investments LLC Sells 1,794 Shares of Taiwan Semiconductor Manufacturing Company Ltd. $TSM",MarketBeat,https://www.marketbeat.com/instant-alerts/filing-terra-alpha-investments-llc-sells-1794-shares-of-taiwan-semiconductor-manufacturing-company-ltd-tsm-2026-02-01/,"Terra Alpha Investments LLC recently decreased its stake in Taiwan Semiconductor Manufacturing Company Ltd. (TSM) by 6.5%, selling 1,794 shares, though TSM remains its largest holding. Despite this sale, several other large institutional investors increased their positions in TSM, and the company maintains an average ""Buy"" rating from Wall Street analysts with a consensus target price of $381.67. Taiwan Semiconductor Manufacturing also recently raised its quarterly dividend to $0.9678 per share, reflecting a positive outlook.",0.363937,Bullish,1.000000,0.493352,Bullish
20260202T065811,TSM,Taiwan Semiconductor,Taiwan Semiconductor Manufacturing Company Is One of the 2021 TIME100 Most Influential Companies,Time Magazine,https://time.com/collections/time100-companies/5950050/taiwan-semiconductor-manufacturing-corp/,"Taiwan Semiconductor Manufacturing Company (TSMC) has been recognized as one of the 2021 TIME100 Most Influential Companies due to its crucial role as the world's leading supplier of custom chips for various devices. The company's services became even more essential after a U.S. restriction on technology sales to China's biggest chipmaker, inadvertently increasing demand for TSMC. The firm reported a significant net income of $5.01 billion in the last quarter of 2020, marking a 23% year-on-year increase.",0.556684,Bullish,1.000000,0.842850,Bullish
20260202T085811,TSM,Taiwan Semiconductor,Mawer Investment Management Ltd. Increases Holdings in Taiwan Semiconductor Manufacturing Company Ltd. $TSM,MarketBeat,https://www.marketbeat.com/instant-alerts/filing-mawer-investment-management-ltd-increases-holdings-in-taiwan-semiconductor-manufacturing-company-ltd-tsm-2026-02-02/,"Mawer Investment Management Ltd. increased its stake in Taiwan Semiconductor Manufacturing Co. (NYSE:TSM) by 3.0% in the third quarter, bringing its total holdings to 214,395 shares valued at approximately $59.88 million. Analysts maintain a ""Buy"" consensus rating for TSMC with a target price of $381.67, with some firms raising their price objectives. The company recently reported strong quarterly results, including $14.32 EPS and $32.5 billion in revenue, and increased its quarterly dividend.",0.344794,Somewhat-Bullish,1.000000,0.442431,Bullish
20260202T095811,TSM,Taiwan Semiconductor,Better AI Stock: Taiwan Semiconductor Manufacturing or AMD,The Globe and Mail,https://www.theglobeandmail.com/investing/markets/stocks/NVDA-Q/pressreleases/37353652/better-ai-stock-taiwan-semiconductor-manufacturing-or-amd/,"This article compares Taiwan Semiconductor Manufacturing (TSMC) and AMD as AI stock investments, with both companies seeing strong performance in 2025. The author concludes that TSMC is the better investment due to its established position as a chip fabricator for leading tech companies (including Nvidia, Broadcom, and AMD) and a more attractive valuation, despite AMD's higher growth projections for its data center division.",0.23454,Somewhat-Bullish,1.000000,0.426449,Bullish
20260202T165748,TSM,Taiwan Semiconductor,This Stock Is Vital to the Tech Industry and Could Be a Huge Winner This Year,Finviz,https://finviz.com/news/295873/this-stock-is-vital-to-the-tech-industry-and-could-be-a-huge-winner-this-year,"The article highlights Taiwan Semiconductor Manufacturing (TSM) as a crucial player in the global tech industry, controlling 72% of the pure foundry semiconductor market. TSM reported $122.4 billion in revenue for 2025, a 36% increase year-over-year, and maintains high profit margins despite being capital-intensive. The company is actively expanding its global footprint, including a significant investment in a Phoenix, Arizona factory, and is poised for continued growth due to its critical role and manufacturing capabilities.",0.250537,Somewhat-Bullish,1.000000,0.418056,Bullish
20260203T002911,TSM,Taiwan Semiconductor,TSMC’s US$165b US Chip Bet And The New Taiwan US Tariff Deal,Simply Wall Street,https://simplywall.st/stocks/us/semiconductors/nyse-tsm/taiwan-semiconductor-manufacturing/news/tsmcs-us165b-us-chip-bet-and-the-new-taiwan-us-tariff-deal,"TSMC is investing US$165 billion in new semiconductor factories in the U.S., a move complemented by a new U.S.-Taiwan trade agreement that reduces tariffs on key tech products. This substantial investment is part of a larger US$250 billion push by Taiwanese corporations into American semiconductor and AI sectors, aiming to secure production closer to end markets and critical customers. For investors, this development raises considerations regarding capital intensity, policy risks, and the long-term balance between Taiwan-based and U.S.-based manufacturing capacity.",0.390593,Bullish,1.000000,0.526502,Bullish
20260203T112820,TSM,Taiwan Semiconductor,WCM Investment Management LLC Has $2.76 Billion Stock Position in Taiwan Semiconductor Manufacturing Company Ltd. $TSM,MarketBeat,https://www.marketbeat.com/instant-alerts/filing-wcm-investment-management-llc-has-276-billion-stock-position-in-taiwan-semiconductor-manufacturing-company-ltd-tsm-2026-02-03/,"WCM Investment Management LLC has significantly increased its stake in Taiwan Semiconductor Manufacturing Company Ltd. (TSM), now holding 10,090,519 shares valued at $2.76 billion, making it their third-largest position. The semiconductor giant reported strong financial results with a $1.77 trillion market cap and increased its quarterly dividend, benefiting from the growing demand for AI and custom chips. Analysts maintain a ""Buy"" rating with a consensus price target of $381.67, driven by positive sentiment around TSMC's role in AI infrastructure.",0.80921,Bullish,1.000000,0.817480,Bullish
20260203T132820,TSM,Taiwan Semiconductor,Why Arizona’s chip making boom may just be starting,Electronics360,https://electronics360.globalspec.com/article/23325/why-arizona-s-chip-making-boom-may-just-be-starting,"Arizona is rapidly emerging as a leading hub for semiconductor manufacturing, spearheaded by TSMC's significant investments in fabrication and packaging facilities. This growth is further supported by collaborations with universities like the University of Arizona and Arizona State University, which are developing talent and infrastructure for the industry. The state has attracted over 35 companies in the semiconductor supply chain and $205 billion in investments, though other states like Texas and New York are also developing their own chip-making ecosystems.",0.25381,Somewhat-Bullish,1.000000,0.404812,Bullish
20260204T092827,TSM,Taiwan Semiconductor,"Taiwan Tech Update: February 4, 2026",dominotheory.com,https://dominotheory.com/taiwan-tech-update-february-4-2026/,"This ""Taiwan Tech Update"" for February 4, 2026, covers significant developments in Taiwan's technology sector and economic security. Key topics include a new U.S.-Taiwan trade deal focusing on semiconductor investments, Nvidia CEO Jensen Huang's visit to Taipei regarding the company's new Asia headquarters, and Taiwan's robust economic growth driven by tech exports in 2025. Additionally, the article highlights Taiwan's military modernization efforts, including the successful sea trials of its first domestically developed submarine, and ongoing cooperation with the U.S. on economic security and supply chain resilience.",0.024125,Neutral,0.341401,0.049910,Neutral
20260204T102827,TSM,Taiwan Semiconductor,Envestnet Asset Management Inc. Lowers Holdings in Taiwan Semiconductor Manufacturing Company Ltd. $TSM,MarketBeat,https://www.marketbeat.com/instant-alerts/filing-envestnet-asset-management-inc-lowers-holdings-in-taiwan-semiconductor-manufacturing-company-ltd-tsm-2026-02-04/,"Envestnet Asset Management Inc. slightly reduced its stake in Taiwan Semiconductor Manufacturing Company Ltd. (TSM) by 0.5% in the third quarter, now owning 3,842,516 shares worth over $1 billion. Despite this sale, other institutional investors increased their holdings, and analysts maintain a ""Buy"" consensus rating with an average price target of $381.67, driven by TSM's critical role in the AI boom. The company also recently increased its quarterly dividend to $0.9678 per share, payable on April 9th.",0.014946,Neutral,0.327932,0.006493,Neutral
20260204T105831,TSM,Taiwan Semiconductor,Taiwan Semiconductor Manufacturing Company Ltd. $TSM Shares Acquired by Hantz Financial Services Inc.,MarketBeat,https://www.marketbeat.com/instant-alerts/filing-taiwan-semiconductor-manufacturing-company-ltd-tsm-shares-acquired-by-hantz-financial-services-inc-2026-02-04/,"Hantz Financial Services Inc. increased its stake in Taiwan Semiconductor Manufacturing Company Ltd. (NYSE:TSM) by 28.6% in the third quarter of 2025, now owning 37,216 shares valued at $10.39 million. Analysts maintain a ""Buy"" rating on TSM with a consensus price target of $381.67, driven by its role in the AI boom. The company also recently increased its quarterly dividend to $0.9678 per share, representing an annualized yield of 1.2%.",0.393103,Bullish,1.000000,0.472025,Bullish
20260204T115831,TSM,Taiwan Semiconductor,Morris Chang Reappears With Nvidia CEO As TSMC Valuation Debates Continue,Simply Wall Street,https://simplywall.st/stocks/us/semiconductors/nyse-tsm/taiwan-semiconductor-manufacturing/news/morris-chang-reappears-with-nvidia-ceo-as-tsmc-valuation-deb,"Morris Chang, founder of Taiwan Semiconductor Manufacturing (TSMC), recently made a public appearance with Nvidia CEO Jensen Huang, easing concerns about his health after over a year out of the spotlight. This event assures investors about TSMC's stable leadership and strong relationships with key customers like Nvidia, especially given TSMC's central role in advanced semiconductor manufacturing for AI and computing. While the stock trades below analyst targets, Simply Wall St's valuation model suggests it's currently above its estimated fair value.",0.175033,Somewhat-Bullish,1.000000,0.420763,Bullish
20260204T165831,TSM,Taiwan Semiconductor,Taiwan Semiconductor or Broadcom? You Should Only Own One of Them,24/7 Wall St.,https://247wallst.com/investing/2026/02/04/taiwan-semiconductor-or-broadcom-you-should-only-own-one-of-them/,"This article compares Taiwan Semiconductor (TSM) and Broadcom (AVGO), arguing that investors should choose TSM over AVGO. It highlights TSM's stronger fundamentals, lower forward earnings multiple despite comparable growth projections, and its critical role as the manufacturing backbone of the semiconductor industry. The author suggests TSM offers better value and diversification compared to Broadcom, which is seen as potentially overvalued.",0.268424,Somewhat-Bullish,1.000000,0.406040,Bullish
20260205T045941,TSM,Taiwan Semiconductor,Taiwan's TSMC tells Japan PM of plan to produce advanced chips in Kumamoto,Japan Wire by KYODO NEWS,https://english.kyodonews.net/articles/-/69897,"Taiwan Semiconductor Manufacturing Co. (TSMC) has informed Japanese Prime Minister Sanae Takaichi of its plan to mass-produce 3-nanometer semiconductors in Kumamoto Prefecture, Japan. This is an upgrade from their initial plan of 6-nanometer technology and marks Japan's first production of such advanced chips. The move is welcomed by the Japanese government, which views domestic chip output as crucial for economic security and has offered significant subsidies for the project.",0.468135,Bullish,1.000000,0.616476,Bullish
20260205T054100,TSM,Taiwan Semiconductor,TSMC to make advanced AI semiconductors in Japan in boost for its chipmaking ambitions,ABC News,https://abcnews.go.com/Technology/wireStory/tsmc-make-advanced-ai-semiconductors-japan-boost-chipmaking-129875901,"Taiwan Semiconductor Manufacturing Corp. (TSMC) announced plans to manufacture advanced 3-nanometer semiconductors in Japan to meet the surging demand for AI-related products. This move, a significant win for Japan's chipmaking ambitions, was revealed during a meeting between TSMC's CEO C.C. Wei and Prime Minister Sanae Takaichi. The new factory in Kumamoto Prefecture will produce chips for AI, robotics, and autonomous driving, sectors deemed strategically important by Japan.",0.300062,Somewhat-Bullish,1.000000,0.442494,Bullish
20260205T075838,TSM,Taiwan Semiconductor,TSMC to Make More-Advanced Chips in Japan as Part of AI Push,The Wall Street Journal,https://www.wsj.com/tech/tsmc-to-make-more-advanced-chips-in-japan-as-part-of-ai-push-7fbee6ab?gaa_at=eafs&gaa_n=AWEtsqeqMG3HA6nIcxFhG-g022YPxeJPbwNy-zTpAONksyXzv9k79B2z3EyY&gaa_ts=6985237b&gaa_sig=o_sR_S9WFVEYssyC6GfRnkxklVF52Q7tpCNFZMKS_qyk_1t2uXoTSRmcwCnFECJwHX1KDbT2wh8F9bqYiWsHEw%3D%3D,"Taiwan Semiconductor Manufacturing Company (TSMC) announced plans to begin making more advanced 3-nanometer chips in Japan, a significant development for the country's AI technology ambitions. This move, discussed by TSMC Chairman C.C. Wei and Japanese Prime Minister Sanae Takaichi, will see production at TSMC's Kumamoto site to support strategic sectors like data centers, AI, robotics, and autonomous driving. This marks TSMC's first 3-nanometer chip production in Japan, expanding beyond its initial focus on 6- to 12-nanometer logic chips for automotive and telecoms.",0.233843,Somewhat-Bullish,0.965063,0.333079,Somewhat-Bullish
20260205T085838,TSM,Taiwan Semiconductor,TSMC Needs to Make More Advanced Chips. Why It’s Turning to Japan.,Barron's,https://www.barrons.com/articles/tsmc-stock-price-chip-nvidia-apple-supplier-0238529b?gaa_at=eafs&gaa_n=AWEtsqfZrpVP6ilw88HsJ5fzeNTY49tbKRiqQIbHTTtIKkOW3AEBNmwOnLnS&gaa_ts=6985237b&gaa_sig=AiatLc0McmV20uHFexo1W7Vi1l7IaWzE6mITkVFAo0NPmm2RjrZjaSKe5CdSNoCv7V1sdWE6U_75BdVdBvyDyg%3D%3D,"Taiwan Semiconductor Manufacturing (TSMC), the leading producer of high-end chips, is facing increasing demand for its advanced products. To address this, TSMC plans to expand its manufacturing capabilities by producing these high-end chips in Japan for the first time. This strategic move aims to boost its capacity for advanced chip production.",0.330432,Somewhat-Bullish,1.000000,0.404429,Bullish
20260205T095838,TSM,Taiwan Semiconductor,"J.W. Cole Advisors Inc. Buys 6,468 Shares of Taiwan Semiconductor Manufacturing Company Ltd. $TSM",MarketBeat,https://www.marketbeat.com/instant-alerts/filing-jw-cole-advisors-inc-buys-6468-shares-of-taiwan-semiconductor-manufacturing-company-ltd-tsm-2026-02-05/,"J.W. Cole Advisors Inc. increased its stake in Taiwan Semiconductor Manufacturing Company Ltd. (TSM) by 25.8% in the third quarter, acquiring an additional 6,468 shares, bringing its total holdings to 31,556 shares valued at $8.81 million. The article notes strong analyst sentiment, increasing price targets, and TSM's plans for a $17 billion 3-nanometer chip fab in Japan, reinforcing a bullish outlook driven by AI and high-performance computing demand. TSM also reported robust quarterly earnings and a boosted quarterly dividend.",0.276604,Somewhat-Bullish,1.000000,0.461213,Bullish
20260205T105141,TSM,Taiwan Semiconductor,TSMC to make advanced AI semiconductors in Japan in boost for its chipmaking ambitions,Seattle Post-Intelligencer,https://www.seattlepi.com/news/world/tsmc-to-make-advanced-ai-semiconductors-in-japan-a21335103,"TSMC announced its plan to manufacture advanced 3-nanometer semiconductors for AI applications at its second factory in Japan's Kumamoto Prefecture, a significant move for Japan's chipmaking ambitions. This decision was revealed during a meeting between TSMC's Chairman C.C. Wei and Prime Minister Sanae Takaichi, who emphasized the economic security and strategic importance of the project. TSMC CEO Wei expressed confidence in the growing AI demand, leading to increased capital spending plans for 2026.",0.352941,Bullish,1.000000,0.441690,Bullish
20260205T115838,TSM,Taiwan Semiconductor,"Taiwan Semiconductor Manufacturing (NYSE:TSM) Upgraded by Zacks Research to ""Strong-Buy"" Rating",MarketBeat,https://www.marketbeat.com/instant-alerts/taiwan-semiconductor-manufacturing-nysetsm-upgraded-by-zacks-research-to-strong-buy-rating-2026-02-05/,"Zacks Research has upgraded Taiwan Semiconductor Manufacturing (TSM) from ""Hold"" to ""Strong-Buy,"" contributing to a consensus ""Buy"" rating with an average price target of $381.67. This upgrade reflects TSM's strategic capacity expansion, particularly its plan to mass produce 3-nanometre chips in Japan, and its strong fundamentals including solid quarterly earnings. Despite a recent slight dip in stock price, the company is seen as a key beneficiary of the AI boom, which is expected to drive future revenue and pricing power.",0.000362,Neutral,0.310704,0.027099,Neutral
20260205T125838,TSM,Taiwan Semiconductor,TSMC Expands AI Chip Production to Japan,24/7 Wall St.,https://247wallst.com/investing/2026/02/05/tsmc-expands-ai-chip-production-to-japan/,"Taiwan Semiconductor Manufacturing Company (TSMC) is expanding its advanced AI chip production to Japan to mitigate geopolitical risks associated with its Taiwan-based manufacturing and meet the increasing demand for cutting-edge chips. This strategic move follows TSMC's strong Q4 2025 financial results, with significant revenue and net income growth driven by advanced technologies. The expansion in Japan offers supply chain proximity to key customers like NVIDIA and Apple and further diversifies TSMC's global manufacturing footprint, alongside its existing facilities in Arizona.",0.373403,Bullish,1.000000,0.432834,Bullish
20260205T135838,TSM,Taiwan Semiconductor,TSMC Founder Reappears As 2nm And Arizona Fabs Shape AI Outlook,Simply Wall Street,https://simplywall.st/stocks/us/semiconductors/nyse-tsm/taiwan-semiconductor-manufacturing/news/tsmc-founder-reappears-as-2nm-and-arizona-fabs-shape-ai-outl,"TSMC founder Morris Chang recently met with Nvidia CEO Jensen Huang, coinciding with TSMC's mass production of 2-nanometer chips and expansion into Arizona. These developments underscore TSMC's pivotal role in global AI and high-performance computing chip production, influencing the future of the semiconductor industry. Investors should monitor the progress of overseas fabs and acknowledge the company's valuation metrics, including its P/E ratio and flagged non-cash earnings risk.",0.29783,Somewhat-Bullish,1.000000,0.447349,Bullish
20260205T173200,TSM,Taiwan Semiconductor,March 27th Options Now Available For Taiwan Semiconductor Manufacturing (TSM),Nasdaq,https://www.nasdaq.com/articles/march-27th-options-now-available-taiwan-semiconductor-manufacturing-tsm,"New options contracts for Taiwan Semiconductor Manufacturing Co., Ltd. (TSM) with a March 27th expiration are now available. The article highlights a put contract at the $325.00 strike price and a call contract at the $330.00 strike price, detailing potential strategies like selling cash-secured puts or covered calls for investors. These options offer potential annualized returns of 39.79% for the put and 37.49% for the call through the YieldBoost strategy.",0.152848,Somewhat-Bullish,1.000000,0.287929,Somewhat-Bullish
20260205T222807,TSM,Taiwan Semiconductor,"TSMC CEO flags 3-nanometre chip production in Japan, investment reported at $17 billion",Reuters,https://www.reuters.com/world/asia-pacific/tsmc-plans-3-nanometre-chip-production-japan-with-17-billion-investment-yomiuri-2026-02-04/,"TSMC plans to mass-produce 3-nanometre chips in Kumamoto, Japan, with an investment reported to be $17 billion, to meet the surging global demand for AI chips. This move signals Japan's emergence as a key location for high-end chip production, furthering its economic security and AI industry foundation. The Japanese government is considering additional support for TSMC's investment, which marks a significant upgrade from previous plans for less advanced chip technologies in the region.",0.334093,Somewhat-Bullish,1.000000,0.421731,Bullish
20260206T073006,TSM,Taiwan Semiconductor,Japan seals deal with chipmaker,The Arkansas Democrat-Gazette,https://www.arkansasonline.com/news/2026/feb/06/japan-seals-deal-with-chipmaker/,"Taiwan Semiconductor Manufacturing Company (TSMC) announced plans to manufacture advanced 3-nanometer semiconductors in Japan at its second factory in Kumamoto Prefecture, bolstering Japan's chip-making ambitions. This decision is seen as a significant win for Prime Minister Sanae Takaichi, supporting the country's economic security and strategic sectors like AI and autonomous driving. TSMC's move comes amidst growing global demand for AI-related chips, with the company also increasing its capital spending for 2026.",0.002313,Neutral,0.311984,0.032542,Neutral
20260206T083200,TSM,Taiwan Semiconductor,"TSMC to hold first board meeting in Japan, sources says",Taipei Times,https://www.taipeitimes.com/News/biz/archives/2026/02/06/2003851895,"Taiwan Semiconductor Manufacturing Co (TSMC) is scheduled to hold its first board meeting in Japan on Monday in Kumamoto. The meeting comes after TSMC chairman C.C. Wei met with Japanese Prime Minister Sanae Takaichi and announced plans to produce advanced 3-nanometer chips at its second fab in Kumamoto, with Japanese financial support bringing the total investment to US$17 billion. Despite overseas expansion, TSMC is expected to increase investments in Taiwan.",0.496664,Bullish,1.000000,0.498482,Bullish
20260206T083200,TSM,Taiwan Semiconductor,Taiwan Semiconductor Market Set for Rapid Growth (2026): TSMC's Japan Investment Expansion,openPR.com,https://www.openpr.com/news/4380112/taiwan-semiconductor-market-set-for-rapid-growth-2026-tsmc-s,"The global semiconductor market is projected to reach US$1,132.8 billion by 2031, with TSMC expanding its 3-nanometer advanced semiconductor manufacturing to Japan to meet demand from AI, robotics, and autonomous driving. This move strengthens Japan's economic security and global supply chain role. The growth is fueled by advancements in AI, EVs, and innovative materials like SiC and GaN, with the power semiconductor market alone expected to reach US$171,709 million by 2031.",0.317099,Somewhat-Bullish,1.000000,0.479780,Bullish
20260206T113006,TSM,Taiwan Semiconductor,BI Asset Management Fondsmaeglerselskab A S Lowers Stock Position in Taiwan Semiconductor Manufacturing Company Ltd. $TSM,MarketBeat,https://www.marketbeat.com/instant-alerts/filing-bi-asset-management-fondsmaeglerselskab-a-s-lowers-stock-position-in-taiwan-semiconductor-manufacturing-company-ltd-tsm-2026-02-06/,"BI Asset Management Fondsmaeglerselskab A S reduced its stake in Taiwan Semiconductor Manufacturing Co. (TSM) by 5.2% in Q3, selling 2,385 shares and holding 43,418 shares valued at $12.13 million. Despite this, analysts largely maintain a ""Buy"" rating for TSM, with an average target price suggesting a 25% upside. The company is also investing heavily in advanced 3-nanometer chip production in Japan and recently increased its quarterly dividend.",0.346392,Somewhat-Bullish,1.000000,0.314110,Somewhat-Bullish
20260206T123006,TSM,Taiwan Semiconductor,Taiwan Semiconductor Manufacturing Company Ltd. $TSM Shares Sold by John G Ullman & Associates Inc.,MarketBeat,https://www.marketbeat.com/instant-alerts/filing-taiwan-semiconductor-manufacturing-company-ltd-tsm-shares-sold-by-john-g-ullman-associates-inc-2026-02-06/,"John G Ullman & Associates Inc. reduced its stake in Taiwan Semiconductor Manufacturing Company Ltd. (TSM) by 2.4% in the third quarter, selling 3,357 shares but still holding 135,335 shares worth approximately $37.8 million, making it their largest holding. Meanwhile, institutional investors overall increased positions in TSM, which is planning a $17 billion 3nm chip production expansion in Japan and recently raised its quarterly dividend. Analysts maintain a ""Buy"" rating for TSM, citing an average price target of $381.67.",0.30709,Somewhat-Bullish,1.000000,0.326010,Somewhat-Bullish
20260206T133006,TSM,Taiwan Semiconductor,Savant Capital LLC Boosts Stock Position in Taiwan Semiconductor Manufacturing Company Ltd. $TSM,MarketBeat,https://www.marketbeat.com/instant-alerts/filing-savant-capital-llc-boosts-stock-position-in-taiwan-semiconductor-manufacturing-company-ltd-tsm-2026-02-06/,"Savant Capital LLC has increased its stake in Taiwan Semiconductor Manufacturing Company Ltd. (NYSE:TSM) by 15.0% in Q3, now holding 26,781 shares valued at approximately $7.48 million. The article highlights TSMC's plans for a $17 billion advanced 3nm chip production facility in Japan, expanded capacity for AI chips, and positive analyst sentiment with raised price targets. However, it also notes potential risks associated with the large capital expenditure and the complexity of ramping up new production lines.",0.305051,Somewhat-Bullish,1.000000,0.349476,Somewhat-Bullish
20260206T153006,TSM,Taiwan Semiconductor,Taiwan Semiconductor Manufacturing Company Ltd. $TSM Stock Position Lessened by Virtus Family Office LLC,MarketBeat,https://www.marketbeat.com/instant-alerts/filing-taiwan-semiconductor-manufacturing-company-ltd-tsm-stock-position-lessened-by-virtus-family-office-llc-2026-02-06/,"Virtus Family Office LLC significantly reduced its stake in Taiwan Semiconductor Manufacturing Company (TSM) by 22.4% in the third quarter, though TSM remains its sixth-largest holding. Despite this reduction, TSMC's stock rose 4.5% on Friday, reaching $345.59, and analysts hold a largely bullish outlook with an average price target of $381.67, implying a 25% upside. The company also announced a boost in its quarterly dividend to $0.9678 per share, representing an annual yield of 1.1%.",0.305306,Somewhat-Bullish,1.000000,0.299355,Somewhat-Bullish
20260207T102018,TSM,Taiwan Semiconductor,"Trace Wealth Advisors LLC Takes $454,000 Position in Taiwan Semiconductor Manufacturing Company Ltd. $TSM",MarketBeat,https://www.marketbeat.com/instant-alerts/filing-trace-wealth-advisors-llc-takes-454000-position-in-taiwan-semiconductor-manufacturing-company-ltd-tsm-2026-02-07/,"Trace Wealth Advisors LLC has opened a new position in Taiwan Semiconductor Manufacturing Company Ltd. (TSM), acquiring 1,625 shares valued at approximately $454,000 in the third quarter. This comes as TSMC reported strong quarterly results with substantial EPS and revenue, maintaining a healthy net margin and increasing its quarterly dividend. The company also has significant near-term catalysts, including a planned $17 billion investment in Japan for 3nm chip production and bullish analyst coverage, leading to a consensus ""Buy"" rating and a price target of $381.67.",0.524432,Bullish,1.000000,0.534103,Bullish
20260207T112807,TSM,Taiwan Semiconductor,Spinnaker Trust Raises Stock Position in Taiwan Semiconductor Manufacturing Company Ltd. $TSM,MarketBeat,https://www.marketbeat.com/instant-alerts/filing-spinnaker-trust-raises-stock-position-in-taiwan-semiconductor-manufacturing-company-ltd-tsm-2026-02-07/,"Spinnaker Trust increased its holdings in Taiwan Semiconductor Manufacturing Company Ltd. (TSM) by 16.2% in the third quarter, bringing its total to 35,852 shares valued at approximately $10.01 million. This increase aligns with TSMC's strategic move to mass produce advanced 3nm chips in Japan, backed by a significant $17 billion investment and government subsidies, which is expected to boost advanced-node capacity and reduce geopolitical risks. The company also raised its quarterly dividend to $0.9678, while analysts generally maintain a ""Buy"" rating with an average target price of $381.67.",0.387554,Bullish,1.000000,0.606432,Bullish
20260208T085931,TSM,Taiwan Semiconductor,Taiwan Semiconductor Manufacturing Company Ltd. $TSM is Alphinity Investment Management Pty Ltd's 10th Largest Position,MarketBeat,https://www.marketbeat.com/instant-alerts/filing-taiwan-semiconductor-manufacturing-company-ltd-tsm-is-alphinity-investment-management-pty-ltds-10th-largest-position-2026-02-08/,"Alphinity Investment Management Pty Ltd recently reduced its stake in Taiwan Semiconductor Manufacturing Company Ltd. (TSM) by 36.0% in Q3, making it their 10th largest holding. Despite this divestment, analyst sentiment remains largely bullish with an average ""Buy"" rating and a target price of $381.67. Key company developments include a significant $17 billion investment in Japan for 3nm chip production and an increased quarterly dividend.",0.420451,Bullish,1.000000,0.477790,Bullish
20260208T113256,TSM,Taiwan Semiconductor,First Dallas Securities Inc. Cuts Position in Taiwan Semiconductor Manufacturing Company Ltd. $TSM,MarketBeat,https://www.marketbeat.com/instant-alerts/filing-first-dallas-securities-inc-cuts-position-in-taiwan-semiconductor-manufacturing-company-ltd-tsm-2026-02-08/,"First Dallas Securities Inc. reduced its stake in Taiwan Semiconductor Manufacturing Company Ltd. (TSM) by 23.9% in the third quarter of 2025, selling 2,800 shares and retaining 8,895 shares valued at $2.484 million. Despite this, institutional investors collectively own 16.51% of TSM stock, and analysts widely maintain a ""Buy"" rating with an average price target of $381.67. The company reported strong Q4 results, increased its dividend, and plans a significant $17 billion investment to mass-produce 3nm chips in Japan, responding to surging AI chip demand.",0.434645,Bullish,1.000000,0.304341,Somewhat-Bullish
20260208T123256,TSM,Taiwan Semiconductor,Firetrail Investments PTY Ltd. Has $27.85 Million Stock Position in Taiwan Semiconductor Manufacturing Company Ltd. $TSM,MarketBeat,https://www.marketbeat.com/instant-alerts/filing-firetrail-investments-pty-ltd-has-2785-million-stock-position-in-taiwan-semiconductor-manufacturing-company-ltd-tsm-2026-02-08/,"Firetrail Investments PTY Ltd. reduced its stake in Taiwan Semiconductor Manufacturing Company Ltd. ($TSM) by 7.2%, but it still represents a significant portion of their portfolio at $27.85 million. Other institutional investors like Jennison Associates LLC and Brown Advisory Inc. increased their holdings in TSM. The article also highlights TSM's strong fundamentals, a planned $17 billion expansion in Japan for 3nm chip production, increased dividends, and multiple analyst upgrades suggesting a ""Buy"" rating.",0.311131,Somewhat-Bullish,1.000000,0.461777,Bullish
20260208T153255,TSM,Taiwan Semiconductor,Strong analyst sentiment on Taiwan Semiconductor Manufacturing (TSM) as AI demand drives massive 2026 capital spending,MSN,https://www.msn.com/en-us/money/markets/strong-analyst-sentiment-on-taiwan-semiconductor-manufacturing-tsm-as-ai-demand-drives-massive-2026-capital-spending/ar-AA1VVsqK?ocid=finance-verthp-feeds,"This article highlights the strong analyst sentiment surrounding Taiwan Semiconductor Manufacturing (TSM), driven by the increasing demand for AI technologies. Analysts anticipate massive capital spending by TSM in 2026 to keep pace with AI-driven production needs. The positive outlook suggests significant growth potential for the company.",0.835627,Bullish,1.000000,0.811679,Bullish
20260209T052910,TSM,Taiwan Semiconductor,Taiwan says shifting 40% of chip capacity to US 'impossible',Latest news from Azerbaijan,https://news.az/news/taiwan-says-shifting-40-of-chip-capacity-to-us-impossible,"Taiwan has declared that moving 40% of its semiconductor production to the United States is ""impossible,"" despite calls from U.S. officials. Vice Premier Cheng Li-chiun emphasized that Taiwan's decades-developed semiconductor ecosystem cannot be uprooted, and the island will continue to expand its domestic capacity while selectively investing internationally. U.S. Commerce Secretary Howard Lutnick aims for a 40% U.S. market share in leading-edge semiconductor manufacturing by the end of the current administration.",0.02474,Neutral,0.317912,0.049059,Neutral
20260209T072911,TSM,Taiwan Semiconductor,Taiwan Says Shifting 40% of Chip Capacity to U.S. Is ‘Impossible’,domain-b.com,https://www.domain-b.com/economy/world-economy/taiwan-rejects-us-chip-relocation-40,"Taiwan has firmly rejected U.S. calls to relocate 40% of its semiconductor production capacity, stating it is ""impossible"" due to the island's deeply integrated chip ecosystem. While Taiwanese companies like TSMC are investing in U.S. facilities, Taiwan emphasizes that its domestic industry remains the core of its operations and growth. This dispute highlights the challenges of reshaping global supply chains amid geopolitical pressures while respecting existing industrial realities.",0.137183,Neutral,1.000000,0.144796,Neutral
20260209T092311,TSM,Taiwan Semiconductor,Taiwan Asserts 40% Chip Capacity Shift to US Is ‘Impossible’,شبكة تواصل الإخبارية,https://twaslnews.twaslnews.com/253587/,"Taiwanese Vice Premier Cheng Li-chiun declared that relocating 40% of Taiwan's semiconductor capacity to the U.S. is ""impossible,"" despite American pressure driven by national security and technological independence concerns. This stance highlights Taiwan's commitment to its domestic semiconductor industry and signifies a strategic defiance against U.S. demands. While Taiwan is open to collaborations and investments in the U.S., it firmly asserts its irreplaceable role in global semiconductor manufacturing, which could lead to increased U.S.-Taiwan discussions, potential tariff adjustments, and the emergence of alternative supply chains in Asia.",0.119242,Neutral,1.000000,0.139360,Neutral
20260209T092907,TSM,Taiwan Semiconductor,'Impossible!': Taiwan Slams The Brakes On US Demands For 40% Chip Shift,Benzinga,https://www.benzinga.com/markets/tech/26/02/50473186/impossible-taiwan-slams-the-brakes-on-us-demands-for-40-chip-shift,"Taiwan has rejected US demands to shift 40% of its chip production to the United States, deeming the target ""impossible"" despite Taiwan Semiconductor Manufacturing Company Ltd. (NYSE: TSM) investing billions in Arizona. Taiwan's Vice Premier Cheng Li-chiun stated that the country's semiconductor ecosystem, built over decades, cannot be relocated, and chip industry expansion will continue domestically while also growing overseas. Economists and experts suggest that only a limited portion of advanced chipmaking will migrate to the U.S. due to land constraints in Taiwan and customer demand driving overseas expansion.",-0.130267,Neutral,1.000000,-0.143040,Neutral
20260209T092907,TSM,Taiwan Semiconductor,Taiwan Semiconductor and Eagle Materials have been highlighted as Zacks Bull and Bear of the Day,TradingView,https://www.tradingview.com/news/zacks:bc28cf277094b:0-taiwan-semiconductor-and-eagle-materials-have-been-highlighted-as-zacks-bull-and-bear-of-the-day/,"The article highlights Taiwan Semiconductor Manufacturing Co. (TSM) as Zacks' Bull of the Day due to its critical role in advanced chip manufacturing for AI and its strong growth outlook, geographic expansion, and favorable valuation. Conversely, Eagle Materials Inc. (EXP) is named Bear of the Day, facing near-term headwinds from slowing growth, declining earnings estimates, and a challenging residential construction market. The article also provides an update on BigBear.ai Holdings, Inc. (BBAI), detailing its strategic acquisition of Ask Sage and its volatile stock performance.",0.286547,Somewhat-Bullish,1.000000,0.459443,Bullish
20260209T102907,TSM,Taiwan Semiconductor,Bull of the Day: Taiwan Semiconductor (TSM),Finviz,https://finviz.com/news/303952/bull-of-the-day-taiwan-semiconductor-tsm,"Taiwan Semiconductor Manufacturing Company (TSM) is highlighted as a strong buy-and-hold stock due to its dominance in advanced chip manufacturing crucial for AI. The company is actively expanding its global footprint to mitigate geopolitical risks and its earnings outlook has significantly improved, with projections of doubling sales and earnings by 2027. TSM offers a solid dividend, trades at a discount to its own peaks despite recent gains, and holds a Zacks Rank #1 (Strong Buy).",0.800927,Bullish,1.000000,0.857710,Bullish
20260209T162907,TSM,Taiwan Semiconductor,Taiwan not moving 40% of chip production to US: vice premier,Taipei Times,https://www.taipeitimes.com/News/front/archives/2026/02/10/2003852068,"Taiwan's Vice Premier Cheng Li-chiun stated that Taiwan will not relocate 40% of its semiconductor production to the US, emphasizing that the most advanced technologies will remain in Taiwan due to its comprehensive ecosystem. While direct relocation is not feasible, Taiwan aims to expand its layout in the US and Taiwanese companies will invest $250 billion in the US, supported by government credit guarantees, as part of a new tariff agreement. This ""Taiwan model"" highlights independent company investment paired with government support, differing from other nations' approaches.",-0.026618,Neutral,1.000000,0.103424,Neutral
20260209T222910,TSM,Taiwan Semiconductor,Assessing Taiwan Semiconductor Manufacturing (NYSE:TSM) Valuation After Strong Multi‑Period Share Price Momentum,Simply Wall Street,https://simplywall.st/stocks/us/semiconductors/nyse-tsm/taiwan-semiconductor-manufacturing/news/assessing-taiwan-semiconductor-manufacturing-nysetsm-valuati-2,"This article analyzes Taiwan Semiconductor Manufacturing (TSM) following a period of strong share price performance, noting significant returns over recent months and years. While a narrative-driven fair value suggests TSM is 11.1% undervalued at $400, a Discounted Cash Flow (DCF) model estimates a fair value of $242.67, indicating it could be overvalued. The article encourages investors to consider both perspectives and provides tools for further personalized research and risk assessment.",0.310878,Somewhat-Bullish,1.000000,0.526374,Bullish
20260210T002910,TSM,Taiwan Semiconductor,Taiwan says ‘impossible’ to move 40% chip capacity to U.S.,The Japan Times,https://www.japantimes.co.jp/business/2026/02/10/tech/taiwan-impossible-chip-us/,"Taiwan's top tariffs negotiator, Vice Premier Cheng Li-chiun, has stated that it would be ""impossible"" to shift 40% of the island's semiconductor production capacity to the United States. She rejected claims that Taiwan's chip industry, which has an ""enormous"" foundational ecosystem built over decades, would relocate despite Washington's push for more chip manufacturing in America. This comes after U.S. Commerce Secretary official Howard Lutnick proposed moving a significant portion of Taiwan's chip supply chain to the U.S.",-0.222714,Somewhat-Bearish,1.000000,-0.202746,Somewhat-Bearish
20260210T042910,TSM,Taiwan Semiconductor,'Impossible': Taiwan pushes back against Washington’s 40% chip supply relocation goal,CNBC,https://www.cnbc.com/2026/02/10/taiwan-chips-us-supply-chain-lutnick-trade-deal.html,"Taiwan has rejected Washington’s proposal to relocate 40% of its semiconductor supply chain to the U.S., with its top trade negotiator calling the target ""impossible."" Vice Premier Cheng Li-chiun stated that Taiwan's well-established semiconductor ecosystem cannot simply be moved, despite significant investments by companies like TSMC in the U.S. Analysts largely agree with Taiwan's stance, citing the complexities of the supply chain, U.S. labor shortages, and high costs.",0.001553,Neutral,0.334529,0.034947,Neutral
20260210T052910,TSM,Taiwan Semiconductor,Taiwan Rejects U.S. Demand for 40% Chip Supply Chain Shift,The Tech Buzz,https://www.techbuzz.ai/articles/taiwan-rejects-u-s-demand-for-40-chip-supply-chain-shift,"Taiwan has rejected a U.S. proposal to relocate 40% of its semiconductor supply chain, deeming it ""impossible."" This decision highlights Taiwan's intent to maintain its strategic chip dominance and the geopolitical tensions surrounding the global tech hardware ecosystem. Major U.S. tech companies like Apple, Nvidia, and AMD rely heavily on Taiwan Semiconductor Manufacturing Company (TSMC) for advanced chip production, making any significant disruption problematic.",0.212567,Somewhat-Bullish,1.000000,0.241634,Somewhat-Bullish
20260210T082910,TSM,Taiwan Semiconductor,TSMC Stock Is on a Roll. Rising Sales and Trump Tariff News Could Keep It Going.,Barron's,https://www.barrons.com/articles/tsmc-stock-taiwan-semi-ai-chips-tariffs-27928539?gaa_at=eafs&gaa_n=AWEtsqeWRaW-8bmB_RbtHaJS-ncxy6GfKbV1leqkcHL983QxgqPGfLOxW_OX&gaa_ts=698afd35&gaa_sig=xS85K5giNTjvRz8V-ni3vtYZtXjyv2AnD0pi6nJJ6dF1QpOvacxSoykdsQFZ8o2ZHArfPnHqm6Wie8aIqEfXQw%3D%3D,"Taiwan Semiconductor Manufacturing (TSMC) reported a 20% increase in January revenue from the previous quarter, signaling its strong position in the semiconductor industry. This growth, coupled with potential U.S. tariff relief, could further boost the company's performance. The article suggests that TSMC's stock momentum is likely to continue.",0.33573,Somewhat-Bullish,1.000000,0.445054,Bullish
20260210T145820,TSM,Taiwan Semiconductor,Taiwan Semiconductor’s January Sales Show the AI Tsunami Is Still Growing,24/7 Wall St.,https://247wallst.com/investing/2026/02/10/taiwan-semiconductors-january-sales-show-the-ai-tsunami-is-still-growing/,"Taiwan Semiconductor Manufacturing (TSM) reported record-breaking January revenue of $12.7 billion, a 37% year-over-year increase, significantly surpassing analyst expectations. This performance underscores the relentless demand for AI chips and the continued boom in high-performance computing. The company is aggressively increasing its capital expenditure guidance to fund new advanced chip capacity, indicating strong future commitments from its largest customers, including major hyperscalers like Amazon, Meta, Alphabet, and Microsoft.",0.440616,Bullish,1.000000,0.714356,Bullish
20260211T104317,TSM,Taiwan Semiconductor,Caprock Group LLC Invests $21.63 Million in Taiwan Semiconductor Manufacturing Company Ltd. $TSM,MarketBeat,https://www.marketbeat.com/instant-alerts/filing-caprock-group-llc-invests-2163-million-in-taiwan-semiconductor-manufacturing-company-ltd-tsm-2026-02-11/,"Caprock Group LLC recently acquired a new stake of 77,450 shares in Taiwan Semiconductor Manufacturing Company Ltd. (TSM), valued at approximately $21.63 million. Other institutional investors have also adjusted their holdings in TSM, which currently has a consensus ""Buy"" rating from analysts with an average price target of $381.67. The company is experiencing positive sentiment driven by record-high January revenues, strong 2025 results leading to backed capex and dividend plans, and capital increases for its subsidiary, despite some neutral and negative sentiments regarding valuation and the extensive capital expenditure required to meet future AI demand.",0.338356,Somewhat-Bullish,1.000000,0.499497,Bullish
20260211T202806,TSM,Taiwan Semiconductor,Taiwan Semiconductor Manufacturing Company Ltd. (NYSE:TSM) to Issue $0.95 Quarterly Dividend,MarketBeat,https://www.marketbeat.com/instant-alerts/taiwan-semiconductor-manufacturing-company-ltd-nysetsm-to-issue-095-quarterly-dividend-2026-02-11/,"Taiwan Semiconductor Manufacturing Company Ltd. (NYSE:TSM) announced a quarterly dividend of $0.9503 per share, payable on July 9th to shareholders of record on June 11th. The dividend represents an annualized yield of 1.0% and is well-covered by earnings, with a payout ratio of 28.2%. Analysts project continued dividend sustainability given an expected $11.03 EPS next year.",0.417331,Bullish,1.000000,0.424094,Bullish
20260213T172824,TSM,Taiwan Semiconductor,Frank Sands Reduces Stake in Taiwan Semiconductor Manufacturing Co Ltd by 26.22%,Yahoo Finance,https://finance.yahoo.com/news/frank-sands-reduces-stake-taiwan-170431333.html,"Frank Sands (Trades, Portfolio) of Sands Capital Management recently filed his firm's 13F for Q4 2025, revealing significant portfolio adjustments. Notable changes include a 26.22% reduction in his stake in Taiwan Semiconductor Manufacturing Co Ltd (TSM) and complete exits from DexCom Inc (DXCM) and Oracle Corp (ORCL). Sands also made new additions to his portfolio, including Quanta Services Inc (PWR), Carpenter Technology Corp (CRS), and Boston Scientific Corp (BSX).",0.088257,Neutral,1.000000,-0.269061,Somewhat-Bearish
20260215T082732,TSM,Taiwan Semiconductor,TSMC Record AI Revenue Spurs Global Expansion And Investor Risk Questions,Simply Wall St,https://simplywall.st/stocks/us/semiconductors/nyse-tsm/taiwan-semiconductor-manufacturing/news/tsmc-record-ai-revenue-spurs-global-expansion-and-investor-r,"TSMC announced record monthly revenue driven by strong AI and high-performance computing chip demand, leading to increased capital expenditure for global expansion in Japan, Germany, and the U.S. While this cements TSMC's central role in the AI supply chain, investors should consider the risks associated with geopolitical concentration in Taiwan and the execution risks of aggressive capital expenditure plans. The company's market position and relatively low P/E ratio compared to the semiconductor industry offer potential rewards, but monitoring fab ramp-up, non-AI segment recovery, and customer spending plans will be crucial.",0.397242,Bullish,1.000000,0.489907,Bullish
20260215T094132,TSM,Taiwan Semiconductor,"CENTRAL TRUST Co Buys 1,762 Shares of Taiwan Semiconductor Manufacturing Company Ltd. $TSM",MarketBeat,https://www.marketbeat.com/instant-alerts/filing-central-trust-co-buys-1762-shares-of-taiwan-semiconductor-manufacturing-company-ltd-tsm-2026-02-15/,"CENTRAL TRUST Co increased its stake in Taiwan Semiconductor Manufacturing Company Ltd. (TSM) by 86.1% in the third quarter, purchasing 1,762 additional shares to hold a total of 3,808 shares valued at approximately $1.064 million. This move comes as TSM reported strong quarterly earnings, high profitability, and declared a quarterly dividend, while also benefiting from generally bullish analyst sentiment and increased demand driven by AI. The company's recent January revenue growth further supports its position as a key player in the AI era.",0.392621,Bullish,1.000000,0.445907,Bullish
20260215T095807,TSM,Taiwan Semiconductor,Krilogy Financial LLC Buys New Position in Taiwan Semiconductor Manufacturing Company Ltd. $TSM,MarketBeat,https://www.marketbeat.com/instant-alerts/filing-krilogy-financial-llc-buys-new-position-in-taiwan-semiconductor-manufacturing-company-ltd-tsm-2026-02-15/,"Krilogy Financial LLC has acquired a new position in Taiwan Semiconductor Manufacturing Company Ltd. (TSM) during the third quarter, purchasing 1,763 shares valued at approximately $518,000. This move comes as TSM shows strong momentum with January 2026 consolidated revenue jumping 19.8% month-over-month and 36.8% year-over-year, alongside a board-approved cash dividend. Wall Street analysts maintain a largely bullish outlook for TSM, with a consensus ""Buy"" rating and a price target of $391.43, driven by its significant role in the AI chip market.",0.429148,Bullish,1.000000,0.421155,Bullish
20260215T135751,TSM,Taiwan Semiconductor,"PNC Financial Services Group Inc. Sells 15,599 Shares of Taiwan Semiconductor Manufacturing Company Ltd. $TSM",MarketBeat,https://www.marketbeat.com/instant-alerts/filing-pnc-financial-services-group-inc-sells-15599-shares-of-taiwan-semiconductor-manufacturing-company-ltd-tsm-2026-02-15/,"PNC Financial Services Group Inc. reduced its stake in Taiwan Semiconductor Manufacturing Company Ltd. (TSM) by 1.5% in the third quarter, selling 15,599 shares and retaining 997,236 shares valued at approximately $278.52 million. This move comes as TSMC reported strong January revenue (up 36.8% YoY) and approved a cash dividend, with analysts largely maintaining a ""Buy"" rating and re-positioning the company as a key player in the AI era. Despite some caution from major cloud providers regarding AI capital expenditure that could cause short-term volatility, institutional ownership of TSM remains at 16.51%, and the company's long-term outlook is buoyed by its critical role in AI chip manufacturing.",0.247735,Somewhat-Bullish,1.000000,0.449640,Bullish
20260216T025807,TSM,Taiwan Semiconductor,Sands Capital Management Cuts Stake in Taiwan Semiconductor,The Globe and Mail,https://www.theglobeandmail.com/investing/markets/stocks/TSM/pressreleases/234912/sands-capital-management-cuts-stake-in-taiwan-semiconductor/,"Sands Capital Management LLC, led by Frank Sands, has significantly reduced its stake in Taiwan Semiconductor Manufacturing Company Limited (TSM) by offloading over 2.4 million shares. This move comes despite Taiwan Semiconductor experiencing a surge in its stock value due to strong financial performance and AI-driven growth, which analysts predict will continue. However, the stock is also showing signs of being overbought with a high valuation.",0.291516,Somewhat-Bullish,1.000000,0.264892,Somewhat-Bullish
20260216T025807,TSM,Taiwan Semiconductor,"Maverick Capital Boosts Taiwan Semiconductor Stake by 639,178 Shares",The Globe and Mail,https://www.theglobeandmail.com/investing/markets/stocks/TSM-N/pressreleases/235201/maverick-capital-boosts-taiwan-semiconductor-stake-by-639-178-shares/,"Maverick Capital, managed by Lee Ainslie, has significantly increased its stake in Taiwan Semiconductor Manufacturing Company Limited (TSM) by 639,178 shares. TSM shares have seen substantial gains in the past year, driven by strong financial performance and AI-focused chip demand, despite some mixed hedge fund activity and valuation concerns. TipRanks' AI Analyst rates TSM as an ""Outperform"" due to its financial strength and positive earnings outlook.",0.482401,Bullish,1.000000,0.467886,Bullish
20260216T112400,TSM,Taiwan Semiconductor,Taiwan Semiconductor Manufacturing (TSM) Positioned to Benefit From AI Demand and Potential Pricing Power,Insider Monkey,https://www.insidermonkey.com/blog/taiwan-semiconductor-manufacturing-tsm-positioned-to-benefit-from-ai-demand-and-potential-pricing-power-1694083/,"Sands Capital Technology Innovators Fund highlighted Taiwan Semiconductor Manufacturing Company Limited (NYSE: TSM) in its Q4 2025 investor letter, citing its leadership in advanced chip manufacturing and strong position to benefit from escalating AI compute demand. The company reported robust results, with potential price increases for advanced nodes in 2026 expected to drive revenue growth. TSM is also a highly popular stock among hedge funds, with 194 hedge fund portfolios holding it by the end of Q3 2025.",0.543885,Bullish,1.000000,0.543493,Bullish
20260216T175742,TSM,Taiwan Semiconductor,Is It Too Late To Consider Taiwan Semiconductor Manufacturing (NYSE:TSM) After An 82% One Year Jump?,Simply Wall St,https://simplywall.st/stocks/us/semiconductors/nyse-tsm/taiwan-semiconductor-manufacturing/news/is-it-too-late-to-consider-taiwan-semiconductor-manufacturin-4,"This article evaluates Taiwan Semiconductor Manufacturing (TSM) after an 82% one-year stock jump, examining its current valuation. Using a Discounted Cash Flow (DCF) model, the stock appears overvalued by 29.0%, but a Price-to-Earnings (P/E) ratio analysis suggests it is undervalued compared to its industry and fair ratio. The report also presents bull and bear case narratives, highlighting how different assumptions can lead to varied fair value estimates for TSM.",-0.070156,Neutral,0.982141,0.064894,Neutral
20260216T185742,TSM,Taiwan Semiconductor,Chip Stocks Split: AMAT and TSMC Gain While NVDA and Intel Retreat,24/7 Wall St.,https://247wallst.com/investing/2026/02/16/chip-stocks-split-amat-and-tsmc-gain-while-nvda-and-intel-retreat/,"The semiconductor sector displayed mixed results, with Applied Materials (AMAT) and Taiwan Semiconductor (TSM) showing strength due to strong earnings and demand for AI infrastructure. Conversely, Intel (INTC) and NVIDIA (NVDA) experienced declines, with Intel struggling due to memory supply constraints and NVIDIA facing concerns about market share loss. Micron (MU) also saw its rally continue, driven by strong demand for HBM3E chips for AI accelerators.",0.04126,Neutral,0.348307,0.009003,Neutral
20260217T162757,TSM,Taiwan Semiconductor,Prediction: These 3 Stocks Will Be Worth More Than $500 in 5 Years,The Globe and Mail,https://www.theglobeandmail.com/investing/markets/stocks/TSM/pressreleases/260263/prediction-these-3-stocks-will-be-worth-more-than-500-in-5-years/,"The article identifies Nvidia (NVDA), Taiwan Semiconductor (TSM), and Broadcom (AVGO) as three stocks poised to exceed $500 per share within five years, driven by their critical roles in the AI hardware sector. While Taiwan Semiconductor and Broadcom are closer to the target, Nvidia, despite being the world's largest company, has significant potential due to the projected exponential growth in AI spending and data center capital expenditures. The author believes these companies are well-positioned to capitalize on the massive investment in artificial intelligence infrastructure.",0.441046,Bullish,1.000000,0.432838,Bullish
20260218T121302,TSM,Taiwan Semiconductor,Is It Too Late To Consider Taiwan Semiconductor Manufacturing (NYSE:TSM) After An 82% One Year Jump?,Sahm,https://www.sahmcapital.com/news/content/is-it-too-late-to-consider-taiwan-semiconductor-manufacturing-nysetsm-after-an-82-one-year-jump-2026-02-16,"This article analyzes Taiwan Semiconductor Manufacturing (TSM) after an 82% one-year stock price jump to determine if its current valuation is reasonable. Using both Discounted Cash Flow (DCF) and Price-to-Earnings (P/E) ratio analyses, the article presents differing conclusions: DCF suggests the stock is overvalued by 29%, while P/E indicates it is undervalued compared to industry peers. It also introduces ""Narratives"" as a way for investors to develop personalized valuations based on their own assumptions about growth, margins, and risk.",0.120736,Neutral,1.000000,0.114957,Neutral
20260219T015748,TSM,Taiwan Semiconductor,Tariff Cuts And US Investments Reframe TSMC Growth And Valuation Story,Simply Wall Street,https://simplywall.st/stocks/us/semiconductors/nyse-tsm/taiwan-semiconductor-manufacturing/news/tariff-cuts-and-us-investments-reframe-tsmc-growth-and-valua,"The US and Taiwan have agreed to significant tariff cuts on Taiwanese imports and new Taiwanese investments in US semiconductor, energy, and AI sectors, including a substantial commitment from Taiwan Semiconductor Manufacturing (TSMC). These changes could enhance TSMC's competitiveness and deeply integrate it into US high-tech build-outs, influencing its production, partnerships, and capital spending. While this offers increased demand access, investors should also consider the potential for higher fixed costs, execution complexity, and political expectations associated with greater US exposure.",0.310364,Somewhat-Bullish,1.000000,0.487621,Bullish
20260219T025748,TSM,Taiwan Semiconductor,Driehaus Capital Trims Taiwan Semiconductor Stake by 79K,TipRanks,https://www.tipranks.com/news/company-announcements/driehaus-capital-trims-taiwan-semiconductor-stake-by-79k,"Driehaus Capital Management LLC, managed by Richard Driehaus, has reduced its holdings in Taiwan Semiconductor Manufacturing Company Limited (TSM) by 79,824 shares. Despite this trim by Driehaus, TSMC shares have seen significant growth, rising about 80% over the past year and 17–23% year-to-date, driven by strong AI-related growth expectations and a 36.8% YoY January revenue increase. Wall Street analysts generally maintain a ""Strong Buy"" rating with price targets indicating further upside, although the stock's valuation appears rich at approximately 32x earnings.",0.117244,Neutral,1.000000,0.257886,Somewhat-Bullish
20260219T085748,TSM,Taiwan Semiconductor,DA Davidson Assigns TSMC (TSM) a Buy Rating Amid AI Demand Growth,Insider Monkey,https://www.insidermonkey.com/blog/da-davidson-assigns-tsmc-tsm-a-buy-rating-amid-ai-demand-growth-1698737/,"DA Davidson initiated coverage of Taiwan Semiconductor Manufacturing Company Limited (TSM) with a Buy rating and a $450 price target, citing the company's strong execution and competitive advantage in leading-edge manufacturing, particularly with growing demand for AI processing. The firm highlighted TSMC's ability to industrialize architectural transitions into predictable, high-volume platforms. While acknowledging TSM's potential, the article also suggests exploring other AI stocks with potentially higher returns.",0.185594,Somewhat-Bullish,0.304907,0.032771,Neutral
20260219T195748,TSM,Taiwan Semiconductor,Where Will TSMC Stock Be in 3 Years?,The Globe and Mail,https://www.theglobeandmail.com/investing/markets/stocks/AVGO/pressreleases/312569/where-will-tsmc-stock-be-in-3-years/,"Taiwan Semiconductor Manufacturing (TSMC) is poised for significant growth, driven largely by the expanding artificial intelligence (AI) market. The company projects a 25% compound annual growth rate (CAGR) for revenue through 2029, suggesting a potential near-doubling of earnings and a market capitalization approaching $3 trillion. As a key foundry for major chip designers like Nvidia and AMD, TSMC's integral role in AI infrastructure positions it as a strong investment.",0.363638,Bullish,1.000000,0.619252,Bullish
20260220T033125,TSM,Taiwan Semiconductor,Gilder Gagnon Howe Trims Taiwan Semiconductor Stake Position,The Globe and Mail,https://www.theglobeandmail.com/investing/markets/stocks/TSM/pressreleases/320200/gilder-gagnon-howe-trims-taiwan-semiconductor-stake-position/,"Gilder Gagnon Howe & Co LLC, managed by Travis Knapp Anderson, recently reduced its stake in Taiwan Semiconductor Manufacturing Company Limited (TSM) by 2,415 shares. Despite this, TSMC shares have surged over 80% in the past year, driven by strong revenue and AI-focused capital expenditure, maintaining a ""Strong Buy"" analyst consensus. Spark, TipRanks’ AI Analyst, rates TSM as ""Outperform"" due to its excellent financial performance and strong earnings outlook, though cautions about its extended technical setup and relatively rich valuation.",0.116435,Neutral,1.000000,0.120410,Neutral
20260220T033125,TSM,Taiwan Semiconductor,Mairs & Power Inc Trims Taiwan Semiconductor Stake,TipRanks,https://www.tipranks.com/news/company-announcements/mairs-power-inc-trims-taiwan-semiconductor-stake,"Mairs & Power Inc, managed by Bill Frels, has reduced its stake in Taiwan Semiconductor Manufacturing Company Limited (TSM) by selling 8,718 shares. Despite this trimming, TSMC has seen an 80%+ surge over the past year and significant year-to-date gains, driven by strong revenue growth and AI-related capital expenditures. TipRanks' AI Analyst, Spark, rates TSM as ""Outperform"" due to excellent financial performance and a constructive earnings outlook, though it notes an extended technical setup and relatively rich valuation.",0.232651,Somewhat-Bullish,1.000000,0.209311,Somewhat-Bullish
20260220T033125,TSM,Taiwan Semiconductor,"Blue Grotto Capital Boosts Taiwan Semiconductor Stake by 28,794",The Globe and Mail,https://www.theglobeandmail.com/investing/markets/stocks/TSM/pressreleases/320212/blue-grotto-capital-boosts-taiwan-semiconductor-stake-by-28794/,"Blue Grotto Capital, managed by Ben Gordon, has significantly increased its stake in Taiwan Semiconductor Manufacturing Company Limited (TSM) by 28,794 shares. This move comes as TSM shares have shown strong performance, up about 80% over the past year, driven by robust January revenue and AI-related capital expenditure plans. TipRanks' AI Analyst rates TSM as an ""Outperform"" due to excellent financial performance and a strong earnings outlook, despite some concerns about valuation and technical indicators.",0.411271,Bullish,1.000000,0.423627,Bullish
20260220T201352,TSM,Taiwan Semiconductor,"The Best Stocks to Buy With $10,000 Right Now",The Globe and Mail,https://www.theglobeandmail.com/investing/markets/stocks/AMZN/pressreleases/335767/the-best-stocks-to-buy-with-10000-right-now/,"This article identifies five top tech stocks—Taiwan Semiconductor Manufacturing, Nvidia, Broadcom, Microsoft, and Amazon—that present strong buying opportunities despite recent market fluctuations. The author argues that while some tech giants are at all-time highs like the S&P 500, others are significantly down, offering a chance for investors to capitalize on a potential market pivot. The selection emphasizes companies poised to benefit from the ongoing AI boom, with particular attention to hardware providers and software giants that have recently seen unjustified sell-offs.",0.391846,Bullish,0.970466,0.464785,Bullish
20260221T073951,TSM,Taiwan Semiconductor,1 Company Set to Make a Fortune from the $650 Billion Data Center Buildout,The Globe and Mail,https://www.theglobeandmail.com/investing/markets/stocks/META/pressreleases/343178/1-company-set-to-make-a-fortune-from-the-650-billion-data-center-buildout/,"Taiwan Semiconductor (TSM) is positioned as a primary beneficiary of the estimated $650 billion data center buildout by major AI hyperscalers such as Amazon, Microsoft, Alphabet, and Meta Platforms. As the world's leading chip foundry, TSM manufactures chips for key players like Nvidia, AMD, and Broadcom, ensuring its involvement regardless of specific hardware choices. The company projects a nearly 60% compound annual growth rate for AI chip revenue between 2024 and 2029, and its stock is currently valued at 26 times forward earnings, presenting a compelling investment opportunity despite its recent price appreciation.",0.280529,Somewhat-Bullish,1.000000,0.414876,Bullish
20260221T080651,TSM,Taiwan Semiconductor,Taiwan Semiconductor Set to Benefit from Surge in AI Spending,Intellectia AI,https://intellectia.ai/news/stock/taiwan-semiconductor-set-to-benefit-from-surge-in-ai-spending,"Taiwan Semiconductor (TSM) is expected to significantly benefit from the surge in AI spending, with major AI hyperscalers projected to spend around $650 billion on data center capital expenditures by 2026. TSM is considered uniquely positioned in the AI chip market, serving clients like Nvidia and AMD, and anticipates a nearly 60% compound annual growth rate in AI chip revenue from 2024 to 2029. Despite this strong growth outlook, the company's stock currently trades at a reasonable price-to-earnings ratio of 26, slightly above the S&P 500's 22, making it an attractive investment in the AI buildout.",0.022352,Neutral,0.340229,0.022015,Neutral
20260221T153349,TSM,Taiwan Semiconductor,"Biden-Harris Administration Announces Preliminary Terms with TSMC, Expanded Investment from Company to Bring World’s Most Advanced Leading-Edge Technology to the U.S.",National Institute of Standards and Technology (.gov),https://www.nist.gov/news-events/news/2024/04/biden-harris-administration-announces-preliminary-terms-tsmc-expanded,"The Biden-Harris Administration, through the U.S. Department of Commerce, has signed a non-binding preliminary memorandum of terms with TSMC Arizona Corporation to provide up to $6.6 billion in direct funding under the CHIPS and Science Act. This funding will support TSMC's investment of over $65 billion in three advanced semiconductor manufacturing fabs in Phoenix, Arizona, significantly boosting U.S. domestic chip production. The expansion includes bringing 2nm technology to the U.S. and creating thousands of jobs, aiming to strengthen U.S. economic and national security by ensuring a reliable domestic supply of advanced semiconductors crucial for AI, high-performance computing, and other critical technologies.",0.804556,Bullish,1.000000,0.820238,Bullish
20260221T213656,TSM,Taiwan Semiconductor,Mairs & Power Inc Trims Taiwan Semiconductor Stake,The Globe and Mail,https://www.theglobeandmail.com/investing/markets/stocks/TSM/pressreleases/340603/mairs-power-inc-trims-taiwan-semiconductor-stake/,"Mairs & Power Inc, managed by Bill Frels, reduced its stake in Taiwan Semiconductor Manufacturing Company Limited (TSM) by 8,718 shares. Despite this trim, TSM has seen an 80%+ one-year surge and 7–23% YTD gains, fueled by strong January revenue and AI-driven capital expenditure plans. While Wall Street maintains a ""Strong Buy"" rating with price targets around $397–$410, some analysts note the stock's rich ~32x P/E ratio and overbought signals.",0.296612,Somewhat-Bullish,0.961108,0.254898,Somewhat-Bullish
20260221T233605,TSM,Taiwan Semiconductor,"ASU, TSMC announce partnership for workforce and research innovation",ASU News,https://news.asu.edu/20230727-arizona-impact-asu-tsmc-announce-partnership-workforce-and-research-innovation,"Arizona State University (ASU) and Taiwan Semiconductor Manufacturing Company (TSMC) have announced a partnership focused on student support, training, recruitment, and faculty research. This collaboration aims to enhance educational outcomes, expand the talent pipeline for TSMC's Phoenix fabrication plant, provide professional development for the existing workforce, and support faculty research. The initiative will benefit the semiconductor industry in the region, creating jobs and boosting the local economy.",0.444144,Bullish,1.000000,0.437775,Bullish
20260222T004117,TSM,Taiwan Semiconductor,"Coatue Management Boosts Taiwan Semiconductor Stake by 556,988 Shares",The Globe and Mail,https://www.theglobeandmail.com/investing/markets/stocks/TSM/pressreleases/340749/coatue-management-boosts-taiwan-semiconductor-stake-by-556988-shares/,"Coatue Management, led by Philippe Laffont, increased its stake in Taiwan Semiconductor Manufacturing Company Limited (TSM) by 556,988 shares. This comes as TSM's stock has seen significant growth, driven by strong January revenue and AI-focused capital expenditure plans. Despite rich valuations and an overbought technical setup, TipRanks' AI Analyst, Spark, rates TSM as Outperform due to excellent financial performance and a constructive earnings outlook.",0.49871,Bullish,1.000000,0.490187,Bullish
20260222T020730,TSM,Taiwan Semiconductor,Arizona build-to-rent breaks ground near new semiconductor plant,Multifamily Dive,https://www.multifamilydive.com/news/arizona-build-to-rent-new-semiconductor-plant-taiwan-semiconductor/648432/,"Empire Group of Cos. has begun construction on Village at Pleasant River, a 297-unit build-to-rent community in Peoria, Arizona, costing $91.6 million. This project aims to house workers for the new Taiwan Semiconductor Manufacturing Co. (TSMC) plant, which is expected to open in 2024 and create 1,900 jobs. The TSMC facility reflects a significant investment in the area, and Peoria's population has been growing, contributing to high demand for new housing developments like Village at Pleasant River.",0.335109,Somewhat-Bullish,1.000000,0.450912,Bullish
20260222T210251,TSM,Taiwan Semiconductor,TSMC Will Start Making 2nm Chips As Intel Tries to Catch Up,Gizmodo,https://gizmodo.com/tsmc-will-start-making-2nm-chips-as-intel-tries-to-catc-1847381091,"Taiwan has approved TSMC's plans to build a new plant for 2-nanometer chips, with construction expected to start in early 2022 and production slated for 2023. This development poses a challenge for Intel, which aims for process parity by 2024 and leadership by 2025, given TSMC's aggressive timeline for advanced chip manufacturing. Despite missing its own sustainability goals in 2020, TSMC's expansion plans, including facilities in China and Arizona, are critical for Taiwan's economy and global semiconductor supply.",0.138173,Neutral,1.000000,0.414263,Bullish
20260223T063754,TSM,Taiwan Semiconductor,Assessing Taiwan Semiconductor Manufacturing’s Valuation After Strong Recent Share Price Momentum,Simply Wall Street,https://simplywall.st/stocks/us/semiconductors/nyse-tsm/taiwan-semiconductor-manufacturing/news/assessing-taiwan-semiconductor-manufacturings-valuation-afte/amp,"Taiwan Semiconductor Manufacturing (TSM) has experienced significant share price momentum, leading to a closer look at its valuation. While one narrative suggests TSM is 7.4% undervalued with a fair value of $400 due to its role in AI infrastructure, a discounted cash flow model indicates it may be overvalued with a fair value of $298.96. Investors are encouraged to review both perspectives and consider risks such as dependence on AI chip demand and geopolitical tensions.",0.104709,Neutral,0.974816,0.109992,Neutral
20260223T210829,TSM,Taiwan Semiconductor,"The Smartest Growth Stocks to Buy With $1,000 Right Now",The Globe and Mail,https://www.theglobeandmail.com/investing/markets/stocks/TSM-N/pressreleases/372716/the-smartest-growth-stocks-to-buy-with-1-000-right-now/,"This article recommends Taiwan Semiconductor Manufacturing (TSMC) and Meta Platforms (META) as smart growth stocks to buy with $1,000. TSMC is highlighted for its near-monopoly in advanced chip manufacturing, critical for AI, while Meta is praised for leveraging AI to boost ad revenue through improved recommendation engines and advertiser tools. The piece emphasizes both companies' strong positions in their respective markets and their alignment with the growing AI trend.",0.448143,Bullish,1.000000,0.647752,Bullish
20260225T125327,TSM,Taiwan Semiconductor,Taiwan Semiconductor Manufacturing Company Ltd. $TSM is Ramirez Asset Management Inc.'s Largest Position,MarketBeat,https://www.marketbeat.com/instant-alerts/filing-taiwan-semiconductor-manufacturing-company-ltd-tsm-is-ramirez-asset-management-incs-largest-position-2026-02-25/,"Ramirez Asset Management Inc. has identified Taiwan Semiconductor Manufacturing Company Ltd. (TSM) as its largest holding, despite selling a portion of its shares in Q3, demonstrating conviction in the semiconductor giant. TSM exhibits strong financial performance with high EPS and revenue, driven by AI demand and strategic deals, positioning it favorably in the market. While facing potential headwinds like overseas fab expansion costs and macroeconomic uncertainties, the company benefits from positive analyst sentiment and significant institutional investment.",0.382464,Bullish,1.000000,0.519772,Bullish
20260225T185327,TSM,Taiwan Semiconductor,Advanced Apple Silicon remains tied to Taiwan despite Arizona fab expansion,AppleInsider,https://appleinsider.com/articles/26/02/25/advanced-apple-silicon-remains-tied-to-taiwan-despite-arizona-fab-expansion,"Apple's expansion of semiconductor manufacturing in Arizona and Texas is primarily aimed at reducing geopolitical risk and strengthening supply chain resilience rather than bringing back large-scale U.S. factory jobs. While TSMC's Arizona fab can produce some Apple Silicon chips like the A16, advanced chips such as the A19 in the iPhone 17 and M5 still rely on Taiwan due to its leading process nodes, engineering talent, and established supply networks. The U.S. strategy is a long-term hedge to protect against supply disruptions, but Taiwan remains central to Apple's most sophisticated silicon manufacturing.",0.171365,Somewhat-Bullish,0.977206,0.291818,Somewhat-Bullish
20260225T185327,TSM,Taiwan Semiconductor,TSMC Raises Dividend 28% While 38% Revenue Growth Reframes the Geopolitical Risk,24/7 Wall St.,https://247wallst.com/investing/2026/02/25/tsmc-raises-dividend-28-while-38-revenue-growth-reframes-the-geopolitical-risk/,"Taiwan Semiconductor Manufacturing (TSM) has raised its 2026 annual dividend by 28% and projected 38% revenue growth for Q1 2026, driven by strong AI chip demand. Despite these robust financial indicators and its dominant 70% share of the global foundry market, geopolitical risks concerning Taiwan remain a key concern for investors and analysts, influencing social sentiment. The company is actively addressing this by expanding its U.S. chipmaking investments while maintaining strong long-term profitability goals.",0.348893,Somewhat-Bullish,0.996584,0.482604,Bullish
20260226T135205,TSM,Taiwan Semiconductor,TSMC Expands Global Fabs As AI Demand Fuels Growth And Risks,Simply Wall St,https://simplywall.st/stocks/us/semiconductors/nyse-tsm/taiwan-semiconductor-manufacturing/news/tsmc-expands-global-fabs-as-ai-demand-fuels-growth-and-risks,"Taiwan Semiconductor Manufacturing (TSMC) is expanding its global production footprint, with new facilities in the U.S., Japan, Taiwan, and Europe, driven by surging demand for AI and high-performance computing chips. While these investments include significant capital expenditure and come with risks like increased execution complexity and geopolitical tensions, TSMC reported strong Q4 2025 margins and earnings growth. Investors are watching how effectively the company will manage costs, maintain margins, and scale these new operations to meet continued demand from major tech customers.",0.269213,Somewhat-Bullish,1.000000,0.323244,Somewhat-Bullish
20260227T125230,TSM,Taiwan Semiconductor,Taiwan Semiconductor Manufacturing Company Ltd. $TSM Position Raised by Handelsbanken Fonder AB,MarketBeat,https://www.marketbeat.com/instant-alerts/filing-taiwan-semiconductor-manufacturing-company-ltd-tsm-position-raised-by-handelsbanken-fonder-ab-2026-02-27/,"Handelsbanken Fonder AB increased its stake in Taiwan Semiconductor Manufacturing Company Ltd. (TSM) by 14% in the third quarter, signaling continued institutional interest in the semiconductor giant. The company reported strong earnings and revenue, maintains a ""Buy"" consensus rating from analysts, and recently announced a quarterly dividend. TSM's stock is trading near 52-week highs, reflecting its strong financial performance and dominant position in the AI chip manufacturing sector, although some profit-taking and geopolitical risks are noted.",0.371157,Bullish,1.000000,0.403491,Bullish
20260227T135230,TSM,Taiwan Semiconductor,US Bancorp DE Increases Position in Taiwan Semiconductor Manufacturing Company Ltd. $TSM,MarketBeat,https://www.marketbeat.com/instant-alerts/filing-us-bancorp-de-increases-position-in-taiwan-semiconductor-manufacturing-company-ltd-tsm-2026-02-27/,"US Bancorp DE has increased its stake in Taiwan Semiconductor Manufacturing (TSM) by 2.3% in Q3, acquiring an additional 8,610 shares. This brings their total holdings to 382,636 shares, valued at $106.87 million. The company reported strong quarterly earnings with $3.11 EPS on $30.65 billion in revenue and maintains an average ""Buy"" rating from analysts with a price target of $391.43.",0.256421,Somewhat-Bullish,1.000000,0.249974,Somewhat-Bullish
20260227T175230,TSM,Taiwan Semiconductor,Taiwan Semiconductor Puts Global Tech Supply Chains Under Geopolitical Scrutiny,Simply Wall St,https://simplywall.st/stocks/us/semiconductors/nyse-tsm/taiwan-semiconductor-manufacturing/news/taiwan-semiconductor-puts-global-tech-supply-chains-under-ge,"A new risk assessment highlights the significant exposure of U.S. tech supply chains to potential geopolitical disruptions in Taiwan, specifically focusing on Taiwan Semiconductor Manufacturing (TSMC). Any interruption to TSMC's advanced chip exports could widely impact global technology hardware and services. While TSMC's scale and technological edge give it a dominant position, its concentration in Taiwan creates a single point of failure that governments worldwide are trying to mitigate through massive investments in new fabrication plants outside of Taiwan.",0.101978,Neutral,1.000000,-0.222489,Somewhat-Bearish
20260228T085214,TSM,Taiwan Semiconductor,"Allianz SE Acquires 2,700 Shares of Taiwan Semiconductor Manufacturing Company Ltd. $TSM",MarketBeat,https://www.marketbeat.com/instant-alerts/filing-allianz-se-acquires-2700-shares-of-taiwan-semiconductor-manufacturing-company-ltd-tsm-2026-02-28/,"Allianz SE increased its stake in Taiwan Semiconductor Manufacturing Company Ltd. (TSM) by 13.5%, acquiring an additional 2,700 shares to own a total of 22,634 shares valued at $6.32 million. Analysts maintain a generally bullish outlook on TSM with an average ""Buy"" rating and a target price of approximately $391.43, driven by strong quarterly results and positive demand catalysts such as Apple's chip orders and hyperscaler AI spending. The company reported robust earnings of $3.11 EPS on $30.65 billion revenue, alongside healthy net margins and return on equity, while also announcing a quarterly dividend of $0.9503 per share.",0.042711,Neutral,0.301654,0.049074,Neutral
20260228T125129,TSM,Taiwan Semiconductor,Huntington National Bank Grows Position in Taiwan Semiconductor Manufacturing Company Ltd. $TSM,MarketBeat,https://www.marketbeat.com/instant-alerts/filing-huntington-national-bank-grows-position-in-taiwan-semiconductor-manufacturing-company-ltd-tsm-2026-02-28/,"Huntington National Bank significantly increased its stake in Taiwan Semiconductor Manufacturing Company Ltd. (TSM) by 755% in the third quarter, acquiring an additional 219,251 shares. This move brings their total holdings to 248,289 shares, valued at approximately $69.3 million. The article highlights TSM's strong financial performance, a consensus ""Buy"" rating from analysts, and key market catalysts such as a confirmed order from Apple and massive AI infrastructure spending, balanced by geopolitical risks and valuation concerns.",0.120799,Neutral,1.000000,0.452162,Bullish
20260228T135129,TSM,Taiwan Semiconductor,"TIAA Trust National Association Sells 26,019 Shares of Taiwan Semiconductor Manufacturing Company Ltd. $TSM",MarketBeat,https://www.marketbeat.com/instant-alerts/filing-tiaa-trust-national-association-sells-26019-shares-of-taiwan-semiconductor-manufacturing-company-ltd-tsm-2026-02-28/,"TIAA Trust National Association reduced its stake in Taiwan Semiconductor Manufacturing Company Ltd. (TSM) by 25.4% during the third quarter, selling 26,019 shares and retaining 76,245 shares valued at $21.29 million. Despite this, several other institutional investors increased their holdings in TSM. The article highlights TSM's strong recent financial performance, significant demand catalysts like Apple's chip orders and hyperscaler AI spending, alongside geopolitical risks and analyst ratings predicting a ""Buy"" with an average target price of $391.43.",0.074273,Neutral,1.000000,0.314895,Somewhat-Bullish
20260228T205129,TSM,Taiwan Semiconductor,TSMC Supply Chain Risks And Valuation Tensions Draw Investor Focus,Simply Wall St,https://simplywall.st/stocks/us/semiconductors/nyse-tsm/taiwan-semiconductor-manufacturing/news/tsmc-supply-chain-risks-and-valuation-tensions-draw-investor,"Global policymakers and investors are increasingly concerned about the potential for disruption to Taiwan's semiconductor exports, placing Taiwan Semiconductor Manufacturing (TSMC) at the center of attention due to the U.S. tech sector's heavy reliance on its advanced chips. This focus shifts the investment narrative for TSMC from earnings to concentration risk and supply chain resilience, prompting governments and customers to support diversified production outside Taiwan. Investors are advised to monitor the location of new fabrication plants, supply agreements, and TSMC's P/E ratio, while also being aware of the flagged risk of high non-cash earnings.",0.076061,Neutral,1.000000,0.013719,Neutral
20260301T095214,TSM,Taiwan Semiconductor,Arete Wealth Advisors LLC Boosts Position in Taiwan Semiconductor Manufacturing Company Ltd. $TSM,MarketBeat,https://www.marketbeat.com/instant-alerts/filing-arete-wealth-advisors-llc-boosts-position-in-taiwan-semiconductor-manufacturing-company-ltd-tsm-2026-03-01/,"Arete Wealth Advisors LLC significantly increased its stake in Taiwan Semiconductor Manufacturing Company Ltd. (TSM) by 38.2% in Q3, now holding 16,211 shares valued at $4.53 million. This move comes as TSM reported strong quarterly earnings and secured a major deal with Apple for over 100 million chips from its Arizona facility, validating its U.S. fab strategy. Analysts maintain a bullish outlook on TSM, with an average ""Buy"" rating and a price target of $391.43, driven by positive news including ASML's advanced lithography tools becoming market-ready and huge hyperscaler spending on AI infrastructure.",0.323425,Somewhat-Bullish,1.000000,0.522963,Bullish
20260301T125214,TSM,Taiwan Semiconductor,"Transce3nd LLC Sells 1,888 Shares of Taiwan Semiconductor Manufacturing Company Ltd. $TSM",MarketBeat,https://www.marketbeat.com/instant-alerts/filing-transce3nd-llc-sells-1888-shares-of-taiwan-semiconductor-manufacturing-company-ltd-tsm-2026-03-01/,"Transce3nd LLC significantly reduced its stake in Taiwan Semiconductor Manufacturing Company Ltd. (NYSE:TSM) by 94% in Q3, selling 1,888 shares and retaining 121 shares valued at $34,000. Despite this sale, several other large institutional investors, including Brown Advisory Inc. and Arrowstreet Capital, substantially increased their holdings in TSM. The article highlights positive news for TSM, such as strong earnings, analyst upgrades, Apple's commitment to purchasing chips from its Arizona facility, and increased demand for AI infrastructure.",0.239406,Somewhat-Bullish,1.000000,0.433127,Bullish
20260301T135214,TSM,Taiwan Semiconductor,"William Blair Investment Management LLC Sells 200,097 Shares of Taiwan Semiconductor Manufacturing Company Ltd. $TSM",MarketBeat,https://www.marketbeat.com/instant-alerts/filing-william-blair-investment-management-llc-sells-200097-shares-of-taiwan-semiconductor-manufacturing-company-ltd-tsm-2026-03-01/,"William Blair Investment Management LLC has reduced its stake in Taiwan Semiconductor Manufacturing Company Ltd. (TSM) by 3.0%, selling 200,097 shares and now owning 6,422,158 shares valued at $1.79 billion. Despite this sale, TSM remains the firm's third-largest position, accounting for 4.6% of its portfolio. The company reported strong Q4 earnings with $3.11 EPS and $30.65 billion revenue, maintains a ""Buy"" consensus rating with an average price target of $391.43, and announced a quarterly dividend of $0.9503.",0.268374,Somewhat-Bullish,1.000000,0.459905,Bullish
20260302T115248,TSM,Taiwan Semiconductor,Journey Strategic Wealth LLC Raises Holdings in Taiwan Semiconductor Manufacturing Company Ltd. $TSM,MarketBeat,https://www.marketbeat.com/instant-alerts/filing-journey-strategic-wealth-llc-raises-holdings-in-taiwan-semiconductor-manufacturing-company-ltd-tsm-2026-03-02/,"Journey Strategic Wealth LLC significantly increased its stake in Taiwan Semiconductor Manufacturing Company (TSM) by 30.5% in Q3, bringing its holdings to 6,761 shares valued at $1.888 million. Major institutions like Massachusetts Financial Services, Bank of America, Jennison, and AllianceBernstein also boosted their TSM positions, contributing to the stock's 16.51% institutional ownership. Analysts maintain a ""Buy"" rating with an average target of $391.43, driven by strong quarterly results, significant chip orders from Apple, ASML's advanced lithography tools, and surging AI infrastructure spending, though geopolitical and valuation risks persist.",0.261649,Somewhat-Bullish,1.000000,0.470863,Bullish
20260302T115248,TSM,Taiwan Semiconductor,Taiwan Semiconductor Manufacturing Company Ltd. $TSM is Fisher Asset Management LLC's 9th Largest Position,MarketBeat,https://www.marketbeat.com/instant-alerts/filing-taiwan-semiconductor-manufacturing-company-ltd-tsm-is-fisher-asset-management-llcs-9th-largest-position-2026-03-02/,"Fisher Asset Management LLC increased its stake in Taiwan Semiconductor Manufacturing (TSM) by 1.0% in Q3, making it their 9th largest holding. The company reported strong quarterly results with $3.11 EPS and $30.65 billion in revenue, driven by significant demand for AI-related chips and a commitment from Apple to purchase over 100 million chips from TSM's Arizona facility. Despite geopolitical risks and valuation concerns, analysts maintain a consensus ""Buy"" rating with a price target of $391.43.",0.276548,Somewhat-Bullish,1.000000,0.426031,Bullish
20260302T135248,TSM,Taiwan Semiconductor,Waverton Investment Management Ltd Lowers Position in Taiwan Semiconductor Manufacturing Company Ltd. $TSM,MarketBeat,https://www.marketbeat.com/instant-alerts/filing-waverton-investment-management-ltd-lowers-position-in-taiwan-semiconductor-manufacturing-company-ltd-tsm-2026-03-02/,"Waverton Investment Management Ltd reduced its stake in Taiwan Semiconductor Manufacturing Company Ltd. (TSM) by 16.1% in the third quarter, selling 184,567 shares but still holding 959,934 shares valued at $268.04 million. Despite this reduction, TSM remains Waverton's 14th largest holding and forms 3.4% of its portfolio. Analyst sentiment for TSM remains positive, with a consensus ""Buy"" rating and an average target price of $391.43, and the company recently reported strong earnings and announced a quarterly dividend.",0.213097,Somewhat-Bullish,1.000000,0.222613,Somewhat-Bullish
20260303T025248,TSM,Taiwan Semiconductor,Examining Taiwan Semiconductor Manufacturing (NYSE:TSM) Valuation After Strong Multi‑Year Shareholder Returns,Simply Wall Street,https://simplywall.st/stocks/us/semiconductors/nyse-tsm/taiwan-semiconductor-manufacturing/news/examining-taiwan-semiconductor-manufacturing-nysetsm-valuati,"Taiwan Semiconductor Manufacturing (TSM) has shown strong share price performance over the past few years, driven by its role in high-performance computing and AI chip demand. While a popular narrative suggests TSM is 7.7% undervalued with a fair value of $400, a discounted cash flow (DCF) model indicates it might be overvalued at its current price of $369.11, with an estimated future cash flow value of $289.81. The article advises investors to consider both views and conduct further research into the company's financials and risks.",0.347694,Somewhat-Bullish,1.000000,0.475073,Bullish
20260304T092653,TSM,Taiwan Semiconductor,Billionaire Stanley Druckenmiller Dumped 2 of His Top Performers -- Teva and Taiwan Semiconductor -- and Made This Sector-Based ETF His Fund's New No. 2 Holding,The Globe and Mail,https://www.theglobeandmail.com/investing/markets/stocks/INTC/pressreleases/553095/billionaire-stanley-druckenmiller-dumped-2-of-his-top-performers-teva-and-taiwan-semiconductor-and-made-this-sector-based-etf-his-funds-new-no-2-holding/,"Billionaire investor Stanley Druckenmiller, of Duquesne Family Office, significantly reduced his stakes in Teva Pharmaceutical Industries and Taiwan Semiconductor Manufacturing (TSMC) during the fourth quarter, taking profits after both stocks performed exceptionally well. Concurrently, Druckenmiller made a substantial investment in the State Street Financial Select Sector SPDR ETF (XLF), making it his fund's second-largest holding, possibly signaling optimism for the U.S. economy and the banking sector despite recent interest rate easing. His move suggests a potential view on inflation or future interest rate stabilization.",-0.240401,Somewhat-Bearish,1.000000,-0.242158,Somewhat-Bearish
20260304T093253,TSM,Taiwan Semiconductor,Apple Orders More Arizona Chips As TSMC Valuation Premium Draws Focus,Simply Wall Street,https://simplywall.st/stocks/us/semiconductors/nyse-tsm/taiwan-semiconductor-manufacturing/news/apple-orders-more-arizona-chips-as-tsmc-valuation-premium-dr,"Apple has significantly increased its orders for advanced chips from Taiwan Semiconductor Manufacturing (TSMC)'s Arizona facility, indicating a stronger tie and greater localization of chip production in the US. This move highlights TSMC's central role in high-end chip manufacturing and could influence how investors view its future footprint in the American chip ecosystem given its current valuation premium. Investors should monitor Arizona utilization, US capacity expansion, and high non-cash earnings as the company's US operations scale.",0.369403,Bullish,1.000000,0.423220,Bullish
20260304T094653,TSM,Taiwan Semiconductor,Taiwan Semiconductor Manufacturing Company Ltd. $TSM Shares Sold by Deepwater Asset Management LLC,MarketBeat,https://www.marketbeat.com/instant-alerts/filing-taiwan-semiconductor-manufacturing-company-ltd-tsm-shares-sold-by-deepwater-asset-management-llc-2026-03-04/,"Deepwater Asset Management LLC significantly reduced its stake in Taiwan Semiconductor Manufacturing Company Ltd. (NYSE:TSM) by 90.8% in the third quarter, selling 66,121 shares and now owning 6,685 shares. Despite this, other institutional investors like Fisher Asset Management LLC and Massachusetts Financial Services Co. MA increased their holdings in TSM. The article also notes TSM's recent dividend declaration, trading statistics, and various analyst ratings, with the company currently holding an average ""Buy"" rating.",-0.11538,Neutral,1.000000,-0.107518,Neutral
20260304T095237,TSM,Taiwan Semiconductor,Picton Mahoney Asset Management Decreases Position in Taiwan Semiconductor Manufacturing Company Ltd. $TSM,MarketBeat,https://www.marketbeat.com/instant-alerts/filing-picton-mahoney-asset-management-decreases-position-in-taiwan-semiconductor-manufacturing-company-ltd-tsm-2026-03-04/,"Picton Mahoney Asset Management reduced its stake in Taiwan Semiconductor Manufacturing Company Ltd. (NYSE:TSM) by 20.9% in Q3, selling 21,511 to hold 81,449 shares worth $22.748 million. Despite this, other institutions like Fisher Asset Management and Massachusetts Financial Services Co. increased their holdings. TSM reported strong financials, including $3.11 EPS and $30.65 billion in revenue, declared a $0.9503 quarterly dividend, and holds a consensus ""Buy"" rating with an average price target of $391.43.",0.057352,Neutral,1.000000,-0.137469,Neutral
20260305T085900,TSM,Taiwan Semiconductor,"ARK Investment Management LLC Purchases 43,098 Shares of Taiwan Semiconductor Manufacturing Company Ltd. $TSM",MarketBeat,https://www.marketbeat.com/instant-alerts/filing-ark-investment-management-llc-purchases-43098-shares-of-taiwan-semiconductor-manufacturing-company-ltd-tsm-2026-03-05/,"ARK Investment Management LLC increased its stake in Taiwan Semiconductor Manufacturing Company Ltd. (TSM) by 6.2%, purchasing an additional 43,098 shares to bring its total holdings to 742,028 shares, valued at approximately $207.24 million. Despite TSM being a significant beneficiary of AI-driven demand and holding a ""Buy"" rating from analysts with an average price target of $391.43, the stock has experienced mixed sentiment due to recent large fund outflows and some high-profile investors trimming their positions. The company reported strong financial results, including $3.11 EPS and a 45.1% net margin last quarter, and declared a quarterly dividend.",0.142409,Neutral,1.000000,0.104778,Neutral
20260305T105126,TSM,Taiwan Semiconductor,"Orion Porfolio Solutions LLC Sells 3,611 Shares of Taiwan Semiconductor Manufacturing Company Ltd. $TSM",MarketBeat,https://www.marketbeat.com/instant-alerts/filing-orion-porfolio-solutions-llc-sells-3611-shares-of-taiwan-semiconductor-manufacturing-company-ltd-tsm-2026-03-05/,"Orion Portfolio Solutions LLC reduced its stake in Taiwan Semiconductor Manufacturing Company Ltd. (TSM) by 2.6%, selling 3,611 shares, though its remaining 137,499 shares are valued at $38.402 million. Despite recent investor trimming and geopolitical risks, TSM reported strong financials with $3.11 EPS and $30.65 billion in revenue, maintaining a consensus ""Buy"" rating and benefiting from significant AI-driven capital expenditure. Institutional investors collectively own 16.51% of the company's stock, even as some high-profile investors have taken profits.",0.279902,Somewhat-Bullish,1.000000,0.262261,Somewhat-Bullish
20260305T105126,TSM,Taiwan Semiconductor,JT Stratford LLC Has $3.98 Million Stake in Taiwan Semiconductor Manufacturing Company Ltd. $TSM,MarketBeat,https://www.marketbeat.com/instant-alerts/filing-jt-stratford-llc-has-398-million-stake-in-taiwan-semiconductor-manufacturing-company-ltd-tsm-2026-03-05/,"JT Stratford LLC significantly increased its stake in Taiwan Semiconductor Manufacturing Company Ltd. (TSM) by 19.3% in Q3, investing an additional $3.98 million. This move comes as the semiconductor giant reports strong financial performance with $3.11 EPS and $30.65 billion in revenue, maintaining a ""Buy"" consensus rating among analysts with a target price of $391.43. Despite some recent profit-taking and fund outflows, TSM's position as a key beneficiary of AI-driven demand continues to attract institutional investors.",0.297457,Somewhat-Bullish,1.000000,0.260882,Somewhat-Bullish
20260305T135126,TSM,Taiwan Semiconductor,Is It Too Late To Consider Taiwan Semiconductor Manufacturing (NYSE:TSM) After A 96% One Year Surge,Simply Wall St,https://simplywall.st/stocks/us/semiconductors/nyse-tsm/taiwan-semiconductor-manufacturing/news/is-it-too-late-to-consider-taiwan-semiconductor-manufacturin-5,"This article analyzes Taiwan Semiconductor Manufacturing (NYSE:TSM) following a 96% one-year surge, exploring its valuation through different models. While a Discounted Cash Flow (DCF) analysis suggests the stock might be overvalued by 23.3%, a Price-to-Earnings (P/E) ratio comparison indicates it is undervalued relative to the industry average. The article also presents bull and bear case ""Narratives"" to highlight how varying assumptions can lead to different fair value conclusions for investors.",-0.239561,Somewhat-Bearish,1.000000,-0.213468,Somewhat-Bearish
20260305T215126,TSM,Taiwan Semiconductor,Nvidia Suspends H200 AI Chip Production for China Market,Mexico Business News,https://mexicobusiness.news/cloudanddata/news/nvidia-suspends-h200-ai-chip-production-china-market,"Nvidia has halted production of its H200 AI chips intended for the Chinese market, reallocating manufacturing capacity at TSMC to focus on its next-generation Vera Rubin architecture. This strategic shift is a response to tightening US-China semiconductor controls, prolonged export permit delays, and China's push for domestic chip procurement. The move ensures Nvidia prioritizes hardware for Western clients and optimizes production for less restrictive markets, while existing H200 inventory holds for potential limited demand.",0.036915,Neutral,0.307785,0.037366,Neutral
20260306T095126,TSM,Taiwan Semiconductor,"Foresight Global Investors Inc. Makes New $606,000 Investment in Taiwan Semiconductor Manufacturing Company Ltd. $TSM",MarketBeat,https://www.marketbeat.com/instant-alerts/filing-foresight-global-investors-inc-makes-new-606000-investment-in-taiwan-semiconductor-manufacturing-company-ltd-tsm-2026-03-06/,"Foresight Global Investors Inc. has acquired a new position in Taiwan Semiconductor Manufacturing Company Ltd. (NYSE:TSM) by purchasing 2,168 shares valued at $606,000. This investment makes TSMC the 15th largest holding in Foresight Global Investors Inc.'s portfolio, accounting for 0.4% of its total assets. The article also details other institutional investors' activities with TSM stock, recent analyst ratings, and factors influencing the company's performance, including AI-driven demand and regulatory challenges.",0.028529,Neutral,0.313466,0.020224,Neutral
20260306T115200,TSM,Taiwan Semiconductor,Taiwan Semiconductor Manufacturing Company Ltd. $TSM Stock Holdings Trimmed by Pitcairn Co.,MarketBeat,https://www.marketbeat.com/instant-alerts/filing-taiwan-semiconductor-manufacturing-company-ltd-tsm-stock-holdings-trimmed-by-pitcairn-co-2026-03-06/,"Pitcairn Co. reduced its stake in Taiwan Semiconductor Manufacturing (TSMC) by 29.2% in the third quarter, selling 10,127 shares and holding 24,527 shares valued at $6.85 million. Despite this trimming, TSMC is accelerating AI-focused capacity with a new ""mega fab"" and may benefit from Nvidia reallocating production to higher-value chips. The company faces near-term uncertainty due to U.S./China export controls and profit-taking by global funds, but analysts largely maintain a ""Buy"" rating with a consensus price target of $391.43 after a strong quarter.",0.169614,Somewhat-Bullish,1.000000,0.110284,Neutral
20260306T205200,TSM,Taiwan Semiconductor,Taiwan Semiconductor Manufacturing Company Demands Rise as AI-Ready Consumer Devices Surge in Asia,openPR.com,https://www.openpr.com/news/4415874/taiwan-semiconductor-manufacturing-company-demands-rise-as,"The demand for semiconductors from Taiwan Semiconductor Manufacturing Company (TSMC) and other Asian chipmakers is surging due to the increasing integration of AI functionalities into consumer devices like smartphones and laptops. This trend, driven by a shift in consumer behavior towards AI-capable hardware, has led to a significant boost in earnings and orders for these companies. Key regions like Taiwan, Japan, South Korea, Singapore, and Malaysia are adapting to this demand by expanding production, improving supply chains, and investing in specialized AI-specific chip components.",0.266485,Somewhat-Bullish,0.348435,0.000163,Neutral
20260306T225200,TSM,Taiwan Semiconductor,Taiwan Semiconductor Manufacturing (NYSE:TSM) Shares Down 4.4% - Here's Why,MarketBeat,https://www.marketbeat.com/instant-alerts/taiwan-semiconductor-manufacturing-nysetsm-shares-down-44-heres-why-2026-03-06/,"Taiwan Semiconductor Manufacturing (TSM) shares dropped 4.4% on Friday amid mixed signals regarding AI-driven demand and geopolitical risks. While long-term bookings from Broadcom and accelerated fab expansion support future growth, concerns around export controls and Nvidia's capacity reallocation for China-bound products introduce near-term uncertainty. Despite strong fundamentals and generally bullish analyst ratings, these factors contributed to the stock's decline.",0.031515,Neutral,0.329861,0.009962,Neutral
20260307T023900,TSM,Taiwan Semiconductor,"TSMC to hire 8,000 workers in 2026",Focus Taiwan - CNA English News,https://focustaiwan.tw/business/202603070004,"Taiwan Semiconductor Manufacturing Co. (TSMC) announced plans to hire 8,000 new employees in 2026 to support its expansion efforts. The chipmaker is holding recruitment events across Taiwan, including a job fair at National Taiwan University, and is offering an average annual salary of NT$2.2 million to new engineers with master's degrees. TSMC is seeking talent for various technical fields and emerging technologies due to its digital transformation and AI focus.",0.475596,Bullish,1.000000,0.457339,Bullish
20260307T085200,TSM,Taiwan Semiconductor,Angeles Wealth Management LLC Has $3.86 Million Stock Position in Taiwan Semiconductor Manufacturing Company Ltd. $TSM,MarketBeat,https://www.marketbeat.com/instant-alerts/filing-angeles-wealth-management-llc-has-386-million-stock-position-in-taiwan-semiconductor-manufacturing-company-ltd-tsm-2026-03-07/,"Angeles Wealth Management LLC significantly increased its stake in Taiwan Semiconductor Manufacturing Company Ltd. (NYSE:TSM) by 149.3% in the third quarter, bringing its total holdings to $3.86 million. Several other institutional investors have also adjusted their positions in TSM, which currently has a market capitalization of $1.75 trillion and a ""Buy"" consensus rating from analysts with an average target price of $391.43. The company recently cut its quarterly dividend to $0.9503 per share, yielding 1.1% annually.",0.240854,Somewhat-Bullish,1.000000,0.430236,Bullish
20260307T105951,TSM,Taiwan Semiconductor,"Taiwan Semiconductor Manufacturing Co Ltd (TSM) Stock Price, Trades & News",GuruFocus,https://www.gurufocus.com/stock/TSM/summary,"This article provides a detailed overview of Taiwan Semiconductor Manufacturing Co Ltd (TSM), including its current stock price, key financial metrics, business description, and various performance ranks. It highlights TSM's strong market position as the world's largest dedicated chip foundry, particularly its dominance in AI accelerator fabrication, drawing insights from multiple guru commentaries. The article also lists upcoming financial events and recent news headlines related to TSM.",0.038816,Neutral,0.343175,0.025233,Neutral
20260307T165951,TSM,Taiwan Semiconductor,TSMC Fast Tracks Mega Fab To Capture Rising AI Chip Demand,Simply Wall Street,https://simplywall.st/stocks/us/semiconductors/nyse-tsm/taiwan-semiconductor-manufacturing/news/tsmc-fast-tracks-mega-fab-to-capture-rising-ai-chip-demand,"TSMC is fast-tracking a new mega factory after securing environmental clearance to meet the surging demand for AI hardware and advanced chips. This expansion is expected to bolster TSMC's manufacturing capacity and reinforce its position in the global semiconductor supply chain. Investors are closely watching this development, as it highlights TSMC's prioritization of AI-driven orders and its long-term commitment to high-performance computing.",0.297855,Somewhat-Bullish,1.000000,0.480668,Bullish
20260308T095951,TSM,Taiwan Semiconductor,Goodman Advisory Group LLC Increases Position in Taiwan Semiconductor Manufacturing Company Ltd. $TSM,MarketBeat,https://www.marketbeat.com/instant-alerts/filing-goodman-advisory-group-llc-increases-position-in-taiwan-semiconductor-manufacturing-company-ltd-tsm-2026-03-08/,"Goodman Advisory Group LLC recently increased its stake in Taiwan Semiconductor Manufacturing Company Ltd. (TSM) by 8.1%, with its holdings now valued at $9.524 million. This makes TSM the firm's 11th-largest holding, accounting for approximately 2.4% of its portfolio. The article highlights TSMC's strong market cap of $1.75 trillion, robust profitability, and a consensus ""Buy"" rating from analysts with a target price of $391.43, driven by sustained AI-related demand and strategic capacity expansions.",0.124853,Neutral,0.950808,0.348805,Somewhat-Bullish
20260308T095951,TSM,Taiwan Semiconductor,Charles Lim Capital Ltd Cuts Holdings in Taiwan Semiconductor Manufacturing Company Ltd. $TSM,MarketBeat,https://www.marketbeat.com/instant-alerts/filing-charles-lim-capital-ltd-cuts-holdings-in-taiwan-semiconductor-manufacturing-company-ltd-tsm-2026-03-08/,"Charles Lim Capital Ltd significantly reduced its stake in Taiwan Semiconductor Manufacturing Company (TSM) by 50% in the third quarter, selling 100,000 shares but retaining an equal amount valued at $27.93 million. Despite this reduction, TSM remains its 7th largest holding, comprising 7.1% of its portfolio. The article highlights TSMC's accelerated AI capacity expansion and long-term customer commitments, while also noting recent stock performance and analyst ratings which maintain a ""Buy"" consensus with an average target price of $391.43.",0.188679,Somewhat-Bullish,1.000000,0.197992,Somewhat-Bullish
20260308T213600,TSM,Taiwan Semiconductor,Qnity Electronics: $61.5 Million Investment In Taiwan Semiconductor Research And Manufacturing Facility,Pulse 2.0,https://pulse2.com/qnity-electronics-61-5-million-investment-in-taiwan-semiconductor-research-and-manufacturing-facility/,"Qnity Electronics is investing $61.5 million in a new semiconductor research and manufacturing facility in Taiwan to expand production capacity and meet growing global demand for advanced chips. Located in Hsinchu Science Park, the facility will support high-performance manufacturing for AI and high-performance computing, with operations expected to begin in early 2027. This expansion reinforces Qnity's strategy of maintaining manufacturing operations close to major customers, ensuring supply chain resilience and supporting future technology growth.",0.37466,Bullish,0.923046,0.532143,Bullish
20260309T080102,TSM,Taiwan Semiconductor,Taiwan Semiconductor Manufacturing Company Ltd. $TSM Shares Sold by Diversify Advisory Services LLC,MarketBeat,https://www.marketbeat.com/instant-alerts/filing-taiwan-semiconductor-manufacturing-company-ltd-tsm-shares-sold-by-diversify-advisory-services-llc-2026-03-09/,"Diversify Advisory Services LLC reduced its stake in Taiwan Semiconductor Manufacturing Company (TSM) by 10.4% in Q3, selling 13,832 shares. Despite this, several other large institutional investors significantly increased their positions, raising institutional ownership to 16.51%. Analysts maintain a ""Buy"" rating for TSM, citing strong fundamentals, acceleration in AI-focused capacity, and multi-year supply commitments.",0.286385,Somewhat-Bullish,1.000000,0.482876,Bullish
20260309T110102,TSM,Taiwan Semiconductor,Taiwan Semiconductor Manufacturing Company Ltd. $TSM Shares Purchased by Jefferies Financial Group Inc.,MarketBeat,https://www.marketbeat.com/instant-alerts/filing-taiwan-semiconductor-manufacturing-company-ltd-tsm-shares-purchased-by-jefferies-financial-group-inc-2026-03-09/,"Jefferies Financial Group Inc. significantly increased its holdings in Taiwan Semiconductor Manufacturing Company Ltd. (NYSE:TSM) by 735.1% in the third quarter, making TSM its 21st largest holding. Other institutional investors like Brown Advisory Inc., Arrowstreet Capital Limited Partnership, and Alliancebernstein L.P. also boosted their stakes in the semiconductor giant. The article highlights positive sentiment around TSM's accelerated construction of an AI-focused ""mega fab"" and Broadcom's long-term capacity lock, along with updated analyst ratings and the company's financial performance.",0.309772,Somewhat-Bullish,1.000000,0.430867,Bullish
20260309T112502,TSM,Taiwan Semiconductor,Taiwan Semiconductor Manufacturing Company Ltd. $TSM Shares Sold by LGT Fund Management Co Ltd.,MarketBeat,https://www.marketbeat.com/instant-alerts/filing-taiwan-semiconductor-manufacturing-company-ltd-tsm-shares-sold-by-lgt-fund-management-co-ltd-2026-03-09/,"LGT Fund Management Co Ltd. decreased its holdings in Taiwan Semiconductor Manufacturing Company Ltd. (TSM) by 7.2% in the third quarter, selling 3,882 shares. Despite this, TSMC reported strong quarterly results with $3.11 EPS on $30.65 billion revenue and is accelerating an AI-focused ""mega fab"" to meet sustained demand. Analysts maintain a consensus ""Buy"" rating with an average price target of $391.43, even as the stock recently saw a 4.4% decline.",0.223555,Somewhat-Bullish,1.000000,0.299934,Somewhat-Bullish
20260310T055231,TSM,Taiwan Semiconductor,Assessing Taiwan Semiconductor Manufacturing’s Valuation As Investor Debate Over Growth And Pricing Intensifies,Simply Wall Street,https://simplywall.st/stocks/us/semiconductors/nyse-tsm/taiwan-semiconductor-manufacturing/news/assessing-taiwan-semiconductor-manufacturings-valuation-as-i,"Taiwan Semiconductor Manufacturing (TSM) is facing debate over its valuation, with Simply Wall St's narrative suggesting it's 195% overvalued at $348.70, while its P/E ratio of 27.3x is below the industry average. The company's recent share price performance has been mixed, but long-term momentum remains strong. This article encourages investors to analyze the conflicting views, considering TSM's strong growth expectations, profit margins, and risks like geopolitical tensions.",-0.091422,Neutral,1.000000,0.041997,Neutral
20260310T085231,TSM,Taiwan Semiconductor,Notes from Central Taiwan: The myth of TSMC’s ‘hollowing out’,Taipei Times,https://www.taipeitimes.com/News/feat/archives/2026/03/09/2003853487,"The article debunks claims by Taiwan's KMT and TPP parties that TSMC's investment in US fabs constitutes a ""hollowing out"" of Taiwan's semiconductor industry. It argues that TSMC's domestic expansion far outpaces its US plans and highlights more significant threats to Taiwan's chip dominance, such as labor shortages, power, and water supply issues, which the two parties largely ignore. The author concludes that the KMT and TPP's claims are politically motivated distractions.",0.100826,Neutral,1.000000,0.117560,Neutral
20260310T095231,TSM,Taiwan Semiconductor,Why Is Taiwan Semiconductor Stock Gaining Tuesday? - Taiwan Semiconductor (NYSE:TSM),Benzinga,https://www.benzinga.com/markets/tech/26/03/51150286/chip-king-taiwan-semiconductor-thrives-as-world-cant-get-enough-ai-hardware,"Taiwan Semiconductor Manufacturing Co. Ltd. (TSM) reported significant sales growth in the first two months of the year, driven by strong demand for AI infrastructure, contributing to its stock's gain on Tuesday. This rise comes despite broader semiconductor market volatility caused by new U.S. export policy discussions and Middle East conflicts hindering supply chains. The company's revenue reached $22.6 billion for January and February, with a 22% increase in February sales.",0.170331,Somewhat-Bullish,1.000000,0.296932,Somewhat-Bullish
20260310T112931,TSM,Taiwan Semiconductor,Capital International Inc. CA Decreases Stake in Taiwan Semiconductor Manufacturing Company Ltd. $TSM,MarketBeat,https://www.marketbeat.com/instant-alerts/filing-capital-international-inc-ca-decreases-stake-in-taiwan-semiconductor-manufacturing-company-ltd-tsm-2026-03-10/,"Capital International Inc. CA reduced its stake in Taiwan Semiconductor Manufacturing Company Ltd. (NYSE:TSM) by 31.7% in the third quarter, selling 141,950 shares. Despite this, other institutional investors like Legal & General Group Plc and Schroder Investment Management Group increased their holdings. Analysts maintain a ""Buy"" consensus rating for TSM with an average price target of $391.43, even as the company faces both positive sentiment from its AI ""mega factory"" plans and negative sentiment due to geopolitical tensions and Nvidia's halt of some China-bound chip production.",-0.205392,Somewhat-Bearish,1.000000,-0.081043,Neutral
20260310T135140,TSM,Taiwan Semiconductor,TSMC Stock Slips Despite Strong Revenue Growth as Investors Watch Energy Risks,Barron's,https://www.barrons.com/articles/tsmc-stock-revenue-growth-energy-risk-595555cb?gaa_at=eafs&gaa_n=AWEtsqeh_T4QcdeIayUzEob2O9ZwmNX2SVNdGVhhRauuNy7GJ5pAVzMY24zn&gaa_ts=69b168e0&gaa_sig=lujX3mPz_57xsg3Frf9ZlGh3Y-ikhzF3UkUvqrEpOEfO7kULhb1JncZzvKxAho_T2qetCaTIAB6Z2XIXBJ_l7Q%3D%3D,"Taiwan Semiconductor Manufacturing (TSMC) reported robust February net revenue of $9.98 billion, a 22% increase year-over-year, despite a 21% drop from January. Despite this strong growth, the company's stock experienced a slip, suggesting investors may be focusing on broader concerns, possibly energy-related risks, beyond just short-term revenue performance.",-0.247705,Somewhat-Bearish,1.000000,-0.200889,Somewhat-Bearish
20260311T075140,TSM,Taiwan Semiconductor,TSMC Hiring Surge For AI Chips Raises Valuation And Margin Questions,Simply Wall St,https://simplywall.st/stocks/us/semiconductors/nyse-tsm/taiwan-semiconductor-manufacturing/news/tsmc-hiring-surge-for-ai-chips-raises-valuation-and-margin-q,"Taiwan Semiconductor Manufacturing (TSM) is significantly expanding its workforce by approximately 8,000 employees to meet the surging demand for advanced AI and data-focused chips. While this move supports TSM's growth narrative, investors should consider the potential impact on operating costs, margins, and the justification of this increased cost base over time. A key risk identified is the high level of non-cash earnings, warranting close attention to cash conversion and earnings quality.",0.139194,Neutral,1.000000,0.137070,Neutral
20260311T105140,TSM,Taiwan Semiconductor,"PFG Advisors Purchases 1,878 Shares of Taiwan Semiconductor Manufacturing Company Ltd. $TSM",MarketBeat,https://www.marketbeat.com/instant-alerts/filing-pfg-advisors-purchases-1878-shares-of-taiwan-semiconductor-manufacturing-company-ltd-tsm-2026-03-11/,"PFG Advisors has increased its stake in Taiwan Semiconductor Manufacturing Company Ltd. (TSMC) by 32%, acquiring an additional 1,878 shares to reach a total of 7,744 shares valued at $2.16 million. This move comes as TSMC reports strong financial results, including significant revenue growth driven by AI chip demand, and maintains a ""Buy"" consensus rating from analysts with an average price target of $391.43. Despite positive sentiment, the article notes ongoing discussions about TSMC's valuation and potential short-term volatility due to geopolitical tensions and energy risks.",0.303936,Somewhat-Bullish,1.000000,0.468088,Bullish
20260311T105140,TSM,Taiwan Semiconductor,Legal & General Group Plc Raises Stake in Taiwan Semiconductor Manufacturing Company Ltd. $TSM,MarketBeat,https://www.marketbeat.com/instant-alerts/filing-legal-general-group-plc-raises-stake-in-taiwan-semiconductor-manufacturing-company-ltd-tsm-2026-03-11/,"Legal & General Group Plc increased its stake in Taiwan Semiconductor Manufacturing Company Ltd. (TSM) by 0.6% in the third quarter, bringing its total holdings to over 1.5 million shares valued at $433 million. Other institutional investors also adjusted their positions in TSM, which has seen several analyst upgrades and a consensus ""Buy"" rating with an average price target of $391.43. The company recently reported strong quarterly earnings and announced a quarterly dividend, while navigating a valuation debate and geopolitical risks amidst high AI chip demand.",0.422568,Bullish,1.000000,0.408913,Bullish
20260312T005219,TSM,Taiwan Semiconductor,Taiwan's Semiconductor Ecosystem Powers Next-Gen Embedded Systems | 2026 - News and Statistics,IndexBox - Market Intelligence Platform,https://www.indexbox.io/blog/taiwans-semiconductor-leadership-drives-embedded-systems-evolution-in-2026/,"Taiwan is leading the evolution of embedded systems in 2026, driven by its dominant semiconductor manufacturing capabilities, particularly in advanced contract manufacturing. The island's ecosystem supports innovative solutions for real-time performance, energy efficiency, and security, crucial for next-gen embedded and edge computing devices. Key players like TSMC, MediaTek, Advantech, and Arbor Technology are pivotal in developing advanced chips, integrated platforms, and specialized systems that address increasing demands from AI and distributed intelligence.",0.448773,Bullish,0.951964,0.707876,Bullish
20260312T085219,TSM,Taiwan Semiconductor,Douglass Winthrop Advisors LLC Has $16.45 Million Position in Taiwan Semiconductor Manufacturing Company Ltd. $TSM,MarketBeat,https://www.marketbeat.com/instant-alerts/filing-douglass-winthrop-advisors-llc-has-1645-million-position-in-taiwan-semiconductor-manufacturing-company-ltd-tsm-2026-03-12/,"Douglass Winthrop Advisors LLC reduced its stake in Taiwan Semiconductor Manufacturing Company Ltd. (TSM) by 3.2% in Q3, now holding 58,908 shares valued at $16.45 million. Despite this reduction, TSMC shows strong momentum with double-digit February revenue and an estimated 30% sales rise from AI chip demand. The company reported $3.11 EPS and $30.65 billion revenue in Q4, and analysts maintain a ""Buy"" rating with an average target price of $391.43, and some target as high as $450.",0.40988,Bullish,1.000000,0.420280,Bullish
20260312T122019,TSM,Taiwan Semiconductor,"8,701 Shares in Taiwan Semiconductor Manufacturing Company Ltd. $TSM Bought by Shannon River Fund Management LLC",MarketBeat,https://www.marketbeat.com/instant-alerts/filing-8701-shares-in-taiwan-semiconductor-manufacturing-company-ltd-tsm-bought-by-shannon-river-fund-management-llc-2026-03-12/,"Shannon River Fund Management LLC has acquired 8,701 shares of Taiwan Semiconductor Manufacturing Company Ltd. (TSM) valued at approximately $2.43 million, making it their 19th largest holding and 0.4% of their investment portfolio. This move comes as TSM reported strong quarterly earnings with $3.11 EPS and $30.65 billion in revenue, reinforcing positive analyst sentiment and a consensus ""Buy"" rating with a price target near $391.43, despite some warnings about short-term volatility from macroeconomic and energy risks. Other institutional investors have also increased their stakes in the semiconductor giant, highlighting continued investor confidence.",0.443102,Bullish,1.000000,0.436989,Bullish
20260312T123419,TSM,Taiwan Semiconductor,TSMC Supply Chain Risks Rise As Valuation Premium Faces New Test,Simply Wall Street,https://simplywall.st/stocks/us/semiconductors/nyse-tsm/taiwan-semiconductor-manufacturing/news/tsmc-supply-chain-risks-rise-as-valuation-premium-faces-new,"Ongoing conflict in Iran has raised new concerns about global semiconductor supply chains and potential disruptions for TSMC, a major contract chip manufacturer. While TSMC reports no immediate operational impact, prolonged conflict could affect key inputs and logistics, posing additional risks for electronics and AI hardware makers. This geopolitical tension adds to existing concerns about chip production concentration and TSMC's ability to maintain operations, further scrutinizing its valuation which currently trades 28.9% above Simply Wall St's fair value estimate.",-0.249995,Somewhat-Bearish,1.000000,-0.340318,Somewhat-Bearish
20260313T075259,TSM,Taiwan Semiconductor,Retirees Are Using EWT to Ride Taiwan’s Semiconductor Dominance,24/7 Wall St.,https://247wallst.com/investing/2026/03/13/retirees-are-using-ewt-to-ride-taiwans-semiconductor-dominance/,"The iShares MSCI Taiwan ETF (EWT) offers investors a concentrated exposure to Taiwan's technology sector, primarily driven by Taiwan Semiconductor Manufacturing (TSM). While EWT has shown strong returns, it carries significant geopolitical risks due to Taiwan's relationship with mainland China and sector-specific concentration risks. Retirees considering EWT should weigh its potential for growth against its inherent volatility and concentration.",0.007454,Neutral,0.330697,0.028748,Neutral
20260313T225259,TSM,Taiwan Semiconductor,Taiwan's Foundry Model: The Global Chip Industry's Central Hub in 2026 - News and Statistics,IndexBox - Market Intelligence Platform,https://www.indexbox.io/blog/taiwans-semiconductor-foundry-model-global-dominance-and-risks-in-2026/,"As of early 2026, Taiwan remains the central hub for advanced semiconductor manufacturing, dominating the production of sophisticated logic chips crucial for AI systems and military hardware. This dominance, originating from a strategic shift decades ago with the pure-play foundry model, makes Taiwan an indispensable economic node but also a potential single point of failure for global supply chains. While the island faces physical constraints like resource intensity and skilled labor shortages, and geopolitical risks, TSMC is diversifying production geographically, though the most advanced research and manufacturing will stay in Taiwan.",0.369282,Bullish,0.997050,0.714939,Bullish
20260314T095147,TSM,Taiwan Semiconductor,Taiwan Semiconductor Manufacturing Company Ltd. $TSM is Prime Capital Management Co Ltd's 2nd Largest Position,MarketBeat,https://www.marketbeat.com/instant-alerts/filing-taiwan-semiconductor-manufacturing-company-ltd-tsm-is-prime-capital-management-co-ltds-2nd-largest-position-2026-03-14/,"Prime Capital Management Co Ltd significantly increased its stake in Taiwan Semiconductor Manufacturing (TSM) by 102.6% in Q3, making it the firm's second-largest holding. TSMC exhibits strong financials with substantial revenue, net margin, and market capitalization, along with a ""Buy"" consensus rating from analysts and a dominant position in the global foundry market. The company also recently declared a quarterly dividend, reinforcing its financial health and investor appeal.",0.229641,Somewhat-Bullish,1.000000,0.473216,Bullish
20260314T105147,TSM,Taiwan Semiconductor,"South Street Advisors LLC Purchases 1,500 Shares of Taiwan Semiconductor Manufacturing Company Ltd. $TSM",MarketBeat,https://www.marketbeat.com/instant-alerts/filing-south-street-advisors-llc-purchases-1500-shares-of-taiwan-semiconductor-manufacturing-company-ltd-tsm-2026-03-14/,"South Street Advisors LLC increased its stake in Taiwan Semiconductor Manufacturing Company Ltd. (TSM) by 123% in Q3, purchasing an additional 1,500 shares to own a total of 2,720 shares valued at approximately $760,000. This move reflects a broader trend of institutional investors adding to their positions in TSMC, with institutional ownership standing at 16.51%. Analysts maintain a ""Buy"" consensus rating for TSMC, with an average target price around $391, highlighting the company's dominant market share and strong financial performance.",0.151964,Somewhat-Bullish,1.000000,0.289589,Somewhat-Bullish
20260314T105147,TSM,Taiwan Semiconductor,"Sirios Capital Management L P Sells 39,662 Shares of Taiwan Semiconductor Manufacturing Company Ltd. $TSM",MarketBeat,https://www.marketbeat.com/instant-alerts/filing-sirios-capital-management-l-p-sells-39662-shares-of-taiwan-semiconductor-manufacturing-company-ltd-tsm-2026-03-14/,"Sirios Capital Management L P significantly reduced its stake in Taiwan Semiconductor Manufacturing Company Ltd. (TSM) by 13.2%, selling 39,662 shares in Q3, though TSM remains its second-largest position. The semiconductor giant continues to dominate the global foundry market with a 70% share and strong financial performance. Analysts maintain a ""Buy"" consensus rating on TSM with a target price of $391.43, despite current geopolitical risks affecting Asian equities.",0.159209,Somewhat-Bullish,1.000000,0.232089,Somewhat-Bullish
20260314T105147,TSM,Taiwan Semiconductor,"10,880 Shares in Taiwan Semiconductor Manufacturing Company Ltd. $TSM Purchased by Sharpepoint LLC",MarketBeat,https://www.marketbeat.com/instant-alerts/filing-10880-shares-in-taiwan-semiconductor-manufacturing-company-ltd-tsm-purchased-by-sharpepoint-llc-2026-03-14/,"Sharpepoint LLC has acquired a new stake of 10,880 shares in Taiwan Semiconductor Manufacturing Company Ltd. (NYSE:TSM) during the third quarter, valued at approximately $3,039,000. This investment makes TSM the 15th biggest position in Sharpepoint LLC's portfolio, representing 2.7%. Other institutional investors have also adjusted their holdings, and analysts have largely maintained ""Buy"" or ""Strong Buy"" ratings, with an average price target of $391.43.",0.315552,Somewhat-Bullish,1.000000,0.473301,Bullish
20260315T095221,TSM,Taiwan Semiconductor,Cantor Fitzgerald L. P. Reduces Stake in Taiwan Semiconductor Manufacturing Company Ltd. $TSM,MarketBeat,https://www.marketbeat.com/instant-alerts/filing-cantor-fitzgerald-l-p-reduces-stake-in-taiwan-semiconductor-manufacturing-company-ltd-tsm-2026-03-15/,"Cantor Fitzgerald L. P. significantly reduced its stake in Taiwan Semiconductor Manufacturing Company Ltd. (TSM) by 42.0% in the third quarter, selling 10,475 shares. Other institutional investors also adjusted their positions, while TSM reported its quarterly earnings, issued a dividend, and received updated price targets from analysts. The article also highlights key news impacting TSM, including its dominant market share, stable capital structure, valuation reassessment, and geopolitical risks.",0.156003,Somewhat-Bullish,1.000000,0.345670,Somewhat-Bullish
20260315T095221,TSM,Taiwan Semiconductor,"Cat Rock Capital Management LP Sells 98,200 Shares of Taiwan Semiconductor Manufacturing Company Ltd. $TSM",MarketBeat,https://www.marketbeat.com/instant-alerts/filing-cat-rock-capital-management-lp-sells-98200-shares-of-taiwan-semiconductor-manufacturing-company-ltd-tsm-2026-03-15/,"Cat Rock Capital Management LP significantly reduced its stake in Taiwan Semiconductor Manufacturing Company Ltd. ($TSM) by 37.4% in the third quarter, selling 98,200 shares. Despite this, TSM remains the 6th largest position in Cat Rock Capital's portfolio. The article also notes other institutional investors' activities in TSM and provides an overview of recent news, stock performance, dividend information, and analyst ratings for the semiconductor giant.",0.228287,Somewhat-Bullish,1.000000,0.200904,Somewhat-Bullish
20260315T115221,TSM,Taiwan Semiconductor,"Dorsal Capital Management LP Sells 150,000 Shares of Taiwan Semiconductor Manufacturing Company Ltd. $TSM",MarketBeat,https://www.marketbeat.com/instant-alerts/filing-dorsal-capital-management-lp-sells-150000-shares-of-taiwan-semiconductor-manufacturing-company-ltd-tsm-2026-03-15/,"Dorsal Capital Management LP has reduced its stake in Taiwan Semiconductor Manufacturing Company Ltd. (NYSE:TSM) by 14%, selling 150,000 shares, but it remains their third-largest holding. Despite this sale, other institutional investors have increased their positions. The article also highlights TSMC's strong financial performance, dominant market position in the foundry sector, and an average ""Buy"" rating from analysts.",0.045406,Neutral,0.318207,0.026463,Neutral
20260315T125221,TSM,Taiwan Semiconductor,"EFG Asset Management Americas Corp. Buys 1,578 Shares of Taiwan Semiconductor Manufacturing Company Ltd. $TSM",MarketBeat,https://www.marketbeat.com/instant-alerts/filing-efg-asset-management-americas-corp-buys-1578-shares-of-taiwan-semiconductor-manufacturing-company-ltd-tsm-2026-03-15/,"EFG Asset Management Americas Corp. increased its stake in Taiwan Semiconductor Manufacturing Company Ltd. (NYSE:TSM) by 9.1% in Q3, purchasing an additional 1,578 shares, bringing its total holdings to 18,999 shares valued at $5.306 million. The article highlights TSM's strong market position with approximately 70% of the global foundry market, a $1.75 trillion market cap, and an average ""Buy"" analyst rating. Recent news affecting TSM includes positive sentiment regarding its market dominance and capital structure, neutral sentiment on its February revenue data, and potential negative impact from geopolitical risks.",0.344063,Somewhat-Bullish,1.000000,0.333593,Somewhat-Bullish
20260316T093849,TSM,Taiwan Semiconductor,"Earnest Partners LLC Sells 9,633 Shares of Taiwan Semiconductor Manufacturing Company Ltd. $TSM",MarketBeat,https://www.marketbeat.com/instant-alerts/filing-earnest-partners-llc-sells-9633-shares-of-taiwan-semiconductor-manufacturing-company-ltd-tsm-2026-03-16/,"Earnest Partners LLC reduced its stake in Taiwan Semiconductor Manufacturing Company Ltd. (TSM) by 3.6% in the third quarter, selling 9,633 shares and retaining 258,526 shares valued at approximately $72.2 million. Despite this sale, analysts maintain an average ""Buy"" rating for TSM with a consensus target price of $391.43, reflecting strong market fundamentals and TSMC's dominant position in the global foundry market. The company recently reported robust earnings with $3.11 EPS and $30.65 billion in quarterly revenue, underscored by a market capitalization of $1.75 trillion and a 45.1% net margin.",0.263809,Somewhat-Bullish,1.000000,0.266647,Somewhat-Bullish
20260316T102549,TSM,Taiwan Semiconductor,"20,700 Shares in Taiwan Semiconductor Manufacturing Company Ltd. $TSM Purchased by First Trust Bank Ltd.",MarketBeat,https://www.marketbeat.com/instant-alerts/filing-20700-shares-in-taiwan-semiconductor-manufacturing-company-ltd-tsm-purchased-by-first-trust-bank-ltd-2026-03-16/,"First Trust Bank Ltd. recently acquired 20,700 shares of Taiwan Semiconductor Manufacturing Company Ltd. (TSM) for approximately $5.78 million, making it their fourth-largest holding and 13.2% of their portfolio. The semiconductor giant commands about 70% of the global foundry market and recently reported strong quarterly results with a $1.75 trillion market cap. Analysts widely recommend a ""Buy"" rating for TSM, with a consensus price target of $391.43, despite current geopolitical risks affecting foreign markets.",0.29246,Somewhat-Bullish,1.000000,0.486847,Bullish
20260316T103349,TSM,Taiwan Semiconductor,Taiwan Semiconductor Manufacturing Company Ltd. $TSM Stock Position Lowered by Fairfield Bush & CO.,MarketBeat,https://www.marketbeat.com/instant-alerts/filing-taiwan-semiconductor-manufacturing-company-ltd-tsm-stock-position-lowered-by-fairfield-bush-co-2026-03-16/,"Fairfield Bush & CO. reduced its stake in Taiwan Semiconductor Manufacturing Company Ltd. (NYSE:TSM) by 7.6% in the third quarter, selling 2,674 shares. Despite this, TSM remains Fairfield Bush & CO.'s fourth-largest holding, comprising about 4.6% of its investment portfolio. Other institutional investors showed mixed activity, with some increasing and others initiating stakes in the semiconductor giant, which also announced a quarterly dividend of $0.9503 per share.",0.103305,Neutral,1.000000,0.117674,Neutral
20260316T103808,TSM,Taiwan Semiconductor,Fayez Sarofim & Co Has $576.16 Million Stake in Taiwan Semiconductor Manufacturing Company Ltd. $TSM,MarketBeat,https://www.marketbeat.com/instant-alerts/filing-fayez-sarofim-co-has-57616-million-stake-in-taiwan-semiconductor-manufacturing-company-ltd-tsm-2026-03-16/,"Fayez Sarofim & Co increased its stake in Taiwan Semiconductor Manufacturing Company Ltd. (TSM) by 1.6% during the third quarter, bringing their total holdings to 2,033,464 shares valued at over $576 million. Other hedge funds also adjusted their positions in TSM, which represents about 1.3% of Fayez Sarofim & Co's portfolio. The article also provides details on TSM's stock performance, recent earnings, dividend information, and analyst ratings.",0.426938,Bullish,1.000000,0.428543,Bullish
20260316T110000,TSM,Taiwan Semiconductor,Better Chip Stock to Buy: Micron or Taiwan Semiconductor?,The Motley Fool,https://www.fool.com/investing/2026/03/16/better-chip-stock-to-buy-micron-or-taiwan-semicond/,"This article compares Micron and Taiwan Semiconductor, two successful chip stocks. It highlights that while both are cyclical and operate in the chip industry, they do not compete as Taiwan Semiconductor focuses on logic chips and Micron on memory chips. The author ultimately suggests Taiwan Semiconductor for long-term investors due to its sustainable technological advantage and Micron for investors seeking higher upside with active management.",0.284753,Somewhat-Bullish,1.000000,0.292928,Somewhat-Bullish
20260316T113921,TSM,Taiwan Semiconductor,Hilltop Holdings Inc. Has $4.53 Million Stock Position in Taiwan Semiconductor Manufacturing Company Ltd. $TSM,MarketBeat,https://www.marketbeat.com/instant-alerts/filing-hilltop-holdings-inc-has-453-million-stock-position-in-taiwan-semiconductor-manufacturing-company-ltd-tsm-2026-03-16/,"Hilltop Holdings Inc. recently increased its stake in Taiwan Semiconductor Manufacturing Company Ltd. (NYSE: TSM) by 11.8% in Q3, now holding 16,206 shares valued at approximately $4.53 million. TSMC, which commands around 70% of the global foundry market, reported strong financials with $3.11 EPS and $30.65 billion in revenue last quarter. Analysts maintain a broadly positive outlook with a consensus ""Buy"" rating and a target price of $391.43, with Barclays recently raising its target to $450.",0.269074,Somewhat-Bullish,1.000000,0.452967,Bullish
20260316T113921,TSM,Taiwan Semiconductor,Insight Holdings Group LLC Has $59.50 Million Stake in Taiwan Semiconductor Manufacturing Company Ltd. $TSM,MarketBeat,https://www.marketbeat.com/instant-alerts/filing-insight-holdings-group-llc-has-5950-million-stake-in-taiwan-semiconductor-manufacturing-company-ltd-tsm-2026-03-16/,"Insight Holdings Group LLC has trimmed its stake in Taiwan Semiconductor Manufacturing Company Ltd. (TSM) by 13.7%, valuing its remaining 213,030 shares at $59.50 million, making TSM its 8th largest holding. Despite this reduction, TSM maintains a dominant position in the global foundry market, strong financials, and a ""Buy"" consensus rating with an average target price of $391.43. The company also announced a quarterly dividend of $0.9503 per share, yielding approximately 1.1%.",0.146449,Neutral,1.000000,0.312220,Somewhat-Bullish
20260316T113921,TSM,Taiwan Semiconductor,KADENSA CAPITAL Ltd Has $47.30 Million Stake in Taiwan Semiconductor Manufacturing Company Ltd. $TSM,MarketBeat,https://www.marketbeat.com/instant-alerts/filing-kadensa-capital-ltd-has-4730-million-stake-in-taiwan-semiconductor-manufacturing-company-ltd-tsm-2026-03-16/,"KADENSA CAPITAL Ltd significantly increased its stake in Taiwan Semiconductor Manufacturing Company Ltd. (TSM) by 418.2% in Q3, now holding 169,353 shares valued at $47.30 million. This makes TSM the firm's fifth-largest holding, representing about 4.9% of its portfolio. The semiconductor giant shows strong market performance with robust earnings, a $1.75 trillion market cap, and a dominant position in the global foundry market, leading to a ""Buy"" consensus rating from analysts with a target price of $391.43.",0.312115,Somewhat-Bullish,1.000000,0.514840,Bullish
20260316T163954,TSM,Taiwan Semiconductor,Better Chip Stock to Buy: Micron or Taiwan Semiconductor?,The Globe and Mail,https://www.theglobeandmail.com/investing/markets/stocks/MU/pressreleases/773376/better-chip-stock-to-buy-micron-or-taiwan-semiconductor/,"This article compares Micron (NASDAQ: MU) and Taiwan Semiconductor (NYSE: TSM) as chip stock investments, noting that while Taiwan Semi has been a gold standard, Micron has significantly outperformed it since 2023. The author highlights that the two companies produce different types of chips, with Taiwan Semiconductor focusing on logic chips and Micron on more cyclical memory chips. Ultimately, the choice between them depends on an investor's style, with Micron offering maximum upside for those willing to manage cyclicality and Taiwan Semiconductor being better for ""set-it-and-forget-it"" investors due to its sustainable technological advantage.",0.181804,Somewhat-Bullish,1.000000,0.124308,Neutral
20260317T093954,TSM,Taiwan Semiconductor,How To Trade Semiconductor Giant TSM?,Trefis,https://www.trefis.com/stock/tsm/articles/593847/this-strategy-pays-you-11-while-lining-up-tsm-at-bargain-prices/2026-03-17,"Amidst rising oil prices and geopolitical tensions affecting its supply chain, Taiwan Semiconductor Manufacturing (TSM) has seen its stock drop. This article suggests a trading strategy involving selling long-dated put options on TSM at a strike price of $240, offering an annualized yield of 11.1% and a chance to acquire the stock at a significant discount if prices fall further. The strategy banks on TSM's strong position in the AI accelerator market and its dominant foundry market share.",0.28134,Somewhat-Bullish,1.000000,0.294855,Somewhat-Bullish
20260317T100754,TSM,Taiwan Semiconductor,Lone Pine Capital LLC Cuts Position in Taiwan Semiconductor Manufacturing Company Ltd. $TSM,MarketBeat,https://www.marketbeat.com/instant-alerts/filing-lone-pine-capital-llc-cuts-position-in-taiwan-semiconductor-manufacturing-company-ltd-tsm-2026-03-17/,"Lone Pine Capital LLC reduced its stake in Taiwan Semiconductor Manufacturing Company Ltd. (TSM) by 11.2% in the third quarter, selling 383,520 shares. Despite the reduction, TSM remains Lone Pine Capital's third-largest holding, valued at approximately $852.5 million. The article also provides an overview of TSM's financial performance, stock data, recent analyst activities, and discusses various market sentiments affecting the company.",0.072684,Neutral,0.969844,0.142817,Neutral
20260317T100859,TSM,Taiwan Semiconductor,TSMC (NYSE: TSM) opens 2026 AGM resolution submission period for ADS holders,Stock Titan,https://www.stocktitan.net/sec-filings/TSM/6-k-taiwan-semiconductor-manufacturing-co-ltd-current-report-foreign--b122133448b8.html,"Taiwan Semiconductor Manufacturing Company Limited (TSMC) has announced the submission window for proposed resolutions to its 2026 Annual Shareholders’ Meeting for holders of its American Depositary Shares (ADSs). The submission period will be from March 31, 2026, through April 7, 2026, and ADS holders must submit their proposals within this timeframe. Investors can contact Citibank Shareholder Services for any questions regarding the submission process.",0.040713,Neutral,0.345693,0.000328,Neutral
20260317T102754,TSM,Taiwan Semiconductor,Assessing Taiwan Semiconductor Manufacturing (NYSE:TSM) Valuation After Strong Multi‑Year Shareholder Returns,Simply Wall Street,https://simplywall.st/stocks/us/semiconductors/nyse-tsm/taiwan-semiconductor-manufacturing/news/assessing-taiwan-semiconductor-manufacturing-nysetsm-valuati-3,"Taiwan Semiconductor Manufacturing (TSM) has shown strong shareholder returns over multiple years, with a 95.51% return in one year and 291.20% over three years. Despite a recent monthly decline, a popular narrative suggests TSM is 14.9% undervalued with a fair value of $400, driven by its critical role in the semiconductor ecosystem and AI-related growth. However, a discounted cash flow model suggests the stock is overvalued at $278.43, prompting investors to consider both earnings multiples and cash flow analysis.",0.170338,Somewhat-Bullish,1.000000,0.311362,Somewhat-Bullish
20260317T120859,TSM,Taiwan Semiconductor,"Mairs & Power Inc. Purchases 48,439 Shares of Taiwan Semiconductor Manufacturing Company Ltd. $TSM",MarketBeat,https://www.marketbeat.com/instant-alerts/filing-mairs-power-inc-purchases-48439-shares-of-taiwan-semiconductor-manufacturing-company-ltd-tsm-2026-03-17/,"Mairs & Power Inc. increased its stake in Taiwan Semiconductor Manufacturing Company Ltd. (NYSE:TSM) by 10.8% in the third quarter, acquiring an additional 48,439 shares. Several other institutional investors also raised their positions significantly, bringing TSM's institutional ownership to approximately 16.51%. Analysts have a consensus ""Buy"" rating for TSM with a target price of around $391, driven by AI-fueled capacity demand, despite potential risks from Chinese foundry advancements and supply constraints.",0.344235,Somewhat-Bullish,1.000000,0.346513,Somewhat-Bullish
20260318T080932,TSM,Taiwan Semiconductor,"Korea, Taiwan chip sectors most exposed to helium shortage amid Middle East war",South China Morning Post,https://www.scmp.com/tech/article/3347005/korea-taiwan-chip-sectors-most-exposed-helium-shortage-amid-middle-east-war-fitch,"A Fitch Ratings report indicates that South Korea and Taiwan's semiconductor sectors are highly vulnerable to helium shortages due to the Middle East conflict, as both rely heavily on Qatar for their helium imports. Japan, in contrast, has a more diversified supply chain. The ongoing conflict has disrupted Qatar's LNG production and constrained shipments through the Strait of Hormuz, posing medium-term risks if disruptions persist.",-0.452287,Bearish,1.000000,-0.603019,Bearish
20260318T090932,TSM,Taiwan Semiconductor,"Cantor Fitzgerald L. P. Sells 10,475 Shares of Taiwan Semiconductor Manufacturing Company Ltd. $TSM",MarketBeat,https://www.marketbeat.com/instant-alerts/filing-cantor-fitzgerald-l-p-sells-10475-shares-of-taiwan-semiconductor-manufacturing-company-ltd-tsm-2026-03-18/,"Cantor Fitzgerald L.P. has reduced its stake in Taiwan Semiconductor Manufacturing Company Ltd. (TSM) by 42.0%, selling 10,475 shares and now holding 14,475 shares valued at $4.043 million. Despite this trimming, Wall Street analysts maintain a ""Buy"" rating for TSM with an average target price of $391.43, citing strong fundamentals and anticipated AI-driven demand. The company reported robust earnings and revenue, but faces potential headwinds from geopolitical risks and increased competition from China's domestic chip manufacturing efforts.",0.272905,Somewhat-Bullish,1.000000,0.425783,Bullish
20260318T103843,TSM,Taiwan Semiconductor,Danske Bank A S Takes $84.27 Million Position in Taiwan Semiconductor Manufacturing Company Ltd. $TSM,MarketBeat,https://www.marketbeat.com/instant-alerts/filing-danske-bank-a-s-takes-8427-million-position-in-taiwan-semiconductor-manufacturing-company-ltd-tsm-2026-03-18/,"Danske Bank A/S has acquired a new position in Taiwan Semiconductor Manufacturing Company Ltd. (TSM), purchasing over 301,000 shares valued at approximately $84.27 million in the third quarter. This investment comes amidst strong bullish sentiment for TSMC, driven by surging AI demand, significant big-tech capital expenditures, and NVIDIA's optimistic AI-chip outlook, with analysts maintaining an average price target of $391.43. The company, which has a market capitalization of $1.79 trillion, reported strong Q3 earnings and pays a quarterly dividend.",0.365441,Bullish,1.000000,0.479223,Bullish
20260318T123843,TSM,Taiwan Semiconductor,WJ Wealth Management LLC Cuts Stock Position in Taiwan Semiconductor Manufacturing Company Ltd. $TSM,MarketBeat,https://www.marketbeat.com/instant-alerts/filing-wj-wealth-management-llc-cuts-stock-position-in-taiwan-semiconductor-manufacturing-company-ltd-tsm-2026-03-18/,"WJ Wealth Management LLC reduced its stake in Taiwan Semiconductor Manufacturing Company Ltd. (TSM) by 43% in the third quarter, settling at 2,659 shares valued at approximately $799,000. Despite this reduction and some geopolitical risks, investor sentiment remains bullish on TSM due to strong fundamentals, significant AI-driven capital expenditures by hyperscalers, and positive analyst forecasts, with the company currently trading at a $1.79 trillion market cap. Several other institutional investors, however, increased their holdings in TSM during the same period.",-0.089609,Neutral,0.997127,-0.076015,Neutral
20260318T173843,TSM,Taiwan Semiconductor,TSMC Stock Looks Like a Table-Pounding Gift After That 13% Correction,24/7 Wall St.,https://247wallst.com/investing/2026/03/18/tsmc-stock-looks-like-a-table-pounding-gift-after-that-13-correction/,"Despite a recent 13% correction, Taiwan Semiconductor (TSM) stock is viewed as a buying opportunity by some analysts, trading at 32.8x trailing P/E. Its dominance in cutting-edge chip production, pricing power, and substantial order backlog position it to maintain margins and navigate AI sector volatility. Bank of America analyst Haas Liu maintains a bullish stance with a $470.00 price target, seeing TSM's wide moat and monopolistic positioning as critical advantages.",0.429507,Bullish,1.000000,0.420864,Bullish
20260318T203843,TSM,Taiwan Semiconductor,"The Best AI Stocks to Invest $1,000 in Right Now",The Globe and Mail,https://www.theglobeandmail.com/investing/markets/stocks/AMD-Q/pressreleases/829023/the-best-ai-stocks-to-invest-1-000-in-right-now/,"This article identifies Taiwan Semiconductor Manufacturing (TSMC) and Amazon as top AI stocks for investment. TSMC is crucial for producing advanced AI chips, with its AI accelerator revenue expected to grow significantly. Amazon, through AWS, is a major cloud platform provider for AI, investing heavily in data centers and developing its own AI chips to reduce reliance on third-party manufacturers.",0.348219,Somewhat-Bullish,1.000000,0.407327,Bullish
20260319T020909,TSM,Taiwan Semiconductor,Think It's Too Late to Buy Taiwan Semiconductor Manufacturing Company Stock? Here's the 1 Reason Why There's Still Time.,The Globe and Mail,https://www.theglobeandmail.com/investing/markets/stocks/INTC/pressreleases/832633/think-its-too-late-to-buy-taiwan-semiconductor-manufacturing-company-stock-heres-the-1-reason-why-theres-still-time/,"Taiwan Semiconductor Manufacturing Company (TSMC) has significantly outperformed most ""Magnificent Seven"" stocks, yet the article argues it's not too late to invest. The primary reason is TSMC's unparalleled competitive advantage in advanced semiconductor manufacturing, making it indispensable to leading tech companies like Nvidia, Apple, Amazon, and AMD. This dominance in a crucial industry provides pricing power and ensures sustained success, making its long-term stock trajectory promising.",0.303275,Somewhat-Bullish,1.000000,0.406445,Bullish
20260319T023931,TSM,Taiwan Semiconductor,TSMC Stock: Strong Performance & Manufacturing Dominance in 2026 - News and Statistics,IndexBox,https://www.indexbox.io/blog/tsmc-stock-performance-and-competitive-edge-in-2026/,"Taiwan Semiconductor Manufacturing Company (TSMC) has shown strong stock performance and maintains a dominant position in semiconductor manufacturing due to its superior efficiency, chip yield, and production scale. This allows TSMC to command pricing power and high profit margins. The article emphasizes TSMC's critical role as a primary manufacturing partner for leading technology corporations, anticipating continued success despite its exclusion from some analyst ""buy"" lists.",0.243199,Somewhat-Bullish,0.967230,0.444795,Bullish
20260319T053931,TSM,Taiwan Semiconductor,Asia tech stocks sink as oil spike and Qatar attacks threaten chip supply chain,CNBC,https://www.cnbc.com/2026/03/19/tech-stocks-qatar-attack-semiconductor-supply-chain-lng-helium.html,"Asian technology stocks declined following attacks on Qatar's Ras Laffan Industrial City and a surge in oil prices, leading to concerns about disruptions in the semiconductor supply chain. Qatar is a major producer of helium, a critical material for the semiconductor industry, and ongoing disruptions could lead to shortages and increased prices, as well as broader petrochemical supply chain issues. Analysts warn of potential significant revenue losses and production impacts for semiconductor fabs if the conflict and gas disruptions persist.",-0.457893,Bearish,1.000000,-0.615549,Bearish
20260319T093931,TSM,Taiwan Semiconductor,"Polar Asset Management Partners Inc. Sells 8,695 Shares of Taiwan Semiconductor Manufacturing Company Ltd. $TSM",MarketBeat,https://www.marketbeat.com/instant-alerts/filing-polar-asset-management-partners-inc-sells-8695-shares-of-taiwan-semiconductor-manufacturing-company-ltd-tsm-2026-03-19/,"Polar Asset Management Partners Inc. reduced its stake in Taiwan Semiconductor Manufacturing Company Ltd. by 8.0% in the third quarter, selling 8,695 shares and now owning 100,520 shares valued at $28.07 million. Despite this sale, other institutional investors increased their holdings significantly. The company also recently declared a quarterly dividend of $0.9503 per share, indicating a 1.1% dividend yield.",0.012008,Neutral,0.316693,0.024201,Neutral
20260319T103931,TSM,Taiwan Semiconductor,Taiwan Semiconductor Manufacturing (NYSE:TSM) Stock Rating Lowered by Zacks Research,MarketBeat,https://www.marketbeat.com/instant-alerts/taiwan-semiconductor-manufacturing-nysetsm-stock-rating-lowered-by-zacks-research-2026-03-19/,"Zacks Research has downgraded Taiwan Semiconductor Manufacturing (TSM) from a ""strong-buy"" to a ""hold"" rating, reflecting a more cautious near-term outlook on the stock. Despite this, MarketBeat's consensus rating for TSM remains a ""Buy"" with an average price target of $391.43, and the company continues to demonstrate strong fundamentals and market dominance in chip manufacturing. The article highlights both positive and negative sentiments surrounding TSM, including its high market share in key chip nodes and exposure to AI demand, balanced against competitive risks, customer concentration, and geopolitical concerns.",-0.24697,Somewhat-Bearish,1.000000,-0.123762,Neutral
20260319T160931,TSM,Taiwan Semiconductor,Bank of America Securities Reiterates a Buy Rating on Taiwan Semiconductor Manufacturing Company (TSM) Stock,Yahoo Finance,https://finance.yahoo.com/markets/stocks/articles/bank-america-securities-reiterates-buy-154420626.html,"Bank of America Securities has reiterated a ""Buy"" rating on Taiwan Semiconductor Manufacturing Company (TSM) stock, setting a price objective of $470.00. The rating is driven by the company's resilient growth, strong demand in high-performance computing and AI chips, and anticipated healthy revenue and improved margins. Despite potential sensitivity to power prices, TSM's profitability drivers remain intact and its technology leadership is noted as a key factor.",0.420533,Bullish,1.000000,0.420364,Bullish
20260320T120531,TSM,Taiwan Semiconductor,"Union Bancaire Privee UBP SA Buys 21,997 Shares of Taiwan Semiconductor Manufacturing Company Ltd. $TSM",MarketBeat,https://www.marketbeat.com/instant-alerts/filing-union-bancaire-privee-ubp-sa-buys-21997-shares-of-taiwan-semiconductor-manufacturing-company-ltd-tsm-2026-03-20/,"Union Bancaire Privee UBP SA increased its stake in Taiwan Semiconductor Manufacturing Company Ltd. (NYSE:TSM) by 3.7% in the fourth quarter, purchasing an additional 21,997 shares and bringing its total holdings to 610,826 shares valued at $172.6 million. The semiconductor company also announced a quarterly dividend of $0.9503, payable on July 9th, and reported quarterly earnings of $3.11 EPS on revenue of $30.65 billion. Several other institutional investors have also adjusted their positions in TSM, and analysts maintain a ""Buy"" consensus rating with a target price of $391.43.",0.324797,Somewhat-Bullish,1.000000,0.311099,Somewhat-Bullish
20260320T151503,TSM,Taiwan Semiconductor,Taiwan Semiconductor Manufacturing Co Ltd Stock (TSM) Moved Down by 3.01% on Mar 20: What Signal Does It Send?,TradingKey,https://www.tradingkey.com/news/Market-Movers/261704712-market-movers-tsm-20260320,"Taiwan Semiconductor Manufacturing Co Ltd (TSM) stock decreased by 3.01% on March 20th due to heightened geopolitical tensions in the Taiwan Strait and Middle East, broader market caution, and analyst downgrades. Despite strong fundamentals and future AI-driven growth, these external factors are overshadowing positive company-specific drivers. Technical analysis shows a sell signal, while fundamental analysis indicates strong revenue and net profit rankings within the technology equipment industry.",0.012982,Neutral,0.344604,0.030244,Neutral
20260321T103922,TSM,Taiwan Semiconductor,Taiwan Semiconductor Manufacturing (TSM) Staring at Chips Production Disruption Amid Iran War,Insider Monkey,https://www.insidermonkey.com/blog/taiwan-semiconductor-manufacturing-tsm-staring-at-chips-production-disruption-amid-iran-war-1721914/,"Taiwan Semiconductor Manufacturing (TSM) faces potential production disruptions due to the geopolitical tensions surrounding the Iran War, particularly the risk of the Strait of Hormuz closure, which could impact the global semiconductor supply chain. The company, a major producer of advanced AI chips, is also vulnerable due to Taiwan's reliance on imported liquefied natural gas for its power grid. Despite these risks, TSM reported impressive financial developments for February, with net revenue up 22.2% year-over-year.",0.200919,Somewhat-Bullish,1.000000,-0.239707,Somewhat-Bearish
20260321T114322,TSM,Taiwan Semiconductor,2 Tech Stocks With More Long-Term Potential Than Any Cryptocurrency I've Seen,The Globe and Mail,https://www.theglobeandmail.com/investing/markets/stocks/INTC/pressreleases/878883/2-tech-stocks-with-more-long-term-potential-than-any-cryptocurrency-ive-seen/,"This article highlights two tech stocks, Taiwan Semiconductor (TSMC) and Alphabet, as having significant long-term growth potential compared to volatile cryptocurrencies. TSMC is lauded for its dominant 70% global market share in processor manufacturing and its efficient semiconductor know-how, while Alphabet is praised for its rapidly growing Gemini chatbot user base, a major AI deal with Apple, and advancements in quantum computing. Both companies are presented as relatively undervalued based on their P/E ratios and strong growth prospects in the AI and tech sectors.",0.418114,Bullish,1.000000,0.523179,Bullish
20260321T143939,TSM,Taiwan Semiconductor,Is It Too Late To Consider Taiwan Semiconductor Manufacturing (NYSE:TSM) After Its Strong 1-Year Run?,Simply Wall Street,https://simplywall.st/stocks/us/semiconductors/nyse-tsm/taiwan-semiconductor-manufacturing/news/is-it-too-late-to-consider-taiwan-semiconductor-manufacturin-7,"Taiwan Semiconductor Manufacturing (TSM) has seen significant returns over the past year, prompting an analysis of its current valuation. While a Discounted Cash Flow (DCF) analysis suggests the stock might be overvalued by 21.6%, a Price-to-Earnings (P/E) ratio comparison indicates it could be undervalued. The article emphasizes considering different investment narratives, with bull and bear cases presenting vastly different fair value estimates for TSM.",0.131869,Neutral,1.000000,0.140886,Neutral
20260321T153939,TSM,Taiwan Semiconductor,TSMC chair gets honorary degree,Taipei Times,https://www.taipeitimes.com/News/taiwan/archives/2026/03/22/2003854263,"TSMC chairman C.C. Wei was awarded an honorary doctorate by Asia University for his contributions to the global semiconductor industry. Wei stated that TSMC manufactures 95 percent of the world's robot ""brains"" and emphasized the importance of reliable chips for future AI and robotics, especially with an aging society. He also humbly credited TSMC's success to its founder Morris Chang and employees, despite the company's significant technological advancements under his leadership.",0.364916,Bullish,1.000000,0.439043,Bullish
20260322T080859,TSM,Taiwan Semiconductor,"Cyndeo Wealth Partners LLC Buys 7,396 Shares of Taiwan Semiconductor Manufacturing Company Ltd. $TSM",MarketBeat,https://www.marketbeat.com/instant-alerts/filing-cyndeo-wealth-partners-llc-buys-7396-shares-of-taiwan-semiconductor-manufacturing-company-ltd-tsm-2026-03-22/,"Cyndeo Wealth Partners LLC has increased its stake in Taiwan Semiconductor Manufacturing Company (TSM) by 10.7%, acquiring an additional 7,396 shares and now holding 76,651 shares valued at approximately $23.29 million. Institutional investors collectively own 16.51% of TSM, and analysts generally maintain a bullish outlook with an average target price of $391.43, driven by record February revenues fueled by AI chip demand. Despite some institutional profit-taking and competitive risks, TSM's strong market position and AI thematic positioning continue to support long-term upside expectations.",0.443425,Bullish,1.000000,0.408712,Bullish
20260322T160929,TSM,Taiwan Semiconductor,TSMC shareholders surge despite tech stock volatility,Taipei Times,https://www.taipeitimes.com/News/biz/archives/2026/03/23/2003854279,"The number of Taiwan Semiconductor Manufacturing Co (TSMC) shareholders reached a new peak last week, despite a slight dip in its stock price due to global tech stock volatility. This increase is largely attributed to retail investors buying odd-lots and strong optimism surrounding TSMC's growth prospects in the artificial intelligence sector. Analysts believe robust demand for technologies like 3-nanometer process nodes contributes to investors' willingness to hold TSMC shares.",0.411878,Bullish,1.000000,0.406267,Bullish
20260322T210929,TSM,Taiwan Semiconductor,"Taiwan Semiconductor Controls 72% of the Global Chip Market, and the Stock Could Surge in 2026",The Globe and Mail,https://www.theglobeandmail.com/investing/markets/stocks/SSNLF/pressreleases/888687/taiwan-semiconductor-controls-72-of-the-global-chip-market-and-the-stock-could-surge-in-2026/,"Taiwan Semiconductor Manufacturing (TSM) holds a near-monopoly on the global semiconductor foundry market, controlling 72% where it produces chips for major designers like Apple and Nvidia. The company's dominance is protected by the immense cost and complexity of building chip factories, making it difficult for competitors to catch up. With projected revenue growth of 30% in 2026 and a 25% CAGR through 2029, Taiwan Semiconductor is positioned for continued significant financial success.",0.355994,Bullish,1.000000,0.721034,Bullish
20260323T173949,TSM,Taiwan Semiconductor,Taiwan Semiconductor Manufacturing Co Ltd (TSM) Shares Up 3.22% on Mar 23,GuruFocus,https://www.gurufocus.com/news/8736278/taiwan-semiconductor-manufacturing-co-ltd-tsm-shares-up-322-on-mar-23,"Shares of Taiwan Semiconductor Manufacturing Co Ltd (TSM) rose 3.22% on March 23, reaching an intraday high of $343.41 before closing at $339.85. Wall Street analysts have an average target price of $410.08 for TSM, indicating a potential upside of 20.66%. GuruFocus estimates the stock's fair value (GF Value) to be $351.62, suggesting a 3.46% upside.",0.411809,Bullish,0.994527,0.409759,Bullish
20260323T223949,TSM,Taiwan Semiconductor,TSMC Tariffs Put World’s “Most Powerful Company” Under Investor Scrutiny,Simply Wall Street,https://simplywall.st/stocks/tw/semiconductors/twse-2330/taiwan-semiconductor-manufacturing-shares/news/tsmc-tariffs-put-worlds-most-powerful-company-under-investor,"The U.S. government has imposed significant new tariffs on Taiwanese products, specifically targeting Taiwan Semiconductor Manufacturing (TWSE:2330). This move places TSMC, a critical global chip manufacturer, at the center of growing trade friction and national security policy shifts. Investors are advised to monitor how these tariffs will affect TSMC's revenue streams, customer relationships, production flexibility, and capital spending plans.",-0.305816,Somewhat-Bearish,1.000000,-0.345042,Somewhat-Bearish
20260324T013949,TSM,Taiwan Semiconductor,"Clean chips, clear air: Public health impacts from electronics industry electricity consumption in Taiwan",Centre for Research on Energy and Clean Air,https://energyandcleanair.org/publication/public-health-impacts-from-electronics-industry-electricity-consumption-in-taiwan/,"This study examines the public health impacts of electricity consumption by Taiwan's electronics manufacturing (EM) industry, a global leader in semiconductors. It projects significant health damages, including premature deaths and childhood asthma, due to the industry's reliance on fossil fuels for electricity generation. The research highlights that accelerating renewable energy targets by leading companies like TSMC could substantially reduce these adverse health and economic impacts.",0.06011,Neutral,1.000000,-0.210526,Somewhat-Bearish
20260324T073949,TSM,Taiwan Semiconductor,Hormuz Tensions Put TSMC Energy Security And Valuation Premium In Focus,Simply Wall Street,https://simplywall.st/stocks/us/semiconductors/nyse-tsm/taiwan-semiconductor-manufacturing/news/hormuz-tensions-put-tsmc-energy-security-and-valuation-premi,"Rising geopolitical tensions in the Strait of Hormuz are raising concerns about Taiwan Semiconductor Manufacturing’s (TSMC) access to liquefied natural gas (LNG), a crucial input for its power-intensive fabs. Any disruption to LNG flows could impact electricity availability in Taiwan and threaten chip output, which is vital for global AI and semiconductor supply chains. Investors are now closely scrutinizing TSMC's energy sourcing and contingency plans as the company's operational resilience becomes even more critical for its valuation and central role in the chip industry.",-0.212745,Somewhat-Bearish,1.000000,-0.219010,Somewhat-Bearish
20260324T103949,TSM,Taiwan Semiconductor,Overbrook Management Corp Grows Holdings in Taiwan Semiconductor Manufacturing Company Ltd. $TSM,MarketBeat,https://www.marketbeat.com/instant-alerts/filing-overbrook-management-corp-grows-holdings-in-taiwan-semiconductor-manufacturing-company-ltd-tsm-2026-03-24/,"Overbrook Management Corp significantly increased its stake in Taiwan Semiconductor Manufacturing Company Ltd. (TSM) by 5.2% in Q4, making it their 12th largest holding. The article highlights strong analyst consensus with a ""Buy"" rating and an average price target of $391.43, alongside TSM's robust financial performance. However, it also points to near-term challenges for TSM, including supply constraints, rising competition from Samsung, and geopolitical risks.",0.305333,Somewhat-Bullish,1.000000,0.258682,Somewhat-Bullish
20260324T160906,TSM,Taiwan Semiconductor,TSMC’s ADRs jump past Aramco to sixth globally,Taipei Times,https://www.taipeitimes.com/News/biz/archives/2026/03/25/2003854406,"Taiwan Semiconductor Manufacturing Co's (TSMC) American depositary receipts (ADRs) surged, pushing its market value to become the sixth-largest globally at US$1.75 trillion, surpassing Saudi Arabian Oil Co. This rebound was attributed to tech stocks recovering and the AI-driven rally, despite geopolitical uncertainties related to crude oil prices and Middle East conflicts. TSMC's Taipei-listed shares also saw an initial jump before paring gains due to profit-taking.",0.273464,Somewhat-Bullish,1.000000,0.424092,Bullish
20260324T200906,TSM,Taiwan Semiconductor,3 Artificial Intelligence (AI) Stocks That Look Like Strong Buys Heading Into April,The Globe and Mail,https://www.theglobeandmail.com/investing/markets/stocks/INTC-Q/pressreleases/928660/3-artificial-intelligence-ai-stocks-that-look-like-strong-buys-heading-into-april/,"This article highlights three artificial intelligence (AI) stocks – Taiwan Semiconductor Manufacturing (TSM), Alphabet (GOOGL), and Broadcom (AVGO) – as strong buys for investors in April, even with some recent tech stock pullbacks. It details their individual strengths, such as TSM's dominance in processor manufacturing, Alphabet's significant progress with its Gemini AI and new partnership with Apple, and Broadcom's rapid growth in application-specific integrated circuits (ASICs). The piece also notes their financial performance and valuation compared to the broader tech sector, suggesting these companies are well-positioned for continued growth in the AI market.",0.326376,Somewhat-Bullish,1.000000,0.436141,Bullish
20260324T210906,TSM,Taiwan Semiconductor,Taiwan Semiconductor Manufacturing (NYSE:TSM) Shares Up 1.4% Following Insider Buying Activity,MarketBeat,https://www.marketbeat.com/instant-alerts/taiwan-semiconductor-manufacturing-nysetsm-shares-up-14-following-insider-buying-activity-2026-03-24/,"Taiwan Semiconductor Manufacturing (TSM) shares rose 1.4% after VP Bor-Zen Tien purchased 1,000 shares on March 22nd, increasing his stake by 12.42%. Analysts maintain a ""Buy"" rating with an average target price of $391.43, reflecting positive sentiment due to high demand for TSMC's advanced nodes, despite geopolitical risks and increasing competition from Samsung. The company also announced a quarterly dividend of $0.9503 per share.",0.308665,Somewhat-Bullish,1.000000,0.260483,Somewhat-Bullish
20260325T081005,TSM,Taiwan Semiconductor,A Look At Taiwan Semiconductor Manufacturing (NYSE:TSM) Valuation After Recent Share Price Pullback,Simply Wall Street,https://simplywall.st/stocks/us/semiconductors/nyse-tsm/taiwan-semiconductor-manufacturing/news/a-look-at-taiwan-semiconductor-manufacturing-nysetsm-valuati,"Taiwan Semiconductor Manufacturing (TSM) has experienced a recent share price pullback despite strong long-term performance. While one popular narrative suggests TSM is 14.2% undervalued with a fair value of $400 per share due to its dominant role in the AI revolution, Simply Wall St's own Discounted Cash Flow model indicates the shares might be overvalued at $343.25, with a fair value of $287.25. Investors are encouraged to analyze the data and consider risks like geopolitical tensions and high capital expenditure.",0.161706,Somewhat-Bullish,1.000000,0.260604,Somewhat-Bullish
20260325T081005,TSM,Taiwan Semiconductor,"1,487 Shares in Taiwan Semiconductor Manufacturing Company Ltd. $TSM Bought by Curated Wealth Partners LLC",MarketBeat,https://www.marketbeat.com/instant-alerts/filing-1487-shares-in-taiwan-semiconductor-manufacturing-company-ltd-tsm-bought-by-curated-wealth-partners-llc-2026-03-25/,"Curated Wealth Partners LLC recently acquired 1,487 shares of Taiwan Semiconductor Manufacturing Company (TSM) worth approximately $452,000 in Q4. Several other institutional investors also increased their holdings in TSM, with institutional ownership now at 16.51%. The article also notes an insider purchase by VP Bor-Zen Tien and highlights TSM's strong market position due to AI-driven demand and current capacity bottlenecks.",0.348192,Somewhat-Bullish,1.000000,0.491816,Bullish
20260325T081005,TSM,Taiwan Semiconductor,AI Sell-Off: 3 Stocks Investors Should Load Up On,The Globe and Mail,https://www.theglobeandmail.com/investing/markets/stocks/INTC-Q/pressreleases/937125/ai-sell-off-3-stocks-investors-should-load-up-on/,"Despite a recent sell-off in AI stocks, this article identifies three companies—Nvidia, Taiwan Semiconductor Manufacturing (TSMC), and Broadcom—as strong investment opportunities. Nvidia's growth is accelerating with significant future orders, TSMC is crucial to AI chip supply and projects substantial long-term growth, and Broadcom's custom AI chip business is expanding rapidly. The article suggests these stocks are currently reasonably priced, making them attractive buys for investors.",0.468028,Bullish,1.000000,0.499225,Bullish
20260325T083846,TSM,Taiwan Semiconductor,A Look At Taiwan Semiconductor Manufacturing (NYSE:TSM) Valuation After Recent Share Price Pullback,Simply Wall Street,https://simplywall.st/stocks/us/semiconductors/nyse-tsm/taiwan-semiconductor-manufacturing/news/a-look-at-taiwan-semiconductor-manufacturing-nysetsm-valuati/amp,"This article analyzes Taiwan Semiconductor Manufacturing (TSM) valuation following a recent share price pullback. While one popular narrative suggests TSM is 14.2% undervalued with a fair value of $400, Simply Wall St's DCF model indicates it might be overvalued at its current price of $343.25, with a fair value closer to $287.25. The article encourages investors to further investigate the data and consider both the growth narrative and potential risks, including geopolitical tensions and capital expenditure misfires.",0.2911,Somewhat-Bullish,1.000000,0.284774,Somewhat-Bullish
20260325T153846,TSM,Taiwan Semiconductor,TSM vs. AVGO: Which is a Better Semiconductor Stock?,24/7 Wall St.,https://247wallst.com/investing/2026/03/25/tsm-vs-avgo-which-is-a-better-semiconductor-stock/,"This article compares Taiwan Semiconductor Manufacturing (TSM) and Broadcom (AVGO) as leading semiconductor stocks in the AI sector. TSM, a foundry giant, posted strong Q4 2025 revenues and committed significant capital expenditure to advanced nodes, serving numerous chip designers. Broadcom, focusing on asset-light custom AI accelerators, reported impressive Q1 FY2026 AI chip revenue and authorized substantial share repurchases. The piece highlights their distinct business models and financial profiles, ultimately suggesting TSM offers more valuation room while Broadcom presents a different risk-reward dynamic.",0.390869,Bullish,1.000000,0.450171,Bullish
20260326T083950,TSM,Taiwan Semiconductor,"First Merchants Corp Purchases 1,766 Shares of Taiwan Semiconductor Manufacturing Company Ltd. $TSM",MarketBeat,https://www.marketbeat.com/instant-alerts/filing-first-merchants-corp-purchases-1766-shares-of-taiwan-semiconductor-manufacturing-company-ltd-tsm-2026-03-26/,"First Merchants Corp increased its stake in Taiwan Semiconductor Manufacturing Company Ltd. (TSM) by 12% in the fourth quarter, acquiring an additional 1,766 shares, bringing their total holdings to 16,517 shares valued at approximately $5.02 million. Analyst sentiment for TSM is largely positive with a ""Buy"" average rating and an average target price of $391.43, driven by strong earnings, structural tailwinds from AI and memory spending, and significant orders like ASML's $8 billion deal. The company also declared a quarterly dividend of $0.9503 per share, yielding about 1.1%, while insiders like VP Bor-Zen Tien have also recently increased their ownership.",0.385561,Bullish,1.000000,0.504363,Bullish
20260326T083950,TSM,Taiwan Semiconductor,"DAVENPORT & Co LLC Sells 1,815 Shares of Taiwan Semiconductor Manufacturing Company Ltd. $TSM",MarketBeat,https://www.marketbeat.com/instant-alerts/filing-davenport-co-llc-sells-1815-shares-of-taiwan-semiconductor-manufacturing-company-ltd-tsm-2026-03-26/,"DAVENPORT & Co LLC reduced its stake in Taiwan Semiconductor Manufacturing Company Ltd. by 2.3% in Q4, selling 1,815 shares, though the company remains a significant holder. Conversely, a TSMC VP increased his holdings, indicating insider confidence. The article highlights positive market sentiment driven by reports of production capacity limits, a large ASML order, and new Arm CPU collaborations, with analysts maintaining a ""Buy"" rating for TSM.",0.318856,Somewhat-Bullish,1.000000,0.431082,Bullish
20260326T093950,TSM,Taiwan Semiconductor,Musk’s Terafab Plan Puts TSMC’s AI Chip Role In Focus,Simply Wall Street,https://simplywall.st/stocks/us/semiconductors/nyse-tsm/taiwan-semiconductor-manufacturing/news/musks-terafab-plan-puts-tsmcs-ai-chip-role-in-focus,"Elon Musk's new Terafab project aims to produce advanced chips for Tesla, SpaceX, and xAI at a massive scale, potentially rivaling Taiwan Semiconductor Manufacturing (TSMC) in the AI chip market. This development raises questions about future competition and capacity management in the high-end semiconductor industry. Investors will be watching how this impacts TSMC's customer relationships and the broader market's approach to AI chip production.",0.039619,Neutral,1.000000,-0.118304,Neutral
20260326T103950,TSM,Taiwan Semiconductor,Taiwan Semiconductor Manufacturing Company Ltd. $TSM Shares Sold by HWG Holdings LP,MarketBeat,https://www.marketbeat.com/instant-alerts/filing-taiwan-semiconductor-manufacturing-company-ltd-tsm-shares-sold-by-hwg-holdings-lp-2026-03-26/,"HWG Holdings LP significantly reduced its stake in Taiwan Semiconductor Manufacturing Company (TSM) by 94% in the fourth quarter, selling 28,655 shares and retaining 1,819 shares worth approximately $553,000. Despite this sell-off, TSM is experiencing positive catalysts including high demand for its advanced nodes, a large order from ASML, and insider buying, indicating sustained growth. The company maintains a strong market cap of $1.80 trillion, a net margin of 45.13%, and announced a quarterly dividend of $0.9503.",0.307842,Somewhat-Bullish,1.000000,0.454474,Bullish
20260326T113950,TSM,Taiwan Semiconductor,Paragon Advisors LLC Trims Position in Taiwan Semiconductor Manufacturing Company Ltd. $TSM,MarketBeat,https://www.marketbeat.com/instant-alerts/filing-paragon-advisors-llc-trims-position-in-taiwan-semiconductor-manufacturing-company-ltd-tsm-2026-03-26/,"Paragon Advisors LLC has reduced its stake in Taiwan Semiconductor Manufacturing Company Ltd. (NYSE:TSM) by 6.8% in the fourth quarter, now holding 31,719 shares valued at $9.64 million, making it its ninth-largest position. Despite this reduction, TSMC demonstrates strong fundamentals with solid earnings, significant revenue, a substantial market cap, and a ""Buy"" consensus rating, supported by high demand for advanced nodes and recent positive developments. The company also declared a quarterly dividend of $0.9503 per share, equivalent to an annualized yield of 1.1%, and an insider, VP Bor-Zen Tien, increased his holdings by purchasing 1,000 shares.",0.039191,Neutral,0.324535,0.022031,Neutral
20260326T184016,TSM,Taiwan Semiconductor,GlobalFoundries files patent infringement lawsuits against Tower Semiconductor,WHTC,https://whtc.com/2026/03/26/globalfoundries-files-patent-infringement-lawsuits-against-tower-semiconductor/,"GlobalFoundries has filed patent infringement lawsuits against its rival Tower Semiconductor, alleging the infringement of 11 patents related to chip manufacturing for smartphones and other electronic devices. The lawsuits were filed in the U.S. District Court for the Western District of Texas and with the U.S. International Trade Commission, with the latter seeking to block imports of infringing chips. Tower Semiconductor denies the allegations and plans to vigorously defend its intellectual property, while both companies' stock prices fell following the news.",0.074869,Neutral,0.615189,0.069299,Neutral
20260327T022816,TSM,Taiwan Semiconductor,"Apple adds Bosch, Cirrus Logic, others to US manufacturing program, to invest $400 million",The Mighty 790 KFGO,https://kfgo.com/2026/03/26/apple-adds-bosch-cirrus-logic-others-to-us-manufacturing-program-to-invest-400-million/,"Apple is expanding its American Manufacturing Program by adding Bosch, Cirrus Logic, TDK, and Qnity Electronics, planning to invest $400 million through 2030. This initiative aims to boost U.S.-based production of key components like sensors and integrated circuits, aligning with a broader trend of shifting supply chains to reduce geopolitical risks. The expansion is expected to create jobs and strengthen domestic semiconductor and advanced electronics manufacturing capabilities.",0.275037,Somewhat-Bullish,0.872665,0.347932,Somewhat-Bullish
20260327T040922,TSM,Taiwan Semiconductor,An Invisible Bottleneck: A Helium Shortage Threatens the Chip Industry,The New York Times,https://www.nytimes.com/2026/03/27/business/helium-chips-iran-war.html,"A critical helium shortage is threatening the global chip industry due to the war in the Middle East, specifically after an Iranian strike on Qatar’s largest liquefied natural gas facility. The disruption of approximately one-third of the global helium supply could severely impact major chip makers like TSMC, Samsung, and SK Hynix, affecting products from iPhones to A.I. servers. Helium is indispensable for cooling and cleaning processes in chip manufacturing, and its scarcity also has broader implications for medical, scientific, and space industries.",-0.254358,Somewhat-Bearish,0.995362,-0.349480,Somewhat-Bearish
20260327T114500,TSM,Taiwan Semiconductor,Taiwan Semiconductor Manufacturing (TSM) Soared on Strong AI Chip Demand,Insider Monkey,https://www.insidermonkey.com/blog/taiwan-semiconductor-manufacturing-tsm-soared-on-strong-ai-chip-demand-1726013/,"Taiwan Semiconductor Manufacturing Company (TSM) saw strong double-digit returns in Q4 2025 due to overwhelming demand for AI chips from major customers like NVIDIA and Apple. The company reported bullish financial results, increased growth expectations, and began production of its next-generation two-nanometer technology. TSM's share price gained 97.34% over the past 52 weeks and it ranks 6th among the most popular stocks held by hedge funds.",0.376484,Bullish,1.000000,0.469071,Bullish
20260327T120922,TSM,Taiwan Semiconductor,"Global X Japan Co. Ltd. Sells 2,785 Shares of Taiwan Semiconductor Manufacturing Company Ltd. $TSM",MarketBeat,https://www.marketbeat.com/instant-alerts/filing-global-x-japan-co-ltd-sells-2785-shares-of-taiwan-semiconductor-manufacturing-company-ltd-tsm-2026-03-27/,"Global X Japan Co. Ltd. reduced its stake in Taiwan Semiconductor Manufacturing Company Ltd. (TSM) by 14.4% in the fourth quarter, selling 2,785 shares and leaving holdings worth about $5.05 million. This institutional selling comes amidst mixed sentiment for TSM, including an insider purchase by VP Bor-Zen Tien and strong analyst ratings, yet concerns regarding geopolitical risks and some institutional outflows. TSM currently holds a ""Buy"" rating with a consensus price target of $391.43, and its central role in the AI chip supply chain continues to be a key driver for investor interest despite market volatility.",0.095992,Neutral,0.997983,-0.074376,Neutral
20260327T130922,TSM,Taiwan Semiconductor,Inside one of Taiwan's semiconductor factories,Evertiq,https://evertiq.com/news/2026-03-27-inside-one-of-taiwans-semiconductor-factories,"A documentary by TaiwanPlus Docs offers an inside look into one of Micron Technology’s semiconductor manufacturing facilities in Taiwan, showcasing the immense scale and complexity of chip production. The video details the highly controlled cleanroom environments, the precision of over 1,000 manufacturing steps, and critical processes like photolithography and wafer processing. It also situates the factory within Taiwan's broader semiconductor ecosystem and addresses the growing sustainability efforts in advanced chip manufacturing.",0.281886,Somewhat-Bullish,0.938805,0.307291,Somewhat-Bullish
20260327T145022,TSM,Taiwan Semiconductor,Will TSM's Aggressive Capex Plan Strengthen Its Foundry Dominance?,The Globe and Mail,https://www.theglobeandmail.com/investing/markets/stocks/TSM/pressreleases/1007535/will-tsms-aggressive-capex-plan-strengthen-its-foundry-dominance/,"Taiwan Semiconductor Manufacturing Company (TSM) plans to invest $52 billion to $56 billion in 2026, a significant increase from 2025, to maintain its lead in advanced chip manufacturing, particularly for AI and high-performance computing. This aggressive capital expenditure, primarily focused on 3-nanometer and 2-nanometer nodes, is coupled with global expansion in the U.S., Germany, Japan, and Taiwan to meet customer demand and secure its supply chain. Despite competition from Intel and GlobalFoundries, TSM aims for 30% revenue growth in 2026, with strong analyst estimates supporting its outlook.",0.258663,Somewhat-Bullish,1.000000,0.429515,Bullish
20260327T220944,TSM,Taiwan Semiconductor,Apple And TSMC U.S. Chip Deal Meets Valuation And Risk Questions,Simply Wall Street,https://simplywall.st/stocks/us/semiconductors/nyse-tsm/taiwan-semiconductor-manufacturing/news/apple-and-tsmc-us-chip-deal-meets-valuation-and-risk-questio,"Apple is partnering with Taiwan Semiconductor Manufacturing (TSMC) to produce chips for sensing hardware at TSMC’s Washington state facility, expanding Apple's American Manufacturing Program. This deal emphasizes TSMC's role in the U.S. semiconductor supply chain, but investors should consider TSMC's current share valuation and a flagged risk concerning high non-cash earnings. The partnership strengthens TSMC's customer relationships and diversifies its global footprint amidst geopolitical concerns.",-0.087608,Neutral,1.000000,-0.227742,Somewhat-Bearish
20260328T033949,TSM,Taiwan Semiconductor,Apple And TSMC U.S. Chip Deal Meets Valuation And Risk Questions,Simply Wall Street,https://simplywall.st/stocks/us/semiconductors/nyse-tsm/taiwan-semiconductor-manufacturing/news/apple-and-tsmc-us-chip-deal-meets-valuation-and-risk-questio/amp,"Apple is partnering with Taiwan Semiconductor Manufacturing (TSMC) to produce chips for sensing hardware at TSMC’s Washington state facility, as part of Apple’s expanded American Manufacturing Program. This collaboration highlights TSMC's role in U.S. semiconductor supply chains and comes as TSMC shares have shown significant returns over the past years. Despite the positive customer relationship, Simply Wall St's analysis indicates TSMC's shares are trading above their estimated fair value, flagging a potential overvaluation, and identifies a risk tied to high non-cash earnings.",0.004168,Neutral,0.310508,0.041496,Neutral
20260328T063854,TSM,Taiwan Semiconductor,There Are 10 Trillion-Dollar Stocks On the Market. This Is the Only One That's Up This Year,The Globe and Mail,https://www.theglobeandmail.com/investing/markets/stocks/AMD/pressreleases/1018759/there-are-10-trillion-dollar-stocks-on-the-market-this-is-the-only-one-thats-up-this-year/,"Despite a general slump in tech stocks this year, Taiwan Semiconductor Manufacturing Corporation (TSMC) stands out as the only trillion-dollar stock to have gained value, up 7.5% year-to-date through March 27. TSMC's strong performance is attributed to its dominance in semiconductor manufacturing, particularly for high-performance computing essential for AI, and its significant economic moat, making it a reliable investment despite macroeconomic pressures.",0.218278,Somewhat-Bullish,1.000000,0.422976,Bullish
20260328T083854,TSM,Taiwan Semiconductor,Taiwan Semiconductor Manufacturing Company Ltd. $TSM Position Lifted by Eagle Rock Investment Company LLC,MarketBeat,https://www.marketbeat.com/instant-alerts/filing-taiwan-semiconductor-manufacturing-company-ltd-tsm-position-lifted-by-eagle-rock-investment-company-llc-2026-03-28/,"Eagle Rock Investment Company LLC significantly increased its stake in Taiwan Semiconductor Manufacturing Company Ltd. (TSM) by 20.8% in Q4, making it their 8th largest holding. This move comes as TSMC reported strong quarterly results and pivots towards AI-driven growth with substantial capital expenditure plans for advanced-node and global fabs. Analysts maintain a ""Buy"" consensus for TSM, projecting strong EPS for the current year.",0.411486,Bullish,1.000000,0.413892,Bullish
20260328T083854,TSM,Taiwan Semiconductor,Exchange Traded Concepts LLC Has $56.64 Million Holdings in Taiwan Semiconductor Manufacturing Company Ltd. $TSM,MarketBeat,https://www.marketbeat.com/instant-alerts/filing-exchange-traded-concepts-llc-has-5664-million-holdings-in-taiwan-semiconductor-manufacturing-company-ltd-tsm-2026-03-28/,"Exchange Traded Concepts LLC significantly increased its stake in Taiwan Semiconductor Manufacturing Company Ltd. (TSM) by 60.8% in Q4, reaching $56.64 million. The semiconductor giant shows strong fundamentals, including a 45.13% net margin and substantial revenue, alongside a bullish outlook from analysts and aggressive capital expenditure plans for AI demand. Insiders and other institutional investors have also been increasing their positions, reinforcing positive sentiment despite geopolitical risks.",0.284709,Somewhat-Bullish,1.000000,0.477712,Bullish
20260328T152654,TSM,Taiwan Semiconductor,Taiwan Semiconductor (TSM) Going Strong Amid Tight Capacity Conditions,Insider Monkey,https://www.insidermonkey.com/blog/taiwan-semiconductor-tsm-going-strong-amid-tight-capacity-conditions-1726698/,"Taiwan Semiconductor Manufacturing Co. Ltd. (TSM) is operating near full capacity due to surging demand for AI chips, facing bottlenecks in the supply chain for components like printed circuit boards and lasers. To manage these constraints, customers are entering long-term agreements, and TSM is expanding capacity in Arizona and Taiwan. The company, a dominant producer of advanced chips for giants like Nvidia and Apple, is also seeing competitors like Samsung adopting similar long-term contract strategies.",0.332751,Somewhat-Bullish,1.000000,0.404546,Bullish
20260328T153949,TSM,Taiwan Semiconductor,Taiwan Semiconductor Sustains Strength Amid Tight Capacity,Let's Data Science,https://letsdatascience.com/news/taiwan-semiconductor-sustains-strength-amid-tight-capacity-11a74652,"Taiwan Semiconductor Manufacturing Co. Ltd. (NYSE: TSM) is identified as a high-growth mega-cap stock to buy and hold for the next decade, according to a Reuters report in March. The company continues to perform strongly despite tight capacity conditions within the industry. This assessment highlights TSM's sustained strength and potential for long-term investment.",0.409117,Bullish,1.000000,0.423103,Bullish
20260329T084030,TSM,Taiwan Semiconductor,Taiwan Semiconductor Manufacturing Company Ltd. $TSM Position Reduced by Canoe Financial LP,MarketBeat,https://www.marketbeat.com/instant-alerts/filing-taiwan-semiconductor-manufacturing-company-ltd-tsm-position-reduced-by-canoe-financial-lp-2026-03-29/,"Canoe Financial LP reduced its stake in Taiwan Semiconductor Manufacturing Company Ltd. ($TSM) by 10.9% in Q4 2025, although TSM remains its largest holding. Despite this institutional reduction, internal activity shows VP Bor-Zen Tien increased his personal holdings, indicating some insider confidence. Analysts largely maintain a ""Buy"" rating for TSM, citing its aggressive capital expenditure plans aimed at capturing AI compute demand and its crucial role in the AI chip supply chain.",0.278938,Somewhat-Bullish,1.000000,0.293467,Somewhat-Bullish
20260329T104031,TSM,Taiwan Semiconductor,"Hunter Perkins Capital Management LLC Sells 8,589 Shares of Taiwan Semiconductor Manufacturing Company Ltd. $TSM",MarketBeat,https://www.marketbeat.com/instant-alerts/filing-hunter-perkins-capital-management-llc-sells-8589-shares-of-taiwan-semiconductor-manufacturing-company-ltd-tsm-2026-03-29/,"Hunter Perkins Capital Management LLC reduced its stake in Taiwan Semiconductor Manufacturing Company Ltd. (TSM) by 23.9% in the fourth quarter, selling 8,589 shares and holding 27,406 shares valued at $8.35 million. Despite this sale, TSM remains a significant holding for the firm, and the broader institutional sentiment towards TSMC remains largely positive due to strong AI chip demand and aggressive capital expenditure plans. Analysts maintain a consensus ""Buy"" rating for TSM, citing its crucial role in the AI hardware industry.",0.237835,Somewhat-Bullish,1.000000,0.505526,Bullish
20260329T160931,TSM,Taiwan Semiconductor,Semiconductor Stock Popularity Rises on AI and Tech Demand - News and Statistics,IndexBox,https://www.indexbox.io/blog/semiconductor-stock-gains-popularity-amid-broader-industry-demand/,"Semiconductor stocks are gaining significant investor attention due to the critical role of chips in artificial intelligence and other emerging technologies like humanoid robots and autonomous driving. Taiwan Semiconductor Manufacturing (TSMC) is highlighted as a key player, expected to see substantial growth in the AI chip market, driving its capital expenditure plans. Despite concerns about potential overcapacity, the ongoing demand for sophisticated and replacement chips for AI hardware, coupled with TSMC's dominant market position, makes it a strategic investment in the sector.",0.293012,Somewhat-Bullish,1.000000,0.429102,Bullish
20260330T090100,TSM,Taiwan Semiconductor,Strong Demand Lifted Taiwan Semiconductor Manufacturing Company Limited (TSM) Higher in Q4,Insider Monkey,https://www.insidermonkey.com/blog/strong-demand-lifted-taiwan-semiconductor-manufacturing-company-limited-tsm-higher-in-q4-1727596/,"Janus Henderson Investors' ""Global Sustainable Equity Fund"" reported that Taiwan Semiconductor Manufacturing Company Limited (NYSE: TSM) was a significant positive contributor in Q4 2025. This was driven by robust third-quarter results, strong demand for advanced products, and increased full-year revenue guidance due to ""explosive"" AI demand. TSM, as the leading global semiconductor foundry, plays a critical role in the expanding AI infrastructure ecosystem.",0.517517,Bullish,1.000000,0.490030,Bullish
20260330T111028,TSM,Taiwan Semiconductor,TrueMark Investments LLC Has $3.74 Million Position in Taiwan Semiconductor Manufacturing Company Ltd. $TSM,MarketBeat,https://www.marketbeat.com/instant-alerts/filing-truemark-investments-llc-has-374-million-position-in-taiwan-semiconductor-manufacturing-company-ltd-tsm-2026-03-30/,"TrueMark Investments LLC reduced its stake in Taiwan Semiconductor Manufacturing Company Ltd. by 21.4% in the fourth quarter, now holding 12,308 shares valued at approximately $3.74 million. Despite this, TSMC is seen as benefiting from strong AI-driven chip demand, with an aggressive 2026 capex plan to expand advanced-node capacity. Analysts maintain a consensus ""Buy"" rating for the semiconductor giant, with a price target around $391.43.",0.402962,Bullish,1.000000,0.429212,Bullish
20260330T151028,TSM,Taiwan Semiconductor,Noteworthy Insider Activity: ShyueShyh Lin Invests $111K In Taiwan Semiconductor Stock,Benzinga,https://www.benzinga.com/insights/news/26/03/51542007/noteworthy-insider-activity-shyueshyh-lin-invests-111k-in-taiwan-semiconductor-stock,"ShyueShyh Lin, VP at Taiwan Semiconductor (NYSE: TSM), recently purchased 2,000 shares of the company's stock for $111,260. Insider transactions are considered an important indicator in investment decisions, suggesting that insiders anticipate a stock's price appreciation when they buy. Taiwan Semiconductor exhibits strong profitability indicators, including a high gross margin and above-average EPS, despite its revenue growth lagging some industry peers.",0.266281,Somewhat-Bullish,1.000000,0.347108,Somewhat-Bullish
20260330T181500,TSM,Taiwan Semiconductor,Taiwan Semiconductor Manufacturing Co Ltd Stock (TSM) Moved Down by 3.42% on Mar 30: A Full Analysis,TradingKey,https://www.tradingkey.com/news/Market-Movers/261734872-market-movers-tsm-20260330,"Taiwan Semiconductor Manufacturing Co Ltd (TSM) stock decreased by 3.42% on March 30, influenced by geopolitical risks, particularly tensions in the Middle East and between China and Taiwan, impacting supply chains and investor sentiment. Institutional investors also reduced their positions, adding to the selling pressure. Despite strong long-term growth prospects from AI chip demand and aggressive capital expenditure, these immediate geopolitical anxieties and institutional selling temporarily overshadowed TSM's positive fundamentals.",-0.204763,Somewhat-Bearish,1.000000,-0.398404,Bearish
20260331T003921,TSM,Taiwan Semiconductor,"1 Brilliant Growth Stock to Buy Before It Joins Nvidia, Apple, and Alphabet in the $3 Trillion Club",The Globe and Mail,https://www.theglobeandmail.com/investing/markets/stocks/GOOG-Q/pressreleases/1050856/1-brilliant-growth-stock-to-buy-before-it-joins-nvidia-apple-and-alphabet-in-the-3-trillion-club/,"This article identifies Taiwan Semiconductor Manufacturing (TSMC) as a potential candidate to join the exclusive $3 trillion market capitalization club, currently occupied by Nvidia, Apple, and Alphabet. TSMC dominates the advanced semiconductor market, with over 70% share and producing over 90% of the most advanced chips, making it a primary beneficiary of the AI boom and data center expansion. The company's strong financial performance, high profitability margins, and projected revenue growth position it for significant future expansion and potential market cap appreciation.",0.343753,Somewhat-Bullish,1.000000,0.410275,Bullish
20260331T084012,TSM,Taiwan Semiconductor,Boston Common Asset Management LLC Has $164.73 Million Holdings in Taiwan Semiconductor Manufacturing Company Ltd. $TSM,MarketBeat,https://www.marketbeat.com/instant-alerts/filing-boston-common-asset-management-llc-has-16473-million-holdings-in-taiwan-semiconductor-manufacturing-company-ltd-tsm-2026-03-31/,"Boston Common Asset Management LLC significantly increased its stake in Taiwan Semiconductor Manufacturing Company Ltd. (TSM) by 33.2% in Q4, making it their largest holding with 542,072 shares valued at $164.73 million. The company shows strong fundamentals, including a Q4 EPS of $3.11 and a net margin of approximately 45%, alongside positive analyst ratings with a consensus ""Buy"" and an average target price of $391.43. Recent insider buying and strong demand for AI chips further reinforce positive sentiment for TSM, despite some short-term volatility.",0.406034,Bullish,1.000000,0.420154,Bullish
20260331T104012,TSM,Taiwan Semiconductor,"Northstar Advisory Group LLC Sells 1,768 Shares of Taiwan Semiconductor Manufacturing Company Ltd. $TSM",MarketBeat,https://www.marketbeat.com/instant-alerts/filing-northstar-advisory-group-llc-sells-1768-shares-of-taiwan-semiconductor-manufacturing-company-ltd-tsm-2026-03-31/,"Northstar Advisory Group LLC has decreased its stake in Taiwan Semiconductor Manufacturing Company (TSMC) by 18.3%, selling 1,768 shares. Despite this, analysts largely maintain a ""Buy"" rating on TSMC, with a consensus target price of $391.43, citing strong fundamentals and surging AI chip demand, although geopolitical risks and capacity constraints remain concerns. Other institutional investors showed mixed activity, with some increasing their positions in TSM while others reduced them.",0.32311,Somewhat-Bullish,1.000000,0.307551,Somewhat-Bullish
20260331T114012,TSM,Taiwan Semiconductor,Taiwan: Powering Ahead,Global Finance Magazine,https://gfmag.com/emerging-frontier-markets/taiwan-powering-ahead/,"Taiwan's economy is experiencing a significant boom driven by its pre-eminence in semiconductor manufacturing and AI, leading to strong GDP growth of 7.71% in 2025. Despite this impressive performance, concerns exist about the heavy reliance on semiconductor exports, potential geopolitical risks with China, and high energy import dependence. The article also highlights the importance of foreign direct investment and the growing focus on renewable energy to address environmental and security vulnerabilities.",0.360075,Bullish,1.000000,0.473378,Bullish
20260331T134012,TSM,Taiwan Semiconductor,Will TSM's Advanced Packaging Push Unlock a New Growth Phase?,TradingView,https://www.tradingview.com/news/zacks:91d463af9094b:0-will-tsm-s-advanced-packaging-push-unlock-a-new-growth-phase/,"Taiwan Semiconductor Manufacturing Company (TSM) is significantly investing in advanced packaging technology, driven by the increasing demands of AI and high-performance computing. This segment, though currently a small contributor, is projected to grow rapidly, exceeding 10% of total revenue by 2026, and is expected to be a key driver for TSM's long-term growth and its ability to meet revenue targets, despite competition from companies like Intel and GlobalFoundries.",0.366036,Bullish,0.987766,0.479602,Bullish
20260331T134012,TSM,Taiwan Semiconductor,TSMC Starts 2 Nanometer Era As AI Demand Reframes Valuation,Simply Wall Street,https://simplywall.st/stocks/us/semiconductors/nyse-tsm/taiwan-semiconductor-manufacturing/news/tsmc-starts-2-nanometer-era-as-ai-demand-reframes-valuation,"TSMC has begun production of its 2 nanometer process technology, signaling a new era in chip manufacturing driven by stronger-than-anticipated AI chip demand. This development positions TSMC centrally in the high-end chip supply market, with its stock experiencing significant long-term growth despite a recent pullback. Investors are now watching how quickly major chip designers adopt this new technology and how its impact on utilization and capital expenditure will be managed.",0.263427,Somewhat-Bullish,1.000000,0.502068,Bullish
20260331T144012,TSM,Taiwan Semiconductor,Taiwan Semiconductor Manufacturing Co Ltd Stock (TSM) Moved Up by 3.09% on Mar 31: Facts Behind the Movement,TradingKey,https://www.tradingkey.com/news/Market-Movers/261738756-market-movers-tsm-20260331,"Taiwan Semiconductor Manufacturing Co Ltd (TSM) saw its stock price rise by 3.09% on March 31, driven by strong fundamentals and high demand in the AI sector. The company's leadership in 2nm process technology and aggressive capacity expansion, including its Arizona Fab 4 being fully booked, are key factors. Positive financial projections, analyst sentiment, and insider confidence also contribute to the upward movement, despite geopolitical risks.",0.242279,Somewhat-Bullish,1.000000,0.453295,Bullish
20260331T210909,TSM,Taiwan Semiconductor,"Willmeng starts $7B mixed-use project, companion to TSMC site",Construction Dive,https://www.constructiondive.com/news/willmeng-starts-halo-vista-companion-tsmc/816286/,"Willmeng Construction has broken ground on Halo Vista, a $7 billion, 2,300-acre mixed-use project north of Phoenix, Arizona. This ""city within a city"" will be adjacent to Taiwan Semiconductor Manufacturing Company's $65 billion campus, aiming to become a hub for science and innovation. The development will feature nearly 30 million square feet of mixed-use capacity, including industrial, manufacturing, office, retail, residential, and educational spaces, with initial tenants like Costco and a Marriott hotel.",0.398416,Bullish,0.912677,0.447916,Bullish
20260331T210909,TSM,Taiwan Semiconductor,Taiwan Semiconductor Manufacturing (NYSE:TSM) Shares Up 6.8% - Here's Why,MarketBeat,https://www.marketbeat.com/instant-alerts/taiwan-semiconductor-manufacturing-nysetsm-shares-up-68-heres-why-2026-03-31/,"Taiwan Semiconductor Manufacturing (TSM) shares increased by 6.8% due to the approval of a $5.26 billion 3nm mega-factory in Japan and the commencement of 2nm production, driven by demand from AI and datacenters. Analysts have raised price targets, and the company reported strong quarterly earnings with $30.65 billion in revenue and $3.11 EPS. While capacity constraints and price increases pose potential risks, insider buying and an advanced packaging push offer some mitigation for the $1.75 trillion market cap company.",0.466415,Bullish,1.000000,0.534713,Bullish
20260401T100952,TSM,Taiwan Semiconductor,How Taiwan came to dominate the global chip industry,The Conversation,https://theconversation.com/how-taiwan-came-to-dominate-the-global-chip-industry-276939,"Taiwan's dominance in the global chip industry, particularly through TSMC, stems from strategic foresight in focusing on precision manufacturing rather than design. This ""pure-play foundry"" model allowed TSMC to become essential for advanced chips used in various technologies. While this has provided Taiwan with a ""silicon shield"" against geopolitical threats, ongoing efforts by the US and China to boost their own chip manufacturing capabilities pose a challenge to Taiwan's long-term supremacy, requiring continuous innovation and strategic orchestration.",0.307045,Somewhat-Bullish,1.000000,0.421390,Bullish
20260401T110952,TSM,Taiwan Semiconductor,"PFG Private Wealth Management LLC Takes $643,000 Position in Taiwan Semiconductor Manufacturing Company Ltd. $TSM",MarketBeat,https://www.marketbeat.com/instant-alerts/filing-pfg-private-wealth-management-llc-takes-643000-position-in-taiwan-semiconductor-manufacturing-company-ltd-tsm-2026-04-01/,"PFG Private Wealth Management LLC has acquired a new stake worth $643,000 in Taiwan Semiconductor Manufacturing Company (TSM), representing 0.3% of its portfolio. Analysts generally have a ""Buy"" rating for TSM, with an average target price of $391.43, supported by operational catalysts like a new 3nm factory in Japan, increased 2nm production for AI, and strong insider purchases. Despite positive sentiment, risks include short-term volatility and capacity constraints.",0.369033,Bullish,1.000000,0.418677,Bullish
20260401T130952,TSM,Taiwan Semiconductor,Taiwan Semiconductor Manufacturing Company Ltd. $TSM Shares Purchased by Victory Financial Group LLC,MarketBeat,https://www.marketbeat.com/instant-alerts/filing-taiwan-semiconductor-manufacturing-company-ltd-tsm-shares-purchased-by-victory-financial-group-llc-2026-04-01/,"Victory Financial Group LLC increased its stake in Taiwan Semiconductor Manufacturing Company Ltd. (TSM) by 42.2% in the fourth quarter of the prior year, bringing its total holdings to 7,290 shares valued at approximately $2.215 million. This comes as TSMC continues to expand its production capacity, investing in a new AI-focused ""mega-factory"" in Japan with plans for 3-nanometer wafer mass production by 2028. The company also reported solid quarterly earnings, a market capitalization near $1.75 trillion, and offers a quarterly dividend.",0.360143,Bullish,1.000000,0.443104,Bullish
20260402T103918,TSM,Taiwan Semiconductor,Trust Co. of Vermont Has $27.85 Million Stake in Taiwan Semiconductor Manufacturing Company Ltd. $TSM,MarketBeat,https://www.marketbeat.com/instant-alerts/filing-trust-co-of-vermont-has-2785-million-stake-in-taiwan-semiconductor-manufacturing-company-ltd-tsm-2026-04-02/,"Trust Co. of Vermont increased its stake in Taiwan Semiconductor Manufacturing Company (TSM) by 10.7% in Q4, with its holdings now valued at $27.85 million. This makes TSM the 20th largest holding for the firm, representing 1.2% of its portfolio. The article highlights TSM's strong market cap, positive analyst sentiment, and plans for 3nm wafer production in Japan, signaling continued growth in AI chip manufacturing.",0.412664,Bullish,1.000000,0.404814,Bullish
20260402T123918,TSM,Taiwan Semiconductor,Can TSM Meet FY26 Margin Guidance Amid Fab Expansion Cost Pressures?,TradingView,https://www.tradingview.com/news/zacks:abdff4d4d094b:0-can-tsm-meet-fy26-margin-guidance-amid-fab-expansion-cost-pressures/,"Taiwan Semiconductor Manufacturing Company (TSM) is expanding its production globally, investing $165 billion in the U.S. and building facilities in Japan, Europe, and Taiwan, to meet the growing demand for AI and advanced chips. Though overseas fabs are more expensive, TSM expects to meet its FY26 gross margin targets due to robust demand, high factory utilization, and anticipated benefits from scale, automation, and government incentives. The company reported strong Q4 2025 revenue growth and expects continued momentum, with analysts projecting significant revenue and earnings increases for 2026 and 2027.",0.296094,Somewhat-Bullish,1.000000,0.422163,Bullish
20260402T153918,TSM,Taiwan Semiconductor,How Big Will Taiwan Semiconductor’s Beat Be on April 16?,24/7 Wall St.,https://247wallst.com/investing/2026/04/02/how-big-will-taiwan-semiconductors-beat-be-on-april-16/,"Taiwan Semiconductor Manufacturing (TSM) is set to report its Q1 2026 results on April 16, with analysts anticipating another strong beat, driven by robust AI demand. Despite a recent 5% pullback in stock price, TSM delivered solid Q4 2025 results with significant revenue and EPS growth and has consistently beaten estimates in 2025. The focus for Q1 will be on gross margins, the expanding share of advanced technologies, and updates on the 2-nanometer ramp and Arizona fab progress to determine the magnitude of its continued outperformance.",0.425682,Bullish,1.000000,0.427294,Bullish
20260403T024044,TSM,Taiwan Semiconductor,Assessing Taiwan Semiconductor Manufacturing’s Valuation After A Year Of Strong Shareholder Returns,Simply Wall Street,https://simplywall.st/stocks/us/semiconductors/nyse-tsm/taiwan-semiconductor-manufacturing/news/assessing-taiwan-semiconductor-manufacturings-valuation-afte-1,"Taiwan Semiconductor Manufacturing (TSM) has shown strong shareholder returns over the past year, despite recent short-term share price fluctuations. While a popular narrative suggests TSM is 15.2% undervalued with a fair value of $400, Simply Wall St's own DCF model estimates a lower fair value of approximately $280 due to cash flow considerations. Investors are encouraged to review the complete narrative and underlying risks, such as geopolitical tensions and potential cooling AI demand, to form their own conclusions.",0.131249,Neutral,1.000000,0.293895,Somewhat-Bullish
20260404T104056,TSM,Taiwan Semiconductor,"Global Trust Asset Management LLC Sells 1,877 Shares of Taiwan Semiconductor Manufacturing Company Ltd. $TSM",MarketBeat,https://www.marketbeat.com/instant-alerts/filing-global-trust-asset-management-llc-sells-1877-shares-of-taiwan-semiconductor-manufacturing-company-ltd-tsm-2026-04-04/,"Global Trust Asset Management LLC reduced its stake in Taiwan Semiconductor Manufacturing Co. (TSM) by 44.8% in Q4 2025, selling 1,877 shares and retaining 2,310 shares valued at $702,000. Despite this sale, Wall Street analysts largely maintain a ""Buy"" rating for TSM, with a consensus price target of $391.43, driven by strong AI demand and upcoming catalysts like Q1 earnings and 3nm production expansion in Japan. However, concerns about aggressive global expansion costs and geopolitical risks could affect near-term margins.",0.156112,Somewhat-Bullish,1.000000,0.258225,Somewhat-Bullish
20260405T101022,TSM,Taiwan Semiconductor,JB Capital LLC Cuts Holdings in Taiwan Semiconductor Manufacturing Company Ltd. $TSM,MarketBeat,https://www.marketbeat.com/instant-alerts/filing-jb-capital-llc-cuts-holdings-in-taiwan-semiconductor-manufacturing-company-ltd-tsm-2026-04-05/,"JB Capital LLC slightly reduced its stake in Taiwan Semiconductor Manufacturing Company Ltd. (TSM) by 2.3% in the fourth quarter, now holding 96,077 shares valued at $29.20 million. Despite this minor reduction, analyst sentiment remains largely positive with an average ""Buy"" rating and a price target of $391.43, driven by strong fundamentals, AI demand, and capacity expansion. The company also declared a quarterly dividend of $0.9503 per share, indicating a 1.1% yield.",0.340845,Somewhat-Bullish,1.000000,0.312464,Somewhat-Bullish
20260405T101022,TSM,Taiwan Semiconductor,Taiwan Semiconductor Manufacturing Company Ltd. $TSM is Princeton Global Asset Management LLC's 3rd Largest Position,MarketBeat,https://www.marketbeat.com/instant-alerts/filing-taiwan-semiconductor-manufacturing-company-ltd-tsm-is-princeton-global-asset-management-llcs-3rd-largest-position-2026-04-05/,"Princeton Global Asset Management LLC has maintained Taiwan Semiconductor Manufacturing (TSM) as its third-largest position, despite a slight reduction in its holdings. Analysts largely express bullish sentiment on TSM due to strong AI-driven demand, raising price targets, while upcoming revenue and Q1 results are anticipated catalysts. However, potential challenges include higher overseas fab expansion costs potentially impacting margins and geopolitical/supply-chain risks.",0.401277,Bullish,1.000000,0.421035,Bullish
20260405T111022,TSM,Taiwan Semiconductor,Myriad Asset Management US LP Cuts Holdings in Taiwan Semiconductor Manufacturing Company Ltd. $TSM,MarketBeat,https://www.marketbeat.com/instant-alerts/filing-myriad-asset-management-us-lp-cuts-holdings-in-taiwan-semiconductor-manufacturing-company-ltd-tsm-2026-04-05/,"Myriad Asset Management US LP significantly reduced its stake in Taiwan Semiconductor Manufacturing Company Ltd. (TSM) by 70.4% in the fourth quarter. Despite this reduction, TSM remains the firm's ninth-largest holding, valued at $1.614 million. The article also highlights positive insider activity, strong analyst sentiment, upcoming catalysts like revenue reports, and geographical expansion plans for TSMC.",0.162301,Somewhat-Bullish,1.000000,0.234942,Somewhat-Bullish
20260405T183933,TSM,Taiwan Semiconductor,AI Infrastructure Leaders: Nvidia and TSMC Market Dominance - News and Statistics,IndexBox,https://www.indexbox.io/blog/ai-infrastructure-boom-drives-market-leaders-nvidia-and-tsmc/,"The expansion of AI infrastructure is expected to create significant market winners, with Nvidia and TSMC identified as key leaders. Nvidia dominates the GPU market, crucial for AI development, and has strategically built a complementary software ecosystem. TSMC holds a virtual monopoly in advanced semiconductor manufacturing, making it a foundational supplier for various AI chips.",0.236298,Somewhat-Bullish,0.310300,0.047276,Neutral
20260406T110920,TSM,Taiwan Semiconductor,Rathbones Group PLC Grows Stock Position in Taiwan Semiconductor Manufacturing Company Ltd. $TSM,MarketBeat,https://www.marketbeat.com/instant-alerts/filing-rathbones-group-plc-grows-stock-position-in-taiwan-semiconductor-manufacturing-company-ltd-tsm-2026-04-06/,"Rathbones Group PLC has increased its stake in Taiwan Semiconductor Manufacturing Company Ltd. (TSM) by 8.2% in Q4, acquiring an additional 77,053 shares to own a total of 1,018,629 shares valued at $309.6 million. TSM remains a significant holding for Rathbones, representing 1.0% of its portfolio and its 21st-largest position. Analysts generally maintain a ""Buy"" rating for TSM with a consensus price target of $391.43, despite potential margin pressures from global fab expansion and geopolitical risks.",0.321717,Somewhat-Bullish,0.983367,0.324415,Somewhat-Bullish
20260406T140300,TSM,Taiwan Semiconductor,Taiwan Semiconductor Manufacturing Company Stock (TSM) Opinions on Pre-Earnings Momentum,Quiver Quantitative,https://www.quiverquant.com/news/Taiwan+Semiconductor+Manufacturing+Company+Stock+%28TSM%29+Opinions+on+Pre-Earnings+Momentum,"Ahead of its Q1 earnings report, Taiwan Semiconductor Manufacturing Company (TSM) is seeing significant pre-earnings momentum driven by a massive institutional purchase of call options, strong analyst ratings, and insider buying. Discussions highlight TSM's critical role in AI infrastructure, progress at its Kumamoto facility, and overall market dominance despite broader market pressures. The company's stock is positioned near key moving averages, with analysts and institutional investors showing strong conviction in its future growth.",0.439067,Bullish,1.000000,0.432418,Bullish
20260406T140300,TSM,Taiwan Semiconductor,Taiwan Semiconductor Manufacturing Company Stock (TSM) Opinions on Pre-Earnings Momentum,Quiver Quantitative,https://www.quiverquant.com/news/Taiwan%20Semiconductor%20Manufacturing%20Company%20Stock%20(TSM)%20Opinions%20on%20Pre-Earnings%20Momentum,"This article summarizes pre-earnings momentum for Taiwan Semiconductor Manufacturing Company (TSM), highlighting significant institutional option purchases, investor optimism surrounding AI hardware demand and TSM's gross margins, and progress in global expansion. It also details recent insider trading activity, congressional stock trades, hedge fund movements, and analyst ratings and price targets, all contributing to a bullish outlook for the stock.",0.027315,Neutral,0.348154,0.020128,Neutral
20260406T180920,TSM,Taiwan Semiconductor,"Got $1,000? The Best Pick-and-Shovel Growth Stock for the AI Supercycle Isn't American.",The Globe and Mail,https://www.theglobeandmail.com/investing/markets/stocks/TSM-N/pressreleases/1163057/got-1-000-the-best-pick-and-shovel-growth-stock-for-the-ai-supercycle-isn-t-american/,"Taiwan Semiconductor Manufacturing (TSMC) is highlighted as a top ""pick-and-shovel"" growth stock for the AI supercycle, despite not being an American company. The article emphasizes TSMC's dominant position in advanced processor manufacturing with a 70% market share, its significant revenue growth driven by AI chip demand, and its potential for sustained growth from emerging AI markets like AI inference. Investors are encouraged to consider TSMC due to its indispensable role in the AI industry, regardless of which AI software companies ultimately succeed.",0.343957,Somewhat-Bullish,1.000000,0.466993,Bullish
20260407T070720,TSM,Taiwan Semiconductor,Aaron Wealth Advisors LLC Boosts Stock Holdings in Taiwan Semiconductor Manufacturing Company Ltd. $TSM,MarketBeat,https://www.marketbeat.com/instant-alerts/filing-aaron-wealth-advisors-llc-boosts-stock-holdings-in-taiwan-semiconductor-manufacturing-company-ltd-tsm-2026-04-07/,"Aaron Wealth Advisors LLC significantly increased its stake in Taiwan Semiconductor Manufacturing Company Ltd. (NYSE:TSM) by 36.8% in the fourth quarter, now holding 33,522 shares valued at over $10 million. Other institutional investors also adjusted their positions, and several analysts have issued ""Buy"" or ""Strong Buy"" ratings for TSM with an average target price of $391.43. The company recently declared a quarterly dividend and insiders made a notable stock purchase in March.",0.411428,Bullish,1.000000,0.449541,Bullish
20260407T101000,TSM,Taiwan Semiconductor,The Sovereign of Silicon: A 2026 Deep-Dive into TSMC (NYSE: TSM),FinancialContent,https://markets.financialcontent.com/stocks/article/finterra-2026-4-7-the-sovereign-of-silicon-a-2026-deep-dive-into-tsmc-nyse-tsm,"This article provides a deep dive into Taiwan Semiconductor Manufacturing Company (TSMC) in 2026, highlighting its technological dominance with 2nm mass production and a market capitalization of $1.75 trillion. It explores TSMC's business model, strong financial performance, and key innovations like GAA transistors, while also examining the geopolitical risks, energy challenges, and significant costs associated with its global expansion. The piece concludes that despite being a high-growth AI play, an investment in TSMC is also a bet on global stability.",0.285988,Somewhat-Bullish,1.000000,0.476199,Bullish
20260407T101051,TSM,Taiwan Semiconductor,Is It Too Late To Consider Taiwan Semiconductor (NYSE:TSM) After Its 136% One Year Surge?,Simply Wall Street,https://simplywall.st/stocks/us/semiconductors/nyse-tsm/taiwan-semiconductor-manufacturing/news/is-it-too-late-to-consider-taiwan-semiconductor-nysetsm-afte,"This article analyzes Taiwan Semiconductor Manufacturing (NYSE:TSM) after its significant 136% surge over the past year. Using two valuation methods, Discounted Cash Flow (DCF) and Price-to-Earnings (P/E), the analysis suggests TSM might be overvalued by 21.2% according to DCF, but undervalued given its P/E ratio of 27.3x compared to the industry average. The piece also explores ""Narratives"" from other investors, presenting both bullish and cautious perspectives on TSM's fair value and future prospects.",0.047792,Neutral,1.000000,-0.113620,Neutral
20260407T101051,TSM,Taiwan Semiconductor,TSMC (TSM) SVP Ho Li-Mei files Form 4 with no share changes,Stock Titan,https://www.stocktitan.net/sec-filings/TSM/form-4-taiwan-semiconductor-manufacturing-co-ltd-insider-trading-acti-b3240321cf2f.html,"TSMC SVP Ho Li-Mei filed an insider ownership report (Form 4) indicating no changes in her shareholdings. The filing shows zero transactions for purchases, sales, exercises, gifts, or other derivatives, reflecting a neutral impact and sentiment on her TSM stock positions. The report also notes that the Reporting Person retired on April 4, 2026, and is no longer subject to Section 16 regulations.",0.040667,Neutral,0.346540,0.022294,Neutral
20260408T021113,TSM,Taiwan Semiconductor,Inside Taiwan’s Semiconductor Supremacy,EE Times Asia,https://www.eetasia.com/inside-taiwans-semiconductor-supremacy/,"Taiwan dominates the global semiconductor manufacturing industry, producing approximately 92% of advanced logic chips (5 nm and smaller), primarily through TSMC. This article examines TSMC's ""pure-play foundry"" model, its technological leadership in the Angstrom era, and the critical role it plays in the global economy, despite facing challenges like energy demand, talent shortages, and geopolitical tensions. Taiwan's strategic importance, often dubbed the ""silicon shield,"" is discussed alongside TSMC's expansion efforts abroad to mitigate risks.",0.246431,Somewhat-Bullish,1.000000,0.497834,Bullish
20260408T102300,TSM,Taiwan Semiconductor,Citi Remains Bullish on Taiwan Semiconductor (TSM) Amid Growing Demand for AI-Driven Chips,Insider Monkey,https://www.insidermonkey.com/blog/citi-remains-bullish-on-taiwan-semiconductor-tsm-amid-growing-demand-for-ai-driven-chips-1734073/,"Citigroup has reaffirmed its ""Buy"" rating on Taiwan Semiconductor Manufacturing Company Limited (TSM), raising its price target to NT$2,800 from NT$2,600 due to increasing demand for AI-driven chips. The investment firm significantly boosted its earnings projections through 2028, with net profit estimates reaching $134.2 billion by 2028. Bernstein SocGen Group also raised TSM's price target, citing ongoing demand for both AI and non-AI products, confirming TSM's strong position as the world's largest semiconductor foundry.",0.479858,Bullish,1.000000,0.487164,Bullish
20260408T104027,TSM,Taiwan Semiconductor,Intrinsic Value Partners LLC Trims Position in Taiwan Semiconductor Manufacturing Company Ltd. $TSM,MarketBeat,https://www.marketbeat.com/instant-alerts/filing-intrinsic-value-partners-llc-trims-position-in-taiwan-semiconductor-manufacturing-company-ltd-tsm-2026-04-08/,"Intrinsic Value Partners LLC reduced its stake in Taiwan Semiconductor Manufacturing Company Ltd. (TSM) by 7.3% in the fourth quarter, selling 1,629 shares to hold 20,624 shares valued at $6.27 million. Despite the trim, TSM remains the fund's fourth-largest position, representing about 4.7% of its portfolio. Taiwan Semiconductor Manufacturing maintains a ""Buy"" consensus rating from analysts with a target price of $391.43, and the company reported strong financials including $3.11 EPS and $30.65 billion in revenue last quarter.",0.224229,Somewhat-Bullish,1.000000,0.295453,Somewhat-Bullish
20260408T134027,TSM,Taiwan Semiconductor,Taiwan Semiconductor Manufacturing Co Ltd Stock (TSM) Opened Up by 6.74% on Apr 8: What Signal Does It Send?,TradingKey,https://www.tradingkey.com/news/Market-Movers/261762128-market-movers-tsm-20260408,"Taiwan Semiconductor Manufacturing Co Ltd (TSM) saw its stock open up by 6.74% on April 8 due to robust semiconductor market growth, strong demand for AI processing, and fully booked 3nm and 5nm production capacities. Analysts forecast significant year-over-year earnings and revenue growth for TSM, with institutional investors showing high confidence through increased call options and hedge fund positions. However, geopolitical tensions, energy supply chain vulnerabilities, and operational costs from global expansion remain key risks for the company.",0.320211,Somewhat-Bullish,1.000000,0.407101,Bullish
20260408T234056,TSM,Taiwan Semiconductor,"Geopolitical Tensions Put TSMC Valuation, Risk And Momentum In Spotlight",Simply Wall Street,https://simplywall.st/stocks/us/semiconductors/nyse-tsm/taiwan-semiconductor-manufacturing/news/geopolitical-tensions-put-tsmc-valuation-risk-and-momentum-i,"Renewed geopolitical tensions between China and Taiwan, particularly regarding potential use of force, are impacting Taiwan Semiconductor Manufacturing (TSMC) due to its Taiwan-based operations. This is prompting investors and technology customers to reassess chip production reliability and supply chain risks, potentially influencing capital allocation and sourcing decisions. Despite the political concerns, TSMC's stock shows positive short-term momentum, though Simply Wall St's valuation suggests it is currently overvalued.",-0.109786,Neutral,1.000000,-0.264264,Somewhat-Bearish
20260409T050853,TSM,Taiwan Semiconductor,Taiwan Semiconductor Manufacturing (TSM) to Release Earnings on Thursday,MarketBeat,https://www.marketbeat.com/instant-alerts/taiwan-semiconductor-manufacturing-tsm-to-release-earnings-on-thursday-2026-04-09/,"Taiwan Semiconductor Manufacturing (TSM) is set to release its Q1 2026 earnings on Thursday, April 16th, with analysts expecting EPS of $3.26 and revenue of $35.4657 billion. The company reported strong Q1 revenue from AI servers, suggesting continued demand, and analysts are largely bullish due to rising AI-driven demand and advanced chip technology. While facing potential risks from China–Taiwan geopolitical tensions and renewed foundry competition, TSM shows strong fundamentals, a notable market cap of $1.89 trillion, and recent insider stock purchases.",0.049045,Neutral,1.000000,0.307578,Somewhat-Bullish
20260409T130853,TSM,Taiwan Semiconductor,Yarger Wealth Strategies LLC Has $1.07 Million Stock Holdings in Taiwan Semiconductor Manufacturing Company Ltd. $TSM,MarketBeat,https://www.marketbeat.com/instant-alerts/filing-yarger-wealth-strategies-llc-has-107-million-stock-holdings-in-taiwan-semiconductor-manufacturing-company-ltd-tsm-2026-04-09/,"Yarger Wealth Strategies LLC significantly increased its stake in Taiwan Semiconductor Manufacturing Company Ltd. (TSM) by 80.5% in the fourth quarter, now holding 3,516 shares valued at $1.07 million. This move is part of a broader trend of strong institutional accumulation, with multiple large institutions making sizable purchases. Analysts maintain a bullish outlook on TSM, citing AI-driven demand and potential for a Q1 earnings beat, though geopolitical risks and valuation debates remain.",0.430823,Bullish,1.000000,0.414981,Bullish
20260409T160853,TSM,Taiwan Semiconductor,The U.S. and Silicon Valley may be running out of time to deal with Taiwan,Fast Company,https://www.fastcompany.com/91516051/silicon-valley-taiwan,"Taiwan produces approximately 90% of the world's advanced semiconductors, making it a critical hub for the global technology industry, including companies like Apple, Nvidia, and AMD. China's increasing military exercises and potential blockade of Taiwan pose a significant threat, which Treasury Secretary Scott Bessent has called ""the single biggest point of failure"" in the world economy. Despite efforts from U.S. administrations, like the CHIPS and Science Act, to mitigate risks and rebuild domestic manufacturing, progress has been slow, leaving the U.S. and Silicon Valley vulnerable to a potential crisis.",-0.46131,Bearish,1.000000,-0.813393,Bearish
20260410T074125,TSM,Taiwan Semiconductor,Taiwan Semiconductor Manufacturing Company Ltd. $TSM Shares Sold by Flagship Harbor Advisors LLC,MarketBeat,https://www.marketbeat.com/instant-alerts/filing-taiwan-semiconductor-manufacturing-company-ltd-tsm-shares-sold-by-flagship-harbor-advisors-llc-2026-04-10/,"Flagship Harbor Advisors LLC significantly reduced its stake in Taiwan Semiconductor Manufacturing Company Ltd. (TSM) by 51.8% in the fourth quarter, selling 2,036 shares and retaining 1,891 shares valued at approximately $575,000. Despite this sale, Wall Street analysts largely maintain a bullish outlook on TSM, with a consensus ""Buy"" rating and a price target of $391.43, driven by strong quarterly results and surging AI-driven demand. The company posted $3.11 EPS on $30.65 billion revenue with a 45.13% net margin, and recent insider activity shows VP Bor-Zen Tien acquiring additional shares.",0.208392,Somewhat-Bullish,1.000000,0.319138,Somewhat-Bullish
20260410T091046,TSM,Taiwan Semiconductor,Taiwan Semiconductor Manufacturing Company Ltd. $TSM Position Increased by Cardinal Capital Management Inc.,MarketBeat,https://www.marketbeat.com/instant-alerts/filing-taiwan-semiconductor-manufacturing-company-ltd-tsm-position-increased-by-cardinal-capital-management-inc-2026-04-10/,"Cardinal Capital Management Inc. significantly increased its stake in Taiwan Semiconductor Manufacturing Company Ltd. (TSM) by 40.4% in the fourth quarter, reflecting a bullish sentiment. Analysts largely maintain a ""Buy"" rating for TSM with an average price target of $391.43, citing strong fundamentals, including robust Q4 EPS and revenue, alongside a recently declared quarterly dividend. Despite positive indicators like growing AI-driven chip demand, the stock faces concerns regarding stretched valuation, geopolitical risks, and potential competition, which could lead to increased market volatility.",0.261834,Somewhat-Bullish,1.000000,0.395129,Bullish
20260410T095300,TSM,Taiwan Semiconductor,TSMC posts 35% jump in revenue to new record high as AI chip demand stays strong,CNBC,https://www.cnbc.com/2026/04/10/tsmc-q1-record-revenue-ai-chip-demand-strong.html,"Taiwan Semiconductor Manufacturing Co. (TSMC) reported a significant 35% year-on-year increase in first-quarter revenue, reaching 1.13 trillion New Taiwan dollars ($35.6 billion), driven by strong demand for AI chips from major customers like Apple and Nvidia. The world's largest chipmaker exceeded analyst forecasts and is expected to surpass its 30% annual growth target, with advanced chip price hikes contributing to the revenue beat. The company, which manufactures cutting-edge chips for various electronics and data centers, will release its full Q1 earnings on April 16, while investors also await ASML's earnings report next week as a semiconductor industry bellwether.",0.033699,Neutral,0.324859,0.010820,Neutral
20260410T101046,TSM,Taiwan Semiconductor,TSMC (NYSE: TSM) March revenue jumps 45% year over year,Stock Titan,https://www.stocktitan.net/sec-filings/TSM/6-k-taiwan-semiconductor-manufacturing-co-ltd-current-report-foreign--ad634bdd2780.html,"Taiwan Semiconductor Manufacturing Company Limited (TSMC) reported a significant increase in its March 2026 revenue, which jumped 45.2% year-over-year to NT$415.19 billion. Consolidated net revenue for the first quarter of 2026 reached NT$1,134.10 billion, marking a 35.1% increase compared to the same period in 2025. The report also detailed intra-group financing, guarantees for subsidiaries, and foreign exchange derivative positions, highlighting robust demand and continued global expansion efforts.",0.735081,Bullish,1.000000,0.703056,Bullish
20260410T131046,TSM,Taiwan Semiconductor,TSMC Q1 2026 earnings: Record revenue on strong AI chip demand,Quartz,https://qz.com/tsmc-q1-2026-record-revenue-ai-chip-demand-041026,"TSMC reported a record-breaking Q1 2026 revenue of NT$1.13 trillion ($35.6 billion), a 35% year-over-year increase, driven by strong AI chip demand despite concerns over the Iran war. This performance surpassed analyst forecasts and was bolstered by orders from major clients like Apple and Nvidia, as well as price increases on leading-edge chips. The company remains a primary beneficiary of the AI buildout, with plans for significant investment in new factories to meet ongoing demand.",0.537867,Bullish,1.000000,0.840262,Bullish
20260410T131046,TSM,Taiwan Semiconductor,Taiwan Semiconductor Stock Soars 20% YTD: Time to Hold or Book Profit?,TradingView,https://www.tradingview.com/news/zacks:cf61f87b4094b:0-taiwan-semiconductor-stock-soars-20-ytd-time-to-hold-or-book-profit/,"Taiwan Semiconductor Manufacturing Company (TSM) has gained 20.5% year-to-date, outperforming the broader tech sector, driven by its leadership in the global chip foundry market and the AI boom. The company expects significant revenue growth, especially from AI-related chips, and is investing heavily in advanced manufacturing. Despite strong fundamentals, potential near-term risks include softness in PC and smartphone markets, higher costs from global expansion, geopolitical tensions, and an ongoing conflict that could impact energy and material supplies, leading to a ""Hold"" recommendation due to its premium valuation.",0.31074,Somewhat-Bullish,1.000000,0.257694,Somewhat-Bullish
20260410T151046,TSM,Taiwan Semiconductor,Taiwan Semiconductor Manufacturing Stock Climbs On Record Q1 Revenue Jump Of 35%,TIKR.com,https://www.tikr.com/blog/taiwan-semiconductor-manufacturing-nyse-tsm-stock-climbs-as-record-q1-revenue-jumps-35,"Taiwan Semiconductor Manufacturing (TSM) stock rose after reporting record Q1 revenue of $35.6 billion, a 35% increase year-over-year, largely driven by strong AI chip demand from companies like Nvidia and Apple. Analysts expect TSM to surpass its 30% annual growth target, with gross margins projected at 64% when full earnings are reported on April 16. Despite geopolitical risks, the company's critical role in advanced chip manufacturing positions it favorably within the growing AI infrastructure market.",0.709411,Bullish,1.000000,0.848917,Bullish
20260410T161046,TSM,Taiwan Semiconductor,TSMC sales beat estimates despite the conflict in Iran,Taipei Times,https://www.taipeitimes.com/News/biz/archives/2026/04/11/2003855384,"Taiwan Semiconductor Manufacturing Co (TSMC) reported a 35% increase in quarterly revenue, reaching NT$1.13 trillion (US$35.62 billion), surpassing analyst estimates. This strong performance indicates sustained global demand for AI chips despite the ongoing conflict in the Middle East. Investors are now looking for assurances that this booming AI spending can be maintained, with TSMC's full first-quarter results due next week.",0.300055,Somewhat-Bullish,1.000000,0.442321,Bullish
20260410T191046,TSM,Taiwan Semiconductor,This Semiconductor Stock Is All You Need To Be Buying,24/7 Wall St.,https://247wallst.com/investing/2026/04/10/this-semiconductor-stock-is-all-you-need-to-be-buying/,"Taiwan Semiconductor (TSM) is highlighted as a dominant force in the global foundry market, controlling 69.9% market share. The article argues that TSM's near-monopoly on premium chip manufacturing for fabless companies like Nvidia and AMD gives it significant pricing power, making it a stronger long-term investment due to its foundational role across the entire semiconductor sector. Despite a higher valuation, TSM's projected sales and EPS growth, along with limited competition, suggest it will outperform the broader market.",0.261991,Somewhat-Bullish,1.000000,0.406210,Bullish
20260411T063940,TSM,Taiwan Semiconductor,TSMC’s Record AI Revenue And Exports Tested Against Valuation And Risk,Simply Wall Street,https://simplywall.st/stocks/us/semiconductors/nyse-tsm/taiwan-semiconductor-manufacturing/news/tsmcs-record-ai-revenue-and-exports-tested-against-valuation,"TSMC reported record preliminary Q1 2026 revenue, driven by strong demand for AI chips and advanced nodes, contributing to new highs in Taiwan's exports. The company continues its capacity expansion as global customers invest heavily in high performance computing. Despite a strong stock performance over the past year, Simply Wall St's valuation indicates shares are trading above their estimated fair value, with a flagged risk concerning non-cash earnings.",0.377944,Bullish,1.000000,0.623650,Bullish
20260411T084009,TSM,Taiwan Semiconductor,"Diversify Advisory Services LLC Sells 7,638 Shares of Taiwan Semiconductor Manufacturing Company Ltd. $TSM",MarketBeat,https://www.marketbeat.com/instant-alerts/filing-diversify-advisory-services-llc-sells-7638-shares-of-taiwan-semiconductor-manufacturing-company-ltd-tsm-2026-04-11/,"Diversify Advisory Services LLC reduced its stake in Taiwan Semiconductor Manufacturing Company Ltd. (TSM) by 6.4%, selling 7,638 shares and retaining 111,445 shares valued at $33.87 million. TSM's first-quarter revenue surged by approximately 35% year-over-year, driven by strong AI chip demand, leading to analyst upgrades and a ""Buy"" consensus rating with an average target price of $391.43. The company has a market capitalization of $1.92 trillion, a P/E ratio of 34.8, and recently declared a quarterly dividend of $0.9503 per share.",0.428433,Bullish,1.000000,0.417469,Bullish
20260412T080918,TSM,Taiwan Semiconductor,Carnegie Investment Counsel Has $6.99 Million Position in Taiwan Semiconductor Manufacturing Company Ltd. $TSM,MarketBeat,https://www.marketbeat.com/instant-alerts/filing-carnegie-investment-counsel-has-699-million-position-in-taiwan-semiconductor-manufacturing-company-ltd-tsm-2026-04-12/,"Carnegie Investment Counsel has reduced its stake in Taiwan Semiconductor Manufacturing Company (TSM) by 7.1%, now holding 23,009 shares valued at $6.99 million. This comes as TSMC reported a record Q1 revenue, up 35% year-over-year, driven by strong AI chip demand which has led to analyst upgrades despite concerns about rising costs and valuation. The company also announced a quarterly dividend of $0.9503, to be paid on July 9th.",0.197632,Somewhat-Bullish,1.000000,0.426162,Bullish
20260412T161005,TSM,Taiwan Semiconductor,"Taiwan Semiconductor Manufacturing Co., Ltd. Sponsored ADR Trade Ideas — LSIN:0LCV",TradingView — Track All Markets,https://www.tradingview.com/symbols/LSIN-0LCV/ideas//page-7/,"This article compiles various trade ideas and analyses for Taiwan Semiconductor Manufacturing Co., Ltd. (TSM), covering both bullish and bearish perspectives. Analysts discuss TSM's strong performance driven by AI demand, its market dominance, and potential future price movements, along with technical indicators like resistance and support levels. Several contributors also highlight TSMC's financial growth, recent revenue surges, and strategic plans, while some identify potential pullbacks or trend reversals for the stock.",0.033929,Neutral,0.326850,0.029481,Neutral
20260413T090800,TSM,Taiwan Semiconductor,Deprince Race & Zollo Inc. Decreases Stake in Taiwan Semiconductor Manufacturing Company Ltd. $TSM,MarketBeat,https://www.marketbeat.com/instant-alerts/filing-deprince-race-zollo-inc-decreases-stake-in-taiwan-semiconductor-manufacturing-company-ltd-tsm-2026-04-13/,"Deprince Race & Zollo Inc. has reduced its stake in Taiwan Semiconductor Manufacturing Company Ltd. (TSM) by 1.7% in the fourth quarter of 2025, selling 2,935 shares and retaining 164,931 shares. This move comes as TSM reported strong Q1 revenue, beating forecasts, and received multiple analyst upgrades, maintaining its ""Buy"" rating. Insider activity shows VP Bor-Zen Tien increasing his holdings, while institutional investors show mixed activity in TSM stock.",0.234474,Somewhat-Bullish,1.000000,0.262748,Somewhat-Bullish
20260413T123916,TSM,Taiwan Semiconductor,Taiwan Strait Tensions Push Countries to Diversify Semiconductor Supply Chains,The Hilltop Online,https://thehilltoponline.com/2026/04/13/taiwan-strait-tensions-push-countries-to-diversify-semiconductor-supply-chains/,"Rising military tensions between China and Taiwan are driving a global effort to diversify semiconductor supply chains away from the island, which produces over 90% of advanced chips. The U.S. is leading this initiative with significant investments through the CHIPS and Science Act, along with Taiwan Semiconductor Manufacturing Company (TSMC) expanding its operations in Arizona. Other nations like South Korea, Japan, and India are also boosting domestic chip manufacturing capabilities to reduce reliance on Taiwan.",0.22729,Somewhat-Bullish,1.000000,0.239469,Somewhat-Bullish
20260414T074012,TSM,Taiwan Semiconductor,Taiwan Semiconductor Manufacturing Company Ltd. $TSM is AMI Asset Management Corp's 5th Largest Position,MarketBeat,https://www.marketbeat.com/instant-alerts/filing-taiwan-semiconductor-manufacturing-company-ltd-tsm-is-ami-asset-management-corps-5th-largest-position-2026-04-14/,"AMI Asset Management Corp significantly increased its stake in Taiwan Semiconductor Manufacturing (TSM) in Q4, making it their fifth-largest holding. Analysts are largely bullish on TSM, reiterating ""Buy"" ratings and high price targets due to strong AI-driven demand and expected record profits, despite potential risks from rising overseas capital expenditures and geopolitical tensions.",0.160998,Somewhat-Bullish,1.000000,0.487274,Bullish
20260414T170939,TSM,Taiwan Semiconductor,Assessing Taiwan Semiconductor Manufacturing (NYSE:TSM) Valuation After Its Recent Share Price Momentum,Simply Wall Street,https://simplywall.st/stocks/us/semiconductors/nyse-tsm/taiwan-semiconductor-manufacturing/news/assessing-taiwan-semiconductor-manufacturing-nysetsm-valuati-4,"Taiwan Semiconductor Manufacturing (TSM) has gained investor interest due to recent share price momentum and its pivotal role in AI development. While one valuation narrative suggests TSM is 7.6% undervalued with a fair value of $400, another analysis based on discounted cash flow indicates it might be overvalued, with an estimated value of $254.08. Investors are encouraged to review the numbers, considering both the growth potential driven by AI and geopolitical/capital expenditure risks.",0.218994,Somewhat-Bullish,1.000000,0.422141,Bullish
20260416T053300,TSM,Taiwan Semiconductor,"TSMC Q1 profit jumps 58% to record, beats expectations",Reuters,https://www.reuters.com/world/asia-pacific/tsmc-q1-profit-jumps-58-record-beats-expectations-2026-04-16/,"TSMC, the world's largest contract chipmaker, reported a 58% increase in first-quarter net profit, reaching a record T$572.5 billion ($18.2 billion). This performance exceeded market forecasts, driven by strong global demand for artificial intelligence processors. The company's major customers include Nvidia and Apple.",0.500275,Bullish,1.000000,0.802630,Bullish
20260416T083953,TSM,Taiwan Semiconductor,Earnings snapshot: Taiwan Semiconductor Manufacturing tops Q1 estimates; guides Q2 revenue above consensus,MSN,https://www.msn.com/en-us/money/savingandinvesting/earnings-snapshot-taiwan-semiconductor-manufacturing-tops-q1-estimates-guides-q2-revenue-above-consensus/ar-AA210R1W?ocid=finance-verthp-feeds,"Taiwan Semiconductor Manufacturing (TSM) reported first-quarter earnings that surpassed analyst expectations and provided a positive outlook for second-quarter revenue. The company is a crucial supplier in the semiconductor industry, and its performance often signals broader trends in the tech sector. This indicates strong demand for its chip manufacturing services.",0.476276,Bullish,1.000000,0.470353,Bullish
20260416T101853,TSM,Taiwan Semiconductor,"Taiwan's chipmaker TSMC reports 58% jump in profit, warns about Iran war impacts",Dayton Daily News,https://www.daytondailynews.com/nation-world/taiwans-chipmaker-tsmc-reports-58-jump-in-profit-warns-about-iran-war-impacts/article_327d1226-6eff-5237-974a-3d0191013a78.html,"Taiwan Semiconductor Manufacturing Corp. (TSMC) reported a significant 58% increase in profit for the January-March quarter, driven by strong demand for specialized chips used in artificial intelligence. Despite this growth, the company warned of potential disruptions and rising costs due to the ongoing Iran war, which could impact the global supply chain for critical chipmaking chemicals and gases. TSMC plans substantial investments to expand its manufacturing capacity, reflecting its confidence in the long-term AI market.",0.286749,Somewhat-Bullish,1.000000,0.440206,Bullish
20260416T123852,TSM,Taiwan Semiconductor,Is It Too Late To Consider Taiwan Semiconductor Manufacturing (NYSE:TSM) After Its 1-Year Surge?,Simply Wall Street,https://simplywall.st/stocks/us/semiconductors/nyse-tsm/taiwan-semiconductor-manufacturing/news/is-it-too-late-to-consider-taiwan-semiconductor-manufacturin-8,"This article analyzes Taiwan Semiconductor Manufacturing (TSM) after its significant 1-year surge, exploring whether its current share price reflects its true worth. It employs Discounted Cash Flow (DCF) analysis, which suggests the stock is overvalued by 52.3%, and a Price vs. Earnings (P/E) comparison, which indicates it might be undervalued relative to its fair ratio. The article also presents diverse ""Narratives"" from investors, showcasing bull and bear cases with differing fair value estimates based on varying assumptions regarding growth, risk, and geopolitical factors.",-0.044292,Neutral,1.000000,0.093270,Neutral
20260417T120907,TSM,Taiwan Semiconductor,TSMC projects over 30% sales growth,Taipei Times,https://www.taipeitimes.com/News/biz/archives/2026/04/17/2003855728,"Taiwan Semiconductor Manufacturing Co (TSMC) has increased its revenue growth forecast for the year to over 30%, citing strong demand for AI-related chips. The company also announced an increased capital expenditure of US$56 billion to expand advanced chip capacity, including 3-nanometer technology, and plans to add a new 3-nanometer production line. TSMC expects revenue this quarter to grow by about 10% sequentially, or 30% annually, reaching between US$39 billion and US$40.2 billion.",0.512987,Bullish,1.000000,0.890810,Bullish
20260417T233941,TSM,Taiwan Semiconductor,Taiwan Semiconductor Manufacturing Company Limited 2026 Q1 - Results - Earnings Call Presentation,Seeking Alpha,https://seekingalpha.com/article/4891505-taiwan-semiconductor-manufacturing-company-limited-2026-q1-results-earnings-call-presentation,"Taiwan Semiconductor Manufacturing Company Limited (TSM) released its Q1 2026 earnings, reporting an EPS of $3.49, beating estimates by $0.16, and revenue of $35.90 billion, surpassing estimates by $404.52 million with a 39.24% year-over-year increase. The company published a slide deck in conjunction with its earnings call.",0.426272,Bullish,1.000000,0.412187,Bullish
20260420T073852,TSM,Taiwan Semiconductor,Cwm LLC Increases Stock Holdings in Taiwan Semiconductor Manufacturing Company Ltd. $TSM,MarketBeat,https://www.marketbeat.com/instant-alerts/filing-cwm-llc-increases-stock-holdings-in-taiwan-semiconductor-manufacturing-company-ltd-tsm-2026-04-20/,"Cwm LLC increased its holdings in Taiwan Semiconductor Manufacturing Company Ltd. by 5.1% in Q4 2025, bringing its total to 35,611 shares valued at $10.82 million. This comes as TSMC reported record Q1 profit and revenue, raising Q2 guidance due to strong 3nm and AI demand, leading analysts to increase price targets. Additionally, a company VP purchased shares, and the company declared a quarterly dividend.",0.431156,Bullish,1.000000,0.401928,Bullish
20260420T091100,TSM,Taiwan Semiconductor,Taiwan Semiconductor Manufacturing (TSM) Reports Q1 EPS Beat,Insider Monkey,https://www.insidermonkey.com/blog/taiwan-semiconductor-manufacturing-tsm-reports-q1-eps-beat-1741890/,"Taiwan Semiconductor Manufacturing (TSM) reported better-than-expected Q1 2026 earnings, with an EPS of $3.49 against a $3.36 consensus and revenue of $35.9 billion, a 40.6% year-over-year increase. The company's strong performance was attributed to high demand for its leading-edge process technologies, a trend expected to continue into Q2, for which TSM provided optimistic revenue and margin guidance. Following the results, Needham raised its price target for TSM to $480, maintaining a Buy rating.",0.038066,Neutral,0.312203,0.033993,Neutral
20260420T103852,TSM,Taiwan Semiconductor,Foundry Wars: Government-backed fabs and AI workloads drive capacity race beyond TSMC,Astute Group,https://www.astutegroup.com/news/general/foundry-wars-government-backed-fabs-and-ai-workloads-drive-capacity-race-beyond-tsmc/,"The global foundry sector is experiencing increased competition driven by rising demand for AI chips and government-backed initiatives. New entrants and state funding aim to challenge TSMC's dominance, particularly as AI workloads demand advanced manufacturing capacity. While TSMC retains a strong position, the gap is narrowing due to significant investments in expanding capacity and developing advanced process technologies.",0.045359,Neutral,0.333272,0.005637,Neutral
20260420T103852,TSM,Taiwan Semiconductor,Taiwan Semiconductor Manufacturing Company Ltd. $TSM Shares Sold by Hudson Edge Investment Partners Inc.,MarketBeat,https://www.marketbeat.com/instant-alerts/filing-taiwan-semiconductor-manufacturing-company-ltd-tsm-shares-sold-by-hudson-edge-investment-partners-inc-2026-04-20/,"Hudson Edge Investment Partners Inc. reduced its stake in Taiwan Semiconductor Manufacturing ($TSM) by 0.8%, selling 1,800 shares. Despite this, TSMC remains their largest holding, valued at $71.57 million, and accounts for 10.6% of their portfolio. The semiconductor giant recently reported record Q1 profit and revenue, with strong demand for 3nm technology, leading to a ""Buy"" consensus rating from analysts with a target price of $401.43.",0.321661,Somewhat-Bullish,1.000000,0.417453,Bullish
20260421T130904,TSM,Taiwan Semiconductor,"Zurcher Kantonalbank Zurich Cantonalbank Purchases 153,661 Shares of Taiwan Semiconductor Manufacturing Company Ltd. $TSM",MarketBeat,https://www.marketbeat.com/instant-alerts/filing-zurcher-kantonalbank-zurich-cantonalbank-purchases-153661-shares-of-taiwan-semiconductor-manufacturing-company-ltd-tsm-2026-04-21/,"Zurcher Kantonalbank Zurich Cantonalbank has significantly increased its stake in Taiwan Semiconductor Manufacturing Company Ltd. (TSM) by purchasing an additional 153,661 shares, bringing their total holdings to 203,144 shares valued at approximately $61.73 million. Despite a recent post-earnings stock dip, Wall Street analysts maintain a ""Buy"" consensus rating for TSM with an average price target of $401.43, driven by strong AI-chip demand and robust quarterly earnings. Insider buying also occurred, with VP Bor-Zen Tien acquiring 1,000 shares, reflecting continued internal confidence in the company.",0.413749,Bullish,1.000000,0.485797,Bullish
20260421T200904,TSM,Taiwan Semiconductor,NVIDIA CEO Jensen Huang Says Manufacturing Bottlenecks Are a '2–3 Year Problem.' Here's What That Means for Investors,24/7 Wall St.,https://247wallst.com/investing/2026/04/21/nvidia-ceo-jensen-huang-says-manufacturing-bottlenecks-are-a-2-3-year-problem-heres-what-that-means-for-investors/,"NVIDIA CEO Jensen Huang believes that current AI chip manufacturing bottlenecks, such as those related to EUV lithography machines and advanced wafer capacity, are temporary 2-3 year problems that can be scaled through coordinated planning with foundries like TSMC and equipment suppliers like ASML. He highlights that TSMC and ASML's recent performance and statements support this view, showing strong demand and capacity expansion. Huang identifies energy policy and grid capacity as the true long-term constraints for NVIDIA, as these involve complex regulatory and national decisions beyond a single company's control.",0.20485,Somewhat-Bullish,0.998664,0.328674,Somewhat-Bullish
20260422T010904,TSM,Taiwan Semiconductor,Cleo Fields from Louisiana’s 6th district invests in Taiwan Semiconductor Manufacturing Company Ltd. By Investing.com,Investing.com,https://www.investing.com/news/company-news/cleo-fields-from-louisianas-6th-district-invests-in-taiwan-semiconductor-manufacturing-company-ltd-93CH-4627676,"Cleo Fields, a congressional representative from Louisiana's 6th district, recently invested between $1,001 and $15,000 in Taiwan Semiconductor Manufacturing Company Ltd. (TSM) on April 9, 2026. This transaction was disclosed in a congressional trade report and reflects Fields' interest in the global tech sector. TSM, a leading semiconductor firm, has shown significant returns and is currently considered undervalued according to InvestingPro.",0.475377,Bullish,1.000000,0.482106,Bullish
20260422T020952,TSM,Taiwan Semiconductor,Assessing Taiwan Semiconductor Manufacturing’s Valuation After Strong Recent Share Price Momentum,Simply Wall Street,https://simplywall.st/stocks/us/semiconductors/nyse-tsm/taiwan-semiconductor-manufacturing/news/assessing-taiwan-semiconductor-manufacturings-valuation-afte-2,"Taiwan Semiconductor Manufacturing (TSM) has shown strong recent share price momentum with an 11.8% monthly return. While a popular narrative suggests a fair value of $400 per share, implying it's 8% undervalued, Simply Wall St's Discounted Cash Flow model estimates a fair value of $230.89, indicating it might be trading above its cash flow based value. The article encourages investors to consider both perspectives, along with risks like geopolitical tensions and high capital expenditure, before making investment decisions.",0.186391,Somewhat-Bullish,1.000000,0.321298,Somewhat-Bullish
20260422T090952,TSM,Taiwan Semiconductor,"Krilogy Financial LLC Acquires 2,061 Shares of Taiwan Semiconductor Manufacturing Company Ltd. $TSM",MarketBeat,https://www.marketbeat.com/instant-alerts/filing-krilogy-financial-llc-acquires-2061-shares-of-taiwan-semiconductor-manufacturing-company-ltd-tsm-2026-04-22/,"Krilogy Financial LLC significantly increased its stake in Taiwan Semiconductor Manufacturing Company Ltd. (NYSE:TSM) by 116.9% in Q4, acquiring an additional 2,061 shares to bring its total holdings to 3,824 shares valued at approximately $1.27 million. This strategic move aligns with several analyst upgrades and a consensus ""Buy"" rating for TSM, buoyed by the company's strong fundamentals and its pivotal role in the AI supercycle. Despite a post-earnings fall, analysts maintain a positive outlook, citing TSM's durable demand for advanced nodes and its critical position amidst manufacturing bottlenecks in the semiconductor industry.",0.335131,Somewhat-Bullish,1.000000,0.475486,Bullish
20260422T122652,TSM,Taiwan Semiconductor,Taiwan Semiconductor Manufacturing Company Ltd. $TSM Shares Purchased by Kingswood Wealth Advisors LLC,MarketBeat,https://www.marketbeat.com/instant-alerts/filing-taiwan-semiconductor-manufacturing-company-ltd-tsm-shares-purchased-by-kingswood-wealth-advisors-llc-2026-04-22/,"Kingswood Wealth Advisors LLC significantly increased its stake in Taiwan Semiconductor Manufacturing Company (TSM) by 30.8% in the fourth quarter, bringing its total holdings to 16,298 shares valued at approximately $4.95 million. Other institutional investors also adjusted their holdings in TSM. The company reported strong Q1 earnings with $3.11 EPS and $30.65 billion in revenue, maintaining a ""Buy"" rating from analysts with an average price target of $401.43, despite warnings of potential AI manufacturing bottlenecks from industry leaders.",0.40511,Bullish,1.000000,0.516697,Bullish
20260422T143853,TSM,Taiwan Semiconductor,"Taiwan Semiconductor Manufacturing (NYSE:TSM) Stock Price Expected to Rise, Barclays Analyst Says",MarketBeat,https://www.marketbeat.com/instant-alerts/taiwan-semiconductor-manufacturing-nysetsm-stock-price-expected-to-rise-barclays-analyst-says-2026-04-22/,"Barclays has increased its price target for Taiwan Semiconductor Manufacturing (TSM) to $470 from $450, maintaining an ""overweight"" rating and suggesting a 25.7% upside. The company reported strong Q1 results with EPS of $3.11 and revenue of $30.65 billion, supporting a bullish analyst consensus with an average price target of $404.29. Insider activity shows VP Bor-Zen Tien acquired 1,000 shares, increasing his position by 12.42%, while institutional investors like Fisher Asset Management LLC and Van ECK Associates Corp also significantly increased their holdings.",0.353983,Bullish,1.000000,0.411914,Bullish
20260422T213853,TSM,Taiwan Semiconductor,Taiwan Semiconductor Manufacturing (NYSE:TSM) Shares Up 5.3% After Analyst Upgrade,MarketBeat,https://www.marketbeat.com/instant-alerts/taiwan-semiconductor-manufacturing-nysetsm-shares-up-53-after-analyst-upgrade-2026-04-22/,"Shares of Taiwan Semiconductor Manufacturing (NYSE:TSM) rose 5.3% after Barclays increased its price target to $470 and maintained an overweight rating. This upgrade follows TSMC's report of record margins and an earnings beat, driven by accelerating AI demand, and its announcement of a new node-generation approach and plans for a chip-packaging plant in Arizona. The stock holds a consensus ""Buy"" rating and has seen increased institutional investment, alongside an insider stock purchase, reflecting strong investor confidence.",0.51659,Bullish,1.000000,0.506638,Bullish
20260423T074010,TSM,Taiwan Semiconductor,Is It Too Late To Consider TSMC (NYSE:TSM) After Its Strong One Year Rally?,Simply Wall Street,https://simplywall.st/stocks/us/semiconductors/nyse-tsm/taiwan-semiconductor-manufacturing/news/is-it-too-late-to-consider-tsmc-nysetsm-after-its-strong-one,"This article analyzes Taiwan Semiconductor Manufacturing (TSMC) after its significant one-year rally, using two valuation approaches. A Discounted Cash Flow (DCF) model suggests TSMC is overvalued by 59.2%, while a Price/Earnings (P/E) ratio comparison indicates it might be undervalued. The article also presents various investor narratives, including bull and bear cases, to offer a comprehensive valuation perspective.",0.138836,Neutral,1.000000,0.134828,Neutral
20260423T114011,TSM,Taiwan Semiconductor,Tufton Capital Management Reduces Stock Position in Taiwan Semiconductor Manufacturing Company Ltd. $TSM,MarketBeat,https://www.marketbeat.com/instant-alerts/filing-tufton-capital-management-reduces-stock-position-in-taiwan-semiconductor-manufacturing-company-ltd-tsm-2026-04-23/,"Tufton Capital Management reduced its stake in Taiwan Semiconductor Manufacturing Co. (TSM) by 5.6% in Q4, selling 1,511 shares and retaining 25,645 shares valued at $7.79 million. Despite this, Wall Street analysts maintain a ""Buy"" rating for TSM, citing strong Q4 results, a robust roadmap for AI chips, and favorable market sentiment. The article also highlights TSM's dividend and recent insider stock purchase, alongside potential long-term risks such as the delayed adoption of ASML's high-NA lithography.",0.28328,Somewhat-Bullish,1.000000,0.254856,Somewhat-Bullish
20260423T124400,TSM,Taiwan Semiconductor,Taiwan Semiconductor Manufacturing (TSM) – Among the Best Global Stocks to Buy According to Wall Street Analysts,Insider Monkey,https://www.insidermonkey.com/blog/taiwan-semiconductor-manufacturing-tsm-among-the-best-global-stocks-to-buy-according-to-wall-street-analysts-1745092/,"Taiwan Semiconductor Manufacturing Company Limited (TSM) is highlighted as one of the best global stocks to buy by Wall Street analysts. Needham recently increased its price target for TSM to $480 from $410, maintaining a 'Buy' rating after the company reported strong Q1 2026 results with significant year-over-year growth in revenue and net income. TSM also raised its full-year 2026 revenue growth forecast, driven by strong demand for its leading-edge process technologies.",0.415846,Bullish,1.000000,0.441582,Bullish
20260424T021010,TSM,Taiwan Semiconductor,TSMC’s next-generation chip coming in 2029,Taipei Times,https://www.taipeitimes.com/News/front/archives/2026/04/24/2003856140,"Taiwan Semiconductor Manufacturing Co (TSMC) announced that its A13 chip is scheduled for volume production in 2029, alongside its A12 chip, to maintain its technological leadership in AI, HPC, and mobile applications. The company also unveiled the A12 chip with super-power-rail technology for efficient power delivery, which will first appear in the A16 chip this year. Additionally, TSMC plans to expand its CoWoS technology and introduce 3D chip stacking with system on an integrated chip by 2029, and co-packaged optics solutions this year.",0.359324,Bullish,1.000000,0.469823,Bullish
20260424T021800,TSM,Taiwan Semiconductor,TSMC shares jump to record high as Taiwan eases single-stock investment caps for funds,CNBC,https://www.cnbc.com/2026/04/24/tsmc-shares-record-high-taiwan-single-stock-investment-cap-for-funds.html,"Shares of Taiwan Semiconductor Manufacturing Co. (TSMC) reached a new all-time high after Taiwan's regulator eased restrictions on how much domestic equity funds and actively managed ETFs can allocate to a single stock. The revised framework allows up to 25% of assets to be invested in a single listed firm with a weighting above 10% on the Taiwan Stock Exchange, up from a previous 10% cap. This development follows TSMC's report of a 58% increase in first-quarter profit, driven by strong demand for chips fueled by the artificial intelligence boom.",0.417143,Bullish,1.000000,0.465808,Bullish
20260424T093100,TSM,Taiwan Semiconductor,Taiwan Semiconductor’s stock heads for a record after regulator rewrites rules for local investors,MarketWatch,https://www.marketwatch.com/story/taiwan-semiconductors-stock-heads-for-a-record-after-regulator-rewrites-rules-for-local-investors-c1daf742,"Shares of Taiwan Semiconductor Manufacturing Co. (TSMC) surged after regulators in Taiwan eased rules on local investment in the AI-chip maker. This change is propelling both U.S.-listed and local shares to record highs, confirming strong momentum in the chip spending cycle. The revision allows local investors to hold more shares, contributing to the stock's significant gains.",0.430793,Bullish,1.000000,0.412283,Bullish
20260424T120929,TSM,Taiwan Semiconductor,TSM's Gross Margin Hits 66% in Q1: Can Profit Growth Offset Fab Costs?,TradingView,https://www.tradingview.com/news/zacks:e9ddc7cde094b:0-tsm-s-gross-margin-hits-66-in-q1-can-profit-growth-offset-fab-costs/,"Taiwan Semiconductor Manufacturing Company (TSM) reported a strong gross margin of 66.2% in Q1 2026, despite rising costs from 2nm technology development and global fab expansion. The company expects continued gross margin expansion in Q2, driven by robust demand for advanced nodes. While competitors like Intel and GlobalFoundries are also investing in advanced packaging, TSMC aims to offset cost pressures through scale, automation, government incentives, and strong revenue growth projected for 2026 and 2027.",0.317956,Somewhat-Bullish,1.000000,0.453966,Bullish
20260424T130929,TSM,Taiwan Semiconductor,Taiwan Semiconductor Manufacturing Company Ltd. $TSM Shares Purchased by Turtle Creek Wealth Advisors LLC,MarketBeat,https://www.marketbeat.com/instant-alerts/filing-taiwan-semiconductor-manufacturing-company-ltd-tsm-shares-purchased-by-turtle-creek-wealth-advisors-llc-2026-04-24/,"Turtle Creek Wealth Advisors LLC significantly increased its stake in Taiwan Semiconductor Manufacturing Company Ltd. (TSM) by 53.0%, purchasing an additional 3,921 shares. This move brings their total holdings to 11,316 shares, valued at approximately $3.44 million. The increase in TSM's stock value is attributed to regulatory changes in Taiwan, which eased investment caps, and TSMC's technological advancements, specifically the A13 process that delays the need for expensive High-NA EUV tools.",0.280578,Somewhat-Bullish,1.000000,0.454048,Bullish
20260424T134729,TSM,Taiwan Semiconductor,Taiwan Semiconductor Manufacturing Co Ltd Stock (TSM) Opened Up by 3.21% on Apr 24: Drivers Behind the Movement,TradingKey,https://www.tradingkey.com/news/market-movers/261821355-market-movers-tsm-20260424,"Taiwan Semiconductor Manufacturing Co Ltd (TSM) stock surged by 3.21% on April 24, driven by strong Q1 2026 financial results with an optimistic revenue growth projection of over 30% for 2026, primarily fueled by AI demand. Regulatory changes in Taiwan allowing increased domestic fund allocation to large-cap stocks like TSMC also contributed to the rise. Additionally, a favorable broader semiconductor industry outlook, characterized by robust demand and supply shortages, especially in AI-related applications, provides strong tailwinds for TSMC.",0.312911,Somewhat-Bullish,1.000000,0.420564,Bullish
20260424T135229,TSM,Taiwan Semiconductor,TSMC Stock Surges to Record. Here’s Why.,Barron's,https://www.barrons.com/articles/tsmc-stock-price-taiwan-semi-adr-58a9ff51,"TSMC (Taiwan Semiconductor Manufacturing) stock surged on Friday, hitting a record high. The rally was primarily driven by actions from Taiwanese regulators. American investors, however, may not fully benefit from this surge.",0.534752,Bullish,1.000000,0.546256,Bullish
20260425T113912,TSM,Taiwan Semiconductor,"Kercheville Advisors LLC Invests $671,000 in Taiwan Semiconductor Manufacturing Company Ltd. $TSM",MarketBeat,https://www.marketbeat.com/instant-alerts/filing-kercheville-advisors-llc-invests-671000-in-taiwan-semiconductor-manufacturing-company-ltd-tsm-2026-04-25/,"Kercheville Advisors LLC has initiated a new position in Taiwan Semiconductor Manufacturing Company Ltd. (TSM), purchasing 2,050 shares valued at approximately $671,000 during the fourth quarter. This move reflects a broader trend of increased institutional investment and positive analyst sentiment for TSMC, driven by strong Q1 earnings, robust AI chip demand, and relaxed investment caps in Taiwan. Despite potential long-term headwinds such as increased fab costs and competition, the company maintains a consensus ""Buy"" rating from analysts.",0.123063,Neutral,1.000000,0.423554,Bullish
20260426T070928,TSM,Taiwan Semiconductor,Advisors Capital Management LLC Trims Position in Taiwan Semiconductor Manufacturing Company Ltd. $TSM,MarketBeat,https://www.marketbeat.com/instant-alerts/filing-advisors-capital-management-llc-trims-position-in-taiwan-semiconductor-manufacturing-company-ltd-tsm-2026-04-26/,"Advisors Capital Management LLC significantly reduced its stake in Taiwan Semiconductor Manufacturing Company Ltd. (TSM) by 7.9% in the fourth quarter, selling over 18,000 shares. Despite this, other institutions increased their holdings, and TSM has seen record highs due to eased investment caps in Taiwan and strong AI chip demand. However, the company faces potential margin pressures from fab expansion costs and increased competition.",0.066173,Neutral,1.000000,0.287575,Somewhat-Bullish
20260426T080927,TSM,Taiwan Semiconductor,Concurrent Investment Advisors LLC Grows Stock Position in Taiwan Semiconductor Manufacturing Company Ltd. $TSM,MarketBeat,https://www.marketbeat.com/instant-alerts/filing-concurrent-investment-advisors-llc-grows-stock-position-in-taiwan-semiconductor-manufacturing-company-ltd-tsm-2026-04-26/,"Concurrent Investment Advisors LLC significantly increased its stake in Taiwan Semiconductor Manufacturing Company Ltd. (TSM) by 57.6% in the fourth quarter, now holding 45,591 shares valued at $13.855 million. This coincides with TSM shares reaching record highs, driven by relaxed investment caps in Taiwan and sustained demand for AI chips, reflected in strong Q1 results. Analyst sentiment remains largely positive, with an average ""Buy"" rating and a target price of $404.29, despite potential future margin pressures from aggressive fab expansion.",0.199022,Somewhat-Bullish,1.000000,0.437875,Bullish
20260426T080928,TSM,Taiwan Semiconductor,"Coronation Fund Managers Ltd. Acquires 4,719 Shares of Taiwan Semiconductor Manufacturing Company Ltd. $TSM",MarketBeat,https://www.marketbeat.com/instant-alerts/filing-coronation-fund-managers-ltd-acquires-4719-shares-of-taiwan-semiconductor-manufacturing-company-ltd-tsm-2026-04-26/,"Coronation Fund Managers Ltd. significantly increased its stake in Taiwan Semiconductor Manufacturing Company Ltd. (NYSE:TSM) by 98.8% in Q4, adding 4,719 shares to hold a total of 9,494 shares valued at $2.885 million. This increase follows Taiwan easing single-stock investment caps, contributing to TSM's record high share prices. The company also reported strong Q1 results, driven by AI chip demand, and disclosed a quarterly dividend of $0.9503 per share.",0.280895,Somewhat-Bullish,1.000000,0.458537,Bullish
20260426T090906,TSM,Taiwan Semiconductor,"Golden State Equity Partners Acquires 2,138 Shares of Taiwan Semiconductor Manufacturing Company Ltd. $TSM",MarketBeat,https://www.marketbeat.com/instant-alerts/filing-golden-state-equity-partners-acquires-2138-shares-of-taiwan-semiconductor-manufacturing-company-ltd-tsm-2026-04-26/,"Golden State Equity Partners significantly increased its stake in Taiwan Semiconductor Manufacturing Company Ltd. (TSMC) by 33.5% in Q4, acquiring 2,138 additional shares to hold a total of 8,527 shares valued at $2.59 million. This move comes as TSMC reported strong Q1 results with an EPS of $3.11 and revenue of $30.65 billion, driven by robust AI chip demand and favorable policy changes in Taiwan. The company's stock has reached record highs, supported by positive analyst sentiment, institutional buying, and a declared quarterly dividend of $0.9503.",0.292616,Somewhat-Bullish,1.000000,0.463075,Bullish
20260426T110906,TSM,Taiwan Semiconductor,Huntleigh Advisors Inc. Raises Stock Position in Taiwan Semiconductor Manufacturing Company Ltd. $TSM,MarketBeat,https://www.marketbeat.com/instant-alerts/filing-huntleigh-advisors-inc-raises-stock-position-in-taiwan-semiconductor-manufacturing-company-ltd-tsm-2026-04-26/,"Huntleigh Advisors Inc. increased its stake in Taiwan Semiconductor Manufacturing Company Ltd. (TSM) by 5.1% in the fourth quarter, making it their 10th largest holding. This comes as TSM shares reached record highs, driven by relaxed investment caps in Taiwan and strong demand for AI chips. Despite some potential long-term margin headwinds from fab expansion, analyst sentiment remains largely positive with a consensus ""Buy"" rating.",0.19543,Somewhat-Bullish,1.000000,0.406823,Bullish
20260426T110927,TSM,Taiwan Semiconductor,Sanctuary Advisors LLC Increases Stock Holdings in Taiwan Semiconductor Manufacturing Company Ltd. $TSM,MarketBeat,https://www.marketbeat.com/instant-alerts/filing-sanctuary-advisors-llc-increases-stock-holdings-in-taiwan-semiconductor-manufacturing-company-ltd-tsm-2026-04-26/,"Sanctuary Advisors LLC has increased its stake in Taiwan Semiconductor Manufacturing Company Ltd. (TSM) by 12.0% in the fourth quarter, now holding 205,509 shares valued at approximately $62.45 million. This increase, alongside similar moves by other institutional investors, comes as TSM shares have rallied due to strong AI-driven demand and relaxed regulatory limits in Taiwan, pushing the stock to record highs with a market capitalization of around $2.08 trillion. Analysts maintain a ""Buy"" rating with a consensus target price of $404.29, further supported by recent insider buying.",0.186836,Somewhat-Bullish,1.000000,0.512490,Bullish
20260427T083904,TSM,Taiwan Semiconductor,Deltec Asset Management LLC Has $11.51 Million Stake in Taiwan Semiconductor Manufacturing Company Ltd. $TSM,MarketBeat,https://www.marketbeat.com/instant-alerts/filing-deltec-asset-management-llc-has-1151-million-stake-in-taiwan-semiconductor-manufacturing-company-ltd-tsm-2026-04-27/,"Deltec Asset Management LLC reduced its stake in Taiwan Semiconductor Manufacturing Company Ltd. (TSM) by 4.3% in the fourth quarter, now holding 37,867 shares valued at $11.51 million. Despite this, TSM shares have reached record highs due to eased investment caps in Taiwan and strong AI-driven demand, though rising expansion costs and competition could impact future margins. The stock maintains a ""Buy"" rating from analysts with an average target price of $404.29.",0.164057,Somewhat-Bullish,1.000000,0.437728,Bullish
20260427T091048,TSM,Taiwan Semiconductor,Cornerstone Investment Partners LLC Makes New Investment in Taiwan Semiconductor Manufacturing Company Ltd. $TSM,MarketBeat,https://www.marketbeat.com/instant-alerts/filing-cornerstone-investment-partners-llc-makes-new-investment-in-taiwan-semiconductor-manufacturing-company-ltd-tsm-2026-04-27/,"Cornerstone Investment Partners LLC has made a significant new investment in Taiwan Semiconductor Manufacturing Company Ltd. (TSM), acquiring over 240,000 shares valued at approximately $73.1 million in the fourth quarter. This move positions TSM as the 17th largest holding in Cornerstone's portfolio, reflecting bullish market sentiment and robust demand for AI chips. Analyst ratings continue to favor TSM with a consensus ""Buy"" rating and a price target of $404.29, emphasizing its role as critical AI infrastructure.",0.183458,Somewhat-Bullish,1.000000,0.471477,Bullish
20260427T091048,TSM,Taiwan Semiconductor,Taiwan court sentences ex-Tokyo Electron staff to 10 years in TSMC trade secrets case,Journal-News.com,https://www.journal-news.com/nation-world/taiwan-court-sentences-ex-tokyo-electron-staff-to-10-years-in-tsmc-trade-secrets-case/article_63b357fe-84f9-5ddf-a0c3-16bcba1e57fc.html,"A Taiwan court has sentenced a former Tokyo Electron employee to 10 years in prison for stealing trade secrets from TSMC, Taiwan's leading chipmaker. The former employee, Chen Li-ming, reportedly used his connections with former TSMC colleagues to access confidential information, which he then passed to Tokyo Electron to help them improve bids as a supplier. This heavy sentencing highlights Taiwan's commitment to protecting its vital semiconductor industry and advanced technology.",0.21923,Somewhat-Bullish,1.000000,0.431903,Bullish
20260427T093904,TSM,Taiwan Semiconductor,Taiwan court sentences ex-Tokyo Electron staff to 10 years in TSMC trade secrets case,morning-times.com,https://www.morning-times.com/ap/business/taiwan-court-sentences-ex-tokyo-electron-staff-to-10-years-in-tsmc-trade-secrets-case/article_4191addc-be51-54c7-aae8-b722d25d7aeb.html,"A former employee of Tokyo Electron has been sentenced to 10 years in prison in Taiwan for stealing trade secrets from TSMC. The court found that Chen Li-ming used his relationships with former TSMC colleagues to illegally obtain confidential chipmaking information, which he then passed to Tokyo Electron to help them improve their technology and bids as a TSMC supplier. Tokyo Electron was also fined $5 million, and four others received jail sentences, highlighting Taiwan's efforts to protect its advanced semiconductor industry.",0.035998,Neutral,0.313467,0.003591,Neutral
20260427T093904,TSM,Taiwan Semiconductor,Taiwan court sentences ex-Tokyo Electron staff to 10 years in TSMC trade secrets case,WRAL,https://www.wral.com/news/ap/298fd-taiwan-court-sentences-ex-tokyo-electron-staff-to-10-years-in-tsmc-trade-secrets-case/,"A court in Taiwan has sentenced Chen Li-ming, a former employee of Tokyo Electron, to 10 years in prison for stealing trade secrets from TSMC. Tokyo Electron was also fined $4.8 million. The case highlights Taiwan's efforts to protect its vital semiconductor industry.",-0.038886,Neutral,1.000000,-0.214457,Somewhat-Bearish
20260427T101048,TSM,Taiwan Semiconductor,Former Tokyo Electron staff gets decade in jail for TSMC breach,The Japan Times,https://www.japantimes.co.jp/business/2026/04/27/companies/tokyo-electron-worker-tsmc-trade-secret/,"A Taiwanese court has sentenced a former Tokyo Electron employee, Chen Li-ming, to 10 years in prison for stealing proprietary data from Taiwan Semiconductor Manufacturing Co. (TSMC). This case highlights Taiwan's growing concern over industrial espionage in its critical semiconductor sector. Tokyo Electron stated it takes the court's finding seriously and has discussed better trade secret protection with TSMC.",-0.059787,Neutral,1.000000,-0.249628,Somewhat-Bearish
20260427T113903,TSM,Taiwan Semiconductor,"Kestra Private Wealth Services LLC Purchases 2,929 Shares of Taiwan Semiconductor Manufacturing Company Ltd. $TSM",MarketBeat,https://www.marketbeat.com/instant-alerts/filing-kestra-private-wealth-services-llc-purchases-2929-shares-of-taiwan-semiconductor-manufacturing-company-ltd-tsm-2026-04-27/,"Kestra Private Wealth Services LLC increased its stake in Taiwan Semiconductor Manufacturing Company Ltd. (TSM) by 4.8% in Q4, adding 2,929 shares to hold 64,055 shares valued at $19.47 million. This move aligns with a generally bullish outlook from analysts, who have raised price targets for TSM and given it a consensus ""Buy"" rating. The company is benefiting from strong AI chip demand, favorable changes in Taiwan's investment regulations, and positive technical signals, though potential challenges include increased expansion costs and competition.",0.305243,Somewhat-Bullish,1.000000,0.334537,Somewhat-Bullish
20260427T153904,TSM,Taiwan Semiconductor,TSMC vs. Lam Research: Which AI Infrastructure Stock Has an Edge?,The Globe and Mail,https://www.theglobeandmail.com/investing/markets/stocks/LRCX/pressreleases/1538339/tsmc-vs-lam-research-which-ai-infrastructure-stock-has-an-edge/,"This article evaluates Taiwan Semiconductor Manufacturing Company (TSM) and Lam Research Corporation (LRCX) as key AI infrastructure stocks. While TSMC leads in chip manufacturing with strong AI-driven growth, it faces geopolitical risks and high capital expenditures. Lam Research, providing essential chipmaking equipment, demonstrates stable growth and strong demand, positioning it as a more favorable investment currently due to fewer risks despite higher valuation.",0.264396,Somewhat-Bullish,0.927949,0.144150,Neutral
20260428T053948,TSM,Taiwan Semiconductor,Taiwan Semiconductor Manufacturing Company Limited (TSM) Unveils A13 Technology at 2026 North America Technology Symposium,Insider Monkey,https://www.insidermonkey.com/blog/taiwan-semiconductor-manufacturing-company-limited-tsm-unveils-a13-technology-at-2026-north-america-technology-symposium-1748339/,"Taiwan Semiconductor Manufacturing Company Limited (TSM) announced its A13 process technology at the 2026 North America Technology Symposium, a 'direct shrink' of the A14 node that offers 6% area savings, increased power efficiency, and full backward compatibility. TSM plans to begin A13 production in 2029. The company also maintains a Strong Buy rating from analysts with an average upside potential of 16%, with Barclays recently raising its price target to $470 due to strong Q1 2026 results and anticipated continued AI demand.",0.490596,Bullish,1.000000,0.477936,Bullish
20260428T083948,TSM,Taiwan Semiconductor,Taiwan Semiconductor Manufacturing Company Ltd. $TSM Shares Acquired by Caldwell Trust Co,MarketBeat,https://www.marketbeat.com/instant-alerts/filing-taiwan-semiconductor-manufacturing-company-ltd-tsm-shares-acquired-by-caldwell-trust-co-2026-04-28/,"Caldwell Trust Co increased its stake in Taiwan Semiconductor Manufacturing Company Ltd. (TSM) by 12.7% to 21,480 shares, valued at $6.53 million, highlighting continued institutional interest. The company is benefiting significantly from the AI/GPU chip rally, leading to a new 52-week high and largely bullish analyst ratings with an average target price of $404.29. Additionally, an insider, VP Bor-Zen Tien, recently acquired 1,000 shares, bringing his total holdings to 9,051 shares.",0.320349,Somewhat-Bullish,1.000000,0.403751,Bullish
20260428T103500,TSM,Taiwan Semiconductor,Demand Surge Fuels Taiwan Semiconductor Manufacturing Company’s (TSM) Rally,Insider Monkey,https://www.insidermonkey.com/blog/demand-surge-fuels-taiwan-semiconductor-manufacturing-companys-tsm-rally-1748836/,"Wedgewood Partners highlighted Taiwan Semiconductor Manufacturing Company Limited (TSM) as a top contributor to its first-quarter 2026 portfolio performance, citing significant revenue growth driven by demand for AI applications. TSM's revenues grew 25%, with a projected acceleration to 30% in 2026, and March revenues saw a 45% year-over-year increase. The company's strategy of working directly with cloud service providers to develop custom silicon helps manage supply and demand, leading to price increases as utilization rates climb.",0.415602,Bullish,1.000000,0.412033,Bullish
20260428T113948,TSM,Taiwan Semiconductor,KTF Investments LLC Invests $4.07 Million in Taiwan Semiconductor Manufacturing Company Ltd. $TSM,MarketBeat,https://www.marketbeat.com/instant-alerts/filing-ktf-investments-llc-invests-407-million-in-taiwan-semiconductor-manufacturing-company-ltd-tsm-2026-04-28/,"KTF Investments LLC has made a significant new investment of $4.07 million in Taiwan Semiconductor Manufacturing Company Ltd. (TSM) during the fourth quarter. This comes as TSMC shows strong performance, driven by AI demand and the unveiling of its A13 process, leading to a recent 52-week high. Analysts maintain a ""Buy"" consensus for TSM with an average price target of $404.29.",0.172969,Somewhat-Bullish,1.000000,0.516788,Bullish
20260428T113948,TSM,Taiwan Semiconductor,"United Community Bank Has $366,000 Stake in Taiwan Semiconductor Manufacturing Company Ltd. $TSM",MarketBeat,https://www.marketbeat.com/instant-alerts/filing-united-community-bank-has-366000-stake-in-taiwan-semiconductor-manufacturing-company-ltd-tsm-2026-04-28/,"United Community Bank significantly reduced its stake in Taiwan Semiconductor Manufacturing Company (TSMC) by 64.5% in the fourth quarter, now holding 1,205 shares valued at $366,000. Despite this, TSMC is benefiting from strong AI-driven chip demand, leading to a 52-week stock high and bullish analyst ratings with an average price target of $404.29. Insider activity includes a VP purchasing 1,000 shares, and the company announced a quarterly dividend of $0.9503.",-0.082421,Neutral,1.000000,0.342039,Somewhat-Bullish
20260428T123948,TSM,Taiwan Semiconductor,Where the U.S.’s Chip Strategy Is Still Falling Short,Harvard Business Review,https://hbr.org/2026/04/where-the-u-s-s-chip-strategy-is-still-falling-short,"Despite significant investments in advanced semiconductor manufacturing, the United States still faces a critical dependency on foreign countries for the back-end processes of chip production. While new factories, including a TSMC fab in Arizona, are emerging to produce advanced chips, the country relies on overseas facilities to transform processed silicon wafers into finished, packaged chips. This remaining vulnerability in the supply chain highlights a shortfall in the current U.S. chip strategy.",0.101479,Neutral,0.307848,0.048543,Neutral
20260428T123948,TSM,Taiwan Semiconductor,"Values First Advisors Inc. Invests $547,000 in Taiwan Semiconductor Manufacturing Company Ltd. $TSM",MarketBeat,https://www.marketbeat.com/instant-alerts/filing-values-first-advisors-inc-invests-547000-in-taiwan-semiconductor-manufacturing-company-ltd-tsm-2026-04-28/,"Values First Advisors Inc. recently purchased a new position of 1,802 shares in Taiwan Semiconductor Manufacturing Company Ltd. (TSM), valued at approximately $547,000. This investment highlights continued institutional interest in the semiconductor giant, with other firms also significantly increasing their stakes. Despite recent dividend cuts and an insider stock purchase, analysts generally maintain a ""Buy"" rating for TSM, citing its technological leadership and strong position in the AI chip market.",0.112118,Neutral,1.000000,0.339849,Somewhat-Bullish
20260428T220845,TSM,Taiwan Semiconductor,Taiwan Semiconductor Manufacturing Co Ltd (TSM) Shares Fall 3.1% -- GF Value Says Still Overvalued,GuruFocus,https://www.gurufocus.com/news/8823982/taiwan-semiconductor-manufacturing-co-ltd-tsm-shares-fall-31-gf-value-says-still-overvalued,"Shares of Taiwan Semiconductor Manufacturing Co Ltd (TSM) fell 3.1% to $392.34 on April 28, 2026. According to GuruFocus' GF Value, the stock is significantly overvalued by 42.6% with an intrinsic value estimate of $275.17, despite having a high GF Score of 94/100 reflecting strong financial health and growth. Investors are advised to exercise caution due to the current overvaluation, further supported by the stock's P/E ratio of 32.6x being above its 5-year median.",-0.410409,Bearish,1.000000,-0.407509,Bearish
20260429T060955,TSM,Taiwan Semiconductor,Taiwan Semiconductor Manufacturing exits Arm Holdings with $231M share sale,MSN,https://www.msn.com/en-us/money/companies/taiwan-semiconductor-manufacturing-exits-arm-holdings-with-231m-share-sale/ar-AA21Y17d?ocid=finance-verthp-feeds,"Taiwan Semiconductor Manufacturing Company (TSMC) has fully divested its stake in Arm Holdings, selling 1.57 million shares for approximately $231 million. This move comes as Arm Holdings' stock has seen significant gains since its IPO, with TSMC realizing an 85% profit on its reported $125 million investment. The sale aligns with TSMC's capital expenditure plans, which include a $32 billion to $36 billion spending forecast for 2024.",0.188248,Somewhat-Bullish,1.000000,0.305717,Somewhat-Bullish
20260429T130955,TSM,Taiwan Semiconductor,Taiwan Semiconductor Manufacturing Company Ltd. $TSM Shares Bought by Vest Financial LLC,MarketBeat,https://www.marketbeat.com/instant-alerts/filing-taiwan-semiconductor-manufacturing-company-ltd-tsm-shares-bought-by-vest-financial-llc-2026-04-29/,"Vest Financial LLC significantly increased its holdings in Taiwan Semiconductor Manufacturing Company (TSM) by 24.6% in the fourth quarter, reflecting strong institutional confidence. TSMC is expanding its advanced-node production to meet growing AI chip demand, which is driving higher-margin revenue. The company maintains a ""Buy"" consensus rating from analysts, with a target price of $404.29.",0.208652,Somewhat-Bullish,1.000000,0.420562,Bullish
20260429T140955,TSM,Taiwan Semiconductor,TSMC Just Broke Out. Yet the Stock Still Looks Strikingly Inexpensive,24/7 Wall St.,https://247wallst.com/investing/2026/04/29/tsmc-just-broke-out-yet-the-stock-still-looks-strikingly-inexpensive/,"Taiwan Semiconductor Manufacturing Company (TSM) recently reached all-time highs following strong quarterly earnings and an increased full-year guidance, driven by sustained demand for AI chips. Despite capital expenditures for new factories, the company has shown impressive margin expansion, suggesting a robust growth trajectory for the next three years and a premium valuation. The article posits that TSM remains an inexpensive stock, especially given its leading position in the foundry business and its pivotal role in the future of semiconductor technology, regardless of shifts in market dominance among custom silicon players.",0.463275,Bullish,1.000000,0.463151,Bullish
20260429T183300,TSM,Taiwan Semiconductor,AI Demand Is Surging — But Taiwan Semiconductor Is Controlling the Supply,24/7 Wall St.,https://247wallst.com/technology-3/2026/04/29/ai-demand-is-surging-but-taiwan-semiconductor-is-controlling-the-supply/,"Taiwan Semiconductor Manufacturing Company (TSMC) is the dominant force in the semiconductor foundry business, holding a 72.3% market share and manufacturing chips for major companies like AMD and Nvidia. The AI boom has shifted the key constraint from chip design to advanced manufacturing capacity, where TSMC's expertise in leading-edge nodes gives it a significant advantage. The article highlights TSMC's critical role in enabling the growth of the AI industry by providing the essential manufacturing foundation for advanced processors.",0.337293,Somewhat-Bullish,1.000000,0.402841,Bullish
20260430T021028,TSM,Taiwan Semiconductor,Taiwan Semiconductor Stock Investors Need to Know These Latest Details,The Globe and Mail,https://www.theglobeandmail.com/investing/markets/markets-news/motley/1606222/taiwan-semiconductor-stock-investors-need-to-know-these-latest-details/,"This article highlights Taiwan Semiconductor Manufacturing Company (TSM) as a highly profitable company, while noting that The Motley Fool Stock Advisor team did not include it in their top 10 stock picks. The article encourages investors to consider the analyst team's recommended stocks, which have historically shown significant returns, and promotes subscribing to Stock Advisor for investment guidance.",0.192101,Somewhat-Bullish,1.000000,-0.105696,Neutral
20260430T133914,TSM,Taiwan Semiconductor,Taiwan Semiconductor Manufacturing Company Ltd. $TSM Shares Acquired by Jennison Associates LLC,MarketBeat,https://www.marketbeat.com/instant-alerts/filing-taiwan-semiconductor-manufacturing-company-ltd-tsm-shares-acquired-by-jennison-associates-llc-2026-04-30/,"Jennison Associates LLC increased its stake in Taiwan Semiconductor Manufacturing Company Ltd. (TSM) by 6.4% in the fourth quarter, now holding over 13.39 million shares valued at approximately $4.07 billion. This makes TSM its 11th largest holding, representing about 2.4% of Jennison's portfolio. The article also notes insider buying, positive analyst sentiment, and strategic moves by TSMC amidst competitive pressures.",0.30775,Somewhat-Bullish,1.000000,0.478434,Bullish
20260430T194001,TSM,Taiwan Semiconductor,Is It Too Late To Consider Taiwan Semiconductor Manufacturing (NYSE:TSM) After 138% One Year Rally?,Simply Wall Street,https://simplywall.st/stocks/us/semiconductors/nyse-tsm/taiwan-semiconductor-manufacturing/news/is-it-too-late-to-consider-taiwan-semiconductor-manufacturin-9,"This article evaluates Taiwan Semiconductor Manufacturing (NYSE:TSM) following a 138% one-year rally, using Discounted Cash Flow (DCF) and Price-to-Earnings (P/E) analyses. The DCF model suggests the stock is 69.9% overvalued at US$393.83, while its P/E ratio of 29.62x is below the industry average and its own ""Fair Ratio,"" indicating it might be undervalued on that metric. The article concludes by presenting contrasting ""Narratives"" from different investors, highlighting diverse views on TSM's fair value based on varying assumptions regarding growth, risk, and geopolitical factors, particularly concerning AI demand and expansion plans versus geopolitical tensions and overseas fab costs.",0.232798,Somewhat-Bullish,1.000000,-0.087490,Neutral
20260501T110931,TSM,Taiwan Semiconductor,"Sigma Planning Corp Buys 1,478 Shares of Taiwan Semiconductor Manufacturing Company Ltd. $TSM",MarketBeat,https://www.marketbeat.com/instant-alerts/filing-sigma-planning-corp-buys-1478-shares-of-taiwan-semiconductor-manufacturing-company-ltd-tsm-2026-05-01/,"Sigma Planning Corp increased its stake in Taiwan Semiconductor Manufacturing (TSM) by 6.8% in Q4, acquiring 1,478 additional shares, bringing their total holdings to 23,150 shares valued at approximately $7.24 million. Taiwan Semiconductor Manufacturing reported an EPS of $3.11 and $30.65 billion in quarterly revenue, with a market capitalization of $2.05 trillion and an average analyst price target of $404.29. The company also declared a quarterly dividend of $0.9503 per share, which will be paid on July 9th.",0.400855,Bullish,1.000000,0.413336,Bullish
20260501T130853,TSM,Taiwan Semiconductor,Verity Asset Management Inc. Trims Stock Holdings in Taiwan Semiconductor Manufacturing Company Ltd. $TSM,MarketBeat,https://www.marketbeat.com/instant-alerts/filing-verity-asset-management-inc-trims-stock-holdings-in-taiwan-semiconductor-manufacturing-company-ltd-tsm-2026-05-01/,"Verity Asset Management Inc. significantly reduced its stake in Taiwan Semiconductor Manufacturing Company Ltd. ($TSM) by 73.9% in Q4, selling 2,207 shares and retaining 781 shares valued at $237,000. Despite this, analyst sentiment remains largely bullish, with a consensus ""Buy"" rating and a target price of $404.29, driven by strong AI demand and positive earnings forecasts. Other institutional investors like Jennison Associates LLC, Cannon Capital Management Inc., and Heritage Investment Group Inc. have increased or initiated positions in $TSM.",0.232104,Somewhat-Bullish,1.000000,0.498494,Bullish
20260501T190931,TSM,Taiwan Semiconductor,“Messy” US Chip Fab Outperforms Japan’s Textbook Model,Center for European Policy Analysis (CEPA),https://cepa.org/article/messy-us-chip-fab-outperforms-japans-textbook-model/,"Taiwan Semiconductor Manufacturing Company (TSMC) built fabrication plants in both Arizona and Japan to address semiconductor supply vulnerabilities. While the Japanese project, initially praised for its efficiency and government coordination, is now struggling financially due to its focus on mature-node chips, the ""messy"" American venture, despite initial challenges, has become profitable by catering to advanced-node chips demanded by AI and high-end tech. This outcome highlights the importance of market-driven flexibility over coordinated, but potentially rigid, industrial policy in the rapidly evolving semiconductor industry.",0.027638,Neutral,0.308557,0.009737,Neutral
20260502T063829,TSM,Taiwan Semiconductor,TSMC Weighs Arizona Packaging Expansion Against Delayed Next EUV Investment,Simply Wall Street,https://simplywall.st/stocks/us/semiconductors/nyse-tsm/taiwan-semiconductor-manufacturing/news/tsmc-weighs-arizona-packaging-expansion-against-delayed-next,"Taiwan Semiconductor Manufacturing (TSMC) plans to expand its chip packaging capabilities in Arizona through a partnership with Amkor, with new facilities expected before 2029. This strategic move, focusing on U.S. advanced packaging, comes as TSMC also delays the adoption of ASML's next-generation EUV lithography equipment until at least 2029. Investors are closely watching these developments as TSMC's stock exhibits strong returns, reflecting its critical role in advanced AI and high-performance computing chips.",0.123519,Neutral,1.000000,0.127650,Neutral
20260502T093829,TSM,Taiwan Semiconductor,Why Taiwan’s semiconductor industry matters to Milwaukee’s manufacturers and tech sectors,Milwaukee Independent,http://www.milwaukeeindependent.com/explainers/taiwans-semiconductor-industry-matters-milwaukees-manufacturers-tech-sectors/,"This article explains why Taiwan's dominant position in advanced semiconductor manufacturing is crucial for Milwaukee's diverse industrial sectors, including automotive, medical devices, and defense. It highlights how the concentration of fabrication facilities and expertise in Taiwan, particularly at Hsinchu Science Park, creates a structural dependency for global supply chains. The piece also discusses a unique UWM-CYCU engineering partnership that helps Milwaukee mitigate this dependency through human connections and technical education.",0.407264,Bullish,1.000000,0.402260,Bullish
20260502T163829,TSM,Taiwan Semiconductor,"Analyst: Forget the Chip Cycle, Because AI Demand Has Permanently Rewired Semiconductor Pricing",24/7 Wall St.,https://247wallst.com/investing/2026/05/02/analyst-forget-the-chip-cycle-because-ai-demand-has-permanently-rewired-semiconductor-pricing/,"An IDC analyst suggests that the traditional semiconductor boom-and-bust cycle is being replaced by a structural shift driven by AI demand. This shift involves sustained high prices for memory chips, increased data center buildout, and long-term supply agreements. Geopolitical pressures are also contributing to supply chain diversification and reshoring of manufacturing, further impacting the industry's pricing dynamics.",0.313412,Somewhat-Bullish,0.995775,0.428649,Bullish
20260503T023932,TSM,Taiwan Semiconductor,Manning & Napier Cuts Taiwan Semiconductor Stake by 91K,TipRanks,https://www.tipranks.com/news/company-announcements/manning-napier-cuts-taiwan-semiconductor-stake-by-91k,"Manning & Napier Advisors LLC, managed by Bill Manning, has reduced its stake in Taiwan Semiconductor Manufacturing Company Limited (TSM) by 91,634 shares. Despite this reduction, analysts remain bullish on TSM, with price targets up to $490, citing strong demand driven by AI/HPC and new process plans. Spark, TipRanks' AI Analyst, rates TSM as Outperform due to exceptional profitability, a strong balance sheet, and a clear uptrend, although noting valuation and capacity constraints as offsetting factors.",0.266806,Somewhat-Bullish,1.000000,0.265690,Somewhat-Bullish
20260503T113958,TSM,Taiwan Semiconductor,Taiwan Semiconductor Manufacturing Company Ltd. $TSM is RWQ Financial Management Services Inc.'s 7th Largest Position,MarketBeat,https://www.marketbeat.com/instant-alerts/filing-taiwan-semiconductor-manufacturing-company-ltd-tsm-is-rwq-financial-management-services-incs-7th-largest-position-2026-05-03/,"RWQ Financial Management Services Inc. significantly increased its stake in Taiwan Semiconductor Manufacturing (TSM) by 16.2% in Q4, making it their 7th largest position. TSM shows strong fundamentals with a high market cap, solid EPS, and revenue, though it faces risks from supply-chain bottlenecks and competition. Analysts hold a consensus ""Buy"" rating for TSM, with a price target of $404.29.",0.405619,Bullish,1.000000,0.443134,Bullish
20260504T040913,TSM,Taiwan Semiconductor,Bull vs. Bear: Is Taiwan Semiconductor Manufacturing Stock a Buy or Sell?,The Globe and Mail,https://www.theglobeandmail.com/investing/markets/stocks/NVDA/pressreleases/1676624/bull-vs-bear-is-taiwan-semiconductor-manufacturing-stock-a-buy-or-sell/,"This article analyzes the bull and bear cases for Taiwan Semiconductor Manufacturing (TSM), a leading chip manufacturer that has seen significant stock performance, up 140% over the past year. The bull case highlights TSMC's virtual monopoly in advanced logic chip manufacturing and its critical role in the booming AI accelerator market, while the bear case focuses on its capital-intensive nature, exposure to potential AI infrastructure downturns, competition from Samsung and Intel, and geopolitical risks. Despite the risks, the article concludes that TSMC is an AI stock to own long-term, citing its attractive valuation and strong revenue growth.",0.298695,Somewhat-Bullish,1.000000,0.323384,Somewhat-Bullish
20260504T121023,TSM,Taiwan Semiconductor,Wealthfront Advisers LLC Invests $1.23 Million in Taiwan Semiconductor Manufacturing Company Ltd. $TSM,MarketBeat,https://www.marketbeat.com/instant-alerts/filing-wealthfront-advisers-llc-invests-123-million-in-taiwan-semiconductor-manufacturing-company-ltd-tsm-2026-05-04/,"Wealthfront Advisers LLC recently acquired a new position in Taiwan Semiconductor Manufacturing Company Ltd. (TSM) during the fourth quarter, purchasing 4,034 shares valued at approximately $1.23 million. This comes as insider Bor-Zen Tien also increased his holdings, and analysts maintain a ""Buy"" consensus rating with an average target price of $404.29 for TSM. The company announced a quarterly dividend of $0.9503 per share, scheduled to be paid on July 9th.",0.366476,Bullish,1.000000,0.468744,Bullish
20260504T131023,TSM,Taiwan Semiconductor,What's Going On With Taiwan Semiconductor Stock Monday?,Benzinga,https://www.benzinga.com/markets/tech/26/05/52245951/whats-going-on-with-taiwan-semiconductor-stock-monday,"Taiwan Semiconductor (TSM) is pursuing renewed expansion plans at its Longtan campus for an advanced wafer fabrication plant, previously shelved in 2023. The company is investing heavily in angstrom-class technology, setting capital spending at $52 billion to $56 billion for 2026, and analysts maintain a ""Buy"" rating with an average price target of $420. TSM's stock is showing bullish momentum, trading above its 20-day and 100-day simple moving averages, and is up 1.25% in premarket trading.",0.34166,Somewhat-Bullish,1.000000,0.502665,Bullish
20260504T131023,TSM,Taiwan Semiconductor,Taiwan Semiconductor Manufacturing Company Limited Stock Jumps as TSMC’s Longtan Fab Plan Returns,TechStock²,https://ts2.tech/en/taiwan-semiconductor-manufacturing-company-limited-stock-jumps-as-tsmcs-longtan-fab-plan-returns/,"Taiwan Semiconductor Manufacturing Company Limited (TSMC) is reviving its plan to build an advanced wafer fab at Hsinchu Science Park’s Longtan campus, leading to a significant jump in its stock price and pushing Taiwan's Taiex index to a record high. The company reported strong first-quarter revenue, with advanced technologies driving 74% of its wafer revenue, and also highlighted aggressive overseas expansion plans, particularly in Arizona. This renewed focus on expansion comes amidst robust AI-driven demand and increased spending from major chipmakers like Samsung to keep pace with industry advancements.",0.301842,Somewhat-Bullish,1.000000,0.418710,Bullish
20260504T161023,TSM,Taiwan Semiconductor,AI boom drives Taiwan stock market to record highs,Taipei Times,https://www.taipeitimes.com/News/front/archives/2026/05/05/2003856767,"Driven by optimism around the artificial intelligence (AI) boom, the Taiwan stock market saw its TAIEX index close above 40,000 points for the first time, setting a record daily gain. Large-cap semiconductor stocks like TSMC and MediaTek led the surge, fueled by massive capital expenditure announcements from major US cloud service providers for AI infrastructure. Foreign institutional investors made significant net purchases, indicating strong confidence in the market's trajectory.",0.699172,Bullish,1.000000,0.823110,Bullish
20260504T161023,TSM,Taiwan Semiconductor,3 Semiconductor Stocks Poised to Gain as Google Eyes $190B AI Buildout,TradingView,https://www.tradingview.com/news/zacks:5c6517650094b:0-3-semiconductor-stocks-poised-to-gain-as-google-eyes-190b-ai-buildout/,"Google plans a massive $180-$190 billion capital expenditure in 2026, primarily for AI infrastructure, and expects even higher spending in 2027. This significant investment is driving demand for advanced semiconductors, positioning companies like Broadcom, NVIDIA, and Taiwan Semiconductor Manufacturing Company (TSM) for substantial growth as they are critical suppliers in Google's AI buildout. The strong market performance of the semiconductor sector and increasing cloud revenues further solidify the growth prospects for these key players.",0.419608,Bullish,1.000000,0.403077,Bullish
20260505T033926,TSM,Taiwan Semiconductor,Precision Trading with Taiwan Semiconductor Manufacturing Company Ltd. (TSM) Risk Zones,Stock Traders Daily,https://news.stocktradersdaily.com/news_release/11/Precision_Trading_with_Taiwan_Semiconductor_Manufacturing_Company_Ltd._TSM_Risk_Zones_050526033002_1777966202.html,"This article from Stock Traders Daily provides a detailed AI-driven analysis for Taiwan Semiconductor Manufacturing Company Ltd. (TSM), highlighting a near-term neutral sentiment amidst mid- and long-term strength. It outlines three distinct institutional trading strategies—Position Trading, Momentum Breakout, and Risk Hedging—along with multi-timeframe signal analysis, including support and resistance levels for various time horizons. The analysis emphasizes a significant risk-reward short setup for TSM, targeting a 7.3% downside with minimal risk.",0.106285,Neutral,1.000000,0.104793,Neutral
20260505T043854,TSM,Taiwan Semiconductor,Taiwan Semiconductor Manufacturing (TSM) Stock Outlook: Bull and Bear Cases - News and Statistics,IndexBox,https://www.indexbox.io/blog/tsmc-stock-analysis-bullish-vs-bearish-perspectives-in-2026/,"This article provides an analysis of the bullish and bearish perspectives on Taiwan Semiconductor Manufacturing (TSM) stock in 2026. It highlights TSMC's position as the world's leading chip manufacturer, emphasizing its technological expertise, economies of scale, and critical role in the semiconductor supply chain. The article also touches upon the company's strong performance, with significant stock returns over the past year.",0.534528,Bullish,1.000000,0.530330,Bullish
20260505T103926,TSM,Taiwan Semiconductor,"QRG Capital Management Inc. Purchases 3,964 Shares of Taiwan Semiconductor Manufacturing Company Ltd. $TSM",MarketBeat,https://www.marketbeat.com/instant-alerts/filing-qrg-capital-management-inc-purchases-3964-shares-of-taiwan-semiconductor-manufacturing-company-ltd-tsm-2026-05-05/,"QRG Capital Management Inc. increased its stake in Taiwan Semiconductor Manufacturing Company Ltd. (TSM) by 4.6% in the fourth quarter, purchasing an additional 3,964 shares to bring its total holdings to 90,540 shares valued at $27.51 million. This move is part of broader institutional interest in TSM, with firms like Thrivent and Jennison Associates significantly increasing their positions. Analysts maintain a bullish outlook on TSM, citing AI-driven demand and robust foundry capacity as key catalysts despite some competitive and institutional selling pressures.",0.046078,Neutral,0.312269,0.044074,Neutral
20260505T133926,TSM,Taiwan Semiconductor,TSMC Stock Holds Firm As $56 Billion AI Expansion Defies Apple Supply Chain Rumors,Benzinga,https://www.benzinga.com/markets/tech/26/05/52282399/tsmc-stock-holds-firm-as-56-billion-ai-expansion-defies-apple-supply-chain-rumors,"Taiwan Semiconductor (TSM) stock is holding firm despite rumors of Apple exploring backup chip suppliers like Intel and Samsung. TSMC is moving forward with a significant $56 billion AI expansion plan for 2026, resuming a Longtan campus fab project and investing in cutting-edge angstrom-class processes to meet robust AI-driven demand. Analysts maintain a ""Buy"" rating with an average target of $420, highlighting TSM's strong technical indicators and market position.",0.230382,Somewhat-Bullish,1.000000,0.472409,Bullish
20260505T173926,TSM,Taiwan Semiconductor,Everyone’s Talking About TSMC’s AI Boom. Smart Money Is Watching UMC Instead,24/7 Wall St.,https://247wallst.com/investing/2026/05/05/everyones-talking-about-tsmcs-ai-boom-smart-money-is-watching-umc-instead/,"While Taiwan Semiconductor Manufacturing (TSMC) has seen a significant rally due to its AI involvement, the article suggests that smart money is looking at United Microelectronics (UMC) instead. UMC, trading at a lower P/E and offering a higher dividend yield, focuses on specialty foundry capacity that TSMC overlooks, making it an attractive alternative for long-term investors seeking value beyond the crowded AI trade.",-0.054125,Neutral,1.000000,-0.426330,Bearish
20260506T120921,TSM,Taiwan Semiconductor,"Indivisible Partners Purchases Shares of 8,491 Taiwan Semiconductor Manufacturing Company Ltd. $TSM",MarketBeat,https://www.marketbeat.com/instant-alerts/filing-indivisible-partners-purchases-shares-of-8491-taiwan-semiconductor-manufacturing-company-ltd-tsm-2026-05-06/,"Indivisible Partners acquired a new stake of 8,491 shares in Taiwan Semiconductor Manufacturing Company (TSM) during the fourth quarter, valued at approximately $2.58 million. This comes as analysts maintain a ""Buy"" rating for TSM with an average price target of $404.29, driven by strong AI-related demand and cloud infrastructure spending. Despite some potential headwinds like Apple's exploratory talks with Intel for chip production, insider buying and overall market sentiment for AI-driven chip demand remain positive for TSMC.",0.140832,Neutral,1.000000,0.493082,Bullish
20260506T120921,TSM,Taiwan Semiconductor,Maytree Asset Management Ltd Reduces Stock Holdings in Taiwan Semiconductor Manufacturing Company Ltd. $TSM,MarketBeat,https://www.marketbeat.com/instant-alerts/filing-maytree-asset-management-ltd-reduces-stock-holdings-in-taiwan-semiconductor-manufacturing-company-ltd-tsm-2026-05-06/,"Maytree Asset Management Ltd significantly reduced its stake in Taiwan Semiconductor Manufacturing Company (TSM) by 41.2% in the fourth quarter, selling 12,660 shares. Despite the reduction, TSM remains Maytree's 7th-largest position, representing approximately 4.1% of its holdings, valued at $5.486 million. The article also details other institutional investor activities, TSM's financial performance, dividend information, analyst ratings, and recent insider transactions.",-0.050595,Neutral,1.000000,0.123572,Neutral
20260506T120921,TSM,Taiwan Semiconductor,Assessing Taiwan Semiconductor Manufacturing’s Valuation After Strong Recent Share Price Momentum,Simply Wall Street,https://simplywall.st/stocks/us/semiconductors/nyse-tsm/taiwan-semiconductor-manufacturing/news/assessing-taiwan-semiconductor-manufacturings-valuation-afte-4,"Taiwan Semiconductor Manufacturing (TSM) has seen significant share price gains recently, making investors question its current valuation. While a popular narrative suggests the stock is slightly undervalued at a fair value of $400, driven by AI demand and strong earnings, a discounted cash flow model indicates potential overvaluation with a fair value of $215.88. The article highlights both the strong momentum and the risks associated with concentrated demand and geopolitical tensions.",0.144687,Neutral,1.000000,0.124001,Neutral
20260506T180921,TSM,Taiwan Semiconductor,TSMC Stock Rallies: $56 Billion AI Expansion Crushes Apple Supply Chain Fears,Benzinga,https://www.benzinga.com/markets/tech/26/05/52337222/tsmc-stock-rallies-56-billion-ai-expansion-crushes-apple-supply-chain-fears,"Taiwan Semiconductor Co. (TSM) shares rallied due to strong AI-driven chip demand, despite concerns about Apple's supply chain. The company's aggressive 2026 capital spending plan of $52 billion to $56 billion for AI expansion reinforces investor confidence in long-term semiconductor demand and foundry capacity. TSMC has also increased its dominance in the MSCI Emerging Markets index, strengthening Taiwan's position in the global AI supply chain.",0.225774,Somewhat-Bullish,1.000000,0.465716,Bullish
20260506T221013,TSM,Taiwan Semiconductor,Taiwan Semiconductor Manufacturing Company Stock Jumps as AMD’s AI Surge Puts TSMC Capacity in Focus,TechStock²,https://ts2.tech/en/taiwan-semiconductor-manufacturing-company-stock-jumps-as-amds-ai-surge-puts-tsmc-capacity-in-focus/,"Shares of Taiwan Semiconductor Manufacturing Co (TSMC) rose by 6.36% in U.S. trading after AMD's strong earnings report highlighted increasing demand for AI infrastructure, reaffirming TSMC's critical role in top-tier chip production. AMD's robust first-quarter revenue, particularly in data-center sales, and an upgraded outlook for the server CPU market through 2030, underscore the ""multi-year AI megatrend"" that is stretching TSMC's manufacturing capacity. While overall AI demand is strong, leading to significant capital expenditure, potential supply constraints in high-bandwidth memory and competition from companies like Samsung Electronics present challenges and opportunities for TSMC.",0.349517,Somewhat-Bullish,1.000000,0.412363,Bullish
20260507T073900,TSM,Taiwan Semiconductor,Cabot Wealth Management Inc. Raises Holdings in Taiwan Semiconductor Manufacturing Company Ltd. $TSM,MarketBeat,https://www.marketbeat.com/instant-alerts/filing-cabot-wealth-management-inc-raises-holdings-in-taiwan-semiconductor-manufacturing-company-ltd-tsm-2026-05-07/,"Cabot Wealth Management Inc. increased its stake in Taiwan Semiconductor Manufacturing Company (TSM) by 3.0% in Q4, making it their fifth-largest holding. Despite strong market performance and a ""Buy"" rating from analysts with an average price target of $404.29, TSM faces risks from customer diversification, intensifying competition from Intel, and the potential for major tech players to develop in-house fabs. The company recently reported $3.11 EPS and a 46.97% net margin, with its shares trading up 6.3% and a market cap of $2.17 trillion.",-0.052747,Neutral,1.000000,0.087678,Neutral
20260507T123900,TSM,Taiwan Semiconductor,Premier Fund Managers Ltd Cuts Stake in Taiwan Semiconductor Manufacturing Company Ltd. $TSM,MarketBeat,https://www.marketbeat.com/instant-alerts/filing-premier-fund-managers-ltd-cuts-stake-in-taiwan-semiconductor-manufacturing-company-ltd-tsm-2026-05-07/,"Premier Fund Managers Ltd significantly reduced its stake in Taiwan Semiconductor Manufacturing Company (TSM) by 41.2% in Q4, selling 14,970 shares while still holding 21,330 shares valued at $6.396 million. Despite this sale, other major institutional investors like SurgoCap Partners, Thrivent Financial, and Jennison Associates dramatically increased their positions, indicating strong overall institutional confidence in TSM. Analysts are largely bullish on TSM, with a consensus ""Buy"" rating and a price target of $404.29, with Needham & Company LLC even raising its target to $480.00.",-0.059692,Neutral,1.000000,0.270933,Somewhat-Bullish
20260507T185700,TSM,Taiwan Semiconductor,"EWT, EWY, and SOXX: The Only 3 ETFs You Need for Semiconductor Dominance",24/7 Wall St.,https://247wallst.com/investing/2026/05/07/ewt-ewy-and-soxx-the-only-3-etfs-you-need-for-semiconductor-dominance/,"The article highlights three ETFs—iShares MSCI Taiwan ETF (EWT), iShares MSCI South Korea ETF (EWY), and iShares Semiconductor ETF (SOXX)—as essential for investors seeking dominance in the semiconductor sector. These ETFs offer exposure to the critical roles played by Taiwan in advanced logic manufacturing (TSMC) and South Korea in high-bandwidth memory production (Samsung, SK Hynix), alongside U.S. semiconductor designers like NVIDIA. The article details how each ETF provides a distinct angle to the AI capital expenditure cycle, allowing investors to choose based on their preferred exposure to the semiconductor supply chain.",0.206863,Somewhat-Bullish,0.306354,0.007966,Neutral
20260507T223953,TSM,Taiwan Semiconductor,My Top 2 Semiconductor Stocks Benefiting From the AI Boom to Buy in May 2026,The Globe and Mail,https://www.theglobeandmail.com/investing/markets/stocks/TSM/pressreleases/1788151/my-top-2-semiconductor-stocks-benefiting-from-the-ai-boom-to-buy-in-may-2026/,"This article highlights Taiwan Semiconductor Manufacturing (TSM) and Broadcom (AVGO) as top semiconductor stocks poised to benefit from the AI boom. TSMC dominates the chip foundry market, crucial for AI infrastructure, and expects significant revenue growth driven by agentic AI. Broadcom specializes in custom chips and high-performance networking components for data centers and is also anticipating accelerated growth with strong demand from major AI companies.",0.488843,Bullish,1.000000,0.715388,Bullish
20260508T063953,TSM,Taiwan Semiconductor,"Taiwan Semiconductor Manufacturing Company Ltd. (TSM.US) Apr Revenue Up 17.5% YoY, Down 1.1% MoM",AASTOCKS.com,https://www.aastocks.com/en/mobile/news.aspx?newsid=NOW.1523581&newssource=AAFN,"Taiwan Semiconductor Manufacturing Company Ltd. (TSM.US) reported that its consolidated revenue for April 2026 reached TWD410.726 billion, marking a 17.5% increase year-over-year but a 1.1% decrease month-over-month. For the first four months of 2026, the company's total revenue was TWD1.54 trillion, which is a 29.9% increase compared to the same period last year.",0.397911,Bullish,1.000000,0.406834,Bullish
20260508T080839,TSM,Taiwan Semiconductor,TSMC Wind Deal Brings 2040 Renewables Goal And Valuation Into Focus,Simply Wall Street,https://simplywall.st/stocks/us/semiconductors/nyse-tsm/taiwan-semiconductor-manufacturing/news/tsmc-wind-deal-brings-2040-renewables-goal-and-valuation-int,"Taiwan Semiconductor Manufacturing (TSMC) has signed a 30-year power purchase agreement for an offshore wind project, accelerating its 100% renewable energy target to 2040. This move is significant for investors focused on ESG commitments and could influence how global customers assess the company. Despite strong stock performance, Simply Wall St assesses TSMC shares as trading 88.4% above estimated fair value and highlights high non-cash earnings as a risk.",0.264764,Somewhat-Bullish,1.000000,0.411100,Bullish
20260508T083800,TSM,Taiwan Semiconductor,"Sony, TSMC plan new Japan joint venture for next-generation image sensors",Reuters,https://www.reuters.com/world/asia-pacific/sony-tsmc-plan-new-japan-joint-venture-next-generation-image-sensors-2026-05-08/,"Sony and TSMC announced plans for a new joint venture in Japan to develop and manufacture next-generation image sensors. This venture will combine Sony's sensor design expertise with TSMC's manufacturing technology, with Sony holding a majority stake and setting up operations in its new Koshi City plant. The partnership also aims to explore AI applications for automotive and robotics, building on their existing collaboration in Japan Advanced Semiconductor Manufacturing (JASM).",0.304117,Somewhat-Bullish,1.000000,0.472367,Bullish
20260508T100839,TSM,Taiwan Semiconductor,NVIDIA Supplier Taiwan Semiconductor Posts Strong April Sales,Benzinga,https://www.benzinga.com/markets/tech/26/05/52401644/nvidia-supplier-taiwan-semiconductor-posts-strong-april-sales,"Taiwan Semiconductor (TSM) reported strong April 2026 revenue, indicating continued growth driven by AI demand, despite a slight sequential dip and ongoing challenges in the smartphone market. The company raised its full-year sales guidance and announced a strategic partnership with Sony to develop next-generation AI sensors. Analysts maintain a bullish outlook on TSM, with several firms raising their price targets.",0.355807,Bullish,1.000000,0.498941,Bullish
20260508T110838,TSM,Taiwan Semiconductor,"JLB & Associates Inc. Sells 1,399 Shares of Taiwan Semiconductor Manufacturing Company Ltd. $TSM",MarketBeat,https://www.marketbeat.com/instant-alerts/filing-jlb-associates-inc-sells-1399-shares-of-taiwan-semiconductor-manufacturing-company-ltd-tsm-2026-05-08/,"JLB & Associates Inc. trimmed its stake in Taiwan Semiconductor Manufacturing Company Ltd. (TSM) by 3.8% in Q4, selling 1,399 shares, but the company remains a significant holding. Institutional investors show mixed sentiment, with some increasing positions while others, including Apple, explore diversifying chip suppliers away from TSM. Despite potential competitive challenges, TSM maintains a ""Buy"" consensus rating and offers a quarterly dividend.",-0.109111,Neutral,1.000000,0.149724,Neutral
20260508T110934,TSM,Taiwan Semiconductor,Taiwan Semiconductor Manufacturing Company Ltd. $TSM Stock Holdings Increased by Sequoia Financial Advisors LLC,MarketBeat,https://www.marketbeat.com/instant-alerts/filing-taiwan-semiconductor-manufacturing-company-ltd-tsm-stock-holdings-increased-by-sequoia-financial-advisors-llc-2026-05-08/,"Sequoia Financial Advisors LLC increased its holdings in Taiwan Semiconductor Manufacturing Company Ltd. (TSM) by 4.9% in Q4, reaching 61,909 shares valued at $18.8 million. Other major asset managers also raised their stakes, bringing institutional ownership to about 16.51%. Analysts largely maintain a ""Buy"" rating for TSM, citing strong quarterly results and a significant market cap, despite concerns about Apple's exploration of alternative chip suppliers and increasing foundry competition.",0.095439,Neutral,1.000000,0.271244,Somewhat-Bullish
20260508T120839,TSM,Taiwan Semiconductor,“A Chip Odyssey” brings Taiwan’s semiconductor story to Purdue University,Purdue Research Foundation,https://stories.prf.org/chip-odyssey-purdue/,"Purdue University hosted a private screening of the documentary ""A Chip Odyssey,"" highlighting Taiwan's significant role in the semiconductor industry and its strong ties with Purdue. The event emphasized the long-standing collaboration between Purdue and Taiwan in semiconductor education, research, and industry partnerships. A panel discussion followed, further exploring how these partnerships strengthen Taiwan's technology leadership and provide critical talent development for the global industry.",0.285227,Somewhat-Bullish,1.000000,0.421745,Bullish
20260508T160933,TSM,Taiwan Semiconductor,All-In on AI: How the United States and Taiwan Are Deepening Their Chip Partnership,Stimson Center,https://www.stimson.org/2026/all-in-on-ai-how-the-united-states-and-taiwan-are-deepening-their-chip-partnership/,"The article explores how the deepening partnership between the United States and Taiwan in the AI supply chain strengthens Taiwan's ""silicon shield."" It highlights Taiwan's critical role in advanced semiconductor manufacturing for AI and how initiatives like the Pax Silica Declaration further integrate their economies. The piece also discusses vulnerabilities in the supply chain, such as reliance on critical minerals and the potential impact of geopolitical tensions.",0.325011,Somewhat-Bullish,1.000000,0.416857,Bullish
20260509T081010,TSM,Taiwan Semiconductor,"Farmers & Merchants Investments Inc. Buys 1,737 Shares of Taiwan Semiconductor Manufacturing Company Ltd. $TSM",MarketBeat,https://www.marketbeat.com/instant-alerts/filing-farmers-merchants-investments-inc-buys-1737-shares-of-taiwan-semiconductor-manufacturing-company-ltd-tsm-2026-05-09/,"Farmers & Merchants Investments Inc. increased its stake in Taiwan Semiconductor Manufacturing Company Ltd. (TSM) by 1.9% in the fourth quarter, acquiring an additional 1,737 shares to hold a total of 91,680 shares valued at approximately $27.9 million. Other institutional investors also significantly increased their positions in TSM, which now has 16.51% institutional ownership. Taiwan Semiconductor Manufacturing continues to demonstrate strong operating momentum with April revenue up 17.5% year-over-year, and analysts maintain a bullish outlook with an average ""Buy"" rating and a consensus price target of $404.29.",0.303475,Somewhat-Bullish,1.000000,0.405835,Bullish
20260509T081010,TSM,Taiwan Semiconductor,Taiwan Semiconductor Manufacturing Company Ltd. $TSM Stock Holdings Increased by Ethic Inc.,MarketBeat,https://www.marketbeat.com/instant-alerts/filing-taiwan-semiconductor-manufacturing-company-ltd-tsm-stock-holdings-increased-by-ethic-inc-2026-05-09/,"Ethic Inc. significantly increased its stake in Taiwan Semiconductor Manufacturing Company Ltd. (TSM) by 10.2% in the fourth quarter, purchasing an additional 7,834 shares. Other institutional investors also added to their positions, reflecting strong continued interest and confidence in TSM. Wall Street analysts maintain a bullish outlook on TSM, with several ""Buy"" ratings and upward revisions to price targets, driven by robust earnings and revenue growth fueled by AI chip demand.",0.384613,Bullish,1.000000,0.450632,Bullish
20260509T111010,TSM,Taiwan Semiconductor,Stiles Financial Services Inc Has $1.32 Million Stake in Taiwan Semiconductor Manufacturing Company Ltd. $TSM,MarketBeat,https://www.marketbeat.com/instant-alerts/filing-stiles-financial-services-inc-has-132-million-stake-in-taiwan-semiconductor-manufacturing-company-ltd-tsm-2026-05-09/,"Stiles Financial Services Inc. significantly increased its stake in Taiwan Semiconductor Manufacturing Company Ltd. (TSMC) by 79.1% in the fourth quarter, bringing its total holding to 4,355 shares valued at approximately $1.32 million. This increase comes as TSMC benefits from strong AI-related demand, reporting a 17.5% year-over-year revenue increase in April and planning a joint venture with Sony for next-generation image sensors. Analysts maintain a generally positive outlook on TSMC, with a consensus ""Buy"" rating and an average price target of $404.29.",0.468163,Bullish,1.000000,0.490909,Bullish
20260509T121010,TSM,Taiwan Semiconductor,Is It Too Late To Consider Taiwan Semiconductor Manufacturing (NYSE:TSM) After Its 1‑Year Surge?,Simply Wall Street,https://simplywall.st/stocks/us/semiconductors/nyse-tsm/taiwan-semiconductor-manufacturing/news/is-it-too-late-to-consider-taiwan-semiconductor-manufacturin-10,"Taiwan Semiconductor Manufacturing (TSM) has experienced a significant surge in its share price over the past year. While a Discounted Cash Flow (DCF) analysis suggests the stock might be overvalued at its current price of US$414.15, its P/E ratio indicates it could be undervalued compared to industry averages and Simply Wall St's proprietary Fair Ratio. The article also presents ""Narrative"" valuations, offering both bull and bear cases for TSM's future value based on differing assumptions about revenue growth and risks.",0.123525,Neutral,1.000000,-0.265257,Somewhat-Bearish
20260510T093952,TSM,Taiwan Semiconductor,Taiwan Semiconductor Manufacturing Company Ltd. $TSM Shares Bought by NewEdge Wealth LLC,MarketBeat,https://www.marketbeat.com/instant-alerts/filing-taiwan-semiconductor-manufacturing-company-ltd-tsm-shares-bought-by-newedge-wealth-llc-2026-05-10/,"NewEdge Wealth LLC increased its stake in Taiwan Semiconductor Manufacturing Company Ltd. (TSMC) by 7.1% in the fourth quarter, bringing its total holdings to 89,746 shares valued at $27.3 million. TSMC continues to attract significant institutional investment, with several other major firms also boosting their positions, and analysts maintain a bullish ""Buy"" rating with an average target price of $404.29. The company recently reported strong April revenue, signaling robust AI chip demand, and declared a quarterly dividend.",0.296372,Somewhat-Bullish,1.000000,0.547737,Bullish
20260510T103952,TSM,Taiwan Semiconductor,Firetrail Investments PTY Ltd. Has $22.46 Million Position in Taiwan Semiconductor Manufacturing Company Ltd. $TSM,MarketBeat,https://www.marketbeat.com/instant-alerts/filing-firetrail-investments-pty-ltd-has-2246-million-position-in-taiwan-semiconductor-manufacturing-company-ltd-tsm-2026-05-10/,"Firetrail Investments PTY Ltd. reduced its stake in Taiwan Semiconductor Manufacturing Company (TSM) by 26.8% in Q4, but TSM remains its second-largest holding, valued at $22.46 million. TSM reported strong financial results and maintains a consensus ""Buy"" rating with an expected EPS of $15.25 for the current year. The company also increased its quarterly dividend and is benefiting from continued AI-driven growth and new joint ventures.",0.147784,Neutral,1.000000,0.442765,Bullish
20260510T202900,TSM,Taiwan Semiconductor,TSMC to remain top Apple chipmaker despite reported Intel deal: Experts,Focus Taiwan,https://focustaiwan.tw/business/202605100012,"Experts predict that Taiwan Semiconductor Manufacturing Co. (TSMC) will retain its position as Apple's primary chip supplier, despite rumors of Apple shifting some orders to Intel. They cite TSMC's superior advanced packaging technologies, better chip yields, and power efficiency compared to Intel and Samsung. The strong, long-standing technological ties between Apple and TSMC also create a high barrier for competitors to overcome in the near term.",0.267497,Somewhat-Bullish,1.000000,0.418873,Bullish
20260511T030850,TSM,Taiwan Semiconductor,"Sands Capital Trims Taiwan Semiconductor Stake by 963,490 Shares",The Globe and Mail,https://www.theglobeandmail.com/investing/markets/stocks/TSM/pressreleases/1840608/sands-capital-trims-taiwan-semiconductor-stake-by-963490-shares/,"Sands Capital Management LLC, managed by Frank Sands, has significantly reduced its stake in Taiwan Semiconductor Manufacturing Company Limited (TSM) by selling 963,490 shares. Despite recent high trading volumes and a slight dip, TSMC’s shares have seen over 30% year-to-date gains, supported by strong April revenue growth and expansion initiatives. TipRanks' AI Analyst ""Spark"" rates TSM as ""Outperform"" due to its profitability, balance sheet, and demand driven by AI and high-performance computing, though it notes concerns about valuation and near-term margin dilution.",0.107069,Neutral,1.000000,0.195066,Somewhat-Bullish
20260511T070850,TSM,Taiwan Semiconductor,Aubrey Capital Management Ltd Purchases New Shares in Taiwan Semiconductor Manufacturing Company Ltd. $TSM,MarketBeat,https://www.marketbeat.com/instant-alerts/filing-aubrey-capital-management-ltd-purchases-new-shares-in-taiwan-semiconductor-manufacturing-company-ltd-tsm-2026-05-11/,"Aubrey Capital Management Ltd has acquired 2,000 shares of Taiwan Semiconductor Manufacturing Company Ltd. (TSM) valued at $600,000, initiating a new position in the company. Institutional ownership of TSM stands at 16.51%, with several other funds increasing their stakes. The company also reported strong April revenue growth of 17.5% year-over-year and plans a new joint venture with Sony Semiconductor Solutions for next-generation image sensors.",0.240405,Somewhat-Bullish,1.000000,0.513285,Bullish
20260511T110933,TSM,Taiwan Semiconductor,"Peterson Wealth Management Sells 9,432 Shares of Taiwan Semiconductor Manufacturing Company Ltd. $TSM",MarketBeat,https://www.marketbeat.com/instant-alerts/filing-peterson-wealth-management-sells-9432-shares-of-taiwan-semiconductor-manufacturing-company-ltd-tsm-2026-05-11/,"Peterson Wealth Management significantly reduced its stake in Taiwan Semiconductor Manufacturing Company Ltd. (TSMC) by 49.8% in Q4, selling 9,432 shares and leaving it with 9,523 shares valued at $2.9 million. Despite this, TSMC remains the firm's 15th-largest holding, representing 2.1% of its portfolio. Institutional ownership of TSMC is active, with several other firms either increasing or initiating positions, and analysts maintain a bullish ""Buy"" rating with an average price target of $404.29, supported by strong operating momentum and growing AI chip demand.",0.252499,Somewhat-Bullish,1.000000,0.338848,Somewhat-Bullish
20260511T120933,TSM,Taiwan Semiconductor,"Valeo Financial Advisors LLC Buys 2,176 Shares of Taiwan Semiconductor Manufacturing Company Ltd. $TSM",MarketBeat,https://www.marketbeat.com/instant-alerts/filing-valeo-financial-advisors-llc-buys-2176-shares-of-taiwan-semiconductor-manufacturing-company-ltd-tsm-2026-05-11/,"Valeo Financial Advisors LLC increased its stake in Taiwan Semiconductor Manufacturing Company Ltd. (TSM) by 7.0%, acquiring an additional 2,176 shares, bringing its total holding to 33,413 shares valued at approximately $10.15 million. The article notes strong analyst sentiment with a consensus ""Buy"" rating and high price targets, alongside positive fundamentals like 17.5% year-over-year April revenue growth and a new quarterly dividend. Other institutional investors have also adjusted their positions in TSM, reflecting continued interest in the semiconductor giant.",0.401581,Bullish,1.000000,0.416931,Bullish
20260511T160933,TSM,Taiwan Semiconductor,Taiwan Semiconductor Manufacturing Company poised to benefit from AI chip demand surge,Crypto Briefing,https://cryptobriefing.com/tsmc-ai-chip-demand-surge/,"Taiwan Semiconductor Manufacturing Company (TSMC) is strategically positioned to gain significantly from the escalating demand for AI chips due to its dominance in leading-edge chip production. The company reported robust Q1 2026 revenues of $38.5 billion and plans substantial capital expenditure, supported by over $1.2 trillion in data center investments from major customers like Nvidia and Apple through 2028. TSMC is also expanding globally with facilities in the U.S., Japan, and Germany, further solidifying its pricing power and market leadership.",0.325209,Somewhat-Bullish,1.000000,0.891925,Bullish
20260511T220855,TSM,Taiwan Semiconductor,Sony and TSMC announce JV for image sensor manufacturing,Verdict,https://www.verdict.co.uk/sony-tsmc-image-sensor-jv/,"Sony Semiconductor Solutions and TSMC have announced plans to form a joint venture (JV) focused on developing and manufacturing next-generation image sensors. The JV will combine Sony's image sensor design expertise with TSMC's advanced process technology, with a new plant in Koshi City, Kumamoto Prefecture, Japan. This partnership aims to strengthen the supply of image sensors for emerging sectors like AI, automotive technology, and robotics, and is contingent on a definitive legally binding agreement and government support.",0.031307,Neutral,0.301490,0.048953,Neutral
20260512T051032,TSM,Taiwan Semiconductor,Asia's trillion-dollar titans are powering — and distorting — its fastest growing stock markets,CNBC,https://www.cnbc.com/2026/05/12/tsmc-samsung-sk-hynixs-south-korea-taiwan-stocks-ai-chipmakers-concentration-risk.html,"Taiwan's Taiex and South Korea's Kospi stock markets are experiencing record-breaking rallies, largely driven by semiconductor giants like TSMC, Samsung Electronics, and SK Hynix. This concentration, with TSMC accounting for over 40% of the Taiex and Samsung/SK Hynix over 42% of the Kospi, raises concerns about market vulnerability to shocks in the AI supply chain, geopolitical tensions, and an over-reliance on a single economic theme. Analysts warn this trend could distort true economic growth reflections and amplify volatility.",0.166868,Somewhat-Bullish,1.000000,0.255389,Somewhat-Bullish
20260512T071032,TSM,Taiwan Semiconductor,TSMC’s AI Deals With Amazon And Sony Versus A Rich Valuation,Simply Wall Street,https://simplywall.st/stocks/us/semiconductors/nyse-tsm/taiwan-semiconductor-manufacturing/news/tsmcs-ai-deals-with-amazon-and-sony-versus-a-rich-valuation,"TSMC is strengthening its position in the AI and cloud computing sectors through significant partnerships with Amazon and Sony. The company will supply chips for Amazon's US$150 billion AI data center buildout and collaborate with Sony on next-generation image sensors for AI in automotive and robotics, alongside introducing its new A13 chip manufacturing process. Despite these positive developments, TSMC's stock trades at a rich valuation, assessed at 82.4% above its estimated fair value by Simply Wall St, although it is still considered to be 11% below analyst price targets.",0.214856,Somewhat-Bullish,1.000000,0.115303,Neutral
20260512T071032,TSM,Taiwan Semiconductor,Bailard Inc. Decreases Stock Holdings in Taiwan Semiconductor Manufacturing Company Ltd. $TSM,MarketBeat,https://www.marketbeat.com/instant-alerts/filing-bailard-inc-decreases-stock-holdings-in-taiwan-semiconductor-manufacturing-company-ltd-tsm-2026-05-12/,"Bailard Inc. reduced its stake in Taiwan Semiconductor Manufacturing Company Ltd. (TSM) by 8.7% in the fourth quarter, selling 12,239 shares and retaining 127,890 shares valued at $38.9 million. Despite this reduction, other institutional investors increased their positions, and hedge funds collectively own 16.51% of TSM shares. The company maintains a strong financial outlook with a consensus ""Buy"" rating and an average price target of $404.29.",0.247502,Somewhat-Bullish,1.000000,0.211493,Somewhat-Bullish
20260512T083232,TSM,Taiwan Semiconductor,Taiwan Semiconductor Manufacturing Company Ltd. $TSM Shares Sold by First Eagle Investment Management LLC,MarketBeat,https://www.marketbeat.com/instant-alerts/filing-taiwan-semiconductor-manufacturing-company-ltd-tsm-shares-sold-by-first-eagle-investment-management-llc-2026-05-12/,"First Eagle Investment Management LLC reduced its stake in Taiwan Semiconductor Manufacturing Company (TSM) by 11.4% in the fourth quarter, selling over 761,000 shares. Despite this, TSM remains a significant holding for the firm and analysts maintain a ""Buy"" rating with an average target price of $404.29. The article also notes recent insider buying activity and ongoing positive sentiment around TSMC's role in the AI infrastructure and semiconductor market growth, alongside emerging valuation concerns.",0.185563,Somewhat-Bullish,0.973938,0.281338,Somewhat-Bullish
20260512T103925,TSM,Taiwan Semiconductor,Taiwan Semiconductor Manufacturing Company Ltd. $TSM Shares Bought by Meridian Wealth Management LLC,MarketBeat,https://www.marketbeat.com/instant-alerts/filing-taiwan-semiconductor-manufacturing-company-ltd-tsm-shares-bought-by-meridian-wealth-management-llc-2026-05-12/,"Meridian Wealth Management LLC significantly increased its stake in Taiwan Semiconductor Manufacturing (TSM) by 27.9% in the fourth quarter, bringing its total holdings to 65,974 shares valued at $20 million. This acquisition, alongside other institutional investments, highlights a strong and continued broad investor interest in TSM, which now constitutes 0.7% of Meridian's portfolio. The company reported strong Q4 earnings with $3.11 EPS and $30.65 billion in revenue, and analysts maintain a ""Buy"" rating with an average price target of $404.29, emphasizing its position as a key AI infrastructure beneficiary.",0.475814,Bullish,1.000000,0.455144,Bullish
20260512T193925,TSM,Taiwan Semiconductor,ASU a key partner in US-Taiwan technology relationship,ASU News,https://news.asu.edu/20260512-science-and-technology-asu-key-partner-ustaiwan-technology-relationship,"Arizona State University played a crucial role in bringing TSMC's $165 billion semiconductor manufacturing complex to Phoenix, primarily by guaranteeing a skilled workforce from its engineering student body. The U.S.-Taiwan Technology Partnership Forum highlighted the growing economic ties between the two entities and emphasized the need for universities to align their programs with industry demands to foster continued technological advancement and cross-cultural understanding. ASU President Michael Crow outlined the university's commitment to supporting the partnership through education, research, and cultural integration for Taiwanese companies and their employees.",0.342383,Somewhat-Bullish,1.000000,0.407075,Bullish
20260513T074005,TSM,Taiwan Semiconductor,Argos Wealth Advisors LLC Invests $3.64 Million in Taiwan Semiconductor Manufacturing Company Ltd. $TSM,MarketBeat,https://www.marketbeat.com/instant-alerts/filing-argos-wealth-advisors-llc-invests-364-million-in-taiwan-semiconductor-manufacturing-company-ltd-tsm-2026-05-13/,"Argos Wealth Advisors LLC has invested $3.64 million in Taiwan Semiconductor Manufacturing Company Ltd. (TSM), acquiring 11,987 shares in the fourth quarter, making it their 14th largest holding. This highlights strong institutional interest in TSM, with many hedge funds increasing positions, and Wall Street analysts maintaining a bullish outlook with a consensus ""Buy"" rating and an average price target of $404.29. Recent news also indicates positive sentiment due to TSMC's role in AI infrastructure, U.S. manufacturing commitment, and insider share purchases.",0.341964,Somewhat-Bullish,1.000000,0.442320,Bullish
20260513T100933,TSM,Taiwan Semiconductor,Prediction: Taiwan Semiconductor Could Be the Smartest AI Bet in the Market,24/7 Wall St.,https://247wallst.com/investing/2026/05/12/prediction-taiwan-semiconductor-could-be-the-smartest-ai-bet-in-the-market/,"Taiwan Semiconductor Manufacturing (TSM) is projected to be a strong AI investment, with a 12-month target price of $473.33, indicating a 17% upside. The company's robust Q1 2026 earnings, significant foundry market share (72.3%), and pricing power for leading-edge nodes position it well to benefit from the AI boom. While geopolitical risks and high concentration in high-performance computing (HPC) are concerns, management’s raised revenue guidance and strong AI-related demand underpin a positive outlook.",0.367774,Bullish,1.000000,0.472291,Bullish
20260514T103918,TSM,Taiwan Semiconductor,A Look At Taiwan Semiconductor Manufacturing’s Valuation After Strong Multi Year Shareholder Returns,Simply Wall Street,https://simplywall.st/stocks/us/semiconductors/nyse-tsm/taiwan-semiconductor-manufacturing/news/a-look-at-taiwan-semiconductor-manufacturings-valuation-afte,"This article examines the valuation of Taiwan Semiconductor Manufacturing (TSM) after recent strong shareholder returns. While a popular narrative suggests TSM is slightly undervalued at $400, Simply Wall St's DCF model indicates a fair value of $215.69, highlighting mixed signals and potential risks related to cash flow and geopolitical tensions. Investors are advised to review all numbers and context before making investment decisions.",0.167979,Somewhat-Bullish,1.000000,0.315070,Somewhat-Bullish
20260514T202100,TSM,Taiwan Semiconductor,Assessing Taiwan Semiconductor Manufacturing (NYSE:TSM) Valuation After Strong Recent Share Price Momentum,Yahoo Finance,https://finance.yahoo.com/markets/stocks/articles/assessing-taiwan-semiconductor-manufacturing-nyse-232120290.html,"Taiwan Semiconductor Manufacturing (TSM) has seen significant share price momentum, with a 30.70% year-to-date increase and a 117.15% total return over the past year, prompting questions about its current valuation. According to a popular narrative, TSM is 4.4% overvalued with a fair value of $400, despite its P/E ratio of 30.8x being well below the estimated fair ratio of 48.1x and sector averages. Investors are encouraged to examine the numbers themselves, considering both the company's strong market position in AI infrastructure and potential risks like U.S.-China trade tensions.",0.105399,Neutral,1.000000,0.107803,Neutral
20260515T073918,TSM,Taiwan Semiconductor,"AustralianSuper Pty Ltd Sells 46,297 Shares of Taiwan Semiconductor Manufacturing Company Ltd. $TSM",MarketBeat,https://www.marketbeat.com/instant-alerts/filing-australiansuper-pty-ltd-sells-46297-shares-of-taiwan-semiconductor-manufacturing-company-ltd-tsm-2026-05-15/,"AustralianSuper Pty Ltd reduced its stake in Taiwan Semiconductor Manufacturing Company Ltd. (TSM) by 7.3% in the fourth quarter, selling 46,297 shares and retaining 586,468 shares valued at approximately $178.2 million. Despite this reduction, institutional investors collectively own 16.51% of TSM's stock. The company is benefiting from strong AI-related demand, with an average ""Buy"" rating and a target price of $404.29 from analysts, and recently increased its quarterly dividend.",0.001252,Neutral,0.339095,0.004526,Neutral
20260515T083918,TSM,Taiwan Semiconductor,TSMC reduces VIS ownership after announcing massive share sale,TradingView,https://www.tradingview.com/news/invezz:97284dd33094b:0-tsmc-reduces-vis-ownership-after-announcing-massive-share-sale/,"Taiwan Semiconductor Manufacturing Company (TSMC) announced plans to sell up to 152 million shares in Vanguard International Semiconductor (VIS) through a block trade, reducing its ownership to about 19% from 27.1%. This divestment aims to sharpen TSMC's focus on core operations while maintaining strategic cooperation with VIS in areas like interposer production and gallium nitride technology licensing. Despite the sale, TSMC emphasized that strategic ties with VIS will remain intact, and the move is part of a broader strategy to concentrate resources on its primary business, benefiting from strong investor interest in AI-related semiconductor demand.",0.282131,Somewhat-Bullish,1.000000,0.208233,Somewhat-Bullish
20260515T083918,TSM,Taiwan Semiconductor,"Bessemer Group Inc. Purchases 666,984 Shares of Taiwan Semiconductor Manufacturing Company Ltd. $TSM",MarketBeat,https://www.marketbeat.com/instant-alerts/filing-bessemer-group-inc-purchases-666984-shares-of-taiwan-semiconductor-manufacturing-company-ltd-tsm-2026-05-15/,"Bessemer Group Inc. significantly increased its stake in Taiwan Semiconductor Manufacturing Company (TSMC) by 67.8% in the fourth quarter, acquiring 666,984 additional shares to bring its total holding to 1.65 million shares valued at approximately $501.8 million. This increased investment positions TSMC as Bessemer Group Inc.'s 17th largest holding, reflecting strong investor confidence amid bullish sentiment in the AI and semiconductor sectors. TSMC shares experienced a 4.5% rise to $417.77, nearing its 52-week high, and the company also boosted its quarterly dividend to $1.1136 per share.",0.320358,Somewhat-Bullish,1.000000,0.499215,Bullish
20260515T083918,TSM,Taiwan Semiconductor,Fulcrum Asset Management LLP Invests $2.64 Million in Taiwan Semiconductor Manufacturing Company Ltd. $TSM,MarketBeat,https://www.marketbeat.com/instant-alerts/filing-fulcrum-asset-management-llp-invests-264-million-in-taiwan-semiconductor-manufacturing-company-ltd-tsm-2026-05-15/,"Fulcrum Asset Management LLP recently purchased 8,673 shares of Taiwan Semiconductor Manufacturing Company Ltd. (TSMC), a new position valued at approximately $2.64 million. This investment highlights strong institutional interest in TSMC, with various funds increasing their holdings, and 16.51% of the company's stock owned by institutional investors and hedge funds. TSMC is currently benefiting from positive analyst sentiment, strong earnings, a raised quarterly dividend, and a consensus ""Buy"" rating from analysts.",0.01959,Neutral,0.312381,0.024694,Neutral
20260515T180919,TSM,Taiwan Semiconductor,TSMC Targets US$1.5t Chip Market As AI Capacity Ramp Raises Stakes,Simply Wall Street,https://simplywall.st/stocks/us/semiconductors/nyse-tsm/taiwan-semiconductor-manufacturing/news/tsmc-targets-us15t-chip-market-as-ai-capacity-ramp-raises-st,"Taiwan Semiconductor Manufacturing (TSMC) has increased its forecast for the global semiconductor market to over $1.5 trillion by 2030, driven primarily by AI and high-performance computing. The company is actively expanding its production capacity across multiple locations, including Taiwan, Arizona, Japan, and Germany, to meet the surging demand. This strategic expansion positions TSMC for a larger role in the evolving chip industry, though it also introduces risks related to high capital spending and execution.",0.2698,Somewhat-Bullish,1.000000,0.413403,Bullish
20260515T200919,TSM,Taiwan Semiconductor,Here's How Taiwan Semiconductor Is Capitalizing on AI Boom,The Globe and Mail,https://www.theglobeandmail.com/investing/markets/stocks/TSM/pressreleases/1964264/heres-how-taiwan-semiconductor-is-capitalizing-on-ai-boom/,"Taiwan Semiconductor Manufacturing Company (TSMC) is strategically leveraging the booming demand for AI and high-performance computing (HPC) chips, expecting these sectors to be its primary growth drivers and account for 61% of Q1 revenues. The company has raised its 2026 revenue growth outlook to over 30% and increased capital expenditure to support this surging demand. TSMC is also accelerating capacity expansion, projecting significant CAGR in advanced 2nm, A16 chips, and CoWoS technology, while other companies like Micron Technology and GlobalFoundries are also making significant strides in AI-related infrastructure.",0.628114,Bullish,1.000000,0.711927,Bullish
20260516T030919,TSM,Taiwan Semiconductor,"Columbus Hill Trims Taiwan Semiconductor Stake by 6,600 Shares",The Globe and Mail,https://www.theglobeandmail.com/investing/markets/stocks/TSM-N/pressreleases/1969188/columbus-hill-trims-taiwan-semiconductor-stake-by-6-600-shares/,"Columbus Hill Capital Management, led by Kevin D. Eng, recently reduced its stake in Taiwan Semiconductor Manufacturing Company Limited (TSM) by 6,600 shares. Despite this trim and some recent stock pullback, TSM delivered strong Q1 2026 results and has received Buy/Outperform ratings from analysts with price targets up to $490, driven by demand in AI and High-Performance Computing. TipRanks' AI Analyst, Spark, also rates TSM as an Outperform due to exceptional profitability, a strong balance sheet, and upbeat guidance.",0.207576,Somewhat-Bullish,1.000000,0.228367,Somewhat-Bullish
20260516T070919,TSM,Taiwan Semiconductor,ANTIPODES PARTNERS Ltd Has $14.09 Million Stock Holdings in Taiwan Semiconductor Manufacturing Company Ltd. $TSM,MarketBeat,https://www.marketbeat.com/instant-alerts/filing-antipodes-partners-ltd-has-1409-million-stock-holdings-in-taiwan-semiconductor-manufacturing-company-ltd-tsm-2026-05-16/,"ANTIPODES PARTNERS Ltd reduced its stake in Taiwan Semiconductor Manufacturing Company Ltd. (TSM) by 33.7% in Q4, holding 46,362 shares valued at $14.09 million. Despite this, TSM reported strong financial results with $3.11 EPS and $30.65 billion in revenue, and analysts project $15.25 EPS for the current year. The company boosted its quarterly dividend to $1.1136 per share, and its long-term outlook remains positive due to increasing AI demand driving growth in the semiconductor market.",0.445824,Bullish,1.000000,0.434153,Bullish
20260516T090919,TSM,Taiwan Semiconductor,DNB Asset Management AS Lowers Holdings in Taiwan Semiconductor Manufacturing Company Ltd. $TSM,MarketBeat,https://www.marketbeat.com/instant-alerts/filing-dnb-asset-management-as-lowers-holdings-in-taiwan-semiconductor-manufacturing-company-ltd-tsm-2026-05-16/,"DNB Asset Management AS significantly reduced its stake in Taiwan Semiconductor Manufacturing (TSM) by 44.1% in the fourth quarter, selling 544,260 shares. Despite this, analysts maintain a ""Buy"" rating for TSM with an average target price of $404.29, driven by strong AI and high-performance computing demand, which is also leading TSMC to expect the global semiconductor market to reach $1.5 trillion by 2030. The company also recently increased its quarterly dividend and is accelerating investments in advanced chip technologies.",0.48893,Bullish,1.000000,0.489442,Bullish
20260516T101007,TSM,Taiwan Semiconductor,Schulz Wealth LTD. Boosts Holdings in Taiwan Semiconductor Manufacturing Company Ltd. $TSM,MarketBeat,https://www.marketbeat.com/instant-alerts/filing-schulz-wealth-ltd-boosts-holdings-in-taiwan-semiconductor-manufacturing-company-ltd-tsm-2026-05-16/,"Schulz Wealth LTD. significantly increased its stake in Taiwan Semiconductor Manufacturing Company Ltd. (TSM) by 106% in the last quarter, bringing its total holdings to 2,925 shares valued at $890,000. This move is part of a broader trend of institutional investors and hedge funds increasing their positions in TSM, which now constitutes 16.51% of the company's stock. Analysts maintain a largely bullish outlook on TSM, driven by its strong growth prospects in the AI and high-performance computing sectors, with expectations of the global chip market reaching $1.5 trillion by 2030.",0.365632,Bullish,1.000000,0.440543,Bullish
20260516T111007,TSM,Taiwan Semiconductor,"Spear Holdings RSC Ltd Sells 242,677 Shares of Taiwan Semiconductor Manufacturing Company Ltd. $TSM",MarketBeat,https://www.marketbeat.com/instant-alerts/filing-spear-holdings-rsc-ltd-sells-242677-shares-of-taiwan-semiconductor-manufacturing-company-ltd-tsm-2026-05-16/,"Spear Holdings RSC Ltd significantly reduced its stake in Taiwan Semiconductor Manufacturing Company (TSM) by selling 242,677 shares in the fourth quarter, decreasing its position by 99.3%. Despite this sale, institutional ownership of TSM remains at 16.51%, with other hedge funds either increasing or initiating positions. Analysts maintain an upbeat outlook for TSM, with an average ""Buy"" rating and a target price of $404.29, driven by strong AI-related growth and increased spending on advanced chip technology.",0.288561,Somewhat-Bullish,1.000000,0.295434,Somewhat-Bullish
20260516T224607,TSM,Taiwan Semiconductor,TSMC Trims Vanguard Stake To Sharpen Focus On AI Chip Core,Simply Wall Street,https://simplywall.st/stocks/us/semiconductors/nyse-tsm/taiwan-semiconductor-manufacturing/news/tsmc-trims-vanguard-stake-to-sharpen-focus-on-ai-chip-core,"TSMC (NYSE:TSM) is selling up to 152 million shares in Vanguard International Semiconductor, reducing its stake from 27.1% to approximately 19%. This strategic move indicates TSMC's prioritization of its core advanced logic chip manufacturing and capacity buildout, particularly in the AI semiconductor supply chain. Investors should observe how the capital will be reallocated and its potential impact on collaborations and margins.",0.269226,Somewhat-Bullish,1.000000,0.262051,Somewhat-Bullish
20260517T033845,TSM,Taiwan Semiconductor,"Morningstar Investment Management Cuts Taiwan Semiconductor Position 6,505 Shares",The Globe and Mail,https://www.theglobeandmail.com/investing/markets/markets-news/Tipranks/1981222/morningstar-investment-management-cuts-taiwan-semiconductor-position-6-505-shares/,"Morningstar Investment Management LLC, managed by Sara Kasun-Fretz, has reduced its position in Taiwan Semiconductor Manufacturing Company Limited (TSM) by 6,505 shares. This comes despite TSM's strong Q1 2026 results and ""Outperform"" rating by TipRanks' AI Analyst, Spark, which notes exceptional profitability and a strong balance sheet. The stock has seen a recent pullback from record highs, with some options positioning turning bearish, although analysts maintain Buy/Outperform ratings.",0.2341,Somewhat-Bullish,1.000000,0.225208,Somewhat-Bullish
20260517T083845,TSM,Taiwan Semiconductor,"Burford Brothers Inc. Invests $835,000 in Taiwan Semiconductor Manufacturing Company Ltd. $TSM",MarketBeat,https://www.marketbeat.com/instant-alerts/filing-burford-brothers-inc-invests-835000-in-taiwan-semiconductor-manufacturing-company-ltd-tsm-2026-05-17/,"Burford Brothers Inc. has initiated a new position in Taiwan Semiconductor Manufacturing Company Ltd. (NYSE:TSM) by purchasing 2,749 shares valued at approximately $835,000 during the fourth quarter. The article highlights strong analyst sentiment with a consensus ""Buy"" rating and an average price target of $404.29 for TSM. This investment underscores continued confidence in TSMC, particularly given its projections for the global semiconductor market to reach $1.5 trillion by 2030, driven by AI demand and significant investments in advanced chip technologies.",0.343244,Somewhat-Bullish,1.000000,0.448684,Bullish
20260517T103845,TSM,Taiwan Semiconductor,"2,546 Shares in Taiwan Semiconductor Manufacturing Company Ltd. $TSM Bought by Millennium Capital Advisors LLC",MarketBeat,https://www.marketbeat.com/instant-alerts/filing-2546-shares-in-taiwan-semiconductor-manufacturing-company-ltd-tsm-bought-by-millennium-capital-advisors-llc-2026-05-17/,"Millennium Capital Advisors LLC initiated a new position in Taiwan Semiconductor Manufacturing Company (TSM), purchasing 2,546 shares valued at approximately $774,000. Other institutional investors also increased their holdings in TSM, with hedge funds and institutions now owning 16.51% of the stock. Analyst sentiment remains largely positive with a ""Buy"" consensus rating, and TSMC recently increased its quarterly dividend.",0.193614,Somewhat-Bullish,1.000000,0.415524,Bullish
20260517T110545,TSM,Taiwan Semiconductor,"L & S Advisors Inc Sells 2,278 Shares of Taiwan Semiconductor Manufacturing Company Ltd. $TSM",MarketBeat,https://www.marketbeat.com/instant-alerts/filing-l-s-advisors-inc-sells-2278-shares-of-taiwan-semiconductor-manufacturing-company-ltd-tsm-2026-05-17/,"L & S Advisors Inc reduced its stake in Taiwan Semiconductor Manufacturing Company Ltd. (TSM) by 5.7% in the fourth quarter, selling 2,278 shares and retaining 37,520 shares valued at $11.4 million. Despite this sale, institutional interest in TSM remains strong, with institutional investors holding 16.51% of the company's stock. The company's future outlook is positive, driven by expectations of a $1.5 trillion global semiconductor market by 2030, accelerated investments in advanced chip technologies, and its crucial role in the AI supply chain.",0.312461,Somewhat-Bullish,1.000000,0.334067,Somewhat-Bullish
20260517T123800,TSM,Taiwan Semiconductor,Taiwan Semiconductor Manufacturing (TSM): One of the Best Fundamentally Strong Stocks to Buy Now,Insider Monkey,https://www.insidermonkey.com/blog/taiwan-semiconductor-manufacturing-tsm-one-of-the-best-fundamentally-strong-stocks-to-buy-now-1763695/,"Taiwan Semiconductor Manufacturing (TSM) is highlighted as a fundamentally strong stock. The company expects the global semiconductor market to exceed $1.5 trillion by 2030, with AI and high-performance computing driving 55% of this growth. TSM is aggressively expanding its capacity, including plans for nine wafer fabs and advanced packaging facilities in 2026.",0.472383,Bullish,1.000000,0.495727,Bullish
20260518T034132,TSM,Taiwan Semiconductor,"Chilton Investment Co boosts Taiwan Semiconductor stake by 4,198 shares",The Globe and Mail,https://www.theglobeandmail.com/investing/markets/stocks/TSM/pressreleases/1987363/chilton-investment-co-boosts-taiwan-semiconductor-stake-by-4198-shares/,"Chilton Investment Co, managed by Richard Chilton, has increased its stake in Taiwan Semiconductor Manufacturing Company Limited (TSM) by 4,198 shares. This comes despite a recent pullback in TSM share prices and mixed hedge fund activity. TSM recently reported strong Q1 2026 results, raised its dividend, and plans significant global capacity expansion, driven by AI and HPC demand.",0.543413,Bullish,1.000000,0.538427,Bullish
20260518T034132,TSM,Taiwan Semiconductor,"Maverick Capital Cuts Taiwan Semiconductor Stake by 421,292 Shares",The Globe and Mail,https://www.theglobeandmail.com/investing/markets/stocks/TSM/pressreleases/1987275/maverick-capital-cuts-taiwan-semiconductor-stake-by-421292-shares/,"Maverick Capital, managed by Lee Ainslie, has reduced its stake in Taiwan Semiconductor Manufacturing Company Limited (TSM) by 421,292 shares. Despite this, TSMC recently reported strong Q1 2026 results, raised its dividend, and plans significant capacity expansion, with analysts maintaining positive ratings due to robust AI and HPC-driven demand. Spark, TipRanks' AI Analyst, rates TSM as Outperform, citing strong financials and positive guidance, though noting valuation concerns and capital expenditure limits.",0.143414,Neutral,1.000000,0.149934,Neutral
20260518T034132,TSM,Taiwan Semiconductor,Duquesne Family Office trims Taiwan Semiconductor stake,The Globe and Mail,https://www.theglobeandmail.com/investing/markets/stocks/TSM-N/pressreleases/1987186/duquesne-family-office-trims-taiwan-semiconductor-stake/,"Duquesne Family Office, managed by Stanley Druckenmiller, has trimmed its stake in Taiwan Semiconductor Manufacturing Company Limited (TSM) by 47,805 shares. Despite some hedge funds reducing their positions, TSMC recently reported strong Q1 2026 results, raised its dividend, and announced over US$50B in global capacity expansion. Spark, TipRanks’ AI Analyst, rates TSM as Outperform due to its profitability, strong balance sheet, and demand driven by AI and HPC.",0.036752,Neutral,0.334422,0.029883,Neutral
20260518T084132,TSM,Taiwan Semiconductor,Duncan Williams Asset Management LLC Raises Stake in Taiwan Semiconductor Manufacturing Company Ltd. $TSM,MarketBeat,https://www.marketbeat.com/instant-alerts/filing-duncan-williams-asset-management-llc-raises-stake-in-taiwan-semiconductor-manufacturing-company-ltd-tsm-2026-05-18/,"Duncan Williams Asset Management LLC increased its stake in Taiwan Semiconductor Manufacturing Company Ltd. (NYSE:TSM) by 46.1% in the fourth quarter, bringing its total holding to 4,799 shares valued at $1.56 million. Analysts maintain a ""Buy"" rating on TSM with an average price target of $404.29, driven by an upbeat outlook for the global semiconductor market, expected to exceed $1.5 trillion by 2030 due to AI and high-performance computing demand. TSMC is significantly investing in 2nm chips, CoWoS packaging, and AI infrastructure, and has also recently boosted its quarterly dividend.",0.372651,Bullish,1.000000,0.414496,Bullish
20260518T105132,TSM,Taiwan Semiconductor,"Sequent Planning LLC Purchases 3,269 Shares of Taiwan Semiconductor Manufacturing Company Ltd. $TSM",MarketBeat,https://www.marketbeat.com/instant-alerts/filing-sequent-planning-llc-purchases-3269-shares-of-taiwan-semiconductor-manufacturing-company-ltd-tsm-2026-05-18/,"Sequent Planning LLC has significantly increased its stake in Taiwan Semiconductor Manufacturing Company Ltd. (TSM) by 310.7% in the fourth quarter, purchasing 3,269 additional shares. This brings their total holdings to 4,321 shares valued at approximately $1.31 million. Other institutional investors also expanded their positions, contributing to 16.51% institutional ownership, while analysts maintain a ""Buy"" rating with a $404.29 price target for TSMC, which also recently raised its quarterly dividend.",0.426563,Bullish,1.000000,0.511227,Bullish
20260518T105932,TSM,Taiwan Semiconductor,"Stronghold Wealth Management L.L.C. Invests $408,000 in Taiwan Semiconductor Manufacturing Company Ltd. $TSM",MarketBeat,https://www.marketbeat.com/instant-alerts/filing-stronghold-wealth-management-llc-invests-408000-in-taiwan-semiconductor-manufacturing-company-ltd-tsm-2026-05-18/,"Stronghold Wealth Management L.L.C. initiated a new position in Taiwan Semiconductor Manufacturing Company Ltd. (NYSE:TSM) during the fourth quarter, purchasing 1,342 shares valued at approximately $408,000. Institutional ownership of TSMC is significant, with several other firms increasing their stakes, and analysts generally maintain a favorable view of the stock, reiterating ""Buy"" ratings and raising price targets. The article also provides recent financial performance data, dividend information, and key news influencing TSMC's stock.",0.020919,Neutral,0.322642,0.023710,Neutral
20260518T120932,TSM,Taiwan Semiconductor,Taiwan Semiconductor – The One Trick Pony That’s Still a Multibagger,24/7 Wall St.,https://247wallst.com/investing/2026/05/18/taiwan-semiconductor-the-one-trick-pony-thats-still-a-multibagger/,"Taiwan Semiconductor Manufacturing (TSM) maintains its position as a multibagger due to its critical role as the chokepoint of the AI economy, controlling the most advanced chip fabs. The company exhibits strong growth with significant year-over-year revenue increases and projections, coupled with a dominant 72.3% foundry market share. Despite concentration risks tied to its location and customer base, TSM is expanding globally and boasts high profitability and a sub-premium valuation.",0.441224,Bullish,1.000000,0.445306,Bullish
20260518T195200,TSM,Taiwan Semiconductor,Buy TSM Below $400,24/7 Wall St.,https://247wallst.com/investing/2026/05/18/buy-tsm-below-400/,"Taiwan Semiconductor (TSM) is presented as an attractive investment below $400 due to its dominant position in advanced logic chip fabrication, strong AI-driven revenue growth, and high profit margins. Despite geopolitical concerns following a Trump-Xi summit, the company's fundamentals remain robust, with analysts predicting significant upside and a high probability of no China invasion of Taiwan by mid-2026. The article suggests that dips below $400, driven by geopolitical noise, represent a buying opportunity given the company's critical role in the global AI and technology supply chain.",0.16161,Somewhat-Bullish,1.000000,0.463344,Bullish
20260518T200932,TSM,Taiwan Semiconductor,​Taiwan Semiconductor Manufacturing (TSM) Among the Best Stocks to Invest in According to Billionaires,Insider Monkey,https://www.insidermonkey.com/blog/%E2%80%8Btaiwan-semiconductor-manufacturing-tsm-among-the-best-stocks-to-invest-in-according-to-billionaires-1764110/,"Bank of America Securities analyst Haas Liu reiterated a Buy rating on Taiwan Semiconductor Manufacturing Company Limited (TSM) with a price target of 2,560 Taiwan dollars, emphasizing the company's widening lead in foundry leadership and technological advantages. TSM plans aggressive capital expansion and capacity growth in advanced nodes, aiming to surpass competitors and solidify its competitive moat. The analyst also highlighted TSM's superior execution in advanced packaging with high CoWoS yields.",0.1716,Somewhat-Bullish,1.000000,0.455379,Bullish
20260519T081007,TSM,Taiwan Semiconductor,"Handelsbanken Fonder AB Sells 25,000 Shares of Taiwan Semiconductor Manufacturing Company Ltd. $TSM",MarketBeat,https://www.marketbeat.com/instant-alerts/filing-handelsbanken-fonder-ab-sells-25000-shares-of-taiwan-semiconductor-manufacturing-company-ltd-tsm-2026-05-19/,"Handelsbanken Fonder AB has reduced its stake in Taiwan Semiconductor Manufacturing Company Ltd. (TSM) by selling 25,000 shares, bringing its total holdings to 615,400 shares valued at $187 million. Despite this sale, TSMC continues to exhibit strong financial performance, reporting $3.11 EPS on $30.65 billion in revenue and increasing its quarterly dividend to $1.1136 per share. Analysts generally maintain a positive outlook on TSM, with an average ""Buy"" rating and a target price of $404.29, largely due to strong AI infrastructure spending and robust semiconductor industry trends.",0.369565,Bullish,1.000000,0.141056,Neutral
20260519T111907,TSM,Taiwan Semiconductor,"Insider Selling: Taiwan Semiconductor Manufacturing (NYSE:TSM) VP Sells 200,000 Shares of Stock",MarketBeat,https://www.marketbeat.com/instant-alerts/insider-selling-taiwan-semiconductor-manufacturing-nysetsm-vp-sells-200000-shares-of-stock-2026-05-19/,"Taiwan Semiconductor Manufacturing (NYSE:TSM) VP Tzu-Sou Chuang sold 200,000 shares for $13.97 million on May 19th, reducing his stake by 7.42% to 2,495,165 shares. Despite this insider selling, the company's stock was down 2.1% at the time, and analysts maintain a consensus ""Buy"" rating with an average price target of $404.29. TSMC, a highly profitable chip manufacturer with a $2.05 trillion market cap, also recently increased its quarterly dividend.",0.112615,Neutral,1.000000,-0.139963,Neutral
20260519T113906,TSM,Taiwan Semiconductor,"Taiwan Semiconductor Manufacturing (NYSE:TSM) VP Bor-Zen Tien Acquires 2,000 Shares",MarketBeat,https://www.marketbeat.com/instant-alerts/taiwan-semiconductor-manufacturing-nysetsm-vp-bor-zen-tien-acquires-2000-shares-2026-05-19/,"Taiwan Semiconductor Manufacturing (NYSE:TSM) VP Bor-Zen Tien recently acquired 2,000 shares of the company's stock for $139,820, increasing his direct stake by 22.1%. The acquisition on May 19th, at an average price of $69.91 per share, brings his total holdings to 11,051 shares. This comes as TSMC reported strong financials, including $3.11 EPS on $30.65 billion in revenue and an increased quarterly dividend.",0.338999,Somewhat-Bullish,1.000000,0.414175,Bullish
20260519T133906,TSM,Taiwan Semiconductor,Bernstein Says Investors Overlook TSMC Stock as AI Demand Ready to Fuel Massive Rally,TIKR.com,https://www.tikr.com/blog/bernstein-says-investors-overlook-tsmc-nyse-stock-as-artificial-intelligence-demand-ready-to-fuel-massive-rally,"Bernstein SocGen Group has raised its price target for Taiwan Semiconductor Manufacturing Company (TSM) stock to $430, maintaining an Outperform rating, due to strong AI demand. TSMC reported significant Q1 revenue growth and expects rapid earnings-per-share growth, backed by expanding capacity for advanced chips. Bernstein dismisses competitive threats from Intel and Samsung, highlighting TSMC's technological lead and attractive valuation based on its PEG ratio.",0.112986,Neutral,1.000000,0.437774,Bullish
20260519T173906,TSM,Taiwan Semiconductor,"TSM at $394: Buy, Sell or Hold?",24/7 Wall St.,https://247wallst.com/investing/2026/05/19/tsm-at-394-buy-sell-or-hold/,"Taiwan Semiconductor Manufacturing (TSM) screens favorably at $394, with a current market price of $404 against a consensus analyst target of $463.45. The company's strong position in the AI chip market, 72% global foundry market share, and robust financials, including 58.4% year-over-year quarterly earnings growth, support a constructive outlook. Despite some institutional selling and valuation concerns, the article suggests a ""hold"" for now, waiting for clearer Q2 revenue trends or a slight dip, before sizing positions to capitalize on its favorable risk/reward profile.",0.384481,Bullish,1.000000,0.456657,Bullish
20260520T093950,TSM,Taiwan Semiconductor,Saranac Partners Ltd Has $7.45 Million Stake in Taiwan Semiconductor Manufacturing Company Ltd. $TSM,MarketBeat,https://www.marketbeat.com/instant-alerts/filing-saranac-partners-ltd-has-745-million-stake-in-taiwan-semiconductor-manufacturing-company-ltd-tsm-2026-05-20/,"Saranac Partners Ltd increased its stake in Taiwan Semiconductor Manufacturing Company Ltd. (TSM) by 27.5% in the fourth quarter, now holding 24,544 shares valued at $7.45 million, making TSM its 13th largest position. Institutional ownership of TSM remains strong, with 16.51% held by institutions and hedge funds. Analysts generally rate TSM as a ""Buy"" with an average price target of $404.29, despite some concerns about valuation and geopolitical risks.",0.348582,Somewhat-Bullish,1.000000,0.317274,Somewhat-Bullish
20260520T134023,TSM,Taiwan Semiconductor,Taiwan Strikes Deal to Reshore Chip Manufacturing to Arizona,The National Interest,https://nationalinterest.org/blog/techland/taiwan-strikes-deal-to-reshore-chip-manufacturing-to-arizona,"The United States is expanding semiconductor manufacturing in Arizona, with Taiwan Semiconductor Manufacturing Company (TSMC) building an advanced chip packaging plant to open by 2029. This move follows a US-Taiwan trade agreement, incentivized by the CHIPS Act, aiming to reduce US dependence on Taiwan for semiconductors and build domestic capacity. These efforts are focused on strategic resilience against geopolitical risks, rather than immediate profitability, and despite concerns about water use, aim to strengthen economic and national security.",0.304507,Somewhat-Bullish,1.000000,0.438251,Bullish
20260520T164000,TSM,Taiwan Semiconductor,Is Taiwan Semiconductor Manufacturing (TSM) One of the Best Semiconductor Stocks With the Highest Upside Potential Right Now?,Insider Monkey,https://www.insidermonkey.com/blog/is-taiwan-semiconductor-manufacturing-tsm-one-of-the-best-semiconductor-stocks-with-the-highest-upside-potential-right-now-1765081/,"Taiwan Semiconductor Manufacturing Company Limited (TSM) is highlighted as a top semiconductor stock with high upside potential. The company recently announced plans to sell shares of Vanguard International Semiconductor Corporation (VIS) and formed a strategic partnership with Sony Semiconductor Solutions Corporation for next-generation image sensor development. Despite TSM's strong market position, the article suggests that some AI stocks may offer even greater returns in a shorter timeframe.",0.342983,Somewhat-Bullish,1.000000,0.493565,Bullish
20260520T204023,TSM,Taiwan Semiconductor,Taiwan Semiconductor Manufacturing (NYSE:TSM) Stock Price Up 2.3% After Insider Buying Activity,MarketBeat,https://www.marketbeat.com/instant-alerts/taiwan-semiconductor-manufacturing-nysetsm-stock-price-up-23-after-insider-buying-activity-2026-05-20/,"Shares of Taiwan Semiconductor Manufacturing (NYSE:TSM) rose 2.3% after insider buying activity, with VP Bor-Zen Tien acquiring 2,000 shares for $139,820. This purchase increased his holdings by 22.1% and signals management confidence. Analysts maintain a bullish outlook on the company, with various firms raising price targets and a consensus ""Buy"" rating with an average target of $404.29.",0.38427,Bullish,1.000000,0.429847,Bullish
20260521T111113,TSM,Taiwan Semiconductor,Taiwan rejects Trump's claim it 'stole' U.S. chip industry,Focus Taiwan,https://focustaiwan.tw/politics/202605210013,"Taiwan's Cabinet has rejected former U.S. President Donald Trump's claim that Taiwan ""stole"" the U.S. chip industry, stating that its semiconductor sector is the result of decades of independent development. Cabinet officials emphasized that Taiwan supplies semiconductors globally and would not have achieved its competitiveness through illegitimate means. This rebuttal comes after Trump's repeated accusations and calls from Taiwanese tech mogul Robert Tsao to clarify the origins of Taiwan's chip technology.",0.011256,Neutral,0.319997,0.040704,Neutral
20260521T111113,TSM,Taiwan Semiconductor,Assessing Taiwan Semiconductor Manufacturing’s Valuation After A Strong Year Of Share Price Momentum,Simply Wall Street,https://simplywall.st/stocks/us/semiconductors/nyse-tsm/taiwan-semiconductor-manufacturing/news/assessing-taiwan-semiconductor-manufacturings-valuation-afte-5,"Taiwan Semiconductor Manufacturing (TSM) has seen a robust 1,115% total return over the past year, attracting significant investor attention. Despite this strong performance, some valuation narratives suggest the stock, currently trading at $401.62, might be slightly overvalued compared to a fair value of $400. However, its P/E ratio of 29.7x is considerably lower than the US Semiconductor industry average, indicating differing views on its long-term potential and risks.",0.08686,Neutral,0.971954,-0.207313,Somewhat-Bearish
20260521T121113,TSM,Taiwan Semiconductor,Taiwan Semiconductor Manufacturing Company Ltd. $TSM Stake Boosted by Trajan Wealth LLC,MarketBeat,https://www.marketbeat.com/instant-alerts/filing-taiwan-semiconductor-manufacturing-company-ltd-tsm-stake-boosted-by-trajan-wealth-llc-2026-05-21/,"Trajan Wealth LLC significantly increased its stake in Taiwan Semiconductor Manufacturing Company (TSM) by 2.3% in the fourth quarter, now owning shares worth $93.75 million. Despite mixed insider activity, with a VP buying shares and another selling a larger quantity, analysts maintain a ""Buy"" consensus rating for TSM. This positive outlook is driven by strong AI demand and TSMC's leadership in advanced 2nm process technology.",0.250817,Somewhat-Bullish,1.000000,0.346994,Somewhat-Bullish
20260521T140957,TSM,Taiwan Semiconductor,Taiwan Semiconductor Manufacturing (NYSE:TSM) Stock Forecast & Analyst Predictions,Simply Wall Street,https://simplywall.st/stocks/us/semiconductors/nyse-tsm/taiwan-semiconductor-manufacturing/future,"Taiwan Semiconductor Manufacturing (TSM) is projected to see significant growth in earnings and revenue, with analysts forecasting 22.5% earnings growth and 19.1% revenue growth annually. The company has recently provided robust earnings guidance for upcoming quarters and unveiled advanced technologies like A13, N2U, and enhanced CoWoS solutions to meet the escalating demand for AI and high-performance computing, reinforcing its market leadership despite geopolitical risks.",0.363762,Bullish,1.000000,0.422828,Bullish
20260521T141010,TSM,Taiwan Semiconductor,Taiwan Did Not Steal America’s Chip Technology — It Bought the Starting Point and Built the System,semivision,https://tspasemiconductor.substack.com/p/taiwan-did-not-steal-americas-chip,"This article refutes the claim that Taiwan stole America's semiconductor technology, arguing instead that Taiwan strategically purchased an early technological foundation from RCA in 1976. It highlights that Taiwan then meticulously built a sophisticated manufacturing ecosystem over five decades through state-led industrial policy, engineering discipline, talent development, and business model innovations like TSMC's dedicated foundry. The piece emphasizes that Taiwan's current advanced capabilities are the result of continuous innovation and investment, not simple theft.",0.020412,Neutral,0.341715,0.042436,Neutral
20260522T033921,TSM,Taiwan Semiconductor,Cabinet rejects Trump’s claims of chip industry theft,Taipei Times,https://www.taipeitimes.com/News/taiwan/archives/2026/05/22/2003857770,"Taiwan's Cabinet has rejected former US President Donald Trump's claims that the nation stole the US chip industry, stating that its semiconductor sector is the result of long and independent development. Cabinet officials emphasized that Taiwan supplies semiconductors globally and achieved its competitiveness through legitimate means, not theft. These remarks came after Taiwanese tech mogul Robert Tsao urged the government to directly address Trump's accusations, which he warned could have serious diplomatic and economic implications.",0.023983,Neutral,0.319276,0.040103,Neutral
20260523T084013,TSM,Taiwan Semiconductor,Cumberland Partners Ltd Has $21.62 Million Stock Position in Taiwan Semiconductor Manufacturing Company Ltd. $TSM,MarketBeat,https://www.marketbeat.com/instant-alerts/filing-cumberland-partners-ltd-has-2162-million-stock-position-in-taiwan-semiconductor-manufacturing-company-ltd-tsm-2026-05-23/,"Cumberland Partners Ltd significantly increased its stake in Taiwan Semiconductor Manufacturing Company Ltd. (TSM) during the fourth quarter, now holding 71,152 shares valued at $21.62 million. Wall Street analysts maintain a ""Buy"" rating for TSM with a consensus price target of $404.29, driven by strong financial results, increased dividends, and high demand for AI-related semiconductors. Recent news, including AMD's ramp-up in production on TSMC's 2nm process and TSMC's raised 2030 market forecast, further reinforces positive sentiment for the company.",0.345038,Somewhat-Bullish,1.000000,0.409705,Bullish
20260523T084014,TSM,Taiwan Semiconductor,Northwestern Mutual Wealth Management Co. Has $7.91 Million Stake in Taiwan Semiconductor Manufacturing Company Ltd. $TSM,MarketBeat,https://www.marketbeat.com/instant-alerts/filing-northwestern-mutual-wealth-management-co-has-791-million-stake-in-taiwan-semiconductor-manufacturing-company-ltd-tsm-2026-05-23/,"Northwestern Mutual Wealth Management Co. significantly reduced its stake in Taiwan Semiconductor Manufacturing Company Ltd. ($TSM) by 92.4% in the fourth quarter, leaving it with approximately $7.91 million worth of shares. Despite this reduction by one investor, several analysts maintain a ""Buy"" rating for TSM and have raised price targets, while the company reported strong financial results, including increased EPS, revenue, and a higher quarterly dividend. TSM's stock has seen positive sentiment from news regarding its 2nm process technology, increased demand from major AI/HPC customers, and a significant increase in its 2030 global semiconductor market forecast.",0.010484,Neutral,0.338120,0.027406,Neutral
20260523T210924,TSM,Taiwan Semiconductor,TSMC Sensor Push With Sony Highlights Growth And IP Protection Stakes,Simply Wall Street,https://simplywall.st/stocks/us/semiconductors/nyse-tsm/taiwan-semiconductor-manufacturing/news/tsmc-sensor-push-with-sony-highlights-growth-and-ip-protecti,"Taiwan Semiconductor Manufacturing (TSMC) is diversifying its business through a new joint venture with Sony in Japan for next-generation image sensors, expanding into advanced imaging technology beyond its core chip production for computing and AI. Concurrently, a Taiwan court has fined Tokyo Electron's Taiwan unit in a trade secret case involving TSMC, underscoring the critical need for intellectual property protection within its complex supply chain. These developments highlight TSMC's strategic moves to broaden its market reach while vigilantly protecting its proprietary technologies.",0.271674,Somewhat-Bullish,1.000000,0.250852,Somewhat-Bullish
20260524T080957,TSM,Taiwan Semiconductor,Coldstream Capital Management Inc. Has $7.15 Million Stake in Taiwan Semiconductor Manufacturing Company Ltd. $TSM,MarketBeat,https://www.marketbeat.com/instant-alerts/filing-coldstream-capital-management-inc-has-715-million-stake-in-taiwan-semiconductor-manufacturing-company-ltd-tsm-2026-05-24/,"Coldstream Capital Management Inc. reduced its stake in Taiwan Semiconductor Manufacturing Company Ltd. (TSM) by 18.5% in the fourth quarter, valuing its remaining 23,505 shares at $7.15 million. Despite this, news surrounding TSMC is largely positive, with AMD ramping up production on TSMC’s 2nm process, TSMC raising its 2030 semiconductor market forecast, and analysts maintaining a ""Buy"" rating on the stock with an average price target of $404.29. The company also recently increased its quarterly dividend.",0.378027,Bullish,1.000000,0.469965,Bullish
20260524T100957,TSM,Taiwan Semiconductor,"1,629,416 Shares in Taiwan Semiconductor Manufacturing Company Ltd. $TSM Purchased by Life Cycle Investment Partners Ltd",MarketBeat,https://www.marketbeat.com/instant-alerts/filing-1629416-shares-in-taiwan-semiconductor-manufacturing-company-ltd-tsm-purchased-by-life-cycle-investment-partners-ltd-2026-05-24/,"Life Cycle Investment Partners Ltd acquired over 1.6 million shares of Taiwan Semiconductor Manufacturing Company Ltd. (NYSE:TSM) in the fourth quarter, representing a significant stake valued at approximately $495.2 million and making it their seventh-largest position. The report highlights mixed insider activity, positive analyst sentiment with an average ""Buy"" rating, and TSM's increased quarterly dividend. Strong AI-related demand and major customers adopting TSMC's advanced manufacturing nodes are also noted as key drivers for the semiconductor giant.",0.375347,Bullish,1.000000,0.406090,Bullish
20260525T073937,TSM,Taiwan Semiconductor,"Dilation Capital Management LP Purchases Shares of 33,690 Taiwan Semiconductor Manufacturing Company Ltd. $TSM",MarketBeat,https://www.marketbeat.com/instant-alerts/filing-dilation-capital-management-lp-purchases-shares-of-33690-taiwan-semiconductor-manufacturing-company-ltd-tsm-2026-05-25/,"Dilation Capital Management LP recently acquired 33,690 shares of Taiwan Semiconductor Manufacturing Company Ltd. (TSMC), making it the firm's 11th-largest holding. Other institutional investors also increased their stakes, while insider activity showed mixed signals with one VP selling a large block and another buying a smaller amount. TSMC benefits from strong AI-related demand, a raised long-term market forecast, and an increased quarterly dividend.",0.313248,Somewhat-Bullish,1.000000,0.442235,Bullish
20260525T103937,TSM,Taiwan Semiconductor,"Morningstar Investment Management LLC Sells 62,972 Shares of Taiwan Semiconductor Manufacturing Company Ltd. $TSM",MarketBeat,https://www.marketbeat.com/instant-alerts/filing-morningstar-investment-management-llc-sells-62972-shares-of-taiwan-semiconductor-manufacturing-company-ltd-tsm-2026-05-25/,"Morningstar Investment Management LLC reduced its stake in Taiwan Semiconductor Manufacturing Company Ltd. (TSM) by 61.6% in the fourth quarter, selling 62,972 shares and retaining 39,337 shares valued at $11.95 million. Despite this reduction, diverse institutional investors have either increased or initiated new positions in TSMC, with overall institutional ownership at 16.51%. Analysts maintain a ""Buy"" rating for TSMC, which has a consensus price target of $404.29, and the company recently increased its quarterly dividend to $1.1136 per share.",0.236882,Somewhat-Bullish,1.000000,0.139471,Neutral
20260525T103937,TSM,Taiwan Semiconductor,Taiwan Semiconductor Manufacturing Company Ltd. $TSM Position Decreased by Main Street Research LLC,MarketBeat,https://www.marketbeat.com/instant-alerts/filing-taiwan-semiconductor-manufacturing-company-ltd-tsm-position-decreased-by-main-street-research-llc-2026-05-25/,"Main Street Research LLC slightly reduced its stake in Taiwan Semiconductor Manufacturing Company (TSM) by 1.2% in the fourth quarter, though TSM remains its ninth-largest holding. Despite this minor decrease, Wall Street analysts largely maintain a ""Buy"" rating for TSM, with an average price target of $404.29. Recent positive news, including AMD ramping 2nm production with TSMC and TSMC raising its 2030 semiconductor market forecast, indicates strong growth prospects for the company.",0.265568,Somewhat-Bullish,1.000000,0.446558,Bullish
20260525T103937,TSM,Taiwan Semiconductor,Linden Rose Investment LLC Purchases New Holdings in Taiwan Semiconductor Manufacturing Company Ltd. $TSM,MarketBeat,https://www.marketbeat.com/instant-alerts/filing-linden-rose-investment-llc-purchases-new-holdings-in-taiwan-semiconductor-manufacturing-company-ltd-tsm-2026-05-25/,"Linden Rose Investment LLC has acquired a new stake in Taiwan Semiconductor Manufacturing Company (TSM), purchasing 11,522 shares worth approximately $3.5 million, making it their 5th largest holding. The article notes mixed insider trading with a VP buying shares and another selling a significant amount, yet overall insider buying occurred last quarter. TSMC is supported by strong fundamentals, a recent dividend increase, and a consensus ""Buy"" rating from analysts with a price target around $404.29.",0.036629,Neutral,0.323547,0.007159,Neutral
20260525T113937,TSM,Taiwan Semiconductor,"Wealthquest Corp Acquires Shares of 1,450 Taiwan Semiconductor Manufacturing Company Ltd. $TSM",MarketBeat,https://www.marketbeat.com/instant-alerts/filing-wealthquest-corp-acquires-shares-of-1450-taiwan-semiconductor-manufacturing-company-ltd-tsm-2026-05-25/,"Wealthquest Corp recently acquired 1,450 shares of Taiwan Semiconductor Manufacturing Company Ltd. (TSM) valued at approximately $441,000. This comes as other institutional investors have also increased their holdings in TSM, despite mixed insider activity. Positive news, including AMD utilizing TSMC's 2nm process and TSMC raising its 2030 semiconductor market forecast, continues to bolster confidence in the company.",0.371146,Bullish,1.000000,0.447988,Bullish
20260525T113937,TSM,Taiwan Semiconductor,Taiwan Semiconductor Manufacturing Company Ltd. $TSM Stock Holdings Lessened by Todd Asset Management LLC,MarketBeat,https://www.marketbeat.com/instant-alerts/filing-taiwan-semiconductor-manufacturing-company-ltd-tsm-stock-holdings-lessened-by-todd-asset-management-llc-2026-05-25/,"Todd Asset Management LLC reduced its holdings in Taiwan Semiconductor Manufacturing Company Ltd. ($TSM) by 1.3% in the fourth quarter of 2025, selling 2,664 shares and ending with 204,789 shares valued at $62.2 million. Despite this reduction from one firm, other major institutional investors increased their positions in TSM, and analysts maintain a ""Buy"" rating with an average price target of $404.29, driven by strong AI demand and positive industry forecasts. The company recently increased its quarterly dividend and reported solid earnings, reinforcing its strong market position.",0.346946,Somewhat-Bullish,1.000000,0.410889,Bullish
20260525T164004,TSM,Taiwan Semiconductor,"A 12-inch wafer is displayed at Taiwan Semiconductor Manufacturing Company (TSMC) in Xinchu, Taiwan",Reuters Connect,https://www.reutersconnect.com/item/a-12-inch-wafer-is-displayed-at-taiwan-semiconductor-manufacturing-company-tsmc-in-xinchu-taiwan/dGFnOnJldXRlcnMuY29tLDIwMDc6bmV3c21sX0dNMURVSVZTR1lBQQ,"The article describes a licensable picture from Reuters showing a 12-inch wafer at Taiwan Semiconductor Manufacturing Company (TSMC) in Xinchu, Taiwan. Captured on January 9, 2007, the image accompanies news that TSMC, the leading contract chipmaker, experienced an 18.4 percent drop in December sales due to client stockpiles, though a recovery was anticipated with new electronics hitting the market.",-0.284173,Somewhat-Bearish,1.000000,-0.291919,Somewhat-Bearish
20260525T170902,TSM,Taiwan Semiconductor,Huawei Claims It Will Make Cutting-Edge Semiconductors By 2031,Engadget,https://www.engadget.com/2180617/huawei-claims-it-will-make-cutting-edge-semiconductors-by-2031/,"Huawei has announced a bold claim that it expects to produce its own cutting-edge semiconductor chips by 2031, matching the 1.4-nanometer processes used by competitors like TSMC and Samsung. This development would be significant for Huawei, which has faced extensive US trade sanctions since 2019, limiting its access to advanced chip manufacturing equipment. While potentially five years behind the leading companies, Huawei states its process will be ""feasible and affordable.""",0.011613,Neutral,0.305059,0.036025,Neutral
20260526T010902,TSM,Taiwan Semiconductor,"TSMC employees angered by layoff, bonus cut rumors despite record profits",upi,https://www.upi.com/Top_News/World-News/2026/05/25/taiwan-tsmc-rumors-layoffs-bonus-cuts/9421779758879/,"Employees at TSMC are reportedly angered by rumors of layoffs and bonus cuts, despite the company achieving record first-quarter earnings. The speculation, which company management has not officially addressed, has led some workers to discuss collective action online, referencing a recent labor dispute at Samsung Electronics. However, analysts suggest a strike would be difficult due to TSMC's lack of a formal union, and public support may be limited given employees' high compensation compared to average Taiwanese workers.",0.091318,Neutral,0.326687,0.005576,Neutral
20260526T100930,TSM,Taiwan Semiconductor,Summitry LLC Has $171.88 Million Position in Taiwan Semiconductor Manufacturing Company Ltd. $TSM,MarketBeat,https://www.marketbeat.com/instant-alerts/filing-summitry-llc-has-17188-million-position-in-taiwan-semiconductor-manufacturing-company-ltd-tsm-2026-05-26/,"Summitry LLC has a $171.88 million position in Taiwan Semiconductor Manufacturing Company Ltd. (TSM), making it their largest holding despite a slight reduction in Q4. Taiwan Semiconductor Manufacturing remains a strong focus for analysts and investors due to its critical role in the AI chip market, leading to increased dividend payouts. However, the company faces some competitive concerns as Huawei claims chipmaking breakthroughs.",0.30892,Somewhat-Bullish,1.000000,0.320599,Somewhat-Bullish
20260526T130930,TSM,Taiwan Semiconductor,TSMC Executive Dumps Nearly $14 Million Worth in Shares,TradingView,https://www.tradingview.com/news/gurufocus:6d5ca5e9b094b:0-tsmc-executive-dumps-nearly-14-million-worth-in-shares/,"A TSMC Vice President, Tzu-Sou Chuang, sold 200,000 shares worth nearly $14 million, reducing his direct stake by 7.4%. Conversely, another Vice President, Bor-Zen Tien, purchased 2,000 shares for about $139,810. Although no reasons were provided for the transactions, they are regarded as routine portfolio adjustments, reflecting ongoing insider activity at the leading chip manufacturer.",-0.074557,Neutral,1.000000,-0.063394,Neutral
20260526T161011,TSM,Taiwan Semiconductor,"Stock market overtakes India, now fifth-largest",Taipei Times,https://www.taipeitimes.com/News/front/archives/2026/05/27/2003858039,"Taiwan's stock market has surpassed India's to become the world's fifth-largest, primarily due to the strong performance of Taiwan Semiconductor Manufacturing Co (TSMC) amidst the AI boom. While Taiwan's market capitalization reached US$4.95 trillion, largely driven by tech hardware, India's value dropped to US$4.92 trillion due to surging energy costs, slowing corporate earnings, and record foreign outflows. This shift highlights intense optimism in AI-linked semiconductor manufacturing, disproportionately benefiting economies like Taiwan and South Korea.",0.434439,Bullish,1.000000,0.889269,Bullish
20260527T021011,TSM,Taiwan Semiconductor,TSMC’s Outsized Role In Taiwan Markets Faces Huawei Chipmaking Test,Simply Wall Street,https://simplywall.st/stocks/us/semiconductors/nyse-tsm/taiwan-semiconductor-manufacturing/news/tsmcs-outsized-role-in-taiwan-markets-faces-huawei-chipmakin,"TSMC plays a significant role in Taiwan's stock market, contributing heavily to its rise as the fifth-largest globally. However, Huawei's efforts to produce advanced chips independently pose a potential challenge to TSMC's market dominance and may shift customer relationships and supply chains. Investors should monitor how TSMC's dependency evolves among major chip buyers and the progress of Huawei's alternative manufacturing.",0.134393,Neutral,1.000000,-0.111384,Neutral
20260528T014019,TSM,Taiwan Semiconductor,Taiwan overtakes India as world's No. 5 stock market,upi,https://www.upi.com/Top_News/World-News/2026/05/27/taiwan-stock-market-tsmc-ai/7201779932816/,"Taiwan has surpassed India to become the world's fifth-largest stock market, largely driven by the surge in Taiwan Semiconductor Manufacturing Co. (TSMC) shares due to AI demand. This shift occurred despite India's significantly larger economy, as global funds have moved investments from India to AI-benefiting markets like Taiwan and South Korea. Taiwan's market capitalization reached $4.95 trillion, exceeding India's $4.92 trillion, with TSMC alone accounting for 42% of Taiwan's Taiex index.",0.025248,Neutral,0.342839,0.031705,Neutral
20260528T080944,TSM,Taiwan Semiconductor,"Fidelis Capital Partners LLC Acquires 1,509 Shares of Taiwan Semiconductor Manufacturing Company Ltd. $TSM",MarketBeat,https://www.marketbeat.com/instant-alerts/filing-fidelis-capital-partners-llc-acquires-1509-shares-of-taiwan-semiconductor-manufacturing-company-ltd-tsm-2026-05-28/,"Fidelis Capital Partners LLC increased its stake in Taiwan Semiconductor Manufacturing Company Ltd. (TSM) by 27.7% in Q4, adding 1,509 shares to reach a total of 6,964 shares valued at approximately $2.12 million. Institutional investors collectively own 16.51% of the stock, with several other major firms also adjusting their positions. Analysts maintain a ""Buy"" rating for TSM with an average price target of $404.29, and the company recently raised its quarterly dividend.",0.035723,Neutral,0.318584,0.018773,Neutral
20260528T090944,TSM,Taiwan Semiconductor,Integrity Alliance LLC. Has $2.11 Million Stake in Taiwan Semiconductor Manufacturing Company Ltd. $TSM,MarketBeat,https://www.marketbeat.com/instant-alerts/filing-integrity-alliance-llc-has-211-million-stake-in-taiwan-semiconductor-manufacturing-company-ltd-tsm-2026-05-28/,"Integrity Alliance LLC. increased its stake in Taiwan Semiconductor Manufacturing Company Ltd. (TSM) by 34.8% in Q4, bringing its total holdings to 6,944 shares valued at $2.11 million. TSMC reported strong quarterly results with $3.11 EPS and $30.65 billion in revenue, and analysts maintain a bullish outlook, with several upgrades and a consensus Buy rating. The company also raised its quarterly dividend, and the stock is benefiting from optimism surrounding AI demand and expanding advanced-chip capacity.",0.35502,Bullish,1.000000,0.477104,Bullish
20260528T110901,TSM,Taiwan Semiconductor,Taiwan Semiconductor Manufacturing Company Ltd. $TSM Stake Lifted by Thoroughbred Financial Services LLC,MarketBeat,https://www.marketbeat.com/instant-alerts/filing-taiwan-semiconductor-manufacturing-company-ltd-tsm-stake-lifted-by-thoroughbred-financial-services-llc-2026-05-28/,"Thoroughbred Financial Services LLC increased its stake in Taiwan Semiconductor Manufacturing Company (TSM) by 2.4% in the fourth quarter, bringing its total holdings to 95,208 shares valued at $28.9 million. This move is part of a broader trend of institutional investment, with hedge funds and other institutions now owning 16.51% of TSM stock. Analysts maintain a ""Buy"" rating for TSM, citing strong AI-related demand and recent dividend increases.",0.029478,Neutral,0.340950,0.013721,Neutral
20260528T130901,TSM,Taiwan Semiconductor,"Taiwan Semiconductor Stock Nearing 52-Week High: Buy, Sell or Hold?",24/7 Wall St.,https://247wallst.com/investing/2026/05/28/taiwan-semiconductor-stock-nearing-52-week-high-buy-sell-or-hold/,"Taiwan Semiconductor (TSM) is nearing its 52-week high, driven by robust AI chip demand and tight manufacturing capacity, leading analysts to project continued growth. Despite its strong performance and dominant market share, some concerns exist regarding insider selling, potential margin dilution from overseas fabs, and geopolitical risks. The verdict suggests TSM screens favorably due to its essential role in AI chip production, projecting significant upside, but advises investors to watch for potential market shifts.",0.270496,Somewhat-Bullish,1.000000,0.543876,Bullish
20260528T140901,TSM,Taiwan Semiconductor,ETFs Primed for Gains on NVIDIA's $150B AI Spending Vow in Taiwan,TradingView,https://www.tradingview.com/news/zacks:e116b578e094b:0-etfs-primed-for-gains-on-nvidia-s-150b-ai-spending-vow-in-taiwan/,"NVIDIA CEO Jensen Huang has committed to increasing the company's annual spending and investments in Taiwan to $150 billion, a significant jump that highlights Taiwan's crucial role in the AI-led tech boom, particularly in advanced semiconductor manufacturing. This move reinforces Taiwan's position as an indispensable central hub for AI, attracting other major tech companies to expand their presence on the island. The article identifies several ETFs, such as iShares MSCI Taiwan ETF (EWT) and Franklin FTSE Taiwan ETF (FLTW), that are well-positioned to benefit from this substantial capital influx and the broader Taiwanese tech surge.",0.315098,Somewhat-Bullish,1.000000,0.432850,Bullish
20260529T101054,TSM,Taiwan Semiconductor,"3,163 Shares in Taiwan Semiconductor Manufacturing Company Ltd. $TSM Bought by Mitsubishi UFJ Morgan Stanley Securities Co. Ltd.",MarketBeat,https://www.marketbeat.com/instant-alerts/filing-3163-shares-in-taiwan-semiconductor-manufacturing-company-ltd-tsm-bought-by-mitsubishi-ufj-morgan-stanley-securities-co-ltd-2026-05-29/,"Mitsubishi UFJ Morgan Stanley Securities Co. Ltd. recently acquired 3,163 shares of Taiwan Semiconductor Manufacturing Company Ltd. (TSM), valued at appoximately $961,000, making it their 16th largest holding. The company continues to benefit from strong AI-driven demand and has increased its quarterly dividend, while analysts remain largely positive on the stock. Insider trading was mixed, with one VP buying shares and another selling a larger block.",0.428896,Bullish,1.000000,0.439986,Bullish
20260529T101054,TSM,Taiwan Semiconductor,"IFG Advisory LLC Buys 5,464 Shares of Taiwan Semiconductor Manufacturing Company Ltd. $TSM",MarketBeat,https://www.marketbeat.com/instant-alerts/filing-ifg-advisory-llc-buys-5464-shares-of-taiwan-semiconductor-manufacturing-company-ltd-tsm-2026-05-29/,"IFG Advisory LLC has increased its stake in Taiwan Semiconductor Manufacturing Company Ltd. ($TSM) by 98% in the fourth quarter, purchasing an additional 5,464 shares to bring its total holdings to 11,037 shares, valued at $3.35 million. TSMC continues to demonstrate strong financial performance with high profitability and recently boosted its quarterly dividend to $1.1136 per share. Analysts generally maintain a ""Buy"" rating for TSM, projecting positive earnings per share for the current year, while insider transactions show both selling and buying activity.",0.437666,Bullish,1.000000,0.618332,Bullish
20260529T131054,TSM,Taiwan Semiconductor,"TSM vs Broadcom: Both Nearing 52-Week High, Only One is a Buy",24/7 Wall St.,https://247wallst.com/investing/2026/05/29/tsm-vs-broadcom-both-nearing-52-week-high-only-one-is-a-buy/,"The article compares Broadcom (AVGO) and Taiwan Semiconductor Manufacturing (TSM), both nearing 52-week highs due to strong AI-driven earnings. While Broadcom focuses on custom AI accelerators for hyperscalers, TSMC acts as the foundry for nearly all major chip designers, including Broadcom. The author concludes that TSMC offers a better investment due to its lower valuation, broader exposure to the entire AI chip cycle, and significant market share in advanced node manufacturing, despite its higher capital expenditures.",0.252178,Somewhat-Bullish,1.000000,0.345695,Somewhat-Bullish
20260529T163928,TSM,Taiwan Semiconductor,Taiwan Semiconductor Manufacturing Company (NYSE: TSM) Targets $430 Per Share As Analysts Project 28% EPS Growth,Foreign Policy Journal,https://www.foreignpolicyjournal.com/2026/05/29/taiwan-semiconductor-manufacturing-company-nyse-tsm-targets-430-per-share-as-analysts-project-28-eps-growth/,"Analysts at Bernstein SocGen Group reiterated an Outperform rating for Taiwan Semiconductor Manufacturing Company (TSM), raising its price target to $430. This reflects confidence in TSM's robust business expansion, with projected 28% compound annual EPS growth over the next 2.5 years. Despite potential competition from Apple/Intel or improvements by Samsung Foundry, TSM is expected to maintain its leading market position as the world's largest dedicated semiconductor foundry.",0.169277,Somewhat-Bullish,1.000000,0.817373,Bullish
20260529T213928,TSM,Taiwan Semiconductor,Assessing Taiwan Semiconductor Manufacturing (NYSE:TSM) Valuation After Strong Recent Returns,Simply Wall Street,https://simplywall.st/stocks/us/semiconductors/nyse-tsm/taiwan-semiconductor-manufacturing/news/assessing-taiwan-semiconductor-manufacturing-nysetsm-valuati-5,"Taiwan Semiconductor Manufacturing (TSM) has shown strong returns recently, with the stock up 8.29% over the past 30 days and 117.58% over the last year. Despite this performance, Simply Wall St's analysis suggests TSM is 6.2% overvalued with a fair value of $400 compared to its current price of $424.86. The article highlights both the company's critical role in the semiconductor ecosystem, particularly for AI infrastructure, and potential risks like geopolitical tensions or a slowdown in AI chip orders.",0.128736,Neutral,1.000000,0.107351,Neutral
20260530T080907,TSM,Taiwan Semiconductor,"215,838 Shares in Taiwan Semiconductor Manufacturing Company Ltd. $TSM Purchased by Eurizon Capital SGR S.p.A.",MarketBeat,https://www.marketbeat.com/instant-alerts/filing-215838-shares-in-taiwan-semiconductor-manufacturing-company-ltd-tsm-purchased-by-eurizon-capital-sgr-spa-2026-05-30/,"Eurizon Capital SGR S.p.A. initiated a new position in Taiwan Semiconductor Manufacturing Company Ltd. (TSM) during the fourth quarter, acquiring 215,838 shares valued at approximately $65.3 million. This investment comes as TSMC continues to attract bullish sentiment due to AI-driven demand, strong financial performance, and a recently increased quarterly dividend. Other institutional investors also adjusted their holdings, with hedge funds and institutions now collectively owning 16.51% of TSM's stock.",0.297228,Somewhat-Bullish,1.000000,0.466516,Bullish
20260530T104005,TSM,Taiwan Semiconductor,"Savant Capital LLC Sells 1,898 Shares of Taiwan Semiconductor Manufacturing Company Ltd. $TSM",MarketBeat,https://www.marketbeat.com/instant-alerts/filing-savant-capital-llc-sells-1898-shares-of-taiwan-semiconductor-manufacturing-company-ltd-tsm-2026-05-30/,"Savant Capital LLC reduced its stake in Taiwan Semiconductor Manufacturing Company Ltd. (TSM) by 7.1% in the fourth quarter, selling 1,898 shares and holding 24,883 shares valued at approximately $7.56 million. Despite this, analysts largely maintain a ""Buy"" rating for TSM, with a consensus target price of $404.29. Recent positive developments, including insider buying, a dividend increase, and strong demand for AI-driven chips, suggest continued strength for the company.",0.228846,Somewhat-Bullish,1.000000,0.403900,Bullish
20260530T114004,TSM,Taiwan Semiconductor,Triodos Investment Management BV Has $72.33 Million Position in Taiwan Semiconductor Manufacturing Company Ltd. $TSM,MarketBeat,https://www.marketbeat.com/instant-alerts/filing-triodos-investment-management-bv-has-7233-million-position-in-taiwan-semiconductor-manufacturing-company-ltd-tsm-2026-05-30/,"Triodos Investment Management BV decreased its stake in Taiwan Semiconductor Manufacturing Company (TSM) by 4.1% in Q4, but it still holds 241,453 shares valued at approximately $72.33 million, making it their third-largest holding. The article highlights TSM's strong fundamentals, including robust earnings and revenue, a consensus ""Buy"" rating from analysts with an average price target of $404.29, and a recently increased quarterly dividend. Positive sentiment is also driven by strong AI-related demand and potential price increases for its 3nm process.",0.295569,Somewhat-Bullish,1.000000,0.493621,Bullish
20260531T090942,TSM,Taiwan Semiconductor,TSMC’s AI Future Pivot Toward Energy Efficiency And Investor Valuation Questions,Simply Wall Street,https://simplywall.st/stocks/us/semiconductors/nyse-tsm/taiwan-semiconductor-manufacturing/news/tsmcs-ai-future-pivot-toward-energy-efficiency-and-investor,"TSMC's senior executive has indicated that energy efficiency, rather than raw computing power, will be the primary constraint for future AI chips due to rising electricity demands from AI workloads. This shift has significant implications for chip design, manufacturing priorities, and TSMC's AI offerings, prompting investors to consider how the company will adapt its strategies for power-efficient process nodes and packaging. While TSMC's stock has performed strongly, investors should analyze its valuation, considering its current trading price relative to analyst targets and fair value estimates.",0.204196,Somewhat-Bullish,1.000000,0.218291,Somewhat-Bullish
20260531T110943,TSM,Taiwan Semiconductor,GUARDCAP ASSET MANAGEMENT Ltd Cuts Stock Position in Taiwan Semiconductor Manufacturing Company Ltd. $TSM,MarketBeat,https://www.marketbeat.com/instant-alerts/filing-guardcap-asset-management-ltd-cuts-stock-position-in-taiwan-semiconductor-manufacturing-company-ltd-tsm-2026-05-31/,"GUARDCAP ASSET MANAGEMENT Ltd significantly reduced its holdings in Taiwan Semiconductor Manufacturing Company (TSMC) by 20.3% in the fourth quarter, selling 6,050 shares. Despite this, other major institutional investors like Fisher Asset Management and Bank of America increased their stakes. The company continues to see bullish market sentiment due to AI-driven demand, potential price increases for 3nm chips, and a recent dividend hike.",0.349384,Somewhat-Bullish,1.000000,0.445873,Bullish
20260531T110943,TSM,Taiwan Semiconductor,Taiwan Semiconductor Manufacturing Company Ltd. $TSM Shares Sold by Walter Public Investments Inc.,MarketBeat,https://www.marketbeat.com/instant-alerts/filing-taiwan-semiconductor-manufacturing-company-ltd-tsm-shares-sold-by-walter-public-investments-inc-2026-05-31/,"Walter Public Investments Inc. reduced its stake in Taiwan Semiconductor Manufacturing Company Ltd. (TSM) by 17% in the fourth quarter, selling 19,211 shares, although TSM remains its third-largest holding. Despite this sale, institutional demand for TSM is strong, with other firms significantly increasing their positions. The company is benefiting from AI-driven demand for advanced, energy-efficient chips and has raised its quarterly dividend.",0.298548,Somewhat-Bullish,1.000000,0.480183,Bullish
20260601T100921,TSM,Taiwan Semiconductor,"Jordan Park Group LLC Sells 250,139 Shares of Taiwan Semiconductor Manufacturing Company Ltd. $TSM",MarketBeat,https://www.marketbeat.com/instant-alerts/filing-jordan-park-group-llc-sells-250139-shares-of-taiwan-semiconductor-manufacturing-company-ltd-tsm-2026-06-01/,"Jordan Park Group LLC significantly reduced its stake in Taiwan Semiconductor Manufacturing Company Ltd. (NYSE:TSM) by 65.8% in the fourth quarter, selling 250,139 shares. Despite this reduction, TSM remains a key part of the fund's portfolio, with the company also showing strength through analyst consensus ratings, dividend increases, and positive sentiment around its role in AI hardware. Insider activity revealed mixed transactions, with a VP acquiring shares while another sold a larger block.",0.294733,Somewhat-Bullish,1.000000,0.413136,Bullish
20260601T150921,TSM,Taiwan Semiconductor,Feature article - America’s semiconductor facilities are being built: The speciality chemical supply chains that feed them are not,Speciality Chemicals Magazine,https://www.specchemonline.com/news/feature-article-americas-semiconductor-facilities-are-being-built-speciality-chemical-supply,"Despite significant investment in US semiconductor manufacturing facilities through the CHIPS Act, the specialized chemical supply chains crucial for their operation are severely lacking. The article highlights the structural cost inefficiencies, labor shortages, and absence of domestic production for critical semiconductor-grade chemicals as major bottlenecks. It emphasizes that while capital is being deployed, the operational infrastructure and supply chain expertise are not developing at the necessary pace, posing a risk to the success of America's semiconductor renaissance.",0.274452,Somewhat-Bullish,0.943376,0.110718,Neutral
20260601T150921,TSM,Taiwan Semiconductor,Taiwan Semiconductor Manufacturing Co Ltd Stock (TSM) Moved Up by 4.73% on Jun 1: Drivers Behind the Movement,TradingKey,https://www.tradingkey.com/news/market-movers/261939487-market-movers-tsm-20260601,"Taiwan Semiconductor Manufacturing Co Ltd (TSM) saw its stock rise by 4.73% on Jun 1, driven primarily by a strategic collaboration with Nvidia for AI integration and strong demand for its advanced 3nm and 2nm process technologies. Analysts maintain optimistic ratings and have raised price targets, highlighting TSM's pivotal role in the expanding AI sector and its market-leading position. The company also benefits from significant pricing power for its advanced chips and a raised full-year revenue growth forecast exceeding 30% for 2026.",0.267757,Somewhat-Bullish,1.000000,0.408970,Bullish
20260602T113921,TSM,Taiwan Semiconductor,"Vantus Wealth LLC Invests $518,000 in Taiwan Semiconductor Manufacturing Company Ltd. $TSM",MarketBeat,https://www.marketbeat.com/instant-alerts/filing-vantus-wealth-llc-invests-518000-in-taiwan-semiconductor-manufacturing-company-ltd-tsm-2026-06-02/,"Vantus Wealth LLC has initiated a new position in Taiwan Semiconductor Manufacturing Company (TSMC) by acquiring 1,705 shares valued at approximately $518,000 in the fourth quarter. This investment highlights increasing institutional interest in TSMC, with various hedge funds and institutional investors either establishing new positions or significantly increasing their existing stakes. The semiconductor giant continues to attract investors due to strong financial performance, including a high EPS and an increased quarterly dividend.",0.306101,Somewhat-Bullish,1.000000,0.540157,Bullish
20260603T010939,TSM,Taiwan Semiconductor,TSMC Weighs AI Pricing Power Against Overseas Fab Margin Pressures,Simply Wall Street,https://simplywall.st/stocks/us/semiconductors/nyse-tsm/taiwan-semiconductor-manufacturing/news/tsmc-weighs-ai-pricing-power-against-overseas-fab-margin-pre,"TSMC is strategically balancing its increased pricing power for advanced AI chip nodes, driven by expanded collaboration with Nvidia, against the potential margin pressures from accelerated overseas fab construction in higher-cost regions like the US, Japan, and Germany. The company also plans to divest a significant portion of its stake in Vanguard International Semiconductor to sharpen its focus on core manufacturing. These moves highlight TSMC's efforts to capitalize on AI demand while navigating global expansion challenges, which investors should monitor for impacts on profitability and operational efficiency.",0.172791,Somewhat-Bullish,1.000000,0.232309,Somewhat-Bullish
20260603T080939,TSM,Taiwan Semiconductor,Geode Capital Management LLC Increases Holdings in Taiwan Semiconductor Manufacturing Company Ltd. $TSM,MarketBeat,https://www.marketbeat.com/instant-alerts/filing-geode-capital-management-llc-increases-holdings-in-taiwan-semiconductor-manufacturing-company-ltd-tsm-2026-06-03/,"Geode Capital Management LLC increased its stake in Taiwan Semiconductor Manufacturing Company Ltd. (TSM) by 4.6% in the fourth quarter, purchasing an additional 32,623 shares. This investment brings their total holdings to 747,801 shares, valued at $227.2 million. Other institutional investors also adjusted their positions, and TSMC shares recently traded near their 52-week high, boasting a market capitalization of $2.31 trillion.",0.400565,Bullish,1.000000,0.455134,Bullish
20260603T100939,TSM,Taiwan Semiconductor,Rational Advisors Inc. Has $2.15 Million Position in Taiwan Semiconductor Manufacturing Company Ltd. $TSM,MarketBeat,https://www.marketbeat.com/instant-alerts/filing-rational-advisors-inc-has-215-million-position-in-taiwan-semiconductor-manufacturing-company-ltd-tsm-2026-06-03/,"Rational Advisors Inc. significantly increased its stake in Taiwan Semiconductor Manufacturing (TSM) by 80.9% in the fourth quarter, now holding 7,082 shares valued at approximately $2.15 million. Analysts maintain a largely positive outlook on TSM, with a consensus ""Buy"" rating and an average price target of $404.29. The company also raised its quarterly dividend, and recent insider transactions show both acquisitions and sales of stock.",0.424683,Bullish,1.000000,0.486448,Bullish
20260603T110939,TSM,Taiwan Semiconductor,Shepherd Street Advisors LLC Takes $2.40 Million Position in Taiwan Semiconductor Manufacturing Company Ltd. $TSM,MarketBeat,https://www.marketbeat.com/instant-alerts/filing-shepherd-street-advisors-llc-takes-240-million-position-in-taiwan-semiconductor-manufacturing-company-ltd-tsm-2026-06-03/,"Shepherd Street Advisors LLC has acquired a new position in Taiwan Semiconductor Manufacturing Company Ltd. (TSM), purchasing 7,883 shares valued at approximately $2.4 million, making it their 10th largest holding. TSM has a consensus ""Buy"" rating from analysts with an average target price of $404.29, despite a recent downgrade from Zacks Research. The company also announced a quarterly dividend increase to $1.1136 per share, reflecting positive sentiment in the market driven by AI-related semiconductor demand.",0.363126,Bullish,1.000000,0.481358,Bullish
20260604T031044,TSM,Taiwan Semiconductor,TSMC CEO Expresses Confidence in Growth Trajectory Amid AI Demand Surge | 2026 - News and Statistics,IndexBox,https://www.indexbox.io/blog/tsmc-confident-in-growth-driven-by-ai-boom-ceo-says-at-shareholders-meeting/,"TSMC, the world's largest contract chipmaker, expressed strong confidence in its future growth, primarily driven by the surging demand for AI-related computing power and advanced semiconductors. CEO C.C. Wei highlighted that customers maintain an optimistic view of the AI industry, leading to increased capital spending by TSMC to meet persistent demand. The announcement was made during the annual Computex conference, underscoring Taiwan's vital role in the global tech supply chain.",0.445565,Bullish,1.000000,0.643880,Bullish
20260604T061044,TSM,Taiwan Semiconductor,TSMC doubles down on AI growth as CEO sees demand staying strong,TradingView,https://www.tradingview.com/news/invezz:7e619e054094b:0-tsmc-doubles-down-on-ai-growth-as-ceo-sees-demand-staying-strong/,"TSMC expects artificial intelligence to continue driving demand for its advanced chips over the next few years, despite challenges like rising costs and the long buildout of US production capacity. CEO C.C. Wei highlighted strong customer demand for AI-related applications and confirmed the company's confidence in multi-year growth. However, Wei also cautioned that meeting US customer needs through domestic production will take a ""very long time.""",0.427469,Bullish,0.954100,0.625167,Bullish
20260604T070644,TSM,Taiwan Semiconductor,Taiwan Semiconductor Manufacturing Company Ltd. $TSM Shares Purchased by Avestar Capital LLC,MarketBeat,https://www.marketbeat.com/instant-alerts/filing-taiwan-semiconductor-manufacturing-company-ltd-tsm-shares-purchased-by-avestar-capital-llc-2026-06-04/,"Avestar Capital LLC increased its stake in Taiwan Semiconductor Manufacturing Company Ltd. (TSM) by 10.5% in the fourth quarter, purchasing an additional 1,164 shares, bringing its total to 12,216 shares valued at approximately $3.7 million. Wall Street analysts maintain a positive outlook on TSMC, reiterating ""Buy"" ratings and setting an average price target of $404.29, primarily due to the company's leadership in advanced AI chips and strong demand from hyperscalers. TSMC also reported robust financial performance, including Q2 earnings of $3.11 per share and revenue of $30.65 billion, and announced an increased quarterly dividend of $1.1136 per share.",0.00373,Neutral,0.328383,0.018255,Neutral
20260604T083923,TSM,Taiwan Semiconductor,Glassy Mountain Advisors Inc. Increases Stake in Taiwan Semiconductor Manufacturing Company Ltd. $TSM,MarketBeat,https://www.marketbeat.com/instant-alerts/filing-glassy-mountain-advisors-inc-increases-stake-in-taiwan-semiconductor-manufacturing-company-ltd-tsm-2026-06-04/,"Glassy Mountain Advisors Inc. significantly increased its stake in Taiwan Semiconductor Manufacturing Company Ltd. (TSM) by 15.1% in the fourth quarter, bringing its total holdings to 14,039 shares valued at approximately $4.27 million. Wall Street analysts maintain a bullish outlook on TSM, citing its leadership in advanced AI chips and setting an average target price of $404.29. The company also recently raised its quarterly dividend and experienced mixed insider trading activity.",0.352859,Bullish,1.000000,0.493584,Bullish
20260604T093923,TSM,Taiwan Semiconductor,TSMC 2nm Mass Production Puts Valuation And AI Role In Focus,Simply Wall Street,https://simplywall.st/stocks/us/semiconductors/nyse-tsm/taiwan-semiconductor-manufacturing/news/tsmc-2nm-mass-production-puts-valuation-and-ai-role-in-focus,"TSMC has begun mass production of 2nm chips using nanosheet Gate-All-Around transistors, achieving strong early yields. This development positions TSMC centrally in high-end AI compute, with major clients like Apple, NVIDIA, AMD, and Google securing supply. While the stock has seen significant growth, Simply Wall St notes a rich valuation despite trading below the analyst consensus target, and highlights a risk related to non-cash earnings as complexity and capital expenditure increase with 2nm production.",0.3577,Bullish,1.000000,0.465580,Bullish
20260604T133923,TSM,Taiwan Semiconductor,"Taiwan Semiconductor Delivers 2,095% Gain Over 10 Years. Will It Continue To Outperform?",24/7 Wall St.,https://247wallst.com/investing/2026/06/04/taiwan-semiconductor-delivers-2095-gain-over-10-years-will-it-continue-to-outperform/,"Taiwan Semiconductor Manufacturing (TSMC) has delivered a significant 2,095% return over the past decade, turning a $1,000 investment into nearly $22,000, outperforming the S&P 500. This growth is attributed to its dominance in leading-edge chip manufacturing, especially fueled by the AI boom. While its current valuation and growth prospects are attractive, the article cautions about geopolitical risks concerning the Taiwan Strait and potential shifts in AI capital expenditure.",0.165035,Somewhat-Bullish,1.000000,0.312482,Somewhat-Bullish
20260604T153923,TSM,Taiwan Semiconductor,TSMC says AI demand affecting supply,Taipei Times,https://www.taipeitimes.com/News/biz/archives/2026/06/05/2003858537,"TSMC announced that the explosive demand for AI chips is causing widespread supply constraints, leading the company to accelerate capacity expansion efforts. Chairman C.C. Wei expressed confidence in Taiwan's AI supply chain to maintain its competitive edge against foreign rivals and dismissed Samsung's goal of catching up as a ""pipe dream."" He also noted TSMC's record performance last year and strong growth trajectory for the future.",0.278444,Somewhat-Bullish,1.000000,0.491263,Bullish
20260604T164018,TSM,Taiwan Semiconductor,"Got $10,000? TSM vs Micron: The Better Buy in 2026",24/7 Wall St.,https://247wallst.com/investing/2026/06/04/got-10000-tsm-vs-micron-the-better-buy-in-2026/,"This article compares Taiwan Semiconductor Manufacturing (TSM) and Micron Technology (MU) as investment opportunities in the AI sector for 2026. While Micron benefits from the HBM memory supercycle with strong recent performance and forecast, its high forward P/E reflects cyclicality risk. TSMC, as the dominant foundry for AI logic chips, offers broader exposure and long-term stability due to its strategic investments and insider buying, despite a higher forward P/E.",0.229546,Somewhat-Bullish,0.992645,0.258978,Somewhat-Bullish
20260605T044018,TSM,Taiwan Semiconductor,"AI: TSMC, the 'Fed of the global chip economy', Speaks. AI-RTZ #1108",AI: Reset to Zero,https://michaelparekh.substack.com/p/ai-tsmc-the-fed-of-the-global-chip,"Taiwan Semiconductor Manufacturing Company (TSMC), referred to as the ""Fed of the Global Tech Economy,"" has indicated that global chip supply will not meet AI-fueled demand for years despite capacity expansion and significant investments. CEO C.C. Wei reiterated a sales growth forecast of over 30% for the year and announced a corresponding bonus increase for staff, while also committing to stable pricing to avoid market disruptions. The company is actively expanding its footprint, including anticipated significant investments in US-based manufacturing plants, as it balances geopolitical pressures and responds to intense customer demand.",0.181912,Somewhat-Bullish,1.000000,0.253284,Somewhat-Bullish
20260605T072518,TSM,Taiwan Semiconductor,"Avise Financial Cooperative Inc. Takes $733,000 Position in Taiwan Semiconductor Manufacturing Company Ltd. $TSM",MarketBeat,https://www.marketbeat.com/instant-alerts/filing-avise-financial-cooperative-inc-takes-733000-position-in-taiwan-semiconductor-manufacturing-company-ltd-tsm-2026-06-05/,"Avise Financial Cooperative Inc. has taken a new position in Taiwan Semiconductor Manufacturing Company Ltd. (TSM), purchasing 2,411 shares valued at approximately $733,000 during the fourth quarter. This move is part of a broader trend, as other institutional investors have also increased their holdings in TSM, which now stands at 16.51% institutional ownership. The company reported strong operational performance with $3.11 EPS and $30.65 billion in revenue in its latest quarter and increased its quarterly dividend to $1.1136 per share.",0.164916,Somewhat-Bullish,1.000000,0.414836,Bullish
20260605T100859,TSM,Taiwan Semiconductor,Taiwan Semiconductor Manufacturing Signs Major AI Deal With Nvidia,Insider Monkey,https://www.insidermonkey.com/blog/taiwan-semiconductor-manufacturing-signs-major-ai-deal-with-nvidia-1775367/,"Taiwan Semiconductor Manufacturing Company (TSMC) has signed a significant AI deal with Nvidia, leveraging Nvidia's AI and accelerated computing technologies to enhance chip manufacturing processes. This partnership aims to boost TSMC's leadership in the global chip market, particularly in the rapidly growing AI chip sector. Bank of America views TSMC as a prime beneficiary of the AI wave and has increased its outlook for CoWoS capacity growth through 2027, naming TSM its ""preferred stock.""",0.013138,Neutral,0.303615,0.032084,Neutral
20260605T100900,TSM,Taiwan Semiconductor,Taiwan Semiconductor Manufacturing Company Ltd. $TSM is Pelham Capital Ltd.'s 3rd Largest Position,MarketBeat,https://www.marketbeat.com/instant-alerts/filing-taiwan-semiconductor-manufacturing-company-ltd-tsm-is-pelham-capital-ltds-3rd-largest-position-2026-06-05/,"Pelham Capital Ltd. decreased its holdings in Taiwan Semiconductor Manufacturing Company Ltd. (TSM) by 16% in the fourth quarter, but it still remains their third-largest position, valued at $18.8 million. Wall Street analysts maintain a generally bullish outlook on TSMC, with an average ""Buy"" rating and a target price of $404.29. The company reported strong earnings, with $3.11 EPS on $30.65 billion in revenue, and increased its quarterly dividend to $1.1136 per share.",0.406918,Bullish,1.000000,0.411581,Bullish
20260605T100900,TSM,Taiwan Semiconductor,Taiwan Semiconductor Manufacturing Company Ltd. $TSM is Magellan Asset Management Ltd's 4th Largest Position,MarketBeat,https://www.marketbeat.com/instant-alerts/filing-taiwan-semiconductor-manufacturing-company-ltd-tsm-is-magellan-asset-management-ltds-4th-largest-position-2026-06-05/,"Magellan Asset Management Ltd has Taiwan Semiconductor Manufacturing Company Ltd. ($TSM) as its 4th largest holding, despite trimming its stake by 7% in the fourth quarter. The company continues to receive bullish analyst ratings and has raised its quarterly dividend, while insider activity showed mixed signals with a significant sale by one VP and a smaller purchase by another. TSMC expects strong growth due to AI demand, though concerns about chip shortages persist.",0.305494,Somewhat-Bullish,1.000000,0.311248,Somewhat-Bullish
20260605T140900,TSM,Taiwan Semiconductor,Taiwan Semiconductor Manufacturing Co Ltd Stock (TSM) Opened Down by 3.23% on Jun 5: What Investors Need To Know,TradingKey,https://www.tradingkey.com/news/market-movers/261949642-market-movers-tsm-20260605,"Taiwan Semiconductor Manufacturing Co Ltd (TSM) opened down by 3.23% on June 5th, primarily due to a broader tech sector downturn, negative investor reaction to a peer's AI outlook, and escalating U.S.-China geopolitical tensions impacting chip export controls. Despite this market correction and profit-taking, TSM's CEO maintains a strong long-term AI demand outlook, and analysts remain largely bullish on the company's fundamentals. The stock's technical indicators suggest varied signals, with a buy signal from MACD but neutral to oversold conditions from RSI and Williams %R.",-0.287543,Somewhat-Bearish,1.000000,-0.246182,Somewhat-Bearish
20260606T060959,TSM,Taiwan Semiconductor,Taiwan Semiconductor Manufacturing strengthens silicon shield strategy with $250B US investment deal,Crypto Briefing,https://cryptobriefing.com/tsmc-silicon-shield-strategy-taiwan/,"Taiwan Semiconductor Manufacturing (TSMC) is reinforcing its ""silicon shield"" strategy through a $250 billion US investment deal, enhancing Taiwan's geopolitical leverage in the AI era. While TSMC expands globally, its most advanced chip production, including cutting-edge 2nm nodes, will remain in Taiwan, strengthening the deterrent against potential Chinese aggression. This move underscores Taiwan's indispensable role in the global AI supply chain and its deepening economic ties with the US.",0.315003,Somewhat-Bullish,1.000000,0.466315,Bullish
20260606T060959,TSM,Taiwan Semiconductor,TSMC NVIDIA Alliance Puts AI At The Heart Of Chipmaking,Simply Wall Street,https://simplywall.st/stocks/us/semiconductors/nyse-tsm/taiwan-semiconductor-manufacturing/news/tsmc-nvidia-alliance-puts-ai-at-the-heart-of-chipmaking,"TSMC announced a partnership with NVIDIA to integrate AI and accelerated computing into its semiconductor manufacturing processes, aiming to enhance production efficiency and meet the increasing demand for AI-related chips. This collaboration will see TSMC utilizing NVIDIA's technologies within its own fabs to improve yields, throughput, and capacity planning. For investors, this move strengthens TSMC's AI story by linking efficiency and technological leadership, potentially influencing capital allocation and setting a precedent for AI-driven manufacturing in the industry.",0.404424,Bullish,1.000000,0.491152,Bullish
20260606T071100,TSM,Taiwan Semiconductor,Argonautica Private Wealth Management Inc. Boosts Holdings in Taiwan Semiconductor Manufacturing Company Ltd. $TSM,MarketBeat,https://www.marketbeat.com/instant-alerts/filing-argonautica-private-wealth-management-inc-boosts-holdings-in-taiwan-semiconductor-manufacturing-company-ltd-tsm-2026-06-06/,"Argonautica Private Wealth Management Inc. increased its stake in Taiwan Semiconductor Manufacturing Company Ltd. (TSM) by 36.7% in the fourth quarter, now holding 9,121 shares valued at $2.77 million. This comes as TSMC reported strong quarterly earnings of $3.11 EPS and $30.65 billion in revenue, projecting $15.29 EPS for the current fiscal year. The company also raised its quarterly dividend to $1.1136 per share, resulting in an annualized payout of $4.45 and a 1.1% yield.",0.273626,Somewhat-Bullish,0.987041,0.319095,Somewhat-Bullish
20260606T072259,TSM,Taiwan Semiconductor,Taiwan Semiconductor Manufacturing Company Ltd. $TSM Position Lifted by BIT Capital GmbH,MarketBeat,https://www.marketbeat.com/instant-alerts/filing-taiwan-semiconductor-manufacturing-company-ltd-tsm-position-lifted-by-bit-capital-gmbh-2026-06-06/,"BIT Capital GmbH increased its stake in Taiwan Semiconductor Manufacturing Company Ltd. (NYSE:TSM) by 1.2% in the fourth quarter, bringing its total holdings to 382,751 shares valued at $116.3 million. This makes TSM the 8th largest holding in BIT Capital GmbH's portfolio. Other institutional investors and hedge funds also made significant adjustments to their positions in the semiconductor giant, which recently announced an increase in its quarterly dividend.",0.387933,Bullish,1.000000,0.464363,Bullish
20260606T101016,TSM,Taiwan Semiconductor,"OneAscent Family Office LLC Purchases 2,703 Shares of Taiwan Semiconductor Manufacturing Company Ltd. $TSM",MarketBeat,https://www.marketbeat.com/instant-alerts/filing-oneascent-family-office-llc-purchases-2703-shares-of-taiwan-semiconductor-manufacturing-company-ltd-tsm-2026-06-06/,"OneAscent Family Office LLC significantly increased its stake in Taiwan Semiconductor Manufacturing Company Ltd. (TSM) during the fourth quarter, purchasing an additional 2,703 shares. This raises their total holdings to 6,376 shares, valued at approximately $1.94 million, making TSM their 18th largest holding. Institutional interest in TSM remains strong, with several large funds adding significant positions and analysts maintaining a ""Buy"" consensus rating on the stock, while the company also raised its quarterly dividend.",0.211765,Somewhat-Bullish,1.000000,0.493870,Bullish
20260606T111016,TSM,Taiwan Semiconductor,Taiwan Semiconductor Manufacturing Company Ltd. $TSM is Ramirez Asset Management Inc.'s Largest Position,MarketBeat,https://www.marketbeat.com/instant-alerts/filing-taiwan-semiconductor-manufacturing-company-ltd-tsm-is-ramirez-asset-management-incs-largest-position-2026-06-06/,"Ramirez Asset Management Inc. maintains Taiwan Semiconductor Manufacturing (TSM) as its largest holding, despite a slight reduction in its position in the fourth quarter. The semiconductor giant continues to attract strong institutional and analyst support, driven by robust AI-related demand and a favorable market outlook. Recent updates include a higher quarterly dividend and mixed insider trading activity, with management maintaining a ""Buy"" consensus rating on Wall Street.",0.194138,Somewhat-Bullish,1.000000,0.333932,Somewhat-Bullish
20260608T083417,TSM,Taiwan Semiconductor,Franklin Resources Inc. Has $2.28 Billion Position in Taiwan Semiconductor Manufacturing Company Ltd. $TSM,MarketBeat,https://www.marketbeat.com/instant-alerts/filing-franklin-resources-inc-has-228-billion-position-in-taiwan-semiconductor-manufacturing-company-ltd-tsm-2026-06-08/,"Franklin Resources Inc. significantly increased its stake in Taiwan Semiconductor Manufacturing Company Ltd. (TSM) by 8.8% in the fourth quarter, bringing its total holdings to 7.5 million shares valued at approximately $2.28 billion. The stock maintains an average ""Buy"" rating from analysts with an average target price around $404.29, reflecting strong Wall Street sentiment. TSMC reported $3.11 EPS last quarter and increased its quarterly dividend, while institutional investors continue to modify their positions, indicating ongoing interest in the semiconductor giant.",0.358806,Bullish,1.000000,0.494219,Bullish
20260608T083417,TSM,Taiwan Semiconductor,Fiera Capital Corp Has $1.83 Billion Stock Holdings in Taiwan Semiconductor Manufacturing Company Ltd. $TSM,MarketBeat,https://www.marketbeat.com/instant-alerts/filing-fiera-capital-corp-has-183-billion-stock-holdings-in-taiwan-semiconductor-manufacturing-company-ltd-tsm-2026-06-08/,"Fiera Capital Corp reduced its holdings in Taiwan Semiconductor Manufacturing Company Ltd. (NYSE:TSM) by 11.8% in the fourth quarter, still holding 6,023,398 shares valued at approximately $1.83 billion, making TSM its second-largest holding. Other hedge funds like Life Cycle Investment Partners Ltd and SurgoCap Partners LP increased their stakes. The article also notes positive sentiment around TSMC as a top AI stock and discusses recent insider transactions and analyst ratings.",0.509394,Bullish,1.000000,0.472966,Bullish
20260608T100945,TSM,Taiwan Semiconductor,Omnitrust Wealth Management Inc Acquires New Holdings in Taiwan Semiconductor Manufacturing Company Ltd. $TSM,MarketBeat,https://www.marketbeat.com/instant-alerts/filing-omnitrust-wealth-management-inc-acquires-new-holdings-in-taiwan-semiconductor-manufacturing-company-ltd-tsm-2026-06-08/,"Omnitrust Wealth Management Inc. initiated a new position in Taiwan Semiconductor Manufacturing Company Ltd. (TSM) during the fourth quarter, purchasing 1,529 shares valued at approximately $465,000. Insider activity showed mixed signals, with VP Bor-Zen Tien buying shares while VP Tzu-Sou Chuang sold a significant number. The semiconductor company continues to receive strong support from Wall Street analysts, maintaining an average ""Buy"" rating and benefiting from bullish AI-driven growth expectations.",0.396948,Bullish,1.000000,0.543426,Bullish
20260608T151500,TSM,Taiwan Semiconductor,Taiwan Semiconductor Manufacturing Co Ltd Stock (TSM) Moved Up by 3.78% on Jun 8: What Signal Does It Send?,TradingKey,https://www.tradingkey.com/news/market-movers/261953282-market-movers-tsm-20260608,"Taiwan Semiconductor Manufacturing Co Ltd (TSM) saw its stock price rise by 3.78% on June 8, driven primarily by strong AI demand and technological leadership. The company reported robust Q1 2026 revenue growth over 35% and began 2nm chip mass production with high yields. Despite some intraday volatility due to overbought signals and index changes, analyst sentiment remains overwhelmingly positive.",0.003333,Neutral,0.348058,0.003961,Neutral
20260608T160945,TSM,Taiwan Semiconductor,"TSMC doubles market cap, climbs to ninth in rankings",Taipei Times,https://www.taipeitimes.com/News/biz/archives/2026/06/09/2003858751,"Taiwan Semiconductor Manufacturing Co (TSMC) has surged to ninth among the world's most valuable companies, with its market capitalization more than doubling to US$1.427 trillion as of March 31. This growth, largely driven by strong demand for AI devices and semiconductors, also elevated Taiwan to fourth place among economies represented in the top 100. Despite this success, PwC Taiwan cautioned against the nation's heavy reliance on a single industry and emphasized the need for industrial diversification.",0.000294,Neutral,0.320582,0.026658,Neutral
20260608T180945,TSM,Taiwan Semiconductor,TSMC (TSM) Showcases Manufacturing Excellence at 2026 Technology Symposium,Insider Monkey,https://www.insidermonkey.com/blog/tsmc-tsm-showcases-manufacturing-excellence-at-2026-technology-symposium-1776450/,"Taiwan Semiconductor Manufacturing Company Limited (TSM) highlighted its manufacturing excellence at the 2026 Technology Symposium, emphasizing accelerated fab expansion, Super GIGAFABS operations, and the use of AI-driven technologies to boost production. The company also announced a partnership with NVIDIA to integrate AI models and libraries into its workflows, aimed at automating defect inspection and optimizing manufacturing processes. TSMC's chairman and CEO, C.C. Wei, stated that this collaboration strengthens TSMC's technology leadership and manufacturing capabilities to support future customer products.",0.370106,Bullish,1.000000,0.445298,Bullish
20260609T071130,TSM,Taiwan Semiconductor,"Brandywine Global Investment Management LLC Sells 5,770 Shares of Taiwan Semiconductor Manufacturing Company Ltd. $TSM",MarketBeat,https://www.marketbeat.com/instant-alerts/filing-brandywine-global-investment-management-llc-sells-5770-shares-of-taiwan-semiconductor-manufacturing-company-ltd-tsm-2026-06-09/,"Brandywine Global Investment Management LLC reduced its stake in Taiwan Semiconductor Manufacturing Company Ltd. (TSM) by 9.0% in the fourth quarter, selling 5,770 shares and ending with holdings worth $17.83 million. Despite this sale, other institutional investors increased their positions, and TSMC's stock performance shows a market capitalization of $2.22 trillion with positive analyst ratings and dividend increases. The company also announced an AI partnership with Nvidia for manufacturing efficiency and highlighted its 2026 Technology Symposium progress, though some reports indicate potential capacity constraints affecting future AI chip commitments.",0.036793,Neutral,1.000000,0.206372,Somewhat-Bullish
20260609T071130,TSM,Taiwan Semiconductor,A Look At Taiwan Semiconductor Manufacturing (NYSE:TSM) Valuation After Strong Recent Share Price Gains,Simply Wall Street,https://simplywall.st/stocks/us/semiconductors/nyse-tsm/taiwan-semiconductor-manufacturing/news/a-look-at-taiwan-semiconductor-manufacturing-nysetsm-valuati-1/amp,"Taiwan Semiconductor Manufacturing (TSM) has seen significant share price gains recently, making investors question its current valuation. Simply Wall St's analysis suggests TSM is 6.7% overvalued with a fair value of $400, based on its dominant position in AI semiconductors and expansion plans. However, its current P/E ratio is lower than the industry average, presenting a mixed picture for potential investors, who should consider both opportunities and risks.",0.17464,Somewhat-Bullish,1.000000,-0.082769,Neutral
20260609T103936,TSM,Taiwan Semiconductor,TSMC (NYSE: TSM) controller adds shares through employee stock purchase plan,Stock Titan,https://www.stocktitan.net/sec-filings/TSM/form-4-taiwan-semiconductor-manufacturing-co-ltd-insider-trading-acti-8529ba4b9c87.html,"TSMC controller Chen Chih-Ho increased his indirect holdings by purchasing 32 Common Shares at $76.01 each on June 5, 2026, through the company’s employee stock purchase plan (ESPP). After this transaction, his ESPP trust holds 106 shares, in addition to indirect and direct holdings. The purchase was made under predetermined plan terms, emphasizing the programmatic nature of ESPP transactions.",0.120637,Neutral,1.000000,0.117972,Neutral
20260609T110914,TSM,Taiwan Semiconductor,A Look At Taiwan Semiconductor Manufacturing (NYSE:TSM) Valuation After Strong Recent Share Price Gains,Simply Wall Street,https://simplywall.st/stocks/us/semiconductors/nyse-tsm/taiwan-semiconductor-manufacturing/news/a-look-at-taiwan-semiconductor-manufacturing-nysetsm-valuati-1,"Taiwan Semiconductor Manufacturing (TSM) has seen significant share price gains, up 23% in the last 3 months and 108.2% over one year. Simply Wall St's narrative suggests TSM is 6.7% overvalued with a fair value of $400, despite its P/E ratio being lower than the industry average. Investors are encouraged to review the company's rewards and risks to make informed decisions.",-0.170238,Somewhat-Bearish,1.000000,-0.198247,Somewhat-Bearish
20260609T133936,TSM,Taiwan Semiconductor,"Taiwan Semiconductor Manufacturing (NYSE:TSM) CEO Acquires $11,401.50 in Stock",MarketBeat,https://www.marketbeat.com/instant-alerts/taiwan-semiconductor-manufacturing-nysetsm-ceo-acquires-1140150-in-stock-2026-06-09/,"Taiwan Semiconductor Manufacturing (NYSE:TSM) CEO Che-Chia Wei recently acquired 150 shares of the company's stock for a total of $11,401.50. This transaction increased his ownership to 17,689 shares, valued at approximately $1.34 million. The company also recently raised its quarterly dividend, and analysts maintain a ""Buy"" rating with an average price target of $404.29, citing strong AI-related demand and fab expansion.",0.356082,Bullish,1.000000,0.515905,Bullish
20260609T153936,TSM,Taiwan Semiconductor,Senators urge US government to close chip loophole,Taipei Times,https://www.taipeitimes.com/News/biz/archives/2026/06/10/2003858814,"A bipartisan group of US senators has called on the Trump administration to close a loophole allowing Chinese companies' overseas subsidiaries to access advanced AI chips from contract manufacturers like TSMC. They argue that without stricter rules, current US export controls are undermined, posing a risk to national security and American industry competitiveness. The Bureau of Industry and Security (BIS) is urged to address this gap directly to prevent circumvention of restrictions on China's access to advanced computing capabilities.",0.038642,Neutral,0.321321,0.023542,Neutral
20260609T173936,TSM,Taiwan Semiconductor,Taiwan Semiconductor Manufacturing Co Ltd Stock (TSM) Moved Down by 4.10% on Jun 9: What Signal Does It Send?,TradingKey,https://www.tradingkey.com/news/market-movers/261956323-market-movers-tsm-20260609,"Taiwan Semiconductor Manufacturing Co Ltd (TSM) stock dropped by 4.10% due to emerging geopolitical risks, specifically stricter U.S. regulations on chip exports to Chinese subsidiaries, and ongoing valuation concerns. Despite strong first",-0.2661,Somewhat-Bearish,1.000000,-0.402935,Bearish
20260609T220909,TSM,Taiwan Semiconductor,TSMC: World’s largest chipmaker does not rule out price rises as costs increase,BBC,https://www.bbc.com/news/articles/ce3ez4zzzlvo,"Taiwan Semiconductor Manufacturing Company (TSMC), the world's largest chipmaker, stated that increasing inflation is driving up operational costs, and they have not ruled out potential price increases. While Chief Financial Officer Wendell Huang emphasized their ""technology leadership"" and ""manufacturing excellence"" and denied sudden, drastic price hikes, he acknowledged rising costs. The company CEO CC Wei has also expressed a desire to raise prices, similar to competitors, as demand for AI chips continues to surge and the company faces pressure to expand and keep up with customer demand.",0.030185,Neutral,0.306268,0.022158,Neutral
20260610T160909,TSM,Taiwan Semiconductor,TSMC reports record revenue of NT$417 billion,Taipei Times,https://www.taipeitimes.com/News/biz/archives/2026/06/11/2003858876,"Taiwan Semiconductor Manufacturing Co (TSMC) reported a record NT$416.975 billion (US$13.17 billion) in revenue for the last month, surpassing its March record and indicating it is on track for a record quarterly revenue. This strong performance, driven by robust demand for AI and computing, positions the company to meet its second-quarter guidance. Despite the record revenue, TSMC's CEO noted that global chip supply would still fall short of demand for years to come.",0.261149,Somewhat-Bullish,1.000000,0.428638,Bullish
20260610T170909,TSM,Taiwan Semiconductor,TSMC And Two AI Trade Stocks Reshaping Critical Supply Chains,Simply Wall Street,https://simplywall.st/stocks/tw/semiconductors/twse-2330/taiwan-semiconductor-manufacturing-shares/news/tsmc-and-two-ai-trade-stocks-reshaping-critical-supply-chain,"This article examines how global shifts like surging AI trade, tariffs, and competition for critical minerals are impacting supply chains, focusing on three stocks: Taiwan Semiconductor Manufacturing (TSMC), BHP Group, and Alibaba Group Holding. TSMC is highlighted for its central role in AI chip production despite geopolitical risks, BHP for its critical mineral portfolio essential for electrification, and Alibaba for facing headwinds from trade fragmentation despite its AI and cloud investments.",0.27135,Somewhat-Bullish,0.926852,0.324774,Somewhat-Bullish
20260610T170909,TSM,Taiwan Semiconductor,Taiwan Semiconductor Manufacturing Co Ltd Stock (TSM) Moved Down by 3.33% on Jun 10: What Signal Does It Send?,TradingKey,https://www.tradingkey.com/news/market-movers/261959155-market-movers-tsm-20260610,"Taiwan Semiconductor Manufacturing Co Ltd (TSM) stock declined by 3.33% on June 10, impacted by a broader sector downturn in AI and semiconductor stocks, profit-taking, and conservative AI chip demand outlook from Broadcom. Geopolitical tensions, including potential tighter export controls to China and US regulatory pressures, also contribute to the uncertainty. Despite these headwinds, TSM reported strong financial performance for May 2026 with over 30% year-on-year revenue growth.",-0.195446,Somewhat-Bearish,1.000000,-0.263070,Somewhat-Bearish
20260611T000959,TSM,Taiwan Semiconductor,Taiwan Semiconductor Manufacturing Co Ltd (TSM) Shares Fall 4.5% -- GF Value Says Still Overvalued,GuruFocus,https://www.gurufocus.com/news/8910741/taiwan-semiconductor-manufacturing-co-ltd-tsm-shares-fall-45-gf-value-says-still-overvalued?mobile=true,"Shares of Taiwan Semiconductor Manufacturing Co Ltd (TSM) fell 4.5% to $408.75 on June 10, 2026. Despite its strong GF Score™ of 94/100, GuruFocus's GF Value™ indicates TSM is significantly overvalued by 40.4%, trading above its intrinsic value of $291.19. Insider selling has also increased, suggesting caution for potential investors due to the current high valuation.",-0.409977,Bearish,1.000000,-0.428900,Bearish
20260611T010959,TSM,Taiwan Semiconductor,Scoop: Republican lawmakers challenge TSMC's Washington clout,Axios,https://www.axios.com/2026/06/10/republicans-patents-semiconductors-chips-tsmc,"A group of Republican lawmakers has urged the U.S. International Trade Commission (ITC) to enforce U.S. patent rights against Taiwan Semiconductor Manufacturing Co. (TSMC), escalating a debate over whether the top chip manufacturer should receive special considerations due to its critical role in the global AI chip supply. This move counters an earlier effort by Arizona Democrats who warned against actions that could disrupt semiconductor production and AI development. The conflict highlights a brewing test of how America's dependence on TSMC might influence policy disputes involving the company, with an initial determination from the ITC expected this month.",0.069062,Neutral,1.000000,0.046515,Neutral
20260611T090959,TSM,Taiwan Semiconductor,COMMENTARY: Trump’s kowtow to China on Taiwan risks tech disaster for the US and the world,Jefferson City News Tribune,https://www.newstribune.com/news/2026/jun/11/commentary-trumps-kowtow-to-china-on-taiwan-risks/,"This article argues that former President Donald Trump's perceived weakening stance on Taiwan, particularly concerning arms sales and defense commitments, poses a significant threat to global technology and the U.S.'s dominance in AI. Taiwan, specifically TSMC, produces 90% of the world's most advanced semiconductor chips, a critical component for AI development. A Chinese takeover of Taiwan would lead to an economic disaster far exceeding other global disruptions and severely impede U.S. efforts to onshore chip production due to high costs and a lack of skilled labor.",0.039929,Neutral,0.339643,0.018552,Neutral
20260611T103852,TSM,Taiwan Semiconductor,Taiwan Semiconductor Manufacturing Company Ltd. $TSM Shares Sold by Saturna Capital Corp,MarketBeat,https://www.marketbeat.com/instant-alerts/filing-taiwan-semiconductor-manufacturing-company-ltd-tsm-shares-sold-by-saturna-capital-corp-2026-06-11/,"Saturna Capital Corp decreased its stake in Taiwan Semiconductor Manufacturing Company (TSM) by 4.6% in the fourth quarter, though TSM remains its largest holding. Other institutional investors showed mixed activity, with some buying and others creating new positions. Despite the sale, TSMC continues to demonstrate strong operational performance, with significant revenue growth driven by AI and high-performance computing demand, and has increased its quarterly dividend.",0.20479,Somewhat-Bullish,0.985227,0.283612,Somewhat-Bullish
20260611T113852,TSM,Taiwan Semiconductor,Taiwan Export Review Puts TSMC AI Chip Growth And Valuation In Focus,Simply Wall Street,https://simplywall.st/stocks/us/semiconductors/nyse-tsm/taiwan-semiconductor-manufacturing/news/taiwan-export-review-puts-tsmc-ai-chip-growth-and-valuation,"Taiwan is considering stricter export controls on advanced AI chips to China, which could significantly impact TSMC's access to Chinese customers and global supply chains. This review is critical given TSMC's central role in high-end AI chip production, and investors are closely watching how these potential policy changes might affect the company's valuation and customer mix. The stock is currently trading below analyst targets but above Simply Wall St's fair value estimate, with muted recent price action amidst policy headlines.",-0.217134,Somewhat-Bearish,1.000000,-0.208998,Somewhat-Bearish
20260611T133000,TSM,Taiwan Semiconductor,Should You Buy Taiwan Semiconductor Manufacturing Company (TSM)?,Insider Monkey,https://www.insidermonkey.com/blog/should-you-buy-taiwan-semiconductor-manufacturing-company-tsm-1779874/?amp=1,"Taiwan Semiconductor Manufacturing Company (TSM) is highlighted as a critical firm in the semiconductor industry, with its shares significantly up over the past year. The company recently formed a strategic deal with NVIDIA, agreeing to use NVIDIA's technologies to enhance its chip manufacturing processes. Despite TSM's strong performance and position, the article suggests that other AI stocks might offer higher returns in a shorter timeframe.",0.392518,Bullish,1.000000,0.479225,Bullish
20260611T233926,TSM,Taiwan Semiconductor,Taiwan's Critical Technologies at a Critical Moment,想想論壇,https://www.thinkingtaiwan.net/article/100377,"Taiwan has emerged as a global leader in semiconductors due to decades of strategic planning, a robust industrial ecosystem, and strong ties with democratic partners. This article highlights Taiwan's pivotal role in the global high-tech economy, particularly with the rise of AI, and its successful transformation into a critical technology hub. It also discusses Taiwan's ongoing efforts to diversify its trade and financial partnerships and grow its financial sector to support future industrial expansion.",0.694083,Bullish,1.000000,0.826546,Bullish
20260612T083926,TSM,Taiwan Semiconductor,"Colonial Trust Co SC Buys 4,137 Shares of Taiwan Semiconductor Manufacturing Company Ltd. $TSM",MarketBeat,https://www.marketbeat.com/instant-alerts/filing-colonial-trust-co-sc-buys-4137-shares-of-taiwan-semiconductor-manufacturing-company-ltd-tsm-2026-06-12/,"Colonial Trust Co SC has increased its stake in Taiwan Semiconductor Manufacturing Company Ltd. (NYSE:TSM) by 49.7% in the fourth quarter, purchasing an additional 4,137 shares and bringing its total holding to 12,464 shares, valued at approximately $3.79 million. This move reflects a broader trend of strong institutional interest in TSMC, with 16.51% of the stock now owned by institutions. Analyst sentiment remains largely positive, and the company recently announced a higher quarterly dividend of $1.1136 per share.",0.307219,Somewhat-Bullish,1.000000,0.407446,Bullish
20260612T094126,TSM,Taiwan Semiconductor,Sumitomo Mitsui Financial Group Inc. Purchases New Holdings in Taiwan Semiconductor Manufacturing Company Ltd. $TSM,MarketBeat,https://www.marketbeat.com/instant-alerts/filing-sumitomo-mitsui-financial-group-inc-purchases-new-holdings-in-taiwan-semiconductor-manufacturing-company-ltd-tsm-2026-06-12/,"Sumitomo Mitsui Financial Group Inc. has acquired a new stake of 1,230 shares in Taiwan Semiconductor Manufacturing Company Ltd. (TSM), valued at approximately $370,000, during the fourth quarter. This move comes as institutional investors increase their holdings in TSM, with hedge funds and institutions now owning 16.51% of the stock. Taiwan Semiconductor Manufacturing continues to benefit from strong AI-related demand, reporting a 30% year-over-year revenue increase in May and maintaining a ""Buy"" consensus rating from analysts.",0.304569,Somewhat-Bullish,1.000000,0.496872,Bullish
20260612T140914,TSM,Taiwan Semiconductor,Harvard Increases Stake in Taiwan Semiconductor (TSM),Let's Data Science,https://letsdatascience.com/news/harvard-increases-stake-in-taiwan-semiconductor-tsm-47d5cec6,"Harvard Management significantly increased its holdings in Taiwan Semiconductor Manufacturing Co. (TSM) to 686,796 shares valued at $232.1 million as of Q1 2026, making it Harvard's largest equity position. This move comes as TSMC reports strong Q1 revenue growth and anticipates over 30% full-year revenue growth, despite delaying the deployment of advanced ASML lithography tools due to cost concerns. The institutional investment highlights increased investor confidence in AI chip infrastructure, though practitioners should note potential risks related to node availability and yield trajectories.",0.300794,Somewhat-Bullish,1.000000,0.347602,Somewhat-Bullish
20260613T010914,TSM,Taiwan Semiconductor,Taiwan's Critical Technologies at a Critical Moment,想想論壇,https://www.thinkingtaiwan.net/content/100377,"Taiwan has strategically built itself into the world's leading semiconductor hub over decades, becoming critical for global technological innovation and democratic supply chain resilience. As artificial intelligence reshapes the global economy, Taiwan's semiconductor industry is now a strategic asset. The article suggests that Taiwan's next phase of transformation involves leveraging its technological leadership to develop competitive financial and investment capabilities to support a new era of industrial realignment.",0.644648,Bullish,1.000000,0.844636,Bullish
20260613T050914,TSM,Taiwan Semiconductor,US Patent Fight Puts TSMC Valuation And US Chip Supply In Focus,Simply Wall Street,https://simplywall.st/stocks/us/semiconductors/nyse-tsm/taiwan-semiconductor-manufacturing/news/us-patent-fight-puts-tsmc-valuation-and-us-chip-supply-in-fo,"A patent dispute involving Taiwan Semiconductor Manufacturing (TSMC) is drawing attention from US congressional Republicans, who are urging the International Trade Commission to enforce US patent rights. The case centers on allegations that TSMC chips infringe on patents held by Longitude Licensing and Marlin Semiconductor. This dispute highlights how intellectual property rules interact with global semiconductor supply, potentially impacting TSMC's relationships with US customers and cross-border chip flows.",0.081056,Neutral,1.000000,-0.209868,Somewhat-Bearish
20260613T101009,TSM,Taiwan Semiconductor,Taiwan Semiconductor Manufacturing Company Ltd. $TSM is Marcho Partners LLP's Largest Position,MarketBeat,https://www.marketbeat.com/instant-alerts/filing-taiwan-semiconductor-manufacturing-company-ltd-tsm-is-marcho-partners-llps-largest-position-2026-06-13/,"Marcho Partners LLP, despite trimming its stake by 35.2% in Q4, still holds Taiwan Semiconductor Manufacturing Company (TSM) as its largest position, comprising 22.8% of its portfolio with a value of $37.5 million. TSM demonstrated strong financial performance, including $3.11 EPS and $30.65 billion in quarterly revenue, while analysts anticipate $15.3 EPS for the current fiscal year. The company also increased its quarterly dividend to $1.1136 per share, and Wall Street maintains a ""Buy"" rating with a consensus price target of $404.29, reflecting bullish sentiment despite concerns about talent shortages and water availability in Taiwan.",0.328985,Somewhat-Bullish,1.000000,0.518107,Bullish
20260613T101009,TSM,Taiwan Semiconductor,Storgate LLC Invests $2.70 Million in Taiwan Semiconductor Manufacturing Company Ltd. $TSM,MarketBeat,https://www.marketbeat.com/instant-alerts/filing-storgate-llc-invests-270-million-in-taiwan-semiconductor-manufacturing-company-ltd-tsm-2026-06-13/,"Storgate LLC has acquired a new stake in Taiwan Semiconductor Manufacturing Company Ltd. (TSM) worth $2.7 million, making it their third-largest holding. Institutional interest in TSM remains high, with several other hedge funds also increasing their positions in the company. Analysts maintain a ""Buy"" rating for TSM with an average target price of $404.29, despite concerns about talent shortages and water availability in Taiwan impacting production growth.",0.229005,Somewhat-Bullish,0.998540,0.319602,Somewhat-Bullish
20260614T073906,TSM,Taiwan Semiconductor,Taiwan Semiconductor Manufacturing Company Ltd. $TSM Stock Holdings Decreased by Analog Century Management LP,MarketBeat,https://www.marketbeat.com/instant-alerts/filing-taiwan-semiconductor-manufacturing-company-ltd-tsm-stock-holdings-decreased-by-analog-century-management-lp-2026-06-14/,"Analog Century Management LP has decreased its holdings in Taiwan Semiconductor Manufacturing Company Ltd. (NYSE:TSM) by 2.8% in the fourth quarter, selling 11,330 shares and now owning 394,038 shares valued at $119.7 million. Several other institutional investors also adjusted their TSM holdings, while analyst ratings show a consensus ""Buy"" for the stock. TSMC is seeing both positive sentiment due to its central role in AI chip manufacturing and neutral/negative sentiment regarding potential capacity constraints and talent/water shortages.",0.021128,Neutral,0.310974,0.027240,Neutral
20260614T073906,TSM,Taiwan Semiconductor,Taiwan Semiconductor Manufacturing Company Ltd. $TSM is Brown Advisory Inc.'s 6th Largest Position,MarketBeat,https://www.marketbeat.com/instant-alerts/filing-taiwan-semiconductor-manufacturing-company-ltd-tsm-is-brown-advisory-incs-6th-largest-position-2026-06-14/,"Brown Advisory Inc. has slightly reduced its stake in Taiwan Semiconductor Manufacturing (TSM) by 1.7% in Q4, but TSM remains its sixth-largest holding, valued at $1.97 billion. Insider trading showed mixed activity, with a VP buying shares and another selling a significant amount, though corporate insiders collectively bought a net 3,496 shares. The company continues to see strong analyst and market confidence due to AI-related demand, a recent dividend increase, and positive sentiment from industry leaders like Nvidia's CEO and Harvard Management's investment.",0.16918,Somewhat-Bullish,1.000000,0.343299,Somewhat-Bullish
20260614T083906,TSM,Taiwan Semiconductor,Taiwan Semiconductor Manufacturing Company Ltd. $TSM Holdings Trimmed by Evelyn Partners Investment Management LLP,MarketBeat,https://www.marketbeat.com/instant-alerts/filing-taiwan-semiconductor-manufacturing-company-ltd-tsm-holdings-trimmed-by-evelyn-partners-investment-management-llp-2026-06-14/,"Evelyn Partners Investment Management LLP reduced its stake in Taiwan Semiconductor Manufacturing Company Ltd. (TSM) by 9.0% in the fourth quarter, though the stock remains its sixth-largest holding. Despite this trimming, TSMC continues to demonstrate strong financial performance and is viewed favorably due to its central role in AI chip production, reflected in positive analyst sentiment and increased dividend payouts. However, concerns regarding capacity, talent shortages, and water availability in Taiwan present potential operational risks.",0.178166,Somewhat-Bullish,1.000000,0.265333,Somewhat-Bullish
20260614T083906,TSM,Taiwan Semiconductor,Dockside LLC Acquires New Shares in Taiwan Semiconductor Manufacturing Company Ltd. $TSM,MarketBeat,https://www.marketbeat.com/instant-alerts/filing-dockside-llc-acquires-new-shares-in-taiwan-semiconductor-manufacturing-company-ltd-tsm-2026-06-14/,"Dockside LLC has acquired 12,696 new shares of Taiwan Semiconductor Manufacturing Company Ltd. (NYSE:TSM) during the fourth quarter, valued at approximately $3.86 million, making it their 22nd largest holding. Other institutional investors also adjusted their positions in TSM, with several funds buying new stakes or increasing their holdings. The company recently increased its quarterly dividend and received mostly ""Buy"" ratings from Wall Street analysts, despite concerns about talent shortages and water availability potentially limiting production growth.",0.448302,Bullish,1.000000,0.446236,Bullish
20260614T093906,TSM,Taiwan Semiconductor,"Knollwood Investment Advisory LLC Acquires 3,664 Shares of Taiwan Semiconductor Manufacturing Company Ltd. $TSM",MarketBeat,https://www.marketbeat.com/instant-alerts/filing-knollwood-investment-advisory-llc-acquires-3664-shares-of-taiwan-semiconductor-manufacturing-company-ltd-tsm-2026-06-14/,"Knollwood Investment Advisory LLC increased its stake in Taiwan Semiconductor Manufacturing Company Ltd. ($TSM) by 24.9% in the fourth quarter, acquiring an additional 3,664 shares to bring its total holdings to 18,380 shares valued at $5.6 million. The company continues to see positive sentiment due to its role in AI infrastructure, with analysts maintaining a ""Buy"" rating and a consensus price target of $404.29. Recent news also includes a dividend increase and insider transactions, alongside ongoing discussions about AI demand and potential supply constraints.",0.234684,Somewhat-Bullish,1.000000,0.469470,Bullish
20260614T103906,TSM,Taiwan Semiconductor,"1,429 Shares in Taiwan Semiconductor Manufacturing Company Ltd. $TSM Purchased by Global Endowment Management LP",MarketBeat,https://www.marketbeat.com/instant-alerts/filing-1429-shares-in-taiwan-semiconductor-manufacturing-company-ltd-tsm-purchased-by-global-endowment-management-lp-2026-06-14/,"Global Endowment Management LP recently acquired 1,429 shares of Taiwan Semiconductor Manufacturing Company Ltd. (TSM), valued at approximately $434,000, initiating a new position in the semiconductor giant. TSMC continues to demonstrate strong financial performance with positive earnings and a raised quarterly dividend, while analysts maintain a ""Buy"" consensus. The company faces both opportunities from AI demand and challenges such as talent shortages and water availability in Taiwan.",0.003817,Neutral,0.325958,0.022101,Neutral
20260615T140946,TSM,Taiwan Semiconductor,Taiwan Semiconductor Manufacturing Co Ltd Stock (TSM) Opened Up by 3.74% on Jun 15: What Signal Does It Send?,TradingKey,https://www.tradingkey.com/news/market-movers/261967877-market-movers-tsm-20260615,"Taiwan Semiconductor Manufacturing Co Ltd (TSM) shares opened up 3.74% on June 15, driven by strong demand for AI chips, robust financial performance including a significant year-over-year revenue increase in May, and positive analyst sentiment. Despite some concerns about valuation and geopolitical risks, the company's aggressive capacity expansion and integral role in advanced chip production underpin a bullish outlook. Technical indicators suggest neutral to oversold conditions, while fundamental analysis highlights strong revenue and profit rankings within the Technology Equipment industry.",0.360139,Bullish,1.000000,0.408963,Bullish
20260615T160946,TSM,Taiwan Semiconductor,Program offers semiconductor courses in summer,Taipei Times,https://www.taipeitimes.com/News/taiwan/archives/2026/06/16/2003859184,"National Yang Ming Chiao Tung University and Taiwan Semiconductor Manufacturing Co (TSMC) have partnered to offer semiconductor-focused summer courses to 760 students. The program aims to provide foundational knowledge and skills in semiconductor engineering, allowing students to gain industry exposure and accelerate their academic progress. The curriculum includes nine courses, designed and reviewed by industry experts and university faculty, and registration will be open to students across Taiwan.",0.001294,Neutral,0.300279,0.034466,Neutral
20260616T022700,TSM,Taiwan Semiconductor,"Taiwan Semiconductor Manufacturing Company Limited (TSM)’s CEO Expresses Concern About Water, Talent Shortages",Insider Monkey,https://www.insidermonkey.com/blog/taiwan-semiconductor-manufacturing-company-limited-tsms-ceo-expresses-concern-about-water-talent-shortages-1782235/,"The CEO of Taiwan Semiconductor Manufacturing Company (TSM) has raised concerns about ongoing water and talent shortages, despite government plans to address water supply through reservoir linking. He emphasized that the lack of skilled workers is the most critical challenge for the company. Taiwan's President Lai Ching-te acknowledged these issues, outlining efforts to attract and retain foreign talent and ease work permit applications.",0.108842,Neutral,1.000000,0.108904,Neutral
20260616T143917,TSM,Taiwan Semiconductor,Taiwan Semiconductor VP Makes $75K Stock Purchase,Benzinga,https://www.benzinga.com/insights/news/26/06/53227145/taiwan-semiconductor-vp-makes-75k-stock-purchase,"Lipen Yuan, VP at Taiwan Semiconductor (NYSE: TSM), purchased 1,000 shares worth $75,260 on June 16, indicating confidence in the company. Taiwan Semiconductor shows strong financial performance with 35.13% revenue growth and a high gross margin, alongside favorable valuation metrics like a P/E ratio below the industry average. Insider transactions, such as this purchase, are seen as a positive signal by investors.",0.331099,Somewhat-Bullish,1.000000,0.401076,Bullish
20260616T153917,TSM,Taiwan Semiconductor,TSMC’s ADRs rank No. 7 in global market cap after SpaceX surge,Taipei Times,https://www.taipeitimes.com/News/biz/archives/2026/06/17/2003859219,"Taiwan Semiconductor Manufacturing Co’s (TSMC) American depositary receipts (ADRs) are now ranked seventh in global market capitalization, falling one spot after SpaceX's shares surged following its IPO. SpaceX's market cap rose to US$2.519 trillion, overtaking TSMC, which reached US$2.289 trillion after its ADRs rose over 4 percent. Fubon Financial Holding Co disclosed that its subsidiary, Fubon Life Insurance Co, invested in SpaceX's IPO.",0.168237,Somewhat-Bullish,1.000000,0.222111,Somewhat-Bullish
20260616T172200,TSM,Taiwan Semiconductor,"TSMC Bets on Glass for CoWoS as Silicon-Mimicking Thermals Beat Organic Substrates, Yet Mass Production Stays Distant",Wccftech,https://wccftech.com/tsmc-bets-on-glass-for-cowos-as-silicon-mimicking-thermals-beat-organic-substrates-yet-mass-production-stays-distant/,"TSMC is actively developing glass substrates for its advanced CoWoS packaging technology, aiming to improve thermal management and reduce warpage for high-performance computing (HPC) chips. While initial tests show significant advantages over organic substrates in critical performance indicators, mass production is still a considerable distance away due to challenges like conductivity. The company plans to integrate glass initially into CoWoS technology, deeming it suitable for next-generation AI GPUs despite the complexities involved.",0.191863,Somewhat-Bullish,0.969997,0.260026,Somewhat-Bullish
20260616T203917,TSM,Taiwan Semiconductor,This is What Taiwan Semiconductor Manufacturing Company Limited (TSM) CEO Sees Happening,Insider Monkey,https://www.insidermonkey.com/blog/this-is-what-taiwan-semiconductor-manufacturing-company-limited-tsm-ceo-sees-happening-1782420/,"The CEO of Taiwan Semiconductor Manufacturing Company Limited (TSM), C.C. Wei, highlighted the immense AI-driven demand for semiconductor chips and TSMC's efforts to expand production capacity to avoid being a bottleneck in the AI supply chain. The company plans significant investments, including building new factories in the US, and sees robots and autonomous vehicles as key long-term growth drivers. TSMC, the world's largest chip foundry, may also increase prices due to rising component costs.",0.016228,Neutral,0.341751,0.000229,Neutral
20260616T203917,TSM,Taiwan Semiconductor,Taiwan Semiconductor Manufacturing Co Ltd Stock (TSM) Closed Down by 3.42% on Jun 16: Key Drivers Unveiled,TradingKey,https://www.tradingkey.com/news/market-movers/261971290-market-movers-tsm-20260616,"Taiwan Semiconductor Manufacturing Co Ltd (TSM) stock closed down by 3.42% on June 16, driven by profit-taking, concerns over high valuation, and potential competition from Samsung in AI chip production. Analysts also highlighted that expanding overseas fabrication facilities and the transition to newer process technologies are expected to temporarily dilute gross profit margins. The broader semiconductor sector's recent guidance misses and geopolitical risks further contributed to the downward pressure on TSM.",-0.399489,Bearish,1.000000,-0.428766,Bearish
20260616T223917,TSM,Taiwan Semiconductor,Taiwan Semiconductor Manufacturing (NYSE:TSM) And Amkor Sign 10 Year Arizona Packaging Deal,Yahoo Finance,https://finance.yahoo.com/markets/stocks/articles/taiwan-semiconductor-manufacturing-nyse-tsm-221240387.html,"Taiwan Semiconductor Manufacturing (TSMC) and Amkor have signed a 10-year partnership to expand advanced semiconductor packaging in Arizona, aiming to strengthen the U.S. supply chain and support major chip clients. This collaboration is part of TSMC's broader strategy to diversify its production footprint outside Asia, especially for high-performance AI customers. The deal presents both opportunities, like closer proximity to U.S. chip designers and addressing packaging bottlenecks, and risks, such as complex execution and potentially higher costs.",0.335939,Somewhat-Bullish,1.000000,0.499384,Bullish
20260617T020956,TSM,Taiwan Semiconductor,Taiwan Semiconductor Manufacturing (NYSE:TSM) Signs 10 Year Arizona Chip Packaging Deal With Amkor,Simply Wall Street,https://simplywall.st/stocks/us/semiconductors/nyse-tsm/taiwan-semiconductor-manufacturing/news/taiwan-semiconductor-manufacturing-nysetsm-signs-10-year-ari/amp,"Taiwan Semiconductor Manufacturing (TSMC) has signed a 10-year chip packaging deal with Amkor Technology to expand advanced packaging capacity in Arizona, strengthening the U.S. semiconductor supply chain for AI and high-performance computing. This partnership supports TSMC's Arizona facilities and aims to localize more of the chip value chain. While the stock has seen significant returns, investors will be monitoring the execution and impact on margins, especially given the current valuation.",0.208309,Somewhat-Bullish,1.000000,0.433929,Bullish
20260617T143859,TSM,Taiwan Semiconductor,Taiwan Semiconductor Manufacturing (NYSE:TSM) Signs 10 Year Arizona Chip Packaging Deal With Amkor,Simply Wall Street,https://simplywall.st/stocks/us/semiconductors/nyse-tsm/taiwan-semiconductor-manufacturing/news/taiwan-semiconductor-manufacturing-nysetsm-signs-10-year-ari,"Taiwan Semiconductor Manufacturing (TSMC) has entered a 10-year partnership with Amkor Technology to expand advanced chip packaging capabilities in Arizona. This collaboration aims to strengthen the U.S. semiconductor supply chain, particularly for high-performance computing and AI applications, by localizing packaging services for chips produced at TSMC's Arizona fabs. The deal is seen as a crucial step for TSMC’s U.S. presence, with investors now watching its execution given the company's high valuation and strong past returns.",0.316069,Somewhat-Bullish,1.000000,0.484374,Bullish
20260617T160852,TSM,Taiwan Semiconductor,Taiwan Semi Price Prediction and Forecast 2026–2030: How Much Upside Ahead?,24/7 Wall St.,https://247wallst.com/investing/2026/06/17/taiwan-semi-price-prediction-and-forecast-2026-2030-how-much-upside-ahead/,"Taiwan Semiconductor Manufacturing (TSM) has seen significant growth, with shares up nearly 100% in the past year, driven by high demand for AI chips. While challenges like competition and geopolitical risks exist, factors such as NVIDIA partnership, 2nm mass production, and U.S. investment could propel TSM to a $700 share price by 2030. Reaching this target would require a 64.4% gain and continued EPS compounding above 20% annually.",0.432191,Bullish,1.000000,0.412868,Bullish
20260617T161500,TSM,Taiwan Semiconductor,Taiwan Semiconductor Manufacturing Co Ltd Stock (TSM) Moved Up by 3.01% on Jun 17: Drivers Behind the Movement,TradingKey,https://www.tradingkey.com/news/market-movers/261973655-market-movers-tsm-20260617,"Taiwan Semiconductor Manufacturing Co Ltd (TSM) saw a 3.01% stock increase on June 17, driven by strong technology sector momentum, high demand for AI infrastructure, and a strategic partnership with Amkor Technology to expand advanced semiconductor packaging in Arizona. While broad market optimism and the strengthening U.S. supply chain fueled investor confidence, the stock experienced intraday volatility and faces risks from patent litigation, client diversification to competitors, and potential resource shortages. Technical indicators suggest a neutral market condition, despite the day's gains.",0.232773,Somewhat-Bullish,1.000000,0.434938,Bullish
20260618T125751,TSM,Taiwan Semiconductor,"SpaceX Joins Nvidia, Alphabet, Apple, Microsoft, Amazon, and Taiwan Semiconductor in the $2 Trillion Club. But Will It Last?",The Motley Fool,https://www.fool.com/investing/2026/06/18/spacex-stock-trillion-club-nvidia-alphabet-apple/,"SpaceX recently held its IPO, achieving a $2.11 trillion market capitalization and joining several tech giants in the $2 trillion club. Despite this impressive valuation, driven by high demand and limited share availability, the S&P Dow Jones Indices has decided against fast-tracking its inclusion into the S&P 500, signaling potential concerns about its current valuation. While the company has massive growth potential in aerospace, satellites, and AI, investors are advised to be cautious due to initial IPO hype and wait for market stabilization.",0.175894,Somewhat-Bullish,0.702306,0.104278,Neutral
20260618T141042,TSM,Taiwan Semiconductor,Forget Strategy: Why Taiwan Semiconductor Is the Ultimate No-Nonsense Play for a Volatile Market,24/7 Wall St.,https://247wallst.com/investing/2026/06/18/forget-strategy-why-taiwan-semiconductor-is-the-ultimate-no-nonsense-play-for-a-volatile-market/,"This article argues that Taiwan Semiconductor Manufacturing (TSM) is a superior investment compared to MicroStrategy (MSTR), particularly in a volatile market. It highlights TSM's strong fundamentals, including high profit margins, impressive EPS growth, and strategic government support, contrasting them with MSTR's significant Q1 2026 loss driven by Bitcoin investments and continuous shareholder dilution. The author emphasizes TSM's role in manufacturing leading-edge AI chips and its reliable dividend, positioning it as a sound choice for long-term investors.",0.822541,Bullish,0.996725,0.806794,Bullish
20260618T141043,TSM,Taiwan Semiconductor,Taiwan Semiconductor Manufacturing Co Ltd Stock (TSM) Moved Up by 3.52% on Jun 18: A Full Analysis,TradingKey,https://www.tradingkey.com/news/market-movers/261976334-market-movers-tsm-20260618,"Taiwan Semiconductor Manufacturing Co Ltd (TSM) saw a 3.52% increase in its stock price, driven by strategic execution and high demand in high-performance computing and AI sectors. Key factors include a 10-year advanced packaging agreement with Amkor Technology and deepened collaboration with Nvidia for AI integration in fabrication. Management projects over thirty percent revenue growth for 2026, despite potential risks like patent litigation and capacity bottlenecks.",0.315798,Somewhat-Bullish,1.000000,0.420050,Bullish
20260618T151042,TSM,Taiwan Semiconductor,Why Taiwan’s Semiconductor Success Is About Much More Than TSMC,Global Taiwan Institute,https://globaltaiwan.org/2026/06/taiwans-semiconductor-success-more-than-tsmc/,"Taiwan's semiconductor industry dominance extends far beyond TSMC, rooted in a comprehensive ecosystem that encompasses design, advanced manufacturing, and critical backend processes like assembly, testing, and packaging. This success is underpinned by strategic government investment in technology clusters like Hsinchu Science Park, a diversified supply chain, and robust partnerships between firms and universities to cultivate a high-skilled workforce. These integrated elements collectively position Taiwan as the indispensable backbone of the global AI infrastructure.",0.339326,Somewhat-Bullish,1.000000,0.508166,Bullish
20260618T161043,TSM,Taiwan Semiconductor,SpaceX Surges Past Taiwan Semiconductor to Become the World's 6th Most Valuable Company. Is It Too Late to Buy?,The Motley Fool,https://www.fool.com/investing/2026/06/18/spacex-market-cap-taiwan-semiconductor-ipo-stock/,"SpaceX has surged to become the world's sixth most valuable company after its IPO, surpassing Taiwan Semiconductor. Despite currently being unprofitable, its high valuation is based on aggressive future growth projections, particularly in AI and orbital data centers. While early investors may sell shares in August, the article suggests that for most investors, it might be prudent to wait for more market normalization and clearer signs of its ambitious plans materializing before buying.",0.224854,Somewhat-Bullish,0.940809,0.105425,Neutral
20260618T161043,TSM,Taiwan Semiconductor,Trump says Apple will manufacture chips in US with Intel,The American Bazaar,https://americanbazaaronline.com/2026/06/18/trump-says-apple-will-manufacture-chips-in-us-with-intel-483051/,"President Donald Trump announced that Apple has agreed to partner with Intel Corporation to design and manufacture semiconductors in the United States, a move he says will boost domestic manufacturing. This partnership is part of a larger White House initiative to revitalize American silicon manufacturing and reduce reliance on overseas production. Intel's shares saw a significant jump of 9% in premarket trading following Trump's announcement, while Apple's shares rose by 0.6%.",0.310206,Somewhat-Bullish,1.000000,-0.295669,Somewhat-Bearish
20260618T191043,TSM,Taiwan Semiconductor,"2330 Stock 12‑Month Price Target Raised to TWD 2726.15, Implies 14% Upside",TradingView,https://www.tradingview.com/news/tradingview:57172252aa4a4:0-2330-stock-12-month-price-target-raised-to-twd-2726-15-implies-14-upside/,"The average 12-month price target for Taiwan Semiconductor Manufacturing Co., Ltd. (2330) stock has been raised to TWD 2726.15 from TWD 2701, implying a 14% potential upside from its June 17 closing price. This updated target is based on estimates from 33 analysts, with a consensus ""Buy"" rating across 48 analysts.",0.482573,Bullish,1.000000,0.481298,Bullish
20260619T150923,TSM,Taiwan Semiconductor,Here Is the 1 Dirt-Cheap Semiconductor Titan I Keep Loading Up on Repeat,24/7 Wall St.,https://247wallst.com/investing/2026/06/19/here-is-the-1-dirt-cheap-semiconductor-titan-i-keep-loading-up-on-repeat/,"The author is repeatedly investing in Taiwan Semiconductor Manufacturing (NYSE: TSM) due to its essential role in advanced chip production, its strong financial performance, and favorable future outlook. Despite current geopolitical risks and stock market lags compared to the broader semiconductor sector, TSM's aggressive expansion plans in various countries and projected high growth in AI accelerator revenue make it an attractive investment. The company's consistent earnings beats and low forward P/E ratio further support the author's conviction.",0.364561,Bullish,0.980471,0.814028,Bullish
20260619T230922,TSM,Taiwan Semiconductor,Taiwan Semiconductor Manufacturing: A Strong Contender in the Chip Industry,The Globe and Mail,https://www.theglobeandmail.com/investing/markets/stocks/TSM/pressreleases/2562171/taiwan-semiconductor-manufacturing-a-strong-contender-in-the-chip-industry/,"This article highlights Taiwan Semiconductor Manufacturing (NYSE: TSM) as a strong contender in the chip industry, encouraging readers to explore insights from Motley Fool analysts. It also promotes the Motley Fool's Stock Advisor service, citing impressive past returns of recommended stocks like Netflix and Nvidia, though TSM was not among their latest top 10 picks.",0.244478,Somewhat-Bullish,0.991286,0.267824,Somewhat-Bullish
20260620T134722,TSM,Taiwan Semiconductor,Taiwan Semiconductor Manufacturing Co Ltd Stock (TSM) Opened Up by 6.86% on Jun 20: What Signal Does It Send?,TradingKey,https://www.tradingkey.com/news/market-movers/261978923-market-movers-tsm-20260620,"Taiwan Semiconductor Manufacturing Co Ltd (TSM) saw its stock open up by 6.86% driven by strong demand for advanced AI chips, enhanced pricing power for its three-nanometer nodes, and strategic expansions in CoWoS packaging. The company projects increased full-year revenue growth and capital expenditure, despite facing risks such as patent litigation, potential revenue misses, and geopolitical headwinds. Analysts have rated TSM as a Buy, with an average price target of $458.87.",0.347089,Somewhat-Bullish,1.000000,0.407502,Bullish
20260621T134659,TSM,Taiwan Semiconductor,Taiwan Semiconductor Manufacturing Co Ltd Stock (TSM) Opened Up by 6.86% on Jun 21: A Full Analysis,TradingKey,https://www.tradingkey.com/news/market-movers/261979609-market-movers-tsm-20260621,"Taiwan Semiconductor Manufacturing Co Ltd (TSM) saw its stock open up by 6.86% on June 21, driven by strong May revenue growth fueled by AI demand and increased full-year revenue projections. The company's strategic partnership with Amkor Technology to expand advanced packaging capacity in Arizona also contributed to investor confidence. Despite minor headwinds from potential U.S. patent litigation and client diversification strategies, strong insider trading signals and analyst upgrades reflect widespread market confidence in TSMC's role in the global AI revolution.",0.230012,Somewhat-Bullish,1.000000,0.465819,Bullish
20260621T153946,TSM,Taiwan Semiconductor,Han Kuo-yu heads cross-party delegation on US visit,Taipei Times,https://www.taipeitimes.com/News/taiwan/archives/2026/06/22/2003859525,"Legislative Speaker Han Kuo-yu is leading a cross-party delegation from Taiwan on a six-day trip to the US, including visits to TSMC's Arizona complex and Washington. The trip aims to promote closer Taiwan-US exchanges through ""parliamentary diplomacy,"" facilitated by an invitation from a Taiwan-friendly caucus in the US Congress. The delegation, composed of lawmakers from various parties, will meet with US senators, members of the House, and senior government officials, returning on EVA Airways' inaugural direct flight from Washington to Taiwan.",0.189606,Somewhat-Bullish,1.000000,0.245331,Somewhat-Bullish
20260622T104051,TSM,Taiwan Semiconductor,Taiwan Semiconductor (TSM.US) stock underperforms peers—could it present a 'slow bull' opportunity amid the AI chip boom?,富途牛牛,https://news.futunn.com/en/post/74886668/taiwan-semiconductor-tsmus-stock-underperforms-peers-could-it-present-a,"Taiwan Semiconductor Manufacturing Company (TSM.US) has underperformed some of its peers despite a strong AI chip boom, potentially offering a ""slow bull"" opportunity. The article explores whether its valuation and position in the AI supply chain make it an attractive investment, contrasting its performance with other semiconductor companies.",0.257024,Somewhat-Bullish,1.000000,0.273988,Somewhat-Bullish
20260622T160932,TSM,Taiwan Semiconductor,"TAIEX hits new high, driven by TSMC and AI craze",Taipei Times,https://www.taipeitimes.com/News/biz/archives/2026/06/23/2003859552,"Taiwan's TAIEX stock index reached a new historical high, surging over 1,200 points, primarily propelled by contract chipmaker TSMC and widespread optimism surrounding global AI development. Chip stocks, alongside related hardware and even traditional economy sectors like petrochemicals benefiting from AI-related materials, saw significant gains, while the financial sector underperformed. Analysts predict the index could soon challenge 48,000 points as institutional investors dress up their books towards the quarter's end.",0.364098,Bullish,1.000000,0.492026,Bullish
20260622T190932,TSM,Taiwan Semiconductor,Taiwan Semiconductor Manufacturing (NYSE:TSM) Stock Could Be 15.5% Overvalued After Its Strong Run,Simply Wall Street,https://simplywall.st/stocks/us/semiconductors/nyse-tsm/taiwan-semiconductor-manufacturing/news/taiwan-semiconductor-manufacturing-nysetsm-stock-could-be-15,"Taiwan Semiconductor Manufacturing (TSM) has experienced significant stock growth recently, with a 1-year total return of 121.61%. Despite this strong performance, Simply Wall St's analysis suggests the stock might be 15.5% overvalued, with a fair value estimated at $400 compared to its current price of $462.12. This valuation is influenced by strong profit margins and ambitious growth assumptions, but geopolitical risks and customer concentration could challenge the optimistic narrative, while its P/E ratio appears lower than industry peers.",-0.217066,Somewhat-Bearish,1.000000,-0.232259,Somewhat-Bearish
20260623T101031,TSM,Taiwan Semiconductor,Future of 3D IC Technology: Key Industry Innovations,SNS Insider,https://www.snsinsider.com/blogs/3d-ic-industry,"The 3D IC market is experiencing significant growth, projected to reach USD 66.06 Billion by 2035, driven by the escalating demand for advanced performance, bandwidth, and energy efficiency in applications like AI, HPC, and 5G. This growth is fueled by innovations from key players such as TSMC, Samsung Electronics, and ASE Technology, who are advancing packaging technologies like CoWoS, SoIC, HBM, and hybrid bonding to overcome the limitations of traditional planar chip designs. These advancements enable the creation of high-performance, compact, and power-efficient computing systems crucial for future technological landscapes.",0.315643,Somewhat-Bullish,1.000000,0.455943,Bullish
20260623T141531,TSM,Taiwan Semiconductor,Taiwan Semiconductor Manufacturing Co Ltd Stock (TSM) Moved Down by 5.08% on Jun 23: Key Drivers Unveiled,TradingKey,https://www.tradingkey.com/news/market-movers/261985192-market-movers-tsm-20260623,"Taiwan Semiconductor Manufacturing Co Ltd (TSM) stock declined by 5.08% on June 23, driven by a broad market selloff, profit-taking in the technology sector, and concerns over its high valuation. Institutional investors are scrutinizing mixed sales growth and capital expenditure plans, while increased competition and regulatory risks pose near-term challenges. Despite positive credit rating outlooks, these factors collectively overshadowed TSM's fundamental strengths during the trading session.",-0.269897,Somewhat-Bearish,1.000000,-0.405996,Bearish
20260623T153914,TSM,Taiwan Semiconductor,Speaker Han Kuo-yu visits TSMC’s Arizona campus,Taipei Times,https://www.taipeitimes.com/News/taiwan/archives/2026/06/24/2003859639,"Legislative Speaker Han Kuo-yu led a cross-party delegation to TSMC's Arizona campus, meeting with CEO Ray Chuang to discuss investments, talent cultivation, and potential industrial impact on Taiwan. Chuang affirmed that TSMC's most advanced technologies and R&D will remain in Taiwan despite US investments. Han used a metaphorical story to suggest that TSMC's presence in Arizona will attract other Taiwanese industries, creating a clustering effect.",0.41235,Bullish,1.000000,0.431691,Bullish
20260624T051056,TSM,Taiwan Semiconductor,"Led by TSMC, Taiwan shares tumble after heavy U.S. tech losses",Focus Taiwan,https://focustaiwan.tw/business/202606240018,"Taiwanese shares experienced a significant drop, led by TSMC, following heavy losses in U.S. chip stocks. The Taiex index fell over 1,000 points, primarily due to profit-taking in local semiconductor stocks ahead of Micron Technology's quarterly results. Despite the downturn, analysts suggest the market movement was technical, with TSMC's fundamentals remaining strong due to the AI boom.",0.031926,Neutral,0.346822,0.034740,Neutral
20260624T064015,TSM,Taiwan Semiconductor,Taiwan Semiconductor Manufacturing Co Ltd Stock (TSM) Moved Down by 6.62% on Jun 24: Key Drivers Unveiled,TradingKey,https://www.tradingkey.com/news/market-movers/261986793-market-movers-tsm-20260624,"Taiwan Semiconductor Manufacturing Co Ltd (TSM) stock declined by 6.62% on June 24, driven by a broader semiconductor market sell-off and sector-wide profit-taking. Key factors include an ongoing U.S. ITC patent investigation threatening import bans, increasing competition as clients diversify supply chains, and financial concerns over revenue growth falling short of projections and aggressive capital expenditures. These issues, combined with wafer price increases and a high valuation, made the stock susceptible to a sharp pullback.",0.032009,Neutral,0.339398,0.015734,Neutral
20260624T124015,TSM,Taiwan Semiconductor,TSMC (NYSE:TSM) Pushes 2D Transistors And CoPoS Closer To The AI Future,Simply Wall Street,https://simplywall.st/stocks/us/semiconductors/nyse-tsm/taiwan-semiconductor-manufacturing/news/tsmc-nysetsm-pushes-2d-transistors-and-copos-closer-to-the-a,"TSMC is advancing its 2D transistor technology and CoPoS packaging to address the escalating demands of AI and high-performance computing. These innovations aim to improve transistor density, wafer utilization, and cost efficiency, helping the company maintain its leading position in chip production. While commercial timelines and financial impacts are still emerging, these developments are critical for TSMC's future competitiveness in the rapidly evolving semiconductor landscape.",0.320989,Somewhat-Bullish,1.000000,0.476655,Bullish
20260624T144015,TSM,Taiwan Semiconductor,Can Taiwan Semiconductor Shares Hit $500 Before 2026 Ends?,24/7 Wall St.,https://247wallst.com/investing/2026/06/24/can-taiwan-semiconductor-shares-hit-500-before-2026-ends/,"Taiwan Semiconductor Manufacturing (TSM) shares are currently at $436.39, up significantly year-to-date, driven by robust AI demand. CEO C.C. Wei expects over 30% full-year revenue growth for 2026. While Wall Street's average price target is $473, an internal model suggests a base case of $512, making the $500 milestone highly reachable, requiring a 14.6% gain from current levels by the end of 2026.",0.374906,Bullish,1.000000,0.438021,Bullish
20260625T191037,TSM,Taiwan Semiconductor,"In the AI Race, Export Controls Are Dividing the Global Compute Ecosystem",The National Interest,https://nationalinterest.org/blog/techland/in-the-ai-race-export-controls-are-dividing-the-global-compute-ecosystem,"The AI race is intensifying, with export controls on advanced chips dividing the global compute ecosystem into rival blocs. Taiwan's recent decision to align with US export restrictions against China, driven by strategic and commercial interests, is a pivotal moment. This geopolitical segmentation, while aiming to control AI development, risks increasing costs, fragmenting innovation, and potentially impacting stability in regions like the Taiwan Strait.",-0.051476,Neutral,0.339820,0.017459,Neutral
20260625T211037,TSM,Taiwan Semiconductor,3 Taiwan Chip Equipment Stocks Linked To Rising AI Memory Demand,Simply Wall Street,https://simplywall.st/stocks/tw/semiconductors/twse-2330/taiwan-semiconductor-manufacturing-shares/news/3-taiwan-chip-equipment-stocks-linked-to-rising-ai-memory-de,"This article highlights three Taiwanese chip equipment stocks—Taiwan Semiconductor Manufacturing (TSMC), Marketech International, and Phison Electronics—that are positioned to benefit from the current surge in AI-driven memory and storage demand. It examines each company's operations, market position, and financial health, noting both their strengths and potential risks. The piece suggests these companies are critical to advanced chip production and a potential area for investor focus amidst rising chip prices and demand for high-end devices.",0.026331,Neutral,0.333310,0.043652,Neutral
20260626T023918,TSM,Taiwan Semiconductor,"Licensable picture: Morris Chang, the founder of the Taiwan Semiconductor Manufacturing Company (TSMC) and Mark Liu, the chairman of TSMC pose for a group photo at the opening of TSMC global R&D center in Hsinchu",Reuters Connect,https://www.reutersconnect.com/item/morris-chang-the-founder-of-the-taiwan-semiconductor-manufacturing-company-tsmc-and-mark-liu-the-chairman-of-tsmc-pose-for-a-group-photo-at-the-opening-of-tsmc-global-rd-center-in-hsinchu/dGFnOnJldXRlcnMuY29tLDIwMjM6bmV3c21sX1JDMjNDMkFLRzVGOA?lastViewed=dGFnOnJldXRlcnMuY29tLDIwMjM6bmV3c21sX1JDMjJDMkFIRUhJVQ&position=2,"This article features a licensable picture of Morris Chang, founder of TSMC, and Mark Liu, chairman of TSMC, posing together. The photo was taken at the opening of TSMC's global R&D center in Hsinchu, Taiwan on July 28, 2023.",0.134463,Neutral,1.000000,0.106522,Neutral
20260626T103918,TSM,Taiwan Semiconductor,Aletheia Capital Raises Price Target on Taiwan Semiconductor (TSM) on Advanced Node Growth Expectations,Insider Monkey,https://www.insidermonkey.com/blog/aletheia-capital-raises-price-target-on-taiwan-semiconductor-tsm-on-advanced-node-growth-expectations-1789443/,"Aletheia Capital has increased its price target for Taiwan Semiconductor Manufacturing Company Limited (TSM) to NT$3,500, citing strong expectations for advanced node growth. The firm projects significant increases in high-end node capacity and wafer fabrication equipment expenditure for TSMC in the coming years. Special focus is placed on CoWoS technology, with SoIC and CoPoS gaining importance later, contributing to an anticipated acceleration in revenue and earnings growth by 2028.",0.442238,Bullish,1.000000,0.449788,Bullish
20260626T133918,TSM,Taiwan Semiconductor,Big Tech’s Quiet Diversification Out of Taiwan Is the Ultimate Catalyst for Intel’s Turnaround,24/7 Wall St.,https://247wallst.com/investing/2026/06/26/big-techs-quiet-diversification-out-of-taiwan-is-the-ultimate-catalyst-for-intels-turnaround/,"Intel presents a compelling investment opportunity due to its strategic positioning as a Western alternative for chip manufacturing, bolstered by significant government subsidies and investments from key industry players like NVIDIA and SoftBank. As hyperscalers seek to diversify their supply chains away from Taiwan Semiconductor Manufacturing (TSMC) due to geopolitical risks, Intel's upcoming 18A foundry technology is being quietly funded, and its success in converting major partners into named foundry customers will be the next crucial test. While TSMC currently holds a profitability advantage, Intel's political insulation and focus on rebuilding a domestic manufacturing base offer an attractive, long-term growth narrative for investors seeking exposure to the reshoring trend in the semiconductor industry.",0.17649,Somewhat-Bullish,1.000000,-0.211490,Somewhat-Bearish
20260626T155518,TSM,Taiwan Semiconductor,TSMC Constructs 3nm Factory in Japan for Power and Water Security,조선일보,https://www.chosun.com/english/industry-en/2026/06/27/WXXZKBAMG5GMVD6D3CTUIM7AVU/,TSMC is constructing a 3nm factory in Japan. This strategic move aims to ensure power and water security for its operations.,0.383275,Bullish,1.000000,0.401038,Bullish
20260626T163818,TSM,Taiwan Semiconductor,TSMC (NYSE:TSM) Is Raising 7nm Chip Prices Up To 10% As Expansion Builds,Simply Wall Street,https://simplywall.st/stocks/us/semiconductors/nyse-tsm/taiwan-semiconductor-manufacturing/news/tsmc-nysetsm-is-raising-7nm-chip-prices-up-to-10-as-expansio,"TSMC is reportedly increasing prices by 5% to 10% for its 7nm and below chip manufacturing processes, targeting high-demand sectors like AI and high-performance computing. This move, coupled with substantial expansion plans through 2026, indicates tight supply relative to demand for advanced chips. Investors should consider how these price hikes and capacity additions will balance against the heavy capital expenditure and potential for customers to diversify to competitors.",0.250567,Somewhat-Bullish,1.000000,0.428142,Bullish
20260627T073944,TSM,Taiwan Semiconductor,"Apella Capital LLC Acquires 3,161 Shares of Taiwan Semiconductor Manufacturing Company Ltd. $TSM",MarketBeat,https://www.marketbeat.com/instant-alerts/filing-apella-capital-llc-acquires-3161-shares-of-taiwan-semiconductor-manufacturing-company-ltd-tsm-2026-06-27/,"Apella Capital LLC significantly increased its stake in Taiwan Semiconductor Manufacturing (TSM) by 331% in the first quarter, purchasing 3,161 additional shares, bringing its total holdings to 4,116 shares valued at $1.53 million. Institutional interest in TSM remains high, with other major investors also increasing their positions. The company reported strong financial results, including an EPS of $3.11 last quarter and a raised quarterly dividend of $1.1136 per share.",0.41918,Bullish,1.000000,0.447835,Bullish
20260627T143700,TSM,Taiwan Semiconductor,BofA Remains Bullish on Taiwan Semiconductor Manufacturing (TSM) – Here’s Why,Insider Monkey,https://www.insidermonkey.com/blog/bofa-remains-bullish-on-taiwan-semiconductor-manufacturing-tsm-heres-why-1790429/?amp=1,"Bank of America (BofA) has increased its price target for Taiwan Semiconductor Manufacturing Company (TSM) to $590, maintaining a Buy rating. This positive outlook is driven by anticipated stronger CPU demand and growing AI requirements affecting advanced manufacturing and packaging. Susquehanna also raised its price target to $575, citing TSMC's capacity strategy.",0.366234,Bullish,1.000000,0.438596,Bullish
20260627T161553,TSM,Taiwan Semiconductor,"Taiwan Semiconductor (TSM), Amkor (AMKR) Form 10-Year Partnership for Advanced Semiconductor Packaging in Arizona",Yahoo Finance,https://finance.yahoo.com/technology/articles/taiwan-semiconductor-tsm-amkor-amkr-161535396.html,"Taiwan Semiconductor Manufacturing Company (TSMC) and Amkor Technology have established a 10-year partnership to enhance advanced semiconductor packaging and testing capabilities in Arizona. This collaboration aims to fortify the US semiconductor supply chain, addressing the growing demand for High-Performance Computing (HPC) and AI solutions. By integrating Amkor's packaging services with TSMC's Arizona-produced chips, the companies seek to boost regional capacity and accelerate time-to-market for advanced electronic devices.",0.278095,Somewhat-Bullish,1.000000,0.455898,Bullish
20260627T162153,TSM,Taiwan Semiconductor,"Taiwan Semiconductor (TSM), Amkor (AMKR) Form 10-Year Partnership for Advanced Semiconductor Packaging in Arizona",Insider Monkey,https://www.insidermonkey.com/blog/taiwan-semiconductor-tsm-amkor-amkr-form-10-year-partnership-for-advanced-semiconductor-packaging-in-arizona-1790442/,"Taiwan Semiconductor Manufacturing Company (TSMC) and Amkor Technology have announced a 10-year partnership to enhance advanced semiconductor packaging and testing capabilities in Arizona. This collaboration aims to bolster the US semiconductor supply chain, address the increasing demand for High-Performance Computing (HPC) and AI solutions, and reduce time-to-market for customers. By integrating Amkor's packaging services with TSMC's Arizona-produced chips, the agreement fosters a more robust, domestically-based manufacturing ecosystem.",0.424856,Bullish,1.000000,0.427285,Bullish
20260627T193944,TSM,Taiwan Semiconductor,Susquehanna raises price target on Taiwan Semiconductor Manufacturing to $575,Crypto Briefing,https://cryptobriefing.com/susquehanna-raises-tsmc-price-target/,"Susquehanna has raised its price target on Taiwan Semiconductor Manufacturing Company (TSMC) to $575, reflecting increased confidence in its dominant position in advanced semiconductor manufacturing driven by AI infrastructure spending. Bank of America followed suit with an even higher target of $590. This AI-driven demand and TSMC's capacity allocation decisions significantly impact the crypto mining industry, as TSMC also fabricates Bitcoin mining ASICs, leading to potential supply chain constraints and higher costs for next-generation mining hardware.",0.506315,Bullish,1.000000,0.536906,Bullish
20260628T024800,TSM,Taiwan Semiconductor,Should You Buy Taiwan Semiconductor Manufacturing Company Limited (TSM)?,Insider Monkey,https://www.insidermonkey.com/blog/should-you-buy-taiwan-semiconductor-manufacturing-company-limited-tsm-1790290/,"This article discusses Taiwan Semiconductor Manufacturing Company Limited (TSM) as a top stock pick, likening the current AI wave to the American Revolution. TSM is highlighted for manufacturing 90% of AI-related chips and Aletheia Capital issued a Buy rating with a share price target of NT$3,500 due to expected growth in capital expenditure and wafer capacity. However, the article suggests that other AI stocks might offer greater returns in a shorter timeframe.",0.410791,Bullish,1.000000,0.422122,Bullish
20260628T074133,TSM,Taiwan Semiconductor,"APEIRON CAPITAL Ltd Acquires Shares of 8,800 Taiwan Semiconductor Manufacturing Company Ltd. $TSM",MarketBeat,https://www.marketbeat.com/instant-alerts/filing-apeiron-capital-ltd-acquires-shares-of-8800-taiwan-semiconductor-manufacturing-company-ltd-tsm-2026-06-28/,"APEIRON CAPITAL Ltd has acquired 8,800 shares of Taiwan Semiconductor Manufacturing Company Ltd. (TSM) valued at approximately $2.97 million, making it their 9th largest holding. Insider trading saw mixed activity, with one VP buying shares and another selling a significant amount. Analysts remain bullish on TSM, raising price targets, and the company has also increased its quarterly dividend.",0.029814,Neutral,0.324504,0.031725,Neutral
20260628T084021,TSM,Taiwan Semiconductor,"Boomfish Wealth Group LLC Buys 3,653 Shares of Taiwan Semiconductor Manufacturing Company Ltd. $TSM",MarketBeat,https://www.marketbeat.com/instant-alerts/filing-boomfish-wealth-group-llc-buys-3653-shares-of-taiwan-semiconductor-manufacturing-company-ltd-tsm-2026-06-28/,"Boomfish Wealth Group LLC increased its stake in Taiwan Semiconductor Manufacturing (TSM) by 82.5% in the first quarter, adding 3,653 shares to hold a total of 8,083 shares valued at $2.73 million. Other institutional investors like Fisher Asset Management and Van ECK Associates also significantly increased their positions, with hedge funds and institutions now owning 16.51% of the stock. Analysts maintain a ""Buy"" rating for TSM with an average target price of $449.38, and the company recently raised its quarterly dividend to $1.1136 per share.",0.101027,Neutral,1.000000,0.478351,Bullish
20260628T094133,TSM,Taiwan Semiconductor,J. L. Bainbridge & Co. Inc. Has $50.11 Million Stock Position in Taiwan Semiconductor Manufacturing Company Ltd. $TSM,MarketBeat,https://www.marketbeat.com/instant-alerts/filing-j-l-bainbridge-co-inc-has-5011-million-stock-position-in-taiwan-semiconductor-manufacturing-company-ltd-tsm-2026-06-28/,"J. L. Bainbridge & Co. Inc. reduced its stake in Taiwan Semiconductor Manufacturing Company Ltd. (TSM) by 4.5% in the first quarter, yet still holds 148,280 shares valued at $50.11 million, making it their 10th largest holding. Wall Street analysts maintain a ""Buy"" consensus with an average target price of $449.38, while TSMC also recently increased its quarterly dividend to $1.1136 per share. The company reported strong financial results and positive sentiment due to its key role in the AI chip cycle, despite some market concerns about diversification from Taiwan and crowded AI investments.",0.150369,Somewhat-Bullish,1.000000,0.440341,Bullish
20260628T104021,TSM,Taiwan Semiconductor,Taiwan Semiconductor Manufacturing Company Ltd. $TSM is Gunderson Capital Management LLC's Largest Position,MarketBeat,https://www.marketbeat.com/instant-alerts/filing-taiwan-semiconductor-manufacturing-company-ltd-tsm-is-gunderson-capital-management-llcs-largest-position-2026-06-28/,"Gunderson Capital Management LLC has significantly increased its stake in Taiwan Semiconductor Manufacturing Company Ltd. (TSM) during the first quarter, making it their largest holding. Other institutional investors and company insiders have also shown increased interest and investment in TSM. The company continues to receive positive analyst ratings and has recently boosted its quarterly dividend, reflecting strong performance and optimism, although some market commentary notes concerns about a crowded ""all-in on AI"" trade.",0.339627,Somewhat-Bullish,1.000000,0.526972,Bullish
20260628T104021,TSM,Taiwan Semiconductor,Janney Montgomery Scott LLC Has $143.27 Million Position in Taiwan Semiconductor Manufacturing Company Ltd. $TSM,MarketBeat,https://www.marketbeat.com/instant-alerts/filing-janney-montgomery-scott-llc-has-14327-million-position-in-taiwan-semiconductor-manufacturing-company-ltd-tsm-2026-06-28/,"Janney Montgomery Scott LLC significantly increased its stake in Taiwan Semiconductor Manufacturing (TSM) by 10.7% in the first quarter, now holding 423,935 shares valued at $143.27 million. The company is broadly favored by analysts, holding a consensus ""Buy"" rating and an average price target of $449.38, following recent target hikes from Barclays and Susquehanna. TSM also reported strong financial performance with $30.65 billion in quarterly revenue, a 46.97% net margin, and increased its quarterly dividend to $1.1136 per share.",0.126385,Neutral,1.000000,0.504436,Bullish
20260628T154021,TSM,Taiwan Semiconductor,Aggregate net profit up last year,Taipei Times,https://www.taipeitimes.com/News/biz/archives/2026/06/29/2003859889,"Taiwan's 5,000 largest companies achieved a record high in aggregate net profit last year, increasing over 11% to NT$5.77 trillion, driven by strong global demand for AI applications. Contract chipmaker TSMC led in both net profit (NT$1.72 trillion) and revenue (NT$3.78 trillion), followed by other major tech and financial firms. Despite this overall growth, 772 companies reported losses, and the average return on equity fell to a three-year low, indicating uneven corporate performance.",0.749615,Bullish,1.000000,0.849526,Bullish
20260628T181141,TSM,Taiwan Semiconductor,Taiwan Semiconductor Manufacturing Company (TSM)’s Monthly Sales Rise,Insider Monkey,https://www.insidermonkey.com/blog/taiwan-semiconductor-manufacturing-company-tsms-monthly-sales-rise-1791099/,"Taiwan Semiconductor Manufacturing Company (TSM) reported a significant 30% jump in May sales, driven by robust demand for global artificial intelligence infrastructure. The company's May revenue reached NT$416.98 billion ($13.2 billion), with combined April and May sales increasing approximately 24% year-over-year. Analysts anticipate a 35% jump in second-quarter sales, highlighting TSMC's critical role as a semiconductor supplier for major AI chip companies like Nvidia and Advanced Micro Devices.",0.542794,Bullish,1.000000,0.634307,Bullish
20260629T061126,TSM,Taiwan Semiconductor,"ABN AMRO Bank N.V. Sells 10,744 Shares of Taiwan Semiconductor Manufacturing Company Ltd. $TSM",MarketBeat,https://www.marketbeat.com/instant-alerts/filing-abn-amro-bank-nv-sells-10744-shares-of-taiwan-semiconductor-manufacturing-company-ltd-tsm-2026-06-28/,"ABN AMRO Bank N.V. reduced its stake in Taiwan Semiconductor Manufacturing Company Ltd. (TSM) by 7.8% in the first quarter, selling 10,744 shares and retaining 127,414 shares valued at approximately $43.4 million. Despite this sale, TSM continues to receive bullish analyst ratings and increased price targets, driven by strong demand for AI-driven advanced-node technologies. The company also demonstrated financial strength by raising its quarterly dividend.",0.262627,Somewhat-Bullish,1.000000,0.501001,Bullish
20260629T071141,TSM,Taiwan Semiconductor,Apollon Wealth Management LLC Raises Stock Position in Taiwan Semiconductor Manufacturing Company Ltd. $TSM,MarketBeat,https://www.marketbeat.com/instant-alerts/filing-apollon-wealth-management-llc-raises-stock-position-in-taiwan-semiconductor-manufacturing-company-ltd-tsm-2026-06-29/,"Apollon Wealth Management LLC boosted its stake in Taiwan Semiconductor Manufacturing Company Ltd. (TSM) by 5.0% in the first quarter, bringing its total holdings to 36,942 shares valued at $12.5 million. This increase reflects continued institutional interest, with other firms also adjusting their TSM positions, and institutional ownership now stands at 16.51%. The company shows strong fundamentals, including $3.11 EPS on $30.65 billion in revenue, a raised quarterly dividend of $1.1136, and a consensus analyst ""Buy"" rating with a target price of $449.38.",0.298998,Somewhat-Bullish,1.000000,0.471470,Bullish
20260629T081141,TSM,Taiwan Semiconductor,Canoe Financial LP Has $292.25 Million Holdings in Taiwan Semiconductor Manufacturing Company Ltd. $TSM,MarketBeat,https://www.marketbeat.com/instant-alerts/filing-canoe-financial-lp-has-29225-million-holdings-in-taiwan-semiconductor-manufacturing-company-ltd-tsm-2026-06-29/,"Canoe Financial LP significantly reduced its stake in Taiwan Semiconductor Manufacturing (TSM) by 27.8% in the first quarter, now holding 864,770 shares valued at $292.25 million, making it their second-largest holding. Despite this reduction and mixed insider activity, TSM remains fundamentally strong with a $2.24 trillion market cap, solid earnings, and a recent dividend increase, maintaining a consensus ""Buy"" rating from analysts. Recent market commentary suggests continued positive sentiment for TSM as an AI infrastructure leader, though some investors question the ""all-in on AI"" trade and potential supply-chain diversification away from Taiwan.",0.46811,Bullish,1.000000,0.484103,Bullish
20260629T091126,TSM,Taiwan Semiconductor,How Taiwan Semiconductor Manufacturing Company Ltd. (TSM) Affects Rotational Strategy Timing,Stock Traders Daily,https://news.stocktradersdaily.com/news_release/139/How_Taiwan_Semiconductor_Manufacturing_Company_Ltd._TSM_Affects_Rotational_Strategy_Timing_062926093601_1782740161.html,"This article analyzes Taiwan Semiconductor Manufacturing Company Ltd. (TSM) with a focus on its impact on rotational strategy timing, identifying weak near-term sentiment but strong mid and long-term signals. It outlines institutional trading strategies, including long, momentum breakout, and risk hedging, based on AI-generated signals and multi-timeframe analysis. The report highlights an exceptional 26.7:1 risk-reward short setup, suggesting potential downside, while also providing entry and exit points for various trading approaches.",-0.181132,Somewhat-Bearish,1.000000,-0.194470,Somewhat-Bearish
20260629T101141,TSM,Taiwan Semiconductor,SageGuard Financial Group LLC Increases Stake in Taiwan Semiconductor Manufacturing Company Ltd. $TSM,MarketBeat,https://www.marketbeat.com/instant-alerts/filing-sageguard-financial-group-llc-increases-stake-in-taiwan-semiconductor-manufacturing-company-ltd-tsm-2026-06-29/,"SageGuard Financial Group LLC has increased its stake in Taiwan Semiconductor Manufacturing Company Ltd. (TSM) by 34.9% in the first quarter, now holding 6,919 shares valued at $2.34 million. This move is part of a broader trend of strong institutional interest in TSM, with hedge funds and other investors owning 16.51% of the stock. Analysts maintain a bullish outlook on TSM, with a consensus ""Buy"" rating and a price target of $449.38, supported by its critical role in the AI chip cycle and recent dividend increases.",0.278921,Somewhat-Bullish,1.000000,0.513282,Bullish
20260629T181141,TSM,Taiwan Semiconductor,Taiwan Semiconductor Manufacturing Co Ltd Stock (TSM) Moved Up by 3.40% on Jun 29: What Signal Does It Send?,TradingKey,https://www.tradingkey.com/news/market-movers/261998521-market-movers-tsm-20260629,"Taiwan Semiconductor Manufacturing Co Ltd (TSM) stock rose by 3.40% on June 29, driven by a strategic partnership with Winbond Electronics for AI chip supply and anticipated price increases across its chipmaking portfolio. Despite intraday volatility and a pivot to next-generation platforms, the company's strong performance is anchored by robust demand and record revenues. Technical and fundamental analyses provide mixed signals, while company-specific risks include patent litigation, high CapEx, potential demand destabilization, and increased bearish options activity.",0.059741,Neutral,1.000000,0.255578,Somewhat-Bullish
20260629T221126,TSM,Taiwan Semiconductor,Taiwan Semiconductor Manufacturing (NYSE:TSM) Trading 5.3% Higher - Still a Buy?,MarketBeat,https://www.marketbeat.com/instant-alerts/taiwan-semiconductor-manufacturing-nysetsm-trading-53-higher-still-a-buy-2026-06-29/,"Taiwan Semiconductor Manufacturing (TSM) saw its shares jump 5.3% on Monday, reaching $456.10, driven by renewed investor optimism and increased trading volume. Several analysts from firms like Susquehanna, Barclays, and Bank of America raised their price targets and reiterated ""Buy"" ratings, with the stock now holding a consensus ""Buy"" rating and an average price target of $449.38. Additionally, the company announced an increased quarterly dividend to $1.1136 per share, reflecting its strong financial health and profitability with a 46.97% net margin.",0.694322,Bullish,1.000000,0.652837,Bullish
20260630T094029,TSM,Taiwan Semiconductor,"Spinnaker Trust Purchases 1,508 Shares of Taiwan Semiconductor Manufacturing Company Ltd. $TSM",MarketBeat,https://www.marketbeat.com/instant-alerts/filing-spinnaker-trust-purchases-1508-shares-of-taiwan-semiconductor-manufacturing-company-ltd-tsm-2026-06-30/,"Spinnaker Trust increased its holdings in Taiwan Semiconductor Manufacturing Company Ltd. (TSM) by 4.1% in Q1 2026, acquiring an additional 1,508 shares to reach a total of 38,696 shares valued at $13.1 million. The article also notes mixed insider activity, a dividend increase to $1.1136 per share, and a generally positive analyst outlook with a consensus ""Buy"" rating and an average price target of $449.38. Key headlines highlight TSMC's partnership with Amkor Technology and its role as a beneficiary of the AI chip build-out.",0.146914,Neutral,1.000000,0.314865,Somewhat-Bullish
20260630T114029,TSM,Taiwan Semiconductor,"Taiwan Semiconductor Manufacturing (NYSE:TSM) VP Bor-Zen Tien Buys 1,000 Shares of Stock",MarketBeat,https://www.marketbeat.com/instant-alerts/taiwan-semiconductor-manufacturing-nysetsm-vp-bor-zen-tien-buys-1000-shares-of-stock-2026-06-30/,"Taiwan Semiconductor Manufacturing (NYSE:TSM) VP Bor-Zen Tien recently purchased 1,000 shares of the company's stock for $76.64 per share, increasing his direct holdings to 12,051 shares. This transaction, along with a prior purchase in May, reflects insider confidence. The company also announced an increased quarterly dividend of $1.1136 per share, and analysts maintain a consensus ""Buy"" rating for TSM, with several raising their price targets.",0.30092,Somewhat-Bullish,1.000000,0.585797,Bullish
20260630T144029,TSM,Taiwan Semiconductor,4 Semiconductor Stocks to Buy Right Now to Ride on the AI Capex Boom,The Globe and Mail,https://www.theglobeandmail.com/investing/markets/stocks/MU/pressreleases/3056050/4-semiconductor-stocks-to-buy-right-now-to-ride-on-the-ai-capex-boom/,"The AI capital expenditure boom is creating significant opportunities for semiconductor companies. Large cloud providers and enterprises are investing heavily in AI infrastructure, driving demand for advanced chips, memory solutions, and manufacturing services. This article highlights four semiconductor stocks—Micron Technology, FormFactor, Texas Instruments, and Taiwan Semiconductor—that are well-positioned to benefit from this spending surge due to their strong technology positions and growth prospects.",0.019731,Neutral,0.336656,0.033487,Neutral
20260630T164029,TSM,Taiwan Semiconductor,Taiwan Semiconductor Manufacturing Co Ltd Stock (TSM) Moved Up by 3.02% on Jun 30: What Signal Does It Send?,TradingKey,https://www.tradingkey.com/news/market-movers/262001704-market-movers-tsm-20260630,"Taiwan Semiconductor Manufacturing Co Ltd (TSM) saw its stock rise by 3.02% on June 30, driven by bullish analyst upgrades and strong growth forecasts, particularly in AI infrastructure. The company anticipates over 30% revenue growth for the full year and is expanding its U.S. packaging capacity through a partnership with Amkor to mitigate geopolitical risks. Despite potential challenges like Q2 revenue underperformance and high capital expenditure commitments, TSM maintains market leadership in high-performance computing.",0.202397,Somewhat-Bullish,0.996632,0.413415,Bullish
20260630T194024,TSM,Taiwan Semiconductor,TSMC (NYSE:TSM) And Amkor Sign 10 Year Arizona Chip Packaging Deal,Simply Wall Street,https://simplywall.st/stocks/us/semiconductors/nyse-tsm/taiwan-semiconductor-manufacturing/news/tsmc-nysetsm-and-amkor-sign-10-year-arizona-chip-packaging-d,"TSMC and Amkor have entered into a 10-year agreement to collaborate on advanced semiconductor packaging and testing in Arizona, aiming to bolster US chip supply for AI and high-performance computing. This partnership expands TSMC's manufacturing footprint in the US, strengthening its role in global chip production. The deal is crucial for integrating TSMC's wafer production with the growing demand for packaging and testing of AI accelerators and high-performance computing chips closer to US customers.",0.362861,Bullish,1.000000,0.442604,Bullish
20260630T204024,TSM,Taiwan Semiconductor,Taiwan Semiconductor Manufacturing (NYSE:TSM) Sets New 1-Year High After Insider Buying Activity,MarketBeat,https://www.marketbeat.com/instant-alerts/taiwan-semiconductor-manufacturing-nysetsm-sets-new-1-year-high-after-insider-buying-activity-2026-06-30/,"Taiwan Semiconductor Manufacturing (TSM) recently reached a new 52-week high of $477.14, partly due to increased insider confidence. VP Bor-Zen Tien purchased 1,000 shares, increasing his direct ownership by over 9%. Wall Street analysts maintain a ""Buy"" consensus rating for TSM, with an average price target of $449.38, driven by strong AI-related demand.",0.230781,Somewhat-Bullish,1.000000,0.414124,Bullish
20260701T122800,TSM,Taiwan Semiconductor,"Intel Drops 7%, AMD Slides 5%, Taiwan Semiconductor Falls 6% as BoA Flags ""Bubble Risk""",24/7 Wall St.,https://247wallst.com/investing/2026/07/01/intel-drops-7-amd-slides-5-taiwan-semiconductor-falls-6-as-boa-flags-bubble-risk/,"Intel, AMD, and Taiwan Semiconductor stocks experienced significant drops after Bank of America raised concerns about growing ""bubble risk"" in the artificial intelligence sector. While not declaring a full bubble, BoA urged investors to apply greater valuation discipline following an extended rally in semiconductor stocks. Despite the short-term dip, the article emphasizes that the long-term investment case for semiconductors, driven by sustained AI infrastructure demand, remains intact.",0.005576,Neutral,0.340603,0.023511,Neutral
20260701T141500,TSM,Taiwan Semiconductor,Taiwan Semiconductor Manufacturing Co Ltd Stock (TSM) Moved Down by 3.51% on Jul 1: Facts Behind the Movement,TradingKey,https://www.tradingkey.com/news/market-movers/262004408-market-movers-tsm-20260701,"Taiwan Semiconductor Manufacturing Co Ltd (TSM) stock declined by 3.51% on July 1st due to profit-taking, technical consolidation after reaching new highs, and concerns over April/May sales slightly missing aggressive Wall Street expectations. Additionally, high capital expenditures for advanced nodes and broader macroeconomic caution ahead of earnings release contributed to the downward pressure. Despite the dip, the article suggests this is a ""healthy digestion of recent massive gains"" rather than a fundamental breakdown, given strong long-term demand for its advanced technologies.",-0.278013,Somewhat-Bearish,1.000000,-0.276487,Somewhat-Bearish
20260702T083943,TSM,Taiwan Semiconductor,Innova Wealth Partners Buys New Position in Taiwan Semiconductor Manufacturing Company Ltd. $TSM,MarketBeat,https://www.marketbeat.com/instant-alerts/filing-innova-wealth-partners-buys-new-position-in-taiwan-semiconductor-manufacturing-company-ltd-tsm-2026-07-02/,"Innova Wealth Partners has acquired a new stake in Taiwan Semiconductor Manufacturing Company Ltd. (TSMC), purchasing 1,139 shares worth approximately $385,000 during the first quarter. This aligns with a broader trend of institutional investors increasing their holdings in TSMC, driven by AI-related demand and capacity expansion. The stock maintains a ""Buy"" rating with an average target price of $449.38, despite some recent insider selling and concerns about valuation.",0.455881,Bullish,1.000000,0.470702,Bullish
20260702T113943,TSM,Taiwan Semiconductor,Taiwan Semiconductor Manufacturing (TSM) Stock Could Be Undervalued After Arizona Expansion,Simply Wall Street,https://simplywall.st/stocks/us/semiconductors/nyse-tsm/taiwan-semiconductor-manufacturing/news/taiwan-semiconductor-manufacturing-tsm-stock-could-be-underv,"Taiwan Semiconductor Manufacturing (TSM) stock has shown a significant 354.7% return over the past three years. Despite its strong performance and ongoing expansion into advanced chip capacity in the US and AI packaging, the stock appears undervalued based on current earnings multiples, trading at a P/E of 34.0x compared to an industry average of 71.4x. However, the overall valuation is mixed, with potential risks like export controls to China and heavy capital expenditure offsetting some of the positive indicators.",0.440454,Bullish,1.000000,0.448566,Bullish
20260702T133943,TSM,Taiwan Semiconductor,"Rallying Near Highs: Is TSM a Buy, Sell, or Hold?",24/7 Wall St.,https://247wallst.com/investing/2026/07/02/rallying-near-highs-is-tsm-a-buy-sell-or-hold/,"Taiwan Semiconductor Manufacturing (TSM) is trading near its 52-week high, driven by accelerating revenue growth and strong Q1 net income. While most analysts rate TSM as a ""Buy"" or ""Strong Buy,"" the consensus price target suggests limited upside. The article explores the bull and bear cases, noting both the operating leverage and potential risks like concentration risk and insider selling, ultimately suggesting a constructive setup for long-term holders despite its current valuation.",0.275991,Somewhat-Bullish,1.000000,0.338184,Somewhat-Bullish
20260702T143943,TSM,Taiwan Semiconductor,Taiwan Semiconductor Manufacturing Co Ltd Stock (TSM) Moved Up by 3.38% on Jul 2: What Signal Does It Send?,TradingKey,https://www.tradingkey.com/news/market-movers/262007414-market-movers-tsm-20260702,"Taiwan Semiconductor Manufacturing Co Ltd (TSM) stock rose 3.38% on July 2, driven by bullish analyst upgrades and strong demand for AI infrastructure. Financial firms like Nomura and Barclays increased price targets, anticipating TSM's benefit from expanding data center capacity and advanced packaging needs. The positive outlook is further bolstered by increased U.S. manufacturing tax credits and an expected raise in full-year guidance and capital expenditure forecasts during the upcoming July 16 earnings report.",0.376849,Bullish,1.000000,0.383499,Bullish
20260702T153943,TSM,Taiwan Semiconductor,US unlikely to match TSMC’s Taiwan production capacity: minister,Taipei Times,https://www.taipeitimes.com/News/biz/archives/2026/07/03/2003860134,"Minister of Economic Affairs Kung Ming-hsin stated that the US is unlikely to match TSMC's production capacity in Taiwan, despite the chipmaker's expansion in Arizona. His comments followed remarks by former US President Donald Trump about TSMC doubling its investment in US chip plants. Taiwan remains central to TSMC's manufacturing operations, and the Ministry of Economic Affairs approved a US$20 billion capital injection for TSMC's US subsidiary.",0.219524,Somewhat-Bullish,1.000000,0.204787,Somewhat-Bullish
20260703T070855,TSM,Taiwan Semiconductor,"Argos Wealth Advisors LLC Sells 1,692 Shares of Taiwan Semiconductor Manufacturing Company Ltd. $TSM",MarketBeat,https://www.marketbeat.com/instant-alerts/filing-argos-wealth-advisors-llc-sells-1692-shares-of-taiwan-semiconductor-manufacturing-company-ltd-tsm-2026-07-03/,"Argos Wealth Advisors LLC reduced its stake in Taiwan Semiconductor Manufacturing Company Ltd. (TSM) by 14.1% in the first quarter, selling 1,692 shares, though TSM remains a significant holding for the firm. Despite this sale, market sentiment for TSMC is largely bullish due to high AI-chip demand, expanding 3-nanometer capacity, and recent dividend increases and insider purchases. The company last reported strong quarterly earnings and is projected to post significant EPS for the current fiscal year.",0.416089,Bullish,1.000000,0.444475,Bullish
20260703T094048,TSM,Taiwan Semiconductor,Pzena Investment Management LLC Cuts Stock Holdings in Taiwan Semiconductor Manufacturing Company Ltd. $TSM,MarketBeat,https://www.marketbeat.com/instant-alerts/filing-pzena-investment-management-llc-cuts-stock-holdings-in-taiwan-semiconductor-manufacturing-company-ltd-tsm-2026-07-03/,"Pzena Investment Management LLC significantly reduced its stake in Taiwan Semiconductor Manufacturing Company Ltd. (TSM) by 27.9% in the first quarter, selling 7,356 shares. Despite this, other institutional investors increased their holdings, and Wall Street remains broadly bullish on TSM, with analysts assigning an average ""Buy"" rating and a target price of $449.38. The company also raised its quarterly dividend to $1.1136 per share, reflecting an increased annualized yield.",0.17787,Somewhat-Bullish,0.998491,0.261937,Somewhat-Bullish
20260703T110951,TSM,Taiwan Semiconductor,Taiwan Semiconductor Manufacturing Company Ltd. $TSM Shares Acquired by Y Intercept Hong Kong Ltd,MarketBeat,https://www.marketbeat.com/instant-alerts/filing-taiwan-semiconductor-manufacturing-company-ltd-tsm-shares-acquired-by-y-intercept-hong-kong-ltd-2026-07-03/,"Y Intercept Hong Kong Ltd significantly increased its stake in Taiwan Semiconductor Manufacturing Company (TSMC) by 273.2% in the first quarter, now holding 81,189 shares worth approximately $27.4 million. This move is part of a broader trend of institutional investors and hedge funds increasing their positions in TSM, which currently has a ""Buy"" consensus rating from analysts with an average price target of $449.38. TSMC is expanding its 3-nanometer footprint globally, reinforcing its leadership in AI and high-performance computing chips, and recently raised its quarterly dividend to $1.1136 per share.",0.294297,Somewhat-Bullish,1.000000,0.403648,Bullish
20260703T210950,TSM,Taiwan Semiconductor,Is Taiwan Semiconductor Manufacturing (TSM) Fully Valued Following The Chip Stock Selloff?,Simply Wall Street,https://simplywall.st/stocks/us/semiconductors/nyse-tsm/taiwan-semiconductor-manufacturing/news/is-taiwan-semiconductor-manufacturing-tsm-fully-valued-follo,"Taiwan Semiconductor Manufacturing (TSM) has experienced a recent share price pullback but remains up significantly over longer periods, driven by AI growth. While a ""narrative fair value"" suggests the stock is overvalued at $400 compared to its current $434.16, its P/E ratio is lower than its US semiconductor industry peers. Investors should consider potential risks like geopolitical tensions or inadequate returns from AI-focused capital expenditures.",0.134797,Neutral,1.000000,0.128177,Neutral
20260704T070951,TSM,Taiwan Semiconductor,Baer Investment Advisory LLC Has $2.14 Million Stock Position in Taiwan Semiconductor Manufacturing Company Ltd. $TSM,MarketBeat,https://www.marketbeat.com/instant-alerts/filing-baer-investment-advisory-llc-has-214-million-stock-position-in-taiwan-semiconductor-manufacturing-company-ltd-tsm-2026-07-04/,"Baer Investment Advisory LLC significantly increased its stake in Taiwan Semiconductor Manufacturing Company Ltd. (TSM) by 833.1% in Q1, now holding 6,345 shares valued at $2.14 million. The company recently raised its quarterly dividend to $1.1136 per share, and analysts maintain an average ""Buy"" rating with a target price of $449.38. Despite recent market pullbacks affecting semiconductor stocks, TSMC shows strong fundamentals, including $3.11 EPS and $30.65 billion in quarterly revenue, and is expanding its 3-nanometer capacity globally.",0.282667,Somewhat-Bullish,1.000000,0.291558,Somewhat-Bullish
20260704T080450,TSM,Taiwan Semiconductor,"First Dallas Securities Inc. Sells 1,847 Shares of Taiwan Semiconductor Manufacturing Company Ltd. $TSM",MarketBeat,https://www.marketbeat.com/instant-alerts/filing-first-dallas-securities-inc-sells-1847-shares-of-taiwan-semiconductor-manufacturing-company-ltd-tsm-2026-07-04/,"First Dallas Securities Inc. reduced its stake in Taiwan Semiconductor Manufacturing Company Ltd. (TSM) by 20.2% in the first quarter, selling 1,847 shares and holding 7,276 shares valued at $2.46 million. Despite this reduction, analysts maintain a broadly positive outlook on TSM, with an average ""Buy"" rating and a target price of $449.38. The company recently increased its quarterly dividend to $1.1136 per share, and insiders have also been acquiring shares.",0.254655,Somewhat-Bullish,1.000000,0.264636,Somewhat-Bullish
20260704T091025,TSM,Taiwan Semiconductor,Keybank National Association OH Raises Position in Taiwan Semiconductor Manufacturing Company Ltd. $TSM,MarketBeat,https://www.marketbeat.com/instant-alerts/filing-keybank-national-association-oh-raises-position-in-taiwan-semiconductor-manufacturing-company-ltd-tsm-2026-07-04/,"Keybank National Association OH increased its stake in Taiwan Semiconductor Manufacturing Company Ltd. ($TSM) by 5.2% in the first quarter, now holding 37,837 shares valued at $12.8 million. TSMC is expanding its 3-nanometer capacity across multiple locations, driven by strong demand for AI and advanced chips, supporting its growth outlook. The company also raised its quarterly dividend to $1.1136 per share, and analysts maintain a ""Buy"" rating with an average target price of $449.38.",0.24831,Somewhat-Bullish,1.000000,0.342458,Somewhat-Bullish
20260704T101025,TSM,Taiwan Semiconductor,QRG Capital Management Inc. Has $35.21 Million Position in Taiwan Semiconductor Manufacturing Company Ltd. $TSM,MarketBeat,https://www.marketbeat.com/instant-alerts/filing-qrg-capital-management-inc-has-3521-million-position-in-taiwan-semiconductor-manufacturing-company-ltd-tsm-2026-07-04/,"QRG Capital Management Inc. increased its stake in Taiwan Semiconductor Manufacturing Company Ltd. (TSM) by 15.1% in the first quarter, now holding shares worth $35.21 million. The article notes TSMC's expansion of 3-nanometer capacity due to strong AI demand, a raised quarterly dividend, and a consensus ""Buy"" rating from analysts with an average price target of $449.38. It also highlights recent insider trading activity and financial data for the company.",0.282467,Somewhat-Bullish,1.000000,0.435004,Bullish
20260704T101025,TSM,Taiwan Semiconductor,Taiwan Semiconductor Manufacturing Company Ltd. $TSM Shares Sold by Moran Wealth Management LLC,MarketBeat,https://www.marketbeat.com/instant-alerts/filing-taiwan-semiconductor-manufacturing-company-ltd-tsm-shares-sold-by-moran-wealth-management-llc-2026-07-04/,"Moran Wealth Management LLC reduced its stake in Taiwan Semiconductor Manufacturing (TSM) by 21.4% in the first quarter, selling 33,539 shares. Despite this, other institutions like Fisher Asset Management and Bank of America increased their holdings. Insider buying also continued, with two VPs purchasing 1,000 shares each, while the company increased its quarterly dividend to $1.1136 per share amidst a generally bullish outlook from Wall Street.",0.124334,Neutral,1.000000,0.321534,Somewhat-Bullish
20260705T054031,TSM,Taiwan Semiconductor,"TAIWAN SEMICONDUCTOR MANUFACTURING CO., LTD. FUTURES Forward Curve: QFFN2026",TradingView,https://www.tradingview.com/symbols/TAIFEX-QFF1!/forward-curve/?contract=QFFN2026,"This page on TradingView displays the forward curve for TAIWAN SEMICONDUCTOR MANUFACTURING CO., LTD. FUTURES (QFFN2026, July 2026 contract) from the Taiwan Futures Exchange. The chart helps users understand market expectations of future prices, potential risks, and aids in making informed decisions about buying futures contracts. The market was closed and showed no trades at the time of viewing.",0.00457,Neutral,1.000000,0.034855,Neutral
20260705T081123,TSM,Taiwan Semiconductor,FUKOKU MUTUAL LIFE INSURANCE Co Increases Holdings in Taiwan Semiconductor Manufacturing Company Ltd. $TSM,MarketBeat,https://www.marketbeat.com/instant-alerts/filing-fukoku-mutual-life-insurance-co-increases-holdings-in-taiwan-semiconductor-manufacturing-company-ltd-tsm-2026-07-05/,"FUKOKU MUTUAL LIFE INSURANCE Co significantly increased its stake in Taiwan Semiconductor Manufacturing (TSM) by 2,549.6% in the first quarter, holding shares worth about $10.5 million. Other institutional investors also added to their TSM positions, with hedge funds and institutions collectively owning 16.51% of the company. Taiwan Semiconductor Manufacturing also boosted its quarterly dividend, and analysts maintain a positive outlook with a consensus ""Buy"" rating.",0.273211,Somewhat-Bullish,1.000000,0.418242,Bullish
20260705T084031,TSM,Taiwan Semiconductor,GM Advisory Group LLC Takes $4.84 Million Position in Taiwan Semiconductor Manufacturing Company Ltd. $TSM,MarketBeat,https://www.marketbeat.com/instant-alerts/filing-gm-advisory-group-llc-takes-484-million-position-in-taiwan-semiconductor-manufacturing-company-ltd-tsm-2026-07-05/,"GM Advisory Group LLC has acquired a new position in Taiwan Semiconductor Manufacturing Company Ltd. (NYSE:TSM), purchasing 14,335 shares valued at approximately $4.84 million in the first quarter. The company has shown strong operating results with $3.11 EPS and $30.65 billion in quarterly revenue, while analysts anticipate $15.35 EPS for the current fiscal year. Taiwan Semiconductor Manufacturing also increased its quarterly dividend to $1.1136 per share, and analysts maintain a bullish outlook with an average ""Buy"" rating and a target price of around $449.38.",0.246451,Somewhat-Bullish,1.000000,0.237240,Somewhat-Bullish
20260705T104031,TSM,Taiwan Semiconductor,Walter Public Investments Inc. Has $24.84 Million Position in Taiwan Semiconductor Manufacturing Company Ltd. $TSM,MarketBeat,https://www.marketbeat.com/instant-alerts/filing-walter-public-investments-inc-has-2484-million-position-in-taiwan-semiconductor-manufacturing-company-ltd-tsm-2026-07-05/,"Walter Public Investments Inc. reduced its stake in Taiwan Semiconductor Manufacturing Company Ltd. (TSM) by 21.8% in Q1, but TSM remains its largest holding at $24.84 million. Analyst sentiment is largely positive, with a consensus ""Buy"" rating and an average price target of $449.38, while the company also increased its quarterly dividend. Insider activity was mixed, with one VP purchasing shares and another selling a significant amount, though insiders collectively own 1.11% of the stock.",0.047027,Neutral,0.335352,0.018598,Neutral
20260706T064138,TSM,Taiwan Semiconductor,"Ascentis Independent Advisors Purchases 10,391 Shares of Taiwan Semiconductor Manufacturing Company Ltd. $TSM",MarketBeat,https://www.marketbeat.com/instant-alerts/filing-ascentis-independent-advisors-purchases-10391-shares-of-taiwan-semiconductor-manufacturing-company-ltd-tsm-2026-07-06/,"Ascentis Independent Advisors significantly increased its stake in Taiwan Semiconductor Manufacturing (TSM) during the first quarter by purchasing an additional 10,391 shares, bringing its total holdings to 18,918 shares valued at $6.39 million. This move aligns with a broader bullish sentiment from Wall Street analysts, who maintain a ""Buy"" rating and an average price target of $449.38 for TSM. The company also raised its quarterly dividend to $1.1136 per share, reflecting strong profitability and a low payout ratio.",0.410965,Bullish,1.000000,0.446784,Bullish
20260706T064138,TSM,Taiwan Semiconductor,Abel Hall LLC Purchases New Position in Taiwan Semiconductor Manufacturing Company Ltd. $TSM,MarketBeat,https://www.marketbeat.com/instant-alerts/filing-abel-hall-llc-purchases-new-position-in-taiwan-semiconductor-manufacturing-company-ltd-tsm-2026-07-06/,"Abel Hall LLC has initiated a new position in Taiwan Semiconductor Manufacturing Company Ltd. (TSM) during Q1, acquiring 2,562 shares valued at $866,000. This comes as institutional ownership in TSMC reaches 16.51% and company insiders, including VPs Lipen Yuan and Bor-Zen Tien, have also recently increased their holdings. Analysts maintain a ""Buy"" consensus rating on TSM, with several firms raising price targets, amid the company's expansion of 3-nanometer capacity globally due to strong AI and advanced chip demand.",0.490128,Bullish,1.000000,0.479962,Bullish
20260706T075538,TSM,Taiwan Semiconductor,DGS Capital Management LLC Has $9.30 Million Holdings in Taiwan Semiconductor Manufacturing Company Ltd. $TSM,MarketBeat,https://www.marketbeat.com/instant-alerts/filing-dgs-capital-management-llc-has-930-million-holdings-in-taiwan-semiconductor-manufacturing-company-ltd-tsm-2026-07-06/,"DGS Capital Management LLC increased its stake in Taiwan Semiconductor Manufacturing Company Ltd. (TSM) by 8.6% in the first quarter, now holding 27,531 shares valued at approximately $9.3 million, making it their 9th largest position. The article highlights TSMC's strong financial results with $3.11 EPS and $30.65 billion revenue, a raised quarterly dividend of $1.1136 per share, and a consensus ""Buy"" rating from analysts with an average price target of $449.38. It also notes insider buying and TSMC's ongoing expansion of 3-nanometer capacity across multiple locations.",0.144974,Neutral,1.000000,0.488943,Bullish
20260706T081035,TSM,Taiwan Semiconductor,"Hodges Capital Management Inc. Sells 8,924 Shares of Taiwan Semiconductor Manufacturing Company Ltd. $TSM",MarketBeat,https://www.marketbeat.com/instant-alerts/filing-hodges-capital-management-inc-sells-8924-shares-of-taiwan-semiconductor-manufacturing-company-ltd-tsm-2026-07-06/,"Hodges Capital Management Inc. reduced its stake in Taiwan Semiconductor Manufacturing Company Ltd. (NYSE:TSM) by 18.7% in the first quarter, selling 8,924 shares and retaining 38,677 shares valued at $13.07 million. Despite this sale, TSMC remains Hodges Capital's 28th largest position, accounting for 1.1% of its portfolio. Analysts maintain a ""Buy"" consensus rating on TSM with an average price target of $449.38, and the company recently raised its quarterly dividend to $1.1136 per share.",0.049814,Neutral,0.346112,0.024341,Neutral
20260706T082538,TSM,Taiwan Semiconductor,"5,133 Shares in Taiwan Semiconductor Manufacturing Company Ltd. $TSM Bought by Collaborative Fund Advisors LLC",MarketBeat,https://www.marketbeat.com/instant-alerts/filing-5133-shares-in-taiwan-semiconductor-manufacturing-company-ltd-tsm-bought-by-collaborative-fund-advisors-llc-2026-07-06/,"Collaborative Fund Advisors LLC has acquired a new stake of 5,133 shares in Taiwan Semiconductor Manufacturing Company Ltd. (TSM) during the first quarter, valued at approximately $1.735 million. This purchase is part of broader institutional interest, with several other hedge funds also recently adding small positions in the semiconductor giant. TSMC has demonstrated strong financial performance, reporting $3.11 EPS and $30.65 billion in revenue for the quarter, and has increased its quarterly dividend to $1.1136 per share, reflecting analyst confidence and robust demand driven by AI and advanced chip technologies.",0.270227,Somewhat-Bullish,1.000000,0.400066,Bullish
20260706T101034,TSM,Taiwan Semiconductor,"Kathmere Capital Management LLC Acquires 4,458 Shares of Taiwan Semiconductor Manufacturing Company Ltd. $TSM",MarketBeat,https://www.marketbeat.com/instant-alerts/filing-kathmere-capital-management-llc-acquires-4458-shares-of-taiwan-semiconductor-manufacturing-company-ltd-tsm-2026-07-06/,"Kathmere Capital Management LLC recently increased its stake in Taiwan Semiconductor Manufacturing Company Ltd. (TSM) by 30.1% in the first quarter, acquiring an additional 4,458 shares and bringing its total holdings to 19,258 shares valued at approximately $6.5 million. TSMC continues to demonstrate strong financial performance with high profitability metrics and recently raised its quarterly dividend, reflecting confidence in its cash generation. Analysts largely maintain a ""Buy"" rating on the stock, despite some recent broader market pullbacks in the semiconductor sector.",0.26111,Somewhat-Bullish,1.000000,0.443222,Bullish
20260706T141034,TSM,Taiwan Semiconductor,Taiwan Semiconductor Manufacturing Co Ltd Stock (TSM) Moved Up by 4.83% on Jul 6: What Signal Does It Send?,TradingKey,https://www.tradingkey.com/news/market-movers/262013397-market-movers-tsm-20260706,"Taiwan Semiconductor Manufacturing Co Ltd (TSM) saw its stock rise by 4.83% on July 6th, driven by institutional momentum and positive market updates, including Citigroup's prediction that the company will raise its 2026 revenue growth projections. This optimism is fueled by TSMC's dominant 70% share of the dedicated foundry market, strong demand for AI chips, and strategic factors like potential price hikes and manufacturing tax credits. Despite some intraday volatility and prior concerns like high capital expenditures, buyers ultimately pushed the stock higher.",0.36895,Bullish,1.000000,0.478760,Bullish
20260707T124342,TSM,Taiwan Semiconductor,Alphabet Vs. Taiwan Semiconductor: What Is The Better Stock To Buy Right Now,24/7 Wall St.,https://247wallst.com/investing/2026/07/07/alphabet-vs-taiwan-semiconductor-what-is-the-better-stock-to-buy-right-now/,"This article analyzes Google (Alphabet) and Taiwan Semiconductor (TSMC), comparing their Q1 2026 financial performances and AI strategies. Alphabet is presented as having a cleaner approach to AI operational leverage through its vertical TPU stack and in-house packaging decisions, while TSMC faces capital-intensive challenges and potential margin dilution from its advanced capacity build-out. The author suggests Alphabet might be the better stock for pure AI operational leverage, whereas TSMC offers exposure to raw manufacturing scarcity.",0.076036,Neutral,1.000000,-0.132503,Neutral
20260707T141500,TSM,Taiwan Semiconductor,Taiwan Semiconductor Manufacturing Co Ltd Stock (TSM) Moved Down by 3.74% on Jul 7: Key Drivers Unveiled,TradingKey,https://www.tradingkey.com/news/market-movers/262016394-market-movers-tsm-20260707,"Taiwan Semiconductor Manufacturing Co Ltd (TSM) stock declined by 3.74% on July 7th due to a broader semiconductor sector sell-off, driven by investor concerns about AI capital expenditure profitability and rising energy prices fueling inflation fears. Despite this pullback, institutional sentiment remains robust, with analysts optimistic about upcoming Q2 earnings and TSMC's dominant market position, suggesting the drop is a sector-wide de-risking rather than a reflection of deteriorating company fundamentals. The article also highlights company-specific risks such as aggressive capital expenditures and valuation concerns.",-0.091277,Neutral,1.000000,-0.289720,Somewhat-Bearish
20260707T144024,TSM,Taiwan Semiconductor,3 AI Stocks That Could Outperform the S&P 500 for Years to Come,The Globe and Mail,https://www.theglobeandmail.com/investing/markets/stocks/GOOG-Q/pressreleases/3165415/3-ai-stocks-that-could-outperform-the-sp-500-for-years-to-come/,"This article identifies three AI stocks—Micron Technology, Alphabet, and Taiwan Semiconductor Manufacturing—that are poised for long-term outperformance against the S&P 500. Each company plays a critical role in the expanding AI ecosystem, from memory processors and AI models to essential chip manufacturing. The piece highlights their strong financial performance and strategic market positions as reasons for their continued growth potential in the AI era.",0.583244,Bullish,1.000000,0.644549,Bullish
20260707T173000,TSM,Taiwan Semiconductor,This Semiconductor ETF Is Up 58% This Year and Doesn’t Own TSMC,24/7 Wall St.,https://247wallst.com/investing/etf/2026/07/07/this-semiconductor-etf-is-up-58-this-year-and-doesnt-own-tsmc/,"The VanEck Fabless Semiconductor ETF (SMHX) has seen a significant 58% year-to-date increase in 2026, primarily due to its focus on AI chip designers like NVIDIA and AMD. This fund intentionally excludes Taiwan Semiconductor Manufacturing (TSMC), the world's largest chip foundry, because SMHX only invests in ""fabless"" companies that design chips but outsource manufacturing. Despite the exclusion, TSMC itself has also performed strongly, up nearly 50% this year, riding the same AI wave.",0.33181,Somewhat-Bullish,0.921797,0.229716,Somewhat-Bullish
20260707T174024,TSM,Taiwan Semiconductor,"Up 102% in 2026, This Chip ETF Mysteriously Avoids Taiwan Semiconductor",24/7 Wall St.,https://247wallst.com/investing/etf/2026/07/07/up-102-in-2026-this-chip-etf-mysteriously-avoids-taiwan-semiconductor/,"The Invesco Semiconductors ETF (PSI) has seen a staggering 102% gain in 2026, largely by focusing on chip designers and equipment makers like AMD and MaxLinear, rather than semiconductor manufacturers. Interestingly, the ETF excludes Taiwan Semiconductor Manufacturing (TSMC), the world's largest independent chip foundry, because TSMC's ADR status conflicts with PSI's US-focused index construction. This exclusion, despite TSMC's significant market cap and strong performance, has allowed PSI to capture gains from companies that have outpaced the foundry stock this year.",0.249807,Somewhat-Bullish,0.915494,0.118195,Neutral
20260707T194023,TSM,Taiwan Semiconductor,"Fund Update: 332,404 TAIWAN SEMICONDUCTOR MANUFACTURING (TSM) shares added to Sarasin & Partners LLP portfolio",Quiver Quantitative,https://www.quiverquant.com/news/Fund+Update%3A+332%2C404+TAIWAN+SEMICONDUCTOR+MANUFACTURING+%28TSM%29+shares+added+to+Sarasin+%26+Partners+LLP+portfolio,"Sarasin & Partners LLP has increased its holdings in Taiwan Semiconductor Manufacturing (TSM) by adding 332,404 shares to its portfolio, as revealed in a recent SEC 13F filing for the reporting period ending June 30, 2026. The article also details significant institutional investor activity, insider trading, congressional stock trades, analyst ratings, and price targets for TSM.",0.191693,Somewhat-Bullish,1.000000,0.272089,Somewhat-Bullish
20260708T084342,TSM,Taiwan Semiconductor,Geneva Partners LLC Takes Position in Taiwan Semiconductor Manufacturing Company Ltd. $TSM,MarketBeat,https://www.marketbeat.com/instant-alerts/filing-geneva-partners-llc-takes-position-in-taiwan-semiconductor-manufacturing-company-ltd-tsm-2026-07-08/,"Geneva Partners LLC has initiated a new position in Taiwan Semiconductor Manufacturing Company Ltd. (TSM) during the first quarter, acquiring 14,845 shares valued at approximately $5.0 million. This makes TSM the 19th largest holding in Geneva Partners LLC's portfolio. The article also highlights strong analyst sentiment, with a consensus ""Buy"" rating and a target price of $449.38, alongside recent insider buying activity and solid financial performance from TSM.",0.321547,Somewhat-Bullish,1.000000,0.316906,Somewhat-Bullish
20260708T094342,TSM,Taiwan Semiconductor,Semiconductor domination a ‘risk’ for Taiwan’s top university,Times Higher Education,https://www.timeshighereducation.com/news/semiconductor-domination-risk-taiwans-top-university,"The president of National Taiwan University (NTU), Wen-Chang Chen, warns that Taiwan's dominance in the global semiconductor industry, while attracting talent and industry engagement, risks creating an imbalance in its education system and society. He states that the allure of semiconductor careers might overshadow other important academic fields and lead to a lack of diversification. Chen emphasizes the need to maintain balance and support other areas of advantage, despite the rapid growth of the semiconductor sector.",0.13482,Neutral,0.991015,0.208055,Somewhat-Bullish
20260708T113900,TSM,Taiwan Semiconductor,Revenue and Growth Outlook Affirm Why Taiwan Semiconductor Manufacturing Co. (TSM) is a Top AI Stock on Wall Street’s Radar,Insider Monkey,https://www.insidermonkey.com/blog/revenue-and-growth-outlook-affirm-why-taiwan-semiconductor-manufacturing-co-tsm-is-a-top-ai-stock-on-wall-streets-radar-1798006/,"Citi has reiterated a Buy rating on Taiwan Semiconductor Manufacturing Co. (TSM), raising its price target to NT$3,800, citing strong demand for advanced AI chips and TSM's competitive edge in manufacturing. The research firm believes TSM is well-positioned to raise its 2026 revenue growth outlook and long-term targets. This optimism stems from stronger visibility into AI-related demand, benefiting from wafer pricing increases and leadership in advanced packaging.",0.440471,Bullish,1.000000,0.407703,Bullish
20260708T154156,TSM,Taiwan Semiconductor,Worker shortage endangers US chip production plans,Taipei Times,https://www.taipeitimes.com/News/biz/archives/2026/07/09/2003860430,"A report from McKinsey & Co, SEMI, and the National Science Foundation indicates that a growing shortage of high-skilled workers threatens to jeopardize US semiconductor production plans. This deficit, projected to reach 157,000 workers by 2030, could delay the construction of new chip plants and undermine federal grants aimed at boosting domestic chip manufacturing. The problem stems from few US engineering students entering the chip industry, with most opting for software fields like AI.",-0.251982,Somewhat-Bearish,1.000000,-0.335890,Somewhat-Bearish
20260709T095107,TSM,Taiwan Semiconductor,[Form 4] TAIWAN SEMICONDUCTOR MANUFACTURING CO LTD Insider Trading Activity,Stock Titan,https://www.stocktitan.net/sec-filings/TSM/form-4-taiwan-semiconductor-manufacturing-co-ltd-insider-trading-acti-7080b9c37c01.html,"TAIWAN SEMICONDUCTOR MANUFACTURING CO LTD VP Tien Bor-Zen reported net open-market purchases of 46 common shares of TSMC at $76.62 per share through the company’s Employee Stock Purchase Plan. Following these transactions, direct holdings include 12,051 common shares and 107 American Depositary Shares, while indirect holdings include shares held for an immediate family member, by an ESPP trust, and by a spouse. This Form 4 filing details acquisitions and beneficial ownership changes, emphasizing the insider's increased stake in the company.",0.018977,Neutral,1.000000,0.014601,Neutral
20260709T185107,TSM,Taiwan Semiconductor,TSMC Q2 Earnings Preview: Why Should You Buy TSM Stock Before July 16?,TradingView,https://www.tradingview.com/news/zacks:5790d260a094b:0-tsmc-q2-earnings-preview-why-should-you-buy-tsm-stock-before-july-16/,"Taiwan Semiconductor (TSM) is set to release its Q2 2026 earnings on July 16, with strong expectations driven by robust AI demand, strategic expansion, and consistent earnings beats. The company's EPS is estimated to rise significantly, and revenues are projected for substantial year-over-year growth, underpinned by its leading-edge process technologies and increased capital expenditure in AI-related chips. With a positive Earnings ESP and a Zacks Rank of 2, TSM is considered an attractive buying opportunity ahead of its earnings report.",0.314273,Somewhat-Bullish,1.000000,0.449302,Bullish
20260710T084111,TSM,Taiwan Semiconductor,Taiwan Semiconductor Manufacturing Company Ltd. $TSM Shares Bought by Equitable Trust Co.,MarketBeat,https://www.marketbeat.com/instant-alerts/filing-taiwan-semiconductor-manufacturing-company-ltd-tsm-shares-bought-by-equitable-trust-co-2026-07-10/,"Equitable Trust Co. increased its holdings in Taiwan Semiconductor Manufacturing Company Ltd. (TSM) by 3.7% in the first quarter, now owning 45,349 shares valued at $15.3 million. Wall Street analysts maintain a ""Buy"" rating for TSM with an average price target of $449.38, supported by the company's strong quarterly results including beating EPS estimates and a 40.6% year-over-year revenue increase. TSMC also raised its quarterly dividend to $1.1136 per share, indicating continued financial strength.",0.27882,Somewhat-Bullish,1.000000,0.447539,Bullish
20260710T084111,TSM,Taiwan Semiconductor,"Ibex Wealth Advisors Acquires 3,593 Shares of Taiwan Semiconductor Manufacturing Company Ltd. $TSM",MarketBeat,https://www.marketbeat.com/instant-alerts/filing-ibex-wealth-advisors-acquires-3593-shares-of-taiwan-semiconductor-manufacturing-company-ltd-tsm-2026-07-10/,"Ibex Wealth Advisors increased its stake in Taiwan Semiconductor Manufacturing Company Ltd. (TSM) by 10.8% in the first quarter, purchasing 3,593 additional shares to bring its total holdings to 36,723 shares valued at $12.4 million. Wall Street analysts maintain a positive outlook on TSMC, with a consensus ""Buy"" rating and an average target price of $449.38. The company recently reported strong quarterly earnings, beating EPS estimates, growing revenue by 40.6% year-over-year, and increasing its quarterly dividend.",0.407181,Bullish,1.000000,0.441933,Bullish
20260710T100922,TSM,Taiwan Semiconductor,Stiles Financial Services Inc Grows Position in Taiwan Semiconductor Manufacturing Company Ltd. $TSM,MarketBeat,https://www.marketbeat.com/instant-alerts/filing-stiles-financial-services-inc-grows-position-in-taiwan-semiconductor-manufacturing-company-ltd-tsm-2026-07-10/,"Stiles Financial Services Inc. significantly increased its stake in Taiwan Semiconductor Manufacturing Company (TSM) by 47.9% in the first quarter, bringing its total holdings to $2.177 million. Several other institutional investors also adjusted their positions in TSM, with analysts maintaining a ""Buy"" consensus rating and a target price of $449.38. The company recently reported strong quarterly results, exceeding EPS expectations, showing 40.6% year-over-year revenue growth, and raising its quarterly dividend.",0.425717,Bullish,1.000000,0.413267,Bullish
20260710T100923,TSM,Taiwan Semiconductor,"Main Street Research LLC Buys 5,012 Shares of Taiwan Semiconductor Manufacturing Company Ltd. $TSM",MarketBeat,https://www.marketbeat.com/instant-alerts/filing-main-street-research-llc-buys-5012-shares-of-taiwan-semiconductor-manufacturing-company-ltd-tsm-2026-07-10/,"Main Street Research LLC increased its stake in Taiwan Semiconductor Manufacturing Company Ltd. (TSM) by 2.3% in the first quarter, purchasing 5,012 additional shares and bringing its total holdings to 223,159 shares valued at approximately $75.4 million. The company continues to show strong fundamentals, exceeding EPS estimates and reporting significant revenue growth year over year. Analysts maintain a bullish outlook on TSM, with a consensus ""Buy"" rating and an average price target of $449.38, while the company also announced an increase in its quarterly dividend.",0.417436,Bullish,1.000000,0.423002,Bullish
20260710T100923,TSM,Taiwan Semiconductor,Taiwan Semiconductor Manufacturing Company Ltd. $TSM Stake Boosted by Whipplewood Advisors LLC,MarketBeat,https://www.marketbeat.com/instant-alerts/filing-taiwan-semiconductor-manufacturing-company-ltd-tsm-stake-boosted-by-whipplewood-advisors-llc-2026-07-10/,"Whipplewood Advisors LLC significantly increased its stake in Taiwan Semiconductor Manufacturing Company (TSM) by 484.5% in the first quarter, holding 1,473 shares worth $498,000. TSM reported strong first-quarter earnings, beating estimates with EPS of $3.49 and revenue up 40.6% year-over-year, and raised its quarterly dividend. Analysts anticipate continued growth due to demand from AI and advanced-chip technologies.",0.302903,Somewhat-Bullish,1.000000,0.461793,Bullish
20260710T120922,TSM,Taiwan Semiconductor,Taiwan Semiconductor Is a No-Brainer Buy Before July 16 Earnings. Here’s Why,24/7 Wall St.,https://247wallst.com/investing/2026/07/10/taiwan-semiconductor-is-a-no-brainer-buy-before-july-16-earnings-heres-why/?.tsrc=rss,"Taiwan Semiconductor Manufacturing (TSM) is presented as a strong buy ahead of its July 16 earnings report, with high probabilities of beating Q2 consensus. The company shows robust revenue growth, expanding gross margins, and a valuation that is outpaced by its growth rate. TSM also leads in advanced manufacturing, funding its ambitious capital expenditure plans through strong free cash flow, unlike competitors like Intel and GlobalFoundries.",0.015063,Neutral,0.338935,0.013400,Neutral
20260710T231044,TSM,Taiwan Semiconductor,Taiwan Semiconductor Manufacturing (TSM) Could Be 9% Above Fair Value On Q2 Optimism,Simply Wall Street,https://simplywall.st/stocks/us/semiconductors/nyse-tsm/taiwan-semiconductor-manufacturing/news/taiwan-semiconductor-manufacturing-tsm-could-be-9-above-fair,"Taiwan Semiconductor Manufacturing (TSM) is gaining attention due to its exposure to advanced AI chips and upcoming Q2 results. While a leading narrative suggests the stock is 8.5% overvalued with a $400 fair value, its current P/E of 32.8x is significantly below its peer average, presenting a mixed sentiment for investors. The article highlights TSM's strong momentum and positioning in the AI infrastructure wave but also points out risks such as customer concentration and geopolitical sensitivities.",0.322005,Somewhat-Bullish,1.000000,0.256831,Somewhat-Bullish
20260711T104009,TSM,Taiwan Semiconductor,Taiwan Semiconductor Manufacturing (NYSE:TSM) Announces NT$155.6b Q4 Cash Dividend,Yahoo Finance Singapore,https://sg.finance.yahoo.com/news/taiwan-semiconductor-manufacturing-nyse-tsm-101041247.html,"Taiwan Semiconductor Manufacturing (TSM) has announced a substantial cash dividend of NT$6 per share for the fourth quarter, totaling NT$155.6 billion, signaling strong cash generation and a commitment to shareholder returns. This payout reinforces the company's ability to fund significant capital expenditures while distributing profits. The decision is set against a backdrop of increasing AI-driven demand and TSM's critical role in the global chip supply chain, aligning management's interests with shareholders.",0.321268,Somewhat-Bullish,1.000000,0.483474,Bullish
20260711T134009,TSM,Taiwan Semiconductor,"Candriam S.C.A. Sells 108,141 Shares of Taiwan Semiconductor Manufacturing Company Ltd. $TSM",MarketBeat,https://www.marketbeat.com/instant-alerts/filing-candriam-sca-sells-108141-shares-of-taiwan-semiconductor-manufacturing-company-ltd-tsm-2026-07-11/,"Candriam S.C.A. decreased its stake in Taiwan Semiconductor Manufacturing Company Ltd. (NYSE:TSM) by 14.2% in the first quarter, selling over 108,000 shares. Despite this, the company remains Candriam's 11th largest holding, valued at $221.6 million. The article also notes strong financial results for TSM, including beating EPS estimates and a 40.6% revenue increase year-over-year, alongside several analyst price target upgrades and a dividend increase.",0.34545,Somewhat-Bullish,1.000000,0.403841,Bullish
20260711T144009,TSM,Taiwan Semiconductor,Sumitomo Mitsui Trust Group Inc. Decreases Stake in Taiwan Semiconductor Manufacturing Company Ltd. $TSM,MarketBeat,https://www.marketbeat.com/instant-alerts/filing-sumitomo-mitsui-trust-group-inc-decreases-stake-in-taiwan-semiconductor-manufacturing-company-ltd-tsm-2026-07-11/,"Sumitomo Mitsui Trust Group Inc. reduced its stake in Taiwan Semiconductor Manufacturing Company Ltd. (TSM) by 11.2% in the first quarter, selling 47,467 shares. Despite this, TSMC continues to show strong fundamentals, including beating EPS estimates, a 40.6% year-over-year revenue increase, and a raised quarterly dividend. The article also highlights insider buying as a sign of confidence from management and positive analyst revisions, although potential competition from Japan's Rapidus is noted as a concern.",0.371748,Bullish,1.000000,0.497190,Bullish
20260711T144009,TSM,Taiwan Semiconductor,"Kornitzer Capital Management Inc. KS Buys 3,173 Shares of Taiwan Semiconductor Manufacturing Company Ltd. $TSM",MarketBeat,https://www.marketbeat.com/instant-alerts/filing-kornitzer-capital-management-inc-ks-buys-3173-shares-of-taiwan-semiconductor-manufacturing-company-ltd-tsm-2026-07-11/,"Kornitzer Capital Management Inc. KS increased its stake in Taiwan Semiconductor Manufacturing Company Ltd. (TSM) by 2.8% in the first quarter, adding 3,173 shares to its portfolio, bringing the total to 116,562 shares valued at approximately $39.4 million. Wall Street analysts maintain a ""Buy"" rating for TSM, with an average price target of $449.38, following strong quarterly results that included earnings of $3.49 per share and a raised quarterly dividend of $1.1136 per share. The company's stock performance shows a market capitalization of $2.25 trillion, and it has experienced significant insider buying recently, reflecting management's confidence despite some competitive concerns.",0.350681,Bullish,1.000000,0.415230,Bullish
20260712T154056,TSM,Taiwan Semiconductor,"Diversify Wealth Management LLC Buys 111,142 Shares of Taiwan Semiconductor Manufacturing Company Ltd. $TSM",MarketBeat,https://www.marketbeat.com/instant-alerts/filing-diversify-wealth-management-llc-buys-111142-shares-of-taiwan-semiconductor-manufacturing-company-ltd-tsm-2026-07-12/,"Diversify Wealth Management LLC significantly increased its stake in Taiwan Semiconductor Manufacturing Company Ltd. (TSM) by 986% in the first quarter, adding 111,142 shares to reach a total of 122,414 shares valued at $41.37 million. This move comes as TSM reported strong earnings, beating estimates with a 40.6% year-over-year revenue increase and raising its quarterly dividend. Analyst sentiment for TSM remains positive, with an average ""Buy"" rating and a target price of $449.38.",0.272666,Somewhat-Bullish,1.000000,0.461785,Bullish
20260712T154056,TSM,Taiwan Semiconductor,TSMC to build 3 new packaging fabs in Chiayi Science Park's Phase II,Taipei Times,https://www.taipeitimes.com/News/biz/archives/2026/07/13/2003860634,"TSMC plans to build three new advanced packaging facilities in Phase II of the Chiayi Science Park, as announced by National Science and Technology Council Minister Wu Cheng-wen. This expansion aims to bolster the regional economy, transform Chiayi into a global semiconductor packaging hub, and meet increasing demand for high-performance computing chips. The expanded park is expected to generate over NT$300 billion in annual output and create 9,000 jobs.",0.456857,Bullish,1.000000,0.817232,Bullish
20260712T174056,TSM,Taiwan Semiconductor,"Vantage Investment Partners LLC Purchases 74,198 Shares of Taiwan Semiconductor Manufacturing Company Ltd. $TSM",MarketBeat,https://www.marketbeat.com/instant-alerts/filing-vantage-investment-partners-llc-purchases-74198-shares-of-taiwan-semiconductor-manufacturing-company-ltd-tsm-2026-07-12/,"Vantage Investment Partners LLC significantly increased its stake in Taiwan Semiconductor Manufacturing Company Ltd. (TSM) by 138.5% in the first quarter, purchasing an additional 74,198 shares. This brings their total holdings to 127,778 shares, valued at approximately $43.2 million. Other institutional investors have also increased their positions, contributing to a total institutional ownership of 16.51% of TSM stock.",0.404635,Bullish,1.000000,0.479266,Bullish
20260713T034300,TSM,Taiwan Semiconductor,"TSMC to add 2 advanced chip packaging plants in Chiayi, Taiwan minister says",Reuters,https://www.reuters.com/world/asia-pacific/tsmc-add-2-advanced-chip-packaging-plants-chiayi-taiwan-minister-says-2026-07-13/,"Taiwan Semiconductor Manufacturing Co (TSMC) plans to construct two more advanced chip packaging plants in the Chiayi Science Park, as announced by Taiwan's science and technology minister. This expansion will bring the total number of advanced packaging plants in the park to four, significantly boosting TSMC's capacity to meet the soaring demand for AI chips from companies like Nvidia. The project is expected to generate over 300 billion Taiwan dollars in annual production value and create more than 9,000 jobs.",0.371487,Bullish,1.000000,0.442308,Bullish
20260713T061022,TSM,Taiwan Semiconductor,"TSMC, the world's largest contract chipmaker, reports 68% surge in June revenue",CNBC,https://www.cnbc.com/2026/07/13/tsmc-june-revenue-rises-percent-ahead-second-quarter.html,"TSMC, the world's largest contract chipmaker, reported a significant 68% year-on-year surge in June revenue, reaching NT$442.68 billion. The company's first-half revenue for 2026 also saw a 35.6% increase to NT$2.4 trillion, exceeding analyst expectations and its own high-end guidance for the second quarter. This robust performance is attributed to strong demand in the AI sector, with TSMC's N3 nodes reportedly sold out.",0.377891,Bullish,0.305177,0.022954,Neutral
20260713T181113,TSM,Taiwan Semiconductor,5 Stocks That Can Win or Lose After Taiwan Semiconductor Earnings,24/7 Wall St.,https://247wallst.com/investing/2026/07/13/5-stocks-that-can-win-or-lose-after-taiwan-semiconductor-earnings/,"Taiwan Semiconductor Manufacturing (TSM) is set to release its Q2 2026 earnings, which are highly anticipated due to TSM's critical role as the world's largest contract foundry, particularly for AI-related components. The earnings report, especially commentary on CoWoS packaging capacity and N2 ramp timing, will significantly impact several major fabless chip designers and their stock performance. Qualcomm, Apple, Broadcom, Advanced Micro Devices (AMD), and NVIDIA are identified as key companies whose prospects could be directly affected by TSM's results, given their reliance on TSM's advanced manufacturing and packaging technologies.",0.114702,Neutral,1.000000,0.249596,Somewhat-Bullish
20260714T053954,TSM,Taiwan Semiconductor,Should You Buy Taiwan Semiconductor Stock Before the Huge Investor Update?,The Globe and Mail,https://www.theglobeandmail.com/investing/markets/markets-news/motley/3265233/should-you-buy-taiwan-semiconductor-stock-before-the-huge-investor-update/,"This article discusses whether investors should buy Taiwan Semiconductor Manufacturing Company (TSM) stock ahead of its upcoming investor update. While the company is preparing for a significant announcement, the Motley Fool's Stock Advisor team did not include TSM in their list of top 10 best stocks to buy now, suggesting other companies might offer better returns. The article highlights the impressive historical returns of Stock Advisor recommendations like Netflix and Nvidia, encouraging readers to explore their latest stock picks.",0.102492,Neutral,1.000000,-0.220325,Somewhat-Bearish
20260714T083954,TSM,Taiwan Semiconductor,Calamos Wealth Management LLC Grows Holdings in Taiwan Semiconductor Manufacturing Company Ltd. $TSM,MarketBeat,https://www.marketbeat.com/instant-alerts/filing-calamos-wealth-management-llc-grows-holdings-in-taiwan-semiconductor-manufacturing-company-ltd-tsm-2026-07-14/,"Calamos Wealth Management LLC has increased its stake in Taiwan Semiconductor Manufacturing Company Ltd. ($TSM) by 8.3% in the first quarter of 2026, bringing its total holdings to 47,774 shares valued at $16.1 million. Analyst sentiment remains bullish with an average ""Buy"" rating and a target price of $449.38. The company reported strong Q1 earnings with $3.49 EPS and $35.49 billion in revenue, and has also raised its quarterly dividend.",0.310326,Somewhat-Bullish,1.000000,0.473234,Bullish
20260714T103955,TSM,Taiwan Semiconductor,Taiwan Semiconductor Manufacturing Company Ltd. $TSM Shares Sold by State of Michigan Retirement System,MarketBeat,https://www.marketbeat.com/instant-alerts/filing-taiwan-semiconductor-manufacturing-company-ltd-tsm-shares-sold-by-state-of-michigan-retirement-system-2026-07-14/,"The State of Michigan Retirement System reduced its holdings in Taiwan Semiconductor Manufacturing Company Ltd. ($TSM) by 10.8% in the first quarter, selling 16,000 shares. Despite this, TSMC reported strong quarterly results and raised its dividend, driven by continued demand for AI-related chips. Analysts maintain a ""Buy"" rating with a consensus price target of $449.38.",0.466663,Bullish,1.000000,0.455521,Bullish
20260714T204111,TSM,Taiwan Semiconductor,TSMC (TSM) Stock Still Looks Undervalued Despite A Very Large Run,Simply Wall Street,https://simplywall.st/stocks/us/semiconductors/nyse-tsm/taiwan-semiconductor-manufacturing/news/tsmc-tsm-stock-still-looks-undervalued-despite-a-very-large,"Despite a significant 3-year gain of 316%, Taiwan Semiconductor Manufacturing (TSMC) stock appears undervalued according to both Discounted Cash Flow (DCF) analysis and earnings multiples. Strong demand for AI chips and capacity expansion support future cash flow expectations, leading to an estimated intrinsic value 12.8% above the current share price. The P/E ratio of 33.2x is also considerably lower than the semiconductor industry average, suggesting a discount that might compensate for geopolitical risks and capital expenditure needs.",0.30333,Somewhat-Bullish,1.000000,0.408809,Bullish
20260714T204112,TSM,Taiwan Semiconductor,Taiwan's Semiconductor Ecosystem Logs Full-Sweep Gains Ahead of TSMC Earnings Thursday,Tech Times,https://www.techtimes.com/articles/320505/20260714/taiwans-semiconductor-ecosystem-logs-full-sweep-gains-ahead-tsmc-earnings-thursday.htm,"Ahead of TSMC's Q2 2026 earnings report, Taiwan's entire semiconductor ecosystem showed a full-sweep of year-over-year growth across all 13 tracked segments in June 2026, driven by unprecedented demand from AI accelerator chips. This structural shift, where AI infrastructure strains multiple layers of the supply chain simultaneously—from silicon fabrication and advanced packaging to high-bandwidth memory and substrates—is causing shortages across the board. The article highlights that these pervasive constraints, particularly in CoWoS packaging and ABF substrates, are expected to persist well into 2027 and could lead to higher prices for high-end consumer devices.",0.370951,Bullish,1.000000,0.455865,Bullish
20260714T214111,TSM,Taiwan Semiconductor,"Taiwan Semiconductor Manufacturing Company Limited (TSM) Not at Risk of Losing Competitive Edge, CEO Says",Yahoo! Finance Canada,https://ca.finance.yahoo.com/news/taiwan-semiconductor-manufacturing-company-limited-214512031.html,"TSMC's CEO C.C. Wei stated that the company is not losing its competitive edge in next-generation chip manufacturing, despite rivals like Intel reportedly using advanced ASML High-NA EUV lithography machines. Wei confirmed TSMC has purchased the equipment and is conducting R&D, waiting for the technology to become financially profitable for mass production. The company is prioritizing manufacturing economics and efficiency to reduce costs before full deployment.",0.193361,Somewhat-Bullish,1.000000,0.427847,Bullish
20260714T214122,TSM,Taiwan Semiconductor,"Taiwan Semiconductor Manufacturing Company Limited (TSM) Not at Risk of Losing Competitive Edge, CEO Says",Yahoo Finance,https://finance.yahoo.com/markets/stocks/articles/taiwan-semiconductor-manufacturing-company-limited-214512031.html,"TSMC CEO C.C. Wei has assured shareholders that the company is not losing its competitive advantage in next-generation chip manufacturing, despite rivals like Intel already using advanced High-NA EUV lithography machines. Wei stated that TSMC has purchased these machines and is conducting R&D, but will only deploy them for high-volume production when it becomes financially profitable, prioritizing manufacturing economics and efficiency.",0.196264,Somewhat-Bullish,1.000000,0.443857,Bullish
20260715T104122,TSM,Taiwan Semiconductor,NFSG Corp Boosts Stake in Taiwan Semiconductor Manufacturing Company Ltd. $TSM,MarketBeat,https://www.marketbeat.com/instant-alerts/filing-nfsg-corp-boosts-stake-in-taiwan-semiconductor-manufacturing-company-ltd-tsm-2026-07-15/,"NFSG Corp significantly increased its stake in Taiwan Semiconductor Manufacturing Company Ltd. (TSM) by 284.9% in the first quarter, now holding 3,545 shares valued at $1.2 million. Other institutional investors also raised their positions, with 16.51% of TSM stock held by hedge funds and institutions. Analysts maintain a ""Moderate Buy"" consensus with an average price target of $449.38, driven by strong revenue growth and expectations from the booming AI semiconductor market, despite one recent downgrade.",0.242754,Somewhat-Bullish,1.000000,0.453861,Bullish
20260715T174711,TSM,Taiwan Semiconductor,TSMC Earnings Will Be a Crucial Test for AI Thursday,Barron's,https://www.barrons.com/articles/tsmc-earnings-stock-price-b6a080b5,Taiwan Semiconductor Manufacturing (TSM) is scheduled to report its second-quarter earnings on Thursday. The company's guidance will be a critical indicator of whether the significant spending on artificial intelligence will continue to drive growth in the chip sector. TSMC's ADRs have already seen a substantial 77% increase over the past year.,0.272173,Somewhat-Bullish,1.000000,0.323649,Somewhat-Bullish
20260716T101800,TSM,Taiwan Semiconductor,Taiwan chipmaker planning to spend another $100B on US manufacturing expansion,The Hill,https://thehill.com/policy/technology/5971554-tsmc-chip-plant-expansion/,"Taiwan Semiconductor Manufacturing Company (TSMC) announced plans to invest an additional $100 billion in U.S. chip facilities, specifically for new semiconductor and advanced packaging fabrication plants in Arizona. This investment aims to further develop the U.S. semiconductor ecosystem, strengthen the supply chain, and create high-tech jobs, building on previous commitments totaling $165 billion. Despite strong quarterly earnings, TSMC's stock saw a slight dip after the announcement.",-0.237712,Somewhat-Bearish,1.000000,-0.236855,Somewhat-Bearish
20260716T114109,TSM,Taiwan Semiconductor,Taiwan computer chipmaker TSMC pledges another $100 billion to expand US chipmaking capacity,Boston Herald,https://www.bostonherald.com/2026/07/16/tsmc-us-chipmaking-expansion/,"Taiwan Semiconductor Manufacturing Co. (TSMC) has announced an additional $100 billion investment to expand its manufacturing capacity in the United States, bringing its total U.S. commitment to $265 billion. This move comes as the company sees runaway demand from the artificial intelligence boom, leading to record high profits and an increased annual revenue forecast. The new investment is expected to fund four more fabrication plants in Arizona, focusing on advanced chip production.",0.335338,Somewhat-Bullish,1.000000,0.476568,Bullish
20260718T010901,TSM,Taiwan Semiconductor,"TSMC Boosts U.S. Investment to $265B, Adding 4 Semiconductor Facilities",ExecutiveGov,https://www.executivegov.com/articles/tsmc-investment-semiconductor-manufacturing,"Taiwan Semiconductor Manufacturing Co. (TSMC) has announced a significant increase in its U.S. investment to a total of $265 billion, adding four new semiconductor production sites, bringing its total to 12 facilities. This expansion is part of a historic U.S.-Taiwan trade and investment agreement finalized in January, aiming to strengthen domestic manufacturing and technological leadership. The deal is also expected to attract an additional $250 billion in Taiwanese capital for the semiconductor supply chain in the U.S.",0.454787,Bullish,1.000000,0.855567,Bullish
20260719T223959,TSM,Taiwan Semiconductor,"TSMC is accelerating Arizona factory buildout to capitalize on AI 'megatrend,' CFO says",CNBC,https://www.cnbc.com/2026/07/20/tsmc-arizona-fab-capacity-ai-chip-demand.html,"TSMC is accelerating its Arizona factory build-out with an additional $100 billion investment, bringing its total commitment to $265 billion, to meet the surging multi-year demand from the AI ""megatrend."" Chief Financial Officer Wendell Huang stated that the company is optimizing its leading-edge capacities and sees the expansion as fostering the U.S. semiconductor ecosystem despite higher construction costs. This move is driven by robust customer demand and strong government support, with 2-nanometer technology expected to be a significant revenue driver.",0.301648,Somewhat-Bullish,0.950161,0.422942,Bullish
20260720T103959,TSM,Taiwan Semiconductor,Taiwan Semiconductor Manufacturing Company Ltd. $TSM Shares Purchased by Wealthfront Advisers LLC,MarketBeat,https://www.marketbeat.com/instant-alerts/filing-taiwan-semiconductor-manufacturing-company-ltd-tsm-shares-purchased-by-wealthfront-advisers-llc-2026-07-20/,"Wealthfront Advisers LLC significantly increased its stake in Taiwan Semiconductor Manufacturing (TSM) during the first quarter, now holding 10,264 shares valued at $3.47 million. Other institutional investors and company insiders also recently acquired shares. TSMC reported strong quarterly results with $4.28 EPS and $39.89 billion in revenue, raising its dividend, and analysts maintain a bullish ""Buy"" rating with an average $490 price target despite some concerns about capital expenditures and a broader chip rout.",0.315492,Somewhat-Bullish,1.000000,0.467815,Bullish
20260720T113300,TSM,Taiwan Semiconductor,Why Intel Vs. Taiwan Semiconductor Isn’t a Real Competition Through The End of 2026,24/7 Wall St.,https://247wallst.com/investing/2026/07/20/why-intel-vs-taiwan-semiconductor-isnt-a-real-competition-through-the-end-of-2026/,"This article argues that Intel (INTC) is not a real competitor to Taiwan Semiconductor Manufacturing (TSM) through the end of 2026 due to TSM's superior financials, advanced technology lead, and strong market position. While Intel is making strides in its foundry business, its 18A node is not expected to reach profitable yields until late 2026 or 2027, leaving TSMC's 2nm commercial lead unchallenged. TSM's high gross margins and record revenue growth further highlight the significant gap between the two companies.",0.012689,Neutral,0.340940,0.016173,Neutral
20260720T113959,TSM,Taiwan Semiconductor,Taiwan indicts ex-TSMC employee over alleged theft of trade secrets for intended use in China,Reuters,https://www.reuters.com/world/asia-pacific/taiwan-indicts-ex-tsmc-employee-over-alleged-theft-trade-secrets-use-china-2026-07-20/,"Taiwanese prosecutors have indicted a former TSMC employee for allegedly stealing 21 trade secret documents related to national core technologies with the intent to use them in China. The former deputy manager at TSMC is accused of conspiring to establish a semiconductor materials analysis company in China and is facing charges under Taiwan's National Security Act and Trade Secrets Act, with prosecutors seeking a seven-year prison sentence. This case marks Taiwan's first involving alleged theft of trade secrets linked to national core technologies for use in China, highlighting growing concerns about intellectual property protection in the semiconductor industry.",-0.173028,Somewhat-Bearish,1.000000,-0.226946,Somewhat-Bearish
20260720T134052,TSM,Taiwan Semiconductor,TSMC Commits Additional $100 Billion to Accelerate Arizona Chip Factory Expansion,TIKR.com,https://www.tikr.com/blog/tsmc-nyse-tsm-stock-commits-additional-100-billion-to-accelerate-arizona-chip-factory-expansion,"Taiwan Semiconductor Manufacturing Company (TSMC) has announced an additional $100 billion investment in its Arizona operations, bringing its total commitment there to $265 billion. This move is driven by a ""multi-year demand mega trend"" from AI customers and is supported by increased 2026 capital spending plans and strong Q2 revenue results. Despite a volatile week for its stock, TSMC's management remains focused on business fundamentals and the long-term demand for AI chips.",0.425649,Bullish,1.000000,0.425323,Bullish
20260720T214052,TSM,Taiwan Semiconductor,Taiwan Semiconductor Manufacturing (NYSE:TSM) Stock Price Up 1% After Analyst Upgrade,MarketBeat,https://www.marketbeat.com/instant-alerts/taiwan-semiconductor-manufacturing-nysetsm-stock-price-up-1-after-analyst-upgrade-2026-07-20/,"Shares of Taiwan Semiconductor Manufacturing (NYSE:TSM) rose 1% after an analyst upgrade from Zacks Research moved the stock from a ""hold"" to a ""strong-buy"" rating. The stock traded as high as $409.89 and closed at $402.4870 with investor sentiment broadly positive due to strong AI-chip demand and expansion plans in Arizona. Despite some concerns about margin pressure from capital spending, the company's continuous growth prospects and positive analyst ratings contribute to its strong market position.",0.464848,Bullish,1.000000,0.471174,Bullish
20260721T021029,TSM,Taiwan Semiconductor,"TSMC's Speed War: Japan, Taiwan Semiconductor Surge",조선일보,https://www.chosun.com/english/world-en/2026/07/21/XAF6GS7P4RE2HIDBKTKBTKFBSA/,This article discusses TSMC's rapid expansion and its impact on the semiconductor industry in Japan and Taiwan. It highlights the company's strategies and the resulting surge in the semiconductor sector in these regions.,0.318288,Somewhat-Bullish,1.000000,0.334274,Somewhat-Bullish
20260721T021029,TSM,Taiwan Semiconductor,TSMC Deepens U.S. Chip Manufacturing Push With $100B Arizona Expansion,citybiz,https://www.citybiz.co/article/876080/tsmc-deepens-u-s-chip-manufacturing-push-with-100b-arizona-expansion/,"Taiwan Semiconductor Manufacturing Co. (TSMC) is significantly expanding its U.S. presence with an additional $100 billion investment in Arizona, bringing its total commitment to $265 billion across 12 facilities. This expansion aims to bolster U.S. semiconductor supply chain resilience, support AI-driven chip demand, and localize advanced semiconductor production. The investment has attracted a network of suppliers and is fostering an integrated manufacturing ecosystem in Phoenix, with major tech companies like Apple committing to purchase chips from TSMC's Arizona fabs.",0.033215,Neutral,0.339689,0.038958,Neutral
20260721T101033,TSM,Taiwan Semiconductor,Taiwan Semiconductor Manufacturing Company Ltd. $TSM Shares Purchased by Summit Global Investments,MarketBeat,https://www.marketbeat.com/instant-alerts/filing-taiwan-semiconductor-manufacturing-company-ltd-tsm-shares-purchased-by-summit-global-investments-2026-07-21/,"Summit Global Investments increased its holdings in Taiwan Semiconductor Manufacturing Company Ltd. ($TSM) by 13.9% in the first quarter, now owning 14,678 shares valued at approximately $4.96 million. The company reported strong earnings and revenue, with analysts maintaining a ""Buy"" rating and an average target price of $490. TSMC also raised its quarterly dividend, signaling confidence in future growth driven by AI chip demand.",0.442123,Bullish,1.000000,0.436678,Bullish
20260721T101034,TSM,Taiwan Semiconductor,Taiwan computer chipmaker TSMC pledges another $100 billion to expand U.S. chipmaking capacity,constructconnect.com,https://canada.constructconnect.com/dcn/news/usa/2026/07/taiwan-computer-chipmaker-tsmc-pledges-another-100-billion-to-expand-u-s-chipmaking-capacity,"Taiwan Semiconductor Manufacturing Co. (TSMC), a major computer chipmaker, has committed an additional $100 billion to expand its manufacturing capacity in the United States, bringing its total U.S. investment pledges to $265 billion. This move is driven by the surging demand for chips from the artificial intelligence boom, leading TSMC to raise its annual revenue forecast after booking record profits. The company plans to build four additional fabrication plants in Arizona, focusing on advanced 2-nanometer and below chips, further strengthening the U.S. semiconductor ecosystem.",0.542616,Bullish,1.000000,0.812087,Bullish
20260721T121034,TSM,Taiwan Semiconductor,Forget Picking the Next AI Winner: TSM Lets You Profit From Every Wave of the Revolution,24/7 Wall St.,https://247wallst.com/investing/2026/07/21/forget-picking-the-next-ai-winner-tsm-lets-you-profit-from-every-wave-of-the-revolution/,"Taiwan Semiconductor Manufacturing (TSM) offers investors a unique way to profit from the AI revolution without having to predict which specific chip designer will dominate. TSM posted strong Q2 results with revenue up 36% year over year and net income surging 77%, driven by broad AI demand for GPUs, AI accelerators, networking chips, and custom silicon. The company is also benefiting from renewed demand for CPUs in AI data centers, manufacturing chips compatible with x86, ARM, and RISC-V architectures.",0.308902,Somewhat-Bullish,1.000000,0.449472,Bullish
20260721T221030,TSM,Taiwan Semiconductor,Taiwan Semiconductor Manufacturing (NYSE:TSM) Trading Up 5.7% - Should You Buy?,MarketBeat,https://www.marketbeat.com/instant-alerts/taiwan-semiconductor-manufacturing-nysetsm-trading-up-57-should-you-buy-2026-07-21/,"Shares of Taiwan Semiconductor Manufacturing (NYSE:TSM) rose 5.7% recently, driven by positive news including plans to raise chipmaking prices by 5-10% in 2027 and strong Q2 earnings with an improved AI-driven outlook. Analysts maintain a ""Buy"" consensus rating and a target price of $490, despite some concerns about the Arizona expansion's capital spending. The company also increased its quarterly dividend and saw notable insider purchases.",0.432978,Bullish,1.000000,0.433361,Bullish
20260722T134734,TSM,Taiwan Semiconductor,TSMC Reportedly Plans Chip Manufacturing Price Hikes of Up to 10%,TechRepublic,https://www.techrepublic.com/article/news-tsmc-chip-manufacturing-price-increase-2027-taiwan-apac/,"Taiwan Semiconductor Manufacturing Co. (TSMC) is reportedly planning to increase chip manufacturing prices by 5% to 10% next year, affecting both advanced and mature semiconductor deals. This move is attributed to rising costs for materials, equipment, power, and significant investments in expanding manufacturing beyond Taiwan, including a $265 billion commitment to its U.S. operations. The price hikes are expected to impact a wide range of consumer electronics, from smartphones to gaming consoles, potentially leading to further price increases for consumers.",0.324403,Somewhat-Bullish,1.000000,0.238002,Somewhat-Bullish
20260723T004114,TSM,Taiwan Semiconductor,TSMC’s Massive $265B Phoenix Expansion: Job Boom or Water Crisis?,AZ Family,https://www.azfamily.com/video/2026/07/23/tsmcs-massive-265b-phoenix-expansion-job-boom-or-water-crisis/,"Taiwan Semiconductor Manufacturing Company (TSMC) is expanding its operations in North Phoenix with an additional $100 billion investment, bringing its total to $265 billion for up to 10 fabrication facilities. While this expansion promises tens of thousands of jobs, it raises concerns about water usage in the drought-prone region, a topic explored in the podcast ""Generation AI."" The article also touches on related issues such as a potential workforce shortage for semiconductor jobs in Arizona.",0.021874,Neutral,0.950143,0.019057,Neutral
20260723T033955,TSM,Taiwan Semiconductor,Taiwan Semiconductor Manufacturing (NYSE:TSM) Stock Still Looks Undervalued As Its 338% Run Continues,Simply Wall Street,https://simplywall.st/stocks/us/semiconductors/nyse-tsm/taiwan-semiconductor-manufacturing/news/taiwan-semiconductor-manufacturing-nysetsm-stock-still-looks,"Despite a significant 337.6% return over the past three years, Taiwan Semiconductor Manufacturing (TSM) stock appears undervalued according to Simply Wall St's analysis. Both a Discounted Cash Flow (DCF) model and P/E ratio comparison suggest the stock trades below its estimated intrinsic value and current earnings multiples. However, the company faces risks related to heavy capital investment in new fabs and geopolitical tensions, leading to a split opinion among investors regarding its future valuation.",0.178993,Somewhat-Bullish,1.000000,0.293585,Somewhat-Bullish
20260723T140938,TSM,Taiwan Semiconductor,TSMC makes another $100B US investment,Supply Chain Dive,https://www.supplychaindive.com/news/tsmc-100B-US-semiconductor-investment-supply-chain/825599/,"Taiwan Semiconductor Manufacturing Co. (TSMC) announced an additional $100 billion investment in U.S. semiconductor manufacturing, bringing its total U.S. commitment to $265 billion. This investment will fund four new advanced semiconductor facilities in Arizona, increasing TSMC's total U.S. facilities to 12. The expansion is expected to create jobs and economic output, aligning with U.S. efforts to bolster domestic manufacturing and reduce reliance on chip imports.",0.338377,Somewhat-Bullish,1.000000,0.438652,Bullish
20260723T150938,TSM,Taiwan Semiconductor,"Israel AI czar lobbies TSMC, Intel, Samsung to build chip manufacturing hub: report",Seeking Alpha,https://seekingalpha.com/news/4617462-israel-ai-czar-lobbies-tsmc-intel-samsung-to-build-chip-manufacturing-hub-report,"Israel's head of the National Artificial Intelligence Directorate, Erez Askal, is lobbying major chip manufacturers like TSMC, Intel, and Samsung to establish a 2nm or less semiconductor manufacturing hub in the country. This initiative faces challenges due to ongoing conflict, grid limitations, and regional competition from countries like the UAE and Saudi Arabia. The development is crucial for Israel's AI ambitions, but infrastructure constraints and geopolitical issues present significant obstacles.",0.03654,Neutral,0.313666,0.020423,Neutral
20260724T103955,TSM,Taiwan Semiconductor,Siren L.L.C. Raises Stock Position in Taiwan Semiconductor Manufacturing Company Ltd. $TSM,MarketBeat,https://www.marketbeat.com/instant-alerts/filing-siren-llc-raises-stock-position-in-taiwan-semiconductor-manufacturing-company-ltd-tsm-2026-07-24/,"Siren L.L.C. significantly increased its stake in Taiwan Semiconductor Manufacturing Company Ltd. ($TSM) by 52.3% in the first quarter, bringing its total holdings to 42,200 shares valued at over $14.26 million. This move comes as Wall Street maintains a positive outlook on TSMC, with several analysts raising price targets and the company itself boosting its 2026 revenue growth outlook to over 40% due to strong AI-driven demand. Despite some concerns about margins and geopolitics, TSMC continues to demonstrate strong financial performance, including increased dividends.",0.276545,Somewhat-Bullish,1.000000,0.484478,Bullish
20260724T103955,TSM,Taiwan Semiconductor,"Keebeck Wealth Management Acquires 2,581 Shares of Taiwan Semiconductor Manufacturing Company Ltd. $TSM",MarketBeat,https://www.marketbeat.com/instant-alerts/filing-keebeck-wealth-management-acquires-2581-shares-of-taiwan-semiconductor-manufacturing-company-ltd-tsm-2026-07-24/,"Keebeck Wealth Management significantly increased its stake in Taiwan Semiconductor Manufacturing Company (TSM) by 164.4% in the first quarter, purchasing an additional 2,581 shares to bring its total to 4,151 shares worth approximately $1.41 million. This increase in institutional ownership is complemented by insider buying, strong financial performance including raised dividends and positive earnings per share, and a consensus ""Buy"" rating from analysts, reinforcing a positive outlook for the semiconductor giant.",0.518981,Bullish,1.000000,0.518967,Bullish
20260725T214135,TSM,Taiwan Semiconductor,Taiwan Semiconductor Manufacturing (TSM) Pours $100b Into The US On A Pricey Narrative,Simply Wall Street,https://simplywall.st/stocks/us/semiconductors/nyse-tsm/taiwan-semiconductor-manufacturing/news/taiwan-semiconductor-manufacturing-tsm-pours-100b-into-the-u,"Taiwan Semiconductor Manufacturing (TSM) has committed an additional US$100 billion to U.S. chipmaking, bringing its total planned investment to US$265 billion, alongside reporting record profits. Despite a strong stock performance and a share price near all-time highs, a popular narrative suggests TSM is 5.9% overvalued, with a fair value of $381 compared to its $403.41 closing price. However, its P/E ratio of 27.5x is significantly lower than the industry average, implying it might be undervalued relative to its earning power.",-0.059585,Neutral,1.000000,-0.122561,Neutral
20260726T041031,TSM,Taiwan Semiconductor,TSMC Stock And 2 Asian AI Exporters Worth Watching Now,Simply Wall Street,https://simplywall.st/stocks/tw/semiconductors/twse-2330/taiwan-semiconductor-manufacturing-shares/news/tsmc-stock-and-2-asian-ai-exporters-worth-watching-now,"This article examines three Asian technology exporters—Taiwan Semiconductor Manufacturing (TSMC), Samsung Electro-Mechanics, and Yageo—that are significantly exposed to the AI-driven export growth trend despite global inflation worries. It highlights their market positions, financial performance, and potential risks, urging investors to consider both opportunities and challenges before making investment decisions.",0.255933,Somewhat-Bullish,1.000000,0.259780,Somewhat-Bullish
20260726T111031,TSM,Taiwan Semiconductor,Tiger Global Management LLC Has $1.88 Billion Stake in Taiwan Semiconductor Manufacturing Company Ltd. $TSM,MarketBeat,https://www.marketbeat.com/instant-alerts/filing-tiger-global-management-llc-has-188-billion-stake-in-taiwan-semiconductor-manufacturing-company-ltd-tsm-2026-07-26/,"Tiger Global Management LLC significantly increased its stake in Taiwan Semiconductor Manufacturing (TSM) by 49.4% in Q1 2026, bringing its holdings to $1.88 billion and making TSM its fourth-largest position. This move follows strong quarterly results from TSMC, including robust EPS and revenue, a raised quarterly dividend, and overall bullish sentiment from Wall Street analysts with a consensus price target of $490. Despite a recent 3% stock pullback, positive news about AI-driven earnings and increased investment in U.S. chipmaking reinforce investor confidence in TSMC's growth prospects.",0.29559,Somewhat-Bullish,1.000000,0.506427,Bullish
20260727T084712,TSM,Taiwan Semiconductor,"Castleark Management LLC Buys 4,920 Shares of Taiwan Semiconductor Manufacturing Company Ltd. $TSM",MarketBeat,https://www.marketbeat.com/instant-alerts/filing-castleark-management-llc-buys-4920-shares-of-taiwan-semiconductor-manufacturing-company-ltd-tsm-2026-07-27/,"Castleark Management LLC increased its stake in Taiwan Semiconductor Manufacturing Company Ltd. (TSM) by 13.6% in the first quarter, acquiring 4,920 additional shares to hold a total of 41,210 shares valued at approximately $13.9 million. This comes as TSMC reported strong AI-driven results, including $39.89 billion in quarterly revenue and a 50.31% net margin, and raised its 2026 revenue-growth outlook to over 40%. Analysts maintain a ""Buy"" rating for TSM with a $490 target price, and the company recently raised its quarterly dividend despite some insider share sales.",0.195818,Somewhat-Bullish,1.000000,0.494729,Bullish
20260727T113944,TSM,Taiwan Semiconductor,Taiwan Semiconductor's Latest Move Shows It's a Screaming Buy,Yahoo Finance,https://finance.yahoo.com/markets/stocks/articles/taiwan-semiconductors-latest-move-shows-115000073.html,"Taiwan Semiconductor (TSM) is making another significant investment in its U.S. production facilities, signaling strong future growth, particularly in the AI sector. This move addresses geographical risk for investors by diversifying production away from Taiwan and reflects management's strong belief in sustained AI chip demand through 2029 or 2030. Despite its market dominance as a primary logic chip foundry, TSM currently trades at an attractive 25 times forward earnings, making it a compelling buy for investors seeking to capitalize on AI growth.",0.350723,Bullish,1.000000,0.607815,Bullish
20260727T123944,TSM,Taiwan Semiconductor,Needham & Company LLC Raises Taiwan Semiconductor Manufacturing (NYSE:TSM) Price Target to $530.00,MarketBeat,https://www.marketbeat.com/instant-alerts/needham-company-llc-raises-taiwan-semiconductor-manufacturing-nysetsm-price-target-to-53000-2026-07-27/,"Needham & Company LLC has increased its price target for Taiwan Semiconductor Manufacturing (NYSE:TSM) to $530.00 from $480.00, maintaining a ""buy"" rating with a potential upside of 31.45%. This move reflects a broadly positive analyst sentiment, as TSMC currently holds a consensus ""Buy"" rating and an average price target of $496.25. The company recently reported strong quarterly earnings of $4.28 per share on $39.89 billion in revenue, boasting a 50.31% net margin and 40.88% return on equity.",0.301572,Somewhat-Bullish,1.000000,0.491360,Bullish
20260727T123944,TSM,Taiwan Semiconductor,TSMC adds $100B to Arizona plans as leaders call it a chipmaking “gold rush”,AZ Family,https://www.azfamily.com/2026/07/27/tsmc-adds-100b-arizona-plans-leaders-call-it-chipmaking-gold-rush/,"Taiwan Semiconductor Manufacturing Co. (TSMC) has announced an additional $100 billion investment in Arizona, bringing its total planned spending in the Valley to $265 billion. This expansion will include more wafer fabrication plants, advanced packaging facilities, and an R&D center in north Phoenix to meet the growing demand for AI-related chips. Economic leaders believe this investment will create thousands of high-wage jobs in advanced manufacturing and skilled trades, solidify metro Phoenix as a semiconductor manufacturing hub, and require significant development in housing, retail, and education to support the growing workforce.",0.447114,Bullish,1.000000,0.603251,Bullish
20260727T133944,TSM,Taiwan Semiconductor,Phoenix diplomatic office to boost Taiwan-Arizona ties,Axios,https://www.axios.com/local/phoenix/2026/07/27/taiwan-taipei-economic-cultural-office-phoenix-tsmc-semiconductors,"Taiwan is establishing a new diplomatic office, a Taipei Economic and Cultural Office (TECO), in Phoenix, Arizona, to support the growing Taiwanese community and economic ties driven by TSMC's massive investments. This office will serve as a de facto embassy, providing consular services and facilitating further exchanges in various sectors. The move is a direct response to TSMC's significant expansion in the region, which has made Phoenix a crucial hub for the semiconductor industry and has led to a major influx of Taiwanese nationals.",0.482152,Bullish,1.000000,0.461059,Bullish
20260727T234712,TSM,Taiwan Semiconductor,"AI demand, U.S. tariffs reshape South Korean manufacturing",upi,https://www.upi.com/Top_News/World-News/2026/07/27/semiconductors-taiwan-artificial-intelligence/1761785195622/,"Growing AI demand and U.S. trade policies are significantly altering South Korea's manufacturing sector. Semiconductor exports are shifting towards Taiwan due to the AI supply chain, while South Korean automakers are increasing production in the U.S. and expanding hybrid vehicle exports to navigate tariffs and industrial policies. These changes highlight a strategic realignment in response to global technology trends and protectionist trade measures.",0.014946,Neutral,0.332319,0.019330,Neutral
20260728T014712,TSM,Taiwan Semiconductor,"Made in America, Built by Taiwan: Inside Trump’s New AI Superchip Supply Chain",semivision,https://tspasemiconductor.substack.com/p/made-in-america-built-by-taiwan-inside,"The article details the United States' progress in establishing a domestic AI hardware supply chain, largely supported by Taiwanese companies. Key milestones include TSMC manufacturing NVIDIA Blackwell wafers in Arizona and Wistron producing GB300 Grace Blackwell Ultra Superchips in Texas. While significant strides have been made in wafer fabrication and system integration, advanced packaging remains a critical missing link for full localization, necessitating continued reliance on Taiwan's expertise, which is seen as an extension rather than a replacement of Taiwan's supply chain.",0.218928,Somewhat-Bullish,1.000000,0.425401,Bullish
20260728T044232,TSM,Taiwan Semiconductor,"Taiwan Semiconductor Manufacturing (NYSE:TSM) VP Shyue-Shyh Lin Purchases 1,000 Shares",MarketBeat,https://www.marketbeat.com/instant-alerts/taiwan-semiconductor-manufacturing-nysetsm-vp-shyue-shyh-lin-purchases-1000-shares-2026-07-28/,"Taiwan Semiconductor Manufacturing (NYSE:TSM) VP Shyue-Shyh Lin recently purchased 1,000 shares of the company's stock for $71.94 each, totaling $71,940, increasing his ownership to 29,269 shares. This is part of several recent insider purchases by Lin. The company reported strong quarterly earnings with 50.31% net margin and increased its quarterly dividend, while analysts maintain a ""Buy"" rating with a consensus price target of $496.25 despite some concerns about valuation and expansion costs.",0.373895,Bullish,1.000000,0.476113,Bullish
20260728T074123,TSM,Taiwan Semiconductor,Empowered Funds LLC Has $63 Million Holdings in Taiwan Semiconductor Manufacturing Company Ltd. $TSM,MarketBeat,https://www.marketbeat.com/instant-alerts/filing-empowered-funds-llc-has-63-million-holdings-in-taiwan-semiconductor-manufacturing-company-ltd-tsm-2026-07-28/,"Empowered Funds LLC significantly reduced its stake in Taiwan Semiconductor Manufacturing Company Ltd. (TSM) by 66% in the first quarter, now holding 186,414 shares valued at $62.99 million. Despite this reduction, other institutional investors like Brighton Jones LLC, Bank of Nova Scotia, and FWL Investment Management LLC increased their positions. Analyst ratings for TSM are predominantly ""Buy,"" with a consensus target price of $496.25, and the company recently increased its quarterly dividend.",0.502502,Bullish,1.000000,0.522717,Bullish
20260728T094123,TSM,Taiwan Semiconductor,TSMC's Japan fab evacuates staff after strong earthquake,Focus Taiwan,https://focustaiwan.tw/business/202607280018,"TSMC's Japan Advanced Semiconductor Manufacturing Inc. (JASM) facility in Kumamoto Prefecture evacuated its staff after a powerful magnitude 7.1 earthquake struck the region. The evacuation was carried out according to emergency procedures, prioritizing employee safety. Taiwan's President Lai Ching-te expressed condolences and offered assistance to Japan following the quake.",0.010824,Neutral,0.308686,0.023732,Neutral
20260728T104123,TSM,Taiwan Semiconductor,Taiwan Semiconductor Manufacturing Company Ltd. $TSM Position Trimmed by Evelyn Partners Investment Management Services Ltd,MarketBeat,https://www.marketbeat.com/instant-alerts/filing-taiwan-semiconductor-manufacturing-company-ltd-tsm-position-trimmed-by-evelyn-partners-investment-management-services-ltd-2026-07-28/,"Evelyn Partners Investment Management Services Ltd reduced its stake in Taiwan Semiconductor Manufacturing Company Ltd. (TSM) by 19.3% in the first quarter, selling 17,712 shares but still retaining a significant holding worth about $25 million. Despite this trim, TSM remains a top portfolio holding for the firm, and analyst sentiment generally leans positive with an average ""Buy"" rating and a consensus price target of $496.25. The company recently reported strong quarterly revenues and earnings, and increased its quarterly dividend.",0.297832,Somewhat-Bullish,1.000000,0.317438,Somewhat-Bullish
20260728T104123,TSM,Taiwan Semiconductor,Quantinno Capital Management LP Boosts Stake in Taiwan Semiconductor Manufacturing Company Ltd. $TSM,MarketBeat,https://www.marketbeat.com/instant-alerts/filing-quantinno-capital-management-lp-boosts-stake-in-taiwan-semiconductor-manufacturing-company-ltd-tsm-2026-07-28/,"Quantinno Capital Management LP significantly increased its stake in Taiwan Semiconductor Manufacturing Company Ltd. (TSM) by 23% in the first quarter of 2026, holding over $93 million worth of shares. Other institutional investors also expanded their positions, contributing to institutional ownership of 16.51% of the company. TSMC reported strong quarterly revenues and earnings, raised its quarterly dividend, and maintains a consensus ""Buy"" rating from analysts with an average price target of $496.25.",0.494584,Bullish,1.000000,0.468056,Bullish
20260728T144123,TSM,Taiwan Semiconductor,Taiwan Semiconductor Manufacturing Co Ltd Stock (TSM) Moved Down by 3.61% on Jul 28: What Signal Does It Send?,TradingKey,https://www.tradingkey.com/news/market-movers/262059040-market-movers-tsm-20260728,"Taiwan Semiconductor Manufacturing Co Ltd (TSM) stock declined by 3.61% driven by geopolitical concerns, potential export control restrictions, and the impact of elevated interest rates on capital expenditure. Technical indicators like MACD and Williams %R are signaling a sell position, while fundamental analysis highlights the company's strong industry ranking despite risks like geopolitical instability and customer concentration. Investors are advised to monitor the stock closely due to market volatility and upcoming earnings reports.",-0.506796,Bearish,1.000000,-0.626528,Bearish
20260729T044232,TSM,Taiwan Semiconductor,Taiwan Semiconductor Manufacturing (NYSE:TSM) Trading Down 1.5% - Time to Sell?,MarketBeat,https://www.marketbeat.com/instant-alerts/taiwan-semiconductor-manufacturing-nysetsm-trading-down-15-time-to-sell-2026-07-28/,"Taiwan Semiconductor Manufacturing (TSMC) shares dropped 1.5% due to broader tech market weakness and concerns about the sustainability of the AI investment boom, despite increased trading volume. However, the company's long-term outlook remains strong, supported by high AI and high-performance computing demand, plans to increase 2026 capital expenditures, and a ""Buy"" consensus from analysts. TSMC also reported robust financial fundamentals and increased its quarterly dividend.",0.21394,Somewhat-Bullish,1.000000,0.264147,Somewhat-Bullish
20260729T101050,TSM,Taiwan Semiconductor,Opal Capital LLC Increases Stake in Taiwan Semiconductor Manufacturing Company Ltd. $TSM,MarketBeat,https://www.marketbeat.com/instant-alerts/filing-opal-capital-llc-increases-stake-in-taiwan-semiconductor-manufacturing-company-ltd-tsm-2026-07-29/,"Opal Capital LLC significantly increased its stake in Taiwan Semiconductor Manufacturing Company Ltd. (TSM) by 72.5% in the first quarter of 2026, bringing its total holdings to 27,767 shares valued at $9.384 million. This move aligns with a positive outlook from analysts, who have set an average price target of $496.25 and largely recommend a ""Buy"" rating. The company's strong performance, driven by AI and high-performance computing demand, was further underscored by record quarterly revenue of $39.89 billion and increased insider purchasing activity.",0.308249,Somewhat-Bullish,1.000000,0.500190,Bullish
20260729T131050,TSM,Taiwan Semiconductor,Can Taiwan Semiconductor Manufacturing (NYSE:TSM) Trade At A Discount After Heavy Spending?,Simply Wall St,https://simplywall.st/stocks/us/semiconductors/nyse-tsm/taiwan-semiconductor-manufacturing/news/can-taiwan-semiconductor-manufacturing-nysetsm-trade-at-a-di,"Taiwan Semiconductor Manufacturing (TSM) has shown strong stock performance but its valuation is now mixed. While a Discounted Cash Flow (DCF) analysis suggests the stock is roughly fairly valued, earnings-based multiples indicate it might be undervalued compared to its peers and the broader semiconductor industry. The company's heavy investment plans for advanced chip capacity in the U.S. could drive long-term cash flow growth but also pose risks if demand or pricing fall short of expectations, creating a debate among investors about its current entry point.",0.210687,Somewhat-Bullish,1.000000,0.275757,Somewhat-Bullish
20260729T151050,TSM,Taiwan Semiconductor,Taiwan Semiconductor Manufacturing Co Ltd Stock (TSM) Moved Down by 3.31% on Jul 29: Key Drivers Unveiled,TradingKey,https://www.tradingkey.com/news/market-movers/262061775-market-movers-tsm-20260729,"Taiwan Semiconductor Manufacturing Co Ltd (TSM) stock declined by 3.31% due to macroeconomic headwinds, particularly signals from the Federal Reserve about prolonged high interest rates, and sector-wide profit-taking. Concerns about the immediate returns on AI infrastructure investment, normalization of consumer electronics inventory, and continuous geopolitical risks also contributed to the downward pressure and volatility. Technical indicators show a sell signal, and analysts are watchful of potential weaknesses in revenue concentration and margin pressures from advanced node escalations.",-0.412012,Bearish,1.000000,-0.645324,Bearish
20260730T120937,TSM,Taiwan Semiconductor,"Taiwan Semiconductor Manufacturing (NYSE:TSM) VP Purchases $67,970.00 in Stock",MarketBeat,https://www.marketbeat.com/instant-alerts/taiwan-semiconductor-manufacturing-nysetsm-vp-purchases-6797000-in-stock-2026-07-30/,"Taiwan Semiconductor Manufacturing (NYSE:TSM) VP Bor-Zen Tien recently purchased 1,000 shares of the company's stock for $67,970, increasing his total holdings to 5,000 shares. This latest transaction, along with several other insider purchases, signals confidence in the company. Despite a recent 4.7% stock decline, analysts maintain a ""Buy"" rating with an average price target of $496.25 for TSM.",0.0505,Neutral,1.000000,0.335788,Somewhat-Bullish
20260730T140937,TSM,Taiwan Semiconductor,Taiwan Semiconductor Manufacturing Co Ltd Stock (TSM) Moved Up by 7.00% on Jul 30: What Signal Does It Send?,TradingKey,https://www.tradingkey.com/news/market-movers/262064476-market-movers-tsm-20260730,"Taiwan Semiconductor Manufacturing Co Ltd (TSM) saw its stock rise by 7.00% on July 30, driven by strong quarterly results exceeding expectations and revised full-year guidance due to high demand for advanced AI chips. Despite this positive movement, technical indicators show a MACD sell signal and an oversold Williams %R, suggesting potential caution for investors. The company's growth is further supported by stabilization in the smartphone and PC sectors, increased analyst price targets, and a re-rating of the stock as geopolitical risk premiums compress.",0.352999,Bullish,1.000000,0.604530,Bullish
20260730T150937,TSM,Taiwan Semiconductor,TSMC Stock Gains On Report Of Developing 'EMIB-Like' Chips To Counter Intel's AI Threat,TradingView,https://www.tradingview.com/news/stocktwits:f4a9f7b4b094b:0-tsmc-stock-gains-on-report-of-developing-emib-like-chips-to-counter-intel-s-ai-threat/,"Taiwan Semiconductor Manufacturing (TSMC) shares increased after a report indicated the company is developing an advanced chip-packaging technology similar to Intel's EMIB, which its engineers internally refer to as ""EMIB-like."" This development comes as both TSMC and Intel compete for leadership in advanced semiconductor manufacturing, particularly with the booming demand for AI chips. Intel's EMIB technology has already attracted interest from major customers like Nvidia, Apple, and Tesla, intensifying the rivalry between the two chip giants.",0.199523,Somewhat-Bullish,0.988653,0.326352,Somewhat-Bullish
20260730T150937,TSM,Taiwan Semiconductor,Taiwan Semiconductor Is Copying One of Intel's Best Ideas - Here's Why Investors Should Pay Attention,24/7 Wall St.,https://247wallst.com/investing/2026/07/30/taiwan-semiconductor-is-copying-one-of-intels-best-ideas-heres-why-investors-should-pay-attention/,"Taiwan Semiconductor Manufacturing (TSMC) is reportedly developing an ""EMIB-like"" packaging technology, a move that validates Intel's approach to advanced chip packaging. This doesn't mean Intel is taking market share from TSMC, but rather that the immense demand for AI chips is expanding the packaging market, allowing multiple players to succeed. TSMC continues to dominate wafer manufacturing, which represents the bulk of its profits, while expanding its own CoWoS packaging capacity.",0.034905,Neutral,0.309325,0.022809,Neutral
20260730T160937,TSM,Taiwan Semiconductor,ANALYSIS: How AI has rewired Taiwan’s stock market,Taipei Times,https://www.taipeitimes.com/News/feat/archives/2026/07/31/2003861680,"The AI boom has transformed Taiwan's stock market into a global heavyweight, but this growth is highly concentrated in a few firms, particularly TSMC. This extreme dependence on a single company and strong foreign capital influence, alongside active local retail investors, makes the TAIEX unusually vulnerable to sudden shocks. The article explores how AI has redefined the market's structure, investor behavior, and its sensitivity to global financial trends.",0.126756,Neutral,0.992459,0.133944,Neutral
20260731T073903,TSM,Taiwan Semiconductor,Taiwan Semiconductor Manufacturing (NYSE:TSM) Restarts Kumamoto Plant Operations After Earthquake,Simply Wall St,https://simplywall.st/stocks/us/semiconductors/nyse-tsm/taiwan-semiconductor-manufacturing/news/taiwan-semiconductor-manufacturing-nysetsm-restarts-kumamoto/amp,Taiwan Semiconductor Manufacturing (TSMC) has started gradually resuming operations at its Japan Advanced Semiconductor Manufacturing plant in Kumamoto after an earthquake necessitated an evacuation. The company is bringing equipment and production back online in stages following safety checks. The focus for investors is on a smooth return to full production levels and how TSMC manages any logistical challenges.,0.18651,Somewhat-Bullish,1.000000,0.184642,Somewhat-Bullish
20260731T074023,TSM,Taiwan Semiconductor,Taiwan Semiconductor Manufacturing (NYSE:TSM) Restarts Kumamoto Plant Operations After Earthquake,Simply Wall St,https://simplywall.st/stocks/us/semiconductors/nyse-tsm/taiwan-semiconductor-manufacturing/news/taiwan-semiconductor-manufacturing-nysetsm-restarts-kumamoto,"Taiwan Semiconductor Manufacturing (TSM) has begun gradually resuming operations at its Japan Advanced Semiconductor Manufacturing plant in Kumamoto after an earthquake evacuation. The company is bringing equipment and production back online in stages following safety checks. The focus for investors is on how smoothly production returns to prior operating levels and how management addresses any challenges, with the gradual restart helping to reduce the risk of extended production disruption.",0.25301,Somewhat-Bullish,1.000000,0.269813,Somewhat-Bullish
20260731T083903,TSM,Taiwan Semiconductor,"Groupe la Francaise Sells 33,182 Shares of Taiwan Semiconductor Manufacturing Company Ltd. $TSM",MarketBeat,https://www.marketbeat.com/instant-alerts/filing-groupe-la-francaise-sells-33182-shares-of-taiwan-semiconductor-manufacturing-company-ltd-tsm-2026-07-31/,"Groupe la Francaise reduced its stake in Taiwan Semiconductor Manufacturing Company Ltd. (TSM) by 11.5% in the first quarter, selling 33,182 shares but still retaining 255,969 shares valued at approximately $86.3 million. Despite this sale, analysts remain largely bullish on TSMC, with a consensus ""Buy"" rating and a target price of $496.25. The company recently reported strong quarterly EPS of $4.28 and revenue of $39.89 billion, and increased its quarterly dividend.",0.329537,Somewhat-Bullish,1.000000,0.310365,Somewhat-Bullish
20260731T103903,TSM,Taiwan Semiconductor,Director gifts 10M shares to spouse for Taiwan Semiconductor (NYSE: TSM),Stock Titan,https://www.stocktitan.net/sec-filings/TSM/form-4-taiwan-semiconductor-manufacturing-co-ltd-insider-trading-acti-5b1a7aa18ead.html,"A director at Taiwan Semiconductor (NYSE: TSM), Tseng Fang Churng, reported two bona fide gift transactions on July 31, 2026. He gifted a total of 10 million shares, disposing of 5 million directly held shares and transferring another 5 million shares to be held indirectly by his spouse. Following these transactions, his direct holdings are 24,472,675 shares, and indirect spousal holdings are 10,132,855 shares.",0.015567,Neutral,0.332956,0.037094,Neutral
20260731T103903,TSM,Taiwan Semiconductor,Western Wealth Management LLC Boosts Stock Holdings in Taiwan Semiconductor Manufacturing Company Ltd. $TSM,MarketBeat,https://www.marketbeat.com/instant-alerts/filing-western-wealth-management-llc-boosts-stock-holdings-in-taiwan-semiconductor-manufacturing-company-ltd-tsm-2026-07-31/,"Western Wealth Management LLC increased its stake in Taiwan Semiconductor Manufacturing Company Ltd. (TSM) by 27.4% in the first quarter, now holding 27,954 shares valued at $9.45 million. The company continues to receive positive analyst ratings, with an average price target of $496.25, driven by strong demand for AI and high-performance computing. Despite positive sentiment, investors are monitoring competitive pressure from Samsung and concerns regarding China-related restrictions and AI spending sustainability.",0.040863,Neutral,0.327717,0.029185,Neutral
20260731T103904,TSM,Taiwan Semiconductor,"Liontrust Investment Partners LLP Purchases 358,494 Shares of Taiwan Semiconductor Manufacturing Company Ltd. $TSM",MarketBeat,https://www.marketbeat.com/instant-alerts/filing-liontrust-investment-partners-llp-purchases-358494-shares-of-taiwan-semiconductor-manufacturing-company-ltd-tsm-2026-07-31/,"Liontrust Investment Partners LLP significantly increased its stake in Taiwan Semiconductor Manufacturing Company Ltd. (TSM) by 221.2% in the first quarter, adding 358,494 shares and bringing its total holding to over 520,000 shares valued at $175.9 million. The company continues to benefit from strong demand in AI and high-performance computing, leading analysts to raise price targets and maintain a ""Buy"" consensus with an average target of $496.25. TSM reported strong quarterly earnings and revenue, and increased its quarterly dividend, despite some concerns about competition from Samsung and potential China-related equipment restrictions.",0.056389,Neutral,1.000000,0.441204,Bullish
20260731T113903,TSM,Taiwan Semiconductor,Form 4 TAIWAN SEMICONDUCTOR MANUFACTURING CO LTD For: 31 July By Investing.com,Investing.com Canada,https://ca.investing.com/news/stock-market-news/form-4-taiwan-semiconductor-manufacturing-co-ltd-for-31-july-93CH-4767625,"This article is a brief financial posting from Investing.com, stating that a Form 4 has been filed for Taiwan Semiconductor Manufacturing Co Ltd (TSM) for July 31st. It also contains a stock quote for TSM and links to other popular news and market data.",0.014018,Neutral,0.339888,0.029467,Neutral
20260731T174023,TSM,Taiwan Semiconductor,1 AI Stock I’d Buy Before It Hits Another All-Time High,24/7 Wall St.,https://247wallst.com/investing/2026/07/31/1-ai-stock-id-buy-before-it-hits-another-all-time-high/,"Despite a 77% jump in net income for Q2 2026 and advanced 2nm node technology, Taiwan Semiconductor (NYSE: TSM) shares are trading 15% below their all-time high. The article suggests TSM could reach $550 by 2027 if 2nm pricing power holds, AI hyperscaler demand remains strong, and Q3 margins hit the high end of guidance. Analysts see significant upside, with the stock currently undervalued given its earnings growth and market position.",0.31844,Somewhat-Bullish,1.000000,0.407906,Bullish
20260801T074038,TSM,Taiwan Semiconductor,Arete Wealth Advisors LLC Has $4.51 Million Stake in Taiwan Semiconductor Manufacturing Company Ltd. $TSM,MarketBeat,https://www.marketbeat.com/instant-alerts/filing-arete-wealth-advisors-llc-has-451-million-stake-in-taiwan-semiconductor-manufacturing-company-ltd-tsm-2026-08-01/,"Arete Wealth Advisors LLC reduced its stake in Taiwan Semiconductor Manufacturing Company (TSM) by 27.6% in the first quarter, now holding 13,364 shares valued at $4.51 million. Despite this reduction, other large institutional investors increased their holdings, and analysts maintain a positive ""Buy"" rating for TSM with an average price target of $496.25. The company recently reported strong earnings, increased its quarterly dividend, and showed significant insider buying activity.",0.43858,Bullish,1.000000,0.419971,Bullish
20260801T111013,TSM,Taiwan Semiconductor,WNY Asset Management LLC Buys New Position in Taiwan Semiconductor Manufacturing Company Ltd. $TSM,MarketBeat,https://www.marketbeat.com/instant-alerts/filing-wny-asset-management-llc-buys-new-position-in-taiwan-semiconductor-manufacturing-company-ltd-tsm-2026-08-01/,"WNY Asset Management LLC has acquired a new position in Taiwan Semiconductor Manufacturing Company Ltd. (TSM) during the first quarter, purchasing 2,662 shares valued at approximately $899,000. Institutional investors now own 16.51% of the company, which reported strong quarterly results including $39.89 billion in revenue and $4.28 EPS, along with a dividend increase. Analysts maintain a ""Buy"" rating for TSM with an average price target of $496.25, reflecting positive sentiment on its AI chip demand and advanced packaging expansions.",0.03261,Neutral,0.336375,0.003858,Neutral
20260802T091034,TSM,Taiwan Semiconductor,Cozad Asset Management Inc. Has $24.37 Million Position in Taiwan Semiconductor Manufacturing Company Ltd. $TSM,MarketBeat,https://www.marketbeat.com/instant-alerts/filing-cozad-asset-management-inc-has-2437-million-position-in-taiwan-semiconductor-manufacturing-company-ltd-tsm-2026-08-02/,"Cozad Asset Management Inc. reduced its stake in Taiwan Semiconductor Manufacturing Company Ltd. (TSM) by 2.5% in the first quarter but still holds 72,099 shares valued at $24.37 million, making it their fifth-largest holding. TSM reported strong financials with $39.89 billion in revenue and $4.28 EPS, along with an increased quarterly dividend. Analyst sentiment remains bullish with a consensus ""Buy"" rating and a $496.25 average price target, though competitive threats and geopolitical risks are noted.",0.031587,Neutral,0.339931,0.018152,Neutral
20260802T103949,TSM,Taiwan Semiconductor,Lavelle Capital LP Buys New Shares in Taiwan Semiconductor Manufacturing Company Ltd. $TSM,MarketBeat,https://www.marketbeat.com/instant-alerts/filing-lavelle-capital-lp-buys-new-shares-in-taiwan-semiconductor-manufacturing-company-ltd-tsm-2026-08-02/,"Lavelle Capital LP has acquired 4,041 shares of Taiwan Semiconductor Manufacturing Company Ltd. (TSMC), valued at approximately $1.37 million, making it their 25th-largest holding. TSMC reported strong quarterly results with $39.89 billion in revenue and raised its quarterly dividend to $1.1136 per share. Analysts maintain a ""Buy"" rating with an average target price of $496.25, indicating continued bullish sentiment for the company.",0.345754,Somewhat-Bullish,1.000000,0.482540,Bullish
20260802T121033,TSM,Taiwan Semiconductor,Is Taiwan Semiconductor Manufacturing (TSM) Expensive Or Undervalued On Mixed Valuation Signals?,Simply Wall St,https://simplywall.st/stocks/us/semiconductors/nyse-tsm/taiwan-semiconductor-manufacturing/news/is-taiwan-semiconductor-manufacturing-tsm-expensive-or-under/amp,"Taiwan Semiconductor Manufacturing (TSM) is under review, showing mixed valuation signals. While a discounted cash flow (DCF) narrative suggests it's 6.1% overvalued with a fair value of $381, its current P/E ratio of 28.4x is significantly lower than the industry average, implying it might be undervalued based on earnings multiples. The article advises investors to analyze the underlying data and consider both the potential risks, such as supply disruptions and competition, and the upside.",-0.124396,Neutral,0.983533,-0.121984,Neutral
20260802T184247,TSM,Taiwan Semiconductor,Is Taiwan Semiconductor Manufacturing (TSM) Expensive Or Undervalued On Mixed Valuation Signals?,Simply Wall St,https://simplywall.st/stocks/us/semiconductors/nyse-tsm/taiwan-semiconductor-manufacturing/news/is-taiwan-semiconductor-manufacturing-tsm-expensive-or-under,"Taiwan Semiconductor Manufacturing (TSM) is facing mixed valuation signals, with a discounted cash flow (DCF) analysis suggesting it is 6.1% overvalued at $381 compared to its current price of $404.25. However, its P/E ratio of 28.4x is significantly lower than the US Semiconductor industry average of 52.2x and a peer average of 67.4x, indicating potential undervaluation when viewed through earnings multiples. The article highlights the importance of reviewing underlying data due to these conflicting signals, emphasizing TSM's strong market position and potential risks like supply disruptions and competition.",0.00882,Neutral,0.990095,0.005281,Neutral
20260803T094247,TSM,Taiwan Semiconductor,Keel Point LLC Cuts Stock Holdings in Taiwan Semiconductor Manufacturing Company Ltd. $TSM,MarketBeat,https://www.marketbeat.com/instant-alerts/filing-keel-point-llc-cuts-stock-holdings-in-taiwan-semiconductor-manufacturing-company-ltd-tsm-2026-08-03/,"Keel Point LLC significantly reduced its stake in Taiwan Semiconductor Manufacturing Company Ltd. (TSM) by 63.6% in the first quarter, selling 5,518 shares but still retaining 3,159 shares valued at over $1 million. Despite this reduction by Keel Point, other institutional investors like Tiger Global Management and Van ECK Associates increased their holdings. TSMC reported strong Q1 earnings with $39.89 billion in revenue and $4.28 EPS, and increased its quarterly dividend, while analysts maintain a consensus ""Buy"" rating with an average price target of $496.25.",0.487415,Bullish,1.000000,0.486096,Bullish
20260803T104247,TSM,Taiwan Semiconductor,"PVG Asset Management Corp Purchases 4,736 Shares of Taiwan Semiconductor Manufacturing Company Ltd. $TSM",MarketBeat,https://www.marketbeat.com/instant-alerts/filing-pvg-asset-management-corp-purchases-4736-shares-of-taiwan-semiconductor-manufacturing-company-ltd-tsm-2026-08-03/,"PVG Asset Management Corp significantly increased its stake in Taiwan Semiconductor Manufacturing Company Ltd. (TSM) during the first quarter, purchasing an additional 4,736 shares and bringing its total holdings to 5,666 shares valued at $1.915 million. This increased position comes as TSM reports strong financial performance, with Q2 2026 revenue up 36% year-over-year and net income up 77.41%, driven by continued demand for AI chips. Analysts maintain a positive outlook for TSM, with an average ""Buy"" rating and a consensus price target of $496.25, further supported by the company's increased quarterly dividend.",0.376286,Bullish,1.000000,0.429835,Bullish
20260804T104136,TSM,Taiwan Semiconductor,"2,568 Shares in Taiwan Semiconductor Manufacturing Company Ltd. $TSM Acquired by Stableford Capital II LLC",MarketBeat,https://www.marketbeat.com/instant-alerts/filing-2568-shares-in-taiwan-semiconductor-manufacturing-company-ltd-tsm-acquired-by-stableford-capital-ii-llc-2026-08-04/,"Stableford Capital II LLC has acquired 2,568 shares of Taiwan Semiconductor Manufacturing Company Ltd. (TSM), valued at approximately $1.23 million, as part of its new stake in the company. Institutional investors and hedge funds collectively own 16.51% of TSM's stock, while insider activity also shows significant purchases. Analysts maintain a ""Buy"" rating for TSM with an average price target of $496.25, driven by strong demand for AI chips and the company's dominant foundry position.",0.429155,Bullish,1.000000,0.422645,Bullish
20260804T104136,TSM,Taiwan Semiconductor,RDA Financial Network Has $6.62 Million Position in Taiwan Semiconductor Manufacturing Company Ltd. $TSM,MarketBeat,https://www.marketbeat.com/instant-alerts/filing-rda-financial-network-has-662-million-position-in-taiwan-semiconductor-manufacturing-company-ltd-tsm-2026-08-04/,"RDA Financial Network reduced its stake in Taiwan Semiconductor Manufacturing Company Ltd. (NYSE:TSM) by 14.8% in Q2, now holding 13,868 shares valued at $6.62 million. Analyst sentiment for TSM remains positive, with a consensus ""Buy"" rating and an average price target of $496.25. The company recently reported strong quarterly earnings of $4.28 EPS on $39.89 billion in revenue and increased its quarterly dividend to $1.1136.",0.467989,Bullish,1.000000,0.491869,Bullish
20260804T163942,TSM,Taiwan Semiconductor,The Case Against the Proposed Chip Security Act in Taiwan,Lawfare,https://www.lawfaremedia.org/article/the-case-against-the-proposed-chip-security-act-in-taiwan,"Taiwan's main opposition party, the Kuomintang (KMT), is proposing legislation that would require legislative approval for certain outbound investments by Taiwanese semiconductor companies. This article argues against this proposal, citing concerns about the constitutional allocation of powers, administrative due process, and the blurring of the relationship between the government and the governed. It suggests that while the legislature has a role in shaping economic security policy, direct involvement in individual investment decisions is institutionally ill-suited for a legislative body.",-0.103793,Neutral,1.000000,-0.137219,Neutral
20260804T224136,TSM,Taiwan Semiconductor,TSMC Resumes Operations at Kumamoto Fab Following Earthquake,"THE ELEC, Korea Electronics Industry Media",https://www.thelec.net/news/articleView.html?idxno=12826,"TSMC has fully resumed operations at its Kumamoto, Japan semiconductor manufacturing facility (JASM) after recovering from earthquake damage. The company also announced a donation of 250 million yen to support local recovery efforts. While the first fab was temporarily halted for inspections, the second fab, currently under construction, was undamaged and continued its development.",0.373939,Bullish,1.000000,0.402057,Bullish
20260805T014136,TSM,Taiwan Semiconductor,Clued-in | U.S. pressure threatens Taiwan's chip industry,People's Daily Online,http://en.people.cn/n3/2026/0805/c90000-20485505.html,"The U.S. is pressuring Taiwan's chip industry to relocate advanced semiconductor manufacturing to American soil, with TSMC committing significant investments in Arizona. This move risks undermining Taiwan's domestic chip industry and the livelihoods of its people. The article criticizes the Democratic Progressive Party (DPP) for sacrificing industrial interests for political gain.",-0.241913,Somewhat-Bearish,1.000000,-0.411604,Bearish
20260805T101608,TSM,Taiwan Semiconductor,GK Wealth Management LLC Purchases New Position in Taiwan Semiconductor Manufacturing Company Ltd. $TSM,MarketBeat,https://www.marketbeat.com/instant-alerts/filing-gk-wealth-management-llc-purchases-new-position-in-taiwan-semiconductor-manufacturing-company-ltd-tsm-2026-08-05/,"GK Wealth Management LLC recently acquired a new stake in Taiwan Semiconductor Manufacturing Company Ltd. (TSM), purchasing 7,015 shares valued at approximately $3.35 million, making it 1.8% of their portfolio. The article highlights other institutional investments in TSM, recent positive and neutral market sentiments driven by AI chip demand and competitive landscape, and insider transactions. TSM also reported strong quarterly earnings, raised its dividend, and holds a consensus ""Buy"" rating from analysts with an average price target of $496.25.",0.428552,Bullish,1.000000,0.428104,Bullish
20260805T101608,TSM,Taiwan Semiconductor,Eastern Bank Has $2.82 Million Position in Taiwan Semiconductor Manufacturing Company Ltd. $TSM,MarketBeat,https://www.marketbeat.com/instant-alerts/filing-eastern-bank-has-282-million-position-in-taiwan-semiconductor-manufacturing-company-ltd-tsm-2026-08-05/,"Eastern Bank significantly increased its stake in Taiwan Semiconductor Manufacturing Company Ltd. (TSMC) by 51.3% in the second quarter, bringing its total holdings to approximately $2.82 million. Institutional investors collectively own 16.51% of TSMC, and the company recently reported strong quarterly revenues and increased its quarterly dividend. Wall Street analysts maintain a ""Buy"" rating with an average price target of $496.25, reflecting continued bullish sentiment despite some competitive and market volatility concerns.",0.442075,Bullish,1.000000,0.411663,Bullish
20260805T181100,TSM,Taiwan Semiconductor,"Fund Update: 304,891 TAIWAN SEMICONDUCTOR MANUFACTURING (TSM) shares added to Allen Investment Management, LLC portfolio",Quiver Quantitative,https://www.quiverquant.com/news/Fund+Update:+304%2C891+TAIWAN+SEMICONDUCTOR+MANUFACTURING+%28TSM%29+shares+added+to+Allen+Investment+Management%2C+LLC+portfolio,"Allen Investment Management, LLC has increased its holdings in Taiwan Semiconductor Manufacturing (TSM) by adding 304,891 shares, as disclosed in a recent SEC 13F filing for the report period ending June 30, 2026. The article also details significant institutional investor activity in TSM, insider trading patterns showing more purchases than sales, Congressional stock trades, and recent analyst price targets for the company.",0.423322,Bullish,1.000000,0.470329,Bullish
20260805T181108,TSM,Taiwan Semiconductor,"Fund Update: 304,891 TAIWAN SEMICONDUCTOR MANUFACTURING (TSM) shares added to Allen Investment Management, LLC portfolio",Quiver Quantitative,https://www.quiverquant.com/news/Fund+Update%3A+304%2C891+TAIWAN+SEMICONDUCTOR+MANUFACTURING+%28TSM%29+shares+added+to+Allen+Investment+Management%2C+LLC+portfolio,"Allen Investment Management, LLC has increased its holdings in Taiwan Semiconductor Manufacturing (TSM) by adding 304,891 shares to its portfolio, as per a recent SEC 13F filing for the Q2 2026 reporting period. The article also details recent hedge fund activity, showing both increases and decreases in TSM holdings by various institutional investors, and outlines significant insider and congressional trading activities, predominantly purchases, over the last six months. Furthermore, it provides recent analyst price targets for TSM, with a median target of $480.0.",0.242587,Somewhat-Bullish,1.000000,0.213697,Somewhat-Bullish
20260805T191608,TSM,Taiwan Semiconductor,Taiwan Semiconductor Manufacturing (TSM) Stock Looks Fully Priced After Its 356% Run,Simply Wall Street,https://simplywall.st/stocks/us/semiconductors/nyse-tsm/taiwan-semiconductor-manufacturing/news/taiwan-semiconductor-manufacturing-tsm-stock-looks-fully-pri,"Taiwan Semiconductor Manufacturing (TSM) has seen a 356% return over three years, but its current valuation suggests it's fairly priced. While a Discounted Cash Flow (DCF) model indicates it's roughly fair value, its P/E ratio suggests it might be undervalued compared to the semiconductor industry average. The article highlights mixed investor sentiment, balancing strong demand for AI chips against geopolitical risks and competition.",0.038998,Neutral,1.000000,0.016934,Neutral
20260807T081058,TSM,Taiwan Semiconductor,Taiwan Semiconductor Manufacturing Company Ltd. $TSM Shares Purchased by 55 North Private Wealth LLC,MarketBeat,https://www.marketbeat.com/instant-alerts/filing-taiwan-semiconductor-manufacturing-company-ltd-tsm-shares-purchased-by-55-north-private-wealth-llc-2026-08-07/,"55 North Private Wealth LLC significantly increased its holdings in Taiwan Semiconductor Manufacturing Company Ltd. (TSM) during the second quarter, nearly doubling its stake to 3,537 shares valued at $1.69 million. This move comes amid positive analyst sentiment, with TSM holding a consensus ""Buy"" rating and an average price target of $496.25, driven by strong demand for AI chips and capacity expansion plans. Despite recent volatility, the company reported solid quarterly earnings, increased its dividend, and saw insider purchases, reinforcing confidence in its growth outlook.",0.446184,Bullish,1.000000,0.505625,Bullish
20260807T081058,TSM,Taiwan Semiconductor,Avior Wealth Management LLC Trims Stake in Taiwan Semiconductor Manufacturing Company Ltd. $TSM,MarketBeat,https://www.marketbeat.com/instant-alerts/filing-avior-wealth-management-llc-trims-stake-in-taiwan-semiconductor-manufacturing-company-ltd-tsm-2026-08-07/,"Avior Wealth Management LLC reduced its stake in Taiwan Semiconductor Manufacturing Company Ltd. (TSM) by 67.1% in the second quarter. Despite this, institutional ownership in TSM remains significant at 16.51%, with many other funds increasing positions. Analyst sentiment for TSM is largely positive, holding a consensus ""Buy"" rating with an average price target of $496.25, driven by strong AI chip demand and increased capital spending.",0.33935,Somewhat-Bullish,1.000000,0.345050,Somewhat-Bullish
20260807T213937,TSM,Taiwan Semiconductor,Arizona wants Taiwan’s investors to think beyond chips,Rest of World,https://restofworld.org/2026/tsmc-arizona-investors/,"Arizona is actively seeking to diversify its economic ties with Taiwan beyond the semiconductor industry, which has seen significant investment from TSMC. The Arizona Commerce Authority is pitching real estate opportunities in Phoenix to Taiwanese property developers and family offices, encouraging investment in supporting infrastructure like warehouses, hotels, and commercial buildings. This effort aims to capitalize on the ""TSMC effect"" and the overall increase in trade between Arizona and Taiwan, with officials highlighting the potential for significant appreciation in land values.",0.303302,Somewhat-Bullish,1.000000,0.411913,Bullish
20260808T023937,TSM,Taiwan Semiconductor,"Taiwan Semiconductor Manufacturing (TSM) Speeds Up 3nm Output Target To 180,000 Wafers Monthly",Simply Wall Street,https://simplywall.st/stocks/us/semiconductors/nyse-tsm/taiwan-semiconductor-manufacturing/news/taiwan-semiconductor-manufacturing-tsm-speeds-up-3nm-output,"Taiwan Semiconductor Manufacturing (TSM) is accelerating its 3nm production target to 180,000 wafers per month due to strong demand from major customers like NVIDIA, AMD, and Broadcom. This move reinforces TSM's role as a critical manufacturer for high-performance computing and AI infrastructure. The company is increasing its investments in advanced fabrication plants globally, focusing on leading-edge capacity where pricing power and customer loyalty are strongest.",0.354861,Bullish,1.000000,0.470925,Bullish
20260808T053937,TSM,Taiwan Semiconductor,Japanese teens explore Taiwan's chip industry at summer camp,Japan Wire by Kyodo News,https://english.kyodonews.net/articles/-/81811,"Thirty Japanese high school students participated in a six-day summer camp in Taiwan to explore its semiconductor industry, including visiting TSMC and learning about drones. Organized by the National Yunlin University of Science and Technology, the program aims to attract Japanese students to Taiwanese universities and jobs in local chip companies. The initiative comes amidst a global competition for skilled workers in the semiconductor sector, with TSMC's growing presence in Japan sparking further interest among students.",0.268332,Somewhat-Bullish,1.000000,0.324014,Somewhat-Bullish
20260808T053937,TSM,Taiwan Semiconductor,Taiwan Semiconductor Manufacturing (NYSE:TSM) Stock Rating Lowered by Wall Street Zen,MarketBeat,https://www.marketbeat.com/instant-alerts/taiwan-semiconductor-manufacturing-nysetsm-stock-rating-lowered-by-wall-street-zen-2026-08-08/,"Wall Street Zen downgraded Taiwan Semiconductor Manufacturing (NYSE:TSM) from a ""strong buy"" to a ""buy"" rating, although the overall analyst consensus remains ""buy"" with a target price of $496.25. The company's shares opened at $419.94, and it reported strong quarterly earnings and revenue, driven by AI demand. Insider transactions show increased holdings by major investors and recent share purchases by company VPs.",0.340413,Somewhat-Bullish,1.000000,0.302353,Somewhat-Bullish
20260808T083936,TSM,Taiwan Semiconductor,Eldred Rock Partners LLC Decreases Stake in Taiwan Semiconductor Manufacturing Company Ltd. $TSM,MarketBeat,https://www.marketbeat.com/instant-alerts/filing-eldred-rock-partners-llc-decreases-stake-in-taiwan-semiconductor-manufacturing-company-ltd-tsm-2026-08-08/,"Eldred Rock Partners LLC reduced its stake in Taiwan Semiconductor Manufacturing Company Ltd. (TSM) by 13.7% in the second quarter, selling 8,729 shares but retaining 54,902 shares valued at $26.2 million. Despite this reduction, TSM remains Eldred Rock's fourth-largest holding, representing 5.6% of its portfolio. The article highlights strong positive sentiment around TSMC due to accelerating AI demand, insider buying, increased dividends, and an average ""Buy"" rating from analysts with a target price of $496.25.",0.368572,Bullish,1.000000,0.463620,Bullish
20260809T080936,TSM,Taiwan Semiconductor,Cathie Wood's Ark Piled Into Nvidia and Taiwan Semiconductor After Meta's Earnings Miss. Here's What It Signals for Artificial Intelligence (AI) Stocks.,The Globe and Mail,https://www.theglobeandmail.com/investing/markets/markets-news/Motley%20Fool/3743430/cathie-wood-s-ark-piled-into-nvidia-and-taiwan-semiconductor-after-meta-s-earnings-miss-here-s-what-it-signals-for-artificial-intelligence-ai-stocks/,"Cathie Wood's Ark Invest recently purchased significant amounts of Nvidia (NVDA) and Taiwan Semiconductor Manufacturing (TSM) stock following Meta's Q2 earnings report, which highlighted increased AI infrastructure spending. These investments suggest Wood's conviction in the sustained demand for AI, particularly as Nvidia designs GPUs for AI workloads and TSMC manufactures them. Both stocks are currently trading at approximately 25 times forward earnings, which the author considers reasonable for investors who believe hyperscaler capital expenditure will remain high.",0.385941,Bullish,1.000000,0.414609,Bullish
20260809T090936,TSM,Taiwan Semiconductor,Taiwan Semiconductor Manufacturing (TSM) Is AI Demand Making The Stock Look Fully Valued,Simply Wall Street,https://simplywall.st/stocks/us/semiconductors/nyse-tsm/taiwan-semiconductor-manufacturing/news/taiwan-semiconductor-manufacturing-tsm-is-ai-demand-making-t,"Taiwan Semiconductor Manufacturing (TSM) is under scrutiny as strong AI-related chip demand drives its stock performance. While a common narrative suggests it's 10.2% overvalued at $420.04 per share, with a fair value of $381, a P/E based analysis indicates it trades at 27.7x earnings against an industry average of 50.9x, suggesting it's not paying an obvious premium. Investors are encouraged to assess the data themselves, considering both the high-performance narrative and potential risks like geopolitical disruption or competition.",-0.02016,Neutral,1.000000,-0.257997,Somewhat-Bearish
20260809T101236,TSM,Taiwan Semiconductor,Hennion & Walsh Asset Management Inc. Increases Holdings in Taiwan Semiconductor Manufacturing Company Ltd. $TSM,MarketBeat,https://www.marketbeat.com/instant-alerts/filing-hennion-walsh-asset-management-inc-increases-holdings-in-taiwan-semiconductor-manufacturing-company-ltd-tsm-2026-08-09/,"Hennion & Walsh Asset Management Inc. significantly increased its holdings in Taiwan Semiconductor Manufacturing Company Ltd. (TSM) by 29.2% in the second quarter, bringing its total to 20,865 shares valued at approximately $9.96 million. This increase reflects positive sentiment driven by accelerating AI-chip demand, a substantial capital-spending program, and expectations of limited advanced-chip capacity. Analysts maintain a ""Buy"" rating for TSM with an average price target of $496.25, further bolstered by a recently raised quarterly dividend.",0.189238,Somewhat-Bullish,1.000000,0.469234,Bullish
20260809T103036,TSM,Taiwan Semiconductor,"Tactive Advisors LLC Buys 1,525 Shares of Taiwan Semiconductor Manufacturing Company Ltd. $TSM",MarketBeat,https://www.marketbeat.com/instant-alerts/filing-tactive-advisors-llc-buys-1525-shares-of-taiwan-semiconductor-manufacturing-company-ltd-tsm-2026-08-09/,"Tactive Advisors LLC increased its stake in Taiwan Semiconductor Manufacturing Company Ltd. (TSM) by 69.9% in the second quarter, purchasing an additional 1,525 shares to hold a total of 3,706 shares valued at $1.77 million. The company reported strong quarterly earnings of $4.28 per share on $39.89 billion in revenue and raised its quarterly dividend. Analysts maintain a ""Buy"" rating for TSM with a consensus price target of $496.25, driven by strong AI-related demand and strategic investments.",0.289657,Somewhat-Bullish,0.973249,0.489687,Bullish
20260809T103036,TSM,Taiwan Semiconductor,Taiwan Semiconductor Manufacturing Company Ltd. $TSM Shares Sold by HF Advisory Group LLC,MarketBeat,https://www.marketbeat.com/instant-alerts/filing-taiwan-semiconductor-manufacturing-company-ltd-tsm-shares-sold-by-hf-advisory-group-llc-2026-08-09/,"HF Advisory Group LLC reduced its stake in Taiwan Semiconductor Manufacturing Company Ltd. (TSM) by 12.9% in the second quarter, selling 1,197 shares. Despite this, other major institutional investors like Fisher Asset Management and Van ECK Associates increased their holdings, and institutions collectively own 16.51% of TSM. Analysts maintain a ""Buy"" rating for TSM with an average price target of $496.25, driven by strong AI-chip demand, an upgraded 2026 outlook, and a recent dividend increase.",0.411657,Bullish,1.000000,0.442568,Bullish
20260809T103957,TSM,Taiwan Semiconductor,Taiwan Semiconductor Manufacturing Company Ltd. $TSM Shares Bought by Wealth Science Advisors LLC,MarketBeat,https://www.marketbeat.com/instant-alerts/filing-taiwan-semiconductor-manufacturing-company-ltd-tsm-shares-bought-by-wealth-science-advisors-llc-2026-08-09/,"Wealth Science Advisors LLC significantly increased its stake in Taiwan Semiconductor Manufacturing Company (TSM) by 38.3% in the second quarter, now holding 4,845 shares valued at $2.31 million. Other institutional investors also expanded their positions, contributing to 16.51% institutional ownership of the stock. Analysts maintain a ""Buy"" rating for TSM with an average price target of $496.25, driven by strong earnings, increased dividends, and positive sentiment regarding AI-related demand and strategic importance in the chip supply chain.",0.349668,Somewhat-Bullish,1.000000,0.505336,Bullish
20260809T105936,TSM,Taiwan Semiconductor,TSMC Revives Longtan for 1.4nm Fabs and CoWoS Hub as Both Sell Out Globally,Tech Times,https://www.techtimes.com/articles/323679/20260809/tsmc-revives-longtan-14nm-fabs-cowos-hub-both-sell-out-globally.htm,"TSMC is reportedly planning to build two to three 1.4nm fabrication plants and two advanced packaging facilities at the Longtan Phase 3 site in Taoyuan, Taiwan, after local opposition reversed. This site would uniquely house both next-generation logic production and CoWoS packaging capabilities, which are currently globally sold out and critical for AI accelerator chips. The plan, though facing remaining hurdles like land acquisition and environmental review, signifies Taiwan's effort to keep TSMC's most advanced technology anchored domestically amidst its global expansion.",0.308937,Somewhat-Bullish,1.000000,0.472305,Bullish
20260810T121458,TSM,Taiwan Semiconductor,TAIWAN SEMICONDUCTOR (TSM) SVP Kevin Zhang buys 63 shares via ESPP,Stock Titan,https://www.stocktitan.net/sec-filings/TSM/form-4-taiwan-semiconductor-manufacturing-co-ltd-insider-trading-acti-3fdba3d48c20.html,"Kevin Xiaoqiang Zhang, SVP and Deputy Co-COO of Taiwan Semiconductor Manufacturing Co Ltd (TSM), purchased 63 Common Shares on August 7, 2026, through an Employee Stock Purchase Plan (ESPP) at $73.310 per share. These shares are held indirectly via an ESPP Trust, increasing his total holdings in this category to 7,286 Common Shares. He also holds 329,663 direct Common Shares, 2,500 direct American Depositary Shares, and 20,190 indirect Common Shares through an LTI Trust.",0.005388,Neutral,1.000000,0.016239,Neutral
20260810T134858,TSM,Taiwan Semiconductor,What TSMC’s Surging Sales Growth Means for Apple and Nvidia Stocks,Barron's,https://www.barrons.com/articles/tsmc-stock-sales-apple-ai-3491573c,"Taiwan Semiconductor Manufacturing (TSMC) reported strong sales growth for July, surpassing its yearly outlook. This performance indicates continued momentum in the artificial intelligence sector, with positive implications for major chip-consuming companies like Apple and Nvidia. The robust growth suggests that the AI trade still has significant potential for expansion.",0.320584,Somewhat-Bullish,1.000000,0.440560,Bullish
20260811T101631,TSM,Taiwan Semiconductor,What Is Taiwan Semiconductor Manufacturing (TSM) Planning With Its $6.4 Billion Japan Sensor Bet?,Simply Wall Street,https://simplywall.st/stocks/us/semiconductors/nyse-tsm/taiwan-semiconductor-manufacturing/news/what-is-taiwan-semiconductor-manufacturing-tsm-planning-with,"Taiwan Semiconductor Manufacturing (TSM) and Sony are investing US$6.4 billion in a new image sensor factory in Japan, targeting advanced sensors for automotive and robotics markets. This collaboration expands TSMC's role in image sensors and strengthens its global partnerships, with potential government funding supporting the project. The joint venture, where Sony holds 60% and TSMC 40%, is expected to begin production by 2029, enhancing TSMC's foundry mix with application-specific chips for AI infrastructure.",0.32055,Somewhat-Bullish,1.000000,0.451060,Bullish
20260811T181631,TSM,Taiwan Semiconductor,Taiwan Semiconductor Manufacturing (NYSE:TSM) Given New $554.00 Price Target at Sanford C. Bernstein,MarketBeat,https://www.marketbeat.com/instant-alerts/taiwan-semiconductor-manufacturing-nysetsm-given-new-55400-price-target-at-sanford-c-bernstein-2026-08-11/,"Sanford C. Bernstein has increased its price target for Taiwan Semiconductor Manufacturing (NYSE:TSM) to $554.00 from $430.00, maintaining an ""outperform"" rating. This upgrade, alongside other positive analyst reports, indicates strong confidence in TSM's future performance, driven by robust demand for AI chips and strategic investments. Despite potential geopolitical risks and high valuation, the company reported solid quarterly earnings and revenue, with significant insider buying activity further bolstering sentiment.",0.426185,Bullish,1.000000,0.531921,Bullish
20260812T144130,TSM,Taiwan Semiconductor,Taiwan as a “Macro-City” Designed for Chip Manufacturing,Global Taiwan Institute,https://globaltaiwan.org/2026/08/taiwan-macro-city/,"Taiwan's dominance in chip manufacturing is not solely due to R&D and gigafabs, but also its 40-year spatial transformation that has turned the island into a highly efficient ""macro-city"" designed for semiconductor production. This involves integrating Science Parks, advanced transportation networks, and massive infrastructure investments to support facilities like TSMC's Fab 18. As Taiwan's semiconductor industry expands globally, it is exporting not just chip manufacturing but also a unique model of spatial organization and industrial planning.",0.461259,Bullish,1.000000,0.858333,Bullish
20260812T204130,TSM,Taiwan Semiconductor,Why Is Taiwan Semiconductor Manufacturing (TSM) Raising Spending After 45% July Growth?,Simply Wall Street,https://simplywall.st/stocks/us/semiconductors/nyse-tsm/taiwan-semiconductor-manufacturing/news/why-is-taiwan-semiconductor-manufacturing-tsm-raising-spendi,"Taiwan Semiconductor Manufacturing (TSM) reported a 45% year-on-year revenue increase in July, driven by strong demand for AI chips, exceeding its full-year guidance. In response, the company is increasing its capital expenditure outlook to US$60 billion to US$64 billion for 2024 to support high-performance computing and AI capacity. This move reinforces TSMC's commitment to capitalizing on the booming AI market, though it also raises capital intensity and execution risks.",0.313476,Somewhat-Bullish,1.000000,0.478798,Bullish
20260813T034130,TSM,Taiwan Semiconductor,Critical Manufacturing to Showcase MES-Powered Industrial Operations Platform for Intelligent Semiconductor Manufacturing at SEMICON Taiwan 2026,Process and Control Today,https://www.pandct.com/news/critical-manufacturing-to-showcase-mes-powered-industrial-operations-platform-for-intelligent-semiconductor-manufacturing-at-semicon-taiwan-2026,"Critical Manufacturing will showcase its MES-Powered Industrial Operations Platform at SEMICON Taiwan from September 2-4, 2026, demonstrating how semiconductor manufacturers can transition to intelligent, AI-supported production. The platform aims to transform operational complexity into actionable intelligence by unifying execution, connectivity, analytics, and trusted AI, enabling real-time insights and decision-making. A key feature will be AI Copilots, allowing users to interact with manufacturing data using natural language for easier analysis and informed decisions.",0.247318,Somewhat-Bullish,0.822549,0.328153,Somewhat-Bullish
20260813T074130,TSM,Taiwan Semiconductor,Taiwan Semiconductor Manufacturing Company Ltd. $TSM Shares Sold by Baskin Financial Services Inc.,MarketBeat,https://www.marketbeat.com/instant-alerts/filing-taiwan-semiconductor-manufacturing-company-ltd-tsm-shares-sold-by-baskin-financial-services-inc-2026-08-13/,"Baskin Financial Services Inc. reduced its stake in Taiwan Semiconductor Manufacturing Company Ltd. (TSM) by 3.4% in the second quarter, selling 4,516 shares but still holding over 126,000 shares. Despite this sale, many other institutional investors increased their positions, and analysts maintain a bullish outlook on TSM due to strong AI-driven revenue growth, setting an average price target of $524.25. However, concerns remain regarding valuation, rising capital expenditures, and geopolitical risks.",0.232995,Somewhat-Bullish,1.000000,0.312285,Somewhat-Bullish
20260813T094130,TSM,Taiwan Semiconductor,Taiwan Semiconductor Manufacturing Company Ltd. $TSM Position Lifted by Trinity Street Asset Management LLP,MarketBeat,https://www.marketbeat.com/instant-alerts/filing-taiwan-semiconductor-manufacturing-company-ltd-tsm-position-lifted-by-trinity-street-asset-management-llp-2026-08-13/,"Trinity Street Asset Management LLP increased its stake in Taiwan Semiconductor Manufacturing Company Ltd. (TSM) by 3.4% in Q2, making it the fund's largest holding. Several other institutional investors also adjusted their positions in TSM, which currently has a consensus ""Buy"" rating from analysts with an average price target of $524.25. While TSMC shows strong AI-driven growth with significant revenue increases and increased capital spending, geopolitical risks and valuation concerns remain.",0.404887,Bullish,1.000000,0.544905,Bullish
20260813T101125,TSM,Taiwan Semiconductor,Taiwan Semiconductor Manufacturing Company Ltd. $TSM Shares Purchased by SteelPeak Wealth LLC,MarketBeat,https://www.marketbeat.com/instant-alerts/filing-taiwan-semiconductor-manufacturing-company-ltd-tsm-shares-purchased-by-steelpeak-wealth-llc-2026-08-13/,"SteelPeak Wealth LLC increased its stake in Taiwan Semiconductor Manufacturing Company Ltd. (TSM) by 14.7% in Q2, acquiring an additional 1,430 shares, bringing its total holdings to 11,131 shares valued at $5.33 million. The company's growth outlook remains strong due to a 44.7% year-over-year July revenue increase and ongoing AI demand, prompting an increase in 2026 capital spending guidance to $60 billion–$64 billion. Analysts maintain a bullish ""Buy"" rating with an average price target of $524.25, despite geopolitical risks and valuation concerns.",0.049588,Neutral,0.326376,0.049255,Neutral
20260813T224327,TSM,Taiwan Semiconductor,Why Is Taiwan Semiconductor Manufacturing (TSM) Raising Spending After 45% July Growth?,Sahm,https://www.sahmcapital.com/news/content/why-is-taiwan-semiconductor-manufacturing-tsm-raising-spending-after-45-july-growth-2026-08-12,"Taiwan Semiconductor Manufacturing (TSM) reported a 45% year-on-year revenue increase in July, driven by strong demand for AI chips, surpassing its full-year guidance. In response, the company is raising its capital expenditure outlook for 2024 to support increased capacity for high-performance computing and AI. This move reinforces the existing growth narrative around AI and will require monitoring how the increased spending translates into future financial performance.",0.484843,Bullish,1.000000,0.457186,Bullish
20260814T094327,TSM,Taiwan Semiconductor,Jacobson & Schmitt Advisors LLC Takes Position in Taiwan Semiconductor Manufacturing Company Ltd. $TSM,MarketBeat,https://www.marketbeat.com/instant-alerts/filing-jacobson-schmitt-advisors-llc-takes-position-in-taiwan-semiconductor-manufacturing-company-ltd-tsm-2026-08-14/,"Jacobson & Schmitt Advisors LLC has acquired a new position in Taiwan Semiconductor Manufacturing Company (TSM), purchasing 31,152 shares valued at approximately $14.9 million, making it their 12th largest holding. Institutional ownership in TSM remains high, with several major funds increasing their stakes, and analysts maintain a ""Buy"" rating with a target price of $524.25, driven by strong AI-related demand. However, the company faces rising valuation and semiconductor-cycle risks following a significant stock rally.",0.369104,Bullish,1.000000,0.494721,Bullish
20260814T094327,TSM,Taiwan Semiconductor,TSMC (TSM) Stock Looks Fully Priced Despite Strong AI Demand,Simply Wall Street,https://simplywall.st/stocks/us/semiconductors/nyse-tsm/taiwan-semiconductor-manufacturing/news/tsmc-tsm-stock-looks-fully-priced-despite-strong-ai-demand,"Taiwan Semiconductor Manufacturing (TSM) has seen significant stock growth, with a 385.6% return over three years. While its Discounted Cash Flow model suggests the stock is overvalued by 27.7%, its P/E ratio of 28.5x is below the industry average, indicating potential undervaluation based on earnings. The article concludes that TSM's valuation is finely balanced, with strong AI demand driving future cash flow expectations against risks from high capital expenditure and geopolitical factors.",0.074055,Neutral,1.000000,0.069334,Neutral
20260814T114327,TSM,Taiwan Semiconductor,Y Intercept Hong Kong Ltd Lowers Stock Position in Taiwan Semiconductor Manufacturing Company Ltd. $TSM,MarketBeat,https://www.marketbeat.com/instant-alerts/filing-y-intercept-hong-kong-ltd-lowers-stock-position-in-taiwan-semiconductor-manufacturing-company-ltd-tsm-2026-08-14/,"Y Intercept Hong Kong Ltd significantly reduced its stake in Taiwan Semiconductor Manufacturing Company Ltd. (TSM) by 62.1% in the second quarter, selling over 50,000 shares. Despite this, other institutional investors have shown varied activity, with some increasing and others initiating positions. TSM reported strong quarterly earnings and revenue, with analysts maintaining a ""Buy"" rating and a consensus price target of $524.25, while also noting potential risks related to valuation and the semiconductor cycle peaking.",0.195449,Somewhat-Bullish,1.000000,0.278332,Somewhat-Bullish
20260814T124327,TSM,Taiwan Semiconductor,Taiwan Shows Resilience in Trying Times,Substack,https://jamestown.substack.com/p/taiwan-shows-resilience-in-trying,"Taiwan is demonstrating remarkable resilience amidst geopolitical challenges, including pressure from China, domestic political disputes, and uncertain U.S. support. Its semiconductor industry is thriving due to the AI boom, leading to significant GDP growth and record stock market highs. While economic ties with the U.S. are deepening through investments and strategic alignment, delays in drone legislation and a pending U.S. arms sale raise concerns about Taiwan's military readiness.",0.641134,Bullish,1.000000,0.834050,Bullish
20260815T081148,TSM,Taiwan Semiconductor,BayBridge Capital Group LLC Reduces Position in Taiwan Semiconductor Manufacturing Company Ltd. $TSM,MarketBeat,https://www.marketbeat.com/instant-alerts/filing-baybridge-capital-group-llc-reduces-position-in-taiwan-semiconductor-manufacturing-company-ltd-tsm-2026-08-15/,"BayBridge Capital Group LLC has reduced its stake in Taiwan Semiconductor Manufacturing Company Ltd. ($TSM) by 46.5% during the second quarter, selling 3,024 shares and retaining 3,484 shares valued at $1.66 million. Despite this reduction, institutional investors collectively own 16.51% of TSM, which continues to benefit from strong AI-related demand and strategic partnerships, such as a $4.69 billion venture with Sony for a new image-sensor plant in Japan. While analysts maintain a ""Buy"" rating, concerns exist regarding SoftBank's significant sale of its TSM holdings and potential overvaluation in the semiconductor sector.",0.277447,Somewhat-Bullish,1.000000,0.201213,Somewhat-Bullish
20260815T091148,TSM,Taiwan Semiconductor,"QRG Capital Management Inc. Buys 18,908 Shares of Taiwan Semiconductor Manufacturing Company Ltd. $TSM",MarketBeat,https://www.marketbeat.com/instant-alerts/filing-qrg-capital-management-inc-buys-18908-shares-of-taiwan-semiconductor-manufacturing-company-ltd-tsm-2026-08-15/,"QRG Capital Management Inc. increased its stake in Taiwan Semiconductor Manufacturing Company Ltd. (TSM) by 18.1% in the second quarter, now holding 123,108 shares valued at approximately $58.8 million. TSMC continues to benefit from strong AI-related demand and positive analyst ratings, despite concerns about elevated chip valuations and SoftBank's recent sale of a significant portion of its holdings. The company also announced a quarterly dividend and analysts maintain a ""Buy"" rating with an average price target of $524.25.",0.219001,Somewhat-Bullish,1.000000,0.279056,Somewhat-Bullish
20260815T094253,TSM,Taiwan Semiconductor,Raub Brock Capital Management LP Decreases Position in Taiwan Semiconductor Manufacturing Company Ltd. $TSM,MarketBeat,https://www.marketbeat.com/instant-alerts/filing-raub-brock-capital-management-lp-decreases-position-in-taiwan-semiconductor-manufacturing-company-ltd-tsm-2026-08-15/,"Raub Brock Capital Management LP reduced its stake in Taiwan Semiconductor Manufacturing Company Ltd. (TSM) by 30.3% in the second quarter, although it remains their second-largest holding. Despite this reduction and SoftBank's significant sale of TSMC shares, analysts maintain a ""Buy"" rating for TSM with an average price target of $524.25, citing strong growth prospects driven by AI-chip demand and strategic expansions. The company reported robust quarterly revenues of $39.89 billion and $4.28 EPS, but concerns about semiconductor valuation peaks could impact sentiment.",0.343455,Somewhat-Bullish,1.000000,0.219778,Somewhat-Bullish
20260815T101148,TSM,Taiwan Semiconductor,"Wealth Enhancement Advisory Services LLC Purchases 28,986 Shares of Taiwan Semiconductor Manufacturing Company Ltd. $TSM",MarketBeat,https://www.marketbeat.com/instant-alerts/filing-wealth-enhancement-advisory-services-llc-purchases-28986-shares-of-taiwan-semiconductor-manufacturing-company-ltd-tsm-2026-08-15/,"Wealth Enhancement Advisory Services LLC increased its stake in Taiwan Semiconductor Manufacturing Company Ltd. (TSM) by 8.3% in the second quarter, acquiring an additional 28,986 shares, bringing their total holdings to 379,211 shares valued at $181.1 million. Despite this positive institutional activity and a consensus ""Buy"" rating from analysts with a $524.25 price target, concerns exist regarding elevated chip valuations and SoftBank's recent sale of most of its TSM holdings. Company insiders have also purchased 18,312 shares worth approximately $1.35 million over the past 90 days.",0.358491,Bullish,1.000000,0.347603,Somewhat-Bullish
20260816T034253,TSM,Taiwan Semiconductor,"Gladstone Capital pares Taiwan Semiconductor stake by 45,846",The Globe and Mail,https://www.theglobeandmail.com/investing/markets/stocks/TSM/pressreleases/3873634/gladstone-capital-pares-taiwan-semiconductor-stake-by-45846/,"Gladstone Capital Management Llp, managed by David Gladstone, recently reduced its stake in Taiwan Semiconductor Manufacturing Company Limited (TSM) by 45,846 shares. Despite this, TSM shares have seen a significant year-to-date rally, with analysts raising price targets due to strong financial performance and demand driven by AI/HPC. However, near-term concerns include weak technical momentum and potential margin dilution from new projects.",0.210108,Somewhat-Bullish,1.000000,0.202138,Somewhat-Bullish
20260816T094128,TSM,Taiwan Semiconductor,Independent Financial Group LLC Raises Stock Position in Taiwan Semiconductor Manufacturing Company Ltd. $TSM,MarketBeat,https://www.marketbeat.com/instant-alerts/filing-independent-financial-group-llc-raises-stock-position-in-taiwan-semiconductor-manufacturing-company-ltd-tsm-2026-08-16/,"Independent Financial Group LLC significantly increased its stake in Taiwan Semiconductor Manufacturing Company Ltd. (TSM) by 94% in the second quarter, now holding 98,811 shares valued at $47.2 million. Analysts largely maintain a ""Buy"" rating for TSMC, with an average target price of $524.25, driven by strong demand for AI-related chips. Despite positive sentiment from AI growth and new ventures, concerns about elevated valuations and a potential semiconductor cycle peak present risks, alongside SoftBank's recent sale of a large portion of its TSMC holdings.",0.382095,Bullish,1.000000,0.407474,Bullish
20260816T124128,TSM,Taiwan Semiconductor,Should You Buy Taiwan Semiconductor Stock Below $440? Here's What History Says.,The Globe and Mail,https://www.theglobeandmail.com/investing/markets/stocks/NVDA/pressreleases/3875250/should-you-buy-taiwan-semiconductor-stock-below-440-heres-what-history-says/,"Taiwan Semiconductor Manufacturing (TSM) is currently trading below its 52-week high, at around $430. Despite its valuation being higher than its historical average, the company's consistent rapid growth rate, fueled by strong AI chip demand, justifies the current price. CEO C.C. Wei predicts this elevated growth will continue through 2030, making TSM a buy for investors.",0.243704,Somewhat-Bullish,0.955329,0.385269,Bullish
20260817T084409,TSM,Taiwan Semiconductor,Targeted Financial Services LLC Takes Position in Taiwan Semiconductor Manufacturing Company Ltd. $TSM,MarketBeat,https://www.marketbeat.com/instant-alerts/filing-targeted-financial-services-llc-takes-position-in-taiwan-semiconductor-manufacturing-company-ltd-tsm-2026-08-17/,"Targeted Financial Services LLC has acquired a new position in Taiwan Semiconductor Manufacturing Company Ltd. (TSM), purchasing 1,215 shares valued at approximately $580,000. This move is part of broader institutional interest, with several other firms increasing their stakes, despite concerns about elevated chip valuations and SoftBank's significant sale of its TSM holdings. Analysts maintain a favorable ""Buy"" rating for TSM, with an average price target of $524.25, reflecting confidence in the company's prospects, especially given its role in the AI boom and recent strategic investments like the joint venture with Sony.",0.25594,Somewhat-Bullish,1.000000,0.205502,Somewhat-Bullish
20260817T084409,TSM,Taiwan Semiconductor,PFG Advisors Decreases Stock Holdings in Taiwan Semiconductor Manufacturing Company Ltd. $TSM,MarketBeat,https://www.marketbeat.com/instant-alerts/filing-pfg-advisors-decreases-stock-holdings-in-taiwan-semiconductor-manufacturing-company-ltd-tsm-2026-08-17/,"PFG Advisors reduced its stake in Taiwan Semiconductor Manufacturing Company Ltd. (TSM) by 27.3% in the second quarter, selling 1,758 shares and retaining 4,675 shares valued at $2.23 million. Despite this, analyst sentiment remains largely positive with an average ""Buy"" rating and a consensus price target of $524.25. The company recently reported strong quarterly EPS of $4.28 on $39.89 billion in revenue and announced a quarterly dividend of $1.0854 per share.",0.124605,Neutral,1.000000,0.112794,Neutral
20260817T084409,TSM,Taiwan Semiconductor,Taiwan Semiconductor Manufacturing Company Ltd. $TSM Shares Purchased by Strategic Planning Group LLC,MarketBeat,https://www.marketbeat.com/instant-alerts/filing-taiwan-semiconductor-manufacturing-company-ltd-tsm-shares-purchased-by-strategic-planning-group-llc-2026-08-17/,"Strategic Planning Group LLC increased its stake in Taiwan Semiconductor Manufacturing Company Ltd. (TSM) by 4.7% in the second quarter, bringing its total holdings to 34,692 shares valued at approximately $16.6 million. Other institutional investors also adjusted their positions in the company, with collective institutional ownership now at 16.51%. Analysts maintain a largely positive outlook with a ""Buy"" rating and a consensus price target of $524.25, driven by strong AI-related demand, despite some concerns about semiconductor valuations and SoftBank's recent sale of most of its TSM stake.",0.206922,Somewhat-Bullish,1.000000,0.273238,Somewhat-Bullish
20260817T094409,TSM,Taiwan Semiconductor,Taiwan Semiconductor Manufacturing Company Ltd. $TSM Stock Holdings Lifted by Northeast Investment Management,MarketBeat,https://www.marketbeat.com/instant-alerts/filing-taiwan-semiconductor-manufacturing-company-ltd-tsm-stock-holdings-lifted-by-northeast-investment-management-2026-08-17/,"Northeast Investment Management significantly increased its holdings in Taiwan Semiconductor Manufacturing Company (TSMC) by 71.8% in Q2, reflecting continued investor confidence. TSMC benefits from strong AI-related demand, including potential orders for Nvidia's next-gen chips and a $4.69 billion partnership with Sony in Japan. Despite some concerns about semiconductor valuations and SoftBank's partial sale of its TSMC stake, analysts maintain a ""Buy"" rating with an average price target of $524.25.",0.307523,Somewhat-Bullish,1.000000,0.330151,Somewhat-Bullish
20260818T014051,TSM,Taiwan Semiconductor,TSMC Follows the Money: More Than 75% of Its Revenue Now Comes From U.S. Customers,semivision,https://tspasemiconductor.substack.com/p/tsmc-follows-the-money-more-than,"Over 75% of TSMC's revenue in the first half of 2026 came from U.S. customers, making its expansion into Arizona a commercially driven decision rather than solely a geopolitical one. While manufacturing in Arizona is more expensive, the need for supply security and proximity to its largest customers like Apple and Nvidia justifies the investment. This move suggests a two-tier geographical structure where Taiwan remains the technological core, and the U.S. becomes a crucial overseas production base.",0.373273,Bullish,1.000000,0.412015,Bullish
20260818T074051,TSM,Taiwan Semiconductor,"Ballentine Partners LLC Buys 2,566 Shares of Taiwan Semiconductor Manufacturing Company Ltd. $TSM",MarketBeat,https://www.marketbeat.com/instant-alerts/filing-ballentine-partners-llc-buys-2566-shares-of-taiwan-semiconductor-manufacturing-company-ltd-tsm-2026-08-18/,"Ballentine Partners LLC increased its stake in Taiwan Semiconductor Manufacturing Company Ltd. (TSM) by 6.0% during the second quarter, acquiring an additional 2,566 shares, bringing its total to 45,094 shares valued at $21.5 million. The company reported strong financial results with $39.89 billion in revenue and $4.28 EPS, and analysts maintain a ""Buy"" rating with an average target price of $524.25, driven by high demand for AI chips. Despite positive sentiment and insider buying, concerns remain regarding the stock's premium valuation and geopolitical risks.",0.283253,Somewhat-Bullish,1.000000,0.431017,Bullish
20260818T074051,TSM,Taiwan Semiconductor,Cidel Asset Management Inc. Has $12.55 Million Stock Position in Taiwan Semiconductor Manufacturing Company Ltd. $TSM,MarketBeat,https://www.marketbeat.com/instant-alerts/filing-cidel-asset-management-inc-has-1255-million-stock-position-in-taiwan-semiconductor-manufacturing-company-ltd-tsm-2026-08-18/,"Cidel Asset Management Inc. significantly increased its stake in Taiwan Semiconductor Manufacturing Company Ltd. (TSM) by 548.7% in the second quarter, bringing its total holdings to $12.55 million. This move is part of a broader trend of institutional investors adjusting their positions in TSM, driven by strong demand for advanced AI chips and positive analyst outlooks. Insider activity also shows increased purchasing of TSM stock by company executives.",0.039179,Neutral,0.319448,0.035041,Neutral
20260818T074051,TSM,Taiwan Semiconductor,Grey Fox Wealth Advisors LLC Increases Stock Holdings in Taiwan Semiconductor Manufacturing Company Ltd. $TSM,MarketBeat,https://www.marketbeat.com/instant-alerts/filing-grey-fox-wealth-advisors-llc-increases-stock-holdings-in-taiwan-semiconductor-manufacturing-company-ltd-tsm-2026-08-18/,"Grey Fox Wealth Advisors LLC significantly increased its stake in Taiwan Semiconductor Manufacturing Company Ltd. (TSM) by 41.9% in the second quarter, bringing its total holdings to 5,353 shares valued at $2,561,000. This move is part of a broader trend of institutional investors boosting their positions in TSM, driven by strong AI-related demand and positive analyst sentiment. The article also highlights recent insider transactions, financial performance, and future growth expectations for the semiconductor giant.",0.169228,Somewhat-Bullish,1.000000,0.447261,Bullish
20260818T094051,TSM,Taiwan Semiconductor,Taiwan Semiconductor Manufacturing (TSM) Could Be 13% Overvalued On Maia 300 Focus,Simply Wall Street,https://simplywall.st/stocks/us/semiconductors/nyse-tsm/taiwan-semiconductor-manufacturing/news/taiwan-semiconductor-manufacturing-tsm-could-be-13-overvalue,"Microsoft's upcoming Maia 300 AI chip has brought Taiwan Semiconductor Manufacturing (TSM) back into focus, with investors assessing the implications of long-term capacity commitments. Despite a recent surge in share price, current valuations suggest TSM could be 13% overvalued, with a fair value estimated at US$381 compared to its current US$430.97. The article highlights TSM's technological supremacy, but also points out risks such as geopolitical tensions and customer diversification, while noting that the stock appears cheaper than competitors based on earnings multiples.",-0.076324,Neutral,1.000000,-0.231390,Somewhat-Bearish
20260818T094051,TSM,Taiwan Semiconductor,"Segment Wealth Management LLC Purchases 24,525 Shares of Taiwan Semiconductor Manufacturing Company Ltd. $TSM",MarketBeat,https://www.marketbeat.com/instant-alerts/filing-segment-wealth-management-llc-purchases-24525-shares-of-taiwan-semiconductor-manufacturing-company-ltd-tsm-2026-08-18/,"Segment Wealth Management LLC significantly increased its stake in Taiwan Semiconductor Manufacturing Company Ltd. (TSM) by 172.1% in the second quarter, adding 24,525 shares to own 38,774 shares valued at $18.5 million. This reflects a broader trend of institutional investors expanding their positions in TSMC due to strong AI-driven demand for advanced chips. Despite some valuation and geopolitical risks, analysts maintain a ""Buy"" rating and a consensus price target of $524.25 for the company.",0.197263,Somewhat-Bullish,1.000000,0.490268,Bullish
20260818T141500,TSM,Taiwan Semiconductor,Taiwan Semiconductor Manufacturing Co Ltd Stock (TSM) Moved Down by 3.68% on Aug 18: Facts Behind the Movement,TradingKey,https://www.tradingkey.com/news/market-movers/262115380-market-movers-tsm-20260818,"Taiwan Semiconductor Manufacturing Co Ltd (TSM) stock declined by 3.68% on August 18th due to sector-wide profit-taking in technology equities and investor concerns over escalating capital expenditures for advanced nodes. Despite the short-term pullback, the company's strong operational metrics and high capacity utilization provide a structural backstop. Key risks include overseas fab expansion costs, potential AI infrastructure CapEx concerns, geopolitical concentration in Taiwan, and an elevated valuation premium.",-0.24297,Somewhat-Bearish,1.000000,-0.228307,Somewhat-Bearish
20260818T211200,TSM,Taiwan Semiconductor,Taiwan Semiconductor Manufacturing (NYSE:TSM) Trading Down 4% - Here's What Happened,MarketBeat,https://www.marketbeat.com/instant-alerts/taiwan-semiconductor-manufacturing-nysetsm-trading-down-4-heres-what-happened-2026-08-18/,"Taiwan Semiconductor Manufacturing (TSM) shares dropped 4% to approximately $413.87 during mid-day trading on Tuesday. Despite the dip, analysts maintain a broadly bullish outlook with a consensus ""Buy"" rating and an average price target of $524.25, with several firms recently increasing their targets. The company reported strong quarterly EPS of $4.28 on $39.89 billion in revenue, with insider buying activity and significant institutional ownership.",0.115526,Neutral,1.000000,0.147126,Neutral
20260819T030600,TSM,Taiwan Semiconductor,BofA Sends Bullish Message For Taiwan Semiconductor Stock Fans,TradingView,https://www.tradingview.com/news/gurufocus:9fb5c10e2094b:0-bofa-sends-bullish-message-for-taiwan-semiconductor-stock-fans/,"Bank of America (BofA) has reiterated a Buy rating and NT$3,100 price target for Taiwan Semiconductor Manufacturing (TSM), citing the company's strong U.S. manufacturing expansion. BofA anticipates that TSMC's investment levels will remain high, with significant capital expenditures projected through 2028 due to continued U.S. expansion and robust AI-related demand. This growth, however, may lead to increased depreciation costs.",0.445091,Bullish,1.000000,0.533284,Bullish
20260819T064147,TSM,Taiwan Semiconductor,"Taiwan Semiconductor Manufacturing Company Ltd. (NYSE:TSM) Given Consensus Recommendation of ""Buy"" by Analysts",MarketBeat,https://www.marketbeat.com/instant-alerts/taiwan-semiconductor-manufacturing-company-ltd-nysetsm-given-consensus-recommendation-of-buy-by-analysts-2026-08-19/,"Analysts have given Taiwan Semiconductor Manufacturing Company Ltd. (NYSE:TSM) a consensus ""Buy"" recommendation, with an average 12-month price target of $524.25. The company reported strong quarterly revenue and earnings, with demand for AI chips and expanding Arizona operations cited as key growth catalysts. Despite potential risks from valuation and semiconductor-cycle volatility, institutional investment and insider purchases indicate continued confidence in TSM's long-term outlook.",0.0303,Neutral,0.320095,0.016439,Neutral
20260819T104147,TSM,Taiwan Semiconductor,"100,462 Shares in Taiwan Semiconductor Manufacturing Company Ltd. $TSM Purchased by Trust Co. of Vermont",MarketBeat,https://www.marketbeat.com/instant-alerts/filing-100462-shares-in-taiwan-semiconductor-manufacturing-company-ltd-tsm-purchased-by-trust-co-of-vermont-2026-08-19/,"Trust Co. of Vermont acquired a new stake of 100,462 shares in Taiwan Semiconductor Manufacturing Company Ltd. (TSM) during the second quarter, valued at approximately $48 million. This purchase makes TSM the 13th largest holding for Trust Co. of Vermont, representing about 1.8% of their portfolio. The article highlights strong analyst sentiment, positive financial performance, and growing institutional confidence in TSM, driven by demand for AI chips.",0.044184,Neutral,0.314649,0.047603,Neutral
20260820T111026,TSM,Taiwan Semiconductor,"17,721 Shares in Taiwan Semiconductor Manufacturing Company Ltd. $TSM Bought by Madison Asset Management LLC",MarketBeat,https://www.marketbeat.com/instant-alerts/filing-17721-shares-in-taiwan-semiconductor-manufacturing-company-ltd-tsm-bought-by-madison-asset-management-llc-2026-08-20/,"Madison Asset Management LLC recently purchased 17,721 shares of Taiwan Semiconductor Manufacturing Company Ltd. (TSM) during the second quarter, valued at approximately $8.46 million. This acquisition is part of a broader trend of institutional investment in TSM, which is benefiting from strong demand for AI-related chips. Despite potential valuation risks due to its trading above the GF Value estimate, analysts maintain a positive outlook, giving TSM an average ""Buy"" rating with a consensus target price of $524.25.",0.235723,Somewhat-Bullish,1.000000,0.449069,Bullish
20260820T121026,TSM,Taiwan Semiconductor,"TSMC (NYSE: TSM) VP and spouse buy shares, report ESPP stake",Stock Titan,https://www.stocktitan.net/sec-filings/TSM/form-4-taiwan-semiconductor-manufacturing-co-ltd-insider-trading-acti-522f02a8cf57.html,"TSMC Vice President Yuan Lipen and related parties purchased a total of 2,350 common shares of TSMC between August 18-19, 2026, at prices ranging from $73.58 to $74.50 per share. These transactions include direct purchases, shares bought by Yuan Lipen's spouse, and holdings through the company's Employee Stock Purchase Plan (ESPP) Trust. The insider trade resulted in a net purchase of 2,350 shares, valued at approximately $174,000, and increased their total holdings across direct and indirect ownership.",0.428513,Bullish,1.000000,0.440870,Bullish
20260820T121026,TSM,Taiwan Semiconductor,Does Taiwan Semiconductor Manufacturing (TSM) Risk Losing AI Chip Orders To Capacity Limits?,Simply Wall Street,https://simplywall.st/stocks/us/semiconductors/nyse-tsm/taiwan-semiconductor-manufacturing/news/does-taiwan-semiconductor-manufacturing-tsm-risk-losing-ai-c/amp,"Taiwan Semiconductor Manufacturing (TSM) is facing capacity constraints due to surging AI chip demand, leading major clients like Qualcomm, Nvidia, Tesla, and Google to consider Samsung for advanced chip production. This diversification by tech giants aims to secure supply and reduce reliance on a single foundry, reflecting the significant impact of AI workloads on the supply chain. While Samsung's ability to increase foundry prices indicates strong overall AI demand, TSM's future performance will depend on how major customers split new advanced node and packaging orders between TSM and Samsung in upcoming product cycles.",-0.150066,Somewhat-Bearish,1.000000,-0.232300,Somewhat-Bearish
20260820T231210,TSM,Taiwan Semiconductor,Does Taiwan Semiconductor Manufacturing (TSM) Risk Losing AI Chip Orders To Capacity Limits?,Simply Wall Street,https://simplywall.st/stocks/us/semiconductors/nyse-tsm/taiwan-semiconductor-manufacturing/news/does-taiwan-semiconductor-manufacturing-tsm-risk-losing-ai-c,"Taiwan Semiconductor Manufacturing (TSM) is facing capacity constraints for AI chip production, leading major customers like Qualcomm, Nvidia, Tesla, and Google to diversify orders with Samsung. This shift reflects the growing demand for AI chips and the efforts of tech giants to secure their supply chains. Despite this, the strong overall demand for AI chips, evidenced by Samsung's ability to raise prices, suggests the market remains robust for multiple foundries, including TSM.",-0.099039,Neutral,1.000000,0.143872,Neutral
20260821T094229,TSM,Taiwan Semiconductor,Taiwan Semiconductor Manufacturing Tokenized Stock (Ondo) Markets,CoinMarketCap,https://coinmarketcap.com/currencies/taiwan-semiconductor-manufacturing-tokenized-stock-ondo/,"This page provides real-time price data, market capitalization, trading volume, and historical performance for Taiwan Semiconductor Manufacturing Tokenized Stock (Ondo) (TSMon). It highlights that TSMon offers economic exposure similar to holding TSM stock, with the ability for non-US users to mint and redeem tokenized US stocks 24/5. The article also lists key statistics like all-time high/low, circulating supply, and current market ranking.",0.166709,Somewhat-Bullish,1.000000,0.288785,Somewhat-Bullish
20260821T101209,TSM,Taiwan Semiconductor,Ninepoint Partners LP Invests $6.25 Million in Taiwan Semiconductor Manufacturing Company Ltd. $TSM,MarketBeat,https://www.marketbeat.com/instant-alerts/filing-ninepoint-partners-lp-invests-625-million-in-taiwan-semiconductor-manufacturing-company-ltd-tsm-2026-08-21/,"Ninepoint Partners LP has invested $6.25 million in Taiwan Semiconductor Manufacturing Company (TSMC), acquiring 13,078 shares. Institutional investors collectively own 16.51% of TSMC, which reported strong quarterly earnings and maintains a consensus ""Buy"" rating among analysts. Insiders have also recently purchased shares, signaling confidence in the company, while TSMC announced a quarterly dividend.",0.517024,Bullish,1.000000,0.513094,Bullish
20260822T131159,TSM,Taiwan Semiconductor,TSMC vs. ASML: Which Semi Monopoly Has the Wider Moat?,24/7 Wall St.,https://247wallst.com/investing/2026/08/22/tsmc-vs-asml-which-semi-monopoly-has-the-wider-moat/,"This article compares the economic moats of Taiwan Semiconductor Manufacturing (TSMC) and ASML, two critical monopolies in the semiconductor industry vital for AI chip production. While both are essential, the author argues that TSMC possesses a wider moat due to its sheer scale, operational efficiency, capital barriers, and a broad customer base that extends beyond AI chips, making it a more robust investment than ASML. The author also suggests that as the AI revolution evolves, investors should favor these monopolistic firms over commoditized chip makers, given the increasing capital expenditures and potential cost-cutting by hyperscalers.",0.031961,Neutral,0.303485,0.036298,Neutral
20260822T191159,TSM,Taiwan Semiconductor,TSMC's $100 Billion Arizona Expansion Shows The Stock Is a No-Brainer Buy,The Globe and Mail,https://www.theglobeandmail.com/investing/markets/stocks/NVDA/pressreleases/3988105/tsmcs-100-billion-arizona-expansion-shows-the-stock-is-a-no-brainer-buy/,"TSMC is significantly increasing its investment in Arizona production facilities, bringing the total to $265 billion, which diversifies its production away from Taiwan and reduces geopolitical risk. This expansion signals a robust and growing demand for computing chips, particularly driven by the artificial intelligence boom, making TSMC an attractive investment. The company's leadership position and insights into future demand suggest it is well-positioned to benefit from continued AI spending.",0.403398,Bullish,1.000000,0.478035,Bullish
20260822T194404,TSM,Taiwan Semiconductor,TSMC's $100 Billion Arizona Expansion Shows The Stock Is a No-Brainer Buy,The Globe and Mail,https://www.theglobeandmail.com/investing/markets/markets-news/motley/3988105/tsmc-s-100-billion-arizona-expansion-shows-the-stock-is-a-no-brainer-buy/,"TSMC is expanding its investment in Arizona production facilities by an additional $100 billion, bringing the total to $265 billion, a move that reduces geopolitical risk and addresses growing demand for AI chips. This expansion signals confidence in future chip demand and positions TSMC, the world's largest chip foundry, to benefit significantly from the ongoing AI boom. The company's CEO anticipates strong AI chip demand through at least 2029 or 2030, making TSMC a compelling investment.",0.364906,Bullish,1.000000,0.445783,Bullish
20260823T024404,TSM,Taiwan Semiconductor,Taiwan Semiconductor Manufacturing (TSM) Stock Could Be 27% Overvalued On Fresh AI Demand News,Simply Wall Street,https://simplywall.st/stocks/us/semiconductors/nyse-tsm/taiwan-semiconductor-manufacturing/news/taiwan-semiconductor-manufacturing-tsm-stock-could-be-27-ove,"Taiwan Semiconductor Manufacturing (TSM) has seen significant gains but presents a mixed valuation picture. While its Discounted Cash Flow (DCF) model suggests the stock is 26.8% overvalued, its P/E ratio indicates it is undervalued compared to industry averages and a tailored fair multiple. The article highlights that strong AI-driven demand and revenue growth contribute to investor willingness to pay a premium, but questions remain about sustaining this growth given industry and supply risks.",-0.154728,Somewhat-Bearish,1.000000,-0.245235,Somewhat-Bearish
20260823T054404,TSM,Taiwan Semiconductor,Taiwan Semiconductor Stock: Does the Booming Revenue Outweigh Geopolitical Risk?,The Globe and Mail,https://www.theglobeandmail.com/investing/markets/stocks/NVDA-Q/pressreleases/3990062/taiwan-semiconductor-stock-does-the-booming-revenue-outweigh-geopolitical-risk/,"This article discusses whether the booming revenue of Taiwan Semiconductor Manufacturing (TSM) outweighs its geopolitical risks, especially with the proliferation of agentic AI driving further growth. The Motley Fool Stock Advisor team did not include TSM in their top 10 stock recommendations, instead highlighting other companies with potential for ""monster returns."" The piece serves as an advertisement for the Motley Fool's Stock Advisor service, suggesting readers subscribe to view their current top stock picks.",0.183243,Somewhat-Bullish,1.000000,0.141034,Neutral
20260824T134249,TSM,Taiwan Semiconductor,Unbreakable Shield: Why Taiwan’s Chip Expertise Cannot Be Cloned,Center for European Policy Analysis (CEPA),https://cepa.org/article/unbreakable-shield-why-taiwans-chip-expertise-cannot-be-cloned/,"Taiwan's semiconductor industry is a complex ecosystem, far beyond just wafer foundries, encompassing advanced packaging, materials, and a dense network of suppliers and talent. While Taiwan is building new semiconductor plants in the US, Japan, and Europe, this diversification alone will not eliminate global reliance on the island. The article argues that instead of trying to replace Taiwan, the US and Europe should focus on reinforcing Taiwan's resilience and role as a core pillar of the democratic semiconductor alliance by supporting its advancements and aligning industrial policies.",0.343938,Somewhat-Bullish,1.000000,0.469535,Bullish
20260824T144249,TSM,Taiwan Semiconductor,Taiwan Semiconductor Manufacturing Co Ltd Stock (TSM) Moved Down by 3.11% on Aug 24: Facts Behind the Movement,TradingKey,https://www.tradingkey.com/news/market-movers/262127968-market-movers-tsm-20260824,"Taiwan Semiconductor Manufacturing Co Ltd (TSM) stock declined by 3.11% on August 24, primarily due to investor profit-taking after a significant rally in the semiconductor sector, exacerbated by concerns over heavy capital expenditures and valuation. Technical indicators show a MACD sell signal and an oversold Williams %R, while fundamental analysis highlights substantial revenue and net profit figures within the Technology Equipment industry. Key risks include surging capital expenditure, valuation premia, geopolitical concentration, and operational complexities from international expansion.",-0.23866,Somewhat-Bearish,0.994306,-0.341700,Somewhat-Bearish
20260825T154109,TSM,Taiwan Semiconductor,TSMC Stock And 2 Global Blue Chips For AI Infrastructure Growth,Simply Wall Street,https://simplywall.st/stocks/tw/semiconductors/twse-2330/taiwan-semiconductor-manufacturing-shares/news/tsmc-stock-and-2-global-blue-chips-for-ai-infrastructure-gro,"This article identifies three multinational blue-chip stocks, Taiwan Semiconductor Manufacturing (TSMC), Atlas Copco, and Airbus, that are well-positioned for growth amid evolving global trade rules and regulation. It highlights their global reach and role in key sectors like AI infrastructure, industrial capital spending, and aerospace. The article emphasizes how these companies' strategic responses to geopolitical and economic shifts make them compelling investment opportunities.",0.391546,Bullish,1.000000,0.460824,Bullish
20260825T154109,TSM,Taiwan Semiconductor,"TSM Rides on AI, Advanced Nodes & Capacity Expansion: Worth a Buy?",TradingView,https://www.tradingview.com/news/zacks:10f15255e094b:0-tsm-rides-on-ai-advanced-nodes-capacity-expansion-worth-a-buy/,"Taiwan Semiconductor Manufacturing Company (TSM) is poised for continued growth driven by the surging demand for AI infrastructure, rapid adoption of advanced process technologies, and expanding global manufacturing capacity. The company reported strong Q2 2026 revenues and expects continued robust demand, especially with the industry's shift towards agentic AI. TSM's leadership in leading-edge nodes like 3nm and the upcoming 2nm and A16 technologies, coupled with international capacity expansions, are strengthening its competitive position and addressable market opportunities.",0.302258,Somewhat-Bullish,1.000000,0.472799,Bullish
20260829T235223,TSM,Taiwan Semiconductor,TSMC will invest an additional $100 billion into Arizona operations,AZ Big Media,https://azbigmedia.com/business/tsmc-will-invest-an-additional-100-billion-into-arizona-operations/,"Taiwan Semiconductor Manufacturing Company (TSMC) announced an additional $100 billion investment in its Arizona operations, bringing its total U.S. commitment to $265 billion. This expansion will fund four more semiconductor fabrication plants and advanced packaging facilities, solidifying Arizona's role as a key hub for advanced chip manufacturing. The investment aims to create tens of thousands of high-paying jobs and strengthen the U.S. semiconductor supply chain, driven by the surging demand for artificial intelligence.",0.468358,Bullish,1.000000,0.857216,Bullish
20260902T123403,TSM,Taiwan Semiconductor,Licensable picture: Taiwan Semiconductor Manufacturing Co Ltd Chairman Morris Chang answers a question in Taipei,Reuters Connect,https://www.reutersconnect.com/item/taiwan-semiconductor-manufacturing-co-ltd-chairman-morris-chang-answers-a-question-in-taipei/dGFnOnJldXRlcnMuY29tLDIwMTQ6bmV3c21sX0dNMUVBN0cxQkRDMDE,"This Reuters licensable picture shows Taiwan Semiconductor Manufacturing Co Ltd (TSMC) Chairman Morris Chang speaking at an investor conference in Taipei on July 16, 2014. The image was captured on the day TSMC announced a 15.3 percent increase in quarterly profit, driven by strong demand from smartphone manufacturers like Apple Inc. The photograph's details, including dimensions, credit, source, and byline, are provided for licensing purposes.",0.047045,Neutral,0.308585,0.032513,Neutral
20260904T114038,TSM,Taiwan Semiconductor,Marvell Technology and Taiwan Semiconductor are No-Brainer Picks: They Have What Wins in a Gold Rush,24/7 Wall St.,https://247wallst.com/investing/2026/09/04/marvell-technology-and-taiwan-semiconductor-are-no-brainer-picks-they-have-what-wins-in-a-gold-rush/,"Marvell Technology (MRVL) and Taiwan Semiconductor Manufacturing (TSM) are presented as strong investment opportunities in the AI infrastructure buildout, likened to selling ""picks and shovels"" during a gold rush. Both companies reported impressive Q2 revenue growth (around 36%), with TSMC demonstrating broad market exposure through its foundry services and Marvell focusing on custom silicon and optical interconnects for hyperscalers. While TSMC offers a steadier investment due to its foundational role in chip manufacturing, Marvell, despite being higher-variance, shows significant growth potential, particularly with its custom silicon business projected to more than double by fiscal 2028.",0.371946,Bullish,0.989339,0.510307,Bullish
20260907T020137,TSM,Taiwan Semiconductor,Where Does AMD Make Its Processors?,BGR,https://www.bgr.com/2249619/amd-where-does-it-make-processors/,"AMD processors are primarily manufactured in Taiwan by Taiwan Semiconductor Manufacturing Company (TSMC), the world's largest semiconductor producer. While TSMC has facilities in Arizona for some AI chips, the final assembly and packaging of AMD CPUs occur in places like Penang, Malaysia, and China. This manufacturing strategy is similar to Nvidia's, with TSMC also producing chips for other major tech companies like Apple and Tesla.",0.03668,Neutral,0.339899,0.047447,Neutral
20260907T045141,TSM,Taiwan Semiconductor,Why Taiwan’s Silicon Shield Is Failing,The National Interest,https://nationalinterest.org/blog/techland/why-taiwans-silicon-shield-is-failing,"Taiwan's ""silicon shield,"" stemming from its dominance in advanced semiconductor manufacturing, is facing challenges as China invests heavily in chip self-reliance, particularly in mature-node chips. While Taiwan still holds leverage in cutting-edge chips, China's increasing capacity in 28-nanometer chips threatens to make Taiwan's shield irrelevant for its own economy, potentially leading to a more fragile global trade environment with rising chip prices. This shift means that the geopolitical importance of Taiwan's chip production will no longer solely rely on the most advanced technologies, but also on the control of common chip manufacturing.",0.032297,Neutral,0.341388,0.036277,Neutral
20260908T122756,TSM,Taiwan Semiconductor,ASML and TSMC Announce Initiative to Pioneer Industry Transition to Large-Format Photomasks for High NA EUV,TSMC,https://pr.tsmc.com/english/news/3338,"ASML and TSMC have announced a collaborative initiative to drive the semiconductor industry's transition to 12-inch photomasks for High NA EUV lithography. This move aims to increase fab productivity, lower chipmaking costs, and remove stitching constraints, enabling more cost-effective advanced chips. The initiative plans for a 12-inch mask pilot line by 2031, with full lithography system readiness for advanced node production by 2033.",0.385517,Bullish,1.000000,0.543306,Bullish
20260908T132756,TSM,Taiwan Semiconductor,"Intel Climbs 5% on High-NA EUV Production Lead, ASML and Taiwan Semiconductor Advance 3%",24/7 Wall St.,https://247wallst.com/investing/2026/09/08/intel-climbs-5-on-high-na-euv-production-lead-asml-and-taiwan-semiconductor-advance-3/,"Intel's stock surged 5% after the company announced a lithography milestone, processing over one million wafers on High-NA EUV equipment, including production layers for its Panther Lake processors, putting it years ahead of rivals like Samsung and TSMC in this advanced technology. ASML and Taiwan Semiconductor also saw gains of 3-4% due to AI-driven demand and Intel's achievement. Intel's Q2 revenue rose 25%, marking its strongest growth in over 15 years, though its significant year-to-date gain already reflects high investor optimism.",0.266842,Somewhat-Bullish,0.920710,0.220934,Somewhat-Bullish
20260910T013300,TSM,Taiwan Semiconductor,World’s largest contract chipmaker TSMC sees August revenue surge over 53% to record high,CNBC,https://www.cnbc.com/2026/09/10/tsmc-august-revenue-chip-ai.html,"Taiwan Semiconductor Manufacturing Co. (TSMC) reported a record monthly revenue for August, surging over 53% year-on-year to $16.35 billion, primarily driven by robust demand for chips used in artificial intelligence applications. The company has maintained its dominant market share in the global foundry market, with strong bookings for its advanced chipmaking capacities. TSMC also announced a collaboration with ASML to advance next-generation chipmaking technology, planning to use ASML's High NA technology for advanced nodes starting in 2030.",0.5901,Bullish,1.000000,0.819966,Bullish
20260910T152756,TSM,Taiwan Semiconductor,Taiwan Semiconductor September Revenue Surges 53% and Can’t Keep Up With Demand,24/7 Wall St.,https://247wallst.com/investing/2026/09/10/taiwan-semiconductor-september-revenue-surges-53-and-cant-keep-up-with-demand/,"Taiwan Semiconductor Manufacturing (TSMC) reported a 53% year-over-year surge in August 2026 revenue, reaching $16.35 billion, significantly exceeding its own full-year guidance. Despite this strong financial performance, TSMC is struggling to meet customer demand, particularly due to tight packaging capacity and a significant gap between demand and supply for AI chips. The company is aggressively expanding its capacity, with 20 fabs under construction, and anticipates continued strong demand from the AI sector through 2029-2030.",0.270528,Somewhat-Bullish,1.000000,0.413519,Bullish
20260915T030224,TSM,Taiwan Semiconductor,What Is Taiwan’s “Silicon Shield”—and Does It Still Protect Taiwan in 2026?,天下雜誌,https://english.cw.com.tw/article/article.action?id=5000,"Taiwan's ""silicon shield,"" which posits that the world's reliance on its advanced semiconductors deters conflict, faces new scrutiny in 2026. While TSMC's global expansion and Taiwan's evolving AI hardware ecosystem reinforce its technological indispensability, vulnerabilities like energy security and food supply suggest the shield is not impenetrable. The article concludes that the silicon shield is best understood as economic leverage, requiring Taiwan to strengthen resilience and international partnerships to remain effective.",0.100634,Neutral,1.000000,0.100262,Neutral
20260916T140349,TSM,Taiwan Semiconductor,ASML Vs. Taiwan Semiconductor Manufacturing: One Is More Misunderstood,24/7 Wall St.,https://247wallst.com/investing/2026/09/16/asml-vs-taiwan-semiconductor-manufacturing-one-is-more-misunderstood/,"This article argues that both ASML and Taiwan Semiconductor Manufacturing (TSMC) are often misunderstood by investors despite strong Q2 2026 results. It highlights their monopolistic positions in specific niches—ASML in EUV and immersion DUV systems, and TSMC in leading-edge nodes and CoWoS packaging—which are critical for AI infrastructure. The author suggests that these overlooked monopolies are the true drivers of their businesses, not the simplistic labels of ""tool vendor"" and ""foundry"" often applied to them.",0.334234,Somewhat-Bullish,1.000000,0.321302,Somewhat-Bullish
20260916T150349,TSM,Taiwan Semiconductor,Taiwan Semiconductor Is a No-Brainer Buy On Repeat And Not For The Reason You Think,24/7 Wall St.,https://247wallst.com/investing/2026/09/16/taiwan-semiconductor-is-a-no-brainer-buy-on-repeat-and-not-for-the-reason-you-think/,"The article argues that Taiwan Semiconductor Manufacturing (TSMC) is a strong buy, not primarily for its AI accelerator contributions, but due to its critical bottleneck control in advanced packaging technology, specifically CoWoS. This exclusive capacity gives TSMC significant pricing power, evidenced by its Q2 revenue and gross margin growth. The author suggests that owning TSMC is akin to owning the ""toll road"" for AI infrastructure, offering better leverage than its customers or competitors, despite geographical concentration risks.",0.173534,Somewhat-Bullish,1.000000,0.490911,Bullish
20260918T150713,TSM,Taiwan Semiconductor,There's a Good Reason to Choose GLOBALFOUNDRIES Over Taiwan Semiconductor Manufacturing,24/7 Wall St.,https://247wallst.com/investing/2026/09/17/theres-a-good-reason-to-choose-globalfoundries-over-taiwan-semiconductor-manufacturing/,"The article compares GlobalFoundries (GFS) and Taiwan Semiconductor Manufacturing (TSMC), highlighting GFS as a potentially favorable investment despite TSMC's dominance in AI silicon. While TSMC boasts significant revenue growth and advanced 2nm chip production, GFS's niche in silicon photonics for data centers is growing rapidly, and the company benefits from a lower capital expenditure and a U.S.-based manufacturing strategy that appeals to customers mitigating geopolitical risks. GFS also trades at a cheaper forward P/E and offers a differentiated profile for investors seeking less exposure to Taiwan-centric manufacturing.",0.054985,Neutral,1.000000,0.108751,Neutral
20260919T030105,TSM,Taiwan Semiconductor,Taiwan Semiconductor Manufacturing (TSM) Starts Commercial 2 Nm Production,Simply Wall Street,https://simplywall.st/stocks/us/semiconductors/nyse-tsm/taiwan-semiconductor-manufacturing/news/taiwan-semiconductor-manufacturing-tsm-starts-commercial-2-n,"Taiwan Semiconductor Manufacturing (TSM) has started commercial production of 2nm chips, advancing its leading-edge chipmaking capabilities and reporting record revenue. This move, supported by ASML equipment, targets high-performance computing and AI workloads, necessitating increased capital spending. Investors should monitor how quickly 2nm lines fill and the mix of AI-related chips to assess the success of this advanced manufacturing push.",0.340594,Somewhat-Bullish,1.000000,0.440494,Bullish
