Date,Ticker,Company,Open,High,Low,Close,Adj Close,Volume
2016-09-19,CRM,Salesforce,73.72000122070312,73.77999877929688,72.5999984741211,73.0,71.63251495361328,3881800
2016-09-20,CRM,Salesforce,73.54000091552734,73.79000091552734,72.66000366210938,72.91000366210938,71.5442123413086,4833500
2016-09-21,CRM,Salesforce,73.22000122070312,74.26000213623047,72.11000061035156,74.18000030517578,72.79042053222656,6315800
2016-09-22,CRM,Salesforce,75.0,75.22000122070312,74.30999755859375,74.58999633789062,73.19274139404297,5155700
2016-09-23,CRM,Salesforce,73.08999633789062,73.19999694824219,70.0999984741211,70.38999938964844,69.0714111328125,23179200
2016-09-26,CRM,Salesforce,70.5,71.20999908447266,69.87999725341797,70.19000244140625,68.87516021728516,11726700
2016-09-27,CRM,Salesforce,69.97000122070312,70.6500015258789,69.80999755859375,70.05000305175781,68.73779296875,8179500
2016-09-28,CRM,Salesforce,70.38999938964844,71.7300033569336,70.1500015258789,71.62000274658203,70.27837371826172,7467300
2016-09-29,CRM,Salesforce,71.5999984741211,72.12000274658203,71.1500015258789,71.19999694824219,69.86624908447266,5323400
2016-09-30,CRM,Salesforce,71.30000305175781,71.79000091552734,71.25,71.33000183105469,69.99380493164062,5817000
2016-10-03,CRM,Salesforce,71.1500015258789,71.5,70.02999877929688,70.5199966430664,69.19896697998047,4679900
2016-10-04,CRM,Salesforce,70.58999633789062,72.94999694824219,70.22000122070312,72.62999725341797,71.26945495605469,11238200
2016-10-05,CRM,Salesforce,68.20999908447266,69.5999984741211,66.7699966430664,68.41999816894531,67.13832092285156,48274000
2016-10-06,CRM,Salesforce,71.13999938964844,72.0,70.51000213623047,71.26000213623047,69.92510986328125,18527100
2016-10-07,CRM,Salesforce,71.25,71.43000030517578,70.20999908447266,70.91000366210938,69.58165740966797,6707400
2016-10-10,CRM,Salesforce,73.58000183105469,75.7300033569336,73.58000183105469,75.0999984741211,73.69319915771484,22522700
2016-10-11,CRM,Salesforce,73.9000015258789,73.91999816894531,71.55000305175781,72.41999816894531,71.06338500976562,16425400
2016-10-12,CRM,Salesforce,72.26000213623047,72.66999816894531,71.83999633789062,72.2300033569336,70.87693786621094,6301800
2016-10-13,CRM,Salesforce,71.37999725341797,71.37999725341797,70.5,70.62999725341797,69.3069076538086,6686800
2016-10-14,CRM,Salesforce,70.9800033569336,76.16000366210938,69.62000274658203,74.2699966430664,72.87873077392578,25005600
2016-10-17,CRM,Salesforce,74.0999984741211,74.73999786376953,72.73999786376953,72.83000183105469,71.46571350097656,8777200
2016-10-18,CRM,Salesforce,74.0,74.16999816894531,72.5999984741211,72.7699966430664,71.40682983398438,5248400
2016-10-19,CRM,Salesforce,72.61000061035156,75.5,72.44000244140625,72.81999969482422,71.45588684082031,3668800
2016-10-20,CRM,Salesforce,72.97000122070312,72.97000122070312,72.25,72.58999633789062,71.23019409179688,5054500
2016-10-21,CRM,Salesforce,72.33999633789062,74.2699966430664,72.2300033569336,74.0,72.61377716064453,6789700
2016-10-24,CRM,Salesforce,74.43000030517578,75.33999633789062,74.27999877929688,75.05999755859375,73.65393829345703,6329300
2016-10-25,CRM,Salesforce,75.05999755859375,75.26000213623047,74.56999969482422,75.05999755859375,73.65393829345703,4447200
2016-10-26,CRM,Salesforce,74.6500015258789,76.16000366210938,74.33000183105469,74.94999694824219,73.54600524902344,5748200
2016-10-27,CRM,Salesforce,75.48999786376953,76.16000366210938,74.62000274658203,74.73999786376953,73.33992767333984,4019400
2016-10-28,CRM,Salesforce,74.98999786376953,75.5,74.81999969482422,75.12999725341797,73.72261810302734,4827800
2016-10-31,CRM,Salesforce,75.31999969482422,76.0,74.87000274658203,75.16000366210938,73.75205993652344,4113500
2016-11-01,CRM,Salesforce,75.98999786376953,77.08999633789062,75.23999786376953,75.44999694824219,74.03662872314453,7141700
2016-11-02,CRM,Salesforce,75.1500015258789,75.6500015258789,74.91999816894531,75.0,73.59504699707031,4084800
2016-11-03,CRM,Salesforce,75.04000091552734,75.4000015258789,73.7300033569336,74.13999938964844,72.75116729736328,3883200
2016-11-04,CRM,Salesforce,74.13999938964844,75.18000030517578,73.86000061035156,74.37000274658203,72.97685241699219,4280800
2016-11-07,CRM,Salesforce,75.63999938964844,77.0,75.41000366210938,76.30000305175781,74.8707046508789,5977500
2016-11-08,CRM,Salesforce,76.36000061035156,77.04000091552734,76.0,76.55000305175781,75.11602783203125,4031100
2016-11-09,CRM,Salesforce,75.2300033569336,76.55000305175781,74.91000366210938,75.9000015258789,74.47819519042969,6880900
2016-11-10,CRM,Salesforce,76.22000122070312,76.7300033569336,72.2699966430664,73.62999725341797,72.25071716308594,10200200
2016-11-11,CRM,Salesforce,73.80000305175781,75.06999969482422,73.80000305175781,74.58999633789062,73.19274139404297,8881800
2016-11-14,CRM,Salesforce,74.91000366210938,75.04000091552734,72.54000091552734,72.76000213623047,71.39701843261719,7241700
2016-11-15,CRM,Salesforce,74.48999786376953,74.7300033569336,73.30999755859375,74.0199966430664,72.63340759277344,6216400
2016-11-16,CRM,Salesforce,74.20999908447266,74.61000061035156,73.13999938964844,73.30999755859375,71.93672180175781,10638700
2016-11-17,CRM,Salesforce,73.70999908447266,75.41000366210938,73.31999969482422,75.19000244140625,73.78150177001953,12539100
2016-11-18,CRM,Salesforce,79.56999969482422,80.37000274658203,77.26000213623047,77.7699966430664,76.31314849853516,19903000
2016-11-21,CRM,Salesforce,78.05999755859375,78.30999755859375,75.80000305175781,76.1500015258789,74.7235107421875,8549800
2016-11-22,CRM,Salesforce,75.73999786376953,76.66000366210938,75.0999984741211,75.56999969482422,74.15438079833984,7873800
2016-11-23,CRM,Salesforce,75.08999633789062,75.19999694824219,73.54000091552734,73.94999694824219,72.56472778320312,8233800
2016-11-25,CRM,Salesforce,73.95999908447266,74.16999816894531,73.5,73.7300033569336,72.3488540649414,2346100
2016-11-28,CRM,Salesforce,73.55000305175781,73.93000030517578,72.79000091552734,72.93000030517578,71.56382751464844,6436900
2016-11-29,CRM,Salesforce,72.76000213623047,73.31999969482422,72.41000366210938,72.93000030517578,71.56382751464844,7435000
2016-11-30,CRM,Salesforce,73.20999908447266,73.30000305175781,72.0,72.0,70.6512451171875,6261900
2016-12-01,CRM,Salesforce,72.13999938964844,72.22000122070312,68.20999908447266,68.45999908447266,67.17755889892578,10907300
2016-12-02,CRM,Salesforce,66.58999633789062,69.45999908447266,66.43000030517578,68.41000366210938,67.12850952148438,15967600
2016-12-05,CRM,Salesforce,69.08999633789062,71.47000122070312,69.02999877929688,70.80000305175781,69.47373962402344,10209600
2016-12-06,CRM,Salesforce,70.79000091552734,71.3499984741211,69.98999786376953,70.62000274658203,69.29710388183594,4234100
2016-12-07,CRM,Salesforce,70.7300033569336,72.0,70.2699966430664,71.77999877929688,70.43537139892578,4919700
2016-12-08,CRM,Salesforce,71.44000244140625,72.2699966430664,71.0,71.86000061035156,70.51387786865234,5426600
2016-12-09,CRM,Salesforce,72.0,72.22000122070312,70.61000061035156,71.16999816894531,69.83680725097656,5126800
2016-12-12,CRM,Salesforce,70.81999969482422,70.8499984741211,69.58000183105469,70.37999725341797,69.06160736083984,6100900
2016-12-13,CRM,Salesforce,70.44000244140625,72.12999725341797,70.3499984741211,71.61000061035156,70.2685546875,5895400
2016-12-14,CRM,Salesforce,71.70999908447266,71.87000274658203,71.12999725341797,71.33000183105469,69.99380493164062,5071600
2016-12-15,CRM,Salesforce,71.19999694824219,71.94999694824219,70.1500015258789,70.2300033569336,68.91441345214844,4740200
2016-12-16,CRM,Salesforce,70.4800033569336,70.63999938964844,69.62000274658203,69.86000061035156,68.55133819580078,7224800
2016-12-19,CRM,Salesforce,70.0,70.06999969482422,69.12999725341797,69.51000213623047,68.20790100097656,4526000
2016-12-20,CRM,Salesforce,69.95999908447266,70.05999755859375,69.12999725341797,69.86000061035156,68.55133819580078,5262100
2016-12-21,CRM,Salesforce,69.95999908447266,70.3499984741211,69.30999755859375,70.11000061035156,68.79666900634766,3515800
2016-12-22,CRM,Salesforce,69.77999877929688,70.05999755859375,69.22000122070312,69.9000015258789,68.5905990600586,3468600
2016-12-23,CRM,Salesforce,69.69000244140625,70.01000213623047,69.30999755859375,69.87000274658203,68.56117248535156,2274000
2016-12-27,CRM,Salesforce,69.83999633789062,70.43000030517578,69.63999938964844,69.8499984741211,68.5415267944336,2939700
2016-12-28,CRM,Salesforce,69.8499984741211,70.05999755859375,68.8499984741211,69.08999633789062,67.79576873779297,4313700
2016-12-29,CRM,Salesforce,68.8499984741211,69.81999969482422,68.7699966430664,69.1500015258789,67.85464477539062,3229100
2016-12-30,CRM,Salesforce,69.36000061035156,69.37999725341797,68.2300033569336,68.45999908447266,67.17755889892578,4523300
2017-01-03,CRM,Salesforce,69.29000091552734,70.86000061035156,69.0,70.54000091552734,69.21861267089844,8112200
2017-01-04,CRM,Salesforce,71.08000183105469,73.06999969482422,70.76000213623047,72.80000305175781,71.436279296875,9289500
2017-01-05,CRM,Salesforce,72.80999755859375,73.66000366210938,72.52999877929688,72.79000091552734,71.42646026611328,4695600
2017-01-06,CRM,Salesforce,72.88999938964844,74.12999725341797,72.55000305175781,73.80000305175781,72.41753387451172,4466100
2017-01-09,CRM,Salesforce,74.05000305175781,74.44000244140625,73.51000213623047,73.95999908447266,72.57453918457031,3933100
2017-01-10,CRM,Salesforce,74.12000274658203,74.30000305175781,73.44000244140625,73.9800033569336,72.59416198730469,3994800
2017-01-11,CRM,Salesforce,74.2699966430664,76.08000183105469,74.05999755859375,75.7699966430664,74.35063171386719,7591300
2017-01-12,CRM,Salesforce,75.16999816894531,75.75,74.0,75.20999908447266,73.8011245727539,4681700
2017-01-13,CRM,Salesforce,74.83999633789062,75.77999877929688,74.69999694824219,75.63999938964844,74.22306060791016,3690000
2017-01-17,CRM,Salesforce,75.30000305175781,75.30000305175781,74.37000274658203,75.0199966430664,73.61467742919922,3152500
2017-01-18,CRM,Salesforce,75.58999633789062,76.22000122070312,75.08000183105469,75.77999877929688,74.36042022705078,3969500
2017-01-19,CRM,Salesforce,75.72000122070312,76.16999816894531,75.33999633789062,75.56999969482422,74.15438079833984,3274300
2017-01-20,CRM,Salesforce,75.76000213623047,76.12000274658203,75.43000030517578,76.02999877929688,74.60575103759766,4593600
2017-01-23,CRM,Salesforce,75.69999694824219,76.95999908447266,75.69999694824219,76.16000366210938,74.73332977294922,3770900
2017-01-24,CRM,Salesforce,76.31999969482422,77.45999908447266,75.94999694824219,77.11000061035156,75.66551208496094,3730300
2017-01-25,CRM,Salesforce,77.52999877929688,78.58999633789062,77.25,78.47000122070312,77.00006103515625,5690400
2017-01-26,CRM,Salesforce,79.0,79.08000183105469,77.27999877929688,77.94999694824219,76.48979187011719,4121000
2017-01-27,CRM,Salesforce,78.19000244140625,78.56999969482422,77.91999816894531,78.20999908447266,76.74492645263672,2219300
2017-01-30,CRM,Salesforce,77.80000305175781,78.77999877929688,77.0999984741211,78.70999908447266,77.23555755615234,4964000
2017-01-31,CRM,Salesforce,78.44999694824219,80.0,78.16999816894531,79.0999984741211,77.61824035644531,7835200
2017-02-01,CRM,Salesforce,78.91000366210938,79.30000305175781,77.44999694824219,78.58000183105469,77.10799407958984,6199700
2017-02-02,CRM,Salesforce,78.33000183105469,80.26000213623047,77.88999938964844,80.12999725341797,78.62895202636719,7676100
2017-02-03,CRM,Salesforce,80.38999938964844,80.70999908447266,79.80999755859375,80.20999908447266,78.70745849609375,4975400
2017-02-06,CRM,Salesforce,80.0199966430664,80.12000274658203,79.3499984741211,79.75,78.25608825683594,2664200
2017-02-07,CRM,Salesforce,80.27999877929688,80.52999877929688,79.54000091552734,80.20999908447266,78.70745849609375,3628200
2017-02-08,CRM,Salesforce,80.0,80.83000183105469,79.62999725341797,80.69999694824219,79.18826293945312,2568000
2017-02-09,CRM,Salesforce,80.69999694824219,81.9800033569336,80.48999786376953,81.02999877929688,79.51210021972656,5147500
2017-02-10,CRM,Salesforce,81.41000366210938,82.0,80.54000091552734,80.63999938964844,79.12940216064453,3061900
2017-02-13,CRM,Salesforce,81.18000030517578,81.30000305175781,80.45999908447266,80.91000366210938,79.39434814453125,4327500
2017-02-14,CRM,Salesforce,80.94999694824219,81.30000305175781,80.55999755859375,80.91999816894531,79.40416717529297,4809500
2017-02-15,CRM,Salesforce,81.2300033569336,82.83000183105469,80.88999938964844,81.66999816894531,80.14010620117188,5271900
2017-02-16,CRM,Salesforce,81.5199966430664,81.72000122070312,80.5,80.81999969482422,79.3060302734375,5234700
2017-02-17,CRM,Salesforce,80.56999969482422,81.47000122070312,80.25,81.47000122070312,79.94386291503906,3674100
2017-02-21,CRM,Salesforce,81.68000030517578,82.41999816894531,81.29000091552734,82.18000030517578,80.64054870605469,4325000
2017-02-22,CRM,Salesforce,82.0,82.38999938964844,81.70999908447266,82.08000183105469,80.54243469238281,2741400
2017-02-23,CRM,Salesforce,82.33000183105469,83.12999725341797,81.83000183105469,82.06999969482422,80.5326156616211,5595200
2017-02-24,CRM,Salesforce,81.41000366210938,81.81999969482422,80.97000122070312,81.77999877929688,80.24806213378906,4434200
2017-02-27,CRM,Salesforce,81.62999725341797,81.91999816894531,80.9000015258789,81.54000091552734,80.01255798339844,3289300
2017-02-28,CRM,Salesforce,81.5,81.83000183105469,80.69000244140625,81.3499984741211,79.82609558105469,10533000
2017-03-01,CRM,Salesforce,82.87000274658203,84.4000015258789,82.11000061035156,83.80999755859375,82.24002838134766,14319200
2017-03-02,CRM,Salesforce,83.55999755859375,83.69999694824219,82.3499984741211,82.66999816894531,81.12136840820312,5884800
2017-03-03,CRM,Salesforce,82.0,82.58999633789062,81.6500015258789,82.22000122070312,80.67979431152344,6217200
2017-03-06,CRM,Salesforce,81.76000213623047,82.72000122070312,81.62000274658203,82.5,80.9545669555664,5328500
2017-03-07,CRM,Salesforce,83.36000061035156,84.38999938964844,82.80999755859375,82.97000122070312,81.4157485961914,5431800
2017-03-08,CRM,Salesforce,82.95999908447266,83.83999633789062,82.94000244140625,83.4800033569336,81.91620635986328,3732400
2017-03-09,CRM,Salesforce,83.19000244140625,83.58000183105469,82.80999755859375,83.27999877929688,81.7199478149414,3646900
2017-03-10,CRM,Salesforce,83.55999755859375,83.94999694824219,83.23999786376953,83.51000213623047,81.94564056396484,3930000
2017-03-13,CRM,Salesforce,83.47000122070312,83.73999786376953,83.08000183105469,83.61000061035156,82.04376983642578,3463700
2017-03-14,CRM,Salesforce,83.41999816894531,83.62000274658203,82.7300033569336,83.51000213623047,81.94564056396484,2933500
2017-03-15,CRM,Salesforce,83.55999755859375,83.7699966430664,83.0,83.4800033569336,81.91620635986328,3074100
2017-03-16,CRM,Salesforce,83.94999694824219,84.0,83.2699966430664,83.5199966430664,81.95545196533203,3762100
2017-03-17,CRM,Salesforce,83.94000244140625,83.9800033569336,83.0199966430664,83.02999877929688,81.47463989257812,7828200
2017-03-20,CRM,Salesforce,83.02999877929688,83.62999725341797,82.80999755859375,82.9000015258789,81.3470687866211,3428700
2017-03-21,CRM,Salesforce,83.0,83.18000030517578,81.37000274658203,81.55000305175781,80.0223617553711,4206200
2017-03-22,CRM,Salesforce,81.69000244140625,81.97000122070312,81.13999938964844,81.87999725341797,80.34616088867188,3057000
2017-03-23,CRM,Salesforce,82.0,82.4000015258789,81.45999908447266,81.5199966430664,79.99290466308594,3056700
2017-03-24,CRM,Salesforce,81.87999725341797,82.25,81.29000091552734,81.61000061035156,80.08122253417969,3701800
2017-03-27,CRM,Salesforce,81.0,81.79000091552734,80.5,81.61000061035156,80.08122253417969,3403000
2017-03-28,CRM,Salesforce,81.44000244140625,82.3499984741211,81.30000305175781,82.13999938964844,80.60130310058594,3216000
2017-03-29,CRM,Salesforce,82.04000091552734,82.44000244140625,81.66000366210938,82.37999725341797,80.8367919921875,2874000
2017-03-30,CRM,Salesforce,82.25,82.58999633789062,82.0199966430664,82.55999755859375,81.01345825195312,3483000
2017-03-31,CRM,Salesforce,82.2699966430664,82.93000030517578,82.19000244140625,82.48999786376953,80.94474792480469,3174000
2017-04-03,CRM,Salesforce,82.61000061035156,82.9800033569336,81.55000305175781,82.30999755859375,80.76810455322266,4224200
2017-04-04,CRM,Salesforce,82.73999786376953,83.12999725341797,82.52999877929688,82.97000122070312,81.4157485961914,4441500
2017-04-05,CRM,Salesforce,83.19000244140625,86.41999816894531,83.01000213623047,85.33999633789062,83.7413558959961,13289300
2017-04-06,CRM,Salesforce,85.41999816894531,85.44999694824219,84.37000274658203,85.0,83.40771484375,5014400
2017-04-07,CRM,Salesforce,84.69999694824219,84.8499984741211,83.81999969482422,84.37999725341797,82.79935455322266,4876400
2017-04-10,CRM,Salesforce,84.12999725341797,84.61000061035156,83.86000061035156,84.23999786376953,82.6619644165039,3401300
2017-04-11,CRM,Salesforce,84.06999969482422,84.2699966430664,83.30000305175781,83.86000061035156,82.28907775878906,2536200
2017-04-12,CRM,Salesforce,83.83000183105469,84.08000183105469,83.19999694824219,83.37000274658203,81.80825805664062,3098400
2017-04-13,CRM,Salesforce,83.19999694824219,84.05999755859375,83.12999725341797,83.12999725341797,81.57275390625,2594700
2017-04-17,CRM,Salesforce,83.25,84.2300033569336,83.0,84.19999694824219,82.62271881103516,2960800
2017-04-18,CRM,Salesforce,84.0,84.4000015258789,83.52999877929688,83.70999908447266,82.14188385009766,2498200
2017-04-19,CRM,Salesforce,84.08000183105469,84.20999908447266,83.3499984741211,83.5,81.93582916259766,2840600
2017-04-20,CRM,Salesforce,83.94999694824219,84.36000061035156,83.45999908447266,84.05000305175781,82.47554779052734,4012300
2017-04-21,CRM,Salesforce,84.01000213623047,84.4000015258789,83.6500015258789,83.79000091552734,82.22039031982422,2946100
2017-04-24,CRM,Salesforce,84.51000213623047,84.6500015258789,83.75,84.16999816894531,82.59327697753906,3193800
2017-04-25,CRM,Salesforce,84.56999969482422,85.12999725341797,84.3499984741211,84.75,83.16242980957031,3016500
2017-04-26,CRM,Salesforce,84.75,85.12000274658203,84.38999938964844,84.94999694824219,83.35865783691406,2165000
2017-04-27,CRM,Salesforce,85.37999725341797,86.31999969482422,85.29000091552734,85.8499984741211,84.24179077148438,2944500
2017-04-28,CRM,Salesforce,85.77999877929688,86.22000122070312,85.27999877929688,86.12000274658203,84.50674438476562,2919200
2017-05-01,CRM,Salesforce,86.25,86.87999725341797,86.25,86.66000366210938,85.0366439819336,3290000
2017-05-02,CRM,Salesforce,86.79000091552734,87.19999694824219,86.11000061035156,87.08999633789062,85.45858001708984,3503200
2017-05-03,CRM,Salesforce,86.97000122070312,87.05999755859375,86.19000244140625,86.55000305175781,84.92869567871094,2786700
2017-05-04,CRM,Salesforce,86.75,87.12999725341797,86.29000091552734,86.5199966430664,84.89924621582031,2140100
2017-05-05,CRM,Salesforce,86.44000244140625,86.9800033569336,86.22000122070312,86.97000122070312,85.34083557128906,2595800
2017-05-08,CRM,Salesforce,86.93000030517578,87.16999816894531,86.62000274658203,86.86000061035156,85.2328872680664,2168400
2017-05-09,CRM,Salesforce,87.02999877929688,87.62000274658203,86.9000015258789,87.12999725341797,85.49783325195312,2887000
2017-05-10,CRM,Salesforce,87.37999725341797,87.62000274658203,86.9000015258789,87.30999755859375,85.67444610595703,2920700
2017-05-11,CRM,Salesforce,87.37999725341797,87.94999694824219,86.56999969482422,87.70999908447266,86.06696319580078,2731600
2017-05-12,CRM,Salesforce,87.97000122070312,89.27999877929688,87.56999969482422,89.04000091552734,87.37205505371094,5586600
2017-05-15,CRM,Salesforce,89.2699966430664,89.94000244140625,89.05000305175781,89.80000305175781,88.11780548095703,4053900
2017-05-16,CRM,Salesforce,90.01000213623047,90.27999877929688,89.41000366210938,89.75,88.06876373291016,6422300
2017-05-17,CRM,Salesforce,89.75,89.75,87.56999969482422,87.83999633789062,86.19451904296875,5619200
2017-05-18,CRM,Salesforce,87.87999725341797,88.4000015258789,87.16999816894531,87.75,86.10621643066406,10180000
2017-05-19,CRM,Salesforce,90.94999694824219,91.0,86.44000244140625,87.4000015258789,85.76277923583984,15733500
2017-05-22,CRM,Salesforce,87.54000091552734,89.05000305175781,86.87000274658203,88.94000244140625,87.27393341064453,6058400
2017-05-23,CRM,Salesforce,88.7300033569336,89.25,88.16000366210938,88.48999786376953,86.83235168457031,4344600
2017-05-24,CRM,Salesforce,88.43000030517578,89.72000122070312,88.33000183105469,89.5999984741211,87.92155456542969,4577200
2017-05-25,CRM,Salesforce,89.97000122070312,91.80999755859375,89.91000366210938,91.2699966430664,89.5602798461914,7407100
2017-05-26,CRM,Salesforce,90.93000030517578,91.0999984741211,90.45999908447266,90.83000183105469,89.12850952148438,5284500
2017-05-30,CRM,Salesforce,90.5,91.06999969482422,90.47000122070312,90.86000061035156,89.15795135498047,4626500
2017-05-31,CRM,Salesforce,90.69000244140625,90.97000122070312,89.4800033569336,89.63999938964844,87.96080017089844,6030100
2017-06-01,CRM,Salesforce,90.0,90.63999938964844,89.31999969482422,90.05000305175781,88.36312103271484,4890600
2017-06-02,CRM,Salesforce,90.23999786376953,91.08999633789062,89.83000183105469,90.86000061035156,89.15795135498047,4969200
2017-06-05,CRM,Salesforce,91.0,91.87999725341797,90.75,91.37999725341797,89.668212890625,5537300
2017-06-06,CRM,Salesforce,91.0,91.94999694824219,90.80000305175781,91.0999984741211,89.39346313476562,4296700
2017-06-07,CRM,Salesforce,91.44999694824219,91.98999786376953,90.62000274658203,91.38999938964844,89.67803955078125,3484000
2017-06-08,CRM,Salesforce,91.38999938964844,91.62000274658203,90.58999633789062,91.25,89.5406494140625,3804900
2017-06-09,CRM,Salesforce,91.08999633789062,91.22000122070312,85.2300033569336,87.2699966430664,85.63520050048828,11672200
2017-06-12,CRM,Salesforce,86.12000274658203,86.83999633789062,83.55000305175781,86.18000030517578,84.56562042236328,9281600
2017-06-13,CRM,Salesforce,87.83000183105469,88.30999755859375,86.80000305175781,87.2699966430664,85.63520050048828,5308000
2017-06-14,CRM,Salesforce,87.69000244140625,88.08999633789062,86.05999755859375,87.16999816894531,85.53709411621094,3554800
2017-06-15,CRM,Salesforce,85.98999786376953,86.37999725341797,84.9000015258789,86.2699966430664,84.6539306640625,6661600
2017-06-16,CRM,Salesforce,86.08000183105469,86.9800033569336,85.86000061035156,86.0,84.38899230957031,8005000
2017-06-19,CRM,Salesforce,86.69000244140625,87.70999908447266,86.62000274658203,87.54000091552734,85.900146484375,4835500
2017-06-20,CRM,Salesforce,87.62999725341797,87.79000091552734,86.79000091552734,86.91999816894531,85.291748046875,3095500
2017-06-21,CRM,Salesforce,87.5,87.80000305175781,86.43000030517578,87.55999755859375,85.9197769165039,3794700
2017-06-22,CRM,Salesforce,87.87000274658203,89.0,87.23999786376953,88.47000122070312,86.8127212524414,4413000
2017-06-23,CRM,Salesforce,88.29000091552734,88.86000061035156,87.51000213623047,88.62000274658203,86.95992279052734,4890900
2017-06-26,CRM,Salesforce,88.80000305175781,89.80000305175781,87.69999694824219,88.11000061035156,86.45948028564453,4866500
2017-06-27,CRM,Salesforce,88.0,89.27999877929688,87.11000061035156,87.68000030517578,86.03753662109375,5370800
2017-06-28,CRM,Salesforce,88.27999877929688,88.47000122070312,86.69000244140625,88.08999633789062,86.4398422241211,4257800
2017-06-29,CRM,Salesforce,87.6500015258789,87.66999816894531,85.83000183105469,86.80000305175781,85.17401123046875,5215600
2017-06-30,CRM,Salesforce,86.80000305175781,87.25,86.30000305175781,86.5999984741211,84.97774505615234,3943500
2017-07-03,CRM,Salesforce,87.01000213623047,87.0999984741211,85.12000274658203,86.0999984741211,84.48710632324219,2741300
2017-07-05,CRM,Salesforce,86.27999877929688,87.51000213623047,86.0999984741211,87.5,85.86089324951172,4719800
2017-07-06,CRM,Salesforce,86.62000274658203,87.47000122070312,86.33999633789062,86.8499984741211,85.22307586669922,3275000
2017-07-07,CRM,Salesforce,87.19999694824219,88.44999694824219,87.19000244140625,87.91999816894531,86.27302551269531,2454300
2017-07-10,CRM,Salesforce,87.86000061035156,88.63999938964844,87.47000122070312,88.5,86.8421630859375,2332100
2017-07-11,CRM,Salesforce,88.26000213623047,88.6500015258789,87.66999816894531,88.3499984741211,86.69496154785156,2414700
2017-07-12,CRM,Salesforce,89.22000122070312,90.41000366210938,88.8499984741211,90.4000015258789,88.7065658569336,4273500
2017-07-13,CRM,Salesforce,90.55999755859375,90.7699966430664,89.5,89.56999969482422,87.89212799072266,3211100
2017-07-14,CRM,Salesforce,89.79000091552734,90.16999816894531,89.54000091552734,90.0,88.31405639648438,1978000
2017-07-17,CRM,Salesforce,89.9800033569336,90.26000213623047,89.2699966430664,89.29000091552734,87.61736297607422,2485700
2017-07-18,CRM,Salesforce,89.0,89.4000015258789,88.62000274658203,89.2699966430664,87.59773254394531,3813100
2017-07-19,CRM,Salesforce,89.3499984741211,90.12999725341797,88.80000305175781,89.55999755859375,87.8823013305664,4463000
2017-07-20,CRM,Salesforce,89.70999908447266,90.62999725341797,89.41999816894531,90.54000091552734,88.84394073486328,3481000
2017-07-21,CRM,Salesforce,90.33999633789062,90.62999725341797,89.54000091552734,89.69000244140625,88.00988006591797,2928700
2017-07-24,CRM,Salesforce,89.6500015258789,89.80999755859375,88.95999908447266,89.66999816894531,87.99024963378906,2393500
2017-07-25,CRM,Salesforce,89.7300033569336,90.81999969482422,89.23999786376953,90.62999725341797,88.93225860595703,3346000
2017-07-26,CRM,Salesforce,90.62999725341797,91.19999694824219,90.1500015258789,91.06999969482422,89.36402130126953,3638100
2017-07-27,CRM,Salesforce,91.25,92.12999725341797,89.08999633789062,90.51000213623047,88.81450653076172,3572100
2017-07-28,CRM,Salesforce,90.0,91.12000274658203,89.69999694824219,90.62000274658203,88.92244720458984,2108800
2017-07-31,CRM,Salesforce,90.80999755859375,91.05000305175781,89.87000274658203,90.80000305175781,89.09907531738281,3002900
2017-08-01,CRM,Salesforce,91.37000274658203,91.77999877929688,90.88999938964844,91.22000122070312,89.5112075805664,3157500
2017-08-02,CRM,Salesforce,91.3499984741211,91.3499984741211,88.98999786376953,89.88999938964844,88.20612335205078,3636900
2017-08-03,CRM,Salesforce,90.0,90.43000030517578,89.41999816894531,90.3499984741211,88.65750885009766,2351400
2017-08-04,CRM,Salesforce,90.61000061035156,90.87000274658203,90.25,90.44999694824219,88.75564575195312,1987600
2017-08-07,CRM,Salesforce,90.55000305175781,90.69999694824219,90.12000274658203,90.5,88.80467987060547,1903300
2017-08-08,CRM,Salesforce,90.18000030517578,90.88999938964844,89.54000091552734,90.26000213623047,88.56918334960938,2366700
2017-08-09,CRM,Salesforce,89.63999938964844,90.47000122070312,89.62000274658203,90.12000274658203,88.43182373046875,3055400
2017-08-10,CRM,Salesforce,89.66999816894531,89.91999816894531,87.55000305175781,87.62999725341797,85.98847198486328,3961500
2017-08-11,CRM,Salesforce,87.55000305175781,88.66000366210938,87.26000213623047,88.29000091552734,86.63610076904297,2881500
2017-08-14,CRM,Salesforce,89.29000091552734,90.6500015258789,89.0999984741211,90.25,88.55938720703125,4906900
2017-08-15,CRM,Salesforce,90.3499984741211,91.11000061035156,90.08999633789062,90.69999694824219,89.00094604492188,2531700
2017-08-16,CRM,Salesforce,91.05000305175781,92.4000015258789,90.81999969482422,92.23999786376953,90.51211547851562,4273700
2017-08-17,CRM,Salesforce,92.0,92.48999786376953,90.75,90.87999725341797,89.17759704589844,3630500
2017-08-18,CRM,Salesforce,90.81999969482422,91.3499984741211,90.27999877929688,90.76000213623047,89.05982971191406,3046800
2017-08-21,CRM,Salesforce,90.94999694824219,91.80000305175781,90.56999969482422,91.76000213623047,90.04110717773438,3512500
2017-08-22,CRM,Salesforce,92.43000030517578,93.44000244140625,92.05000305175781,92.94999694824219,91.20880126953125,11254400
2017-08-23,CRM,Salesforce,92.13999938964844,94.62999725341797,91.30000305175781,93.06999969482422,91.32655334472656,12034900
2017-08-24,CRM,Salesforce,93.69999694824219,94.30999755859375,93.3499984741211,94.1500015258789,92.38633728027344,5494400
2017-08-25,CRM,Salesforce,94.1500015258789,95.2300033569336,93.87000274658203,94.0999984741211,92.3372573852539,5311000
2017-08-28,CRM,Salesforce,94.08000183105469,94.19000244140625,92.8499984741211,93.66000366210938,91.90550994873047,5536100
2017-08-29,CRM,Salesforce,92.75,94.12000274658203,92.5,93.83000183105469,92.07232666015625,3242800
2017-08-30,CRM,Salesforce,93.83000183105469,95.18000030517578,93.58999633789062,94.86000061035156,93.08302307128906,3808100
2017-08-31,CRM,Salesforce,94.94000244140625,95.66000366210938,94.3499984741211,95.48999786376953,93.70121765136719,5098200
2017-09-01,CRM,Salesforce,95.75,96.16999816894531,95.19000244140625,96.01000213623047,94.21148681640625,3679600
2017-09-05,CRM,Salesforce,95.36000061035156,96.48999786376953,95.12999725341797,96.18000030517578,94.37830352783203,4069500
2017-09-06,CRM,Salesforce,96.16000366210938,96.31999969482422,95.25,95.81999969482422,94.02503967285156,4105200
2017-09-07,CRM,Salesforce,96.08999633789062,97.5199966430664,95.87999725341797,96.7300033569336,94.9179916381836,4917300
2017-09-08,CRM,Salesforce,96.62000274658203,97.19000244140625,96.37999725341797,96.43000030517578,94.62361907958984,3316400
2017-09-11,CRM,Salesforce,96.94999694824219,98.22000122070312,96.94999694824219,97.70999908447266,95.879638671875,4471500
2017-09-12,CRM,Salesforce,97.58999633789062,97.62000274658203,96.1500015258789,96.8499984741211,95.0357437133789,4743200
2017-09-13,CRM,Salesforce,96.88999938964844,96.9000015258789,95.36000061035156,95.61000061035156,93.8189697265625,5610300
2017-09-14,CRM,Salesforce,95.37999725341797,95.73999786376953,94.51000213623047,95.30000305175781,93.51477813720703,5054600
2017-09-15,CRM,Salesforce,95.51000213623047,95.62000274658203,94.16999816894531,94.62999725341797,92.85733795166016,6081700
2017-09-18,CRM,Salesforce,94.94000244140625,96.18000030517578,94.73999786376953,95.73999786376953,93.94654083251953,5990700
2017-09-19,CRM,Salesforce,95.97000122070312,96.20999908447266,95.16000366210938,95.3499984741211,93.56385040283203,3521000
2017-09-20,CRM,Salesforce,95.08000183105469,95.36000061035156,94.05000305175781,95.20999908447266,93.42646026611328,3362600
2017-09-21,CRM,Salesforce,94.81999969482422,95.0999984741211,94.16999816894531,94.86000061035156,93.08302307128906,2896100
2017-09-22,CRM,Salesforce,94.79000091552734,95.3499984741211,94.55999755859375,94.94000244140625,93.16152954101562,2254400
2017-09-25,CRM,Salesforce,94.87000274658203,94.88999938964844,92.11000061035156,92.47000122070312,90.73780059814453,5821100
2017-09-26,CRM,Salesforce,92.94999694824219,93.66999816894531,92.12000274658203,92.33999633789062,90.61021423339844,4558200
2017-09-27,CRM,Salesforce,92.91000366210938,93.66000366210938,92.62000274658203,93.20999908447266,91.46393585205078,2945100
2017-09-28,CRM,Salesforce,93.20999908447266,93.25,92.43000030517578,92.5999984741211,90.86536407470703,3017600
2017-09-29,CRM,Salesforce,92.7699966430664,93.47000122070312,92.62000274658203,93.41999816894531,91.66999816894531,4629700
2017-10-02,CRM,Salesforce,93.72000122070312,94.83999633789062,93.44999694824219,93.94000244140625,92.18025207519531,2755900
2017-10-03,CRM,Salesforce,94.16999816894531,95.44999694824219,93.94999694824219,95.36000061035156,93.57364654541016,4996800
2017-10-04,CRM,Salesforce,95.19999694824219,95.7300033569336,94.7300033569336,95.5199966430664,93.73065948486328,3128300
2017-10-05,CRM,Salesforce,95.5,95.87999725341797,94.68000030517578,95.7300033569336,93.93672180175781,3956300
2017-10-06,CRM,Salesforce,95.55000305175781,96.56999969482422,95.47000122070312,96.31999969482422,94.51566314697266,4402900
2017-10-09,CRM,Salesforce,96.33000183105469,96.76000213623047,95.9800033569336,96.2699966430664,94.46661376953125,2031300
2017-10-10,CRM,Salesforce,96.2699966430664,96.45999908447266,95.22000122070312,95.38999938964844,93.60308837890625,2028900
2017-10-11,CRM,Salesforce,95.38999938964844,96.01000213623047,94.83000183105469,96.01000213623047,94.21148681640625,2640800
2017-10-12,CRM,Salesforce,96.13999938964844,97.2300033569336,95.83999633789062,96.73999786376953,94.92780303955078,3118600
2017-10-13,CRM,Salesforce,97.1500015258789,97.62999725341797,96.69000244140625,96.94000244140625,95.12406158447266,2496000
2017-10-16,CRM,Salesforce,96.94999694824219,97.58000183105469,96.91999816894531,97.1500015258789,95.33012390136719,2544300
2017-10-17,CRM,Salesforce,96.95999908447266,97.0,95.93000030517578,96.72000122070312,94.9081802368164,2528300
2017-10-18,CRM,Salesforce,96.97000122070312,97.06999969482422,96.05000305175781,96.44000244140625,94.6334228515625,2876700
2017-10-19,CRM,Salesforce,96.4000015258789,97.2300033569336,96.11000061035156,97.19000244140625,95.36937713623047,2534100
2017-10-20,CRM,Salesforce,97.54000091552734,99.18000030517578,97.33000183105469,98.9000015258789,97.04734802246094,4588800
2017-10-23,CRM,Salesforce,99.06999969482422,99.44000244140625,98.30000305175781,98.44000244140625,96.5959701538086,4024900
2017-10-24,CRM,Salesforce,98.25,98.72000122070312,97.80999755859375,98.66000366210938,96.81184387207031,3651400
2017-10-25,CRM,Salesforce,98.4000015258789,99.62999725341797,98.30999755859375,99.58999633789062,97.72442626953125,4687200
2017-10-26,CRM,Salesforce,99.81999969482422,100.76000213623047,99.30000305175781,100.05000305175781,98.17581176757812,3863300
2017-10-27,CRM,Salesforce,100.72000122070312,101.9800033569336,100.18000030517578,100.69999694824219,98.81361389160156,4030400
2017-10-30,CRM,Salesforce,100.69999694824219,100.9800033569336,99.91000366210938,100.69999694824219,98.81361389160156,2374600
2017-10-31,CRM,Salesforce,101.12999725341797,102.44999694824219,100.83999633789062,102.33999633789062,100.42290496826172,5111800
2017-11-01,CRM,Salesforce,103.66999816894531,103.91999816894531,101.30000305175781,101.94999694824219,100.04020690917969,3760800
2017-11-02,CRM,Salesforce,102.05000305175781,103.37000274658203,101.76000213623047,102.5999984741211,100.67803192138672,3212600
2017-11-03,CRM,Salesforce,102.86000061035156,103.06999969482422,101.69999694824219,102.70999908447266,100.78598022460938,3265500
2017-11-06,CRM,Salesforce,102.91999816894531,103.13999938964844,101.58000183105469,102.41999816894531,100.50141143798828,7046800
2017-11-07,CRM,Salesforce,104.94000244140625,105.0,101.75,102.72000122070312,100.79578399658203,5277100
2017-11-08,CRM,Salesforce,102.94999694824219,105.25,102.9000015258789,105.02999877929688,103.06249237060547,6674500
2017-11-09,CRM,Salesforce,104.33000183105469,104.44000244140625,102.41000366210938,103.5999984741211,101.65930938720703,5128600
2017-11-10,CRM,Salesforce,103.41000366210938,105.37999725341797,102.83000183105469,105.23999786376953,103.2685775756836,4675700
2017-11-13,CRM,Salesforce,105.0,105.95999908447266,105.0,105.77999877929688,103.7984619140625,4609500
2017-11-14,CRM,Salesforce,105.63999938964844,106.37999725341797,105.05999755859375,106.2300033569336,104.24004364013672,4366800
2017-11-15,CRM,Salesforce,105.87999725341797,107.0,105.0,105.43000030517578,103.45502471923828,4148400
2017-11-16,CRM,Salesforce,106.2300033569336,107.36000061035156,106.18000030517578,107.02999877929688,105.02505493164062,3708500
2017-11-17,CRM,Salesforce,107.19000244140625,107.87000274658203,106.7300033569336,107.58000183105469,105.56475067138672,4407900
2017-11-20,CRM,Salesforce,108.69999694824219,109.0,107.01000213623047,107.37000274658203,105.35868835449219,5578500
2017-11-21,CRM,Salesforce,108.75,109.19000244140625,107.79000091552734,108.80000305175781,106.76190185546875,10682700
2017-11-22,CRM,Salesforce,106.8499984741211,107.48999786376953,106.05000305175781,106.83000183105469,104.82878875732422,9009600
2017-11-24,CRM,Salesforce,107.4000015258789,107.5999984741211,106.41000366210938,107.1500015258789,105.14280700683594,4000000
2017-11-27,CRM,Salesforce,106.79000091552734,107.27999877929688,105.86000061035156,106.58000183105469,104.58348083496094,5144200
2017-11-28,CRM,Salesforce,106.0999984741211,106.88999938964844,105.79000091552734,106.45999908447266,104.46571350097656,4794300
2017-11-29,CRM,Salesforce,105.75,105.87999725341797,102.79000091552734,103.52999877929688,101.59061431884766,6851000
2017-11-30,CRM,Salesforce,103.58999633789062,104.51000213623047,102.7699966430664,104.31999969482422,102.36581420898438,5201800
2017-12-01,CRM,Salesforce,103.86000061035156,104.83000183105469,102.83000183105469,103.83000183105469,101.88500213623047,4797600
2017-12-04,CRM,Salesforce,104.5999984741211,104.73999786376953,99.83000183105469,99.8499984741211,97.97954559326172,9116000
2017-12-05,CRM,Salesforce,99.55000305175781,101.66000366210938,98.68000030517578,100.69000244140625,98.8038101196289,5323800
2017-12-06,CRM,Salesforce,100.26000213623047,103.33000183105469,100.0,102.91999816894531,100.99203491210938,4571000
2017-12-07,CRM,Salesforce,103.6500015258789,104.13999938964844,102.63999938964844,104.06999969482422,102.12049102783203,3900100
2017-12-08,CRM,Salesforce,105.0,105.3499984741211,103.20999908447266,103.44000244140625,101.50230407714844,4171500
2017-12-11,CRM,Salesforce,104.38999938964844,104.72000122070312,103.37000274658203,104.54000091552734,102.5816879272461,3357200
2017-12-12,CRM,Salesforce,104.94999694824219,105.05999755859375,103.27999877929688,103.66999816894531,101.72798919677734,4683600
2017-12-13,CRM,Salesforce,103.81999969482422,104.5999984741211,103.70999908447266,103.94000244140625,101.9929428100586,4067500
2017-12-14,CRM,Salesforce,104.19999694824219,105.19999694824219,103.94000244140625,104.23999786376953,102.28731536865234,4464900
2017-12-15,CRM,Salesforce,104.76000213623047,105.6500015258789,103.30999755859375,105.4800033569336,103.50408935546875,7261100
2017-12-18,CRM,Salesforce,105.4000015258789,105.87999725341797,104.79000091552734,105.08000183105469,103.11157989501953,3931400
2017-12-19,CRM,Salesforce,104.58999633789062,105.16999816894531,103.4800033569336,104.26000213623047,102.30694580078125,3942100
2017-12-20,CRM,Salesforce,104.26000213623047,104.5,102.80999755859375,103.38999938964844,101.45323181152344,3673500
2017-12-21,CRM,Salesforce,103.7300033569336,104.04000091552734,103.33000183105469,103.62000274658203,101.6789321899414,2486800
2017-12-22,CRM,Salesforce,103.29000091552734,103.5,102.0199966430664,102.62999725341797,100.70748138427734,3538300
2017-12-26,CRM,Salesforce,102.16000366210938,102.5999984741211,101.31999969482422,102.54000091552734,100.61915588378906,2524600
2017-12-27,CRM,Salesforce,102.58999633789062,102.80999755859375,102.08999633789062,102.6500015258789,100.72709655761719,2038600
2017-12-28,CRM,Salesforce,102.63999938964844,102.9000015258789,102.36000061035156,102.79000091552734,100.8644790649414,2719400
2017-12-29,CRM,Salesforce,102.61000061035156,103.16999816894531,102.20999908447266,102.2300033569336,100.3149642944336,2498800
2018-01-02,CRM,Salesforce,102.87999725341797,104.69999694824219,102.2699966430664,104.41000366210938,102.45413208007812,4669200
2018-01-03,CRM,Salesforce,104.9000015258789,106.13999938964844,104.62000274658203,105.29000091552734,103.31764221191406,3888700
2018-01-04,CRM,Salesforce,106.0,107.66000366210938,105.7699966430664,106.68000030517578,104.6816177368164,4540200
2018-01-05,CRM,Salesforce,107.76000213623047,108.30000305175781,107.19999694824219,108.0999984741211,106.07499694824219,3368400
2018-01-08,CRM,Salesforce,108.0,109.13999938964844,107.56999969482422,108.86000061035156,106.82077026367188,2933600
2018-01-09,CRM,Salesforce,109.0,109.33999633789062,108.25,109.1500015258789,107.1053466796875,3302300
2018-01-10,CRM,Salesforce,108.68000030517578,109.48999786376953,108.2300033569336,108.80000305175781,106.76190185546875,3113300
2018-01-11,CRM,Salesforce,109.0,109.4000015258789,108.66999816894531,109.0999984741211,107.05628204345703,3668100
2018-01-12,CRM,Salesforce,109.2300033569336,110.70999908447266,108.91000366210938,110.23999786376953,108.17491149902344,5749500
2018-01-16,CRM,Salesforce,110.8499984741211,111.44000244140625,108.2300033569336,108.88999938964844,106.85020446777344,5790800
2018-01-17,CRM,Salesforce,109.75,110.37999725341797,109.2300033569336,110.04000091552734,107.9786605834961,4254700
2018-01-18,CRM,Salesforce,110.2300033569336,112.16999816894531,110.22000122070312,111.7699966430664,109.67626190185547,3842800
2018-01-19,CRM,Salesforce,112.20999908447266,112.4000015258789,111.61000061035156,111.93000030517578,109.83325958251953,3120900
2018-01-22,CRM,Salesforce,111.62999725341797,112.95999908447266,111.01000213623047,112.88999938964844,110.7752914428711,2214700
2018-01-23,CRM,Salesforce,113.18000030517578,113.76000213623047,112.68000030517578,113.23999786376953,111.11872863769531,2816800
2018-01-24,CRM,Salesforce,113.62999725341797,113.83999633789062,112.5,112.8499984741211,110.73602294921875,4975500
2018-01-25,CRM,Salesforce,113.27999877929688,113.47000122070312,111.9000015258789,111.95999908447266,109.8626937866211,4715100
2018-01-26,CRM,Salesforce,112.72000122070312,113.91999816894531,112.02999877929688,113.69999694824219,111.57009887695312,3927400
2018-01-29,CRM,Salesforce,113.69999694824219,114.41000366210938,112.8499984741211,113.30000305175781,111.1776123046875,3181500
2018-01-30,CRM,Salesforce,112.41999816894531,113.44999694824219,111.83999633789062,112.2300033569336,110.12763977050781,3737700
2018-01-31,CRM,Salesforce,113.05999755859375,114.5199966430664,112.63999938964844,113.91000366210938,111.77617645263672,4181800
2018-02-01,CRM,Salesforce,113.30000305175781,114.2699966430664,112.52999877929688,112.73999786376953,110.62808990478516,4302800
2018-02-02,CRM,Salesforce,112.02999877929688,112.3499984741211,110.70999908447266,110.77999877929688,108.70480346679688,4403800
2018-02-05,CRM,Salesforce,109.1500015258789,111.61000061035156,107.5,107.6500015258789,105.63343048095703,6124000
2018-02-06,CRM,Salesforce,105.01000213623047,109.62000274658203,103.69000244140625,109.56999969482422,107.5174560546875,6857900
2018-02-07,CRM,Salesforce,109.06999969482422,112.29000091552734,108.80999755859375,110.05000305175781,107.98847961425781,4515400
2018-02-08,CRM,Salesforce,110.0999984741211,110.18000030517578,104.0,104.02999877929688,102.08125305175781,6803800
2018-02-09,CRM,Salesforce,105.31999969482422,108.11000061035156,102.37000274658203,106.9800033569336,104.97599029541016,6615800
2018-02-12,CRM,Salesforce,107.69999694824219,109.4800033569336,106.26000213623047,108.55000305175781,106.5165786743164,4624100
2018-02-13,CRM,Salesforce,108.01000213623047,108.08000183105469,105.93000030517578,107.69000244140625,105.67268371582031,7542800
2018-02-14,CRM,Salesforce,106.7300033569336,109.22000122070312,106.7300033569336,109.0199966430664,106.97777557373047,7428000
2018-02-15,CRM,Salesforce,112.30999755859375,113.43000030517578,110.05000305175781,113.12000274658203,111.00096893310547,8341900
2018-02-16,CRM,Salesforce,112.83999633789062,114.1500015258789,112.66999816894531,112.86000061035156,110.74584197998047,4667300
2018-02-20,CRM,Salesforce,112.44999694824219,115.26000213623047,112.27999877929688,114.3499984741211,112.20791625976562,4287800
2018-02-21,CRM,Salesforce,114.7699966430664,115.66999816894531,114.16999816894531,114.4800033569336,112.33547973632812,4976500
2018-02-22,CRM,Salesforce,114.5199966430664,115.0,112.4800033569336,113.0,110.88321685791016,4763400
2018-02-23,CRM,Salesforce,113.62999725341797,114.95999908447266,112.73999786376953,114.95999908447266,112.8064956665039,4173500
2018-02-26,CRM,Salesforce,116.11000061035156,116.80000305175781,115.37000274658203,116.6500015258789,114.46485137939453,5418900
2018-02-27,CRM,Salesforce,117.30000305175781,117.61000061035156,115.76000213623047,116.47000122070312,114.28822326660156,5908200
2018-02-28,CRM,Salesforce,117.0,118.1500015258789,116.22000122070312,116.25,114.07232666015625,9684400
2018-03-01,CRM,Salesforce,120.91000366210938,122.47000122070312,118.05000305175781,119.43000030517578,117.19275665283203,15555500
2018-03-02,CRM,Salesforce,118.6500015258789,122.33000183105469,117.63999938964844,121.91999816894531,119.63612365722656,10627500
2018-03-05,CRM,Salesforce,120.0,122.94000244140625,119.66000366210938,122.5,120.20525360107422,10121300
2018-03-06,CRM,Salesforce,122.87000274658203,124.69000244140625,122.75,124.4800033569336,122.14816284179688,8154800
2018-03-07,CRM,Salesforce,123.37999725341797,125.7699966430664,123.18000030517578,125.33000183105469,122.98223876953125,6750400
2018-03-08,CRM,Salesforce,125.76000213623047,127.29000091552734,125.69999694824219,126.36000061035156,123.99295043945312,6127900
2018-03-09,CRM,Salesforce,127.19000244140625,127.5,126.25,127.41000366210938,125.02328491210938,5637800
2018-03-12,CRM,Salesforce,127.87000274658203,128.1999969482422,126.77999877929688,126.77999877929688,124.40508270263672,5609800
2018-03-13,CRM,Salesforce,127.88999938964844,128.11000061035156,125.7300033569336,126.7300033569336,124.35601806640625,4641800
2018-03-14,CRM,Salesforce,127.05000305175781,128.8699951171875,126.51000213623047,127.98999786376953,125.59239959716797,5402400
2018-03-15,CRM,Salesforce,128.0,128.4600067138672,126.66999816894531,127.22000122070312,124.83684539794922,4603500
2018-03-16,CRM,Salesforce,127.29000091552734,127.94999694824219,125.69000244140625,125.97000122070312,123.6102523803711,6662900
2018-03-19,CRM,Salesforce,125.02999877929688,125.76000213623047,123.47000122070312,124.9800033569336,122.6387939453125,6830400
2018-03-20,CRM,Salesforce,124.58999633789062,126.83000183105469,124.44999694824219,125.12000274658203,122.77616119384766,7113600
2018-03-21,CRM,Salesforce,121.55999755859375,124.0199966430664,120.19999694824219,121.69999694824219,119.42023468017578,14824000
2018-03-22,CRM,Salesforce,120.4000015258789,120.66000366210938,117.44000244140625,118.04000091552734,115.82881164550781,10950500
2018-03-23,CRM,Salesforce,118.01000213623047,118.08000183105469,114.30999755859375,114.43000030517578,112.28643035888672,10902100
2018-03-26,CRM,Salesforce,118.23999786376953,119.26000213623047,115.04000091552734,118.97000122070312,116.74138641357422,13171700
2018-03-27,CRM,Salesforce,120.08999633789062,120.16000366210938,112.72000122070312,113.80999755859375,111.67803955078125,8304700
2018-03-28,CRM,Salesforce,113.1500015258789,114.86000061035156,111.33999633789062,112.87999725341797,110.76545715332031,6489500
2018-03-29,CRM,Salesforce,113.91000366210938,117.26000213623047,112.5199966430664,116.30000305175781,114.12139892578125,7794700
2018-04-02,CRM,Salesforce,115.91000366210938,117.68000030517578,113.61000061035156,115.30000305175781,113.14012908935547,6461300
2018-04-03,CRM,Salesforce,116.76000213623047,117.44999694824219,114.5999984741211,116.48999786376953,114.3078384399414,5193300
2018-04-04,CRM,Salesforce,114.05999755859375,119.68000030517578,114.0,119.4800033569336,117.24183654785156,6389300
2018-04-05,CRM,Salesforce,120.4000015258789,121.04000091552734,118.66999816894531,119.04000091552734,116.81005096435547,5052400
2018-04-06,CRM,Salesforce,118.0999984741211,118.9800033569336,114.94999694824219,116.0999984741211,113.9251480102539,5385500
2018-04-09,CRM,Salesforce,117.13999938964844,119.2300033569336,117.13999938964844,117.19000244140625,114.99473571777344,4104200
2018-04-10,CRM,Salesforce,118.91999816894531,120.12000274658203,117.68000030517578,119.48999786376953,117.25164794921875,3693000
2018-04-11,CRM,Salesforce,119.33000183105469,120.70999908447266,118.87000274658203,119.16000366210938,116.92781829833984,3059400
2018-04-12,CRM,Salesforce,120.0,121.7300033569336,119.33999633789062,121.4000015258789,119.12586212158203,4419900
2018-04-13,CRM,Salesforce,121.94000244140625,121.94000244140625,118.5,119.01000213623047,116.78062438964844,4933100
2018-04-16,CRM,Salesforce,120.94999694824219,120.9800033569336,118.66000366210938,119.41000366210938,117.17314147949219,4464700
2018-04-17,CRM,Salesforce,120.4000015258789,123.86000061035156,120.01000213623047,123.3499984741211,121.0393295288086,5524600
2018-04-18,CRM,Salesforce,123.52999877929688,124.73999786376953,122.2300033569336,124.45999908447266,122.1285400390625,4321800
2018-04-19,CRM,Salesforce,124.04000091552734,124.5199966430664,123.18000030517578,124.05999755859375,121.73603820800781,3657000
2018-04-20,CRM,Salesforce,124.01000213623047,124.37999725341797,122.05000305175781,122.81999969482422,120.5192642211914,2971000
2018-04-23,CRM,Salesforce,123.19000244140625,124.56999969482422,121.23999786376953,121.88999938964844,119.60667419433594,3932700
2018-04-24,CRM,Salesforce,123.33999633789062,123.52999877929688,116.91000366210938,117.87999725341797,115.67179870605469,5379300
2018-04-25,CRM,Salesforce,117.7699966430664,118.2300033569336,115.04000091552734,117.31999969482422,115.12228393554688,5080500
2018-04-26,CRM,Salesforce,118.69999694824219,122.06999969482422,118.16000366210938,120.83000183105469,118.56652069091797,4998800
2018-04-27,CRM,Salesforce,121.62999725341797,121.63999938964844,119.55000305175781,120.22000122070312,117.96796417236328,3801200
2018-04-30,CRM,Salesforce,120.87000274658203,121.69999694824219,119.77999877929688,120.98999786376953,118.72354125976562,2788300
2018-05-01,CRM,Salesforce,120.87999725341797,123.31999969482422,120.41999816894531,123.11000061035156,120.8038330078125,3873900
2018-05-02,CRM,Salesforce,122.29000091552734,123.97000122070312,121.73999786376953,122.81999969482422,120.5192642211914,3671000
2018-05-03,CRM,Salesforce,122.62000274658203,125.0,121.66999816894531,124.41000366210938,122.0794677734375,4435600
2018-05-04,CRM,Salesforce,124.37999725341797,125.83999633789062,122.9800033569336,125.12000274658203,122.77616119384766,6341200
2018-05-07,CRM,Salesforce,125.79000091552734,127.69000244140625,125.45999908447266,126.97000122070312,124.59151458740234,4342000
2018-05-08,CRM,Salesforce,126.58999633789062,128.9600067138672,126.5,128.75,126.33818054199219,4467800
2018-05-09,CRM,Salesforce,128.8800048828125,129.74000549316406,127.33000183105469,129.72999572753906,127.29981994628906,4605300
2018-05-10,CRM,Salesforce,129.9499969482422,131.0,129.0500030517578,130.6199951171875,128.1731414794922,3772400
2018-05-11,CRM,Salesforce,130.0,130.85000610351562,128.88999938964844,130.6300048828125,128.18295288085938,3233200
2018-05-14,CRM,Salesforce,130.7899932861328,131.0,127.16000366210938,127.69000244140625,125.29803466796875,4169800
2018-05-15,CRM,Salesforce,126.93000030517578,128.58999633789062,126.08999633789062,128.1300048828125,125.72980499267578,2933100
2018-05-16,CRM,Salesforce,128.7100067138672,128.97000122070312,127.91999816894531,128.77000427246094,126.3577880859375,2439900
2018-05-17,CRM,Salesforce,129.19000244140625,129.4600067138672,125.55000305175781,126.05000305175781,123.68875885009766,5557000
2018-05-18,CRM,Salesforce,126.05999755859375,127.72000122070312,125.87000274658203,126.95999908447266,124.58171081542969,3612300
2018-05-21,CRM,Salesforce,128.0,128.35000610351562,126.0,126.37000274658203,124.00276184082031,2887200
2018-05-22,CRM,Salesforce,126.66000366210938,127.05000305175781,125.26000213623047,125.44000244140625,123.0901870727539,2789800
2018-05-23,CRM,Salesforce,124.87999725341797,128.08999633789062,124.58000183105469,128.08999633789062,125.69054412841797,4303900
2018-05-24,CRM,Salesforce,128.80999755859375,129.3800048828125,127.38999938964844,128.74000549316406,126.32837677001953,5972400
2018-05-25,CRM,Salesforce,128.72999572753906,129.25,127.62000274658203,127.95999908447266,125.56297302246094,4031800
2018-05-29,CRM,Salesforce,126.75,127.54000091552734,126.12000274658203,126.87999725341797,124.50320434570312,8141900
2018-05-30,CRM,Salesforce,132.3000030517578,132.5500030517578,127.83999633789062,129.3000030517578,126.87788391113281,14170900
2018-05-31,CRM,Salesforce,129.3699951171875,130.99000549316406,128.41000366210938,129.3300018310547,126.9073257446289,6408300
2018-06-01,CRM,Salesforce,129.8800048828125,130.8699951171875,128.35000610351562,130.52000427246094,128.07505798339844,6132800
2018-06-04,CRM,Salesforce,130.38999938964844,132.8000030517578,129.60000610351562,132.64999389648438,130.1650848388672,4860700
2018-06-05,CRM,Salesforce,133.13999938964844,134.6300048828125,132.97000122070312,134.1199951171875,131.60757446289062,5123200
2018-06-06,CRM,Salesforce,134.3300018310547,135.7100067138672,134.1199951171875,135.5500030517578,133.01080322265625,4766900
2018-06-07,CRM,Salesforce,135.5500030517578,135.75,130.72999572753906,132.91000366210938,130.42025756835938,6564100
2018-06-08,CRM,Salesforce,131.6999969482422,133.67999267578125,130.82000732421875,133.52999877929688,131.02865600585938,3486600
2018-06-11,CRM,Salesforce,133.8800048828125,134.6699981689453,133.25999450683594,133.97999572753906,131.47018432617188,3443100
2018-06-12,CRM,Salesforce,134.9600067138672,137.5,134.64999389648438,136.25999450683594,133.70745849609375,5319900
2018-06-13,CRM,Salesforce,136.3699951171875,137.49000549316406,135.60000610351562,136.5,133.9429931640625,5809300
2018-06-14,CRM,Salesforce,137.0,139.75,136.88999938964844,138.41000366210938,135.81723022460938,6494900
2018-06-15,CRM,Salesforce,138.07000732421875,138.9499969482422,136.8000030517578,138.41000366210938,135.81723022460938,7711100
2018-06-18,CRM,Salesforce,137.00999450683594,140.19000244140625,136.91000366210938,139.8000030517578,137.1811981201172,4202400
2018-06-19,CRM,Salesforce,138.0800018310547,139.7100067138672,137.22999572753906,139.52000427246094,136.9064483642578,4833700
2018-06-20,CRM,Salesforce,140.0,142.1199951171875,138.82000732421875,138.94000244140625,136.33729553222656,5341400
2018-06-21,CRM,Salesforce,139.07000732421875,140.05999755859375,137.1199951171875,137.8800048828125,135.29714965820312,3912800
2018-06-22,CRM,Salesforce,137.25999450683594,137.3000030517578,133.9499969482422,135.00999450683594,132.48089599609375,7466000
2018-06-25,CRM,Salesforce,134.24000549316406,134.88999938964844,131.6699981689453,133.19000244140625,130.6949920654297,6969800
2018-06-26,CRM,Salesforce,134.75999450683594,137.1699981689453,133.82000732421875,135.47999572753906,132.9420928955078,7043100
2018-06-27,CRM,Salesforce,136.67999267578125,137.4199981689453,133.10000610351562,133.22000122070312,130.7244110107422,6851600
2018-06-28,CRM,Salesforce,133.99000549316406,135.88999938964844,133.19000244140625,135.1199951171875,132.5888671875,6333700
2018-06-29,CRM,Salesforce,136.27999877929688,137.7100067138672,135.89999389648438,136.39999389648438,133.8448486328125,5229500
2018-07-02,CRM,Salesforce,136.14999389648438,140.47000122070312,135.3000030517578,140.42999267578125,137.79937744140625,6399200
2018-07-03,CRM,Salesforce,140.60000610351562,140.75,137.7100067138672,137.83999633789062,135.2578887939453,3164700
2018-07-05,CRM,Salesforce,139.25999450683594,139.88999938964844,138.22000122070312,139.77000427246094,137.1517333984375,5576700
2018-07-06,CRM,Salesforce,140.19000244140625,141.72999572753906,139.00999450683594,141.39999389648438,138.75120544433594,5045800
2018-07-09,CRM,Salesforce,142.64999389648438,142.8699951171875,139.8800048828125,141.75999450683594,139.1044464111328,5183100
2018-07-10,CRM,Salesforce,142.3000030517578,143.50999450683594,141.50999450683594,142.4499969482422,139.78152465820312,3643700
2018-07-11,CRM,Salesforce,141.2100067138672,145.63999938964844,141.02000427246094,145.25,142.5290985107422,6168000
2018-07-12,CRM,Salesforce,145.8000030517578,148.6999969482422,145.8000030517578,148.16000366210938,145.3845977783203,4681000
2018-07-13,CRM,Salesforce,147.75,148.0,145.41000366210938,147.61000061035156,144.84490966796875,3941800
2018-07-16,CRM,Salesforce,147.83999633789062,148.69000244140625,146.82000732421875,146.9600067138672,144.20706176757812,3592100
2018-07-17,CRM,Salesforce,145.41000366210938,147.44000244140625,143.0800018310547,147.02000427246094,144.2659149169922,5133900
2018-07-18,CRM,Salesforce,147.02000427246094,148.19000244140625,145.75999450683594,147.83999633789062,145.07057189941406,2908100
2018-07-19,CRM,Salesforce,147.0,148.0,146.61000061035156,147.16000366210938,144.40333557128906,3590600
2018-07-20,CRM,Salesforce,147.44000244140625,147.9199981689453,146.69000244140625,146.8699951171875,144.11874389648438,2462200
2018-07-23,CRM,Salesforce,146.8699951171875,147.63999938964844,144.8000030517578,147.55999755859375,144.7958221435547,2538100
2018-07-24,CRM,Salesforce,148.5500030517578,148.85000610351562,145.17999267578125,146.0,143.26502990722656,4052300
2018-07-25,CRM,Salesforce,146.1300048828125,149.35000610351562,146.0,148.8699951171875,146.081298828125,4056900
2018-07-26,CRM,Salesforce,147.97999572753906,148.75,145.67999267578125,147.57000732421875,144.8056182861328,3414300
2018-07-27,CRM,Salesforce,148.25,148.27999877929688,142.3800048828125,143.91000366210938,141.21420288085938,5924400
2018-07-30,CRM,Salesforce,143.5399932861328,143.72999572753906,135.52000427246094,138.02999877929688,135.44435119628906,9522000
2018-07-31,CRM,Salesforce,138.67999267578125,139.7899932861328,135.38999938964844,137.14999389648438,134.58082580566406,7442900
2018-08-01,CRM,Salesforce,138.0,140.89999389648438,137.50999450683594,137.67999267578125,135.1009063720703,5098100
2018-08-02,CRM,Salesforce,137.0500030517578,141.3000030517578,136.75,141.13999938964844,138.49607849121094,3779200
2018-08-03,CRM,Salesforce,141.52999877929688,141.74000549316406,138.4199981689453,141.0399932861328,138.39793395996094,3463500
2018-08-06,CRM,Salesforce,140.88999938964844,142.85000610351562,140.64999389648438,142.7100067138672,140.0366668701172,3247300
2018-08-07,CRM,Salesforce,143.52999877929688,144.61000061035156,142.72999572753906,144.44000244140625,141.73426818847656,3928300
2018-08-08,CRM,Salesforce,144.4600067138672,145.63999938964844,143.16000366210938,145.1699981689453,142.45059204101562,3026700
2018-08-09,CRM,Salesforce,145.3000030517578,146.85000610351562,145.08999633789062,145.82000732421875,143.0884246826172,3572600
2018-08-10,CRM,Salesforce,144.92999267578125,147.0,144.35000610351562,145.50999450683594,142.78421020507812,2748500
2018-08-13,CRM,Salesforce,145.6300048828125,147.17999267578125,144.22000122070312,144.4499969482422,141.7440643310547,2880400
2018-08-14,CRM,Salesforce,146.17999267578125,146.77000427246094,144.57000732421875,146.57000732421875,143.82437133789062,3474700
2018-08-15,CRM,Salesforce,146.0800018310547,147.8800048828125,143.60000610351562,145.0399932861328,142.322998046875,4476900
2018-08-16,CRM,Salesforce,146.50999450683594,146.91000366210938,145.22000122070312,145.72999572753906,143.00009155273438,3704000
2018-08-17,CRM,Salesforce,145.5,146.00999450683594,143.9499969482422,145.02000427246094,142.3033905029297,2865600
2018-08-20,CRM,Salesforce,145.2100067138672,146.05999755859375,144.32000732421875,145.7100067138672,142.98046875,2882200
2018-08-21,CRM,Salesforce,146.41000366210938,148.7899932861328,145.36000061035156,145.52999877929688,142.80384826660156,4063700
2018-08-22,CRM,Salesforce,145.58999633789062,147.1999969482422,145.0500030517578,146.4600067138672,143.71640014648438,4245300
2018-08-23,CRM,Salesforce,146.8300018310547,148.33999633789062,146.07000732421875,147.8300018310547,145.06077575683594,6196300
2018-08-24,CRM,Salesforce,148.5,152.3800048828125,148.5,152.3000030517578,149.447021484375,4882000
2018-08-27,CRM,Salesforce,154.7100067138672,154.8800048828125,150.1999969482422,151.67999267578125,148.83863830566406,5814800
2018-08-28,CRM,Salesforce,152.02999877929688,153.39999389648438,151.55999755859375,152.99000549316406,150.12411499023438,5266900
2018-08-29,CRM,Salesforce,153.3300018310547,154.97000122070312,153.0500030517578,154.8000030517578,151.9001922607422,9018600
2018-08-30,CRM,Salesforce,151.1199951171875,153.74000549316406,149.5,152.13999938964844,149.29000854492188,14441000
2018-08-31,CRM,Salesforce,152.13999938964844,153.8699951171875,151.89999389648438,152.67999267578125,149.8198699951172,6210500
2018-09-04,CRM,Salesforce,152.11000061035156,153.33999633789062,151.50999450683594,153.2100067138672,150.33998107910156,5310900
2018-09-05,CRM,Salesforce,152.38999938964844,152.77999877929688,147.0800018310547,148.64999389648438,145.86538696289062,7287400
2018-09-06,CRM,Salesforce,148.75,149.16000366210938,147.0800018310547,148.8300018310547,146.0420379638672,4190300
2018-09-07,CRM,Salesforce,147.83999633789062,151.41000366210938,147.5,150.42999267578125,147.61204528808594,3866800
2018-09-10,CRM,Salesforce,150.0,151.5800018310547,148.0,151.32000732421875,148.48536682128906,3872300
2018-09-11,CRM,Salesforce,151.0800018310547,153.75,150.6199951171875,152.83999633789062,149.97689819335938,4151000
2018-09-12,CRM,Salesforce,152.83999633789062,155.77000427246094,151.80999755859375,155.3699951171875,152.45953369140625,5180800
2018-09-13,CRM,Salesforce,155.8699951171875,158.77999877929688,155.82000732421875,158.17999267578125,155.21685791015625,6213500
2018-09-14,CRM,Salesforce,157.9499969482422,158.7899932861328,156.32000732421875,157.49000549316406,154.53981018066406,4615300
2018-09-17,CRM,Salesforce,157.0,158.42999267578125,154.6199951171875,154.9199981689453,152.0179443359375,3899600
2018-09-18,CRM,Salesforce,154.75999450683594,158.02999877929688,154.75,156.0,153.07772827148438,3749600
2018-09-19,CRM,Salesforce,156.3699951171875,157.3300018310547,152.38999938964844,152.89999389648438,150.0357666015625,5546000
2018-09-20,CRM,Salesforce,153.2899932861328,156.07000732421875,151.64999389648438,155.5,152.58709716796875,4655600
2018-09-21,CRM,Salesforce,157.07000732421875,157.9600067138672,154.9600067138672,155.52000427246094,152.60675048828125,17991600
2018-09-24,CRM,Salesforce,155.3800048828125,158.91000366210938,153.3300018310547,158.77999877929688,155.80564880371094,5082100
2018-09-25,CRM,Salesforce,159.0,159.13999938964844,157.1699981689453,158.8699951171875,155.89395141601562,5699600
2018-09-26,CRM,Salesforce,159.05999755859375,159.92999267578125,157.35000610351562,158.3300018310547,155.3640594482422,4079700
2018-09-27,CRM,Salesforce,159.0500030517578,161.0800018310547,158.92999267578125,160.42999267578125,157.4247283935547,3930300
2018-09-28,CRM,Salesforce,160.0,160.86000061035156,158.94000244140625,159.02999877929688,156.05096435546875,4607700
2018-10-01,CRM,Salesforce,160.11000061035156,161.19000244140625,159.02000427246094,159.86000061035156,156.8654022216797,4297600
2018-10-02,CRM,Salesforce,159.27000427246094,159.5800018310547,156.6999969482422,157.25999450683594,154.3140869140625,4137000
2018-10-03,CRM,Salesforce,158.55999755859375,159.75999450683594,157.02000427246094,159.10000610351562,156.11965942382812,3561600
2018-10-04,CRM,Salesforce,158.1999969482422,158.83999633789062,153.77999877929688,154.89999389648438,151.9983367919922,6206400
2018-10-05,CRM,Salesforce,154.86000061035156,156.60000610351562,152.47000122070312,155.07000732421875,152.1651153564453,4963600
2018-10-08,CRM,Salesforce,154.24000549316406,154.6199951171875,145.60000610351562,148.64999389648438,145.86538696289062,10238700
2018-10-09,CRM,Salesforce,148.32000732421875,150.8699951171875,147.2100067138672,148.5,145.7182159423828,5593300
2018-10-10,CRM,Salesforce,147.52000427246094,147.58999633789062,137.5399932861328,137.80999755859375,135.2284393310547,13660600
2018-10-11,CRM,Salesforce,137.44000244140625,142.16000366210938,136.4499969482422,139.24000549316406,136.63168334960938,10499300
2018-10-12,CRM,Salesforce,145.77000427246094,148.75,143.22000122070312,146.74000549316406,143.9911651611328,9371700
2018-10-15,CRM,Salesforce,146.6999969482422,146.6999969482422,141.32000732421875,141.9499969482422,139.29087829589844,6040800
2018-10-16,CRM,Salesforce,145.47000122070312,147.91000366210938,144.00999450683594,147.44000244140625,144.67807006835938,5383100
2018-10-17,CRM,Salesforce,148.35000610351562,148.35000610351562,145.4199981689453,147.00999450683594,144.256103515625,3377900
2018-10-18,CRM,Salesforce,146.08999633789062,147.58999633789062,141.42999267578125,142.83999633789062,140.16421508789062,5338200
2018-10-19,CRM,Salesforce,143.61000061035156,145.3699951171875,140.3800048828125,140.49000549316406,137.85826110839844,5141600
2018-10-22,CRM,Salesforce,141.6999969482422,143.8000030517578,139.1999969482422,142.9499969482422,140.2721710205078,4234900
2018-10-23,CRM,Salesforce,139.32000732421875,141.97000122070312,137.77999877929688,140.66000366210938,138.02508544921875,6462000
2018-10-24,CRM,Salesforce,141.22999572753906,141.5,133.0,133.25999450683594,130.76370239257812,7251500
2018-10-25,CRM,Salesforce,133.69000244140625,141.69000244140625,133.6699981689453,140.8000030517578,138.1624298095703,7792900
2018-10-26,CRM,Salesforce,135.75,139.2100067138672,132.61000061035156,135.52000427246094,132.9813690185547,7457000
2018-10-29,CRM,Salesforce,138.10000610351562,139.5500030517578,128.52999877929688,130.99000549316406,128.53623962402344,9212500
2018-10-30,CRM,Salesforce,130.44000244140625,132.99000549316406,128.02999877929688,132.1699981689453,129.69410705566406,10037900
2018-10-31,CRM,Salesforce,134.9199981689453,138.7100067138672,134.77000427246094,137.24000549316406,134.6691436767578,6666400
2018-11-01,CRM,Salesforce,138.39999389648438,139.8000030517578,136.41000366210938,139.58999633789062,136.97512817382812,4668800
2018-11-02,CRM,Salesforce,140.13999938964844,140.5500030517578,136.10000610351562,136.7899932861328,134.22755432128906,4481400
2018-11-05,CRM,Salesforce,137.33999633789062,137.33999633789062,133.4600067138672,135.44000244140625,132.9028778076172,4629900
2018-11-06,CRM,Salesforce,135.39999389648438,138.0,132.97999572753906,133.9499969482422,131.44076538085938,4667100
2018-11-07,CRM,Salesforce,136.85000610351562,142.30999755859375,136.42999267578125,141.7899932861328,139.13388061523438,5804000
2018-11-08,CRM,Salesforce,143.22000122070312,143.6300048828125,140.67999267578125,141.8699951171875,139.21238708496094,3986700
2018-11-09,CRM,Salesforce,141.05999755859375,141.05999755859375,135.0500030517578,136.9199981689453,134.35511779785156,5252500
2018-11-12,CRM,Salesforce,135.74000549316406,136.66000366210938,130.0800018310547,130.5,128.05540466308594,7571200
2018-11-13,CRM,Salesforce,131.47999572753906,133.77000427246094,128.9499969482422,132.16000366210938,129.68429565429688,6176300
2018-11-14,CRM,Salesforce,134.2100067138672,134.94000244140625,128.5800018310547,129.35000610351562,126.92695617675781,5729600
2018-11-15,CRM,Salesforce,129.1999969482422,132.9499969482422,126.30000305175781,132.49000549316406,130.00811767578125,6468700
2018-11-16,CRM,Salesforce,131.85000610351562,133.47000122070312,130.0800018310547,132.5500030517578,130.06698608398438,5126900
2018-11-19,CRM,Salesforce,131.60000610351562,132.25999450683594,120.41999816894531,121.01000213623047,118.74317169189453,14284700
2018-11-20,CRM,Salesforce,114.33000183105469,124.94000244140625,113.5999984741211,120.66999816894531,118.40953063964844,13829500
2018-11-21,CRM,Salesforce,124.19999694824219,125.75,121.61000061035156,123.58999633789062,121.27483367919922,7311300
2018-11-23,CRM,Salesforce,121.33000183105469,123.70999908447266,120.70999908447266,122.02999877929688,119.74406433105469,3009600
2018-11-26,CRM,Salesforce,124.4800033569336,126.94999694824219,123.66000366210938,126.41000366210938,124.04200744628906,9321200
2018-11-27,CRM,Salesforce,125.1500015258789,127.61000061035156,123.72000122070312,127.54000091552734,125.15084075927734,10558800
2018-11-28,CRM,Salesforce,138.47999572753906,140.88999938964844,131.97000122070312,140.63999938964844,138.00546264648438,25705400
2018-11-29,CRM,Salesforce,139.85000610351562,142.8800048828125,139.27000427246094,139.72000122070312,137.10267639160156,7763000
2018-11-30,CRM,Salesforce,138.88999938964844,143.22000122070312,138.27999877929688,142.75999450683594,140.08570861816406,9401400
2018-12-03,CRM,Salesforce,146.3000030517578,147.07000732421875,142.55999755859375,144.14999389648438,141.44967651367188,7358900
2018-12-04,CRM,Salesforce,142.72999572753906,145.1999969482422,138.8000030517578,139.24000549316406,136.63168334960938,6978400
2018-12-06,CRM,Salesforce,134.8000030517578,142.05999755859375,132.75,142.05999755859375,139.3988494873047,9186600
2018-12-07,CRM,Salesforce,141.89999389648438,142.3699951171875,134.74000549316406,135.9499969482422,133.40328979492188,6225300
2018-12-10,CRM,Salesforce,135.16000366210938,139.49000549316406,133.17999267578125,137.27000427246094,134.6985626220703,5897000
2018-12-11,CRM,Salesforce,140.58999633789062,140.6999969482422,135.58999633789062,136.7899932861328,134.22755432128906,4548700
2018-12-12,CRM,Salesforce,141.7899932861328,144.02999877929688,139.5500030517578,140.08999633789062,137.4657745361328,6794300
2018-12-13,CRM,Salesforce,141.5,143.6300048828125,139.5800018310547,141.13999938964844,138.49607849121094,5122800
2018-12-14,CRM,Salesforce,138.8800048828125,140.7100067138672,136.3800048828125,137.0399932861328,134.47286987304688,5354400
2018-12-17,CRM,Salesforce,134.30999755859375,135.5,129.97000122070312,130.8300018310547,128.37921142578125,8392400
2018-12-18,CRM,Salesforce,132.13999938964844,133.67999267578125,130.1300048828125,132.32000732421875,129.84132385253906,6668400
2018-12-19,CRM,Salesforce,131.97999572753906,136.5,129.5,131.16000366210938,128.70301818847656,7350700
2018-12-20,CRM,Salesforce,129.25,132.3300018310547,122.63999938964844,127.7300033569336,125.33728790283203,12265100
2018-12-21,CRM,Salesforce,128.57000732421875,129.38999938964844,122.45999908447266,122.91000366210938,120.60758972167969,12568600
2018-12-24,CRM,Salesforce,121.13999938964844,124.83999633789062,120.16000366210938,121.33000183105469,119.05716705322266,4721500
2018-12-26,CRM,Salesforce,122.5199966430664,130.89999389648438,122.12000274658203,130.83999633789062,128.38900756835938,8110900
2018-12-27,CRM,Salesforce,128.8000030517578,135.1999969482422,127.83999633789062,135.1999969482422,132.66734313964844,7967700
2018-12-28,CRM,Salesforce,136.0,136.8800048828125,132.61000061035156,134.67999267578125,132.1570587158203,7276200
2018-12-31,CRM,Salesforce,136.0,137.97000122070312,134.49000549316406,136.97000122070312,134.40420532226562,5467700
2019-01-02,CRM,Salesforce,133.39999389648438,136.8300018310547,133.0500030517578,135.5500030517578,133.01080322265625,4783900
2019-01-03,CRM,Salesforce,133.47999572753906,134.77999877929688,130.10000610351562,130.39999389648438,127.95726776123047,6365700
2019-01-04,CRM,Salesforce,133.5,139.32000732421875,132.22000122070312,137.9600067138672,135.3756561279297,6650600
2019-01-07,CRM,Salesforce,141.02000427246094,143.38999938964844,138.7899932861328,142.22000122070312,139.55584716796875,9064800
2019-01-08,CRM,Salesforce,144.72999572753906,146.4600067138672,142.88999938964844,145.72000122070312,142.99026489257812,9057300
2019-01-09,CRM,Salesforce,146.88999938964844,147.5,144.52999877929688,145.99000549316406,143.25521850585938,5445900
2019-01-10,CRM,Salesforce,143.77000427246094,147.2100067138672,143.75999450683594,147.0399932861328,144.28555297851562,5116900
2019-01-11,CRM,Salesforce,146.55999755859375,148.02999877929688,145.61000061035156,147.5500030517578,144.7860107421875,5185200
2019-01-14,CRM,Salesforce,145.75,146.72999572753906,144.6999969482422,146.0500030517578,143.31411743164062,5815500
2019-01-15,CRM,Salesforce,146.35000610351562,149.86000061035156,145.8000030517578,149.19000244140625,146.39529418945312,5350400
2019-01-16,CRM,Salesforce,149.14999389648438,149.7899932861328,147.8000030517578,148.5399932861328,145.75746154785156,3936800
2019-01-17,CRM,Salesforce,148.5399932861328,150.72000122070312,147.69000244140625,149.82000732421875,147.0135040283203,3743200
2019-01-18,CRM,Salesforce,151.8300018310547,153.27000427246094,150.24000549316406,152.50999450683594,149.65309143066406,6151200
2019-01-22,CRM,Salesforce,150.33999633789062,151.3800048828125,147.39999389648438,148.9499969482422,146.15977478027344,5203300
2019-01-23,CRM,Salesforce,149.72999572753906,150.8000030517578,147.64999389648438,149.75,146.94479370117188,3335400
2019-01-24,CRM,Salesforce,149.9499969482422,150.5,146.52000427246094,146.8699951171875,144.11874389648438,6734700
2019-01-25,CRM,Salesforce,148.52999877929688,149.88999938964844,147.5500030517578,149.74000549316406,146.9349822998047,4600800
2019-01-28,CRM,Salesforce,148.1699981689453,148.1999969482422,146.10000610351562,147.3300018310547,144.5701141357422,4054700
2019-01-29,CRM,Salesforce,147.07000732421875,148.0,144.63999938964844,145.17999267578125,142.46038818359375,3915100
2019-01-30,CRM,Salesforce,147.19000244140625,149.69000244140625,146.0800018310547,149.16000366210938,146.36585998535156,4653400
2019-01-31,CRM,Salesforce,149.02000427246094,153.3800048828125,148.7100067138672,151.97000122070312,149.1232147216797,8615900
2019-02-01,CRM,Salesforce,152.39999389648438,155.9499969482422,151.07000732421875,155.8699951171875,152.9501190185547,5959200
2019-02-04,CRM,Salesforce,156.02000427246094,158.89999389648438,155.41000366210938,157.72000122070312,154.7655029296875,5264700
2019-02-05,CRM,Salesforce,158.33999633789062,159.8800048828125,157.82000732421875,158.99000549316406,156.01171875,4575600
2019-02-06,CRM,Salesforce,159.0,159.10000610351562,155.0800018310547,158.1300048828125,155.16778564453125,4205100
2019-02-07,CRM,Salesforce,155.9600067138672,157.05999755859375,153.36000061035156,154.92999267578125,152.0277557373047,4545500
2019-02-08,CRM,Salesforce,152.91000366210938,156.6999969482422,152.7100067138672,156.6699981689453,153.73516845703125,3018700
2019-02-11,CRM,Salesforce,158.1999969482422,161.5,157.57000732421875,159.91000366210938,156.91445922851562,7125500
2019-02-12,CRM,Salesforce,161.25,163.38999938964844,160.02999877929688,162.7899932861328,159.74050903320312,5631700
2019-02-13,CRM,Salesforce,163.44000244140625,163.57000732421875,160.27000427246094,160.39999389648438,157.39527893066406,5296000
2019-02-14,CRM,Salesforce,159.47000122070312,160.44000244140625,156.7100067138672,159.47000122070312,156.48272705078125,5061100
2019-02-15,CRM,Salesforce,160.99000549316406,161.22000122070312,158.08999633789062,159.0500030517578,156.0706024169922,5282000
2019-02-19,CRM,Salesforce,159.66000366210938,161.47999572753906,159.13999938964844,160.61000061035156,157.6013641357422,3883200
2019-02-20,CRM,Salesforce,160.3300018310547,161.49000549316406,157.2100067138672,158.5399932861328,155.5701446533203,7047200
2019-02-21,CRM,Salesforce,157.6999969482422,160.47999572753906,157.3000030517578,159.6300048828125,156.6397247314453,4463000
2019-02-22,CRM,Salesforce,160.47000122070312,161.7100067138672,160.1999969482422,161.30999755859375,158.28822326660156,4175000
2019-02-25,CRM,Salesforce,162.50999450683594,163.05999755859375,160.92999267578125,161.36000061035156,158.33729553222656,5076700
2019-02-26,CRM,Salesforce,160.80999755859375,163.3800048828125,159.8699951171875,163.0,159.94659423828125,4496300
2019-02-27,CRM,Salesforce,162.2899932861328,163.52999877929688,160.5,163.1199951171875,160.06431579589844,4278300
2019-02-28,CRM,Salesforce,163.0,164.60000610351562,162.1699981689453,163.64999389648438,160.5843963623047,6908100
2019-03-01,CRM,Salesforce,165.14999389648438,166.14999389648438,161.75,164.52999877929688,161.44793701171875,6919900
2019-03-04,CRM,Salesforce,165.55999755859375,165.7899932861328,155.4199981689453,158.5,155.53091430664062,17886300
2019-03-05,CRM,Salesforce,159.9199981689453,160.8800048828125,154.8000030517578,156.97000122070312,154.02957153320312,16042900
2019-03-06,CRM,Salesforce,157.1300048828125,160.25,156.27999877929688,156.7899932861328,153.8529052734375,7436300
2019-03-07,CRM,Salesforce,156.08999633789062,157.58999633789062,154.80999755859375,155.60000610351562,152.68521118164062,6916500
2019-03-08,CRM,Salesforce,152.02000427246094,155.41000366210938,150.25,155.05999755859375,152.1553192138672,4800700
2019-03-11,CRM,Salesforce,155.89999389648438,157.77000427246094,153.42999267578125,157.64999389648438,154.69677734375,5699500
2019-03-12,CRM,Salesforce,158.0,159.3699951171875,157.16000366210938,158.27999877929688,155.3149871826172,4082100
2019-03-13,CRM,Salesforce,158.85000610351562,162.0,158.61000061035156,159.80999755859375,156.81634521484375,5230600
2019-03-14,CRM,Salesforce,160.9499969482422,161.58999633789062,159.74000549316406,160.6699981689453,157.66021728515625,3247200
2019-03-15,CRM,Salesforce,160.63999938964844,162.17999267578125,159.19000244140625,161.50999450683594,158.4844970703125,6743700
2019-03-18,CRM,Salesforce,161.39999389648438,163.3300018310547,160.8800048828125,161.9499969482422,158.916259765625,3575500
2019-03-19,CRM,Salesforce,162.52000427246094,164.6199951171875,161.60000610351562,163.92999267578125,160.85916137695312,4379000
2019-03-20,CRM,Salesforce,163.83999633789062,164.9499969482422,161.50999450683594,163.50999450683594,160.44703674316406,4391000
2019-03-21,CRM,Salesforce,163.1699981689453,166.99000549316406,162.75,166.9499969482422,163.8225555419922,4277800
2019-03-22,CRM,Salesforce,165.9600067138672,166.49000549316406,161.35000610351562,161.5,158.47467041015625,5614300
2019-03-25,CRM,Salesforce,160.22999572753906,161.60000610351562,159.22000122070312,160.8800048828125,157.86630249023438,3795400
2019-03-26,CRM,Salesforce,161.42999267578125,162.07000732421875,157.38999938964844,159.39999389648438,156.41403198242188,6910300
2019-03-27,CRM,Salesforce,159.0,159.3000030517578,152.3699951171875,155.1199951171875,152.2141876220703,8218700
2019-03-28,CRM,Salesforce,155.69000244140625,156.47999572753906,153.50999450683594,155.17999267578125,152.27305603027344,4424800
2019-03-29,CRM,Salesforce,156.8699951171875,158.5,155.42999267578125,158.3699951171875,155.4033203125,4913100
2019-04-01,CRM,Salesforce,160.10000610351562,161.67999267578125,158.50999450683594,161.17999267578125,158.16065979003906,4601100
2019-04-02,CRM,Salesforce,160.86000061035156,160.99000549316406,158.91000366210938,160.50999450683594,157.50320434570312,3158400
2019-04-03,CRM,Salesforce,161.77999877929688,163.13999938964844,160.64999389648438,162.6199951171875,159.57371520996094,3819100
2019-04-04,CRM,Salesforce,162.7100067138672,162.8000030517578,155.8300018310547,158.52000427246094,155.55050659179688,6295200
2019-04-05,CRM,Salesforce,159.6300048828125,160.24000549316406,158.02000427246094,158.55999755859375,155.5897979736328,4315300
2019-04-08,CRM,Salesforce,158.39999389648438,158.7899932861328,156.4499969482422,158.47000122070312,155.50144958496094,2848400
2019-04-09,CRM,Salesforce,157.0399932861328,158.35000610351562,156.64999389648438,156.97000122070312,154.02957153320312,5642900
2019-04-10,CRM,Salesforce,158.1999969482422,160.3800048828125,157.64999389648438,160.24000549316406,157.23826599121094,3414700
2019-04-11,CRM,Salesforce,160.16000366210938,160.8300018310547,159.02000427246094,160.72999572753906,157.71910095214844,2578400
2019-04-12,CRM,Salesforce,162.0,162.5,159.5,160.7100067138672,157.699462890625,2844200
2019-04-15,CRM,Salesforce,161.0,162.02999877929688,159.49000549316406,160.08999633789062,157.09109497070312,2608400
2019-04-16,CRM,Salesforce,160.0399932861328,160.25999450683594,157.75,158.69000244140625,155.7173309326172,3004800
2019-04-17,CRM,Salesforce,159.0500030517578,159.0500030517578,155.07000732421875,155.33999633789062,152.43006896972656,4765500
2019-04-18,CRM,Salesforce,154.89999389648438,156.2100067138672,153.1699981689453,155.99000549316406,153.06793212890625,4391500
2019-04-22,CRM,Salesforce,155.4499969482422,159.13999938964844,155.27999877929688,158.75999450683594,155.78599548339844,2943300
2019-04-23,CRM,Salesforce,159.75999450683594,161.39999389648438,158.41000366210938,161.22999572753906,158.209716796875,3418400
2019-04-24,CRM,Salesforce,161.8800048828125,162.49000549316406,159.39999389648438,159.55999755859375,156.57106018066406,3384900
2019-04-25,CRM,Salesforce,162.0,163.88999938964844,161.0,163.08999633789062,160.03489685058594,5498400
2019-04-26,CRM,Salesforce,162.4199981689453,166.05999755859375,161.27999877929688,165.9600067138672,162.85113525390625,3342900
2019-04-29,CRM,Salesforce,166.7100067138672,167.55999755859375,165.3300018310547,165.36000061035156,162.26239013671875,4509700
2019-04-30,CRM,Salesforce,165.19000244140625,166.44000244140625,163.6199951171875,165.35000610351562,162.2525634765625,3581800
2019-05-01,CRM,Salesforce,166.00999450683594,166.22000122070312,162.13999938964844,162.14999389648438,159.1125030517578,2707700
2019-05-02,CRM,Salesforce,161.69000244140625,162.6999969482422,159.6300048828125,161.8300018310547,158.79849243164062,3181100
2019-05-03,CRM,Salesforce,162.5800018310547,163.5,160.86000061035156,163.33999633789062,160.28021240234375,3131000
2019-05-06,CRM,Salesforce,158.6199951171875,162.83999633789062,157.86000061035156,162.5,159.45594787597656,2520600
2019-05-07,CRM,Salesforce,161.3300018310547,161.6699981689453,154.75,156.89999389648438,153.96084594726562,6541900
2019-05-08,CRM,Salesforce,157.11000061035156,157.92999267578125,155.0399932861328,156.86000061035156,153.92160034179688,4061300
2019-05-09,CRM,Salesforce,154.64999389648438,157.10000610351562,152.38999938964844,156.30999755859375,153.38192749023438,5809300
2019-05-10,CRM,Salesforce,156.27999877929688,160.61000061035156,154.3800048828125,159.94000244140625,156.94390869140625,4462200
2019-05-13,CRM,Salesforce,154.9199981689453,156.89999389648438,152.77999877929688,153.14999389648438,150.28109741210938,5694600
2019-05-14,CRM,Salesforce,155.0500030517578,158.58999633789062,152.9199981689453,158.07000732421875,155.1089630126953,4954000
2019-05-15,CRM,Salesforce,153.82000732421875,156.3800048828125,151.6999969482422,155.05999755859375,152.1553192138672,7783800
2019-05-16,CRM,Salesforce,156.75999450683594,159.4499969482422,155.89999389648438,158.47999572753906,155.51126098632812,5048100
2019-05-17,CRM,Salesforce,156.17999267578125,157.16000366210938,153.1699981689453,154.57000732421875,151.6744842529297,5314000
2019-05-20,CRM,Salesforce,152.47000122070312,156.08999633789062,151.6999969482422,155.97999572753906,153.05810546875,5437600
2019-05-21,CRM,Salesforce,157.36000061035156,157.83999633789062,155.17999267578125,155.77999877929688,152.86183166503906,3803100
2019-05-22,CRM,Salesforce,155.8699951171875,158.19000244140625,155.83999633789062,157.63999938964844,154.68699645996094,3170100
2019-05-23,CRM,Salesforce,156.02999877929688,156.33999633789062,152.14999389648438,153.7100067138672,150.83059692382812,4508200
2019-05-24,CRM,Salesforce,154.88999938964844,156.92999267578125,154.16000366210938,154.50999450683594,151.61563110351562,3151700
2019-05-28,CRM,Salesforce,155.35000610351562,157.80999755859375,154.38999938964844,155.19000244140625,152.2828826904297,4934100
2019-05-29,CRM,Salesforce,153.75999450683594,154.05999755859375,151.1999969482422,152.88999938964844,150.02593994140625,4359500
2019-05-30,CRM,Salesforce,154.32000732421875,155.8699951171875,153.89999389648438,155.66000366210938,152.7440948486328,4418100
2019-05-31,CRM,Salesforce,152.66000366210938,154.47999572753906,151.25999450683594,151.41000366210938,148.57371520996094,5326900
2019-06-03,CRM,Salesforce,150.6999969482422,150.6999969482422,143.38999938964844,145.10000610351562,142.3818817138672,8835200
2019-06-04,CRM,Salesforce,146.0500030517578,150.9199981689453,142.50999450683594,150.80999755859375,147.9849395751953,12375100
2019-06-05,CRM,Salesforce,157.14999389648438,158.5,154.5500030517578,158.44000244140625,155.47201538085938,12072400
2019-06-06,CRM,Salesforce,158.5,160.0,157.3300018310547,159.30999755859375,156.3257293701172,5601200
2019-06-07,CRM,Salesforce,159.83999633789062,162.99000549316406,159.5,161.27000427246094,158.24899291992188,7175300
2019-06-10,CRM,Salesforce,153.47999572753906,157.4499969482422,150.8300018310547,152.7899932861328,149.92784118652344,29856300
2019-06-11,CRM,Salesforce,155.30999755859375,155.7100067138672,148.7899932861328,150.14999389648438,147.33729553222656,15214300
2019-06-12,CRM,Salesforce,151.11000061035156,152.32000732421875,150.14999389648438,151.27999877929688,148.4461212158203,7161300
2019-06-13,CRM,Salesforce,152.16000366210938,152.24000549316406,150.25,151.33999633789062,148.5050048828125,5173800
2019-06-14,CRM,Salesforce,151.0399932861328,151.97999572753906,149.47999572753906,150.00999450683594,147.1999053955078,6248200
2019-06-17,CRM,Salesforce,150.1999969482422,151.27999877929688,149.8699951171875,150.2899932861328,147.4746856689453,4491800
2019-06-18,CRM,Salesforce,151.8800048828125,152.9499969482422,150.5,150.58999633789062,147.76904296875,7317800
2019-06-19,CRM,Salesforce,151.69000244140625,154.47000122070312,150.50999450683594,154.13999938964844,151.25254821777344,8095300
2019-06-20,CRM,Salesforce,156.2899932861328,158.2899932861328,155.4199981689453,157.1999969482422,154.25521850585938,10153600
2019-06-21,CRM,Salesforce,156.6699981689453,157.7899932861328,155.94000244140625,156.83999633789062,153.90196228027344,9706900
2019-06-24,CRM,Salesforce,157.38999938964844,157.72999572753906,152.50999450683594,152.55999755859375,149.7021484375,6378200
2019-06-25,CRM,Salesforce,152.8300018310547,152.97000122070312,148.58999633789062,149.33999633789062,146.54248046875,7362500
2019-06-26,CRM,Salesforce,151.27999877929688,151.3800048828125,148.9199981689453,149.0399932861328,146.24807739257812,5844900
2019-06-27,CRM,Salesforce,149.88999938964844,150.75999450683594,148.47000122070312,150.69000244140625,147.86717224121094,6832800
2019-06-28,CRM,Salesforce,150.4199981689453,151.77000427246094,149.60000610351562,151.72999572753906,148.88771057128906,6936600
2019-07-01,CRM,Salesforce,154.57000732421875,154.74000549316406,151.85000610351562,154.05999755859375,151.17404174804688,6476400
2019-07-02,CRM,Salesforce,154.2899932861328,154.36000061035156,152.5800018310547,154.1199951171875,151.23294067382812,4736300
2019-07-03,CRM,Salesforce,154.5399932861328,155.75,154.16000366210938,155.58999633789062,152.67538452148438,3885400
2019-07-05,CRM,Salesforce,153.9499969482422,154.80999755859375,152.57000732421875,154.5800018310547,151.68431091308594,3940900
2019-07-08,CRM,Salesforce,153.52000427246094,153.69000244140625,152.0399932861328,152.80999755859375,149.9474639892578,4717400
2019-07-09,CRM,Salesforce,152.0800018310547,154.19000244140625,151.67999267578125,153.9499969482422,151.06610107421875,4979100
2019-07-10,CRM,Salesforce,154.57000732421875,156.39999389648438,154.57000732421875,156.27000427246094,153.34266662597656,4966300
2019-07-11,CRM,Salesforce,156.82000732421875,159.3000030517578,156.6199951171875,158.89999389648438,155.9233856201172,7083200
2019-07-12,CRM,Salesforce,159.39999389648438,159.6199951171875,157.39999389648438,158.0800018310547,155.11878967285156,4348000
2019-07-15,CRM,Salesforce,158.75999450683594,159.83999633789062,157.47999572753906,159.64999389648438,156.6593475341797,3603700
2019-07-16,CRM,Salesforce,159.9600067138672,161.61000061035156,156.8000030517578,157.1300048828125,154.18655395507812,6913100
2019-07-17,CRM,Salesforce,157.67999267578125,159.9199981689453,157.66000366210938,158.24000549316406,155.27577209472656,4160500
2019-07-18,CRM,Salesforce,157.0,158.5800018310547,156.2100067138672,157.97999572753906,155.02061462402344,3724000
2019-07-19,CRM,Salesforce,159.72999572753906,160.74000549316406,156.2899932861328,156.75,153.81365966796875,5218800
2019-07-22,CRM,Salesforce,157.64999389648438,159.0500030517578,157.14999389648438,157.6999969482422,154.74588012695312,2909500
2019-07-23,CRM,Salesforce,157.97999572753906,158.4499969482422,155.27999877929688,156.25,153.3230438232422,4865800
2019-07-24,CRM,Salesforce,155.97999572753906,160.25,155.6999969482422,159.75,156.75746154785156,4110500
2019-07-25,CRM,Salesforce,160.1199951171875,161.1300048828125,158.6699981689453,159.35000610351562,156.36497497558594,6934500
2019-07-26,CRM,Salesforce,159.55999755859375,160.82000732421875,158.72999572753906,159.97000122070312,156.9733428955078,4979100
2019-07-29,CRM,Salesforce,160.39999389648438,161.1999969482422,155.52000427246094,156.2100067138672,153.2837677001953,8880500
2019-07-30,CRM,Salesforce,155.33999633789062,158.22000122070312,154.6199951171875,156.9600067138672,154.0197296142578,4241600
2019-07-31,CRM,Salesforce,157.38999938964844,157.88999938964844,152.3000030517578,154.5,151.60581970214844,7454200
2019-08-01,CRM,Salesforce,154.72999572753906,157.77999877929688,150.41000366210938,150.80999755859375,147.9849395751953,26124700
2019-08-02,CRM,Salesforce,149.8000030517578,149.89999389648438,145.30999755859375,145.6999969482422,142.97064208984375,13138900
2019-08-05,CRM,Salesforce,141.33999633789062,143.75,139.8000030517578,142.82000732421875,140.1445770263672,13070100
2019-08-06,CRM,Salesforce,143.7899932861328,144.9600067138672,141.9600067138672,142.8000030517578,140.12501525878906,6694000
2019-08-07,CRM,Salesforce,140.92999267578125,143.10000610351562,139.05999755859375,141.63999938964844,138.98672485351562,7635500
2019-08-08,CRM,Salesforce,143.52000427246094,144.9600067138672,142.32000732421875,143.82000732421875,141.1259002685547,8670300
2019-08-09,CRM,Salesforce,143.61000061035156,144.47000122070312,141.69000244140625,143.3699951171875,140.68429565429688,5286700
2019-08-12,CRM,Salesforce,141.5500030517578,141.97000122070312,140.0500030517578,140.72000122070312,138.08396911621094,4389500
2019-08-13,CRM,Salesforce,140.92999267578125,145.0,140.42999267578125,143.8800048828125,141.18475341796875,5205800
2019-08-14,CRM,Salesforce,141.2899932861328,142.36000061035156,137.8699951171875,139.72000122070312,137.10267639160156,8607800
2019-08-15,CRM,Salesforce,141.10000610351562,143.3000030517578,139.75,142.1300048828125,139.46755981445312,6647700
2019-08-16,CRM,Salesforce,143.05999755859375,145.33999633789062,142.52000427246094,143.88999938964844,141.194580078125,5341100
2019-08-19,CRM,Salesforce,145.60000610351562,146.13999938964844,142.8800048828125,143.6699981689453,140.9786834716797,4632100
2019-08-20,CRM,Salesforce,144.16000366210938,146.5,143.05999755859375,145.5399932861328,142.81365966796875,6259200
2019-08-21,CRM,Salesforce,146.89999389648438,148.38999938964844,146.16000366210938,147.3800048828125,144.61920166015625,6142400
2019-08-22,CRM,Salesforce,149.49000549316406,149.89999389648438,145.47000122070312,148.24000549316406,145.46310424804688,11744500
2019-08-23,CRM,Salesforce,157.6999969482422,158.4199981689453,150.64999389648438,151.57000732421875,148.73068237304688,26531900
2019-08-26,CRM,Salesforce,153.50999450683594,155.2100067138672,151.52000427246094,155.13999938964844,152.2338104248047,8975400
2019-08-27,CRM,Salesforce,154.25999450683594,155.89999389648438,152.52999877929688,153.57000732421875,150.69322204589844,6516500
2019-08-28,CRM,Salesforce,152.5,152.77999877929688,150.8699951171875,151.8300018310547,148.98583984375,5326800
2019-08-29,CRM,Salesforce,153.39999389648438,156.0,152.66000366210938,155.92999267578125,153.00900268554688,5979900
2019-08-30,CRM,Salesforce,156.4199981689453,158.22000122070312,153.6999969482422,156.07000732421875,153.1464080810547,7591000
2019-09-03,CRM,Salesforce,154.2100067138672,155.32000732421875,151.75999450683594,152.72999572753906,149.86895751953125,4953800
2019-09-04,CRM,Salesforce,154.08999633789062,154.9199981689453,152.32000732421875,152.4600067138672,149.6040496826172,3604500
2019-09-05,CRM,Salesforce,154.63999938964844,154.74000549316406,151.9499969482422,153.77000427246094,150.8894805908203,5065400
2019-09-06,CRM,Salesforce,153.97000122070312,154.0500030517578,150.77000427246094,151.07000732421875,148.2400665283203,4722300
2019-09-09,CRM,Salesforce,151.66000366210938,152.14999389648438,148.08999633789062,149.5399932861328,146.73870849609375,6265500
2019-09-10,CRM,Salesforce,148.77000427246094,151.66000366210938,147.74000549316406,149.64999389648438,146.84664916992188,6249700
2019-09-11,CRM,Salesforce,150.08999633789062,154.64999389648438,149.0399932861328,154.08999633789062,151.2034912109375,6242400
2019-09-12,CRM,Salesforce,155.0399932861328,156.8000030517578,154.41000366210938,154.75,151.85113525390625,4993500
2019-09-13,CRM,Salesforce,154.32000732421875,154.91000366210938,152.74000549316406,152.97999572753906,150.11428833007812,3763500
2019-09-16,CRM,Salesforce,151.64999389648438,154.10000610351562,151.36000061035156,153.00999450683594,150.14370727539062,2592300
2019-09-17,CRM,Salesforce,153.0,153.4499969482422,151.72999572753906,152.82000732421875,149.957275390625,3028500
2019-09-18,CRM,Salesforce,152.35000610351562,152.91000366210938,150.57000732421875,152.77000427246094,149.908203125,2951200
2019-09-19,CRM,Salesforce,153.52000427246094,154.25,152.77000427246094,153.60000610351562,150.72265625,2947000
2019-09-20,CRM,Salesforce,154.69000244140625,156.8800048828125,153.6199951171875,155.1999969482422,152.2926788330078,11733000
2019-09-23,CRM,Salesforce,154.14999389648438,155.1999969482422,152.9600067138672,154.64999389648438,151.75299072265625,3642200
2019-09-24,CRM,Salesforce,154.27999877929688,156.27000427246094,151.08999633789062,152.0500030517578,149.20169067382812,4120800
2019-09-25,CRM,Salesforce,152.0500030517578,153.2100067138672,148.89999389648438,152.99000549316406,150.12411499023438,3445000
2019-09-26,CRM,Salesforce,152.4199981689453,153.39999389648438,151.83999633789062,152.33999633789062,149.4862518310547,3837300
2019-09-27,CRM,Salesforce,153.1199951171875,153.14999389648438,146.75,148.25999450683594,145.4827117919922,5858200
2019-09-30,CRM,Salesforce,147.9499969482422,148.97000122070312,147.41000366210938,148.44000244140625,145.65931701660156,3671200
2019-10-01,CRM,Salesforce,149.49000549316406,150.16000366210938,147.25,147.69000244140625,144.92340087890625,3172900
2019-10-02,CRM,Salesforce,146.05999755859375,146.5,143.1999969482422,144.22000122070312,141.51837158203125,4432400
2019-10-03,CRM,Salesforce,144.0,147.05999755859375,142.0800018310547,147.0,144.2462921142578,3660900
2019-10-04,CRM,Salesforce,148.27999877929688,148.9199981689453,146.2100067138672,148.02999877929688,145.2570037841797,3259000
2019-10-07,CRM,Salesforce,147.27999877929688,149.3300018310547,147.0,148.8000030517578,146.01260375976562,2704700
2019-10-08,CRM,Salesforce,147.5399932861328,148.33999633789062,145.80999755859375,145.91000366210938,143.17672729492188,2613200
2019-10-09,CRM,Salesforce,147.27000427246094,147.85000610351562,146.61000061035156,147.0500030517578,144.2953643798828,2273000
2019-10-10,CRM,Salesforce,146.83999633789062,147.55999755859375,145.50999450683594,146.41000366210938,143.66734313964844,2687400
2019-10-11,CRM,Salesforce,148.13999938964844,150.7100067138672,148.08999633789062,149.3699951171875,146.5718994140625,4663900
2019-10-14,CRM,Salesforce,149.39999389648438,150.27999877929688,148.8000030517578,149.3699951171875,146.5718994140625,1556900
2019-10-15,CRM,Salesforce,149.66000366210938,152.97000122070312,149.6199951171875,152.74000549316406,149.8787841796875,3942600
2019-10-16,CRM,Salesforce,147.25999450683594,150.85000610351562,145.82000732421875,146.97000122070312,144.2168731689453,8988600
2019-10-17,CRM,Salesforce,147.5800018310547,148.0399932861328,145.50999450683594,146.1699981689453,143.43186950683594,5024400
2019-10-18,CRM,Salesforce,146.3000030517578,146.44000244140625,142.39999389648438,144.08999633789062,141.3908233642578,6080000
2019-10-21,CRM,Salesforce,144.10000610351562,145.19000244140625,143.0,144.5500030517578,141.84219360351562,3358000
2019-10-22,CRM,Salesforce,145.0500030517578,145.9600067138672,142.13999938964844,142.3300018310547,139.66380310058594,4460500
2019-10-23,CRM,Salesforce,142.11000061035156,145.57000732421875,141.49000549316406,145.1300048828125,142.4113311767578,4761400
2019-10-24,CRM,Salesforce,146.58999633789062,148.7899932861328,146.39999389648438,148.1199951171875,145.3453369140625,5280100
2019-10-25,CRM,Salesforce,147.0500030517578,150.66000366210938,146.3000030517578,150.49000549316406,147.67091369628906,4991400
2019-10-28,CRM,Salesforce,151.1999969482422,154.9199981689453,149.42999267578125,154.7899932861328,151.890380859375,7576700
2019-10-29,CRM,Salesforce,154.77999877929688,156.1300048828125,154.4199981689453,155.08999633789062,152.18475341796875,5477300
2019-10-30,CRM,Salesforce,155.74000549316406,158.4199981689453,155.00999450683594,158.27999877929688,155.3149871826172,4724500
2019-10-31,CRM,Salesforce,156.55999755859375,158.27999877929688,155.2100067138672,156.49000549316406,153.5585479736328,4578300
2019-11-01,CRM,Salesforce,157.91000366210938,160.08999633789062,156.75,159.74000549316406,156.74766540527344,4771100
2019-11-04,CRM,Salesforce,160.94000244140625,161.25,156.69000244140625,157.60000610351562,154.64773559570312,5748100
2019-11-05,CRM,Salesforce,157.58999633789062,159.1199951171875,155.47000122070312,158.14999389648438,155.18743896484375,4015000
2019-11-06,CRM,Salesforce,158.94000244140625,160.0,157.75,158.92999267578125,155.9528350830078,4207400
2019-11-07,CRM,Salesforce,158.92999267578125,161.1300048828125,158.0800018310547,159.5,156.51217651367188,3802300
2019-11-08,CRM,Salesforce,159.25,161.2100067138672,158.91000366210938,161.11000061035156,158.09197998046875,3265300
2019-11-11,CRM,Salesforce,161.22000122070312,162.22999572753906,160.25,161.77999877929688,158.7494354248047,3541200
2019-11-12,CRM,Salesforce,162.0,164.3699951171875,161.58999633789062,162.86000061035156,159.8092041015625,3710600
2019-11-13,CRM,Salesforce,163.0500030517578,164.4199981689453,162.02000427246094,162.60000610351562,159.55409240722656,5389700
2019-11-14,CRM,Salesforce,163.02999877929688,163.5800018310547,162.38999938964844,163.0500030517578,159.9956512451172,3820700
2019-11-15,CRM,Salesforce,163.72000122070312,163.92999267578125,160.99000549316406,163.2100067138672,160.1526641845703,3693000
2019-11-18,CRM,Salesforce,164.0,164.0,161.88999938964844,162.77000427246094,159.7209014892578,5556700
2019-11-19,CRM,Salesforce,163.63999938964844,164.4499969482422,161.83999633789062,163.9600067138672,160.88861083984375,4952900
2019-11-20,CRM,Salesforce,163.44000244140625,166.33999633789062,162.25,164.1999969482422,161.1240997314453,8450300
2019-11-21,CRM,Salesforce,165.32000732421875,165.91000366210938,162.2100067138672,162.8800048828125,159.8288116455078,5724200
2019-11-22,CRM,Salesforce,162.97999572753906,163.49000549316406,161.3800048828125,162.80999755859375,159.76014709472656,3761900
2019-11-25,CRM,Salesforce,163.77999877929688,164.64999389648438,161.4499969482422,161.7100067138672,158.6807403564453,5509300
2019-11-26,CRM,Salesforce,161.55999755859375,162.61000061035156,161.30999755859375,162.5399932861328,159.49522399902344,5881400
2019-11-27,CRM,Salesforce,161.9199981689453,162.8300018310547,161.11000061035156,161.50999450683594,158.4844970703125,4012800
2019-11-29,CRM,Salesforce,161.61000061035156,163.41000366210938,161.32000732421875,162.88999938964844,159.83863830566406,2432500
2019-12-02,CRM,Salesforce,163.10000610351562,163.2100067138672,158.10000610351562,161.0,157.9840545654297,5117400
2019-12-03,CRM,Salesforce,156.9600067138672,161.85000610351562,156.19000244140625,161.57000732421875,158.54339599609375,6216400
2019-12-04,CRM,Salesforce,160.3800048828125,160.69000244140625,154.5,156.42999267578125,153.4996795654297,17803300
2019-12-05,CRM,Salesforce,155.74000549316406,158.9199981689453,155.25,158.22000122070312,155.25611877441406,7126600
2019-12-06,CRM,Salesforce,158.10000610351562,159.5,157.58999633789062,158.00999450683594,155.05006408691406,4751200
2019-12-09,CRM,Salesforce,157.3800048828125,158.89999389648438,157.05999755859375,157.47999572753906,154.53001403808594,3709000
2019-12-10,CRM,Salesforce,157.00999450683594,157.6699981689453,156.1699981689453,156.39999389648438,153.47021484375,4074700
2019-12-11,CRM,Salesforce,156.83999633789062,156.8800048828125,155.47999572753906,156.38999938964844,153.4604034423828,4867500
2019-12-12,CRM,Salesforce,155.77000427246094,158.99000549316406,155.30999755859375,158.58999633789062,155.61920166015625,5353900
2019-12-13,CRM,Salesforce,158.86000061035156,161.49000549316406,158.5500030517578,161.1300048828125,158.1116180419922,5742300
2019-12-16,CRM,Salesforce,160.85000610351562,162.74000549316406,160.82000732421875,161.9600067138672,158.9260711669922,5370000
2019-12-17,CRM,Salesforce,162.0,162.3699951171875,159.74000549316406,161.6300048828125,158.60226440429688,4789600
2019-12-18,CRM,Salesforce,161.8000030517578,163.27999877929688,161.47999572753906,161.47999572753906,158.45504760742188,4144800
2019-12-19,CRM,Salesforce,161.58999633789062,163.33999633789062,160.8300018310547,163.3300018310547,160.27040100097656,4185400
2019-12-20,CRM,Salesforce,164.72999572753906,165.1699981689453,163.6300048828125,164.5500030517578,161.46755981445312,8586700
2019-12-23,CRM,Salesforce,164.0399932861328,164.8699951171875,163.35000610351562,163.74000549316406,160.67269897460938,4368600
2019-12-24,CRM,Salesforce,163.30999755859375,163.83999633789062,162.8800048828125,163.25,160.19189453125,1238000
2019-12-26,CRM,Salesforce,163.39999389648438,164.52999877929688,163.27000427246094,164.50999450683594,161.4282989501953,2155500
2019-12-27,CRM,Salesforce,164.86000061035156,165.4600067138672,163.89999389648438,164.97999572753906,161.88949584960938,3409900
2019-12-30,CRM,Salesforce,164.86000061035156,164.94000244140625,161.1999969482422,162.44000244140625,159.39706420898438,3197100
2019-12-31,CRM,Salesforce,162.0399932861328,163.25999450683594,161.8000030517578,162.63999938964844,159.59332275390625,3273500
2020-01-02,CRM,Salesforce,163.9199981689453,167.07000732421875,163.5800018310547,166.99000549316406,163.86183166503906,5189300
2020-01-03,CRM,Salesforce,165.05999755859375,166.77000427246094,165.0,166.1699981689453,163.0572052001953,3205400
2020-01-06,CRM,Salesforce,165.0,173.6699981689453,164.4499969482422,173.4499969482422,170.2008056640625,8836200
2020-01-07,CRM,Salesforce,173.22999572753906,176.8699951171875,172.08999633789062,176.0,172.70306396484375,8272700
2020-01-08,CRM,Salesforce,175.22999572753906,178.85000610351562,174.75,177.3300018310547,174.00814819335938,7225100
2020-01-09,CRM,Salesforce,178.83999633789062,179.89999389648438,177.2899932861328,179.60000610351562,176.23561096191406,5952900
2020-01-10,CRM,Salesforce,179.83999633789062,180.67999267578125,178.69000244140625,180.1999969482422,176.82440185546875,5111800
2020-01-13,CRM,Salesforce,181.25999450683594,184.4499969482422,181.1300048828125,183.85000610351562,180.40602111816406,6202600
2020-01-14,CRM,Salesforce,183.5,183.85000610351562,182.0399932861328,182.1199951171875,178.7084197998047,4342300
2020-01-15,CRM,Salesforce,181.67999267578125,183.08999633789062,180.6199951171875,181.05999755859375,177.6682586669922,3886600
2020-01-16,CRM,Salesforce,182.22999572753906,183.11000061035156,180.9600067138672,182.69000244140625,179.2677459716797,3485300
2020-01-17,CRM,Salesforce,183.22999572753906,183.33999633789062,181.36000061035156,182.22999572753906,178.81634521484375,4577000
2020-01-21,CRM,Salesforce,181.50999450683594,186.0,181.5,185.27000427246094,181.79942321777344,6302400
2020-01-22,CRM,Salesforce,185.38999938964844,186.44000244140625,182.69000244140625,182.75,179.32662963867188,4781800
2020-01-23,CRM,Salesforce,183.2100067138672,184.3000030517578,181.3000030517578,183.97999572753906,180.53355407714844,4369000
2020-01-24,CRM,Salesforce,185.0,186.1300048828125,181.1300048828125,182.11000061035156,178.6986083984375,4653600
2020-01-27,CRM,Salesforce,178.77000427246094,181.72999572753906,177.3000030517578,180.7100067138672,177.32484436035156,4239400
2020-01-28,CRM,Salesforce,181.13999938964844,183.86000061035156,180.35000610351562,182.85000610351562,179.42474365234375,3445300
2020-01-29,CRM,Salesforce,184.0,184.10000610351562,181.6199951171875,181.77000427246094,178.364990234375,2785500
2020-01-30,CRM,Salesforce,180.89999389648438,185.94000244140625,180.5399932861328,185.6699981689453,182.19192504882812,3715700
2020-01-31,CRM,Salesforce,184.86000061035156,186.02999877929688,180.7899932861328,182.30999755859375,178.8948516845703,4193300
2020-02-03,CRM,Salesforce,183.25999450683594,185.8699951171875,181.85000610351562,185.4199981689453,181.9466094970703,4755200
2020-02-04,CRM,Salesforce,188.0,189.69000244140625,186.64999389648438,188.33999633789062,184.8118896484375,3983200
2020-02-05,CRM,Salesforce,190.39999389648438,190.5500030517578,182.86000061035156,185.49000549316406,182.0153045654297,6162700
2020-02-06,CRM,Salesforce,186.8300018310547,187.55999755859375,184.24000549316406,186.72999572753906,183.23207092285156,4102700
2020-02-07,CRM,Salesforce,186.85000610351562,188.64999389648438,185.64999389648438,185.72000122070312,182.24099731445312,3713100
2020-02-10,CRM,Salesforce,186.1699981689453,189.27000427246094,185.55999755859375,189.1199951171875,185.5772705078125,3873500
2020-02-11,CRM,Salesforce,191.47999572753906,192.60000610351562,188.64999389648438,189.11000061035156,185.56748962402344,4299200
2020-02-12,CRM,Salesforce,189.7100067138672,190.52000427246094,186.77000427246094,189.4600067138672,185.91090393066406,4535400
2020-02-13,CRM,Salesforce,188.5,191.0500030517578,188.4199981689453,188.63999938964844,185.10626220703125,3132100
2020-02-14,CRM,Salesforce,189.35000610351562,190.25,188.10000610351562,189.9499969482422,186.39175415039062,3599400
2020-02-18,CRM,Salesforce,190.9499969482422,191.5,188.9199981689453,191.08999633789062,187.51039123535156,4957000
2020-02-19,CRM,Salesforce,192.0,193.9199981689453,191.8000030517578,192.8699951171875,189.2570343017578,3903200
2020-02-20,CRM,Salesforce,194.0,195.72000122070312,189.77000427246094,193.36000061035156,189.73785400390625,5451200
2020-02-21,CRM,Salesforce,191.83999633789062,192.0399932861328,186.72000122070312,189.5,185.95016479492188,5242100
2020-02-24,CRM,Salesforce,178.7899932861328,187.14999389648438,178.7899932861328,185.94000244140625,182.4568634033203,8463300
2020-02-25,CRM,Salesforce,188.47000122070312,189.97999572753906,179.42999267578125,181.27000427246094,177.8743133544922,11361100
2020-02-26,CRM,Salesforce,176.5399932861328,182.6699981689453,174.25,178.8699951171875,175.51931762695312,13923100
2020-02-27,CRM,Salesforce,172.2100067138672,178.3300018310547,170.0500030517578,172.14999389648438,168.92518615722656,9927300
2020-02-28,CRM,Salesforce,164.99000549316406,171.77000427246094,163.1199951171875,170.39999389648438,167.2079620361328,12640800
2020-03-02,CRM,Salesforce,172.1999969482422,176.7899932861328,168.58999633789062,176.75999450683594,173.44882202148438,7761000
2020-03-03,CRM,Salesforce,178.41000366210938,178.4199981689453,167.08999633789062,169.3699951171875,166.197265625,8323500
2020-03-04,CRM,Salesforce,172.25,175.80999755859375,169.6300048828125,175.69000244140625,172.39889526367188,5846300
2020-03-05,CRM,Salesforce,172.57000732421875,173.75,168.10000610351562,169.60000610351562,166.42295837402344,5797500
2020-03-06,CRM,Salesforce,165.6699981689453,167.57000732421875,158.5399932861328,164.0800018310547,161.00634765625,9757700
2020-03-09,CRM,Salesforce,151.6999969482422,157.7100067138672,150.63999938964844,151.2100067138672,148.37744140625,9657100
2020-03-10,CRM,Salesforce,157.22999572753906,161.47000122070312,151.0,161.33999633789062,158.31765747070312,11443900
2020-03-11,CRM,Salesforce,157.67999267578125,159.6199951171875,150.14999389648438,154.57000732421875,151.6744842529297,10341300
2020-03-12,CRM,Salesforce,144.33999633789062,151.22999572753906,140.10000610351562,140.58999633789062,137.95639038085938,13213000
2020-03-13,CRM,Salesforce,149.47000122070312,149.5,135.32000732421875,147.77999877929688,145.01170349121094,13765400
2020-03-16,CRM,Salesforce,134.00999450683594,141.5500030517578,123.38999938964844,124.30000305175781,121.97154998779297,13845300
2020-03-17,CRM,Salesforce,127.0,138.00999450683594,122.91999816894531,135.4199981689453,132.8832244873047,12191500
2020-03-18,CRM,Salesforce,125.54000091552734,133.4199981689453,115.29000091552734,132.24000549316406,129.7628173828125,12988200
2020-03-19,CRM,Salesforce,131.58999633789062,144.0,128.86000061035156,139.4600067138672,136.84754943847656,10444000
2020-03-20,CRM,Salesforce,140.4199981689453,146.1999969482422,134.60000610351562,139.35000610351562,136.73963928222656,12450100
2020-03-23,CRM,Salesforce,138.75999450683594,143.72000122070312,134.08999633789062,140.52000427246094,137.8876953125,11898300
2020-03-24,CRM,Salesforce,144.6300048828125,154.13999938964844,143.17999267578125,153.63999938964844,150.7619171142578,11834400
2020-03-25,CRM,Salesforce,152.6699981689453,158.02000427246094,146.9600067138672,147.05999755859375,144.30516052246094,10639300
2020-03-26,CRM,Salesforce,148.3000030517578,155.0800018310547,147.72999572753906,154.72999572753906,151.8314971923828,8573100
2020-03-27,CRM,Salesforce,150.6300048828125,151.4499969482422,144.91000366210938,146.0,143.26502990722656,8273500
2020-03-30,CRM,Salesforce,147.72000122070312,153.0,146.55999755859375,149.85000610351562,147.04293823242188,7650400
2020-03-31,CRM,Salesforce,149.02999877929688,151.9499969482422,142.77999877929688,143.97999572753906,141.2828826904297,10429700
2020-04-01,CRM,Salesforce,138.32000732421875,139.05999755859375,133.10000610351562,134.05999755859375,131.5487060546875,8737600
2020-04-02,CRM,Salesforce,134.00999450683594,135.38999938964844,130.0399932861328,134.32000732421875,131.8038330078125,8150500
2020-04-03,CRM,Salesforce,134.4499969482422,136.19000244140625,131.66000366210938,134.30999755859375,131.7940216064453,6004400
2020-04-06,CRM,Salesforce,139.0,149.85000610351562,138.3000030517578,147.5500030517578,144.7860107421875,12296800
2020-04-07,CRM,Salesforce,150.3300018310547,150.8000030517578,144.50999450683594,145.07000732421875,142.35244750976562,7859500
2020-04-08,CRM,Salesforce,146.3000030517578,152.16000366210938,145.0,151.1199951171875,148.2891082763672,7665500
2020-04-09,CRM,Salesforce,152.38999938964844,156.10000610351562,151.67999267578125,154.5500030517578,151.6548614501953,7094600
2020-04-13,CRM,Salesforce,154.1199951171875,155.30999755859375,150.0,152.5,149.6432647705078,5138600
2020-04-14,CRM,Salesforce,155.7100067138672,158.7899932861328,155.14999389648438,157.7100067138672,154.7556915283203,7334300
2020-04-15,CRM,Salesforce,155.0800018310547,157.27000427246094,154.0,155.6300048828125,152.7146453857422,4042600
2020-04-16,CRM,Salesforce,157.0,158.0,154.25,157.05999755859375,154.1178741455078,4391500
2020-04-17,CRM,Salesforce,160.0,163.25999450683594,157.6300048828125,162.6199951171875,159.57371520996094,7312900
2020-04-20,CRM,Salesforce,160.75,164.30999755859375,160.52000427246094,162.75999450683594,159.7110595703125,4686000
2020-04-21,CRM,Salesforce,160.0,160.08999633789062,148.0,150.55999755859375,147.73959350585938,13737900
2020-04-22,CRM,Salesforce,154.0,155.6999969482422,150.6699981689453,154.13999938964844,151.25254821777344,6660900
2020-04-23,CRM,Salesforce,153.5,156.47000122070312,151.5,151.72000122070312,148.87786865234375,6281400
2020-04-24,CRM,Salesforce,153.58999633789062,154.5,151.3000030517578,153.97999572753906,151.0955352783203,6710500
2020-04-27,CRM,Salesforce,155.5399932861328,158.44000244140625,154.1999969482422,157.6300048828125,154.67718505859375,5036400
2020-04-28,CRM,Salesforce,159.5,160.80999755859375,154.17999267578125,154.4600067138672,151.56655883789062,4731800
2020-04-29,CRM,Salesforce,157.8800048828125,161.88999938964844,156.52000427246094,160.42999267578125,157.4247283935547,5256700
2020-04-30,CRM,Salesforce,161.6300048828125,165.3000030517578,160.00999450683594,161.9499969482422,158.916259765625,6830700
2020-05-01,CRM,Salesforce,158.49000549316406,160.1699981689453,155.25999450683594,156.3699951171875,153.44078063964844,4276900
2020-05-04,CRM,Salesforce,155.5800018310547,162.02000427246094,155.0800018310547,161.47000122070312,158.44522094726562,5974200
2020-05-05,CRM,Salesforce,162.52999877929688,164.13999938964844,160.25,163.25,160.19189453125,5264800
2020-05-06,CRM,Salesforce,164.44000244140625,165.7100067138672,162.9199981689453,163.6699981689453,160.60401916503906,4112600
2020-05-07,CRM,Salesforce,166.5,171.27000427246094,166.02000427246094,169.89999389648438,166.71731567382812,6460900
2020-05-08,CRM,Salesforce,172.9499969482422,176.0800018310547,171.14999389648438,175.89999389648438,172.60496520996094,5403400
2020-05-11,CRM,Salesforce,175.55999755859375,183.3000030517578,174.16000366210938,182.6699981689453,179.24810791015625,8696000
2020-05-12,CRM,Salesforce,183.0,183.02000427246094,177.00999450683594,177.5399932861328,174.21421813964844,5904600
2020-05-13,CRM,Salesforce,175.1699981689453,175.2100067138672,166.27000427246094,169.63999938964844,166.46221923828125,12534900
2020-05-14,CRM,Salesforce,168.44000244140625,168.57000732421875,164.57000732421875,167.0,163.8716583251953,7442300
2020-05-15,CRM,Salesforce,167.27000427246094,171.72000122070312,166.17999267578125,171.3300018310547,168.12054443359375,5673800
2020-05-18,CRM,Salesforce,174.0,177.0,172.1300048828125,172.5,169.2686004638672,6398300
2020-05-19,CRM,Salesforce,172.75,178.1999969482422,172.75,176.0399932861328,172.74232482910156,5264000
2020-05-20,CRM,Salesforce,178.57000732421875,179.13999938964844,174.89999389648438,176.92999267578125,173.61561584472656,4951200
2020-05-21,CRM,Salesforce,176.92999267578125,178.2899932861328,174.92999267578125,175.25999450683594,171.97694396972656,4429700
2020-05-22,CRM,Salesforce,176.60000610351562,178.63999938964844,175.4499969482422,177.85000610351562,174.5184326171875,4965100
2020-05-26,CRM,Salesforce,182.0,182.0,176.22000122070312,176.52000427246094,173.2133331298828,8353600
2020-05-27,CRM,Salesforce,176.2899932861328,176.61000061035156,171.3699951171875,176.60000610351562,173.29183959960938,6340200
2020-05-28,CRM,Salesforce,180.0,184.8000030517578,177.10000610351562,181.10000610351562,177.70753479003906,10275200
2020-05-29,CRM,Salesforce,174.3000030517578,175.0,170.69000244140625,174.7899932861328,171.51571655273438,19588900
2020-06-01,CRM,Salesforce,173.10000610351562,177.52000427246094,172.67999267578125,176.36000061035156,173.0563201904297,5711600
2020-06-02,CRM,Salesforce,174.85000610351562,174.89999389648438,171.22000122070312,174.22999572753906,170.96620178222656,8571800
2020-06-03,CRM,Salesforce,174.8300018310547,175.92999267578125,172.83999633789062,174.99000549316406,171.7119903564453,6004000
2020-06-04,CRM,Salesforce,175.0,175.42999267578125,170.0,171.44000244140625,168.2284698486328,7301600
2020-06-05,CRM,Salesforce,170.11000061035156,174.19000244140625,167.0,173.8800048828125,170.62277221679688,8232200
2020-06-08,CRM,Salesforce,173.6300048828125,176.57000732421875,172.66000366210938,176.5500030517578,173.2427520751953,4592600
2020-06-09,CRM,Salesforce,176.0,176.0,173.52999877929688,174.55999755859375,171.29002380371094,4025600
2020-06-10,CRM,Salesforce,176.25,182.5,176.0500030517578,182.10000610351562,178.68878173828125,8127200
2020-06-11,CRM,Salesforce,176.63999938964844,178.42999267578125,172.0,172.0500030517578,168.82705688476562,6521200
2020-06-12,CRM,Salesforce,175.89999389648438,177.69000244140625,171.86000061035156,175.11000061035156,171.82974243164062,5443800
2020-06-15,CRM,Salesforce,172.0,178.89999389648438,171.27000427246094,178.61000061035156,175.26416015625,6000000
2020-06-16,CRM,Salesforce,180.00999450683594,182.5,178.00999450683594,180.47999572753906,177.09915161132812,5824100
2020-06-17,CRM,Salesforce,180.97000122070312,182.75,180.67999267578125,181.39999389648438,178.00189208984375,5038600
2020-06-18,CRM,Salesforce,181.91000366210938,189.0,181.6199951171875,187.66000366210938,184.1446533203125,8677800
2020-06-19,CRM,Salesforce,189.5,191.25,185.49000549316406,186.9499969482422,183.4479522705078,11841000
2020-06-22,CRM,Salesforce,187.02999877929688,192.5,187.0,191.64999389648438,188.05987548828125,6252200
2020-06-23,CRM,Salesforce,192.0,194.08999633789062,188.58999633789062,189.05999755859375,185.51841735839844,6950800
2020-06-24,CRM,Salesforce,187.50999450683594,189.3000030517578,184.0399932861328,185.5500030517578,182.0741729736328,4903100
2020-06-25,CRM,Salesforce,186.13999938964844,188.77000427246094,184.44000244140625,188.33999633789062,184.8118896484375,4022400
2020-06-26,CRM,Salesforce,188.0,188.22000122070312,183.02000427246094,183.1699981689453,179.73873901367188,7595700
2020-06-29,CRM,Salesforce,183.32000732421875,183.7100067138672,180.0,183.3300018310547,179.89576721191406,3972100
2020-06-30,CRM,Salesforce,183.4499969482422,187.88999938964844,183.1300048828125,187.3300018310547,183.82081604003906,4478900
2020-07-01,CRM,Salesforce,188.10000610351562,192.82000732421875,187.4600067138672,191.88999938964844,188.29537963867188,4754600
2020-07-02,CRM,Salesforce,193.16000366210938,195.38999938964844,192.2899932861328,192.52999877929688,188.9234161376953,4200300
2020-07-06,CRM,Salesforce,194.44000244140625,199.4499969482422,193.83999633789062,197.72000122070312,194.0161895751953,5794200
2020-07-07,CRM,Salesforce,197.66000366210938,200.22000122070312,196.2100067138672,196.3800048828125,192.7012939453125,5431500
2020-07-08,CRM,Salesforce,198.0,201.1999969482422,197.35000610351562,200.27999877929688,196.52821350097656,4233700
2020-07-09,CRM,Salesforce,202.02000427246094,202.82000732421875,195.63999938964844,200.74000549316406,196.9796142578125,6062800
2020-07-10,CRM,Salesforce,200.05999755859375,200.72999572753906,197.0800018310547,198.8800048828125,195.15444946289062,3783200
2020-07-13,CRM,Salesforce,200.0,200.25999450683594,188.02999877929688,188.33999633789062,184.8118896484375,5555400
2020-07-14,CRM,Salesforce,185.99000549316406,189.9600067138672,183.3000030517578,189.55999755859375,186.00906372070312,5854700
2020-07-15,CRM,Salesforce,191.02999877929688,192.10000610351562,186.75,188.08999633789062,184.56658935546875,7681800
2020-07-16,CRM,Salesforce,186.4199981689453,186.86000061035156,181.92999267578125,185.50999450683594,182.03489685058594,7350000
2020-07-17,CRM,Salesforce,187.13999938964844,188.39999389648438,183.36000061035156,187.77999877929688,184.26239013671875,4324300
2020-07-20,CRM,Salesforce,187.89999389648438,195.30999755859375,187.27000427246094,195.08999633789062,191.43545532226562,5729000
2020-07-21,CRM,Salesforce,196.0,196.5,189.47999572753906,190.8000030517578,187.22581481933594,5376800
2020-07-22,CRM,Salesforce,190.77999877929688,191.8699951171875,188.8699951171875,191.30999755859375,187.7262420654297,2833000
2020-07-23,CRM,Salesforce,191.47999572753906,194.57000732421875,187.50999450683594,188.5399932861328,185.0081787109375,3639500
2020-07-24,CRM,Salesforce,186.05999755859375,188.94000244140625,184.3800048828125,188.49000549316406,184.95909118652344,3908400
2020-07-27,CRM,Salesforce,189.89999389648438,191.55999755859375,188.64999389648438,190.9600067138672,187.38282775878906,3015700
2020-07-28,CRM,Salesforce,191.0,192.97000122070312,189.0500030517578,189.5,185.95016479492188,3114200
2020-07-29,CRM,Salesforce,190.14999389648438,194.55999755859375,189.75,193.61000061035156,189.98318481445312,3747800
2020-07-30,CRM,Salesforce,190.08999633789062,191.9199981689453,187.3699951171875,191.6999969482422,188.10891723632812,3587400
2020-07-31,CRM,Salesforce,193.0,194.99000549316406,190.6699981689453,194.85000610351562,191.199951171875,3734000
2020-08-03,CRM,Salesforce,197.8000030517578,204.7899932861328,196.57000732421875,203.19000244140625,199.3837432861328,6557500
2020-08-04,CRM,Salesforce,203.0,203.38999938964844,198.89999389648438,201.41000366210938,197.63705444335938,4480300
2020-08-05,CRM,Salesforce,202.8000030517578,203.89999389648438,201.5800018310547,202.63999938964844,198.84400939941406,3559100
2020-08-06,CRM,Salesforce,202.97000122070312,209.9499969482422,202.39999389648438,207.7899932861328,203.89755249023438,5113300
2020-08-07,CRM,Salesforce,206.6199951171875,206.94000244140625,198.5800018310547,201.0500030517578,197.28379821777344,5423400
2020-08-10,CRM,Salesforce,200.39999389648438,201.47999572753906,195.72000122070312,197.16000366210938,193.4666748046875,5528200
2020-08-11,CRM,Salesforce,193.6199951171875,195.83999633789062,191.72000122070312,191.99000549316406,188.39353942871094,5015400
2020-08-12,CRM,Salesforce,193.0,195.4199981689453,192.1199951171875,192.6199951171875,189.01174926757812,3980300
2020-08-13,CRM,Salesforce,193.32000732421875,198.07000732421875,193.22999572753906,195.13999938964844,191.48452758789062,4711600
2020-08-14,CRM,Salesforce,195.22000122070312,195.47999572753906,192.52000427246094,193.4600067138672,189.8359832763672,2833000
2020-08-17,CRM,Salesforce,195.33999633789062,197.07000732421875,194.4199981689453,196.74000549316406,193.05455017089844,3574500
2020-08-18,CRM,Salesforce,199.3300018310547,204.8000030517578,199.0,204.00999450683594,200.18836975097656,7284800
2020-08-19,CRM,Salesforce,204.0,207.10000610351562,200.02999877929688,205.11000061035156,201.26776123046875,7080700
2020-08-20,CRM,Salesforce,203.85000610351562,210.11000061035156,203.50999450683594,209.50999450683594,205.5853271484375,5175100
2020-08-21,CRM,Salesforce,209.94000244140625,210.0,206.25,207.52999877929688,203.64242553710938,5727800
2020-08-24,CRM,Salesforce,208.8800048828125,209.2899932861328,205.14999389648438,208.4600067138672,204.55503845214844,5699000
2020-08-25,CRM,Salesforce,213.22000122070312,218.35000610351562,210.8000030517578,216.0500030517578,212.00283813476562,27096500
2020-08-26,CRM,Salesforce,251.9600067138672,277.9700012207031,249.47000122070312,272.32000732421875,267.2187805175781,63253400
2020-08-27,CRM,Salesforce,267.0,278.2799987792969,260.8399963378906,276.32000732421875,271.14385986328125,22817100
2020-08-28,CRM,Salesforce,271.2799987792969,275.75,267.3999938964844,271.1000061035156,266.0216064453125,28068000
2020-08-31,CRM,Salesforce,270.0,274.7099914550781,265.9100036621094,272.6499938964844,267.5425720214844,16010100
2020-09-01,CRM,Salesforce,271.0,281.92999267578125,270.5799865722656,281.25,275.9814758300781,13293600
2020-09-02,CRM,Salesforce,283.4700012207031,284.5,268.57000732421875,276.69000244140625,271.5068359375,12963800
2020-09-03,CRM,Salesforce,270.5799865722656,271.75,257.4100036621094,265.010009765625,260.0456848144531,14000600
2020-09-04,CRM,Salesforce,262.9800109863281,265.6700134277344,243.1999969482422,254.6999969482422,249.92880249023438,14374300
2020-09-08,CRM,Salesforce,240.57000732421875,253.67999267578125,240.13999938964844,241.27000427246094,236.75039672851562,15229600
2020-09-09,CRM,Salesforce,246.39999389648438,253.4499969482422,242.9600067138672,250.42999267578125,245.73875427246094,9988600
2020-09-10,CRM,Salesforce,254.80999755859375,256.510009765625,246.97000122070312,247.8000030517578,243.15806579589844,5945000
2020-09-11,CRM,Salesforce,250.72000122070312,251.3000030517578,239.4499969482422,243.10000610351562,238.54611206054688,5455200
2020-09-14,CRM,Salesforce,246.30999755859375,248.8699951171875,244.0399932861328,246.63999938964844,242.019775390625,4255200
2020-09-15,CRM,Salesforce,251.3699951171875,251.94000244140625,248.50999450683594,251.67999267578125,246.96536254882812,4133600
2020-09-16,CRM,Salesforce,254.6699981689453,255.42999267578125,250.22999572753906,250.60000610351562,245.90562438964844,5441200
2020-09-17,CRM,Salesforce,246.1199951171875,248.82000732421875,241.30999755859375,244.52999877929688,239.9493408203125,5279500
2020-09-18,CRM,Salesforce,245.1300048828125,248.11000061035156,238.7100067138672,242.77999877929688,238.23211669921875,6595600
2020-09-21,CRM,Salesforce,238.97000122070312,245.1300048828125,236.8000030517578,245.0500030517578,240.45957946777344,5561600
2020-09-22,CRM,Salesforce,246.74000549316406,248.57000732421875,241.25999450683594,247.77999877929688,243.13844299316406,3600800
2020-09-23,CRM,Salesforce,248.49000549316406,248.77000427246094,235.35000610351562,235.99000549316406,231.5692901611328,7507900
2020-09-24,CRM,Salesforce,235.83999633789062,239.9600067138672,233.6300048828125,237.5500030517578,233.1000518798828,4166800
2020-09-25,CRM,Salesforce,237.38999938964844,243.9499969482422,235.0500030517578,242.74000549316406,238.19284057617188,5117800
2020-09-28,CRM,Salesforce,247.55999755859375,248.5800018310547,242.2100067138672,246.6699981689453,242.0492401123047,4088300
2020-09-29,CRM,Salesforce,245.25999450683594,247.89999389648438,244.5,247.4499969482422,242.81463623046875,3983700
2020-09-30,CRM,Salesforce,246.64999389648438,255.41000366210938,246.22000122070312,251.32000732421875,246.6121368408203,8188500
2020-10-01,CRM,Salesforce,253.17999267578125,254.6699981689453,250.80999755859375,253.4499969482422,248.7021942138672,4318000
2020-10-02,CRM,Salesforce,249.75,254.9499969482422,247.2100067138672,247.85000610351562,243.2071075439453,4494500
2020-10-05,CRM,Salesforce,250.0,253.27999877929688,249.0,251.52999877929688,246.8181610107422,3403500
2020-10-06,CRM,Salesforce,252.72999572753906,257.2900085449219,249.0,250.13999938964844,245.45423889160156,4448100
2020-10-07,CRM,Salesforce,252.1999969482422,260.739990234375,252.1999969482422,259.9800109863281,255.10995483398438,4963200
2020-10-08,CRM,Salesforce,264.20001220703125,264.6199951171875,257.0799865722656,260.2200012207031,255.34539794921875,4150400
2020-10-09,CRM,Salesforce,262.8999938964844,266.04998779296875,261.5,265.9800109863281,260.9975280761719,4225000
2020-10-12,CRM,Salesforce,270.0,270.0,265.2900085449219,267.07000732421875,262.06707763671875,4317000
2020-10-13,CRM,Salesforce,266.4200134277344,268.7900085449219,264.2300109863281,266.8299865722656,261.8316345214844,3713200
2020-10-14,CRM,Salesforce,270.0,270.1600036621094,258.75,261.8299865722656,256.9252624511719,5129500
2020-10-15,CRM,Salesforce,258.1099853515625,260.5199890136719,254.02000427246094,257.7200012207031,252.89222717285156,5256800
2020-10-16,CRM,Salesforce,259.239990234375,262.5199890136719,258.489990234375,258.54998779296875,253.70668029785156,3092300
2020-10-19,CRM,Salesforce,259.760009765625,261.4800109863281,254.5,255.00999450683594,250.2329864501953,3242300
2020-10-20,CRM,Salesforce,256.1199951171875,259.17999267578125,254.0500030517578,255.97000122070312,251.17498779296875,2989300
2020-10-21,CRM,Salesforce,256.45001220703125,258.30999755859375,251.85000610351562,254.22999572753906,249.46762084960938,2794000
2020-10-22,CRM,Salesforce,253.88999938964844,255.22000122070312,246.1300048828125,249.6699981689453,244.9930419921875,3685700
2020-10-23,CRM,Salesforce,250.10000610351562,250.57000732421875,246.80999755859375,250.52000427246094,245.82711791992188,3159600
2020-10-26,CRM,Salesforce,245.3000030517578,248.11000061035156,237.3800048828125,241.97999572753906,237.44708251953125,5864100
2020-10-27,CRM,Salesforce,248.0,251.75,245.77000427246094,250.3000030517578,245.61122131347656,4285600
2020-10-28,CRM,Salesforce,244.60000610351562,245.4499969482422,238.00999450683594,238.42999267578125,233.9635772705078,4425400
2020-10-29,CRM,Salesforce,242.52000427246094,242.52000427246094,237.1300048828125,237.13999938964844,232.69775390625,4589000
2020-10-30,CRM,Salesforce,235.82000732421875,237.75,228.66000366210938,232.27000427246094,227.91896057128906,5741200
2020-11-02,CRM,Salesforce,235.1199951171875,238.5,228.99000549316406,232.4499969482422,228.09559631347656,3953400
2020-11-03,CRM,Salesforce,235.10000610351562,240.94000244140625,233.27999877929688,237.1300048828125,232.68795776367188,4151400
2020-11-04,CRM,Salesforce,246.02000427246094,252.8800048828125,243.24000549316406,250.74000549316406,246.04298400878906,6505400
2020-11-05,CRM,Salesforce,258.1099853515625,260.9200134277344,255.44000244140625,260.2200012207031,255.34539794921875,8961700
2020-11-06,CRM,Salesforce,260.0,261.75,254.49000549316406,260.1499938964844,255.27670288085938,3798600
2020-11-09,CRM,Salesforce,260.95001220703125,270.9200134277344,257.25,259.2799987792969,254.42300415039062,8777500
2020-11-10,CRM,Salesforce,258.05999755859375,259.0,242.89999389648438,247.66000366210938,243.02069091796875,6863200
2020-11-11,CRM,Salesforce,253.50999450683594,256.739990234375,251.2100067138672,254.17999267578125,249.4185333251953,4163400
2020-11-12,CRM,Salesforce,247.39999389648438,254.97000122070312,246.36000061035156,249.4199981689453,244.74769592285156,5607000
2020-11-13,CRM,Salesforce,252.83999633789062,253.7899932861328,247.55999755859375,249.50999450683594,244.83599853515625,5160000
2020-11-16,CRM,Salesforce,249.52000427246094,253.49000549316406,248.17999267578125,249.88999938964844,245.20889282226562,5712600
2020-11-17,CRM,Salesforce,253.74000549316406,258.2699890136719,250.4600067138672,256.1700134277344,251.37130737304688,5090700
2020-11-18,CRM,Salesforce,256.3999938964844,262.6600036621094,255.85000610351562,257.1600036621094,252.34274291992188,5880500
2020-11-19,CRM,Salesforce,256.8399963378906,267.0899963378906,255.66000366210938,264.6499938964844,259.69244384765625,8084600
2020-11-20,CRM,Salesforce,263.5899963378906,265.0199890136719,257.82000732421875,258.0400085449219,253.2062530517578,7286100
2020-11-23,CRM,Salesforce,261.2300109863281,261.739990234375,254.61000061035156,257.6400146484375,252.8137664794922,5383600
2020-11-24,CRM,Salesforce,260.0,262.30999755859375,257.82000732421875,260.8399963378906,255.95375061035156,5797300
2020-11-25,CRM,Salesforce,263.7300109863281,266.1000061035156,245.0500030517578,246.82000732421875,242.1964569091797,26394900
2020-11-27,CRM,Salesforce,251.0,251.83999633789062,247.02999877929688,247.6300048828125,242.99124145507812,7395000
2020-11-30,CRM,Salesforce,245.47999572753906,247.6300048828125,236.07000732421875,245.8000030517578,241.19554138183594,18966400
2020-12-01,CRM,Salesforce,245.0,246.6999969482422,238.6999969482422,241.35000610351562,236.82888793945312,18872000
2020-12-02,CRM,Salesforce,225.47999572753906,226.0,215.6300048828125,220.77999877929688,216.64419555664062,52225500
2020-12-03,CRM,Salesforce,226.11000061035156,226.11000061035156,220.1300048828125,220.97000122070312,216.83067321777344,21395300
2020-12-04,CRM,Salesforce,223.82000732421875,228.60000610351562,221.82000732421875,225.86000061035156,221.6290740966797,20504800
2020-12-07,CRM,Salesforce,228.11000061035156,229.8699951171875,226.25,227.6999969482422,223.4345703125,12864100
2020-12-08,CRM,Salesforce,228.64999389648438,229.5,225.66000366210938,227.86000061035156,223.5915985107422,12116800
2020-12-09,CRM,Salesforce,228.0500030517578,228.83999633789062,220.07000732421875,220.57000732421875,216.4381561279297,15651800
2020-12-10,CRM,Salesforce,220.57000732421875,224.30999755859375,220.16000366210938,222.9199981689453,218.74412536621094,9258600
2020-12-11,CRM,Salesforce,221.9199981689453,222.74000549316406,219.97999572753906,222.4199981689453,218.25347900390625,8214400
2020-12-14,CRM,Salesforce,223.08999633789062,223.47000122070312,220.4499969482422,221.27000427246094,217.12506103515625,8508500
2020-12-15,CRM,Salesforce,222.07000732421875,222.13999938964844,218.1999969482422,220.14999389648438,216.02598571777344,10766800
2020-12-16,CRM,Salesforce,221.47999572753906,224.0,220.25,223.6199951171875,219.43104553222656,8821400
2020-12-17,CRM,Salesforce,224.89999389648438,226.72999572753906,224.5,225.9199981689453,221.6879425048828,9946900
2020-12-18,CRM,Salesforce,227.02000427246094,227.82000732421875,224.39999389648438,227.42999267578125,223.16964721679688,11845400
2020-12-21,CRM,Salesforce,224.89999389648438,227.44000244140625,224.7100067138672,226.47000122070312,222.22763061523438,9219000
2020-12-22,CRM,Salesforce,227.0,231.8699951171875,226.60000610351562,231.1699981689453,226.839599609375,10339600
2020-12-23,CRM,Salesforce,232.5,233.17999267578125,227.11000061035156,227.42999267578125,223.16964721679688,7090500
2020-12-24,CRM,Salesforce,228.3000030517578,229.19000244140625,224.8300018310547,225.77999877929688,221.5505828857422,6146300
2020-12-28,CRM,Salesforce,227.22000122070312,227.83999633789062,222.0500030517578,224.63999938964844,220.4319305419922,6422500
2020-12-29,CRM,Salesforce,224.97000122070312,225.3000030517578,220.86000061035156,222.4600067138672,218.292724609375,6122400
2020-12-30,CRM,Salesforce,223.1300048828125,223.63999938964844,221.5800018310547,222.39999389648438,218.23382568359375,4724000
2020-12-31,CRM,Salesforce,222.27000427246094,222.7899932861328,220.1699981689453,222.52999877929688,218.3614501953125,6011100
2021-01-04,CRM,Salesforce,222.63999938964844,223.75,215.72000122070312,220.30999755859375,216.18301391601562,10319900
2021-01-05,CRM,Salesforce,219.49000549316406,223.0,217.99000549316406,221.52000427246094,217.37034606933594,8657200
2021-01-06,CRM,Salesforce,218.0,220.4600067138672,215.77999877929688,216.14999389648438,212.10093688964844,9789800
2021-01-07,CRM,Salesforce,217.02999877929688,220.66000366210938,216.5,217.97999572753906,213.8966827392578,8443100
2021-01-08,CRM,Salesforce,220.0,222.32000732421875,219.22000122070312,222.0399932861328,217.880615234375,7301700
2021-01-11,CRM,Salesforce,219.6300048828125,220.5800018310547,216.22999572753906,218.25,214.16159057617188,7199000
2021-01-12,CRM,Salesforce,218.0,218.3000030517578,214.08999633789062,215.52000427246094,211.48275756835938,10736000
2021-01-13,CRM,Salesforce,217.0,218.89999389648438,215.52999877929688,218.17999267578125,214.09291076660156,6839200
2021-01-14,CRM,Salesforce,218.22999572753906,219.5,215.5500030517578,215.60000610351562,211.56124877929688,6548000
2021-01-15,CRM,Salesforce,216.1699981689453,217.8699951171875,212.99000549316406,213.13999938964844,209.1473388671875,8525600
2021-01-19,CRM,Salesforce,215.35000610351562,217.27999877929688,213.6999969482422,216.75999450683594,212.69949340820312,7753800
2021-01-20,CRM,Salesforce,221.99000549316406,224.63999938964844,219.97000122070312,223.44000244140625,219.25437927246094,9857700
2021-01-21,CRM,Salesforce,223.69000244140625,224.74000549316406,220.82000732421875,222.1699981689453,218.0081787109375,6785900
2021-01-22,CRM,Salesforce,224.89999389648438,227.7899932861328,223.75,225.77000427246094,221.5407257080078,10186100
2021-01-25,CRM,Salesforce,229.69000244140625,230.3000030517578,221.32000732421875,225.9199981689453,221.6879425048828,8213500
2021-01-26,CRM,Salesforce,227.8000030517578,227.91000366210938,224.5399932861328,226.25999450683594,222.02159118652344,5021000
2021-01-27,CRM,Salesforce,223.6999969482422,227.80999755859375,221.5800018310547,224.77999877929688,220.5692901611328,7641100
2021-01-28,CRM,Salesforce,225.0,229.60000610351562,225.0,226.5,222.25706481933594,7246000
2021-01-29,CRM,Salesforce,224.66000366210938,228.7899932861328,223.02000427246094,225.55999755859375,221.3346710205078,6473000
2021-02-01,CRM,Salesforce,227.2100067138672,229.89999389648438,224.75,228.4600067138672,224.1803436279297,5696700
2021-02-02,CRM,Salesforce,231.47000122070312,235.9499969482422,231.3800048828125,234.1999969482422,229.8128204345703,7134900
2021-02-03,CRM,Salesforce,235.0,236.0,232.25999450683594,234.82000732421875,230.4212188720703,5357600
2021-02-04,CRM,Salesforce,235.52000427246094,238.22999572753906,235.47000122070312,237.97999572753906,233.52200317382812,4770700
2021-02-05,CRM,Salesforce,239.14999389648438,239.36000061035156,236.41000366210938,238.88999938964844,234.4149627685547,5020000
2021-02-08,CRM,Salesforce,239.50999450683594,241.11000061035156,237.1300048828125,238.92999267578125,234.45423889160156,4336400
2021-02-09,CRM,Salesforce,239.55999755859375,240.0800018310547,236.24000549316406,236.6999969482422,232.26602172851562,5157200
2021-02-10,CRM,Salesforce,237.4499969482422,238.22000122070312,233.9600067138672,236.72000122070312,232.28562927246094,5535600
2021-02-11,CRM,Salesforce,238.92999267578125,242.88999938964844,238.5800018310547,241.24000549316406,236.72096252441406,6091600
2021-02-12,CRM,Salesforce,240.9499969482422,241.55999755859375,238.91000366210938,240.3699951171875,235.86720275878906,4314400
2021-02-16,CRM,Salesforce,245.0,251.22999572753906,243.8000030517578,248.58999633789062,243.9332733154297,10837600
2021-02-17,CRM,Salesforce,248.58999633789062,249.5,245.5,247.66000366210938,243.02069091796875,5879200
2021-02-18,CRM,Salesforce,245.97000122070312,248.00999450683594,242.57000732421875,247.00999450683594,242.38287353515625,4152800
2021-02-19,CRM,Salesforce,248.0,249.38999938964844,245.97999572753906,246.55999755859375,241.9412841796875,4647700
2021-02-22,CRM,Salesforce,244.25999450683594,244.52000427246094,240.3800048828125,240.9499969482422,236.43638610839844,5055000
2021-02-23,CRM,Salesforce,235.25999450683594,238.9600067138672,229.00999450683594,235.63999938964844,231.22584533691406,8641600
2021-02-24,CRM,Salesforce,235.52999877929688,241.5,231.50999450683594,240.47000122070312,235.9653778076172,6128300
2021-02-25,CRM,Salesforce,238.52999877929688,240.35000610351562,229.77000427246094,231.0800018310547,226.7512664794922,8828900
2021-02-26,CRM,Salesforce,229.38999938964844,230.5,216.33999633789062,216.5,212.4444122314453,20372900
2021-03-01,CRM,Salesforce,219.89999389648438,220.1999969482422,215.02999877929688,217.5399932861328,213.46490478515625,14027700
2021-03-02,CRM,Salesforce,218.39999389648438,218.60000610351562,213.33999633789062,213.47000122070312,209.47116088867188,10211500
2021-03-03,CRM,Salesforce,212.8300018310547,213.32000732421875,205.39999389648438,206.0,202.14108276367188,11459000
2021-03-04,CRM,Salesforce,206.83999633789062,209.08999633789062,201.50999450683594,205.3300018310547,201.48365783691406,12800500
2021-03-05,CRM,Salesforce,210.00999450683594,212.35000610351562,203.22000122070312,210.75999450683594,206.8118896484375,11406000
2021-03-08,CRM,Salesforce,213.6199951171875,214.89999389648438,207.57000732421875,207.72000122070312,203.82887268066406,9576400
2021-03-09,CRM,Salesforce,212.17999267578125,215.7899932861328,211.1699981689453,211.52999877929688,207.5675048828125,9732200
2021-03-10,CRM,Salesforce,214.72000122070312,216.14999389648438,211.77000427246094,211.9600067138672,207.9894561767578,7186400
2021-03-11,CRM,Salesforce,215.0,218.1699981689453,214.35000610351562,215.9499969482422,211.9047088623047,6431000
2021-03-12,CRM,Salesforce,213.4499969482422,213.85000610351562,209.3000030517578,212.2100067138672,208.23477172851562,6114600
2021-03-15,CRM,Salesforce,211.85000610351562,212.94000244140625,209.5,212.8000030517578,208.81369018554688,5733700
2021-03-16,CRM,Salesforce,214.83999633789062,216.69000244140625,213.47999572753906,214.47999572753906,210.4622344970703,5311000
2021-03-17,CRM,Salesforce,213.52000427246094,214.80999755859375,210.86000061035156,213.1199951171875,209.127685546875,5805100
2021-03-18,CRM,Salesforce,210.6999969482422,211.3800048828125,208.39999389648438,209.47999572753906,205.555908203125,5580100
2021-03-19,CRM,Salesforce,209.80999755859375,212.75,209.07000732421875,212.1999969482422,208.22494506835938,7088400
2021-03-22,CRM,Salesforce,211.47999572753906,216.97999572753906,211.3699951171875,215.1699981689453,211.13929748535156,5002500
2021-03-23,CRM,Salesforce,214.75999450683594,217.42999267578125,214.3300018310547,215.0,210.97250366210938,4578000
2021-03-24,CRM,Salesforce,215.1300048828125,215.27999877929688,209.41000366210938,209.52999877929688,205.6049346923828,4617700
2021-03-25,CRM,Salesforce,206.1699981689453,208.1699981689453,204.3699951171875,205.44000244140625,201.59156799316406,7977200
2021-03-26,CRM,Salesforce,205.63999938964844,209.41000366210938,204.77000427246094,209.08999633789062,205.17318725585938,7333200
2021-03-29,CRM,Salesforce,209.00999450683594,211.64999389648438,205.99000549316406,210.77000427246094,206.8217315673828,5686900
2021-03-30,CRM,Salesforce,208.63999938964844,211.2899932861328,207.36000061035156,210.0,206.06614685058594,4717900
2021-03-31,CRM,Salesforce,210.44000244140625,213.6699981689453,210.11000061035156,211.8699951171875,207.901123046875,6838000
2021-04-01,CRM,Salesforce,213.60000610351562,218.92999267578125,213.3699951171875,218.72000122070312,214.62278747558594,7763500
2021-04-05,CRM,Salesforce,219.61000061035156,221.83999633789062,218.92999267578125,220.2899932861328,216.16339111328125,5553200
2021-04-06,CRM,Salesforce,219.82000732421875,221.5500030517578,218.25,221.08999633789062,216.9484100341797,5448500
2021-04-07,CRM,Salesforce,221.9600067138672,222.67999267578125,219.38999938964844,220.7899932861328,216.65399169921875,4403400
2021-04-08,CRM,Salesforce,223.0,225.7100067138672,222.4499969482422,224.4499969482422,220.24545288085938,6169100
2021-04-09,CRM,Salesforce,224.3300018310547,231.30999755859375,223.6300048828125,231.27999877929688,226.947509765625,7319300
2021-04-12,CRM,Salesforce,229.52000427246094,229.85000610351562,227.14999389648438,228.75999450683594,224.4747314453125,6205700
2021-04-13,CRM,Salesforce,229.0,233.49000549316406,228.5,232.0,227.65402221679688,5397100
2021-04-14,CRM,Salesforce,232.85000610351562,233.13999938964844,227.66000366210938,228.02000427246094,223.7485809326172,4617600
2021-04-15,CRM,Salesforce,229.8699951171875,233.0800018310547,229.5,233.0,228.6352996826172,5073900
2021-04-16,CRM,Salesforce,234.0,234.0,229.88999938964844,231.91000366210938,227.56570434570312,5088700
2021-04-19,CRM,Salesforce,230.8300018310547,232.1999969482422,228.8699951171875,230.5,226.18212890625,4257700
2021-04-20,CRM,Salesforce,230.0,231.4499969482422,226.88999938964844,227.9600067138672,223.68971252441406,4081200
2021-04-21,CRM,Salesforce,227.11000061035156,230.7899932861328,226.6699981689453,230.55999755859375,226.24099731445312,4024000
2021-04-22,CRM,Salesforce,230.0,233.88999938964844,229.00999450683594,231.35000610351562,227.0162353515625,4975400
2021-04-23,CRM,Salesforce,232.94000244140625,235.49000549316406,231.75,233.50999450683594,229.13571166992188,5447100
2021-04-26,CRM,Salesforce,234.0399932861328,235.8000030517578,232.4199981689453,235.4600067138672,231.04922485351562,3459600
2021-04-27,CRM,Salesforce,235.4600067138672,235.89999389648438,231.91000366210938,234.2100067138672,229.82264709472656,3445200
2021-04-28,CRM,Salesforce,235.0,238.3300018310547,233.52999877929688,236.8800048828125,232.44264221191406,4274500
2021-04-29,CRM,Salesforce,237.32000732421875,237.6699981689453,232.1699981689453,234.36000061035156,229.9698486328125,4140800
2021-04-30,CRM,Salesforce,232.8000030517578,234.5,229.52000427246094,230.32000732421875,226.00552368164062,5024800
2021-05-03,CRM,Salesforce,230.77000427246094,231.4600067138672,223.07000732421875,223.75999450683594,219.56838989257812,5835700
2021-05-04,CRM,Salesforce,221.6699981689453,222.0,214.36000061035156,217.17999267578125,213.1116485595703,6727500
2021-05-05,CRM,Salesforce,218.82000732421875,219.57000732421875,214.83999633789062,215.39999389648438,211.36500549316406,4205800
2021-05-06,CRM,Salesforce,215.80999755859375,218.27999877929688,213.5,218.0500030517578,213.9653778076172,5200000
2021-05-07,CRM,Salesforce,220.50999450683594,221.25,215.08999633789062,216.5,212.4444122314453,5774700
2021-05-10,CRM,Salesforce,215.5,215.9600067138672,213.22999572753906,213.88999938964844,209.88327026367188,5263700
2021-05-11,CRM,Salesforce,209.0,216.57000732421875,208.91000366210938,215.55999755859375,211.5220184326172,6097900
2021-05-12,CRM,Salesforce,213.33999633789062,213.3699951171875,209.0,210.5399932861328,206.59600830078125,5482500
2021-05-13,CRM,Salesforce,212.97000122070312,215.63999938964844,210.47000122070312,211.86000061035156,207.8913116455078,5337000
2021-05-14,CRM,Salesforce,214.19000244140625,218.27000427246094,214.14999389648438,217.66000366210938,213.58267211914062,4429000
2021-05-17,CRM,Salesforce,216.58999633789062,217.72000122070312,212.82000732421875,215.05999755859375,211.03138732910156,3816100
2021-05-18,CRM,Salesforce,215.44000244140625,217.35000610351562,213.7899932861328,214.3300018310547,210.31503295898438,3540600
2021-05-19,CRM,Salesforce,215.85000610351562,221.60000610351562,214.50999450683594,221.33999633789062,217.1937255859375,8092100
2021-05-20,CRM,Salesforce,222.97999572753906,226.8300018310547,222.36000061035156,223.77999877929688,219.58799743652344,6705500
2021-05-21,CRM,Salesforce,225.2100067138672,225.77999877929688,222.44000244140625,222.5800018310547,218.41050720214844,4913600
2021-05-24,CRM,Salesforce,225.0,227.60000610351562,224.2100067138672,226.99000549316406,222.73788452148438,5288300
2021-05-25,CRM,Salesforce,228.0,229.72000122070312,226.27999877929688,227.7100067138672,223.44439697265625,6256300
2021-05-26,CRM,Salesforce,228.47999572753906,230.24000549316406,228.2899932861328,229.67999267578125,225.3774871826172,5807100
2021-05-27,CRM,Salesforce,229.52000427246094,229.52000427246094,225.38999938964844,225.8300018310547,221.599609375,15344100
2021-05-28,CRM,Salesforce,239.22000122070312,243.5,237.8300018310547,238.10000610351562,233.63973999023438,17810800
2021-06-01,CRM,Salesforce,238.0,238.39999389648438,232.4600067138672,236.1999969482422,231.77536010742188,8103900
2021-06-02,CRM,Salesforce,234.39999389648438,238.2899932861328,233.89999389648438,234.6199951171875,230.2249298095703,5543900
2021-06-03,CRM,Salesforce,232.88999938964844,233.17999267578125,229.42999267578125,230.83999633789062,226.51577758789062,5109000
2021-06-04,CRM,Salesforce,231.6300048828125,237.88999938964844,231.52000427246094,237.47999572753906,233.03140258789062,6177600
2021-06-07,CRM,Salesforce,236.60000610351562,239.47000122070312,235.83999633789062,238.13999938964844,233.6790008544922,3510800
2021-06-08,CRM,Salesforce,238.8000030517578,241.7899932861328,235.6699981689453,236.4199981689453,231.99124145507812,5827300
2021-06-09,CRM,Salesforce,238.8699951171875,238.8699951171875,235.50999450683594,236.08999633789062,231.66741943359375,3350900
2021-06-10,CRM,Salesforce,236.0,240.2899932861328,235.14999389648438,240.19000244140625,235.69061279296875,4659500
2021-06-11,CRM,Salesforce,239.02999877929688,240.3699951171875,238.41000366210938,240.30999755859375,235.808349609375,4624200
2021-06-14,CRM,Salesforce,240.6999969482422,246.63999938964844,240.47999572753906,246.25999450683594,241.64691162109375,6764700
2021-06-15,CRM,Salesforce,245.2100067138672,245.36000061035156,242.00999450683594,242.5800018310547,238.03585815429688,5135300
2021-06-16,CRM,Salesforce,242.0,245.00999450683594,239.47999572753906,242.38999938964844,237.84939575195312,5099300
2021-06-17,CRM,Salesforce,242.0,247.17999267578125,241.1999969482422,244.42999267578125,239.85118103027344,5170200
2021-06-18,CRM,Salesforce,241.85000610351562,246.00999450683594,241.05999755859375,242.77999877929688,238.23211669921875,7822200
2021-06-21,CRM,Salesforce,243.4499969482422,244.72000122070312,238.88999938964844,244.47999572753906,239.9002685546875,5895100
2021-06-22,CRM,Salesforce,243.8000030517578,244.72000122070312,240.88999938964844,243.11000061035156,238.55592346191406,4457200
2021-06-23,CRM,Salesforce,243.75,244.5,240.85000610351562,241.83999633789062,237.3096923828125,4482400
2021-06-24,CRM,Salesforce,243.35000610351562,247.69000244140625,242.6999969482422,243.77000427246094,239.2035675048828,4987300
2021-06-25,CRM,Salesforce,244.19000244140625,244.1999969482422,240.99000549316406,241.8699951171875,237.33912658691406,15409300
2021-06-28,CRM,Salesforce,244.2100067138672,247.58999633789062,243.60000610351562,244.57000732421875,239.98858642578125,4274900
2021-06-29,CRM,Salesforce,244.44000244140625,246.77999877929688,242.42999267578125,245.80999755859375,241.20535278320312,3871900
2021-06-30,CRM,Salesforce,245.47999572753906,246.6300048828125,243.5,244.27000427246094,239.69418334960938,4168800
2021-07-01,CRM,Salesforce,244.5,246.58999633789062,242.6199951171875,244.97999572753906,240.39088439941406,3899600
2021-07-02,CRM,Salesforce,246.9199981689453,248.9600067138672,245.83999633789062,248.1999969482422,243.55055236816406,4056200
2021-07-06,CRM,Salesforce,249.0,252.9199981689453,248.3800048828125,250.25,245.56216430664062,5590200
2021-07-07,CRM,Salesforce,253.0,253.5,247.86000061035156,248.44000244140625,243.78607177734375,5101400
2021-07-08,CRM,Salesforce,244.83999633789062,246.5800018310547,241.74000549316406,245.8000030517578,241.19554138183594,5159600
2021-07-09,CRM,Salesforce,245.58999633789062,248.0,244.08999633789062,245.05999755859375,240.46939086914062,4213500
2021-07-12,CRM,Salesforce,247.22000122070312,247.25999450683594,241.85000610351562,242.91000366210938,238.3596954345703,5604500
2021-07-13,CRM,Salesforce,242.2899932861328,247.16000366210938,241.67999267578125,244.02000427246094,239.44888305664062,6699800
2021-07-14,CRM,Salesforce,244.5,246.14999389648438,239.8699951171875,242.42999267578125,237.88865661621094,6375700
2021-07-15,CRM,Salesforce,241.22000122070312,242.02999877929688,235.82000732421875,237.5800018310547,233.12953186035156,7912600
2021-07-16,CRM,Salesforce,238.3000030517578,240.8800048828125,237.77000427246094,238.42999267578125,233.9635772705078,7288100
2021-07-19,CRM,Salesforce,236.50999450683594,238.5,234.30999755859375,237.5500030517578,233.1000518798828,8843000
2021-07-20,CRM,Salesforce,238.6999969482422,243.17999267578125,236.27000427246094,240.11000061035156,235.6121063232422,8487000
2021-07-21,CRM,Salesforce,241.44000244140625,242.97999572753906,238.27000427246094,242.11000061035156,237.57464599609375,15323100
2021-07-22,CRM,Salesforce,243.5,248.6999969482422,243.33999633789062,248.27999877929688,243.62904357910156,7868700
2021-07-23,CRM,Salesforce,250.0,250.55999755859375,246.67999267578125,248.25,243.599609375,5877300
2021-07-26,CRM,Salesforce,248.1999969482422,248.47999572753906,245.82000732421875,247.60000610351562,242.96182250976562,3960700
2021-07-27,CRM,Salesforce,247.2100067138672,248.1300048828125,241.19000244140625,243.50999450683594,238.9484405517578,6352500
2021-07-28,CRM,Salesforce,243.82000732421875,246.0800018310547,243.0,243.9600067138672,239.3900146484375,4100200
2021-07-29,CRM,Salesforce,243.49000549316406,246.16000366210938,243.49000549316406,244.0399932861328,239.46849060058594,3271100
2021-07-30,CRM,Salesforce,243.0,244.24000549316406,241.6300048828125,241.92999267578125,237.3979949951172,3748400
2021-08-02,CRM,Salesforce,242.30999755859375,242.47000122070312,238.8800048828125,240.86000061035156,236.34808349609375,3525700
2021-08-03,CRM,Salesforce,241.3800048828125,243.0500030517578,239.0399932861328,241.1300048828125,236.61300659179688,3077900
2021-08-04,CRM,Salesforce,241.6199951171875,244.64999389648438,239.6699981689453,244.1699981689453,239.5960693359375,4121600
2021-08-05,CRM,Salesforce,244.67999267578125,250.89999389648438,243.5399932861328,250.55999755859375,245.86636352539062,5235200
2021-08-06,CRM,Salesforce,249.22999572753906,252.0800018310547,249.22000122070312,250.58999633789062,245.89578247070312,4045400
2021-08-09,CRM,Salesforce,251.4199981689453,252.4199981689453,247.85000610351562,249.32000732421875,244.6496124267578,3312200
2021-08-10,CRM,Salesforce,250.8699951171875,251.25,243.0399932861328,243.38999938964844,238.83065795898438,4430600
2021-08-11,CRM,Salesforce,244.6699981689453,246.14999389648438,240.10000610351562,242.27999877929688,237.741455078125,3999200
2021-08-12,CRM,Salesforce,242.5,248.42999267578125,241.92999267578125,248.38999938964844,243.73699951171875,4467400
2021-08-13,CRM,Salesforce,251.7100067138672,253.77000427246094,248.8699951171875,251.55999755859375,246.8476104736328,5986400
2021-08-16,CRM,Salesforce,250.1699981689453,251.0,244.47000122070312,249.1999969482422,244.53184509277344,4047500
2021-08-17,CRM,Salesforce,248.25999450683594,249.1999969482422,245.94000244140625,246.99000549316406,242.36322021484375,3472600
2021-08-18,CRM,Salesforce,248.0,256.79998779296875,247.72000122070312,251.22000122070312,246.51397705078125,8306700
2021-08-19,CRM,Salesforce,249.1699981689453,255.44000244140625,248.3800048828125,253.07000732421875,248.32937622070312,6600800
2021-08-20,CRM,Salesforce,253.0,257.8699951171875,252.61000061035156,256.1300048828125,251.33201599121094,5510700
2021-08-23,CRM,Salesforce,257.0,261.8599853515625,256.57000732421875,260.5199890136719,255.63975524902344,7603900
2021-08-24,CRM,Salesforce,261.9200134277344,262.5,259.05999755859375,259.6600036621094,254.79588317871094,6685200
2021-08-25,CRM,Salesforce,260.8599853515625,261.8999938964844,258.75,260.8500061035156,255.96359252929688,9701000
2021-08-26,CRM,Salesforce,269.79998779296875,275.2200012207031,267.3599853515625,267.7900085449219,262.773681640625,18987000
2021-08-27,CRM,Salesforce,267.8599853515625,270.9100036621094,265.42999267578125,266.5299987792969,261.5372009277344,7992500
2021-08-30,CRM,Salesforce,265.80999755859375,267.5799865722656,264.75,264.9700012207031,260.00640869140625,5730000
2021-08-31,CRM,Salesforce,264.7699890136719,266.7699890136719,262.70001220703125,265.2699890136719,260.30084228515625,5901500
2021-09-01,CRM,Salesforce,266.2699890136719,273.260009765625,265.5899963378906,268.32000732421875,263.29364013671875,7189000
2021-09-02,CRM,Salesforce,269.0,269.260009765625,263.9200134277344,264.1499938964844,259.2017517089844,4498300
2021-09-03,CRM,Salesforce,263.6000061035156,267.4100036621094,261.79998779296875,267.0799865722656,262.0768737792969,7356700
2021-09-07,CRM,Salesforce,266.5400085449219,267.8999938964844,264.07000732421875,265.2099914550781,260.2419738769531,4672500
2021-09-08,CRM,Salesforce,263.6199951171875,264.3399963378906,261.5799865722656,262.6199951171875,257.700439453125,3851500
2021-09-09,CRM,Salesforce,261.82000732421875,263.7099914550781,260.45001220703125,260.739990234375,255.85560607910156,4126500
2021-09-10,CRM,Salesforce,261.0,261.5899963378906,256.5,257.20001220703125,252.38201904296875,5280900
2021-09-13,CRM,Salesforce,257.0,257.69000244140625,252.19000244140625,254.11000061035156,249.34986877441406,5258200
2021-09-14,CRM,Salesforce,254.11000061035156,255.11000061035156,253.0,254.3699951171875,249.60499572753906,4097500
2021-09-15,CRM,Salesforce,254.5399932861328,256.75,252.9499969482422,256.1600036621094,251.3614959716797,4764600
2021-09-16,CRM,Salesforce,255.52999877929688,261.2200012207031,255.0,260.3599853515625,255.4827117919922,5122600
2021-09-17,CRM,Salesforce,259.2699890136719,261.70001220703125,258.67999267578125,260.5299987792969,255.64959716796875,7049400
2021-09-20,CRM,Salesforce,256.5899963378906,259.2099914550781,254.94000244140625,258.2200012207031,253.3828582763672,5985500
2021-09-21,CRM,Salesforce,259.4700012207031,262.54998779296875,257.7699890136719,257.9700012207031,253.13754272460938,6040600
2021-09-22,CRM,Salesforce,258.8999938964844,260.3599853515625,256.2099914550781,259.1700134277344,254.3150634765625,4355600
2021-09-23,CRM,Salesforce,270.0,279.3900146484375,266.3999938964844,277.8599853515625,272.6549377441406,15617200
2021-09-24,CRM,Salesforce,278.5,286.3599853515625,278.2099914550781,285.6300048828125,280.2794189453125,13368300
2021-09-27,CRM,Salesforce,282.44000244140625,283.760009765625,279.0400085449219,279.67999267578125,274.4408264160156,5941100
2021-09-28,CRM,Salesforce,275.1099853515625,276.70001220703125,270.0400085449219,272.2799987792969,267.17950439453125,7127100
2021-09-29,CRM,Salesforce,273.489990234375,274.67999267578125,269.239990234375,270.5,265.4328308105469,4361900
2021-09-30,CRM,Salesforce,270.6499938964844,274.260009765625,270.44000244140625,271.2200012207031,266.1393127441406,5224200
2021-10-01,CRM,Salesforce,271.5,276.3399963378906,268.7699890136719,275.260009765625,270.10369873046875,4756000
2021-10-04,CRM,Salesforce,275.2200012207031,275.29998779296875,266.1400146484375,270.8599853515625,265.7861022949219,6393800
2021-10-05,CRM,Salesforce,272.1099853515625,273.54998779296875,271.0299987792969,271.7699890136719,266.6790466308594,4050400
2021-10-06,CRM,Salesforce,269.6700134277344,275.489990234375,267.5,275.2699890136719,270.1134338378906,4745500
2021-10-07,CRM,Salesforce,276.8999938964844,279.5,274.0799865722656,274.5799865722656,269.4364013671875,5374200
2021-10-08,CRM,Salesforce,275.5400085449219,276.9200134277344,272.2699890136719,272.4800109863281,267.375732421875,2683300
2021-10-11,CRM,Salesforce,271.7799987792969,276.2699890136719,271.510009765625,273.75,268.6219482421875,2693000
2021-10-12,CRM,Salesforce,276.4200134277344,280.75,276.0199890136719,279.0,273.7735595703125,5970100
2021-10-13,CRM,Salesforce,280.0,285.1000061035156,278.6000061035156,284.4100036621094,279.082275390625,6573500
2021-10-14,CRM,Salesforce,286.0,290.6400146484375,284.6600036621094,290.0199890136719,284.5871276855469,5433900
2021-10-15,CRM,Salesforce,292.489990234375,292.8699951171875,289.32000732421875,291.6600036621094,286.19647216796875,5119300
2021-10-18,CRM,Salesforce,290.7799987792969,293.25,288.7099914550781,291.70001220703125,286.2357177734375,5163300
2021-10-19,CRM,Salesforce,292.1000061035156,295.5299987792969,291.3599853515625,292.3399963378906,286.8637390136719,3631200
2021-10-20,CRM,Salesforce,293.1099853515625,295.4100036621094,287.95001220703125,290.0899963378906,284.6558837890625,4487900
2021-10-21,CRM,Salesforce,289.4700012207031,291.57000732421875,288.2699890136719,289.80999755859375,284.381103515625,2828500
2021-10-22,CRM,Salesforce,289.0,293.0,288.17999267578125,292.55999755859375,287.0796203613281,2927000
2021-10-25,CRM,Salesforce,293.29998779296875,295.1300048828125,291.7200012207031,293.9200134277344,288.41412353515625,2993500
2021-10-26,CRM,Salesforce,295.7799987792969,298.3599853515625,293.6199951171875,295.1099853515625,289.58184814453125,3601400
2021-10-27,CRM,Salesforce,296.5299987792969,299.19000244140625,295.0899963378906,295.1499938964844,289.6210632324219,3742700
2021-10-28,CRM,Salesforce,295.07000732421875,298.80999755859375,293.5299987792969,298.3800048828125,292.79058837890625,3450400
2021-10-29,CRM,Salesforce,298.0,300.7799987792969,296.2699890136719,299.69000244140625,294.0760498046875,4251900
2021-11-01,CRM,Salesforce,301.5,304.8599853515625,299.7200012207031,302.760009765625,297.0885314941406,3825100
2021-11-02,CRM,Salesforce,301.7200012207031,303.44000244140625,299.4100036621094,302.95001220703125,297.2749328613281,4177500
2021-11-03,CRM,Salesforce,303.95001220703125,303.95001220703125,298.19000244140625,302.8900146484375,297.2160949707031,3260200
2021-11-04,CRM,Salesforce,303.5,308.4100036621094,302.3999938964844,308.0400085449219,302.2696228027344,3833800
2021-11-05,CRM,Salesforce,308.5,311.3999938964844,303.3399963378906,307.25,301.4944763183594,4681800
2021-11-08,CRM,Salesforce,307.20001220703125,311.3900146484375,305.8999938964844,309.9599914550781,304.1536865234375,3893000
2021-11-09,CRM,Salesforce,310.0,311.75,307.2200012207031,309.7099914550781,303.9083251953125,3126500
2021-11-10,CRM,Salesforce,306.57000732421875,308.5899963378906,297.8900146484375,299.6700134277344,294.0564270019531,4350900
2021-11-11,CRM,Salesforce,301.5,305.75,301.5,302.9800109863281,297.3044128417969,2681900
2021-11-12,CRM,Salesforce,304.5,307.2200012207031,301.6300048828125,306.6499938964844,300.9056396484375,3803700
2021-11-15,CRM,Salesforce,306.8999938964844,307.760009765625,303.2300109863281,305.489990234375,299.7673645019531,3595300
2021-11-16,CRM,Salesforce,304.0799865722656,307.5799865722656,302.7200012207031,307.0899963378906,301.3374328613281,2989400
2021-11-17,CRM,Salesforce,307.7799987792969,309.8999938964844,307.25,308.0199890136719,302.25,3864700
2021-11-18,CRM,Salesforce,306.1600036621094,306.989990234375,299.5799865722656,302.989990234375,297.314208984375,4443100
2021-11-19,CRM,Salesforce,305.7099914550781,306.0,301.1000061035156,301.1700134277344,295.5283508300781,4758900
2021-11-22,CRM,Salesforce,301.8399963378906,305.489990234375,296.7200012207031,296.8399963378906,291.2794494628906,4474700
2021-11-23,CRM,Salesforce,293.6499938964844,296.4700012207031,288.30999755859375,291.4200134277344,285.9609375,6431100
2021-11-24,CRM,Salesforce,286.0400085449219,289.45001220703125,283.20001220703125,289.1700134277344,283.7530822753906,5091400
2021-11-26,CRM,Salesforce,284.5,287.57000732421875,283.0400085449219,284.2099914550781,278.885986328125,4195300
2021-11-29,CRM,Salesforce,289.5199890136719,298.3900146484375,284.70001220703125,296.739990234375,291.1813049316406,8215600
2021-11-30,CRM,Salesforce,296.19000244140625,299.2699890136719,283.3999938964844,284.9599914550781,279.6219482421875,13597600
2021-12-01,CRM,Salesforce,271.260009765625,276.94000244140625,251.4600067138672,251.5,246.7887420654297,30723100
2021-12-02,CRM,Salesforce,252.82000732421875,262.5799865722656,252.13999938964844,261.20001220703125,256.30706787109375,12200800
2021-12-03,CRM,Salesforce,261.54998779296875,261.75,251.6999969482422,258.32000732421875,253.48095703125,8944000
2021-12-06,CRM,Salesforce,256.1000061035156,259.2300109863281,250.7100067138672,258.75,253.90289306640625,7123000
2021-12-07,CRM,Salesforce,265.4700012207031,270.2300109863281,263.6000061035156,266.989990234375,261.9886169433594,7401200
2021-12-08,CRM,Salesforce,268.30999755859375,268.5,264.57000732421875,266.30999755859375,261.32135009765625,4586500
2021-12-09,CRM,Salesforce,266.0400085449219,266.67999267578125,262.6400146484375,264.32000732421875,259.36859130859375,3967000
2021-12-10,CRM,Salesforce,266.1000061035156,270.57000732421875,264.44000244140625,266.0299987792969,261.04656982421875,3480100
2021-12-13,CRM,Salesforce,265.79998779296875,270.55999755859375,264.6099853515625,265.760009765625,260.7816162109375,3625700
2021-12-14,CRM,Salesforce,262.0,262.1499938964844,253.3000030517578,255.58999633789062,250.8021240234375,7227300
2021-12-15,CRM,Salesforce,254.85000610351562,260.19000244140625,251.89999389648438,260.0400085449219,255.1687774658203,6484900
2021-12-16,CRM,Salesforce,260.0,261.3500061035156,252.22000122070312,253.1199951171875,248.37838745117188,6556700
2021-12-17,CRM,Salesforce,251.24000549316406,253.89999389648438,246.7899932861328,252.92999267578125,248.19192504882812,12119400
2021-12-20,CRM,Salesforce,249.88999938964844,251.5399932861328,246.5,247.2100067138672,242.57913208007812,5580100
2021-12-21,CRM,Salesforce,248.0,253.00999450683594,245.25,252.5500030517578,247.81907653808594,5428200
2021-12-22,CRM,Salesforce,253.4199981689453,254.25999450683594,249.50999450683594,252.8000030517578,248.0644073486328,4982400
2021-12-23,CRM,Salesforce,251.22999572753906,254.30999755859375,249.33999633789062,253.13999938964844,248.39804077148438,3769500
2021-12-27,CRM,Salesforce,253.38999938964844,258.42999267578125,253.24000549316406,258.29998779296875,253.46136474609375,3531800
2021-12-28,CRM,Salesforce,259.7300109863281,260.7799987792969,254.94000244140625,255.4499969482422,250.66473388671875,3293700
2021-12-29,CRM,Salesforce,256.0,256.42999267578125,253.1199951171875,254.5399932861328,249.77178955078125,2592700
2021-12-30,CRM,Salesforce,255.3000030517578,257.8999938964844,254.4600067138672,255.3300018310547,250.54701232910156,2950600
2021-12-31,CRM,Salesforce,254.47000122070312,256.489990234375,253.6300048828125,254.1300048828125,249.36949157714844,3169300
2022-01-03,CRM,Salesforce,255.00999450683594,256.70001220703125,248.64999389648438,255.4600067138672,250.67457580566406,4316800
2022-01-04,CRM,Salesforce,256.8500061035156,256.8699951171875,243.39999389648438,248.22999572753906,243.5800018310547,7240700
2022-01-05,CRM,Salesforce,236.1699981689453,238.1999969482422,227.30999755859375,227.6699981689453,223.4051513671875,18882500
2022-01-06,CRM,Salesforce,228.0399932861328,234.47999572753906,226.0500030517578,229.14999389648438,224.857421875,9376100
2022-01-07,CRM,Salesforce,228.5,232.27999877929688,226.0500030517578,228.30999755859375,224.03317260742188,6286700
2022-01-10,CRM,Salesforce,225.5,229.8300018310547,218.88999938964844,229.6300048828125,225.3284454345703,7803800
2022-01-11,CRM,Salesforce,228.8000030517578,236.35000610351562,226.55999755859375,234.83999633789062,230.44082641601562,7635300
2022-01-12,CRM,Salesforce,237.0,239.27999877929688,235.75999450683594,237.8300018310547,233.3748016357422,6718900
2022-01-13,CRM,Salesforce,237.5,238.7899932861328,227.9199981689453,228.6300048828125,224.34715270996094,6680300
2022-01-14,CRM,Salesforce,228.02999877929688,233.2899932861328,227.61000061035156,231.22999572753906,226.8984375,5805100
2022-01-18,CRM,Salesforce,228.4499969482422,230.72999572753906,225.3000030517578,226.05999755859375,221.82530212402344,6032000
2022-01-19,CRM,Salesforce,227.47000122070312,232.2100067138672,226.1699981689453,226.27000427246094,222.03140258789062,5332600
2022-01-20,CRM,Salesforce,229.07000732421875,231.39999389648438,222.49000549316406,222.94000244140625,218.76373291015625,5663700
2022-01-21,CRM,Salesforce,223.05999755859375,224.77000427246094,218.25,218.6300048828125,214.5345001220703,9128400
2022-01-24,CRM,Salesforce,212.38999938964844,223.3800048828125,207.50999450683594,223.02999877929688,218.85205078125,11664300
2022-01-25,CRM,Salesforce,221.0,223.89999389648438,214.6699981689453,215.38999938964844,211.35516357421875,9092700
2022-01-26,CRM,Salesforce,219.61000061035156,221.4600067138672,209.07000732421875,211.0,207.0474090576172,10029600
2022-01-27,CRM,Salesforce,214.0800018310547,223.14999389648438,212.05999755859375,212.74000549316406,208.75485229492188,9462100
2022-01-28,CRM,Salesforce,214.3000030517578,222.2899932861328,210.8800048828125,222.1300048828125,217.96893310546875,8254900
2022-01-31,CRM,Salesforce,222.9499969482422,232.91000366210938,222.25999450683594,232.6300048828125,228.27223205566406,7084200
2022-02-01,CRM,Salesforce,232.3699951171875,232.77999877929688,226.32000732421875,232.1199951171875,227.7717742919922,6387100
2022-02-02,CRM,Salesforce,233.74000549316406,234.49000549316406,223.02000427246094,225.00999450683594,220.7949676513672,9378900
2022-02-03,CRM,Salesforce,218.07000732421875,220.7899932861328,210.39999389648438,212.77000427246094,208.78428649902344,12826600
2022-02-04,CRM,Salesforce,214.99000549316406,221.6699981689453,213.19000244140625,219.22999572753906,215.12322998046875,6176500
2022-02-07,CRM,Salesforce,219.0,221.44000244140625,216.66000366210938,216.97000122070312,212.9055938720703,3922300
2022-02-08,CRM,Salesforce,215.60000610351562,217.94000244140625,212.14999389648438,217.42999267578125,213.3569793701172,5628700
2022-02-09,CRM,Salesforce,221.13999938964844,222.19000244140625,215.57000732421875,222.0399932861328,217.880615234375,6107700
2022-02-10,CRM,Salesforce,217.6999969482422,221.99000549316406,215.80999755859375,217.6699981689453,213.5924835205078,5312600
2022-02-11,CRM,Salesforce,217.6199951171875,219.92999267578125,206.11000061035156,207.89999389648438,204.00550842285156,8165600
2022-02-14,CRM,Salesforce,205.8000030517578,209.89999389648438,204.6300048828125,206.39999389648438,202.5336151123047,7005900
2022-02-15,CRM,Salesforce,209.75,214.57000732421875,208.52000427246094,214.25,210.23654174804688,6353000
2022-02-16,CRM,Salesforce,211.0,212.4199981689453,208.2100067138672,211.74000549316406,207.77357482910156,7072700
2022-02-17,CRM,Salesforce,208.3300018310547,209.75,199.5,200.02999877929688,196.2829132080078,8820100
2022-02-18,CRM,Salesforce,200.39999389648438,202.60000610351562,195.7899932861328,196.83999633789062,193.15269470214844,6691800
2022-02-22,CRM,Salesforce,195.52999877929688,201.4600067138672,193.52999877929688,195.1300048828125,191.47471618652344,8434800
2022-02-23,CRM,Salesforce,196.35000610351562,199.0,190.1300048828125,190.5399932861328,186.97067260742188,7784300
2022-02-24,CRM,Salesforce,184.74000549316406,204.89999389648438,184.44000244140625,204.2899932861328,200.4630889892578,11792600
2022-02-25,CRM,Salesforce,204.72000122070312,208.47000122070312,201.61000061035156,208.08999633789062,204.19190979003906,5853600
2022-02-28,CRM,Salesforce,207.7899932861328,211.6699981689453,206.9499969482422,210.52999877929688,206.58621215820312,7904700
2022-03-01,CRM,Salesforce,213.39999389648438,214.38999938964844,208.4600067138672,208.88999938964844,204.9769287109375,12587300
2022-03-02,CRM,Salesforce,216.10000610351562,217.30999755859375,201.14999389648438,210.38999938964844,206.44883728027344,16670100
2022-03-03,CRM,Salesforce,210.38999938964844,211.6300048828125,204.22000122070312,204.75,200.9145050048828,6559900
2022-03-04,CRM,Salesforce,204.6999969482422,206.3800048828125,199.25999450683594,203.00999450683594,199.20709228515625,6813600
2022-03-07,CRM,Salesforce,203.4499969482422,204.92999267578125,196.0399932861328,196.22999572753906,192.5541229248047,7043500
2022-03-08,CRM,Salesforce,194.27999877929688,197.1999969482422,189.1999969482422,192.0800018310547,188.48184204101562,8229000
2022-03-09,CRM,Salesforce,198.35000610351562,205.22999572753906,197.22000122070312,203.16000366210938,199.3542938232422,6881300
2022-03-10,CRM,Salesforce,199.10000610351562,201.1999969482422,197.52999877929688,200.14999389648438,196.4006805419922,5604200
2022-03-11,CRM,Salesforce,204.77000427246094,204.77000427246094,197.6300048828125,197.89999389648438,194.1928253173828,5196900
2022-03-14,CRM,Salesforce,198.24000549316406,200.16000366210938,191.82000732421875,193.1199951171875,189.5023651123047,5665500
2022-03-15,CRM,Salesforce,198.52999877929688,199.9600067138672,192.74000549316406,196.13999938964844,192.4658203125,5276300
2022-03-16,CRM,Salesforce,198.66000366210938,205.89999389648438,197.3300018310547,205.57000732421875,201.71914672851562,6043400
2022-03-17,CRM,Salesforce,204.6199951171875,210.67999267578125,202.55999755859375,210.41000366210938,206.4684600830078,5842600
2022-03-18,CRM,Salesforce,209.22999572753906,219.5800018310547,208.30999755859375,218.8000030517578,214.7012939453125,12220600
2022-03-21,CRM,Salesforce,218.19000244140625,219.10000610351562,210.61000061035156,213.72000122070312,209.71646118164062,6448700
2022-03-22,CRM,Salesforce,213.72000122070312,221.85000610351562,212.6199951171875,218.2100067138672,214.1223602294922,7018800
2022-03-23,CRM,Salesforce,213.8699951171875,213.92999267578125,208.30999755859375,211.11000061035156,207.15536499023438,8404700
2022-03-24,CRM,Salesforce,212.35000610351562,214.11000061035156,209.8699951171875,213.97999572753906,209.97158813476562,4150300
2022-03-25,CRM,Salesforce,214.27000427246094,215.86000061035156,208.47999572753906,211.02999877929688,207.0768585205078,3656500
2022-03-28,CRM,Salesforce,210.3800048828125,215.3800048828125,209.3000030517578,215.27999877929688,211.24725341796875,4290900
2022-03-29,CRM,Salesforce,218.6199951171875,222.16000366210938,216.77000427246094,221.2899932861328,217.1446533203125,5370400
2022-03-30,CRM,Salesforce,219.7100067138672,219.85000610351562,213.39999389648438,214.94000244140625,210.91363525390625,4951200
2022-03-31,CRM,Salesforce,214.5,216.7899932861328,211.7899932861328,212.32000732421875,208.34266662597656,7141300
2022-04-01,CRM,Salesforce,212.47999572753906,214.02999877929688,210.0399932861328,212.25,208.27398681640625,6007900
2022-04-04,CRM,Salesforce,214.6300048828125,221.0,214.10000610351562,218.85000610351562,214.75038146972656,7843600
2022-04-05,CRM,Salesforce,218.0,218.27000427246094,208.6699981689453,210.13999938964844,206.20350646972656,7304600
2022-04-06,CRM,Salesforce,205.2100067138672,205.47000122070312,198.0800018310547,200.82000732421875,197.05813598632812,7171300
2022-04-07,CRM,Salesforce,199.1199951171875,202.72000122070312,198.19000244140625,200.16000366210938,196.41049194335938,5246000
2022-04-08,CRM,Salesforce,198.63999938964844,200.13999938964844,196.6199951171875,197.1699981689453,193.4764862060547,3897700
2022-04-11,CRM,Salesforce,194.2100067138672,197.10000610351562,192.16000366210938,195.4499969482422,191.78871154785156,5173800
2022-04-12,CRM,Salesforce,199.75,201.1199951171875,194.5800018310547,194.80999755859375,191.16070556640625,4832200
2022-04-13,CRM,Salesforce,191.99000549316406,197.10000610351562,189.32000732421875,195.72000122070312,192.0536651611328,8733000
2022-04-14,CRM,Salesforce,196.32000732421875,196.4499969482422,189.22000122070312,189.41000366210938,185.86184692382812,5126700
2022-04-18,CRM,Salesforce,188.3000030517578,189.35000610351562,185.52999877929688,187.00999450683594,183.50680541992188,4899500
2022-04-19,CRM,Salesforce,187.24000549316406,192.1999969482422,185.52000427246094,191.38999938964844,187.8047637939453,6120400
2022-04-20,CRM,Salesforce,192.88999938964844,193.3000030517578,186.0800018310547,186.22999572753906,182.7414093017578,6015400
2022-04-21,CRM,Salesforce,188.77999877929688,190.1699981689453,176.74000549316406,177.22999572753906,173.9100341796875,9119500
2022-04-22,CRM,Salesforce,177.6999969482422,179.0500030517578,171.10000610351562,171.42999267578125,168.21864318847656,8843900
2022-04-25,CRM,Salesforce,169.69000244140625,174.75999450683594,169.22999572753906,174.57000732421875,171.2998504638672,7988900
2022-04-26,CRM,Salesforce,172.6199951171875,173.72000122070312,167.5500030517578,170.0800018310547,166.89393615722656,8073300
2022-04-27,CRM,Salesforce,171.0,177.22999572753906,170.6300048828125,174.67999267578125,171.40777587890625,9644600
2022-04-28,CRM,Salesforce,181.41000366210938,186.92999267578125,178.97999572753906,185.74000549316406,182.2606201171875,10614800
2022-04-29,CRM,Salesforce,182.57000732421875,185.36000061035156,175.3000030517578,175.94000244140625,172.64418029785156,7110800
2022-05-02,CRM,Salesforce,175.08999633789062,177.77999877929688,173.1199951171875,177.57000732421875,174.24366760253906,6278400
2022-05-03,CRM,Salesforce,176.9499969482422,180.38999938964844,176.1300048828125,178.36000061035156,175.0188751220703,5047700
2022-05-04,CRM,Salesforce,179.7100067138672,185.97999572753906,174.74000549316406,185.47999572753906,182.00547790527344,7563100
2022-05-05,CRM,Salesforce,180.49000549316406,182.24000549316406,169.82000732421875,172.3000030517578,169.07237243652344,8379400
2022-05-06,CRM,Salesforce,169.49000549316406,172.42999267578125,165.5800018310547,169.6999969482422,166.52110290527344,7232700
2022-05-09,CRM,Salesforce,166.72000122070312,170.2899932861328,162.1300048828125,163.60000610351562,160.5353546142578,9997800
2022-05-10,CRM,Salesforce,167.4199981689453,171.25999450683594,163.27999877929688,167.14999389648438,164.0188446044922,8598700
2022-05-11,CRM,Salesforce,165.5,169.97999572753906,160.8300018310547,161.27000427246094,158.24899291992188,7220100
2022-05-12,CRM,Salesforce,156.92999267578125,166.85000610351562,154.63999938964844,160.4199981689453,157.4149169921875,10187500
2022-05-13,CRM,Salesforce,163.5500030517578,168.67999267578125,162.00999450683594,166.91000366210938,163.7833251953125,6499700
2022-05-16,CRM,Salesforce,164.74000549316406,166.11000061035156,161.8800048828125,164.1199951171875,161.0456085205078,5065800
2022-05-17,CRM,Salesforce,167.3300018310547,169.10000610351562,158.27000427246094,163.72999572753906,160.6628875732422,7317700
2022-05-18,CRM,Salesforce,162.82000732421875,164.52000427246094,156.19000244140625,157.3300018310547,154.38279724121094,7454400
2022-05-19,CRM,Salesforce,155.22999572753906,159.25,154.72999572753906,155.60000610351562,152.68521118164062,8382200
2022-05-20,CRM,Salesforce,158.74000549316406,160.72999572753906,154.5500030517578,159.64999389648438,156.6593475341797,9068700
2022-05-23,CRM,Salesforce,159.83999633789062,160.72999572753906,155.91000366210938,160.32000732421875,157.31678771972656,6148800
2022-05-24,CRM,Salesforce,157.77000427246094,158.38999938964844,154.5500030517578,156.92999267578125,153.99029541015625,6928400
2022-05-25,CRM,Salesforce,155.32000732421875,161.88999938964844,155.32000732421875,159.64999389648438,156.6593475341797,7436800
2022-05-26,CRM,Salesforce,159.69000244140625,163.69000244140625,157.57000732421875,162.4600067138672,159.41671752929688,6697700
2022-05-27,CRM,Salesforce,160.6699981689453,165.22999572753906,160.25,165.10000610351562,162.00726318359375,7883600
2022-05-31,CRM,Salesforce,166.9600067138672,167.27999877929688,159.35000610351562,160.24000549316406,157.23826599121094,18114600
2022-06-01,CRM,Salesforce,178.00999450683594,184.4199981689453,174.3699951171875,176.07000732421875,172.771728515625,37037400
2022-06-02,CRM,Salesforce,175.0,190.1300048828125,174.6999969482422,188.39999389648438,184.87078857421875,19231200
2022-06-03,CRM,Salesforce,185.0,189.63999938964844,183.8000030517578,184.91000366210938,181.44615173339844,9224000
2022-06-06,CRM,Salesforce,188.92999267578125,190.4199981689453,181.6999969482422,182.8699951171875,179.4443817138672,5811700
2022-06-07,CRM,Salesforce,181.7100067138672,188.60000610351562,181.7100067138672,187.14999389648438,183.64418029785156,6331100
2022-06-08,CRM,Salesforce,187.0,190.55999755859375,185.38999938964844,189.19000244140625,185.64598083496094,6226200
2022-06-09,CRM,Salesforce,188.52999877929688,192.67999267578125,186.61000061035156,187.11000061035156,183.6049346923828,8467700
2022-06-10,CRM,Salesforce,183.6300048828125,183.9499969482422,177.1999969482422,178.4499969482422,175.107177734375,7855800
2022-06-13,CRM,Salesforce,170.5500030517578,172.67999267578125,165.05999755859375,166.02999877929688,162.91983032226562,10726200
2022-06-14,CRM,Salesforce,168.72999572753906,169.6300048828125,162.14999389648438,164.4499969482422,161.36941528320312,8576200
2022-06-15,CRM,Salesforce,166.72999572753906,171.5,164.67999267578125,168.5500030517578,165.3926239013672,7740700
2022-06-16,CRM,Salesforce,163.72999572753906,166.89999389648438,158.6199951171875,159.85000610351562,156.85557556152344,8090900
2022-06-17,CRM,Salesforce,158.55999755859375,166.22999572753906,158.1699981689453,163.25999450683594,160.20172119140625,13074600
2022-06-21,CRM,Salesforce,165.0500030517578,169.35000610351562,164.89999389648438,166.8300018310547,163.704833984375,6736800
2022-06-22,CRM,Salesforce,164.6999969482422,170.4499969482422,164.2100067138672,167.4499969482422,164.313232421875,5864500
2022-06-23,CRM,Salesforce,169.08999633789062,173.38999938964844,167.1199951171875,173.0500030517578,169.80831909179688,7258000
2022-06-24,CRM,Salesforce,177.72000122070312,186.41000366210938,176.5500030517578,185.9199981689453,182.43722534179688,12107100
2022-06-27,CRM,Salesforce,186.11000061035156,186.5800018310547,180.47000122070312,181.30999755859375,177.91357421875,6170600
2022-06-28,CRM,Salesforce,180.2899932861328,182.3300018310547,171.44000244140625,171.4600067138672,168.2481231689453,6668600
2022-06-29,CRM,Salesforce,172.5,173.77999877929688,168.05999755859375,170.61000061035156,167.4140167236328,5430400
2022-06-30,CRM,Salesforce,165.0500030517578,167.5,161.11000061035156,165.0399932861328,161.94839477539062,9539400
2022-07-01,CRM,Salesforce,164.75999450683594,169.14999389648438,164.0500030517578,168.1999969482422,165.04916381835938,4561600
2022-07-05,CRM,Salesforce,166.10000610351562,172.35000610351562,164.61000061035156,172.1999969482422,168.97421264648438,4614200
2022-07-06,CRM,Salesforce,173.52000427246094,175.05999755859375,170.8300018310547,172.72999572753906,169.49432373046875,4085100
2022-07-07,CRM,Salesforce,174.1699981689453,176.94000244140625,173.1699981689453,176.63999938964844,173.33106994628906,4000100
2022-07-08,CRM,Salesforce,174.0500030517578,176.61000061035156,172.83999633789062,175.5,172.21243286132812,2869200
2022-07-11,CRM,Salesforce,174.0,176.32000732421875,171.25999450683594,174.36000061035156,171.0937957763672,3689300
2022-07-12,CRM,Salesforce,172.2100067138672,173.3800048828125,164.35000610351562,166.3300018310547,163.21420288085938,7073000
2022-07-13,CRM,Salesforce,162.41000366210938,165.83999633789062,161.1699981689453,163.49000549316406,160.4274139404297,6225900
2022-07-14,CRM,Salesforce,161.02999877929688,161.7100067138672,157.64999389648438,161.0399932861328,158.02328491210938,6096100
2022-07-15,CRM,Salesforce,163.7100067138672,167.61000061035156,162.22000122070312,167.3800048828125,164.24456787109375,6037700
2022-07-18,CRM,Salesforce,168.9499969482422,172.63999938964844,167.11000061035156,167.88999938964844,164.74497985839844,3818200
2022-07-19,CRM,Salesforce,170.9199981689453,174.10000610351562,167.80999755859375,173.80999755859375,170.5540771484375,4373400
2022-07-20,CRM,Salesforce,176.10000610351562,183.5,175.61000061035156,182.4499969482422,179.03224182128906,5654000
2022-07-21,CRM,Salesforce,180.66000366210938,185.52999877929688,179.91000366210938,185.35000610351562,181.87791442871094,3886000
2022-07-22,CRM,Salesforce,185.07000732421875,187.55999755859375,180.92999267578125,182.47000122070312,179.0518798828125,3804700
2022-07-25,CRM,Salesforce,181.8300018310547,181.99000549316406,175.0800018310547,177.2899932861328,173.96888732910156,4407900
2022-07-26,CRM,Salesforce,177.11000061035156,177.1300048828125,169.75999450683594,170.4600067138672,167.26683044433594,3886500
2022-07-27,CRM,Salesforce,174.86000061035156,182.22999572753906,174.35000610351562,180.3000030517578,176.9224853515625,4960900
2022-07-28,CRM,Salesforce,178.41000366210938,181.8800048828125,175.92999267578125,181.2899932861328,177.8939666748047,4562100
2022-07-29,CRM,Salesforce,181.82000732421875,184.4199981689453,180.22000122070312,184.02000427246094,180.57284545898438,4751400
2022-08-01,CRM,Salesforce,181.3000030517578,185.17999267578125,179.75999450683594,182.97999572753906,179.55230712890625,3997100
2022-08-02,CRM,Salesforce,180.80999755859375,185.13999938964844,179.42999267578125,183.7899932861328,180.34713745117188,4317900
2022-08-03,CRM,Salesforce,185.52999877929688,190.67999267578125,185.3699951171875,189.64999389648438,186.09735107421875,5786300
2022-08-04,CRM,Salesforce,188.55999755859375,191.5800018310547,187.25,191.27000427246094,187.68701171875,3759700
2022-08-05,CRM,Salesforce,187.0,191.8000030517578,186.27999877929688,190.1699981689453,186.6075897216797,4090300
2022-08-08,CRM,Salesforce,191.08999633789062,194.3699951171875,189.0800018310547,189.75,186.1954803466797,3396800
2022-08-09,CRM,Salesforce,186.3000030517578,187.1300048828125,179.82000732421875,182.24000549316406,178.826171875,5851700
2022-08-10,CRM,Salesforce,188.16000366210938,189.57000732421875,186.2100067138672,188.61000061035156,185.07684326171875,4179200
2022-08-11,CRM,Salesforce,192.1300048828125,192.5,186.32000732421875,186.72999572753906,183.23207092285156,4175100
2022-08-12,CRM,Salesforce,186.6300048828125,190.02000427246094,185.50999450683594,189.88999938964844,186.33287048339844,3846200
2022-08-15,CRM,Salesforce,189.0500030517578,192.11000061035156,188.89999389648438,191.05999755859375,187.48094177246094,2768500
2022-08-16,CRM,Salesforce,189.5500030517578,190.85000610351562,186.36000061035156,189.58999633789062,186.03848266601562,3835900
2022-08-17,CRM,Salesforce,187.72000122070312,189.42999267578125,186.47000122070312,187.9600067138672,184.43902587890625,3181300
2022-08-18,CRM,Salesforce,188.4199981689453,188.57000732421875,186.61000061035156,187.92999267578125,184.40957641601562,2791600
2022-08-19,CRM,Salesforce,185.22000122070312,185.44000244140625,181.5800018310547,183.77000427246094,180.3275146484375,4346100
2022-08-22,CRM,Salesforce,180.0,180.58999633789062,176.05999755859375,176.97999572753906,173.66470336914062,5182900
2022-08-23,CRM,Salesforce,175.8800048828125,178.11000061035156,174.91000366210938,176.0,172.70306396484375,5076800
2022-08-24,CRM,Salesforce,176.6699981689453,181.22999572753906,176.05999755859375,180.00999450683594,176.63790893554688,11438800
2022-08-25,CRM,Salesforce,168.5800018310547,174.13999938964844,165.55999755859375,173.91000366210938,170.65220642089844,24025600
2022-08-26,CRM,Salesforce,173.9600067138672,176.3000030517578,164.6300048828125,165.22999572753906,162.13478088378906,11074700
2022-08-29,CRM,Salesforce,164.27999877929688,165.82000732421875,160.0500030517578,160.2100067138672,157.20884704589844,9329900
2022-08-30,CRM,Salesforce,162.13999938964844,163.85000610351562,158.3800048828125,159.6699981689453,156.67893981933594,8079400
2022-08-31,CRM,Salesforce,159.7899932861328,161.2100067138672,155.97000122070312,156.1199951171875,153.1954803466797,9166100
2022-09-01,CRM,Salesforce,154.8699951171875,155.3300018310547,150.8699951171875,153.52999877929688,150.65396118164062,9924000
2022-09-02,CRM,Salesforce,156.4600067138672,158.6699981689453,152.9600067138672,153.69000244140625,150.8109893798828,7315700
2022-09-06,CRM,Salesforce,152.8800048828125,154.42999267578125,150.82000732421875,151.72000122070312,148.87786865234375,6373700
2022-09-07,CRM,Salesforce,151.2899932861328,154.05999755859375,150.47999572753906,153.27999877929688,150.40863037109375,6211400
2022-09-08,CRM,Salesforce,152.32000732421875,157.02999877929688,151.77999877929688,156.89999389648438,153.96084594726562,6659200
2022-09-09,CRM,Salesforce,158.60000610351562,163.2899932861328,158.47000122070312,162.58999633789062,159.54429626464844,5642300
2022-09-12,CRM,Salesforce,163.69000244140625,165.66000366210938,162.74000549316406,165.6300048828125,162.52732849121094,6353400
2022-09-13,CRM,Salesforce,158.25,161.25999450683594,157.80999755859375,158.10000610351562,155.13836669921875,5463200
2022-09-14,CRM,Salesforce,158.58999633789062,161.64999389648438,158.00999450683594,160.27999877929688,157.27755737304688,6037300
2022-09-15,CRM,Salesforce,156.8000030517578,159.83999633789062,154.30999755859375,154.77999877929688,151.8805694580078,7012200
2022-09-16,CRM,Salesforce,151.9199981689453,152.2100067138672,149.55999755859375,151.50999450683594,148.6717987060547,9882300
2022-09-19,CRM,Salesforce,150.7100067138672,153.5399932861328,150.39999389648438,152.8300018310547,149.96710205078125,4874800
2022-09-20,CRM,Salesforce,151.0,151.5800018310547,148.85000610351562,149.8000030517578,146.9938507080078,5505700
2022-09-21,CRM,Salesforce,151.22000122070312,153.3000030517578,147.50999450683594,147.6300048828125,144.86451721191406,6164400
2022-09-22,CRM,Salesforce,149.50999450683594,152.86000061035156,149.14999389648438,150.14999389648438,147.33729553222656,12405100
2022-09-23,CRM,Salesforce,148.07000732421875,149.83999633789062,144.7899932861328,147.00999450683594,144.256103515625,9175800
2022-09-26,CRM,Salesforce,147.0,151.19000244140625,145.35000610351562,146.32000732421875,143.57907104492188,7862400
2022-09-27,CRM,Salesforce,148.3699951171875,150.61000061035156,146.25999450683594,148.88999938964844,146.10092163085938,7046600
2022-09-28,CRM,Salesforce,146.0,150.8800048828125,145.6699981689453,150.1699981689453,147.35694885253906,7908400
2022-09-29,CRM,Salesforce,148.4499969482422,148.97999572753906,145.00999450683594,146.80999755859375,144.0598602294922,8602500
2022-09-30,CRM,Salesforce,146.00999450683594,148.6300048828125,143.75,143.83999633789062,141.14547729492188,7575600
2022-10-03,CRM,Salesforce,144.97999572753906,148.9600067138672,143.89999389648438,147.89999389648438,145.12945556640625,6819900
2022-10-04,CRM,Salesforce,151.6999969482422,157.4199981689453,151.22000122070312,155.72999572753906,152.8127899169922,8017900
2022-10-05,CRM,Salesforce,152.1999969482422,156.9600067138672,151.94000244140625,156.22999572753906,153.30340576171875,4256200
2022-10-06,CRM,Salesforce,155.72000122070312,158.25,154.44000244140625,155.4600067138672,152.54786682128906,3853900
2022-10-07,CRM,Salesforce,151.8000030517578,153.1699981689453,149.27000427246094,150.2899932861328,147.4746856689453,5956700
2022-10-10,CRM,Salesforce,150.6199951171875,150.9600067138672,144.5800018310547,145.63999938964844,142.91177368164062,5497800
2022-10-11,CRM,Salesforce,144.50999450683594,144.97000122070312,139.52000427246094,142.57000732421875,139.89927673339844,7415000
2022-10-12,CRM,Salesforce,142.30999755859375,143.44000244140625,139.5800018310547,142.2899932861328,139.62454223632812,5707100
2022-10-13,CRM,Salesforce,138.9600067138672,146.33999633789062,137.58999633789062,145.44000244140625,142.71554565429688,6548600
2022-10-14,CRM,Salesforce,147.3300018310547,147.6999969482422,142.0,142.22000122070312,139.55584716796875,5736300
2022-10-17,CRM,Salesforce,146.07000732421875,149.0,145.94000244140625,147.17999267578125,144.42294311523438,6288200
2022-10-18,CRM,Salesforce,156.4499969482422,158.97000122070312,151.89999389648438,153.52999877929688,150.65396118164062,16354800
2022-10-19,CRM,Salesforce,151.86000061035156,155.9499969482422,150.63999938964844,153.6699981689453,150.79135131835938,6220500
2022-10-20,CRM,Salesforce,155.0,161.3000030517578,153.60000610351562,157.5,154.5496063232422,9203400
2022-10-21,CRM,Salesforce,157.5,160.42999267578125,154.82000732421875,160.1699981689453,157.16957092285156,8335500
2022-10-24,CRM,Salesforce,161.17999267578125,161.57000732421875,158.39999389648438,160.64999389648438,157.64059448242188,6259200
2022-10-25,CRM,Salesforce,161.6999969482422,166.02999877929688,161.69000244140625,165.27000427246094,162.17405700683594,5804500
2022-10-26,CRM,Salesforce,159.8000030517578,164.1199951171875,158.6999969482422,159.91000366210938,156.91445922851562,6617500
2022-10-27,CRM,Salesforce,161.8000030517578,164.66000366210938,159.32000732421875,159.75,156.75746154785156,4987700
2022-10-28,CRM,Salesforce,159.50999450683594,163.08999633789062,158.1699981689453,163.02000427246094,159.96621704101562,5055400
2022-10-31,CRM,Salesforce,162.1199951171875,164.0,161.0,162.58999633789062,159.54429626464844,4878100
2022-11-01,CRM,Salesforce,165.0,165.6999969482422,159.63999938964844,159.82000732421875,156.826171875,4545900
2022-11-02,CRM,Salesforce,159.50999450683594,159.77000427246094,149.9600067138672,150.00999450683594,147.1999053955078,7238200
2022-11-03,CRM,Salesforce,149.0,150.4199981689453,146.1300048828125,146.3300018310547,143.5888671875,5999400
2022-11-04,CRM,Salesforce,146.5,146.9499969482422,136.0399932861328,139.77000427246094,137.1517333984375,14265300
2022-11-07,CRM,Salesforce,140.6199951171875,144.92999267578125,138.77000427246094,144.58999633789062,141.88145446777344,7379900
2022-11-08,CRM,Salesforce,145.08999633789062,151.55999755859375,145.0800018310547,147.10000610351562,144.34445190429688,9101800
2022-11-09,CRM,Salesforce,145.85000610351562,146.3300018310547,141.94000244140625,142.05999755859375,139.3988494873047,5588500
2022-11-10,CRM,Salesforce,151.0,156.3699951171875,149.72999572753906,156.3000030517578,153.37208557128906,8777900
2022-11-11,CRM,Salesforce,156.49000549316406,159.9199981689453,155.5800018310547,157.72999572753906,154.77529907226562,7382500
2022-11-14,CRM,Salesforce,155.82000732421875,160.16000366210938,154.64999389648438,158.66000366210938,155.68789672851562,6580100
2022-11-15,CRM,Salesforce,162.67999267578125,165.25,160.75,162.07000732421875,159.0340118408203,8116100
2022-11-16,CRM,Salesforce,160.0,160.82000732421875,153.8300018310547,155.1199951171875,152.2141876220703,6454700
2022-11-17,CRM,Salesforce,150.19000244140625,151.75999450683594,148.33999633789062,149.69000244140625,146.8859405517578,7357900
2022-11-18,CRM,Salesforce,151.83999633789062,152.32000732421875,145.64999389648438,148.0399932861328,145.26681518554688,7555700
2022-11-21,CRM,Salesforce,146.02000427246094,147.33999633789062,143.39999389648438,144.85000610351562,142.13658142089844,8015900
2022-11-22,CRM,Salesforce,145.1999969482422,149.3800048828125,142.9199981689453,149.25,146.45416259765625,7017700
2022-11-23,CRM,Salesforce,147.6199951171875,152.91000366210938,147.5500030517578,152.24000549316406,149.38816833496094,5558900
2022-11-25,CRM,Salesforce,152.07000732421875,154.0399932861328,151.3800048828125,153.35000610351562,150.4773406982422,3023700
2022-11-28,CRM,Salesforce,152.0,155.32000732421875,152.0,153.69000244140625,150.8109893798828,7931700
2022-11-29,CRM,Salesforce,152.72000122070312,154.02000427246094,151.25999450683594,151.67999267578125,148.83863830566406,6398100
2022-11-30,CRM,Salesforce,150.75,160.25,150.1300048828125,160.25,157.2480926513672,14591500
2022-12-01,CRM,Salesforce,147.5500030517578,147.58999633789062,142.0800018310547,147.0,144.2462921142578,33721500
2022-12-02,CRM,Salesforce,144.2899932861328,145.2100067138672,142.77999877929688,144.55999755859375,141.8520050048828,15086700
2022-12-05,CRM,Salesforce,142.8000030517578,144.38999938964844,132.8800048828125,133.92999267578125,131.42112731933594,20294600
2022-12-06,CRM,Salesforce,132.7100067138672,134.5500030517578,130.91000366210938,133.27000427246094,130.77349853515625,16981800
2022-12-07,CRM,Salesforce,132.5,133.75,130.02000427246094,130.47999572753906,128.03578186035156,12915900
2022-12-08,CRM,Salesforce,128.42999267578125,131.4600067138672,127.0199966430664,130.1300048828125,127.69231414794922,15156900
2022-12-09,CRM,Salesforce,129.74000549316406,133.3699951171875,128.36000061035156,131.11000061035156,128.6539306640625,10287500
2022-12-12,CRM,Salesforce,131.10000610351562,134.08999633789062,130.9499969482422,133.11000061035156,130.61651611328125,11852400
2022-12-13,CRM,Salesforce,137.38999938964844,139.8800048828125,134.0399932861328,135.6199951171875,133.07945251464844,12579800
2022-12-14,CRM,Salesforce,135.00999450683594,137.27000427246094,133.22999572753906,134.75,132.22576904296875,9611800
2022-12-15,CRM,Salesforce,131.6699981689453,134.1199951171875,129.67999267578125,130.44000244140625,127.99651336669922,10807300
2022-12-16,CRM,Salesforce,128.9199981689453,129.8800048828125,126.88999938964844,128.27000427246094,125.86717224121094,15464700
2022-12-19,CRM,Salesforce,127.7699966430664,129.5800018310547,127.19999694824219,129.00999450683594,126.59331512451172,9441400
2022-12-20,CRM,Salesforce,127.5,129.99000549316406,127.19000244140625,128.4499969482422,126.04379272460938,8455500
2022-12-21,CRM,Salesforce,127.95999908447266,132.16000366210938,126.5999984741211,130.3000030517578,127.85913848876953,9313200
2022-12-22,CRM,Salesforce,128.6699981689453,129.5399932861328,126.33999633789062,129.19000244140625,126.76994323730469,9968600
2022-12-23,CRM,Salesforce,128.72999572753906,129.86000061035156,127.58999633789062,129.44000244140625,127.0152587890625,5821300
2022-12-27,CRM,Salesforce,128.55999755859375,131.75,127.6500015258789,130.66000366210938,128.21241760253906,8300800
2022-12-28,CRM,Salesforce,129.7100067138672,131.13999938964844,128.1699981689453,128.47000122070312,126.06343841552734,6249800
2022-12-29,CRM,Salesforce,129.6999969482422,132.9499969482422,129.5,132.5399932861328,130.0571746826172,7628800
2022-12-30,CRM,Salesforce,130.61000061035156,132.63999938964844,130.36000061035156,132.58999633789062,130.1062469482422,5630200
2023-01-03,CRM,Salesforce,135.19000244140625,136.9499969482422,133.02999877929688,134.77999877929688,132.2552032470703,8196400
2023-01-04,CRM,Salesforce,141.22000122070312,141.85000610351562,137.6199951171875,139.58999633789062,136.97512817382812,14322600
2023-01-05,CRM,Salesforce,137.63999938964844,138.58999633789062,134.24000549316406,136.33999633789062,133.78598022460938,8493500
2023-01-06,CRM,Salesforce,137.5800018310547,141.64999389648438,135.5500030517578,140.50999450683594,137.8778839111328,9145700
2023-01-09,CRM,Salesforce,142.58999633789062,149.1999969482422,142.58999633789062,147.10000610351562,144.34445190429688,13679700
2023-01-10,CRM,Salesforce,145.80999755859375,149.27999877929688,145.60000610351562,147.44000244140625,144.67807006835938,6527700
2023-01-11,CRM,Salesforce,145.27999877929688,147.0399932861328,143.55999755859375,144.89999389648438,142.18563842773438,13595000
2023-01-12,CRM,Salesforce,147.83999633789062,149.82000732421875,143.94000244140625,149.60000610351562,146.797607421875,11678000
2023-01-13,CRM,Salesforce,146.1999969482422,149.9600067138672,146.08999633789062,149.50999450683594,146.70928955078125,8378100
2023-01-17,CRM,Salesforce,149.60000610351562,150.49000549316406,146.10000610351562,148.47000122070312,145.68878173828125,9407600
2023-01-18,CRM,Salesforce,148.86000061035156,149.5399932861328,145.2899932861328,145.4499969482422,142.72532653808594,7812600
2023-01-19,CRM,Salesforce,143.52000427246094,146.67999267578125,143.16000366210938,146.41000366210938,143.66734313964844,7070100
2023-01-20,CRM,Salesforce,144.3000030517578,151.52999877929688,144.3000030517578,151.25,148.41665649414062,10127100
2023-01-23,CRM,Salesforce,157.35000610351562,157.8699951171875,153.22999572753906,155.8699951171875,152.9501190185547,19922900
2023-01-24,CRM,Salesforce,155.89999389648438,160.2100067138672,154.5,154.86000061035156,151.95907592773438,6390200
2023-01-25,CRM,Salesforce,151.2100067138672,156.39999389648438,149.82000732421875,156.1699981689453,153.24452209472656,9390500
2023-01-26,CRM,Salesforce,158.19000244140625,165.1699981689453,158.10000610351562,165.08999633789062,161.99745178222656,13354600
2023-01-27,CRM,Salesforce,165.0500030517578,167.24000549316406,163.60000610351562,164.52000427246094,161.4381103515625,9872300
2023-01-30,CRM,Salesforce,164.07000732421875,166.44000244140625,163.39999389648438,164.75,161.6637725830078,8169800
2023-01-31,CRM,Salesforce,164.27999877929688,168.00999450683594,164.27999877929688,167.97000122070312,164.82347106933594,6421300
2023-02-01,CRM,Salesforce,167.72999572753906,173.0800018310547,167.0,171.82000732421875,168.60137939453125,8853900
2023-02-02,CRM,Salesforce,175.7100067138672,178.83999633789062,172.89999389648438,174.63999938964844,171.36854553222656,10667100
2023-02-03,CRM,Salesforce,170.02000427246094,175.0800018310547,169.86000061035156,171.0399932861328,167.83595275878906,6481700
2023-02-06,CRM,Salesforce,168.0,171.1699981689453,167.35000610351562,169.0500030517578,165.88323974609375,4310600
2023-02-07,CRM,Salesforce,167.57000732421875,171.72999572753906,166.61000061035156,171.27999877929688,168.0714874267578,6179200
2023-02-08,CRM,Salesforce,170.0,172.4499969482422,169.22999572753906,169.6300048828125,166.45240783691406,7694500
2023-02-09,CRM,Salesforce,173.3300018310547,175.3800048828125,172.00999450683594,173.66000366210938,170.4069061279297,11512300
2023-02-10,CRM,Salesforce,167.66000366210938,169.74000549316406,165.3300018310547,167.02999877929688,163.90109252929688,11273700
2023-02-13,CRM,Salesforce,168.27999877929688,171.16000366210938,166.9499969482422,171.0800018310547,167.87522888183594,8820300
2023-02-14,CRM,Salesforce,168.22000122070312,172.7899932861328,167.85000610351562,169.9600067138672,166.7761993408203,8393100
2023-02-15,CRM,Salesforce,168.85000610351562,171.61000061035156,168.24000549316406,171.10000610351562,167.89483642578125,4997000
2023-02-16,CRM,Salesforce,168.99000549316406,170.3699951171875,167.9600067138672,168.11000061035156,164.96087646484375,7483500
2023-02-17,CRM,Salesforce,165.02999877929688,167.11000061035156,162.74000549316406,165.1699981689453,162.075927734375,8084500
2023-02-21,CRM,Salesforce,163.74000549316406,164.50999450683594,161.4499969482422,161.6199951171875,158.59243774414062,5210800
2023-02-22,CRM,Salesforce,163.11000061035156,165.0,162.11000061035156,163.36000061035156,160.29981994628906,4343700
2023-02-23,CRM,Salesforce,165.2899932861328,165.47000122070312,161.57000732421875,164.1199951171875,161.0456085205078,4679400
2023-02-24,CRM,Salesforce,160.58999633789062,162.38999938964844,159.66000366210938,162.1999969482422,159.16156005859375,6569900
2023-02-27,CRM,Salesforce,163.83999633789062,164.77000427246094,162.22000122070312,163.13999938964844,160.08396911621094,6891200
2023-02-28,CRM,Salesforce,162.52999877929688,164.4499969482422,161.52999877929688,163.61000061035156,160.545166015625,6912600
2023-03-01,CRM,Salesforce,162.99000549316406,167.97999572753906,162.97999572753906,167.35000610351562,164.21511840820312,15841200
2023-03-02,CRM,Salesforce,193.1199951171875,193.91000366210938,185.1999969482422,186.58999633789062,183.0946807861328,37712500
2023-03-03,CRM,Salesforce,188.07000732421875,189.77000427246094,184.2899932861328,186.42999267578125,182.93768310546875,12087200
2023-03-06,CRM,Salesforce,185.07000732421875,189.0,183.6300048828125,183.8000030517578,180.35694885253906,10770300
2023-03-07,CRM,Salesforce,184.4600067138672,186.16000366210938,183.02999877929688,183.32000732421875,179.88592529296875,9024300
2023-03-08,CRM,Salesforce,183.3000030517578,184.89999389648438,181.8000030517578,182.9499969482422,179.5228729248047,6749100
2023-03-09,CRM,Salesforce,183.10000610351562,183.83999633789062,178.5399932861328,178.72000122070312,175.37213134765625,7102400
2023-03-10,CRM,Salesforce,178.5,179.36000061035156,171.7100067138672,173.17999267578125,169.93589782714844,14109000
2023-03-13,CRM,Salesforce,171.0,177.10000610351562,170.0,175.50999450683594,172.22222900390625,9154800
2023-03-14,CRM,Salesforce,180.0,185.30999755859375,179.11000061035156,182.88999938964844,179.4639892578125,10138100
2023-03-15,CRM,Salesforce,179.16000366210938,183.86000061035156,178.2100067138672,182.91000366210938,179.48361206054688,7716900
2023-03-16,CRM,Salesforce,183.3000030517578,187.64999389648438,182.97999572753906,187.3000030517578,183.79141235351562,8369500
2023-03-17,CRM,Salesforce,186.0399932861328,187.66000366210938,184.17999267578125,184.85000610351562,181.3872833251953,10493300
2023-03-20,CRM,Salesforce,184.2100067138672,185.52000427246094,182.64999389648438,185.25,181.77980041503906,5513200
2023-03-21,CRM,Salesforce,185.8699951171875,189.27999877929688,184.88999938964844,188.67999267578125,185.14552307128906,6982000
2023-03-22,CRM,Salesforce,190.0,191.44000244140625,186.41000366210938,186.50999450683594,183.01617431640625,6575600
2023-03-23,CRM,Salesforce,187.39999389648438,190.55999755859375,185.5800018310547,187.44000244140625,183.9287872314453,8685000
2023-03-24,CRM,Salesforce,186.5,190.32000732421875,186.08999633789062,190.05999755859375,186.4996795654297,6102700
2023-03-27,CRM,Salesforce,188.9199981689453,192.11000061035156,188.91000366210938,191.25999450683594,187.67718505859375,7776500
2023-03-28,CRM,Salesforce,191.17999267578125,192.8300018310547,191.17999267578125,192.3000030517578,188.69773864746094,4899000
2023-03-29,CRM,Salesforce,193.13999938964844,197.42999267578125,192.8800048828125,196.63999938964844,192.95643615722656,8085200
2023-03-30,CRM,Salesforce,197.77000427246094,198.1699981689453,195.49000549316406,196.60000610351562,192.9171905517578,6932500
2023-03-31,CRM,Salesforce,197.49000549316406,200.0,196.99000549316406,199.77999877929688,196.03762817382812,6634300
2023-04-03,CRM,Salesforce,198.22000122070312,198.92999267578125,195.52999877929688,196.49000549316406,192.80921936035156,5340800
2023-04-04,CRM,Salesforce,198.14999389648438,198.6999969482422,196.6199951171875,197.1999969482422,193.50595092773438,4659100
2023-04-05,CRM,Salesforce,198.0,198.2899932861328,193.72999572753906,195.30999755859375,191.65133666992188,3953700
2023-04-06,CRM,Salesforce,194.0,194.07000732421875,189.60000610351562,192.5500030517578,188.9430389404297,6304700
2023-04-10,CRM,Salesforce,190.58999633789062,192.5500030517578,189.27999877929688,191.49000549316406,187.90289306640625,5263800
2023-04-11,CRM,Salesforce,189.05999755859375,190.4600067138672,187.30999755859375,188.88999938964844,185.3516082763672,4907700
2023-04-12,CRM,Salesforce,190.3000030517578,191.88999938964844,189.52999877929688,190.32000732421875,186.7548065185547,5033400
2023-04-13,CRM,Salesforce,190.4499969482422,194.3800048828125,190.4499969482422,194.02000427246094,190.38551330566406,4716400
2023-04-14,CRM,Salesforce,191.85000610351562,195.1699981689453,191.19000244140625,194.64999389648438,191.00369262695312,5073800
2023-04-17,CRM,Salesforce,195.16000366210938,197.52000427246094,195.02999877929688,197.0800018310547,193.38818359375,5413500
2023-04-18,CRM,Salesforce,199.0800018310547,200.1199951171875,197.05999755859375,198.5,194.78158569335938,4679000
2023-04-19,CRM,Salesforce,196.3000030517578,199.07000732421875,195.72999572753906,198.9199981689453,195.1937255859375,3665100
2023-04-20,CRM,Salesforce,197.17999267578125,200.0800018310547,196.82000732421875,197.50999450683594,193.81011962890625,3620000
2023-04-21,CRM,Salesforce,197.02999877929688,199.1199951171875,196.47000122070312,199.02999877929688,195.30166625976562,4860100
2023-04-24,CRM,Salesforce,198.4499969482422,198.77000427246094,194.05999755859375,194.9199981689453,191.2686309814453,4449700
2023-04-25,CRM,Salesforce,193.97000122070312,194.1199951171875,190.6300048828125,190.6699981689453,187.09825134277344,5010000
2023-04-26,CRM,Salesforce,192.6199951171875,194.3699951171875,190.57000732421875,191.52000427246094,187.93235778808594,4007600
2023-04-27,CRM,Salesforce,194.1699981689453,197.50999450683594,193.27000427246094,195.94000244140625,192.26953125,4794400
2023-04-28,CRM,Salesforce,196.14999389648438,198.64999389648438,195.27000427246094,198.3699951171875,194.65402221679688,4094600
2023-05-01,CRM,Salesforce,197.75999450683594,199.0500030517578,197.1199951171875,197.7899932861328,194.0848846435547,2882900
2023-05-02,CRM,Salesforce,198.02000427246094,198.41000366210938,192.92999267578125,193.83999633789062,190.20887756347656,6051000
2023-05-03,CRM,Salesforce,194.2100067138672,195.7899932861328,192.55999755859375,192.61000061035156,189.00193786621094,3779900
2023-05-04,CRM,Salesforce,191.89999389648438,194.55999755859375,190.75999450683594,192.3800048828125,188.77622985839844,4386500
2023-05-05,CRM,Salesforce,193.9499969482422,198.11000061035156,193.25,197.58999633789062,193.8886260986328,4284400
2023-05-08,CRM,Salesforce,198.72000122070312,200.5,196.0800018310547,197.89999389648438,194.1928253173828,4169400
2023-05-09,CRM,Salesforce,196.77999877929688,203.8000030517578,196.77999877929688,201.17999267578125,197.41136169433594,6996800
2023-05-10,CRM,Salesforce,204.94000244140625,206.27999877929688,203.0399932861328,204.85000610351562,201.01263427734375,6535600
2023-05-11,CRM,Salesforce,202.91000366210938,203.8000030517578,198.5500030517578,203.47000122070312,199.65847778320312,5366300
2023-05-12,CRM,Salesforce,203.42999267578125,203.9600067138672,200.1300048828125,201.80999755859375,198.02957153320312,4733600
2023-05-15,CRM,Salesforce,203.75,205.39999389648438,202.47999572753906,203.3300018310547,199.52110290527344,4518200
2023-05-16,CRM,Salesforce,201.92999267578125,205.6699981689453,201.75,204.55999755859375,200.72805786132812,4423200
2023-05-17,CRM,Salesforce,206.5,209.49000549316406,204.8000030517578,209.3800048828125,205.45777893066406,5772200
2023-05-18,CRM,Salesforce,209.5,213.8800048828125,209.3300018310547,213.32000732421875,209.32395935058594,5165500
2023-05-19,CRM,Salesforce,212.9600067138672,213.24000549316406,209.92999267578125,210.36000061035156,206.41940307617188,6091600
2023-05-22,CRM,Salesforce,209.1699981689453,212.82000732421875,209.0399932861328,210.25999450683594,206.3212890625,3890800
2023-05-23,CRM,Salesforce,207.74000549316406,209.63999938964844,206.47000122070312,206.63999938964844,202.7690887451172,4256800
2023-05-24,CRM,Salesforce,206.0399932861328,210.2100067138672,205.4199981689453,209.05999755859375,205.1437530517578,4894000
2023-05-25,CRM,Salesforce,212.02000427246094,212.3300018310547,208.44000244140625,209.91000366210938,205.9778289794922,6496700
2023-05-26,CRM,Salesforce,212.8000030517578,216.14999389648438,212.5500030517578,215.44000244140625,211.4042510986328,6933300
2023-05-30,CRM,Salesforce,219.27000427246094,222.13999938964844,215.72999572753906,218.8699951171875,214.76995849609375,10421000
2023-05-31,CRM,Salesforce,219.5500030517578,225.0,217.05999755859375,223.3800048828125,219.19549560546875,19624000
2023-06-01,CRM,Salesforce,208.22000122070312,215.36000061035156,206.05999755859375,212.89999389648438,208.91183471679688,20907400
2023-06-02,CRM,Salesforce,212.89999389648438,216.13999938964844,210.42999267578125,213.02999877929688,209.03941345214844,11026900
2023-06-05,CRM,Salesforce,210.47000122070312,212.32000732421875,207.05999755859375,209.86000061035156,205.92877197265625,7804400
2023-06-06,CRM,Salesforce,208.5500030517578,213.39999389648438,208.3699951171875,212.85000610351562,208.86277770996094,6796000
2023-06-07,CRM,Salesforce,214.8800048828125,216.66000366210938,204.77999877929688,205.72999572753906,201.8761444091797,9323900
2023-06-08,CRM,Salesforce,205.3800048828125,210.3800048828125,204.85000610351562,209.52999877929688,205.6049346923828,5548600
2023-06-09,CRM,Salesforce,210.69000244140625,218.66000366210938,210.69000244140625,215.30999755859375,211.27667236328125,7676700
2023-06-12,CRM,Salesforce,216.14999389648438,220.38999938964844,212.13999938964844,213.69000244140625,209.68702697753906,11568300
2023-06-13,CRM,Salesforce,215.5,216.22999572753906,207.9199981689453,208.97999572753906,205.0652618408203,11698900
2023-06-14,CRM,Salesforce,207.6999969482422,211.7100067138672,205.02000427246094,209.39999389648438,205.47738647460938,8963400
2023-06-15,CRM,Salesforce,207.9499969482422,213.3300018310547,207.3699951171875,211.9199981689453,207.95018005371094,7905400
2023-06-16,CRM,Salesforce,213.5399932861328,213.64999389648438,210.60000610351562,211.75999450683594,207.79319763183594,13672700
2023-06-20,CRM,Salesforce,208.64999389648438,217.0500030517578,208.61000061035156,216.97000122070312,212.9055938720703,9522900
2023-06-21,CRM,Salesforce,216.52000427246094,217.8000030517578,208.07000732421875,209.58999633789062,205.66383361816406,7971600
2023-06-22,CRM,Salesforce,209.6300048828125,213.9600067138672,209.08999633789062,213.2899932861328,209.29452514648438,5689800
2023-06-23,CRM,Salesforce,210.5,211.0,208.07000732421875,210.08999633789062,206.15444946289062,14037600
2023-06-26,CRM,Salesforce,209.02000427246094,211.75,207.35000610351562,207.36000061035156,203.47560119628906,4771500
2023-06-27,CRM,Salesforce,208.13999938964844,210.47999572753906,207.52000427246094,208.82000732421875,204.90826416015625,4014800
2023-06-28,CRM,Salesforce,208.41000366210938,212.1999969482422,207.60000610351562,212.1699981689453,208.19549560546875,4775900
2023-06-29,CRM,Salesforce,211.89999389648438,212.64999389648438,209.72000122070312,210.42999267578125,206.48809814453125,3838300
2023-06-30,CRM,Salesforce,211.86000061035156,213.85000610351562,210.9600067138672,211.25999450683594,207.30255126953125,5984200
2023-07-03,CRM,Salesforce,210.57000732421875,211.9600067138672,209.9199981689453,211.64999389648438,207.6852264404297,2400000
2023-07-05,CRM,Salesforce,210.49000549316406,214.6199951171875,210.08999633789062,213.82000732421875,209.81459045410156,5069300
2023-07-06,CRM,Salesforce,211.1999969482422,212.5,207.8300018310547,210.13999938964844,206.20350646972656,4250900
2023-07-07,CRM,Salesforce,209.77000427246094,212.11000061035156,209.27999877929688,209.58999633789062,205.66383361816406,3022200
2023-07-10,CRM,Salesforce,209.0,212.8699951171875,208.32000732421875,212.80999755859375,208.82351684570312,3820100
2023-07-11,CRM,Salesforce,222.05999755859375,222.35000610351562,217.24000549316406,221.1699981689453,217.0269012451172,10028100
2023-07-12,CRM,Salesforce,221.89999389648438,228.08999633789062,221.61000061035156,227.27999877929688,223.02244567871094,8923500
2023-07-13,CRM,Salesforce,228.25999450683594,230.9600067138672,227.60000610351562,230.3699951171875,226.0545654296875,5800300
2023-07-14,CRM,Salesforce,229.6999969482422,232.1999969482422,228.14999389648438,229.3300018310547,225.03407287597656,4278700
2023-07-17,CRM,Salesforce,229.24000549316406,230.27999877929688,227.80999755859375,228.0,223.7289581298828,3557900
2023-07-18,CRM,Salesforce,227.0500030517578,229.6199951171875,225.47000122070312,227.6300048828125,223.3658905029297,5092700
2023-07-19,CRM,Salesforce,233.97999572753906,238.22000122070312,231.22999572753906,234.3699951171875,229.97962951660156,8516300
2023-07-20,CRM,Salesforce,231.10000610351562,233.5,227.32000732421875,228.16000366210938,223.885986328125,5303000
2023-07-21,CRM,Salesforce,230.0,230.80999755859375,227.2899932861328,228.05999755859375,223.787841796875,3529700
2023-07-24,CRM,Salesforce,227.25999450683594,227.58999633789062,223.5399932861328,225.66000366210938,221.43283081054688,5363200
2023-07-25,CRM,Salesforce,225.8800048828125,227.52000427246094,225.19000244140625,226.02999877929688,221.7958526611328,3203700
2023-07-26,CRM,Salesforce,224.4600067138672,227.50999450683594,223.1199951171875,225.5800018310547,221.3543243408203,4856700
2023-07-27,CRM,Salesforce,228.0399932861328,230.13999938964844,224.00999450683594,225.14999389648438,220.932373046875,4299600
2023-07-28,CRM,Salesforce,226.0,227.30999755859375,223.97999572753906,225.60000610351562,221.3739471435547,4238700
2023-07-31,CRM,Salesforce,222.35000610351562,225.3800048828125,221.75,225.00999450683594,220.7949676513672,5571900
2023-08-01,CRM,Salesforce,223.88999938964844,224.80999755859375,221.6300048828125,224.27000427246094,220.06884765625,4212600
2023-08-02,CRM,Salesforce,221.97999572753906,222.85000610351562,218.8000030517578,220.5,216.3694610595703,5127000
2023-08-03,CRM,Salesforce,216.1999969482422,218.2100067138672,214.60000610351562,215.55999755859375,211.5220184326172,5515200
2023-08-04,CRM,Salesforce,216.41000366210938,217.25,213.07000732421875,214.58999633789062,210.57017517089844,4800400
2023-08-07,CRM,Salesforce,215.30999755859375,216.88999938964844,214.3699951171875,216.05999755859375,212.0126495361328,3615200
2023-08-08,CRM,Salesforce,213.5500030517578,214.19000244140625,211.13999938964844,211.5800018310547,207.61656188964844,4843800
2023-08-09,CRM,Salesforce,211.64999389648438,211.66000366210938,204.91000366210938,205.86000061035156,202.00372314453125,7847500
2023-08-10,CRM,Salesforce,208.17999267578125,210.33999633789062,206.44000244140625,208.25,204.3489532470703,4004700
2023-08-11,CRM,Salesforce,206.1300048828125,209.5,205.5,208.6999969482422,204.79049682617188,2930800
2023-08-14,CRM,Salesforce,207.89999389648438,212.10000610351562,207.1199951171875,212.05999755859375,208.08753967285156,3304700
2023-08-15,CRM,Salesforce,210.3300018310547,212.3699951171875,207.83999633789062,208.77999877929688,204.86900329589844,4076400
2023-08-16,CRM,Salesforce,208.0,209.69000244140625,206.9499969482422,206.99000549316406,203.11256408691406,2759600
2023-08-17,CRM,Salesforce,206.57000732421875,206.92999267578125,203.38999938964844,203.83999633789062,200.0215301513672,4062700
2023-08-18,CRM,Salesforce,200.97000122070312,205.5,200.1999969482422,204.8300018310547,200.99301147460938,4267200
2023-08-21,CRM,Salesforce,206.0,209.4199981689453,204.22000122070312,209.02999877929688,205.11428833007812,4023300
2023-08-22,CRM,Salesforce,209.85000610351562,210.11000061035156,206.0,206.75999450683594,202.88682556152344,3153200
2023-08-23,CRM,Salesforce,208.0,210.99000549316406,207.13999938964844,209.1300048828125,205.21243286132812,3833200
2023-08-24,CRM,Salesforce,211.00999450683594,211.99000549316406,205.44000244140625,205.50999450683594,201.66026306152344,3960300
2023-08-25,CRM,Salesforce,205.50999450683594,210.7899932861328,205.47999572753906,209.47000122070312,205.5460968017578,3068800
2023-08-28,CRM,Salesforce,210.4499969482422,213.47999572753906,209.63999938964844,211.72000122070312,207.75393676757812,4086900
2023-08-29,CRM,Salesforce,206.75,212.4600067138672,206.52000427246094,211.9600067138672,207.9894561767578,5850400
2023-08-30,CRM,Salesforce,211.77000427246094,215.58999633789062,209.42999267578125,215.0399932861328,211.01174926757812,9946000
2023-08-31,CRM,Salesforce,228.0,228.7899932861328,221.1999969482422,221.4600067138672,217.3114471435547,19268400
2023-09-01,CRM,Salesforce,223.5,223.97000122070312,220.52000427246094,221.52999877929688,217.38014221191406,5600900
2023-09-05,CRM,Salesforce,219.3300018310547,220.32000732421875,217.61000061035156,218.69000244140625,214.59336853027344,5807300
2023-09-06,CRM,Salesforce,219.47000122070312,222.2100067138672,219.02000427246094,221.6199951171875,217.46849060058594,5066700
2023-09-07,CRM,Salesforce,219.77000427246094,222.72999572753906,219.30999755859375,222.52999877929688,218.3614501953125,4201900
2023-09-08,CRM,Salesforce,223.32000732421875,225.47000122070312,222.86000061035156,224.75999450683594,220.5496826171875,4578900
2023-09-11,CRM,Salesforce,226.00999450683594,226.8300018310547,222.7899932861328,225.30999755859375,221.08934020996094,4418000
2023-09-12,CRM,Salesforce,223.4499969482422,224.7899932861328,221.25999450683594,221.66000366210938,217.5077362060547,4002300
2023-09-13,CRM,Salesforce,221.17999267578125,221.86000061035156,218.3000030517578,218.8000030517578,214.7012939453125,4173600
2023-09-14,CRM,Salesforce,219.4199981689453,220.57000732421875,218.33999633789062,218.77999877929688,214.68167114257812,4297200
2023-09-15,CRM,Salesforce,218.8699951171875,219.19000244140625,213.4600067138672,214.61000061035156,210.58978271484375,9939000
2023-09-18,CRM,Salesforce,214.55999755859375,216.3800048828125,214.17999267578125,215.0,210.97250366210938,4279400
2023-09-19,CRM,Salesforce,214.38999938964844,216.05999755859375,212.25999450683594,215.6999969482422,211.6593780517578,4001500
2023-09-20,CRM,Salesforce,215.1999969482422,217.17999267578125,212.9199981689453,213.02999877929688,209.03941345214844,2990900
2023-09-21,CRM,Salesforce,209.8000030517578,211.88999938964844,208.07000732421875,208.61000061035156,204.7021942138672,4957300
2023-09-22,CRM,Salesforce,209.30999755859375,209.72000122070312,205.8800048828125,206.42999267578125,202.56304931640625,3848300
2023-09-25,CRM,Salesforce,205.0,206.52999877929688,203.8699951171875,206.33999633789062,202.47474670410156,4067300
2023-09-26,CRM,Salesforce,205.47000122070312,206.44000244140625,201.27999877929688,202.49000549316406,198.69683837890625,5404500
2023-09-27,CRM,Salesforce,202.99000549316406,203.92999267578125,200.94000244140625,202.72999572753906,198.9323272705078,4123800
2023-09-28,CRM,Salesforce,200.75999450683594,205.14999389648438,199.5500030517578,203.1999969482422,199.39353942871094,4344000
2023-09-29,CRM,Salesforce,205.0800018310547,207.7899932861328,202.10000610351562,202.77999877929688,198.98138427734375,4405100
2023-10-02,CRM,Salesforce,200.8000030517578,205.11000061035156,200.52000427246094,203.7100067138672,199.8939971923828,3745700
2023-10-03,CRM,Salesforce,202.75,203.57000732421875,197.4199981689453,199.8300018310547,196.086669921875,4622400
2023-10-04,CRM,Salesforce,200.8800048828125,202.74000549316406,199.50999450683594,201.8699951171875,198.0884246826172,3656400
2023-10-05,CRM,Salesforce,202.0,202.14999389648438,198.49000549316406,202.00999450683594,198.22581481933594,3592600
2023-10-06,CRM,Salesforce,200.47999572753906,208.27000427246094,199.88999938964844,207.36000061035156,203.47560119628906,4989200
2023-10-09,CRM,Salesforce,204.88999938964844,208.27999877929688,204.69000244140625,207.22000122070312,203.3382568359375,2781100
2023-10-10,CRM,Salesforce,207.63999938964844,209.22000122070312,206.25999450683594,206.8800048828125,203.00460815429688,4503500
2023-10-11,CRM,Salesforce,207.22999572753906,209.1999969482422,204.41000366210938,206.85000610351562,202.97515869140625,3971000
2023-10-12,CRM,Salesforce,207.8300018310547,208.5800018310547,203.27000427246094,205.67999267578125,201.82708740234375,3548500
2023-10-13,CRM,Salesforce,205.11000061035156,207.13999938964844,203.2100067138672,204.58999633789062,200.7574920654297,3677500
2023-10-16,CRM,Salesforce,205.83999633789062,209.49000549316406,205.0399932861328,208.52999877929688,204.62368774414062,3623200
2023-10-17,CRM,Salesforce,206.49000549316406,211.94000244140625,206.0,209.83999633789062,205.90914916992188,4006100
2023-10-18,CRM,Salesforce,208.8800048828125,209.6300048828125,204.19000244140625,204.8300018310547,200.99301147460938,3380800
2023-10-19,CRM,Salesforce,206.4499969482422,210.9499969482422,205.52999877929688,208.32000732421875,204.4176483154297,4995900
2023-10-20,CRM,Salesforce,207.36000061035156,208.11000061035156,202.1199951171875,203.72999572753906,199.91360473632812,5539100
2023-10-23,CRM,Salesforce,199.89999389648438,203.57000732421875,197.85000610351562,202.0,198.21597290039062,4564100
2023-10-24,CRM,Salesforce,203.72999572753906,204.63999938964844,200.92999267578125,204.22000122070312,200.39443969726562,3959600
2023-10-25,CRM,Salesforce,203.1999969482422,203.74000549316406,195.42999267578125,197.05999755859375,193.3685760498047,4490000
2023-10-26,CRM,Salesforce,197.4199981689453,199.66000366210938,193.67999267578125,196.25,192.57374572753906,5149100
2023-10-27,CRM,Salesforce,197.3000030517578,198.30999755859375,195.41000366210938,196.57000732421875,192.88775634765625,3168600
2023-10-30,CRM,Salesforce,199.0,200.5800018310547,197.0800018310547,199.27000427246094,195.5371551513672,3438300
2023-10-31,CRM,Salesforce,200.4199981689453,201.91000366210938,198.66000366210938,200.8300018310547,197.06793212890625,3425400
2023-11-01,CRM,Salesforce,200.9199981689453,204.49000549316406,200.49000549316406,203.91000366210938,200.09022521972656,3593600
2023-11-02,CRM,Salesforce,206.30999755859375,208.25999450683594,205.9499969482422,208.11000061035156,204.21156311035156,4963600
2023-11-03,CRM,Salesforce,209.38999938964844,210.17999267578125,207.1999969482422,207.47000122070312,203.5835418701172,3861900
2023-11-06,CRM,Salesforce,208.2100067138672,208.47999572753906,204.69000244140625,207.4199981689453,203.53448486328125,3729700
2023-11-07,CRM,Salesforce,209.5,213.33999633789062,208.9600067138672,211.83999633789062,207.87167358398438,5467100
2023-11-08,CRM,Salesforce,212.4199981689453,212.52000427246094,209.64999389648438,211.47000122070312,207.5086212158203,3433500
2023-11-09,CRM,Salesforce,213.57000732421875,213.5800018310547,209.07000732421875,210.00999450683594,206.07594299316406,4731400
2023-11-10,CRM,Salesforce,209.39999389648438,214.27000427246094,208.83999633789062,213.6300048828125,209.62815856933594,4112600
2023-11-13,CRM,Salesforce,212.57000732421875,216.13999938964844,211.75999450683594,215.27999877929688,211.24725341796875,3306600
2023-11-14,CRM,Salesforce,219.0,221.25,217.9499969482422,221.17999267578125,217.03672790527344,4743800
2023-11-15,CRM,Salesforce,220.75,221.3699951171875,217.66000366210938,219.4199981689453,215.30966186523438,4800700
2023-11-16,CRM,Salesforce,220.0,222.77000427246094,218.94000244140625,221.4499969482422,217.3016357421875,3712300
2023-11-17,CRM,Salesforce,221.1699981689453,222.7899932861328,220.3800048828125,221.22000122070312,217.07595825195312,3634900
2023-11-20,CRM,Salesforce,221.42999267578125,226.10000610351562,220.6199951171875,225.1300048828125,220.91275024414062,4599300
2023-11-21,CRM,Salesforce,224.0,225.97000122070312,223.5399932861328,224.32000732421875,220.11790466308594,3852300
2023-11-22,CRM,Salesforce,224.3000030517578,225.69000244140625,223.2100067138672,223.83999633789062,219.64688110351562,3893600
2023-11-24,CRM,Salesforce,224.36000061035156,224.49000549316406,222.1199951171875,224.3800048828125,220.17678833007812,1869100
2023-11-27,CRM,Salesforce,225.5,226.22000122070312,224.25,224.7899932861328,220.57908630371094,4885500
2023-11-28,CRM,Salesforce,223.61000061035156,225.52999877929688,222.22999572753906,224.9199981689453,220.7066650390625,5535300
2023-11-29,CRM,Salesforce,228.61000061035156,231.5,227.25999450683594,230.35000610351562,226.03494262695312,12327400
2023-11-30,CRM,Salesforce,249.0500030517578,252.5,243.64999389648438,251.89999389648438,247.18125915527344,24425700
2023-12-01,CRM,Salesforce,250.0,263.42999267578125,249.6999969482422,260.0,255.12953186035156,14538200
2023-12-04,CRM,Salesforce,252.8000030517578,255.1199951171875,249.85000610351562,250.66000366210938,245.9644775390625,11429200
2023-12-05,CRM,Salesforce,249.99000549316406,251.6699981689453,248.63999938964844,251.02000427246094,246.31771850585938,5771500
2023-12-06,CRM,Salesforce,251.52000427246094,253.97999572753906,248.85000610351562,249.1300048828125,244.46316528320312,5374800
2023-12-07,CRM,Salesforce,248.75,250.72999572753906,246.88999938964844,248.85000610351562,244.1884002685547,6568200
2023-12-08,CRM,Salesforce,248.5500030517578,252.08999633789062,248.0,250.80999755859375,246.1116485595703,4605800
2023-12-11,CRM,Salesforce,250.0,253.52000427246094,249.7100067138672,252.10000610351562,247.3775177001953,4766000
2023-12-12,CRM,Salesforce,251.8000030517578,256.5799865722656,251.02000427246094,256.45001220703125,251.6460418701172,5827600
2023-12-13,CRM,Salesforce,257.510009765625,259.1199951171875,255.16000366210938,257.32000732421875,252.49972534179688,6567600
2023-12-14,CRM,Salesforce,256.5,258.7699890136719,253.22000122070312,257.2099914550781,252.39178466796875,6613200
2023-12-15,CRM,Salesforce,255.00999450683594,262.30999755859375,254.50999450683594,261.6000061035156,256.6995544433594,13739500
2023-12-18,CRM,Salesforce,259.82000732421875,265.5899963378906,259.67999267578125,263.5899963378906,258.65228271484375,7498500
2023-12-19,CRM,Salesforce,265.4700012207031,266.5799865722656,263.739990234375,264.3399963378906,259.3882141113281,4665500
2023-12-20,CRM,Salesforce,261.6600036621094,264.9200134277344,260.0799865722656,260.25,255.3748321533203,4510500
2023-12-21,CRM,Salesforce,264.75,268.3599853515625,264.239990234375,267.25,262.24371337890625,5160700
2023-12-22,CRM,Salesforce,267.260009765625,268.1499938964844,265.29998779296875,266.3399963378906,261.3507385253906,3110600
2023-12-26,CRM,Salesforce,265.5299987792969,266.5299987792969,264.6199951171875,266.2200012207031,261.2330322265625,3218800
2023-12-27,CRM,Salesforce,265.94000244140625,267.010009765625,265.3999938964844,266.7200012207031,261.7236022949219,3387000
2023-12-28,CRM,Salesforce,266.5,266.9200134277344,265.29998779296875,265.5799865722656,260.60498046875,2958700
2023-12-29,CRM,Salesforce,265.010009765625,265.6499938964844,262.6499938964844,263.1400146484375,258.210693359375,3706600
2024-01-02,CRM,Salesforce,260.5400085449219,260.55999755859375,253.77000427246094,256.1300048828125,251.33201599121094,4741400
2024-01-03,CRM,Salesforce,253.5,254.16000366210938,251.77000427246094,251.83999633789062,247.1223602294922,5097100
2024-01-04,CRM,Salesforce,251.8300018310547,252.63999938964844,249.83999633789062,251.24000549316406,246.5336456298828,4489800
2024-01-05,CRM,Salesforce,251.2100067138672,253.91000366210938,250.1699981689453,251.1199951171875,246.41587829589844,3676000
2024-01-08,CRM,Salesforce,252.2100067138672,261.55999755859375,251.38999938964844,260.8699951171875,255.98318481445312,6626000
2024-01-09,CRM,Salesforce,259.5,263.92999267578125,258.7799987792969,261.3399963378906,256.4444885253906,4571800
2024-01-10,CRM,Salesforce,263.2699890136719,266.4599914550781,262.75,264.1300048828125,259.18212890625,5128300
2024-01-11,CRM,Salesforce,268.0,272.9599914550781,265.1000061035156,271.3800048828125,266.29632568359375,9012600
2024-01-12,CRM,Salesforce,271.2300109863281,275.239990234375,271.05999755859375,271.92999267578125,266.8360595703125,4847600
2024-01-16,CRM,Salesforce,269.70001220703125,271.57000732421875,267.7200012207031,269.19000244140625,264.14739990234375,5858700
2024-01-17,CRM,Salesforce,268.2900085449219,271.8999938964844,264.1300048828125,271.44000244140625,266.3551940917969,4706500
2024-01-18,CRM,Salesforce,273.0,275.69000244140625,272.1400146484375,274.4599914550781,269.3186340332031,4752400
2024-01-19,CRM,Salesforce,276.510009765625,282.0,275.5299987792969,280.8800048828125,275.6183776855469,7413600
2024-01-22,CRM,Salesforce,283.7900085449219,285.7200012207031,280.1700134277344,280.29998779296875,275.0492248535156,6735900
2024-01-23,CRM,Salesforce,280.8299865722656,281.7099914550781,275.7099914550781,276.7699890136719,271.5853576660156,6573800
2024-01-24,CRM,Salesforce,279.9800109863281,280.9599914550781,276.69000244140625,276.8800048828125,271.6933288574219,7037800
2024-01-25,CRM,Salesforce,278.6099853515625,279.8500061035156,276.8599853515625,279.0299987792969,273.80303955078125,4178000
2024-01-26,CRM,Salesforce,279.2799987792969,283.3399963378906,278.69000244140625,279.94000244140625,274.69598388671875,4877400
2024-01-29,CRM,Salesforce,281.3999938964844,288.1499938964844,281.0,287.8599853515625,282.4676208496094,5762300
2024-01-30,CRM,Salesforce,287.6300048828125,289.2900085449219,286.5199890136719,287.7300109863281,282.3400573730469,4810900
2024-01-31,CRM,Salesforce,284.04998779296875,285.6300048828125,280.82000732421875,281.0899963378906,275.8244323730469,4557300
2024-02-01,CRM,Salesforce,282.010009765625,285.04998779296875,281.3599853515625,283.79998779296875,278.483642578125,3218300
2024-02-02,CRM,Salesforce,285.20001220703125,288.1600036621094,283.1600036621094,285.6600036621094,280.3088073730469,3629600
2024-02-05,CRM,Salesforce,286.25,289.04998779296875,281.3599853515625,288.1099853515625,282.71295166015625,5274800
2024-02-06,CRM,Salesforce,287.94000244140625,288.6400146484375,281.9100036621094,285.8299865722656,280.47564697265625,4207200
2024-02-07,CRM,Salesforce,287.3500061035156,289.79998779296875,285.20001220703125,288.8399963378906,283.42926025390625,3621400
2024-02-08,CRM,Salesforce,289.29998779296875,293.1099853515625,288.9800109863281,291.95001220703125,286.48101806640625,4488400
2024-02-09,CRM,Salesforce,293.25,295.239990234375,291.04998779296875,291.29998779296875,285.84320068359375,4376300
2024-02-12,CRM,Salesforce,290.82000732421875,291.0,287.0,287.32000732421875,281.9377746582031,3750000
2024-02-13,CRM,Salesforce,280.4100036621094,283.42999267578125,276.4200134277344,281.1499938964844,275.8832702636719,4956600
2024-02-14,CRM,Salesforce,285.0,289.4599914550781,284.6400146484375,289.1499938964844,283.73345947265625,3850700
2024-02-15,CRM,Salesforce,291.3399963378906,292.0,288.010009765625,291.94000244140625,286.4712219238281,3986500
2024-02-16,CRM,Salesforce,292.0,292.07000732421875,287.8800048828125,289.7200012207031,284.2927551269531,4159400
2024-02-20,CRM,Salesforce,289.5,290.8500061035156,284.1499938964844,286.3900146484375,281.0251770019531,4295500
2024-02-21,CRM,Salesforce,280.07000732421875,283.57000732421875,278.3599853515625,283.54998779296875,278.2384033203125,3797200
2024-02-22,CRM,Salesforce,292.0,294.6300048828125,291.3999938964844,293.6499938964844,288.1491394042969,5264300
2024-02-23,CRM,Salesforce,298.0,298.0,291.0799865722656,292.79998779296875,287.3150329589844,4416800
2024-02-26,CRM,Salesforce,295.5899963378906,303.8299865722656,295.0,300.3900146484375,294.76287841796875,8719300
2024-02-27,CRM,Salesforce,301.5799865722656,301.75,296.6000061035156,299.5,293.88958740234375,6178800
2024-02-28,CRM,Salesforce,299.5799865722656,300.8800048828125,296.6099853515625,299.7699890136719,294.15447998046875,12490800
2024-02-29,CRM,Salesforce,300.0,310.5400085449219,294.7900085449219,308.82000732421875,303.0350036621094,21737800
2024-03-01,CRM,Salesforce,307.0,318.7099914550781,306.6199951171875,316.8800048828125,310.94403076171875,9450200
2024-03-04,CRM,Salesforce,314.57000732421875,317.6499938964844,313.5400085449219,314.6400146484375,308.7459411621094,9350000
2024-03-05,CRM,Salesforce,311.30999755859375,312.54998779296875,296.1400146484375,298.75,293.1535949707031,9015300
2024-03-06,CRM,Salesforce,304.6499938964844,305.8900146484375,302.739990234375,303.7699890136719,298.07958984375,8270000
2024-03-07,CRM,Salesforce,306.0,306.7699890136719,301.75,302.4200134277344,296.7548828125,6788900
2024-03-08,CRM,Salesforce,302.20001220703125,308.8699951171875,302.20001220703125,305.2799987792969,299.5613098144531,4851600
2024-03-11,CRM,Salesforce,302.6400146484375,307.6099853515625,300.25,306.0,300.267822265625,4895500
2024-03-12,CRM,Salesforce,306.7099914550781,309.0400085449219,303.8699951171875,306.6199951171875,300.876220703125,4832000
2024-03-13,CRM,Salesforce,305.0,307.7300109863281,303.1099853515625,304.67999267578125,299.3630676269531,5548800
2024-03-14,CRM,Salesforce,305.0,309.489990234375,302.0,303.32000732421875,298.02685546875,4828800
2024-03-15,CRM,Salesforce,298.9599914550781,300.04998779296875,293.7699890136719,294.3299865722656,289.1936950683594,11885100
2024-03-18,CRM,Salesforce,299.6199951171875,300.9700012207031,296.0199890136719,300.510009765625,295.265869140625,5240500
2024-03-19,CRM,Salesforce,298.17999267578125,301.7699890136719,296.6199951171875,301.45001220703125,296.1894226074219,3329900
2024-03-20,CRM,Salesforce,301.9700012207031,307.0199890136719,300.69000244140625,306.0799865722656,300.7386474609375,4946600
2024-03-21,CRM,Salesforce,307.94000244140625,311.79998779296875,306.3500061035156,308.3900146484375,303.0083312988281,6083900
2024-03-22,CRM,Salesforce,309.32000732421875,310.2300109863281,306.6499938964844,307.7699890136719,302.399169921875,3779000
2024-03-25,CRM,Salesforce,303.70001220703125,307.7099914550781,302.5400085449219,306.05999755859375,300.718994140625,4141200
2024-03-26,CRM,Salesforce,307.4800109863281,307.9800109863281,304.8900146484375,305.8299865722656,300.4930114746094,3893900
2024-03-27,CRM,Salesforce,307.44000244140625,309.29998779296875,298.6300048828125,301.3800048828125,296.1206970214844,3859900
2024-03-28,CRM,Salesforce,300.0,302.79998779296875,299.6300048828125,301.17999267578125,295.9241638183594,4892300
2024-04-01,CRM,Salesforce,301.69000244140625,303.510009765625,299.989990234375,302.260009765625,296.9853210449219,2918100
2024-04-02,CRM,Salesforce,297.5,304.4599914550781,294.8900146484375,304.0,298.6949462890625,4746100
2024-04-03,CRM,Salesforce,303.989990234375,307.1600036621094,303.1000061035156,304.739990234375,299.4220275878906,3047400
2024-04-04,CRM,Salesforce,308.260009765625,311.29998779296875,292.1000061035156,294.1400146484375,289.00701904296875,8351000
2024-04-05,CRM,Salesforce,293.5400085449219,303.4200134277344,293.29998779296875,301.9100036621094,296.6414489746094,4918200
2024-04-08,CRM,Salesforce,301.1000061035156,303.5,299.5199890136719,301.7300109863281,296.4645690917969,3142900
2024-04-09,CRM,Salesforce,303.32000732421875,305.6000061035156,299.25,302.3699951171875,297.0934143066406,2997700
2024-04-10,CRM,Salesforce,298.45001220703125,300.9200134277344,298.1499938964844,299.6199951171875,294.39141845703125,3036400
2024-04-11,CRM,Salesforce,299.4700012207031,301.0899963378906,296.4100036621094,299.1499938964844,293.9295959472656,3468600
2024-04-12,CRM,Salesforce,296.8699951171875,297.8500061035156,293.5,294.32000732421875,289.1839294433594,3820000
2024-04-15,CRM,Salesforce,282.94000244140625,286.4800109863281,271.6600036621094,272.8999938964844,268.1376647949219,18365100
2024-04-16,CRM,Salesforce,274.7799987792969,280.55999755859375,272.44000244140625,277.4100036621094,272.5690002441406,7624300
2024-04-17,CRM,Salesforce,277.739990234375,278.9700012207031,274.8399963378906,276.32000732421875,271.4980773925781,4199400
2024-04-18,CRM,Salesforce,276.32000732421875,276.3299865722656,269.75,271.9200134277344,267.1748046875,5918200
2024-04-19,CRM,Salesforce,272.489990234375,273.1499938964844,268.7300109863281,270.3699951171875,265.6518249511719,4913600
2024-04-22,CRM,Salesforce,279.3900146484375,279.70001220703125,269.55999755859375,273.80999755859375,269.0317077636719,6747200
2024-04-23,CRM,Salesforce,274.95001220703125,276.70001220703125,270.4100036621094,276.67999267578125,271.8516845703125,6285200
2024-04-24,CRM,Salesforce,278.0,278.94000244140625,274.1099853515625,276.19000244140625,271.3702392578125,3938800
2024-04-25,CRM,Salesforce,271.6000061035156,273.5799865722656,269.2799987792969,273.1400146484375,268.3735046386719,4811900
2024-04-26,CRM,Salesforce,275.0,276.8999938964844,273.4599914550781,274.2900085449219,269.5033874511719,3754600
2024-04-29,CRM,Salesforce,274.8900146484375,277.2900085449219,273.2200012207031,275.739990234375,270.9281005859375,3576400
2024-04-30,CRM,Salesforce,274.510009765625,274.6099853515625,268.3599853515625,268.94000244140625,264.2467956542969,5218000
2024-05-01,CRM,Salesforce,269.0199890136719,274.0,266.54998779296875,268.69000244140625,264.0011901855469,3761000
2024-05-02,CRM,Salesforce,270.42999267578125,273.0799865722656,267.94000244140625,272.1300048828125,267.381103515625,3859900
2024-05-03,CRM,Salesforce,276.82000732421875,277.6700134277344,273.3500061035156,273.6600036621094,268.88446044921875,4041600
2024-05-06,CRM,Salesforce,276.1700134277344,277.1300048828125,274.05999755859375,275.6300048828125,270.8200378417969,3744800
2024-05-07,CRM,Salesforce,275.5899963378906,278.8800048828125,274.07000732421875,277.17999267578125,272.343017578125,3507700
2024-05-08,CRM,Salesforce,275.7300109863281,279.94000244140625,275.7300109863281,278.9700012207031,274.10174560546875,3283300
2024-05-09,CRM,Salesforce,272.1700134277344,275.3500061035156,271.07000732421875,275.1700134277344,270.3680725097656,4709700
2024-05-10,CRM,Salesforce,276.1000061035156,279.6400146484375,274.9700012207031,276.6700134277344,271.8418884277344,2912300
2024-05-13,CRM,Salesforce,277.1400146484375,277.79998779296875,275.19000244140625,277.5199890136719,272.67706298828125,2998700
2024-05-14,CRM,Salesforce,276.9599914550781,278.8599853515625,275.0400085449219,276.79998779296875,271.9696044921875,3056800
2024-05-15,CRM,Salesforce,279.739990234375,287.79998779296875,279.7300109863281,287.5400085449219,282.5221862792969,5828500
2024-05-16,CRM,Salesforce,289.4200134277344,290.0199890136719,284.5799865722656,284.67999267578125,279.71209716796875,3559200
2024-05-17,CRM,Salesforce,287.0400085449219,287.3399963378906,284.260009765625,285.6099853515625,280.6258850097656,3478900
2024-05-20,CRM,Salesforce,286.0,287.7200012207031,285.1099853515625,287.07000732421875,282.06036376953125,2799300
2024-05-21,CRM,Salesforce,286.7900085449219,287.2200012207031,283.2900085449219,283.760009765625,278.80810546875,3492100
2024-05-22,CRM,Salesforce,283.4100036621094,287.0899963378906,282.8299865722656,283.82000732421875,278.8670654296875,3309200
2024-05-23,CRM,Salesforce,286.67999267578125,287.0,277.4599914550781,278.57000732421875,273.7087097167969,5456600
2024-05-24,CRM,Salesforce,270.92999267578125,274.9599914550781,268.5299987792969,272.2900085449219,267.538330078125,8325100
2024-05-28,CRM,Salesforce,273.1000061035156,273.2300109863281,267.1600036621094,269.8299865722656,265.1212463378906,9294100
2024-05-29,CRM,Salesforce,268.0,272.8699951171875,267.7699890136719,271.6199951171875,266.8799743652344,13397900
2024-05-30,CRM,Salesforce,223.39999389648438,225.08999633789062,212.0,218.00999450683594,214.2055206298828,66763300
2024-05-31,CRM,Salesforce,219.11000061035156,234.6199951171875,216.05999755859375,234.44000244140625,230.3488311767578,36807400
2024-06-03,CRM,Salesforce,234.6199951171875,240.99000549316406,230.2100067138672,236.6199951171875,232.49081420898438,19962700
2024-06-04,CRM,Salesforce,235.72000122070312,240.58999633789062,232.1999969482422,234.86000061035156,230.76148986816406,11197500
2024-06-05,CRM,Salesforce,235.63999938964844,236.9199981689453,231.5500030517578,236.52999877929688,232.40234375,10772100
2024-06-06,CRM,Salesforce,239.8800048828125,246.75,239.4499969482422,242.75999450683594,238.52365112304688,11693800
2024-06-07,CRM,Salesforce,242.3300018310547,243.92999267578125,240.2899932861328,241.85000610351562,237.62954711914062,6883800
2024-06-10,CRM,Salesforce,241.7899932861328,243.63999938964844,240.42999267578125,241.83999633789062,237.6197052001953,7656900
2024-06-11,CRM,Salesforce,241.16000366210938,243.75,236.25999450683594,240.99000549316406,236.78456115722656,7264400
2024-06-12,CRM,Salesforce,240.55999755859375,242.1999969482422,234.88999938964844,235.8000030517578,231.6851043701172,10260100
2024-06-13,CRM,Salesforce,235.52000427246094,235.64999389648438,228.66000366210938,229.02999877929688,225.03323364257812,13566700
2024-06-14,CRM,Salesforce,229.35000610351562,235.25,229.1999969482422,231.94000244140625,227.8924560546875,8833700
2024-06-17,CRM,Salesforce,230.27999877929688,231.83999633789062,227.77000427246094,230.47999572753906,226.4579315185547,10563700
2024-06-18,CRM,Salesforce,230.47999572753906,232.2899932861328,229.22999572753906,231.80999755859375,227.7647247314453,7119800
2024-06-20,CRM,Salesforce,232.85000610351562,243.77000427246094,232.85000610351562,241.8000030517578,237.5803680419922,14809600
2024-06-21,CRM,Salesforce,240.57000732421875,245.3699951171875,240.19000244140625,245.05999755859375,240.78350830078125,15719600
2024-06-24,CRM,Salesforce,243.19000244140625,244.41000366210938,239.80999755859375,239.94000244140625,235.75283813476562,7545700
2024-06-25,CRM,Salesforce,241.77999877929688,243.10000610351562,239.8699951171875,241.75999450683594,237.5410919189453,6037800
2024-06-26,CRM,Salesforce,241.47000122070312,243.61000061035156,239.89999389648438,243.14999389648438,238.90682983398438,4524700
2024-06-27,CRM,Salesforce,245.0,258.6000061035156,244.4499969482422,252.85000610351562,248.4375762939453,12869000
2024-06-28,CRM,Salesforce,253.5,260.17999267578125,253.17999267578125,257.1000061035156,252.6134033203125,12619300
2024-07-01,CRM,Salesforce,258.1499938964844,259.4800109863281,254.52999877929688,256.2099914550781,251.7389373779297,5871700
2024-07-02,CRM,Salesforce,255.0500030517578,257.7300109863281,254.05999755859375,256.19000244140625,251.71926879882812,5130600
2024-07-03,CRM,Salesforce,256.9800109863281,261.2200012207031,256.94000244140625,260.95001220703125,256.3962707519531,4755700
2024-07-05,CRM,Salesforce,262.7200012207031,265.80999755859375,261.32000732421875,263.19000244140625,258.5971374511719,6562100
2024-07-08,CRM,Salesforce,261.3800048828125,262.8399963378906,257.19000244140625,257.3699951171875,252.87867736816406,6539300
2024-07-09,CRM,Salesforce,256.0899963378906,257.0,251.08999633789062,252.42999267578125,248.4109649658203,7014900
2024-07-10,CRM,Salesforce,251.1999969482422,254.8000030517578,246.11000061035156,252.58999633789062,248.5684051513672,8947700
2024-07-11,CRM,Salesforce,252.60000610351562,255.4199981689453,250.9199981689453,251.1199951171875,247.12184143066406,5341800
2024-07-12,CRM,Salesforce,251.6199951171875,255.2899932861328,249.69000244140625,253.97000122070312,249.92645263671875,4705500
2024-07-15,CRM,Salesforce,256.0199890136719,256.3900146484375,252.1199951171875,252.86000061035156,248.83412170410156,4404300
2024-07-16,CRM,Salesforce,253.77999877929688,256.7799987792969,252.6699981689453,256.0299987792969,251.95364379882812,4780400
2024-07-17,CRM,Salesforce,254.0,255.57000732421875,249.61000061035156,251.22000122070312,247.22021484375,5625300
2024-07-18,CRM,Salesforce,252.13999938964844,252.4499969482422,245.72000122070312,247.35000610351562,243.411865234375,6351600
2024-07-19,CRM,Salesforce,248.64999389648438,248.99000549316406,245.1699981689453,247.6300048828125,243.6874237060547,4468900
2024-07-22,CRM,Salesforce,248.75,255.5800018310547,248.0,254.0800018310547,250.03469848632812,5647600
2024-07-23,CRM,Salesforce,256.5899963378906,257.3299865722656,253.75,256.05999755859375,251.98316955566406,3905500
2024-07-24,CRM,Salesforce,253.6300048828125,255.91000366210938,248.89999389648438,249.77999877929688,245.80316162109375,5204100
2024-07-25,CRM,Salesforce,254.74000549316406,264.0799865722656,251.72000122070312,256.5199890136719,252.43582153320312,7155800
2024-07-26,CRM,Salesforce,258.1700134277344,264.489990234375,257.07000732421875,262.7099914550781,258.52728271484375,6127300
2024-07-29,CRM,Salesforce,262.7099914550781,266.0799865722656,258.5199890136719,258.5899963378906,254.47291564941406,5101400
2024-07-30,CRM,Salesforce,259.6199951171875,260.75,255.1199951171875,257.92999267578125,253.8234100341797,3944300
2024-07-31,CRM,Salesforce,256.2099914550781,261.8299865722656,255.35000610351562,258.79998779296875,254.6795654296875,4647700
2024-08-01,CRM,Salesforce,259.8999938964844,263.3599853515625,249.74000549316406,253.05999755859375,249.03091430664062,5527400
2024-08-02,CRM,Salesforce,247.7899932861328,248.0,241.1199951171875,243.97000122070312,240.08566284179688,6504500
2024-08-05,CRM,Salesforce,232.32000732421875,241.82000732421875,232.2100067138672,239.00999450683594,235.20460510253906,6899300
2024-08-06,CRM,Salesforce,241.08999633789062,243.85000610351562,238.02999877929688,238.4199981689453,234.6240234375,5673900
2024-08-07,CRM,Salesforce,242.61000061035156,246.52999877929688,239.66000366210938,240.0399932861328,236.21824645996094,4035500
2024-08-08,CRM,Salesforce,243.24000549316406,249.42999267578125,243.0800018310547,249.1199951171875,245.1536865234375,4474300
2024-08-09,CRM,Salesforce,248.6999969482422,252.9499969482422,248.4499969482422,252.52999877929688,248.50936889648438,2975300
2024-08-12,CRM,Salesforce,252.60000610351562,254.08999633789062,249.02000427246094,251.30999755859375,247.30880737304688,3679700
2024-08-13,CRM,Salesforce,253.0,255.77999877929688,253.0,254.60000610351562,250.54640197753906,4031600
2024-08-14,CRM,Salesforce,255.38999938964844,257.7099914550781,253.86000061035156,255.32000732421875,251.2549591064453,4145200
2024-08-15,CRM,Salesforce,257.8999938964844,262.8900146484375,256.239990234375,262.7900085449219,258.6060485839844,5167900
2024-08-16,CRM,Salesforce,261.75,263.6000061035156,259.67999267578125,262.9100036621094,258.7241516113281,3494900
2024-08-19,CRM,Salesforce,263.1000061035156,265.3900146484375,261.6300048828125,265.3800048828125,261.1547546386719,4501300
2024-08-20,CRM,Salesforce,264.95001220703125,265.5,261.0299987792969,261.8399963378906,257.6711120605469,5731300
2024-08-21,CRM,Salesforce,261.1000061035156,262.1400146484375,259.17999267578125,261.0899963378906,256.93310546875,4648200
2024-08-22,CRM,Salesforce,261.5,263.260009765625,257.2699890136719,258.5899963378906,254.47291564941406,5111400
2024-08-23,CRM,Salesforce,261.989990234375,265.6000061035156,260.70001220703125,264.0,259.7967529296875,4711300
2024-08-26,CRM,Salesforce,263.94000244140625,267.29998779296875,263.239990234375,265.2799987792969,261.056396484375,3818300
2024-08-27,CRM,Salesforce,259.6499938964844,264.4599914550781,259.3999938964844,264.20001220703125,259.9935607910156,5276400
2024-08-28,CRM,Salesforce,261.8299865722656,265.17999267578125,257.3599853515625,258.8999938964844,254.77796936035156,10981900
2024-08-29,CRM,Salesforce,271.010009765625,271.95001220703125,256.2799987792969,257.010009765625,252.91807556152344,14301700
2024-08-30,CRM,Salesforce,257.44000244140625,259.1300048828125,251.0,252.89999389648438,248.8734893798828,10507700
2024-09-03,CRM,Salesforce,252.6199951171875,253.69000244140625,246.63999938964844,248.05999755859375,244.1105499267578,6190400
2024-09-04,CRM,Salesforce,246.47000122070312,249.47999572753906,245.16000366210938,247.67999267578125,243.73660278320312,4706500
2024-09-05,CRM,Salesforce,245.97999572753906,248.5,245.0,246.1199951171875,242.20143127441406,4083600
2024-09-06,CRM,Salesforce,247.74000549316406,250.0,241.44000244140625,243.97000122070312,240.08566284179688,6259400
2024-09-09,CRM,Salesforce,246.5,249.36000061035156,244.77000427246094,245.75999450683594,241.84716796875,4588800
2024-09-10,CRM,Salesforce,247.1300048828125,247.33999633789062,243.30999755859375,246.16000366210938,242.2407989501953,3544800
2024-09-11,CRM,Salesforce,244.80999755859375,250.02000427246094,242.00999450683594,249.57000732421875,245.59652709960938,4822200
2024-09-12,CRM,Salesforce,251.38999938964844,254.13999938964844,249.57000732421875,253.3699951171875,249.33599853515625,5219700
2024-09-13,CRM,Salesforce,252.5399932861328,256.8299865722656,252.4499969482422,254.57000732421875,250.51690673828125,4998900
2024-09-16,CRM,Salesforce,254.57000732421875,257.80999755859375,254.57000732421875,256.9100036621094,252.8196563720703,5367000
2024-09-17,CRM,Salesforce,258.7200012207031,259.3699951171875,254.75999450683594,255.19000244140625,251.1270294189453,5423400
2024-09-18,CRM,Salesforce,256.0,256.1199951171875,250.9600067138672,252.42999267578125,248.80096435546875,4436700
2024-09-19,CRM,Salesforce,260.7200012207031,269.5400085449219,258.04998779296875,265.989990234375,262.1660461425781,11022800
2024-09-20,CRM,Salesforce,266.010009765625,270.32000732421875,261.32000732421875,266.79998779296875,262.9643249511719,11463200
2024-09-23,CRM,Salesforce,267.25,268.05999755859375,262.239990234375,264.2099914550781,260.4115905761719,6034000
2024-09-24,CRM,Salesforce,269.8299865722656,272.4599914550781,266.2900085449219,270.44000244140625,266.5520324707031,7154500
2024-09-25,CRM,Salesforce,270.45001220703125,277.04998779296875,269.3800048828125,274.0899963378906,270.14959716796875,7920000
2024-09-26,CRM,Salesforce,276.1300048828125,278.6400146484375,272.7099914550781,275.760009765625,271.7955627441406,5253400
2024-09-27,CRM,Salesforce,276.260009765625,277.8399963378906,275.05999755859375,276.6400146484375,272.66290283203125,5220100
2024-09-30,CRM,Salesforce,273.95001220703125,275.739990234375,269.1400146484375,273.7099914550781,269.7749938964844,5059700
2024-10-01,CRM,Salesforce,274.1400146484375,274.70001220703125,269.69000244140625,270.8699951171875,266.975830078125,4369900
2024-10-02,CRM,Salesforce,273.7200012207031,282.0,270.8500061035156,279.4800109863281,275.46209716796875,8512300
2024-10-03,CRM,Salesforce,278.989990234375,281.1199951171875,277.7300109863281,280.9100036621094,276.8715515136719,3868400
2024-10-04,CRM,Salesforce,283.8599853515625,287.8900146484375,281.4700012207031,287.75,283.6131896972656,6129900
2024-10-07,CRM,Salesforce,286.5799865722656,288.1700134277344,283.3800048828125,284.57000732421875,280.4789123535156,4794700
2024-10-08,CRM,Salesforce,286.0,292.6300048828125,284.1000061035156,291.57000732421875,287.3782653808594,5211200
2024-10-09,CRM,Salesforce,290.82000732421875,291.57000732421875,287.0799865722656,287.9200134277344,283.78070068359375,4851000
2024-10-10,CRM,Salesforce,287.9200134277344,290.2300109863281,284.6199951171875,290.1700134277344,285.9983825683594,3965500
2024-10-11,CRM,Salesforce,289.2099914550781,290.239990234375,286.29998779296875,288.1000061035156,283.95819091796875,3597000
2024-10-14,CRM,Salesforce,289.9200134277344,292.45001220703125,288.25,291.6400146484375,287.4472351074219,3642500
2024-10-15,CRM,Salesforce,293.4599914550781,293.5799865722656,288.0,288.3500061035156,284.20452880859375,3850800
2024-10-16,CRM,Salesforce,287.54998779296875,290.9200134277344,284.2300109863281,290.8599853515625,286.6784973144531,3497000
2024-10-17,CRM,Salesforce,291.9599914550781,293.3399963378906,290.1000061035156,291.1099853515625,286.92486572265625,2830000
2024-10-18,CRM,Salesforce,292.0400085449219,294.7099914550781,290.1499938964844,292.94000244140625,288.72857666015625,3087900
2024-10-21,CRM,Salesforce,289.0,292.9200134277344,288.0400085449219,291.2900085449219,287.10235595703125,2712600
2024-10-22,CRM,Salesforce,289.75,291.94000244140625,287.6499938964844,288.3299865722656,284.1848449707031,3100100
2024-10-23,CRM,Salesforce,287.7300109863281,288.29998779296875,282.6199951171875,284.42999267578125,280.34088134765625,3227100
2024-10-24,CRM,Salesforce,286.55999755859375,288.9100036621094,285.17999267578125,286.760009765625,282.637451171875,3210700
2024-10-25,CRM,Salesforce,290.0,294.3800048828125,288.8299865722656,290.4599914550781,286.2842102050781,3351200
2024-10-28,CRM,Salesforce,293.6000061035156,296.07000732421875,292.489990234375,293.7699890136719,289.5466003417969,3867800
2024-10-29,CRM,Salesforce,294.0,300.6000061035156,292.80999755859375,298.8900146484375,294.593017578125,4280700
2024-10-30,CRM,Salesforce,297.07000732421875,299.5400085449219,296.3500061035156,296.3999938964844,292.1388244628906,2826500
2024-10-31,CRM,Salesforce,292.6000061035156,296.0899963378906,289.54998779296875,291.3699951171875,287.18115234375,4301800
2024-11-01,CRM,Salesforce,290.2300109863281,296.989990234375,290.0,294.7200012207031,290.4830017089844,3527500
2024-11-04,CRM,Salesforce,297.989990234375,300.17999267578125,292.9200134277344,298.010009765625,293.7257080078125,5107900
2024-11-05,CRM,Salesforce,297.44000244140625,298.80999755859375,294.739990234375,297.489990234375,293.2131652832031,4456100
2024-11-06,CRM,Salesforce,305.0,308.55999755859375,303.07000732421875,306.8999938964844,302.4878845214844,5874900
2024-11-07,CRM,Salesforce,307.5,312.19000244140625,306.0,310.7799987792969,306.3121032714844,5722600
2024-11-08,CRM,Salesforce,310.0299987792969,322.80999755859375,309.44000244140625,321.95001220703125,317.321533203125,8485000
2024-11-11,CRM,Salesforce,325.25,344.8800048828125,325.25,341.7300109863281,336.817138671875,13954200
2024-11-12,CRM,Salesforce,339.2900085449219,348.8599853515625,338.510009765625,341.1499938964844,336.2454833984375,7659700
2024-11-13,CRM,Salesforce,345.5,348.19000244140625,338.7699890136719,341.7200012207031,336.80731201171875,6902900
2024-11-14,CRM,Salesforce,342.44000244140625,346.0,330.82000732421875,331.6499938964844,326.8821105957031,7630600
2024-11-15,CRM,Salesforce,326.92999267578125,330.260009765625,324.17999267578125,325.260009765625,320.5839538574219,7093000
2024-11-18,CRM,Salesforce,327.0,327.0,320.2099914550781,322.25,317.61724853515625,4250400
2024-11-19,CRM,Salesforce,319.0,324.70001220703125,316.0,323.42999267578125,318.78021240234375,5469900
2024-11-20,CRM,Salesforce,325.2900085449219,327.260009765625,322.010009765625,325.70001220703125,321.01763916015625,3763500
2024-11-21,CRM,Salesforce,331.3500061035156,342.94000244140625,328.6000061035156,335.7799987792969,330.9526672363281,8364200
2024-11-22,CRM,Salesforce,338.95001220703125,342.80999755859375,335.7799987792969,342.0199890136719,337.1029357910156,5649400
2024-11-25,CRM,Salesforce,345.0,347.8500061035156,338.2900085449219,339.1099853515625,334.23480224609375,7117200
2024-11-26,CRM,Salesforce,341.9800109863281,343.80999755859375,339.1400146484375,343.17999267578125,338.2463073730469,4492800
2024-11-27,CRM,Salesforce,336.4599914550781,337.3800048828125,328.8800048828125,330.010009765625,325.265625,7471500
2024-11-29,CRM,Salesforce,329.3399963378906,331.989990234375,327.25,329.989990234375,325.24591064453125,3517600
2024-12-02,CRM,Salesforce,332.0,334.5,330.1099853515625,331.010009765625,326.2512512207031,6063400
2024-12-03,CRM,Salesforce,327.3999938964844,332.79998779296875,323.6499938964844,331.42999267578125,326.6651916503906,12632400
2024-12-04,CRM,Salesforce,366.80999755859375,369.0,356.6499938964844,367.8699951171875,362.5813293457031,24733100
2024-12-05,CRM,Salesforce,360.7799987792969,365.45001220703125,356.6700134277344,361.3800048828125,356.1846923828125,10942100
2024-12-06,CRM,Salesforce,364.989990234375,367.1499938964844,361.0899963378906,361.989990234375,356.785888671875,5738900
2024-12-09,CRM,Salesforce,361.70001220703125,361.70001220703125,350.7900085449219,351.57000732421875,346.51568603515625,6475000
2024-12-10,CRM,Salesforce,351.3500061035156,355.489990234375,347.42999267578125,348.82000732421875,343.80517578125,6033000
2024-12-11,CRM,Salesforce,353.489990234375,360.20001220703125,351.8800048828125,354.8500061035156,349.74853515625,7546600
2024-12-12,CRM,Salesforce,355.0,360.0,352.9200134277344,358.0299987792969,352.8827819824219,5422000
2024-12-13,CRM,Salesforce,364.0,364.79998779296875,352.5,354.30999755859375,349.21630859375,5538000
2024-12-16,CRM,Salesforce,350.7799987792969,358.07000732421875,350.55999755859375,357.2300109863281,352.0943298339844,5482300
2024-12-17,CRM,Salesforce,356.8999938964844,357.2300109863281,349.1099853515625,350.9700012207031,345.92431640625,6911000
2024-12-18,CRM,Salesforce,354.5,354.7699890136719,335.239990234375,337.2300109863281,332.7611083984375,8400000
2024-12-19,CRM,Salesforce,341.70001220703125,343.5299987792969,335.42999267578125,336.2300109863281,331.7743225097656,7423400
2024-12-20,CRM,Salesforce,332.739990234375,346.45001220703125,331.1400146484375,343.6499938964844,339.0960388183594,14932300
2024-12-23,CRM,Salesforce,342.25,343.8500061035156,336.67999267578125,342.8999938964844,338.3559265136719,5330300
2024-12-24,CRM,Salesforce,343.0,344.95001220703125,340.8299865722656,344.42999267578125,339.86566162109375,1811000
2024-12-26,CRM,Salesforce,344.8800048828125,344.8800048828125,341.0299987792969,341.7200012207031,337.19158935546875,3483300
2024-12-27,CRM,Salesforce,340.3500061035156,342.2699890136719,335.2699890136719,338.45001220703125,333.9649353027344,3220400
2024-12-30,CRM,Salesforce,333.4700012207031,338.1099853515625,331.6099853515625,335.739990234375,331.290771484375,3411100
2024-12-31,CRM,Salesforce,336.2699890136719,337.1499938964844,332.4100036621094,334.3299865722656,329.89947509765625,3026000
2025-01-02,CRM,Salesforce,336.30999755859375,338.9200134277344,327.80999755859375,330.6600036621094,326.2781982421875,4807100
2025-01-03,CRM,Salesforce,332.1000061035156,333.44000244140625,329.2699890136719,332.8999938964844,328.488525390625,4101200
2025-01-06,CRM,Salesforce,334.0199890136719,336.6000061035156,327.2799987792969,330.5299987792969,326.1498718261719,5785300
2025-01-07,CRM,Salesforce,330.5,331.5,322.9100036621094,324.92999267578125,320.62408447265625,4643100
2025-01-08,CRM,Salesforce,327.739990234375,328.79998779296875,323.1099853515625,326.8999938964844,322.5679626464844,3788200
2025-01-10,CRM,Salesforce,322.7699890136719,322.7699890136719,316.0199890136719,317.8500061035156,313.637939453125,6540000
2025-01-13,CRM,Salesforce,314.6000061035156,320.54998779296875,313.79998779296875,319.07000732421875,314.84173583984375,4583000
2025-01-14,CRM,Salesforce,325.0,329.94000244140625,321.5,323.5400085449219,319.25250244140625,5935200
2025-01-15,CRM,Salesforce,329.8800048828125,331.5299987792969,320.7799987792969,321.1600036621094,316.9040222167969,6042700
2025-01-16,CRM,Salesforce,322.94000244140625,327.7200012207031,319.54998779296875,320.0,315.7594299316406,5047700
2025-01-17,CRM,Salesforce,328.7200012207031,329.57000732421875,323.07000732421875,324.55999755859375,320.2590026855469,6303600
2025-01-21,CRM,Salesforce,329.3999938964844,329.5199890136719,322.45001220703125,326.8399963378906,322.50872802734375,6397200
2025-01-22,CRM,Salesforce,331.25,335.2300109863281,327.2799987792969,332.6199951171875,328.2121887207031,7259300
2025-01-23,CRM,Salesforce,332.3299865722656,335.4599914550781,329.6000061035156,334.6600036621094,330.22515869140625,4355900
2025-01-24,CRM,Salesforce,336.29998779296875,338.6499938964844,331.7900085449219,333.8800048828125,329.4554443359375,3299100
2025-01-27,CRM,Salesforce,332.3599853515625,353.1499938964844,330.5,347.1000061035156,342.50030517578125,15661100
2025-01-28,CRM,Salesforce,354.7699890136719,367.0899963378906,350.4599914550781,359.95001220703125,355.17999267578125,12099300
2025-01-29,CRM,Salesforce,358.760009765625,360.17999267578125,351.5,354.0,349.308837890625,6266700
2025-01-30,CRM,Salesforce,340.8999938964844,348.0,340.0,343.57000732421875,339.01708984375,7591100
2025-01-31,CRM,Salesforce,348.0,349.5,340.1000061035156,341.70001220703125,337.1718444824219,5778000
2025-02-03,CRM,Salesforce,335.9700012207031,341.4599914550781,331.260009765625,339.239990234375,334.7444152832031,4549400
2025-02-04,CRM,Salesforce,345.6199951171875,346.92999267578125,338.6700134277344,344.1400146484375,339.57952880859375,4965600
2025-02-05,CRM,Salesforce,345.7200012207031,348.0400085449219,338.8699951171875,347.92999267578125,343.31927490234375,4521000
2025-02-06,CRM,Salesforce,337.4800109863281,337.4800109863281,329.1000061035156,330.80999755859375,326.4261779785156,13240600
2025-02-07,CRM,Salesforce,332.0,333.82000732421875,323.7200012207031,325.8299865722656,321.5121765136719,7626100
2025-02-10,CRM,Salesforce,327.9200134277344,331.75,326.6499938964844,327.20001220703125,322.864013671875,5981900
2025-02-11,CRM,Salesforce,324.0199890136719,326.44000244140625,321.260009765625,324.3999938964844,320.1011047363281,5455900
2025-02-12,CRM,Salesforce,319.54998779296875,327.0,316.9700012207031,326.1199951171875,321.7983093261719,5643400
2025-02-13,CRM,Salesforce,326.20001220703125,330.3500061035156,323.2200012207031,329.8500061035156,325.4788818359375,4312100
2025-02-14,CRM,Salesforce,328.0299987792969,328.5,322.6199951171875,326.5400085449219,322.2127685546875,5879700
2025-02-18,CRM,Salesforce,328.5899963378906,329.1600036621094,323.0,328.9599914550781,324.6006164550781,5262100
2025-02-19,CRM,Salesforce,329.739990234375,329.739990234375,322.8699951171875,324.5299987792969,320.2293395996094,5012000
2025-02-20,CRM,Salesforce,322.239990234375,324.45001220703125,318.2099914550781,318.42999267578125,314.210205078125,6393100
2025-02-21,CRM,Salesforce,318.9700012207031,318.9700012207031,306.8599853515625,309.79998779296875,305.694580078125,7353200
2025-02-24,CRM,Salesforce,311.510009765625,312.7300109863281,303.5199890136719,308.32000732421875,304.23419189453125,6652900
2025-02-25,CRM,Salesforce,306.25,308.4200134277344,300.6199951171875,305.8800048828125,301.8265380859375,7360100
2025-02-26,CRM,Salesforce,312.6600036621094,313.70001220703125,306.45001220703125,307.3299865722656,303.25726318359375,12638500
2025-02-27,CRM,Salesforce,296.3399963378906,304.9200134277344,292.6700134277344,294.8999938964844,290.9920349121094,16691400
2025-02-28,CRM,Salesforce,295.9599914550781,301.9800109863281,292.1499938964844,297.8500061035156,293.9029541015625,10863100
2025-03-03,CRM,Salesforce,301.0,303.07000732421875,291.05999755859375,293.05999755859375,289.1764221191406,6298200
2025-03-04,CRM,Salesforce,290.0,291.6499938964844,282.239990234375,287.3399963378906,283.5321960449219,9096300
2025-03-05,CRM,Salesforce,287.2200012207031,292.67999267578125,285.6199951171875,291.9700012207031,288.1008605957031,6612600
2025-03-06,CRM,Salesforce,288.2300109863281,298.0799865722656,284.8299865722656,286.04998779296875,282.25933837890625,10396800
2025-03-07,CRM,Salesforce,283.17999267578125,288.30999755859375,275.1700134277344,282.8900146484375,279.1412048339844,8248100
2025-03-10,CRM,Salesforce,276.9700012207031,278.3500061035156,270.7200012207031,272.8999938964844,269.2835388183594,10040200
2025-03-11,CRM,Salesforce,273.7200012207031,280.45001220703125,272.0,277.04998779296875,273.3785400390625,8313400
2025-03-12,CRM,Salesforce,281.8500061035156,285.92999267578125,279.0899963378906,284.5799865722656,280.80877685546875,7463900
2025-03-13,CRM,Salesforce,282.04998779296875,282.55999755859375,269.75,271.739990234375,268.1389465332031,9494500
2025-03-14,CRM,Salesforce,275.0,279.8900146484375,272.67999267578125,279.3999938964844,275.6974792480469,6976900
2025-03-17,CRM,Salesforce,277.3699951171875,282.7300109863281,276.0799865722656,280.75,277.0295715332031,4484300
2025-03-18,CRM,Salesforce,280.0199890136719,280.5,275.94000244140625,278.7300109863281,275.03631591796875,5881700
2025-03-19,CRM,Salesforce,277.5,282.2200012207031,277.2900085449219,279.3900146484375,275.6875915527344,5245400
2025-03-20,CRM,Salesforce,277.05999755859375,282.8800048828125,277.05999755859375,279.0299987792969,275.3323974609375,5504700
2025-03-21,CRM,Salesforce,276.2099914550781,281.8500061035156,274.04998779296875,280.6199951171875,276.9012756347656,9804100
2025-03-24,CRM,Salesforce,283.739990234375,286.760009765625,283.2200012207031,285.9599914550781,282.17047119140625,6763800
2025-03-25,CRM,Salesforce,285.6099853515625,290.45001220703125,285.6099853515625,288.6099853515625,284.7853698730469,4301700
2025-03-26,CRM,Salesforce,288.3399963378906,289.0400085449219,279.5799865722656,280.989990234375,277.266357421875,5070300
2025-03-27,CRM,Salesforce,280.5400085449219,280.8999938964844,276.010009765625,277.80999755859375,274.1285400390625,3757200
2025-03-28,CRM,Salesforce,276.7099914550781,277.2099914550781,269.19000244140625,269.9700012207031,266.3924255371094,4973400
2025-03-31,CRM,Salesforce,264.54998779296875,268.45001220703125,259.19000244140625,268.3599853515625,264.80377197265625,7585800
2025-04-01,CRM,Salesforce,268.8599853515625,270.82000732421875,265.82000732421875,270.20001220703125,266.619384765625,4598200
2025-04-02,CRM,Salesforce,265.9599914550781,273.6300048828125,265.75,271.5400085449219,267.9416198730469,5396900
2025-04-03,CRM,Salesforce,260.1400146484375,262.57000732421875,254.4499969482422,255.22999572753906,251.8477325439453,8872600
2025-04-04,CRM,Salesforce,247.6999969482422,250.2899932861328,239.52999877929688,240.75999450683594,237.56948852539062,9705000
2025-04-07,CRM,Salesforce,230.0,252.9499969482422,230.0,244.2100067138672,240.97378540039062,11965200
2025-04-08,CRM,Salesforce,253.9499969482422,257.3900146484375,240.27000427246094,243.99000549316406,240.75669860839844,9340300
2025-04-09,CRM,Salesforce,240.89999389648438,268.1700134277344,240.89999389648438,265.1700134277344,261.6560363769531,12491100
2025-04-10,CRM,Salesforce,260.0,261.239990234375,248.1300048828125,255.1199951171875,252.1347198486328,9692300
2025-04-11,CRM,Salesforce,254.27000427246094,256.4100036621094,247.67999267578125,255.0,252.0161590576172,6089000
2025-04-14,CRM,Salesforce,260.0,260.0,253.13999938964844,254.5500030517578,251.57142639160156,6038100
2025-04-15,CRM,Salesforce,254.3699951171875,256.7200012207031,253.8000030517578,254.92999267578125,251.9469451904297,5227700
2025-04-16,CRM,Salesforce,251.92999267578125,256.6099853515625,246.69000244140625,249.83999633789062,246.91651916503906,7190900
2025-04-17,CRM,Salesforce,249.77000427246094,251.55999755859375,246.8000030517578,247.25999450683594,244.36672973632812,5566900
2025-04-21,CRM,Salesforce,240.42999267578125,242.47999572753906,232.77000427246094,236.25999450683594,233.49542236328125,9240000
2025-04-22,CRM,Salesforce,238.22999572753906,244.22000122070312,235.60000610351562,243.38999938964844,240.54202270507812,7145300
2025-04-23,CRM,Salesforce,252.61000061035156,257.7900085449219,249.5,250.47999572753906,247.54901123046875,5818900
2025-04-24,CRM,Salesforce,258.20001220703125,264.9800109863281,257.0,264.70001220703125,261.6026306152344,7857600
2025-04-25,CRM,Salesforce,264.7200012207031,269.0299987792969,264.20001220703125,267.8500061035156,264.7157897949219,5651700
2025-04-28,CRM,Salesforce,268.1499938964844,269.5,263.3299865722656,265.6400146484375,262.5316467285156,4977700
2025-04-29,CRM,Salesforce,265.3999938964844,268.5799865722656,265.1700134277344,267.760009765625,264.6268615722656,3139800
2025-04-30,CRM,Salesforce,264.79998779296875,268.8699951171875,263.0,268.7099914550781,265.56573486328125,4624100
2025-05-01,CRM,Salesforce,273.3999938964844,274.6000061035156,269.0,269.3299865722656,266.1784362792969,5208900
2025-05-02,CRM,Salesforce,274.4599914550781,276.32000732421875,272.25,275.0799865722656,271.8611755371094,4323400
2025-05-05,CRM,Salesforce,273.3699951171875,276.1700134277344,272.30999755859375,272.6300048828125,269.4398498535156,4219600
2025-05-06,CRM,Salesforce,269.82000732421875,274.79998779296875,268.5400085449219,273.3599853515625,270.1613464355469,4681600
2025-05-07,CRM,Salesforce,273.7099914550781,278.7900085449219,273.7099914550781,278.2300109863281,274.9743347167969,4267600
2025-05-08,CRM,Salesforce,279.2099914550781,283.04998779296875,278.3800048828125,279.739990234375,276.4666748046875,4789900
2025-05-09,CRM,Salesforce,281.6199951171875,282.4800109863281,273.8800048828125,275.4200134277344,272.1971740722656,4324200
2025-05-12,CRM,Salesforce,285.0,288.9700012207031,283.2300109863281,288.82000732421875,285.4403991699219,5937400
2025-05-13,CRM,Salesforce,291.0,292.739990234375,288.92999267578125,289.1700134277344,285.78631591796875,6711600
2025-05-14,CRM,Salesforce,293.5,296.04998779296875,289.260009765625,290.739990234375,287.33795166015625,7926200
2025-05-15,CRM,Salesforce,289.57000732421875,291.9700012207031,287.95001220703125,290.760009765625,287.35772705078125,4635600
2025-05-16,CRM,Salesforce,291.0899963378906,292.1700134277344,289.7200012207031,291.1499938964844,287.7431335449219,3846000
2025-05-19,CRM,Salesforce,288.1000061035156,289.8999938964844,286.9100036621094,287.6300048828125,284.26434326171875,5781200
2025-05-20,CRM,Salesforce,288.0899963378906,288.44000244140625,285.2099914550781,288.05999755859375,284.68927001953125,4032300
2025-05-21,CRM,Salesforce,284.4100036621094,287.6300048828125,281.1099853515625,282.2799987792969,278.9769592285156,5689800
2025-05-22,CRM,Salesforce,282.5,286.3500061035156,281.0299987792969,283.4200134277344,280.1036376953125,6642700
2025-05-23,CRM,Salesforce,279.0,280.739990234375,271.6499938964844,273.1300048828125,269.9339904785156,8887800
2025-05-27,CRM,Salesforce,273.1700134277344,278.5799865722656,270.2900085449219,277.19000244140625,273.9465026855469,10958000
2025-05-28,CRM,Salesforce,277.7099914550781,278.80999755859375,273.5799865722656,276.0299987792969,272.8000793457031,12758600
2025-05-29,CRM,Salesforce,263.5899963378906,267.7900085449219,254.5,266.9200134277344,263.79669189453125,28053100
2025-05-30,CRM,Salesforce,268.0799865722656,269.739990234375,260.70001220703125,265.3699951171875,262.2648010253906,12388500
2025-06-02,CRM,Salesforce,263.1099853515625,263.7900085449219,259.1400146484375,261.6199951171875,258.5587158203125,9213500
2025-06-03,CRM,Salesforce,262.0,264.75,261.3599853515625,264.4700012207031,261.3753356933594,7838500
2025-06-04,CRM,Salesforce,264.19000244140625,265.5,261.6199951171875,263.1700134277344,260.0905456542969,7372500
2025-06-05,CRM,Salesforce,263.7099914550781,268.75,263.6400146484375,267.1400146484375,264.01409912109375,8642900
2025-06-06,CRM,Salesforce,269.9700012207031,274.8999938964844,268.2099914550781,274.510009765625,271.2978820800781,7507000
2025-06-09,CRM,Salesforce,272.8500061035156,274.20001220703125,269.6600036621094,272.25,269.0643310546875,5728300
2025-06-10,CRM,Salesforce,272.07000732421875,273.75,266.8399963378906,268.2200012207031,265.0814514160156,6309700
2025-06-11,CRM,Salesforce,268.5,269.510009765625,265.4100036621094,265.9100036621094,262.7984924316406,6568100
2025-06-12,CRM,Salesforce,264.70001220703125,269.0199890136719,263.3999938964844,266.9100036621094,263.78680419921875,8054000
2025-06-13,CRM,Salesforce,263.4800109863281,265.70001220703125,258.0,258.3999938964844,255.37632751464844,7659300
2025-06-16,CRM,Salesforce,260.3900146484375,263.9800109863281,259.9599914550781,263.8800048828125,260.792236328125,7177000
2025-06-17,CRM,Salesforce,263.8500061035156,270.5,262.1000061035156,262.760009765625,259.68536376953125,9110100
2025-06-18,CRM,Salesforce,264.79998779296875,265.0799865722656,257.4700012207031,259.5,256.8702087402344,7628000
2025-06-20,CRM,Salesforce,260.69000244140625,262.8699951171875,259.260009765625,260.6300048828125,257.98870849609375,12859200
2025-06-23,CRM,Salesforce,260.6400146484375,264.739990234375,258.75,263.4100036621094,260.7406005859375,9283800
2025-06-24,CRM,Salesforce,265.7099914550781,273.3800048828125,265.44000244140625,271.1700134277344,268.4219055175781,9713900
2025-06-25,CRM,Salesforce,272.0,274.0,266.9800109863281,267.760009765625,265.0464782714844,6074300
2025-06-26,CRM,Salesforce,268.7799987792969,271.010009765625,265.1600036621094,270.739990234375,267.9962463378906,6708000
2025-06-27,CRM,Salesforce,271.8599853515625,274.1700134277344,269.42999267578125,273.4200134277344,270.6491394042969,21741400
2025-06-30,CRM,Salesforce,274.4599914550781,276.3800048828125,270.3999938964844,272.69000244140625,269.926513671875,8541900
2025-07-01,CRM,Salesforce,272.0799865722656,274.0,270.6400146484375,271.9100036621094,269.1544189453125,6256800
2025-07-02,CRM,Salesforce,271.5199890136719,271.7099914550781,265.6499938964844,269.2099914550781,266.48175048828125,6115200
2025-07-03,CRM,Salesforce,269.70001220703125,274.7300109863281,269.32000732421875,272.1499938964844,269.3919677734375,5031800
2025-07-07,CRM,Salesforce,271.510009765625,274.0,268.2099914550781,269.79998779296875,267.0657653808594,6283500
2025-07-08,CRM,Salesforce,270.7900085449219,276.79998779296875,269.7300109863281,273.6499938964844,270.87677001953125,6661200
2025-07-09,CRM,Salesforce,274.3599853515625,275.55999755859375,269.3699951171875,270.9200134277344,268.1744689941406,6373600
2025-07-10,CRM,Salesforce,270.8999938964844,271.489990234375,263.2099914550781,263.9700012207031,261.2948913574219,7244600
2025-07-11,CRM,Salesforce,262.5799865722656,262.95001220703125,257.260009765625,258.07000732421875,255.45468139648438,7011200
2025-07-14,CRM,Salesforce,258.6000061035156,262.2300109863281,257.5,259.67999267578125,257.04833984375,6533900
2025-07-15,CRM,Salesforce,261.0,261.80999755859375,257.2300109863281,257.5799865722656,254.96958923339844,5201500
2025-07-16,CRM,Salesforce,258.92999267578125,258.9800109863281,254.52000427246094,257.95001220703125,255.3358917236328,5649500
2025-07-17,CRM,Salesforce,257.989990234375,260.20001220703125,256.6499938964844,259.8800048828125,257.2463684082031,5837400
2025-07-18,CRM,Salesforce,260.29998779296875,262.9800109863281,259.1199951171875,262.3800048828125,259.72100830078125,6381200
2025-07-21,CRM,Salesforce,263.6199951171875,264.30999755859375,261.6400146484375,262.2799987792969,259.62200927734375,6714700
2025-07-22,CRM,Salesforce,263.0,265.8900146484375,262.0,263.5899963378906,260.9187316894531,5001400
2025-07-23,CRM,Salesforce,263.9200134277344,268.4800109863281,262.5,267.2200012207031,264.5119323730469,5620700
2025-07-24,CRM,Salesforce,267.9800109863281,269.29998779296875,265.6400146484375,267.70001220703125,264.987060546875,5877100
2025-07-25,CRM,Salesforce,268.010009765625,271.1000061035156,267.010009765625,269.1099853515625,266.3827819824219,4015400
2025-07-28,CRM,Salesforce,269.5,270.3399963378906,266.5899963378906,270.25,267.51123046875,4533700
2025-07-29,CRM,Salesforce,271.6000061035156,274.0,267.30999755859375,267.3900146484375,264.6802673339844,5137100
2025-07-30,CRM,Salesforce,266.8699951171875,267.7699890136719,263.3299865722656,264.80999755859375,262.1263427734375,3928200
2025-07-31,CRM,Salesforce,265.0,265.0400085449219,257.8599853515625,258.3299865722656,255.7120361328125,7340300
2025-08-01,CRM,Salesforce,254.99000549316406,255.99000549316406,250.1300048828125,250.74000549316406,248.19895935058594,7646900
2025-08-04,CRM,Salesforce,251.0,253.5,250.63999938964844,252.32000732421875,249.762939453125,4403500
2025-08-05,CRM,Salesforce,253.00999450683594,253.2899932861328,247.00999450683594,247.49000549316406,244.98187255859375,6761000
2025-08-06,CRM,Salesforce,249.3699951171875,250.25999450683594,247.02000427246094,249.1699981689453,246.64486694335938,5834700
2025-08-07,CRM,Salesforce,250.69000244140625,253.00999450683594,236.97000122070312,240.8800048828125,238.43887329101562,10010200
2025-08-08,CRM,Salesforce,241.2899932861328,242.9499969482422,237.8300018310547,240.50999450683594,238.0726318359375,8812000
2025-08-11,CRM,Salesforce,238.9199981689453,241.8699951171875,231.57000732421875,232.67999267578125,230.3219757080078,10740100
2025-08-12,CRM,Salesforce,233.0,233.6699981689453,226.47999572753906,231.66000366210938,229.3123016357422,13178000
2025-08-13,CRM,Salesforce,233.00999450683594,237.35000610351562,229.61000061035156,237.02999877929688,234.6278839111328,10209200
2025-08-14,CRM,Salesforce,237.0,237.0,232.8699951171875,233.3699951171875,231.00497436523438,7544800
2025-08-15,CRM,Salesforce,236.14999389648438,244.5,234.6300048828125,242.44000244140625,239.9830780029297,12942800
2025-08-18,CRM,Salesforce,239.77000427246094,244.52000427246094,239.49000549316406,243.97000122070312,241.49757385253906,8809200
2025-08-19,CRM,Salesforce,245.0,248.5,243.4499969482422,246.0,243.50698852539062,8642200
2025-08-20,CRM,Salesforce,245.6999969482422,247.57000732421875,244.4499969482422,246.4499969482422,243.95242309570312,8195100
2025-08-21,CRM,Salesforce,245.0399932861328,246.2899932861328,240.02000427246094,245.8300018310547,243.33872985839844,5646800
2025-08-22,CRM,Salesforce,245.77999877929688,249.52999877929688,244.11000061035156,248.2899932861328,245.7737579345703,6694300
2025-08-25,CRM,Salesforce,249.3699951171875,249.3699951171875,246.7899932861328,247.8699951171875,245.3580322265625,4957700
2025-08-26,CRM,Salesforce,246.6999969482422,248.8300018310547,242.85000610351562,243.74000549316406,241.2698974609375,8862300
2025-08-27,CRM,Salesforce,245.75,250.3699951171875,245.61000061035156,250.16000366210938,247.6248321533203,6506900
2025-08-28,CRM,Salesforce,252.47999572753906,255.64999389648438,250.2899932861328,254.52999877929688,251.95054626464844,8461200
2025-08-29,CRM,Salesforce,255.39999389648438,257.6400146484375,252.8699951171875,256.25,253.65310668945312,7363200
2025-09-02,CRM,Salesforce,254.82000732421875,254.99000549316406,248.75,252.86000061035156,250.29747009277344,9312500
2025-09-03,CRM,Salesforce,255.05999755859375,258.0,250.5500030517578,256.45001220703125,253.85110473632812,17417900
2025-09-04,CRM,Salesforce,240.05999755859375,245.22000122070312,234.6199951171875,244.00999450683594,241.53713989257812,30967500
2025-09-05,CRM,Salesforce,244.8300018310547,251.1300048828125,244.36000061035156,250.75999450683594,248.21873474121094,13029400
2025-09-08,CRM,Salesforce,250.8000030517578,252.94000244140625,247.3000030517578,252.27000427246094,249.71343994140625,12602200
2025-09-09,CRM,Salesforce,251.32000732421875,255.33999633789062,251.2100067138672,252.05999755859375,249.5055694580078,10901900
2025-09-10,CRM,Salesforce,252.75,253.99000549316406,241.72999572753906,242.57000732421875,240.1117401123047,11363600
2025-09-11,CRM,Salesforce,243.6999969482422,247.1699981689453,243.5,246.27999877929688,243.78414916992188,6944900
2025-09-12,CRM,Salesforce,246.10000610351562,247.58999633789062,241.25,242.75999450683594,240.29981994628906,8386400
2025-09-15,CRM,Salesforce,243.25,244.7100067138672,240.83999633789062,242.52000427246094,240.062255859375,7244600
2025-09-16,CRM,Salesforce,242.52000427246094,242.67999267578125,237.24000549316406,239.30999755859375,236.884765625,8779800
2025-09-17,CRM,Salesforce,239.97000122070312,243.0,239.3800048828125,242.2100067138672,240.1728973388672,10124000
2025-09-18,CRM,Salesforce,244.16000366210938,247.2899932861328,242.9499969482422,244.27999877929688,242.2254638671875,9344400
2025-09-19,CRM,Salesforce,246.02000427246094,247.1999969482422,243.35000610351562,247.08999633789062,245.0118408203125,11813900
2025-09-22,CRM,Salesforce,245.27999877929688,250.47999572753906,243.16000366210938,249.69000244140625,247.5899658203125,7523800
2025-09-23,CRM,Salesforce,249.74000549316406,251.36000061035156,244.1300048828125,244.55999755859375,242.5031280517578,7669800
2025-09-24,CRM,Salesforce,245.6699981689453,248.83999633789062,243.00999450683594,245.88999938964844,243.82196044921875,6707100
2025-09-25,CRM,Salesforce,244.5,244.66000366210938,239.49000549316406,240.9499969482422,238.92349243164062,8145500
2025-09-26,CRM,Salesforce,240.69000244140625,244.52999877929688,240.35000610351562,243.42999267578125,241.38262939453125,4974600
2025-09-29,CRM,Salesforce,244.72000122070312,245.82000732421875,242.8699951171875,245.10000610351562,243.03858947753906,6373500
2025-09-30,CRM,Salesforce,245.0500030517578,245.2100067138672,235.80999755859375,237.0,235.00669860839844,10801100
2025-10-01,CRM,Salesforce,236.49000549316406,242.47000122070312,233.50999450683594,235.69000244140625,233.70773315429688,10016600
2025-10-02,CRM,Salesforce,235.42999267578125,239.39999389648438,233.60000610351562,238.8800048828125,236.8708953857422,7679200
2025-10-03,CRM,Salesforce,238.75,242.80999755859375,238.5,240.36000061035156,238.3384552001953,8849800
2025-10-06,CRM,Salesforce,239.3300018310547,250.47000122070312,235.41000366210938,245.77999877929688,243.71286010742188,13922600
2025-10-07,CRM,Salesforce,246.47999572753906,247.36000061035156,237.5500030517578,239.74000549316406,237.72366333007812,8387400
2025-10-08,CRM,Salesforce,239.74000549316406,241.32000732421875,235.64999389648438,240.42999267578125,238.40785217285156,7120200
2025-10-09,CRM,Salesforce,239.27000427246094,245.9600067138672,237.14999389648438,245.3300018310547,243.2666473388672,7929100
2025-10-10,CRM,Salesforce,246.52000427246094,249.0500030517578,240.72000122070312,241.67999267578125,239.6473388671875,7988300
2025-10-13,CRM,Salesforce,242.88999938964844,249.35000610351562,242.3699951171875,248.75,246.6578826904297,8276500
2025-10-14,CRM,Salesforce,248.11000061035156,248.27999877929688,239.5500030517578,239.77000427246094,237.75341796875,9123900
2025-10-15,CRM,Salesforce,240.8699951171875,241.32000732421875,235.89999389648438,236.5800018310547,234.59024047851562,8389200
2025-10-16,CRM,Salesforce,253.19000244140625,256.739990234375,242.6699981689453,246.0,243.93101501464844,24869700
2025-10-17,CRM,Salesforce,246.57000732421875,250.77999877929688,242.16000366210938,243.0800018310547,241.0355682373047,10851200
2025-10-20,CRM,Salesforce,245.0,255.39999389648438,244.3000030517578,254.27999877929688,252.14137268066406,9963900
2025-10-21,CRM,Salesforce,254.5,267.1300048828125,254.0,263.4100036621094,261.1946105957031,13354700
2025-10-22,CRM,Salesforce,262.20001220703125,262.3999938964844,256.510009765625,256.6400146484375,254.48153686523438,9370000
2025-10-23,CRM,Salesforce,257.6000061035156,258.55999755859375,254.1199951171875,255.0500030517578,252.9049072265625,6110100
2025-10-24,CRM,Salesforce,257.4200134277344,258.5,254.0,254.8300018310547,252.68675231933594,5490800
2025-10-27,CRM,Salesforce,257.0799865722656,258.1000061035156,254.9199981689453,255.47000122070312,253.3213653564453,4942400
2025-10-28,CRM,Salesforce,255.47000122070312,258.8399963378906,254.13999938964844,254.25999450683594,252.1215362548828,6435600
2025-10-29,CRM,Salesforce,252.0,253.57000732421875,249.0399932861328,251.4600067138672,249.3450927734375,7904200
2025-10-30,CRM,Salesforce,250.5,259.2799987792969,250.0,256.6499938964844,254.49143981933594,7767800
2025-10-31,CRM,Salesforce,254.8000030517578,261.82000732421875,252.6300048828125,260.4100036621094,258.21978759765625,6878300
2025-11-03,CRM,Salesforce,260.0,261.55999755859375,255.10000610351562,261.3399963378906,259.1419677734375,7054300
2025-11-04,CRM,Salesforce,258.1499938964844,259.260009765625,253.4600067138672,254.44000244140625,252.30003356933594,6792200
2025-11-05,CRM,Salesforce,254.6999969482422,256.8299865722656,252.00999450683594,252.67999267578125,250.5548095703125,5241200
2025-11-06,CRM,Salesforce,250.5399932861328,250.5399932861328,234.47999572753906,239.27000427246094,237.25762939453125,11041800
2025-11-07,CRM,Salesforce,236.14999389648438,240.97000122070312,235.7899932861328,239.8800048828125,237.8624725341797,5741500
2025-11-10,CRM,Salesforce,240.0,241.91000366210938,235.0800018310547,241.7100067138672,239.67710876464844,6486600
2025-11-11,CRM,Salesforce,241.89999389648438,245.6999969482422,241.16000366210938,244.5,242.44361877441406,5762800
2025-11-12,CRM,Salesforce,245.74000549316406,248.42999267578125,243.67999267578125,246.02000427246094,243.9508514404297,4278200
2025-11-13,CRM,Salesforce,245.25,245.89999389648438,239.91000366210938,240.42999267578125,238.40785217285156,5542100
2025-11-14,CRM,Salesforce,238.30999755859375,245.17999267578125,237.4199981689453,243.66000366210938,241.61070251464844,5512900
2025-11-17,CRM,Salesforce,242.07000732421875,242.8300018310547,235.58999633789062,237.02999877929688,235.0364532470703,5280900
2025-11-18,CRM,Salesforce,236.24000549316406,237.7899932861328,230.27000427246094,233.5,231.53614807128906,8045100
2025-11-19,CRM,Salesforce,232.0,232.27999877929688,225.05999755859375,227.8800048828125,225.96340942382812,9710700
2025-11-20,CRM,Salesforce,229.25,231.07000732421875,223.3000030517578,225.3699951171875,223.47451782226562,7521100
2025-11-21,CRM,Salesforce,224.86000061035156,228.67999267578125,221.9600067138672,227.11000061035156,225.1999053955078,7479300
2025-11-24,CRM,Salesforce,227.33999633789062,228.83999633789062,225.0399932861328,226.82000732421875,224.91232299804688,8563300
2025-11-25,CRM,Salesforce,226.8000030517578,234.6300048828125,226.52000427246094,234.1199951171875,232.1509246826172,10233000
2025-11-26,CRM,Salesforce,230.50999450683594,232.82000732421875,226.0,228.14999389648438,226.2311248779297,8506600
2025-11-28,CRM,Salesforce,229.0,232.55999755859375,228.6300048828125,230.5399932861328,228.60104370117188,3691500
2025-12-01,CRM,Salesforce,228.6699981689453,234.25,228.60000610351562,232.8300018310547,230.87179565429688,5634700
2025-12-02,CRM,Salesforce,233.02000427246094,236.64999389648438,231.6199951171875,234.7100067138672,232.7359619140625,7626200
2025-12-03,CRM,Salesforce,235.36000061035156,239.25999450683594,233.16000366210938,238.72000122070312,236.71224975585938,13782000
2025-12-04,CRM,Salesforce,243.69000244140625,248.97000122070312,237.60000610351562,247.4600067138672,245.3787384033203,20912100
2025-12-05,CRM,Salesforce,250.8300018310547,261.8800048828125,249.5,260.57000732421875,258.37847900390625,15852400
2025-12-08,CRM,Salesforce,261.8800048828125,264.2799987792969,256.3399963378906,259.5299987792969,257.3471984863281,10805400
2025-12-09,CRM,Salesforce,260.0,262.25,259.0,261.0199890136719,258.8246765136719,8045900
2025-12-10,CRM,Salesforce,260.75,265.92999267578125,259.1499938964844,264.20001220703125,261.9779357910156,8894700
2025-12-11,CRM,Salesforce,263.5,267.8999938964844,260.7699890136719,262.3500061035156,260.1435241699219,7783800
2025-12-12,CRM,Salesforce,263.5199890136719,264.489990234375,260.9100036621094,262.2300109863281,260.0245056152344,6006600
2025-12-15,CRM,Salesforce,261.2099914550781,262.2799987792969,253.08999633789062,254.5800018310547,252.4388427734375,10271800
2025-12-16,CRM,Salesforce,254.0,255.86000061035156,252.11000061035156,254.91000366210938,252.7660675048828,6145300
2025-12-17,CRM,Salesforce,256.3299865722656,261.9700012207031,256.25,258.1400146484375,255.9689483642578,6269000
2025-12-18,CRM,Salesforce,258.4200134277344,260.07000732421875,256.1600036621094,257.8500061035156,256.09405517578125,5654200
2025-12-19,CRM,Salesforce,260.67999267578125,262.0400085449219,255.5,259.9100036621094,258.1400146484375,20732100
2025-12-22,CRM,Salesforce,260.6199951171875,264.6300048828125,258.4100036621094,264.6300048828125,262.827880859375,5664200
2025-12-23,CRM,Salesforce,262.7200012207031,264.239990234375,260.5199890136719,263.42999267578125,261.63604736328125,4745100
2025-12-24,CRM,Salesforce,263.2300109863281,266.29998779296875,262.54998779296875,265.260009765625,263.45361328125,2076600
2025-12-26,CRM,Salesforce,264.79998779296875,267.9100036621094,264.79998779296875,266.0799865722656,264.26800537109375,2456400
2025-12-29,CRM,Salesforce,264.7099914550781,269.1099853515625,264.7099914550781,266.2300109863281,264.4169616699219,4300100
2025-12-30,CRM,Salesforce,266.6600036621094,268.2799987792969,265.3299865722656,265.9200134277344,264.1091003417969,3291800
2025-12-31,CRM,Salesforce,265.2900085449219,266.1000061035156,264.3900146484375,264.9100036621094,263.10595703125,3367900
2026-01-02,CRM,Salesforce,265.0,265.3800048828125,252.47999572753906,253.6199951171875,251.89285278320312,9680600
2026-01-05,CRM,Salesforce,253.6199951171875,259.5899963378906,252.30999755859375,256.260009765625,254.514892578125,6421500
2026-01-06,CRM,Salesforce,255.1999969482422,263.54998779296875,255.0,262.8999938964844,261.1096496582031,6103300
2026-01-07,CRM,Salesforce,263.5,267.8299865722656,263.5,266.1199951171875,264.3077392578125,5976200
2026-01-08,CRM,Salesforce,264.3999938964844,265.20001220703125,260.4100036621094,260.5299987792969,258.75579833984375,5243500
2026-01-09,CRM,Salesforce,260.0,261.0299987792969,256.510009765625,259.94000244140625,258.1698303222656,5174400
2026-01-12,CRM,Salesforce,259.0,261.55999755859375,255.77000427246094,259.3999938964844,257.63348388671875,4927700
2026-01-13,CRM,Salesforce,257.6600036621094,260.9100036621094,240.36000061035156,241.05999755859375,239.41839599609375,13661000
2026-01-14,CRM,Salesforce,239.17999267578125,242.24000549316406,236.4600067138672,239.57000732421875,237.9385528564453,10149300
2026-01-15,CRM,Salesforce,237.02000427246094,238.83999633789062,231.6699981689453,233.52999877929688,231.93966674804688,11489600
2026-01-16,CRM,Salesforce,232.9499969482422,232.9499969482422,226.44000244140625,227.11000061035156,225.5634002685547,13902600
2026-01-20,CRM,Salesforce,223.5399932861328,227.94000244140625,219.36000061035156,220.07000732421875,218.5713348388672,13050800
2026-01-21,CRM,Salesforce,220.14999389648438,223.38999938964844,218.9600067138672,221.5800018310547,220.07106018066406,12616600
2026-01-22,CRM,Salesforce,222.24000549316406,228.72000122070312,221.11000061035156,228.08999633789062,226.53671264648438,9483000
2026-01-23,CRM,Salesforce,226.77999877929688,230.85000610351562,226.64999389648438,228.0500030517578,226.4969940185547,9408000
2026-01-26,CRM,Salesforce,229.42999267578125,230.9499969482422,227.58999633789062,229.39999389648438,227.83778381347656,7239600
2026-01-27,CRM,Salesforce,231.94000244140625,235.74000549316406,226.27000427246094,228.52999877929688,226.97372436523438,9838400
2026-01-28,CRM,Salesforce,229.38999938964844,231.86000061035156,227.6699981689453,227.9600067138672,226.40760803222656,8465900
2026-01-29,CRM,Salesforce,216.6699981689453,217.27999877929688,208.77999877929688,214.0800018310547,212.62213134765625,18555600
2026-01-30,CRM,Salesforce,214.16000366210938,215.5500030517578,211.02999877929688,212.2899932861328,210.84429931640625,11090400
2026-02-02,CRM,Salesforce,214.35000610351562,216.88999938964844,209.8000030517578,210.80999755859375,209.3743896484375,7950900
2026-02-03,CRM,Salesforce,205.0,205.55999755859375,193.11000061035156,196.3800048828125,195.04266357421875,20194200
2026-02-04,CRM,Salesforce,193.30999755859375,200.6699981689453,187.27999877929688,199.44000244140625,198.0818328857422,23010000
2026-02-05,CRM,Salesforce,193.99000549316406,199.55999755859375,188.7899932861328,189.97000122070312,188.6763153076172,21956300
2026-02-06,CRM,Salesforce,191.6300048828125,194.60000610351562,187.1199951171875,191.35000610351562,190.0469207763672,13652600
2026-02-09,CRM,Salesforce,189.3000030517578,195.1999969482422,185.72999572753906,194.02999877929688,192.7086639404297,12112000
2026-02-10,CRM,Salesforce,191.89999389648438,199.10000610351562,190.75,193.4499969482422,192.13259887695312,13393000
2026-02-11,CRM,Salesforce,193.14999389648438,193.6699981689453,181.80999755859375,185.0,183.7401580810547,16350200
2026-02-12,CRM,Salesforce,185.9600067138672,188.32000732421875,180.24000549316406,185.42999267578125,184.16722106933594,16849100
2026-02-13,CRM,Salesforce,186.44000244140625,193.4499969482422,184.3000030517578,189.72000122070312,188.42800903320312,14822900
2026-02-17,CRM,Salesforce,190.97000122070312,193.0,183.1699981689453,184.2899932861328,183.03497314453125,13692900
2026-02-18,CRM,Salesforce,183.8800048828125,188.13999938964844,181.86000061035156,187.7899932861328,186.5111541748047,9852900
2026-02-19,CRM,Salesforce,186.60000610351562,186.9499969482422,183.22999572753906,185.2899932861328,184.02816772460938,9565100
2026-02-20,CRM,Salesforce,185.32000732421875,191.72999572753906,183.72999572753906,185.16000366210938,183.89906311035156,10816200
2026-02-23,CRM,Salesforce,181.27000427246094,182.47000122070312,174.57000732421875,178.16000366210938,176.94674682617188,15498600
2026-02-24,CRM,Salesforce,177.63999938964844,188.6699981689453,176.27999877929688,185.4199981689453,184.15728759765625,15564700
2026-02-25,CRM,Salesforce,183.0,192.60000610351562,182.25999450683594,191.75,190.44419860839844,21875100
2026-02-26,CRM,Salesforce,196.75999450683594,201.0399932861328,191.3300018310547,199.47000122070312,198.1116180419922,26680500
2026-02-27,CRM,Salesforce,191.91000366210938,195.9199981689453,189.9199981689453,194.7899932861328,193.46348571777344,16346500
2026-03-02,CRM,Salesforce,192.5,195.94000244140625,190.67999267578125,192.9499969482422,191.63601684570312,9932700
2026-03-03,CRM,Salesforce,190.75,198.6699981689453,189.5800018310547,196.0500030517578,194.7149200439453,13208900
2026-03-04,CRM,Salesforce,195.10000610351562,196.47000122070312,192.10000610351562,193.0800018310547,191.76515197753906,11583700
2026-03-05,CRM,Salesforce,194.36000061035156,204.4199981689453,194.24000549316406,201.38999938964844,200.01853942871094,15860900
2026-03-06,CRM,Salesforce,200.7899932861328,202.9600067138672,197.3699951171875,202.11000061035156,200.733642578125,9657400
2026-03-09,CRM,Salesforce,198.55999755859375,203.6699981689453,195.8699951171875,198.7899932861328,197.43624877929688,10754800
2026-03-10,CRM,Salesforce,197.25999450683594,199.57000732421875,190.60000610351562,194.91000366210938,193.58267211914062,14467400
2026-03-11,CRM,Salesforce,196.39999389648438,199.5500030517578,191.2899932861328,194.1300048828125,192.8079833984375,9580000
2026-03-12,CRM,Salesforce,194.1300048828125,204.86000061035156,193.14999389648438,199.27999877929688,197.92291259765625,26309700
2026-03-13,CRM,Salesforce,199.72999572753906,201.0,191.75,192.8300018310547,191.51683044433594,14834700
2026-03-16,CRM,Salesforce,195.14999389648438,198.6300048828125,195.14999389648438,198.33999633789062,196.9893035888672,13419600
2026-03-17,CRM,Salesforce,198.22000122070312,202.3800048828125,194.4499969482422,195.30999755859375,193.97994995117188,11559300
2026-03-18,CRM,Salesforce,193.39999389648438,196.14999389648438,192.63999938964844,194.33999633789062,193.0165557861328,10525100
2026-03-19,CRM,Salesforce,195.58999633789062,200.39999389648438,193.3000030517578,194.99000549316406,193.66213989257812,9254300
2026-03-20,CRM,Salesforce,193.2100067138672,195.6699981689453,190.0,195.3800048828125,194.04946899414062,20201100
2026-03-23,CRM,Salesforce,197.08999633789062,198.0500030517578,192.0,195.17999267578125,193.850830078125,13976200
2026-03-24,CRM,Salesforce,192.13999938964844,192.13999938964844,182.2899932861328,183.02000427246094,181.77365112304688,18631400
2026-03-25,CRM,Salesforce,185.6999969482422,187.38999938964844,179.85000610351562,181.9600067138672,180.7208709716797,12565200
2026-03-26,CRM,Salesforce,181.17999267578125,187.47000122070312,179.52999877929688,185.63999938964844,184.3758087158203,10330700
2026-03-27,CRM,Salesforce,184.0,184.11000061035156,178.82000732421875,179.30999755859375,178.0889129638672,9902000
2026-03-30,CRM,Salesforce,180.10000610351562,186.38999938964844,179.5800018310547,185.02999877929688,183.7699432373047,11617700
2026-03-31,CRM,Salesforce,184.89999389648438,188.5,182.30999755859375,186.6699981689453,185.39877319335938,11041400
2026-04-01,CRM,Salesforce,186.85000610351562,188.97999572753906,183.00999450683594,186.24000549316406,184.9717254638672,11677700
2026-04-02,CRM,Salesforce,185.3000030517578,187.5800018310547,181.5800018310547,187.17999267578125,185.9053192138672,11635500
2026-04-06,CRM,Salesforce,187.5,188.13999938964844,183.60000610351562,185.02999877929688,183.7699432373047,14391000
2026-04-07,CRM,Salesforce,184.9499969482422,186.5800018310547,182.02000427246094,182.9600067138672,181.71405029296875,12344600
2026-04-08,CRM,Salesforce,186.5,186.77000427246094,175.77999877929688,176.3699951171875,175.16893005371094,13472100
2026-04-09,CRM,Salesforce,173.1699981689453,174.2899932861328,167.1199951171875,170.85000610351562,170.11090087890625,20855400
2026-04-10,CRM,Salesforce,171.25999450683594,171.25999450683594,163.52000427246094,164.9600067138672,164.2463836669922,18109300
2026-04-13,CRM,Salesforce,167.0500030517578,173.39999389648438,165.77000427246094,172.82000732421875,172.0723876953125,12390800
2026-04-14,CRM,Salesforce,175.2100067138672,177.5,170.5,171.30999755859375,170.56890869140625,13123600
2026-04-15,CRM,Salesforce,174.22000122070312,179.6199951171875,172.8800048828125,177.60000610351562,176.8317108154297,14340300
2026-04-16,CRM,Salesforce,184.0,184.5500030517578,178.57000732421875,181.22000122070312,180.43605041503906,11866700
2026-04-17,CRM,Salesforce,185.42999267578125,187.97999572753906,181.02999877929688,182.13999938964844,181.35206604003906,17225700
2026-04-20,CRM,Salesforce,182.5,189.0,182.1199951171875,186.27000427246094,185.4641876220703,14382300
2026-04-21,CRM,Salesforce,186.60000610351562,193.55999755859375,184.10000610351562,187.11000061035156,186.30056762695312,12073700
2026-04-22,CRM,Salesforce,188.1999969482422,191.14999389648438,187.02999877929688,189.8000030517578,188.9789276123047,14565900
2026-04-23,CRM,Salesforce,177.55999755859375,178.8699951171875,170.64999389648438,173.3000030517578,172.55030822753906,22719900
2026-04-24,CRM,Salesforce,175.6199951171875,178.4499969482422,174.39999389648438,178.16000366210938,177.3892822265625,10817600
2026-04-27,CRM,Salesforce,178.25999450683594,184.2899932861328,177.50999450683594,180.17999267578125,179.40052795410156,11907000
2026-04-28,CRM,Salesforce,182.42999267578125,184.4199981689453,181.32000732421875,181.32000732421875,180.53561401367188,8711700
2026-04-29,CRM,Salesforce,179.1999969482422,181.77999877929688,177.35000610351562,181.22000122070312,180.43605041503906,6882800
2026-04-30,CRM,Salesforce,178.3000030517578,178.69000244140625,173.0,176.52999877929688,175.76634216308594,14408300
2026-05-01,CRM,Salesforce,182.19000244140625,186.0399932861328,178.75,183.82000732421875,183.02479553222656,12324400
2026-05-04,CRM,Salesforce,184.24000549316406,190.30999755859375,183.97000122070312,185.47999572753906,184.67759704589844,8444700
2026-05-05,CRM,Salesforce,185.5500030517578,187.38999938964844,181.10000610351562,186.99000549316406,186.18109130859375,9740800
2026-05-06,CRM,Salesforce,185.52000427246094,187.10000610351562,179.5800018310547,181.19000244140625,180.4061737060547,11303400
2026-05-07,CRM,Salesforce,184.60000610351562,188.5800018310547,184.0,186.33999633789062,185.5338897705078,13955100
2026-05-08,CRM,Salesforce,179.67999267578125,181.8699951171875,176.8800048828125,181.82000732421875,181.03346252441406,15123900
2026-05-11,CRM,Salesforce,179.91000366210938,182.5,176.30999755859375,177.49000549316406,176.72218322753906,11145000
2026-05-12,CRM,Salesforce,177.5800018310547,177.5800018310547,170.5800018310547,171.30999755859375,170.56890869140625,10214000
2026-05-13,CRM,Salesforce,169.77999877929688,169.77999877929688,164.75,165.83999633789062,165.12257385253906,11951900
2026-05-14,CRM,Salesforce,166.0,169.35000610351562,164.3300018310547,167.5800018310547,166.8550567626953,9749400
2026-05-15,CRM,Salesforce,169.25,175.97000122070312,169.0,173.50999450683594,172.75938415527344,13883400
2026-05-18,CRM,Salesforce,172.88999938964844,180.77999877929688,171.8000030517578,179.47999572753906,178.7035675048828,13671200
2026-05-19,CRM,Salesforce,185.0,187.44000244140625,178.80999755859375,179.4199981689453,178.64382934570312,17510800
2026-05-20,CRM,Salesforce,176.0399932861328,180.30999755859375,173.33999633789062,180.10000610351562,179.32090759277344,13025300
2026-05-21,CRM,Salesforce,175.3800048828125,177.33999633789062,171.99000549316406,176.30999755859375,175.5472869873047,10949100
2026-05-22,CRM,Salesforce,179.83999633789062,183.35000610351562,177.67999267578125,180.07000732421875,179.29103088378906,10176700
2026-05-26,CRM,Salesforce,178.42999267578125,182.36000061035156,177.67999267578125,179.0800018310547,178.3052978515625,13617200
2026-05-27,CRM,Salesforce,178.0,183.9199981689453,176.88999938964844,177.50999450683594,176.74209594726562,18524900
2026-05-28,CRM,Salesforce,178.42999267578125,182.47999572753906,171.64999389648438,176.1699981689453,175.4078826904297,22559400
2026-05-29,CRM,Salesforce,180.24000549316406,194.13999938964844,180.02000427246094,191.10000610351562,190.2733154296875,33998900
2026-06-01,CRM,Salesforce,198.75,211.33999633789062,198.2100067138672,209.60000610351562,208.69326782226562,27594800
2026-06-02,CRM,Salesforce,201.02000427246094,204.38999938964844,195.75999450683594,200.83999633789062,199.97117614746094,19216600
2026-06-03,CRM,Salesforce,197.27000427246094,197.67999267578125,189.72999572753906,190.61000061035156,189.78541564941406,14154400
2026-06-04,CRM,Salesforce,197.80999755859375,198.08999633789062,186.11000061035156,188.75,187.9334716796875,14453600
2026-06-05,CRM,Salesforce,189.8000030517578,192.50999450683594,184.8300018310547,185.66000366210938,184.85684204101562,13183900
2026-06-08,CRM,Salesforce,183.91000366210938,185.02000427246094,181.7100067138672,182.5500030517578,181.7602996826172,11177800
2026-06-09,CRM,Salesforce,179.5,182.4600067138672,171.55999755859375,175.35000610351562,174.5914306640625,15427800
2026-06-10,CRM,Salesforce,170.60000610351562,175.52999877929688,170.02999877929688,170.9199981689453,170.18060302734375,10820500
2026-06-11,CRM,Salesforce,168.27000427246094,168.97999572753906,163.30999755859375,166.4499969482422,166.15768432617188,16666000
2026-06-12,CRM,Salesforce,164.74000549316406,166.5399932861328,161.39999389648438,165.88999938964844,165.59866333007812,13589400
2026-06-15,CRM,Salesforce,166.02999877929688,169.9499969482422,164.1699981689453,164.5500030517578,164.26101684570312,13541800
2026-06-16,CRM,Salesforce,164.05999755859375,166.3000030517578,160.5,161.7100067138672,161.42601013183594,16385300
2026-06-17,CRM,Salesforce,160.25,161.42999267578125,154.22999572753906,155.02000427246094,154.7477569580078,19986200
2026-06-18,CRM,Salesforce,152.72999572753906,154.47000122070312,149.8000030517578,151.77999877929688,151.51344299316406,57940800
2026-06-22,CRM,Salesforce,150.16000366210938,153.8699951171875,146.32000732421875,150.1199951171875,149.85635375976562,20502800
2026-06-23,CRM,Salesforce,151.64999389648438,155.17999267578125,150.85000610351562,153.4199981689453,153.1505584716797,20720700
2026-06-24,CRM,Salesforce,151.80999755859375,157.05999755859375,150.39999389648438,152.75999450683594,152.49171447753906,13146800
2026-06-25,CRM,Salesforce,150.00999450683594,154.0,148.77999877929688,150.19000244140625,149.92623901367188,11324700
2026-06-26,CRM,Salesforce,151.49000549316406,158.4600067138672,151.49000549316406,158.3699951171875,158.0918731689453,21267900
2026-06-29,CRM,Salesforce,160.27000427246094,161.75999450683594,157.6999969482422,157.92999267578125,157.6526336669922,12664100
2026-06-30,CRM,Salesforce,155.08999633789062,157.69000244140625,154.07000732421875,156.66000366210938,156.38487243652344,13690500
2026-07-01,CRM,Salesforce,162.22000122070312,165.80999755859375,161.1999969482422,163.22999572753906,162.94332885742188,14164600
2026-07-02,CRM,Salesforce,163.0,167.2100067138672,162.0,166.11000061035156,165.8182830810547,10486300
2026-07-06,CRM,Salesforce,163.99000549316406,167.72000122070312,162.3699951171875,165.64999389648438,165.3590850830078,10595500
2026-07-07,CRM,Salesforce,169.22000122070312,172.3800048828125,167.67999267578125,169.52000427246094,169.2222900390625,13057900
2026-07-08,CRM,Salesforce,167.3699951171875,167.52999877929688,164.77999877929688,166.5800018310547,166.28746032714844,9792400
2026-07-09,CRM,Salesforce,158.3300018310547,163.8000030517578,156.47999572753906,162.5,162.21461486816406,13858600
2026-07-10,CRM,Salesforce,165.60000610351562,166.3000030517578,162.4199981689453,163.32000732421875,163.03318786621094,8321500
2026-07-13,CRM,Salesforce,165.9199981689453,172.75999450683594,165.9199981689453,171.22000122070312,170.9193115234375,14020700
2026-07-14,CRM,Salesforce,162.49000549316406,171.35000610351562,161.47000122070312,167.55999755859375,167.26573181152344,13507900
2026-07-15,CRM,Salesforce,170.52000427246094,172.8000030517578,166.55999755859375,167.0,166.7067108154297,13328100
2026-07-16,CRM,Salesforce,170.83999633789062,174.5399932861328,166.8800048828125,172.67999267578125,172.37673950195312,12057500
2026-07-17,CRM,Salesforce,171.5,175.42999267578125,169.75,170.77000427246094,170.4700927734375,10191500
2026-07-20,CRM,Salesforce,167.86000061035156,175.38999938964844,166.5,173.7899932861328,173.4847869873047,13426500
2026-07-21,CRM,Salesforce,167.05999755859375,172.42999267578125,166.92999267578125,170.05999755859375,169.76133728027344,12831800
2026-07-22,CRM,Salesforce,169.47000122070312,169.57000732421875,162.2100067138672,163.0,162.7137451171875,12194500
2026-07-23,CRM,Salesforce,165.0500030517578,165.8800048828125,155.14999389648438,156.92999267578125,156.65438842773438,12775000
2026-07-24,CRM,Salesforce,160.3800048828125,164.4499969482422,159.5500030517578,163.66000366210938,163.37258911132812,10899100
2026-07-27,CRM,Salesforce,168.0,176.9499969482422,167.13999938964844,173.60000610351562,173.29513549804688,17312000
2026-07-28,CRM,Salesforce,176.91000366210938,184.5399932861328,176.91000366210938,181.5,181.18124389648438,17204600
2026-07-29,CRM,Salesforce,182.00999450683594,190.17999267578125,182.00999450683594,188.3800048828125,188.04917907714844,18139500
2026-07-30,CRM,Salesforce,180.99000549316406,182.50999450683594,175.89999389648438,180.7100067138672,180.39263916015625,12182400
2026-07-31,CRM,Salesforce,177.6999969482422,184.4499969482422,177.02999877929688,184.02000427246094,183.6968231201172,9691500
2026-08-03,CRM,Salesforce,188.99000549316406,193.6999969482422,185.89999389648438,185.9499969482422,185.62342834472656,12908000
2026-08-04,CRM,Salesforce,183.08999633789062,191.2899932861328,183.0,190.99000549316406,190.6545867919922,9326900
2026-08-05,CRM,Salesforce,193.27999877929688,194.94000244140625,190.42999267578125,192.97999572753906,192.64108276367188,9605500
2026-08-06,CRM,Salesforce,183.44000244140625,187.02000427246094,183.0,186.77000427246094,186.44200134277344,13297600
2026-08-07,CRM,Salesforce,191.08999633789062,194.6999969482422,190.60000610351562,192.74000549316406,192.40151977539062,11392800
2026-08-10,CRM,Salesforce,190.1699981689453,198.17999267578125,190.0,197.50999450683594,197.1631317138672,9706600
2026-08-11,CRM,Salesforce,196.94000244140625,199.38999938964844,195.5,197.47000122070312,197.12319946289062,11171600
2026-08-12,CRM,Salesforce,192.0,196.5,191.77999877929688,193.32000732421875,192.98049926757812,12787900
2026-08-13,CRM,Salesforce,196.83999633789062,202.99000549316406,191.38999938964844,201.3699951171875,201.016357421875,15058700
2026-08-14,CRM,Salesforce,202.75,204.39999389648438,195.32000732421875,196.2100067138672,195.86541748046875,8664800
2026-08-17,CRM,Salesforce,193.8300018310547,194.94000244140625,189.91000366210938,190.97000122070312,190.63462829589844,14378800
2026-08-18,CRM,Salesforce,194.08999633789062,199.41000366210938,193.22999572753906,196.13999938964844,195.79554748535156,14152900
2026-08-19,CRM,Salesforce,194.2100067138672,207.9499969482422,194.2100067138672,206.08999633789062,205.72805786132812,17843600
2026-08-20,CRM,Salesforce,205.22000122070312,207.8800048828125,203.0,205.42999267578125,205.0692138671875,11482300
2026-08-21,CRM,Salesforce,205.5800018310547,211.07000732421875,204.72999572753906,209.1699981689453,208.8026580810547,9685400
2026-08-24,CRM,Salesforce,208.4199981689453,213.1699981689453,207.38999938964844,209.05999755859375,208.69285583496094,9580200
2026-08-25,CRM,Salesforce,205.85000610351562,210.30999755859375,204.75999450683594,205.69000244140625,205.32876586914062,10081800
2026-08-26,CRM,Salesforce,199.94000244140625,206.44000244140625,198.9499969482422,205.6199951171875,205.25888061523438,14888900
2026-08-27,CRM,Salesforce,230.0500030517578,254.47999572753906,230.0500030517578,252.0500030517578,251.60736083984375,55517500
2026-08-28,CRM,Salesforce,250.47000122070312,263.5299987792969,249.0,256.0,255.5504150390625,34362700
2026-08-31,CRM,Salesforce,254.38999938964844,262.2799987792969,254.38999938964844,257.5400085449219,257.08770751953125,22471500
2026-09-01,CRM,Salesforce,255.00999450683594,262.32000732421875,254.25,258.1099853515625,257.6567077636719,15897500
2026-09-02,CRM,Salesforce,259.3800048828125,264.54998779296875,253.60000610351562,256.92999267578125,256.478759765625,14393700
2026-09-03,CRM,Salesforce,261.9800109863281,268.2699890136719,261.6000061035156,264.42999267578125,263.9656066894531,16028300
2026-09-04,CRM,Salesforce,263.3599853515625,263.6000061035156,257.82000732421875,259.2300109863281,258.7747497558594,10490600
2026-09-08,CRM,Salesforce,253.72000122070312,254.0,245.88999938964844,249.1199951171875,248.6824951171875,17482700
2026-09-09,CRM,Salesforce,249.77999877929688,254.8000030517578,243.4499969482422,244.16000366210938,243.73121643066406,11853700
2026-09-10,CRM,Salesforce,245.35000610351562,248.5,241.75,243.0,242.5732421875,10732600
2026-09-11,CRM,Salesforce,242.02000427246094,250.5500030517578,242.02000427246094,247.72000122070312,247.2849578857422,9738300
2026-09-14,CRM,Salesforce,255.75,260.17999267578125,251.5,259.42999267578125,258.9743957519531,12963700
2026-09-15,CRM,Salesforce,256.8900146484375,262.3399963378906,255.0800018310547,255.64999389648438,255.20101928710938,11502800
2026-09-16,CRM,Salesforce,251.85000610351562,256.3999938964844,249.60000610351562,250.5399932861328,250.09999084472656,9423800
2026-09-17,CRM,Salesforce,244.17999267578125,247.0,241.52000427246094,242.85000610351562,242.85000610351562,16611300
2026-09-18,CRM,Salesforce,244.25,244.25,236.5500030517578,237.9199981689453,237.9199981689453,21962400
