Date,Ticker,Company,Open,High,Low,Close,Adj Close,Volume
2016-09-19,GOOGL,Alphabet (Google),40.05550003051758,40.199501037597656,39.678001403808594,39.769500732421875,39.39463424682617,22990000
2016-09-20,GOOGL,Alphabet (Google),40.0,40.13750076293945,39.91299819946289,39.98899841308594,39.61206817626953,20984000
2016-09-21,GOOGL,Alphabet (Google),40.0629997253418,40.295501708984375,39.80149841308594,40.25149917602539,39.872093200683594,26970000
2016-09-22,GOOGL,Alphabet (Google),40.5,40.952999114990234,40.385501861572266,40.79750061035156,40.412940979003906,35186000
2016-09-23,GOOGL,Alphabet (Google),40.75699996948242,40.849998474121094,40.63650131225586,40.74800109863281,40.36391067504883,28234000
2016-09-26,GOOGL,Alphabet (Google),40.49100112915039,40.50400161743164,40.022499084472656,40.13249969482422,39.75421142578125,29454000
2016-09-27,GOOGL,Alphabet (Google),40.09149932861328,40.67449951171875,40.09149932861328,40.5364990234375,40.15439987182617,27346000
2016-09-28,GOOGL,Alphabet (Google),40.20399856567383,40.51250076293945,40.138999938964844,40.50299835205078,40.1212158203125,29406000
2016-09-29,GOOGL,Alphabet (Google),40.36149978637695,40.695499420166016,40.042999267578125,40.13199996948242,39.75371551513672,27000000
2016-09-30,GOOGL,Alphabet (Google),40.18000030517578,40.40449905395508,40.07500076293945,40.202999114990234,39.82404708862305,33204000
2016-10-03,GOOGL,Alphabet (Google),40.127498626708984,40.176998138427734,39.811500549316406,40.01900100708008,39.641788482666016,29784000
2016-10-04,GOOGL,Alphabet (Google),40.25,40.32500076293945,39.98350143432617,40.13949966430664,39.76115036010742,25174000
2016-10-05,GOOGL,Alphabet (Google),40.29999923706055,40.42499923706055,40.035499572753906,40.061500549316406,39.68387985229492,24276000
2016-10-06,GOOGL,Alphabet (Google),40.20399856567383,40.34749984741211,40.0255012512207,40.15399932861328,39.775508880615234,21998000
2016-10-07,GOOGL,Alphabet (Google),40.29650115966797,40.297000885009766,39.840999603271484,40.035499572753906,39.65813064575195,23262000
2016-10-10,GOOGL,Alphabet (Google),40.19649887084961,40.86899948120117,40.11199951171875,40.708499908447266,40.32477951049805,29922000
2016-10-11,GOOGL,Alphabet (Google),40.708499908447266,40.99300003051758,40.368499755859375,40.47850036621094,40.096946716308594,34432000
2016-10-12,GOOGL,Alphabet (Google),40.597999572753906,40.724998474121094,40.4275016784668,40.5885009765625,40.20591354370117,18158000
2016-10-13,GOOGL,Alphabet (Google),40.30350112915039,40.327999114990234,39.930999755859375,40.20399856567383,39.82503890991211,27380000
2016-10-14,GOOGL,Alphabet (Google),40.372501373291016,40.50450134277344,40.11600112915039,40.22999954223633,39.85078811645508,22238000
2016-10-17,GOOGL,Alphabet (Google),40.29949951171875,40.67449951171875,40.19150161743164,40.34199905395508,39.96173858642578,21128000
2016-10-18,GOOGL,Alphabet (Google),40.71049880981445,41.44049835205078,40.666500091552734,41.074501037597656,40.68733596801758,45786000
2016-10-19,GOOGL,Alphabet (Google),41.14400100708008,41.4900016784668,41.14400100708008,41.34199905395508,40.95231246948242,30002000
2016-10-20,GOOGL,Alphabet (Google),41.37799835205078,41.423500061035156,41.02750015258789,41.08150100708008,40.69426345825195,27878000
2016-10-21,GOOGL,Alphabet (Google),41.0,41.214500427246094,40.91550064086914,41.202999114990234,40.814613342285156,32316000
2016-10-24,GOOGL,Alphabet (Google),41.50450134277344,41.89699935913086,41.45199966430664,41.7869987487793,41.39311981201172,28952000
2016-10-25,GOOGL,Alphabet (Google),41.92499923706055,41.92499923706055,41.26499938964844,41.4275016784668,41.037010192871094,37814000
2016-10-26,GOOGL,Alphabet (Google),41.35599899291992,41.385501861572266,40.817501068115234,41.10499954223633,40.71754455566406,35898000
2016-10-27,GOOGL,Alphabet (Google),41.1505012512207,41.32899856567383,40.730499267578125,40.86750030517578,40.4822883605957,59470000
2016-10-28,GOOGL,Alphabet (Google),41.49700164794922,41.95000076293945,40.849998474121094,40.97800064086914,40.59174346923828,87098000
2016-10-31,GOOGL,Alphabet (Google),41.121498107910156,41.131500244140625,40.400001525878906,40.494998931884766,40.1132926940918,44854000
2016-11-01,GOOGL,Alphabet (Google),40.54349899291992,40.698001861572266,39.91299819946289,40.27399826049805,39.894378662109375,47118000
2016-11-02,GOOGL,Alphabet (Google),40.3380012512207,40.3380012512207,39.25,39.42100143432617,39.0494270324707,47014000
2016-11-03,GOOGL,Alphabet (Google),39.224998474121094,39.5,38.93149948120117,39.109500885009766,38.7408561706543,43504000
2016-11-04,GOOGL,Alphabet (Google),38.564998626708984,39.42399978637695,38.54999923706055,39.05500030517578,38.68686294555664,39412000
2016-11-07,GOOGL,Alphabet (Google),39.747501373291016,40.25,39.64500045776367,40.10150146484375,39.723506927490234,39852000
2016-11-08,GOOGL,Alphabet (Google),40.10150146484375,40.801998138427734,39.98099899291992,40.5989990234375,40.21631622314453,35382000
2016-11-09,GOOGL,Alphabet (Google),40.09149932861328,40.58549880981445,39.60200119018555,40.27949905395508,39.89982604980469,61970000
2016-11-10,GOOGL,Alphabet (Google),40.5,40.50299835205078,38.4114990234375,39.01449966430664,38.646751403808594,118192000
2016-11-11,GOOGL,Alphabet (Google),38.84049987792969,38.864498138427734,38.277000427246094,38.587501525878906,38.22377014160156,71852000
2016-11-14,GOOGL,Alphabet (Google),38.5880012512207,38.5890007019043,37.179500579833984,37.6609992980957,37.30601501464844,73766000
2016-11-15,GOOGL,Alphabet (Google),38.27349853515625,39.012001037597656,38.26100158691406,38.757999420166016,38.39265823364258,58878000
2016-11-16,GOOGL,Alphabet (Google),38.520999908447266,39.17499923706055,38.31650161743164,38.999000549316406,38.63139724731445,35968000
2016-11-17,GOOGL,Alphabet (Google),39.125,39.44499969482422,38.99250030517578,39.30799865722656,38.9374885559082,30674000
2016-11-18,GOOGL,Alphabet (Google),39.35850143432617,39.56449890136719,38.76750183105469,38.798500061035156,38.43278121948242,36126000
2016-11-21,GOOGL,Alphabet (Google),38.904998779296875,39.32749938964844,38.814998626708984,39.2400016784668,38.87012481689453,32616000
2016-11-22,GOOGL,Alphabet (Google),39.449501037597656,39.688499450683594,39.1870002746582,39.25,38.880035400390625,27884000
2016-11-23,GOOGL,Alphabet (Google),39.47600173950195,39.47600173950195,38.63249969482422,38.95000076293945,38.58285903930664,26260000
2016-11-25,GOOGL,Alphabet (Google),39.13050079345703,39.14500045776367,38.90950012207031,39.01150131225586,38.64377975463867,12270000
2016-11-28,GOOGL,Alphabet (Google),38.91749954223633,39.98699951171875,38.904998779296875,39.28950119018555,38.919151306152344,51508000
2016-11-29,GOOGL,Alphabet (Google),39.41899871826172,39.821998596191406,39.266998291015625,39.47200012207031,39.09994125366211,31240000
2016-11-30,GOOGL,Alphabet (Google),39.45500183105469,39.57550048828125,38.657501220703125,38.79399871826172,38.42833709716797,45582000
2016-12-01,GOOGL,Alphabet (Google),38.9275016784668,38.93000030517578,37.667999267578125,38.21649932861328,37.85626983642578,57342000
2016-12-02,GOOGL,Alphabet (Google),38.095001220703125,38.525001525878906,37.95000076293945,38.222999572753906,37.86270523071289,34376000
2016-12-05,GOOGL,Alphabet (Google),38.5,39.0,38.3484992980957,38.9109992980957,38.54422378540039,33770000
2016-12-06,GOOGL,Alphabet (Google),39.009498596191406,39.263999938964844,38.66600036621094,38.808998107910156,38.443180084228516,34682000
2016-12-07,GOOGL,Alphabet (Google),38.997501373291016,39.599998474121094,38.67649841308594,39.57350158691406,39.20048141479492,40588000
2016-12-08,GOOGL,Alphabet (Google),39.647499084472656,39.95000076293945,39.39550018310547,39.75849914550781,39.38373565673828,32250000
2016-12-09,GOOGL,Alphabet (Google),39.96500015258789,40.497501373291016,39.90250015258789,40.47249984741211,40.091007232666016,38090000
2016-12-12,GOOGL,Alphabet (Google),40.24100112915039,40.567501068115234,40.22650146484375,40.39500045776367,40.01422882080078,32572000
2016-12-13,GOOGL,Alphabet (Google),40.61949920654297,41.21500015258789,40.59700012207031,40.766998291015625,40.382720947265625,42564000
2016-12-14,GOOGL,Alphabet (Google),40.79600143432617,41.2130012512207,40.638999938964844,40.894500732421875,40.509033203125,35994000
2016-12-15,GOOGL,Alphabet (Google),40.86800003051758,41.150001525878906,40.599998474121094,40.782501220703125,40.39809036254883,35394000
2016-12-16,GOOGL,Alphabet (Google),40.91550064086914,40.959999084472656,40.40599822998047,40.492000579833984,40.110321044921875,51978000
2016-12-19,GOOGL,Alphabet (Google),40.4640007019043,40.81100082397461,40.224998474121094,40.625,40.242069244384766,25272000
2016-12-20,GOOGL,Alphabet (Google),40.66849899291992,40.824501037597656,40.54999923706055,40.7599983215332,40.37579345703125,25438000
2016-12-21,GOOGL,Alphabet (Google),40.7859992980957,40.7859992980957,40.255001068115234,40.61000061035156,40.227210998535156,29192000
2016-12-22,GOOGL,Alphabet (Google),40.45500183105469,40.55350112915039,40.30149841308594,40.48400115966797,40.10240173339844,22632000
2016-12-23,GOOGL,Alphabet (Google),40.4005012512207,40.548500061035156,40.25550079345703,40.38999938964844,40.0092887878418,15310000
2016-12-27,GOOGL,Alphabet (Google),40.433998107910156,40.79999923706055,40.290000915527344,40.496498107910156,40.11478042602539,19520000
2016-12-28,GOOGL,Alphabet (Google),40.666500091552734,40.666500091552734,40.12200164794922,40.22850036621094,39.84930419921875,24296000
2016-12-29,GOOGL,Alphabet (Google),40.11650085449219,40.287498474121094,39.90700149536133,40.14400100708008,39.765602111816406,21148000
2016-12-30,GOOGL,Alphabet (Google),40.160499572753906,40.16450119018555,39.48099899291992,39.622501373291016,39.249019622802734,34718000
2017-01-03,GOOGL,Alphabet (Google),40.03099822998047,40.571998596191406,39.84450149536133,40.4005012512207,40.01968765258789,39180000
2017-01-04,GOOGL,Alphabet (Google),40.49449920654297,40.67150115966797,40.205501556396484,40.38850021362305,40.00779342651367,30306000
2017-01-05,GOOGL,Alphabet (Google),40.375,40.6870002746582,40.29600143432617,40.6510009765625,40.267826080322266,26810000
2017-01-06,GOOGL,Alphabet (Google),40.7495002746582,41.448001861572266,40.57500076293945,41.260501861572266,40.87158203125,40342000
2017-01-09,GOOGL,Alphabet (Google),41.31850051879883,41.52149963378906,41.08100128173828,41.35900115966797,40.969154357910156,28178000
2017-01-10,GOOGL,Alphabet (Google),41.35350036621094,41.47050094604492,41.15700149536133,41.300498962402344,40.91119384765625,23948000
2017-01-11,GOOGL,Alphabet (Google),41.33100128173828,41.494998931884766,41.07350158691406,41.49300003051758,41.10188293457031,26508000
2017-01-12,GOOGL,Alphabet (Google),41.41899871826172,41.51900100708008,41.050498962402344,41.47650146484375,41.085540771484375,26990000
2017-01-13,GOOGL,Alphabet (Google),41.54999923706055,41.73249816894531,41.47600173950195,41.547000885009766,41.15538024902344,25804000
2017-01-17,GOOGL,Alphabet (Google),41.5,41.50899887084961,41.15999984741211,41.37300109863281,40.9830207824707,28818000
2017-01-18,GOOGL,Alphabet (Google),41.4900016784668,41.490501403808594,41.20399856567383,41.45100021362305,41.060279846191406,20554000
2017-01-19,GOOGL,Alphabet (Google),41.45000076293945,41.650001525878906,41.198001861572266,41.21849822998047,40.82997131347656,21410000
2017-01-20,GOOGL,Alphabet (Google),41.454498291015625,41.46200180053711,41.22999954223633,41.40850067138672,41.018184661865234,26124000
2017-01-23,GOOGL,Alphabet (Google),41.580501556396484,42.277000427246094,41.435001373291016,42.221500396728516,41.823524475097656,49148000
2017-01-24,GOOGL,Alphabet (Google),42.3489990234375,42.57600021362305,42.11399841308594,42.47650146484375,42.076114654541016,33768000
2017-01-25,GOOGL,Alphabet (Google),42.6775016784668,42.93949890136719,42.48699951171875,42.92250061035156,42.51791763305664,33108000
2017-01-26,GOOGL,Alphabet (Google),42.95249938964844,43.04999923706055,42.5260009765625,42.8489990234375,42.44510269165039,69866000
2017-01-27,GOOGL,Alphabet (Google),42.95000076293945,43.349998474121094,42.095001220703125,42.25149917602539,41.85323715209961,75050000
2017-01-30,GOOGL,Alphabet (Google),41.85300064086914,41.86149978637695,41.05149841308594,41.19150161743164,40.803226470947266,70338000
2017-01-31,GOOGL,Alphabet (Google),40.974998474121094,41.153499603271484,40.66999816894531,41.009498596191406,40.62294387817383,40404000
2017-02-01,GOOGL,Alphabet (Google),41.20000076293945,41.20000076293945,40.61249923706055,40.762001037597656,40.37778091430664,45020000
2017-02-02,GOOGL,Alphabet (Google),40.75,41.22800064086914,40.602500915527344,40.91299819946289,40.52734375,33784000
2017-02-03,GOOGL,Alphabet (Google),41.15650177001953,41.30649948120117,40.967498779296875,41.006500244140625,40.61996841430664,30562000
2017-02-06,GOOGL,Alphabet (Google),41.04600143432617,41.11949920654297,40.714500427246094,41.08100128173828,40.69377517700195,27018000
2017-02-07,GOOGL,Alphabet (Google),41.275001525878906,41.59600067138672,41.16450119018555,41.46149826049805,41.070682525634766,33332000
2017-02-08,GOOGL,Alphabet (Google),41.5265007019043,41.712501525878906,41.25550079345703,41.49399948120117,41.102874755859375,26044000
2017-02-09,GOOGL,Alphabet (Google),41.58649826049805,41.5989990234375,41.32500076293945,41.50299835205078,41.111793518066406,23884000
2017-02-10,GOOGL,Alphabet (Google),41.647499084472656,41.85749816894531,41.5255012512207,41.74250030517578,41.349037170410156,28302000
2017-02-13,GOOGL,Alphabet (Google),41.8849983215332,42.08700180053711,41.8125,41.948001861572266,41.5526008605957,25914000
2017-02-14,GOOGL,Alphabet (Google),41.98849868774414,42.099998474121094,41.791500091552734,42.00149917602539,41.6055908203125,27266000
2017-02-15,GOOGL,Alphabet (Google),41.94049835205078,42.0885009765625,41.81100082397461,41.86600112915039,41.471370697021484,27144000
2017-02-16,GOOGL,Alphabet (Google),41.92499923706055,42.134498596191406,41.862998962402344,42.10850143432617,41.711585998535156,20102000
2017-02-17,GOOGL,Alphabet (Google),42.06549835205078,42.34700012207031,41.98899841308594,42.32749938964844,41.928524017333984,29224000
2017-02-21,GOOGL,Alphabet (Google),42.39950180053711,42.61000061035156,42.32749938964844,42.4635009765625,42.063236236572266,25206000
2017-02-22,GOOGL,Alphabet (Google),42.400001525878906,42.68949890136719,42.33549880981445,42.56800079345703,42.16675567626953,24488000
2017-02-23,GOOGL,Alphabet (Google),42.55400085449219,42.63100051879883,42.125,42.54999923706055,42.14892578125,27734000
2017-02-24,GOOGL,Alphabet (Google),42.38249969482422,42.417999267578125,42.14799880981445,42.390499114990234,41.990928649902344,26924000
2017-02-27,GOOGL,Alphabet (Google),42.247501373291016,42.53350067138672,42.1505012512207,42.48350143432617,42.083045959472656,20206000
2017-02-28,GOOGL,Alphabet (Google),42.36750030517578,42.44150161743164,42.071998596191406,42.246498107910156,41.8482780456543,27662000
2017-03-01,GOOGL,Alphabet (Google),42.569000244140625,42.900001525878906,42.45100021362305,42.837501525878906,42.43370819091797,36374000
2017-03-02,GOOGL,Alphabet (Google),42.81549835205078,42.824501037597656,42.43600082397461,42.49250030517578,42.09196853637695,25018000
2017-03-03,GOOGL,Alphabet (Google),42.446998596191406,42.54100036621094,42.23550033569336,42.45399856567383,42.053829193115234,20100000
2017-03-06,GOOGL,Alphabet (Google),42.34299850463867,42.446998596191406,42.05849838256836,42.36349868774414,41.964176177978516,20958000
2017-03-07,GOOGL,Alphabet (Google),42.362998962402344,42.666500091552734,42.2760009765625,42.557498931884766,42.15635681152344,20774000
2017-03-08,GOOGL,Alphabet (Google),42.65599822998047,42.846500396728516,42.5625,42.68199920654297,42.27968215942383,20576000
2017-03-09,GOOGL,Alphabet (Google),42.68450164794922,43.035499572753906,42.63349914550781,42.891998291015625,42.48769760131836,26954000
2017-03-10,GOOGL,Alphabet (Google),43.1349983215332,43.21149826049805,42.88050079345703,43.070499420166016,42.66452407836914,26732000
2017-03-13,GOOGL,Alphabet (Google),43.041500091552734,43.35649871826172,43.04100036621094,43.229000091552734,42.8215217590332,23332000
2017-03-14,GOOGL,Alphabet (Google),43.1875,43.37900161743164,43.006500244140625,43.295501708984375,42.88739776611328,21234000
2017-03-15,GOOGL,Alphabet (Google),43.39699935913086,43.49399948120117,43.064998626708984,43.419498443603516,43.010223388671875,26658000
2017-03-16,GOOGL,Alphabet (Google),43.5265007019043,43.635501861572266,43.375999450683594,43.5,43.089969635009766,22090000
2017-03-17,GOOGL,Alphabet (Google),43.683998107910156,43.72100067138672,43.41849899291992,43.618499755859375,43.20734786987305,37366000
2017-03-20,GOOGL,Alphabet (Google),43.4739990234375,43.516998291015625,43.23350143432617,43.39550018310547,42.9864501953125,30844000
2017-03-21,GOOGL,Alphabet (Google),43.50299835205078,43.673500061035156,42.384498596191406,42.50699996948242,42.106327056884766,50760000
2017-03-22,GOOGL,Alphabet (Google),42.4739990234375,42.76750183105469,42.349998474121094,42.4900016784668,42.0894889831543,27334000
2017-03-23,GOOGL,Alphabet (Google),42.06949996948242,42.08449935913086,41.650001525878906,41.98249816894531,41.58677291870117,65754000
2017-03-24,GOOGL,Alphabet (Google),42.099998474121094,42.20000076293945,41.45500183105469,41.75699996948242,41.363399505615234,42114000
2017-03-27,GOOGL,Alphabet (Google),41.40449905395508,42.069000244140625,41.21500015258789,41.925498962402344,41.530303955078125,38692000
2017-03-28,GOOGL,Alphabet (Google),41.984500885009766,42.27000045776367,41.61349868774414,42.03150177001953,41.635311126708984,30384000
2017-03-29,GOOGL,Alphabet (Google),42.13750076293945,42.579498291015625,42.069000244140625,42.493499755859375,42.092952728271484,29146000
2017-03-30,GOOGL,Alphabet (Google),42.5989990234375,42.599998474121094,42.3385009765625,42.4739990234375,42.07364273071289,18988000
2017-03-31,GOOGL,Alphabet (Google),42.34149932861328,42.47800064086914,42.262001037597656,42.38999938964844,41.99043273925781,28820000
2017-04-03,GOOGL,Alphabet (Google),42.4375,42.95000076293945,42.37649917602539,42.837501525878906,42.43370819091797,39388000
2017-04-04,GOOGL,Alphabet (Google),42.400001525878906,42.650001525878906,42.3754997253418,42.628501892089844,42.226688385009766,26970000
2017-04-05,GOOGL,Alphabet (Google),42.73550033569336,43.02949905395508,42.375999450683594,42.445499420166016,42.0453987121582,37104000
2017-04-06,GOOGL,Alphabet (Google),42.474998474121094,42.679500579833984,42.20000076293945,42.255001068115234,41.85670471191406,30672000
2017-04-07,GOOGL,Alphabet (Google),42.25,42.29399871826172,41.8650016784668,42.10499954223633,41.7081184387207,22232000
2017-04-10,GOOGL,Alphabet (Google),42.07699966430664,42.33700180053711,42.03950119018555,42.084999084472656,41.68830871582031,20924000
2017-04-11,GOOGL,Alphabet (Google),42.084999084472656,42.23149871826172,41.72999954223633,41.99399948120117,41.598167419433594,19486000
2017-04-12,GOOGL,Alphabet (Google),41.92300033569336,42.18600082397461,41.87950134277344,42.073001861572266,41.676422119140625,22716000
2017-04-13,GOOGL,Alphabet (Google),42.051998138427734,42.186500549316406,41.89250183105469,42.00899887084961,41.61302185058594,21474000
2017-04-17,GOOGL,Alphabet (Google),42.069000244140625,42.78200149536133,42.05149841308594,42.756500244140625,42.353477478027344,20982000
2017-04-18,GOOGL,Alphabet (Google),42.62699890136719,42.86949920654297,42.5625,42.699501037597656,42.29701614379883,18724000
2017-04-19,GOOGL,Alphabet (Google),42.86949920654297,43.0099983215332,42.67649841308594,42.82550048828125,42.42182922363281,21606000
2017-04-20,GOOGL,Alphabet (Google),42.98699951171875,43.19649887084961,42.875,43.00400161743164,42.59864807128906,23776000
2017-04-21,GOOGL,Alphabet (Google),43.03099822998047,43.12200164794922,42.88650131225586,42.9474983215332,42.54267120361328,23458000
2017-04-24,GOOGL,Alphabet (Google),43.422000885009766,43.99800109863281,43.30550003051758,43.94649887084961,43.532257080078125,33930000
2017-04-25,GOOGL,Alphabet (Google),44.112998962402344,44.61249923706055,43.9640007019043,44.44200134277344,44.02308654785156,40760000
2017-04-26,GOOGL,Alphabet (Google),44.56949996948242,44.64950180053711,44.25749969482422,44.457000732421875,44.03794860839844,26466000
2017-04-27,GOOGL,Alphabet (Google),44.5,44.66899871826172,44.35900115966797,44.571998596191406,44.151859283447266,46846000
2017-04-28,GOOGL,Alphabet (Google),46.45000076293945,46.79499816894531,46.1609992980957,46.22600173950195,45.7902717590332,76918000
2017-05-01,GOOGL,Alphabet (Google),46.20750045776367,46.79100036621094,46.040000915527344,46.64099884033203,46.201358795166016,46556000
2017-05-02,GOOGL,Alphabet (Google),46.66350173950195,47.14950180053711,46.54999923706055,46.85449981689453,46.412845611572266,35026000
2017-05-03,GOOGL,Alphabet (Google),46.8025016784668,47.5099983215332,46.760501861572266,47.42250061035156,46.97549057006836,36496000
2017-05-04,GOOGL,Alphabet (Google),47.51449966430664,47.957000732421875,47.368499755859375,47.736000061035156,47.286041259765625,38752000
2017-05-05,GOOGL,Alphabet (Google),47.83599853515625,47.922000885009766,47.404998779296875,47.513999938964844,47.066139221191406,32310000
2017-05-08,GOOGL,Alphabet (Google),47.372501373291016,48.04949951171875,47.369998931884766,47.93450164794922,47.482669830322266,37534000
2017-05-09,GOOGL,Alphabet (Google),48.06650161743164,48.11000061035156,47.720001220703125,47.83549880981445,47.38460922241211,33758000
2017-05-10,GOOGL,Alphabet (Google),47.81100082397461,47.83549880981445,47.492000579833984,47.742000579833984,47.29198455810547,22920000
2017-05-11,GOOGL,Alphabet (Google),47.56449890136719,47.89950180053711,47.43050003051758,47.794498443603516,47.343990325927734,20622000
2017-05-12,GOOGL,Alphabet (Google),47.89250183105469,47.89899826049805,47.60300064086914,47.75699996948242,47.30683898925781,24298000
2017-05-15,GOOGL,Alphabet (Google),47.76449966430664,48.1349983215332,47.64099884033203,47.96099853515625,47.508914947509766,26754000
2017-05-16,GOOGL,Alphabet (Google),48.1775016784668,48.29499816894531,48.01750183105469,48.230499267578125,47.77587890625,22030000
2017-05-17,GOOGL,Alphabet (Google),47.98500061035156,48.04949951171875,47.00299835205078,47.10850143432617,46.664459228515625,48982000
2017-05-18,GOOGL,Alphabet (Google),47.15999984741211,47.70899963378906,47.063499450683594,47.525001525878906,47.077030181884766,36010000
2017-05-19,GOOGL,Alphabet (Google),47.64099884033203,47.97800064086914,47.599998474121094,47.73249816894531,47.28257369995117,27206000
2017-05-22,GOOGL,Alphabet (Google),47.849998474121094,48.24100112915039,47.827999114990234,48.20349884033203,47.7491340637207,27748000
2017-05-23,GOOGL,Alphabet (Google),48.49800109863281,48.72549819946289,48.224998474121094,48.52750015258789,48.07007598876953,30908000
2017-05-24,GOOGL,Alphabet (Google),48.76300048828125,48.90599822998047,48.58150100708008,48.88050079345703,48.41975784301758,22660000
2017-05-25,GOOGL,Alphabet (Google),48.95000076293945,49.78900146484375,48.89099884033203,49.59299850463867,49.12554168701172,39082000
2017-05-26,GOOGL,Alphabet (Google),49.599998474121094,49.81949996948242,49.36800003051758,49.66350173950195,49.195377349853516,32728000
2017-05-30,GOOGL,Alphabet (Google),49.625,49.88100051879883,49.56800079345703,49.80849838256836,49.33899688720703,30324000
2017-05-31,GOOGL,Alphabet (Google),49.81050109863281,49.97999954223633,49.08399963378906,49.35449981689453,48.8892822265625,34482000
2017-06-01,GOOGL,Alphabet (Google),49.54800033569336,49.65700149536133,49.06449890136719,49.41450119018555,48.9487190246582,26128000
2017-06-02,GOOGL,Alphabet (Google),49.429500579833984,49.82400131225586,49.35350036621094,49.805999755859375,49.33653259277344,34710000
2017-06-05,GOOGL,Alphabet (Google),49.894500732421875,50.369998931884766,49.772499084472656,50.194000244140625,49.72087478637695,27578000
2017-06-06,GOOGL,Alphabet (Google),50.16550064086914,50.43050003051758,49.7400016784668,49.83399963378906,49.36426544189453,31042000
2017-06-07,GOOGL,Alphabet (Google),49.954498291015625,50.195499420166016,49.79349899291992,50.07500076293945,49.602989196777344,27482000
2017-06-08,GOOGL,Alphabet (Google),50.21149826049805,50.279998779296875,49.83100128173828,50.2140007019043,49.740684509277344,33758000
2017-06-09,GOOGL,Alphabet (Google),50.27450180053711,50.275001525878906,47.66849899291992,48.50600051879883,48.04877853393555,72958000
2017-06-12,GOOGL,Alphabet (Google),47.93600082397461,48.400001525878906,46.84000015258789,48.09049987792969,47.637203216552734,84042000
2017-06-13,GOOGL,Alphabet (Google),48.60200119018555,48.89550018310547,48.10049819946289,48.525001525878906,48.067604064941406,40108000
2017-06-14,GOOGL,Alphabet (Google),48.775001525878906,48.98500061035156,47.97549819946289,48.39649963378906,47.940311431884766,30110000
2017-06-15,GOOGL,Alphabet (Google),47.4010009765625,48.034000396728516,47.01850128173828,48.00899887084961,47.55646896362305,48552000
2017-06-16,GOOGL,Alphabet (Google),47.89550018310547,47.997501373291016,47.435001373291016,47.930999755859375,47.47920227050781,51184000
2017-06-19,GOOGL,Alphabet (Google),48.48249816894531,48.96500015258789,48.40999984741211,48.76100158691406,48.301387786865234,29376000
2017-06-20,GOOGL,Alphabet (Google),48.765499114990234,49.03950119018555,48.40999984741211,48.449501037597656,47.99282455444336,25946000
2017-06-21,GOOGL,Alphabet (Google),48.53950119018555,48.977500915527344,48.47249984741211,48.929500579833984,48.468292236328125,23232000
2017-06-22,GOOGL,Alphabet (Google),48.84349822998047,49.025001525878906,48.66550064086914,48.83100128173828,48.370723724365234,20190000
2017-06-23,GOOGL,Alphabet (Google),48.775001525878906,49.33100128173828,48.722999572753906,49.304500579833984,48.839752197265625,31280000
2017-06-26,GOOGL,Alphabet (Google),49.5,49.699501037597656,48.51649856567383,48.60449981689453,48.1463508605957,30358000
2017-06-27,GOOGL,Alphabet (Google),48.08000183105469,48.361000061035156,47.35449981689453,47.40449905395508,46.95766067504883,48872000
2017-06-28,GOOGL,Alphabet (Google),47.53300094604492,48.1619987487793,46.80799865722656,48.050498962402344,47.597572326660156,54912000
2017-06-29,GOOGL,Alphabet (Google),47.567501068115234,47.58300018310547,46.47999954223633,46.89099884033203,46.449005126953125,64134000
2017-06-30,GOOGL,Alphabet (Google),47.199501037597656,47.25,46.480499267578125,46.48400115966797,46.045841217041016,45754000
2017-07-03,GOOGL,Alphabet (Google),46.6609992980957,46.71200180053711,45.765499114990234,45.972999572753906,45.5396614074707,33896000
2017-07-05,GOOGL,Alphabet (Google),46.209999084472656,46.81449890136719,45.93149948120117,46.612998962402344,46.17362594604492,41882000
2017-07-06,GOOGL,Alphabet (Google),46.25,46.80699920654297,45.99250030517578,46.384498596191406,45.94728088378906,40298000
2017-07-07,GOOGL,Alphabet (Google),46.54949951171875,47.233001708984375,46.489498138427734,47.04050064086914,46.59709930419922,33266000
2017-07-10,GOOGL,Alphabet (Google),47.09749984741211,47.65650177001953,47.09749984741211,47.54999923706055,47.1017951965332,29030000
2017-07-11,GOOGL,Alphabet (Google),47.5260009765625,47.74449920654297,47.25600051879883,47.67649841308594,47.22710037231445,29224000
2017-07-12,GOOGL,Alphabet (Google),48.042999267578125,48.48149871826172,47.85200119018555,48.382999420166016,47.92694854736328,32042000
2017-07-13,GOOGL,Alphabet (Google),48.540000915527344,48.935001373291016,48.2400016784668,48.442501068115234,47.98588180541992,30492000
2017-07-14,GOOGL,Alphabet (Google),48.70000076293945,48.87699890136719,48.50749969482422,48.84550094604492,48.38507843017578,21592000
2017-07-17,GOOGL,Alphabet (Google),48.816001892089844,49.16749954223633,48.540000915527344,48.79800033569336,48.33803176879883,33210000
2017-07-18,GOOGL,Alphabet (Google),48.667999267578125,49.54249954223633,48.60200119018555,49.34749984741211,48.882347106933594,28266000
2017-07-19,GOOGL,Alphabet (Google),49.5004997253418,49.779998779296875,49.35049819946289,49.63850021362305,49.17060470581055,28242000
2017-07-20,GOOGL,Alphabet (Google),49.849998474121094,49.933998107910156,49.23099899291992,49.609500885009766,49.14188766479492,28368000
2017-07-21,GOOGL,Alphabet (Google),49.45000076293945,49.75550079345703,49.208499908447266,49.69200134277344,49.22360610961914,29266000
2017-07-24,GOOGL,Alphabet (Google),49.70500183105469,50.30950164794922,49.51350021362305,49.91550064086914,49.44499969482422,79690000
2017-07-25,GOOGL,Alphabet (Google),48.53499984741211,48.83649826049805,48.189998626708984,48.451499938964844,47.99479293823242,118672000
2017-07-26,GOOGL,Alphabet (Google),48.638999938964844,48.6974983215332,48.01150131225586,48.265499114990234,47.810550689697266,44432000
2017-07-27,GOOGL,Alphabet (Google),48.45899963378906,48.47600173950195,46.85300064086914,47.6254997253418,47.17658233642578,74358000
2017-07-28,GOOGL,Alphabet (Google),47.39950180053711,48.089500427246094,47.265499114990234,47.916500091552734,47.464839935302734,36276000
2017-07-31,GOOGL,Alphabet (Google),48.0,48.05950164794922,47.08649826049805,47.275001525878906,46.82938766479492,45670000
2017-08-01,GOOGL,Alphabet (Google),47.390499114990234,47.7244987487793,47.24800109863281,47.327999114990234,46.88188171386719,28052000
2017-08-02,GOOGL,Alphabet (Google),47.41849899291992,47.45500183105469,46.625999450683594,47.38199996948242,46.93537521362305,40788000
2017-08-03,GOOGL,Alphabet (Google),47.45500183105469,47.5,46.97200012207031,47.01499938964844,46.57183837890625,22478000
2017-08-04,GOOGL,Alphabet (Google),47.1974983215332,47.37699890136719,46.9900016784668,47.28950119018555,46.84375,25092000
2017-08-07,GOOGL,Alphabet (Google),47.375999450683594,47.448001861572266,47.17499923706055,47.287498474121094,46.84177017211914,28916000
2017-08-08,GOOGL,Alphabet (Google),47.214500427246094,47.6245002746582,47.124000549316406,47.20949935913086,46.764503479003906,30102000
2017-08-09,GOOGL,Alphabet (Google),46.92250061035156,47.1879997253418,46.69599914550781,47.00400161743164,46.56093978881836,28018000
2017-08-10,GOOGL,Alphabet (Google),46.75,46.814998626708984,46.0890007019043,46.179500579833984,45.74421310424805,54148000
2017-08-11,GOOGL,Alphabet (Google),46.18550109863281,46.667999267578125,46.06100082397461,46.50450134277344,46.0661506652832,32334000
2017-08-14,GOOGL,Alphabet (Google),46.95349884033203,47.051998138427734,46.7244987487793,46.94649887084961,46.50398254394531,23012000
2017-08-15,GOOGL,Alphabet (Google),47.05149841308594,47.153499603271484,46.832000732421875,46.90399932861328,46.461883544921875,22130000
2017-08-16,GOOGL,Alphabet (Google),47.0625,47.494998931884766,47.00199890136719,47.2135009765625,46.76846694946289,26906000
2017-08-17,GOOGL,Alphabet (Google),47.147499084472656,47.19049835205078,46.38199996948242,46.382999420166016,45.94579315185547,33914000
2017-08-18,GOOGL,Alphabet (Google),46.3489990234375,46.55099868774414,46.17250061035156,46.308998107910156,45.87248611450195,26748000
2017-08-21,GOOGL,Alphabet (Google),46.28850173950195,46.412498474121094,45.93000030517578,46.04349899291992,45.60948944091797,26024000
2017-08-22,GOOGL,Alphabet (Google),46.347999572753906,47.097999572753906,46.30849838256836,47.02000045776367,46.57678985595703,35502000
2017-08-23,GOOGL,Alphabet (Google),46.849998474121094,47.27149963378906,46.762001037597656,47.12900161743164,46.68476486206055,22690000
2017-08-24,GOOGL,Alphabet (Google),47.18550109863281,47.31549835205078,46.5369987487793,46.84450149536133,46.402950286865234,25892000
2017-08-25,GOOGL,Alphabet (Google),46.96049880981445,47.0364990234375,46.505001068115234,46.525001525878906,46.086456298828125,23746000
2017-08-28,GOOGL,Alphabet (Google),46.59400177001953,46.74250030517578,46.30550003051758,46.40650177001953,45.96907043457031,20988000
2017-08-29,GOOGL,Alphabet (Google),45.997501373291016,46.90950012207031,45.96549987792969,46.787498474121094,46.346473693847656,23172000
2017-08-30,GOOGL,Alphabet (Google),46.78350067138672,47.292999267578125,46.70249938964844,47.18149948120117,46.73677062988281,22406000
2017-08-31,GOOGL,Alphabet (Google),47.314998626708984,47.86000061035156,47.3125,47.762001037597656,47.311798095703125,33866000
2017-09-01,GOOGL,Alphabet (Google),47.87350082397461,47.916500091552734,47.513999938964844,47.5994987487793,47.15082550048828,20858000
2017-09-05,GOOGL,Alphabet (Google),47.34299850463867,47.56949996948242,46.779998779296875,47.07400131225586,46.630279541015625,29148000
2017-09-06,GOOGL,Alphabet (Google),47.19350051879883,47.224998474121094,46.63399887084961,47.10100173950195,46.65702819824219,27830000
2017-09-07,GOOGL,Alphabet (Google),47.212501525878906,47.525001525878906,46.87649917602539,47.49449920654297,47.04681396484375,22332000
2017-09-08,GOOGL,Alphabet (Google),47.48500061035156,47.53499984741211,47.0004997253418,47.070499420166016,46.6268196105957,19998000
2017-09-11,GOOGL,Alphabet (Google),47.36000061035156,47.63399887084961,47.04999923706055,47.16450119018555,46.71992492675781,26748000
2017-09-12,GOOGL,Alphabet (Google),47.34600067138672,47.40449905395508,46.875,47.33250045776367,46.8863410949707,25696000
2017-09-13,GOOGL,Alphabet (Google),47.275001525878906,47.64250183105469,47.23699951171875,47.52199935913086,47.07405471801758,21908000
2017-09-14,GOOGL,Alphabet (Google),47.29999923706055,47.4015007019043,46.917999267578125,47.006500244140625,46.563419342041016,28548000
2017-09-15,GOOGL,Alphabet (Google),47.00450134277344,47.087501525878906,46.5625,46.76449966430664,46.32369613647461,39886000
2017-09-18,GOOGL,Alphabet (Google),46.7504997253418,46.84299850463867,46.27000045776367,46.48749923706055,46.04930877685547,29474000
2017-09-19,GOOGL,Alphabet (Google),46.670501708984375,46.89699935913086,46.33300018310547,46.84299850463867,46.40145492553711,24854000
2017-09-20,GOOGL,Alphabet (Google),46.88650131225586,47.5,46.875,47.37699890136719,46.93042755126953,40080000
2017-09-21,GOOGL,Alphabet (Google),47.40650177001953,47.63999938964844,46.96900177001953,47.377498626708984,46.93092346191406,27414000
2017-09-22,GOOGL,Alphabet (Google),47.13850021362305,47.5,47.04199981689453,47.16299819946289,46.71843719482422,21496000
2017-09-25,GOOGL,Alphabet (Google),46.97249984741211,46.98749923706055,46.22549819946289,46.7140007019043,46.27367401123047,37468000
2017-09-26,GOOGL,Alphabet (Google),46.83449935913086,47.20399856567383,46.75600051879883,46.871498107910156,46.429683685302734,33454000
2017-09-27,GOOGL,Alphabet (Google),47.137001037597656,48.27149963378906,47.09749984741211,47.994998931884766,47.542598724365234,46692000
2017-09-28,GOOGL,Alphabet (Google),47.8125,48.308998107910156,47.77750015258789,48.240501403808594,47.78578567504883,28018000
2017-09-29,GOOGL,Alphabet (Google),48.29999923706055,48.79050064086914,48.29999923706055,48.68600082397461,48.22707748413086,40622000
2017-10-02,GOOGL,Alphabet (Google),48.782501220703125,48.887001037597656,48.09749984741211,48.37350082397461,47.917537689208984,30782000
2017-10-03,GOOGL,Alphabet (Google),48.37799835205078,48.62200164794922,48.135501861572266,48.604000091552734,48.14585876464844,21666000
2017-10-04,GOOGL,Alphabet (Google),48.5880012512207,48.720001220703125,48.28049850463867,48.3390007019043,47.88336181640625,21156000
2017-10-05,GOOGL,Alphabet (Google),48.63949966430664,49.32550048828125,48.51350021362305,49.259498596191406,48.7951774597168,35618000
2017-10-06,GOOGL,Alphabet (Google),49.0,49.7130012512207,48.925498962402344,49.68199920654297,49.21369552612305,31060000
2017-10-09,GOOGL,Alphabet (Google),49.75,50.02299880981445,49.57500076293945,49.615501403808594,49.1478271484375,25910000
2017-10-10,GOOGL,Alphabet (Google),49.76499938964844,49.87350082397461,49.05550003051758,49.38999938964844,48.9244499206543,23268000
2017-10-11,GOOGL,Alphabet (Google),49.45199966430664,50.378501892089844,49.39699935913086,50.282501220703125,49.808536529541016,36300000
2017-10-12,GOOGL,Alphabet (Google),50.19200134277344,50.57699966430664,50.05500030517578,50.282501220703125,49.808536529541016,30614000
2017-10-13,GOOGL,Alphabet (Google),50.455501556396484,50.737998962402344,50.35300064086914,50.39350128173828,49.918487548828125,26552000
2017-10-16,GOOGL,Alphabet (Google),50.48149871826172,50.599998474121094,50.07600021362305,50.467498779296875,49.99179458618164,21420000
2017-10-17,GOOGL,Alphabet (Google),50.37200164794922,50.72800064086914,50.3025016784668,50.54999923706055,50.07351303100586,20260000
2017-10-18,GOOGL,Alphabet (Google),50.5525016784668,50.81549835205078,50.26599884033203,50.637001037597656,50.15969467163086,25596000
2017-10-19,GOOGL,Alphabet (Google),50.23749923706055,50.36600112915039,49.8650016784668,50.09199905395508,49.61983108520508,34284000
2017-10-20,GOOGL,Alphabet (Google),50.352500915527344,50.432498931884766,50.11349868774414,50.253501892089844,49.77981185913086,32120000
2017-10-23,GOOGL,Alphabet (Google),50.25899887084961,50.28950119018555,49.154998779296875,49.277000427246094,48.81250762939453,32786000
2017-10-24,GOOGL,Alphabet (Google),49.32500076293945,49.4630012512207,48.854000091552734,49.42449951171875,48.958621978759766,28902000
2017-10-25,GOOGL,Alphabet (Google),49.313499450683594,49.721500396728516,48.88600158691406,49.573001861572266,49.10573196411133,30574000
2017-10-26,GOOGL,Alphabet (Google),49.923500061035156,50.32550048828125,49.52349853515625,49.57099914550781,49.10374450683594,47396000
2017-10-27,GOOGL,Alphabet (Google),51.54949951171875,53.180999755859375,51.342498779296875,51.68349838256836,51.196327209472656,103682000
2017-10-30,GOOGL,Alphabet (Google),51.45800018310547,51.99150085449219,51.11650085449219,51.65650177001953,51.16958236694336,46804000
2017-10-31,GOOGL,Alphabet (Google),51.650001525878906,52.04999923706055,51.314998626708984,51.652000427246094,51.165130615234375,30326000
2017-11-01,GOOGL,Alphabet (Google),51.816001892089844,52.393001556396484,51.70000076293945,52.130001068115234,51.63862609863281,43262000
2017-11-02,GOOGL,Alphabet (Google),51.9995002746582,52.2760009765625,51.43299865722656,52.14849853515625,51.65694808959961,26694000
2017-11-03,GOOGL,Alphabet (Google),52.13750076293945,52.53300094604492,51.88249969482422,52.4995002746582,52.004642486572266,27770000
2017-11-06,GOOGL,Alphabet (Google),52.45500183105469,52.62950134277344,52.099998474121094,52.13399887084961,51.64258575439453,18294000
2017-11-07,GOOGL,Alphabet (Google),52.48249816894531,52.670501708984375,52.150001525878906,52.61949920654297,52.123512268066406,26104000
2017-11-08,GOOGL,Alphabet (Google),52.502498626708984,53.134498596191406,52.352500915527344,52.91450119018555,52.41572189331055,24276000
2017-11-09,GOOGL,Alphabet (Google),52.400001525878906,52.54399871826172,51.79249954223633,52.38600158691406,51.892215728759766,35892000
2017-11-10,GOOGL,Alphabet (Google),52.19350051879883,52.33150100708008,52.06100082397461,52.20750045776367,51.715389251708984,19442000
2017-11-13,GOOGL,Alphabet (Google),52.040000915527344,52.4370002746582,51.9630012512207,52.060001373291016,51.56928253173828,18814000
2017-11-14,GOOGL,Alphabet (Google),51.88600158691406,52.1150016784668,51.46649932861328,52.082000732421875,51.59108352661133,21012000
2017-11-15,GOOGL,Alphabet (Google),51.75,51.98149871826172,51.53799819946289,51.820499420166016,51.33203887939453,18106000
2017-11-16,GOOGL,Alphabet (Google),51.9375,52.5880012512207,51.900001525878906,52.423500061035156,51.929351806640625,23768000
2017-11-17,GOOGL,Alphabet (Google),52.4900016784668,52.54999923706055,51.686500549316406,51.794498443603516,51.3062858581543,26712000
2017-11-20,GOOGL,Alphabet (Google),51.79999923706055,51.935001373291016,51.63399887084961,51.733001708984375,51.245365142822266,17526000
2017-11-21,GOOGL,Alphabet (Google),52.00199890136719,52.519500732421875,51.957000732421875,52.51499938964844,52.019989013671875,22206000
2017-11-22,GOOGL,Alphabet (Google),52.55799865722656,52.77149963378906,52.36249923706055,52.59600067138672,52.10023498535156,14538000
2017-11-24,GOOGL,Alphabet (Google),52.71950149536133,53.003501892089844,52.59600067138672,52.82600021362305,52.328067779541016,16492000
2017-11-27,GOOGL,Alphabet (Google),52.92850112915039,53.652000427246094,52.73849868774414,53.60049819946289,53.09525680541992,35430000
2017-11-28,GOOGL,Alphabet (Google),53.699501037597656,54.0,52.72700119018555,53.16450119018555,52.66337203979492,36424000
2017-11-29,GOOGL,Alphabet (Google),52.808998107910156,52.938499450683594,51.48249816894531,51.86899948120117,51.38008117675781,55866000
2017-11-30,GOOGL,Alphabet (Google),51.99700164794922,52.207000732421875,51.503501892089844,51.80849838256836,51.32014846801758,45092000
2017-12-01,GOOGL,Alphabet (Google),51.52050018310547,51.86199951171875,50.845001220703125,51.253501892089844,50.77039337158203,37762000
2017-12-04,GOOGL,Alphabet (Google),51.38999938964844,51.56700134277344,50.46099853515625,50.59349822998047,50.116600036621094,38778000
2017-12-05,GOOGL,Alphabet (Google),50.54949951171875,51.83399963378906,50.11600112915039,50.97999954223633,50.49945831298828,38998000
2017-12-06,GOOGL,Alphabet (Google),50.82600021362305,51.979000091552734,50.765499114990234,51.63600158691406,51.14927673339844,28710000
2017-12-07,GOOGL,Alphabet (Google),51.80350112915039,52.44599914550781,51.768001556396484,52.22850036621094,51.7361946105957,30866000
2017-12-08,GOOGL,Alphabet (Google),52.59049987792969,52.82099914550781,52.292999267578125,52.46900177001953,51.97442626953125,31170000
2017-12-11,GOOGL,Alphabet (Google),52.55550003051758,52.79999923706055,52.20600128173828,52.5984992980957,52.102699279785156,23254000
2017-12-12,GOOGL,Alphabet (Google),52.5,53.125,52.243499755859375,52.438499450683594,51.944217681884766,33882000
2017-12-13,GOOGL,Alphabet (Google),52.604000091552734,52.77399826049805,52.32899856567383,52.56949996948242,52.07398223876953,27680000
2017-12-14,GOOGL,Alphabet (Google),52.77450180053711,53.354000091552734,52.68000030517578,52.87350082397461,52.37511444091797,30962000
2017-12-15,GOOGL,Alphabet (Google),53.18899917602539,53.76250076293945,53.00450134277344,53.599998474121094,53.094764709472656,63760000
2017-12-18,GOOGL,Alphabet (Google),53.8224983215332,54.324501037597656,53.51850128173828,54.25450134277344,53.74309158325195,30292000
2017-12-19,GOOGL,Alphabet (Google),54.1510009765625,54.24850082397461,53.61349868774414,53.98899841308594,53.48009490966797,26350000
2017-12-20,GOOGL,Alphabet (Google),54.04600143432617,54.061500549316406,53.43000030517578,53.678001403808594,53.17203903198242,28728000
2017-12-21,GOOGL,Alphabet (Google),53.769500732421875,53.875999450683594,53.45000076293945,53.54249954223633,53.03780746459961,25640000
2017-12-22,GOOGL,Alphabet (Google),53.5,53.58599853515625,53.38199996948242,53.44300079345703,52.93925094604492,17788000
2017-12-26,GOOGL,Alphabet (Google),53.43199920654297,53.44300079345703,52.93199920654297,53.29249954223633,52.790157318115234,18376000
2017-12-27,GOOGL,Alphabet (Google),53.33000183105469,53.41350173950195,52.91899871826172,53.0099983215332,52.51032257080078,22324000
2017-12-28,GOOGL,Alphabet (Google),53.11249923706055,53.242000579833984,52.66899871826172,52.79750061035156,52.29983139038086,19884000
2017-12-29,GOOGL,Alphabet (Google),52.77450180053711,52.90250015258789,52.6349983215332,52.66999816894531,52.17353439331055,23606000
2018-01-02,GOOGL,Alphabet (Google),52.6510009765625,53.79899978637695,52.6510009765625,53.660499572753906,53.154693603515625,31766000
2018-01-03,GOOGL,Alphabet (Google),53.69649887084961,54.80500030517578,53.67150115966797,54.57600021362305,54.06156921386719,31318000
2018-01-04,GOOGL,Alphabet (Google),54.85449981689453,55.20399856567383,54.7130012512207,54.78799819946289,54.27157211303711,26052000
2018-01-05,GOOGL,Alphabet (Google),55.17250061035156,55.67900085449219,55.09000015258789,55.51449966430664,54.9912223815918,30250000
2018-01-08,GOOGL,Alphabet (Google),55.54999923706055,55.95800018310547,55.5,55.71049880981445,55.18537139892578,24644000
2018-01-09,GOOGL,Alphabet (Google),55.922000885009766,55.922000885009766,55.40999984741211,55.63949966430664,55.11503982543945,26808000
2018-01-10,GOOGL,Alphabet (Google),55.349998474121094,55.638999938964844,55.19900131225586,55.50699996948242,54.983787536621094,20734000
2018-01-11,GOOGL,Alphabet (Google),55.615501403808594,55.74250030517578,55.32400131225586,55.602500915527344,55.07838439941406,22424000
2018-01-12,GOOGL,Alphabet (Google),55.505001068115234,56.564998626708984,55.4005012512207,56.532501220703125,55.99962615966797,38586000
2018-01-16,GOOGL,Alphabet (Google),57.015499114990234,57.444000244140625,56.33300018310547,56.53499984741211,56.00210189819336,36462000
2018-01-17,GOOGL,Alphabet (Google),56.81800079345703,56.965999603271484,56.17449951171875,56.95500183105469,56.41814422607422,27830000
2018-01-18,GOOGL,Alphabet (Google),56.967498779296875,57.02949905395508,56.222999572753906,56.798500061035156,56.26311492919922,27498000
2018-01-19,GOOGL,Alphabet (Google),56.9015007019043,57.18899917602539,56.625,57.17499923706055,56.63607406616211,30552000
2018-01-22,GOOGL,Alphabet (Google),57.191001892089844,58.34400177001953,57.090999603271484,58.20800018310547,57.65933609008789,29550000
2018-01-23,GOOGL,Alphabet (Google),58.53099822998047,58.925498962402344,58.36249923706055,58.80849838256836,58.25416564941406,39138000
2018-01-24,GOOGL,Alphabet (Google),59.249000549316406,59.352500915527344,58.369998931884766,58.56449890136719,58.012474060058594,37128000
2018-01-25,GOOGL,Alphabet (Google),59.035499572753906,59.25,58.59199905395508,59.106998443603516,58.54985046386719,29984000
2018-01-26,GOOGL,Alphabet (Google),59.37649917602539,59.37799835205078,58.4015007019043,59.37799835205078,58.81830596923828,42170000
2018-01-29,GOOGL,Alphabet (Google),59.400001525878906,59.900001525878906,59.202999114990234,59.32400131225586,58.76481246948242,31494000
2018-01-30,GOOGL,Alphabet (Google),58.88600158691406,59.39649963378906,58.72549819946289,58.868499755859375,58.31360626220703,37338000
2018-01-31,GOOGL,Alphabet (Google),59.19049835205078,59.316001892089844,58.60499954223633,59.111000061035156,58.55381774902344,36022000
2018-02-01,GOOGL,Alphabet (Google),58.79949951171875,59.372501373291016,58.46799850463867,59.079498291015625,58.52261734008789,73514000
2018-02-02,GOOGL,Alphabet (Google),56.37099838256836,56.564998626708984,55.55849838256836,55.959999084472656,55.43252182006836,117842000
2018-02-05,GOOGL,Alphabet (Google),55.03049850463867,55.7495002746582,52.83700180053711,53.11949920654297,52.61879348754883,83550000
2018-02-06,GOOGL,Alphabet (Google),51.69900131225586,54.36899948120117,51.5004997253418,54.221500396728516,53.71040344238281,76630000
2018-02-07,GOOGL,Alphabet (Google),54.24850082397461,54.326499938964844,52.73099899291992,52.77050018310547,52.27308654785156,51942000
2018-02-08,GOOGL,Alphabet (Google),52.993499755859375,53.19649887084961,50.23500061035156,50.385501861572266,49.91056823730469,66792000
2018-02-09,GOOGL,Alphabet (Google),51.29399871826172,52.58599853515625,49.849998474121094,52.313499450683594,51.82039260864258,98360000
2018-02-12,GOOGL,Alphabet (Google),52.833499908447266,53.278499603271484,52.27450180053711,52.72800064086914,52.23098373413086,56240000
2018-02-13,GOOGL,Alphabet (Google),52.5,53.06100082397461,52.34600067138672,52.707000732421875,52.210182189941406,31586000
2018-02-14,GOOGL,Alphabet (Google),52.715999603271484,53.77349853515625,52.4900016784668,53.6349983215332,53.12943649291992,41304000
2018-02-15,GOOGL,Alphabet (Google),54.17250061035156,54.70500183105469,53.36149978637695,54.56800079345703,54.05363464355469,37396000
2018-02-16,GOOGL,Alphabet (Google),54.66899871826172,55.41550064086914,54.57749938964844,54.775001525878906,54.25869369506836,39948000
2018-02-20,GOOGL,Alphabet (Google),54.63800048828125,55.81449890136719,54.5,55.179500579833984,54.65937805175781,33754000
2018-02-21,GOOGL,Alphabet (Google),55.45500183105469,56.810001373291016,55.3754997253418,55.6875,55.162593841552734,41486000
2018-02-22,GOOGL,Alphabet (Google),55.958499908447266,56.27299880981445,55.25749969482422,55.494998931884766,54.971900939941406,28010000
2018-02-23,GOOGL,Alphabet (Google),55.93299865722656,56.45000076293945,55.422000885009766,56.40449905395508,55.87282943725586,25292000
2018-02-26,GOOGL,Alphabet (Google),56.59299850463867,57.209999084472656,56.46699905395508,57.185001373291016,56.64597702026367,30912000
2018-02-27,GOOGL,Alphabet (Google),57.185001373291016,57.212501525878906,55.839500427246094,55.8754997253418,55.348819732666016,42964000
2018-02-28,GOOGL,Alphabet (Google),56.099998474121094,56.38249969482422,55.150001525878906,55.19599914550781,54.67572021484375,49292000
2018-03-01,GOOGL,Alphabet (Google),55.47700119018555,55.563499450683594,53.364498138427734,53.570499420166016,53.065547943115234,55338000
2018-03-02,GOOGL,Alphabet (Google),52.89899826049805,54.34450149536133,52.50550079345703,54.207000732421875,53.696044921875,50162000
2018-03-05,GOOGL,Alphabet (Google),53.90650177001953,55.058998107910156,53.61349868774414,54.737998962402344,54.22203826904297,28648000
2018-03-06,GOOGL,Alphabet (Google),55.10499954223633,55.28150177001953,54.724998474121094,55.04499816894531,54.52614974975586,23382000
2018-03-07,GOOGL,Alphabet (Google),54.64099884033203,55.810001373291016,54.49549865722656,55.75199890136719,55.226478576660156,30748000
2018-03-08,GOOGL,Alphabet (Google),55.86000061035156,56.571998596191406,55.86000061035156,56.46900177001953,55.93672180175781,33862000
2018-03-09,GOOGL,Alphabet (Google),56.974998474121094,58.04999923706055,56.714500427246094,58.04199981689453,57.494895935058594,42662000
2018-03-12,GOOGL,Alphabet (Google),58.252498626708984,58.90800094604492,57.959999084472656,58.29650115966797,57.74700164794922,44306000
2018-03-13,GOOGL,Alphabet (Google),58.59149932861328,58.900001525878906,56.72850036621094,56.99549865722656,56.45825958251953,43140000
2018-03-14,GOOGL,Alphabet (Google),57.290000915527344,57.987998962402344,57.11750030517578,57.44449996948242,56.90302658081055,41870000
2018-03-15,GOOGL,Alphabet (Google),57.47850036621094,58.125,56.78300094604492,57.53049850463867,56.988216400146484,33382000
2018-03-16,GOOGL,Alphabet (Google),57.76750183105469,57.84049987792969,56.56800079345703,56.72100067138672,56.18634796142578,58656000
2018-03-19,GOOGL,Alphabet (Google),55.88800048828125,55.96849822998047,54.44599914550781,55.003501892089844,54.485042572021484,63656000
2018-03-20,GOOGL,Alphabet (Google),54.91999816894531,55.27750015258789,54.12099838256836,54.790000915527344,54.2735481262207,54598000
2018-03-21,GOOGL,Alphabet (Google),54.628501892089844,55.435001373291016,54.36050033569336,54.70000076293945,54.18439865112305,44898000
2018-03-22,GOOGL,Alphabet (Google),54.0004997253418,54.19599914550781,52.481998443603516,52.657501220703125,52.16114807128906,69312000
2018-03-23,GOOGL,Alphabet (Google),52.56850051879883,53.3390007019043,51.243499755859375,51.32749938964844,50.843685150146484,49880000
2018-03-26,GOOGL,Alphabet (Google),52.529998779296875,52.9635009765625,50.52899932861328,52.704498291015625,52.20771026611328,65984000
2018-03-27,GOOGL,Alphabet (Google),53.19499969482422,53.22700119018555,49.88100051879883,50.34700012207031,49.872432708740234,60816000
2018-03-28,GOOGL,Alphabet (Google),50.09550094604492,51.2495002746582,49.20000076293945,50.25899887084961,49.78525161743164,77698000
2018-03-29,GOOGL,Alphabet (Google),50.56050109863281,52.40250015258789,50.20199966430664,51.856998443603516,51.368194580078125,69338000
2018-04-02,GOOGL,Alphabet (Google),51.38100051879883,51.97650146484375,49.712501525878906,50.631500244140625,50.15425109863281,65068000
2018-04-03,GOOGL,Alphabet (Google),50.807498931884766,51.25,49.86249923706055,50.933998107910156,50.45389175415039,51322000
2018-04-04,GOOGL,Alphabet (Google),49.9114990234375,51.637001037597656,49.82550048828125,51.48550033569336,51.000205993652344,50724000
2018-04-05,GOOGL,Alphabet (Google),52.31949996948242,52.33549880981445,51.20000076293945,51.63199996948242,51.14531326293945,35836000
2018-04-06,GOOGL,Alphabet (Google),51.154998779296875,51.79999923706055,50.3125,50.497501373291016,50.021507263183594,40134000
2018-04-09,GOOGL,Alphabet (Google),51.00199890136719,52.22949981689453,50.959999084472656,51.00450134277344,50.52373504638672,33220000
2018-04-10,GOOGL,Alphabet (Google),51.51300048828125,52.06050109863281,50.77050018310547,51.82500076293945,51.33650207519531,36620000
2018-04-11,GOOGL,Alphabet (Google),51.599998474121094,51.79349899291992,50.959999084472656,51.25299835205078,50.769893646240234,34060000
2018-04-12,GOOGL,Alphabet (Google),51.57350158691406,52.23249816894531,51.3025016784668,51.864498138427734,51.37562561035156,32896000
2018-04-13,GOOGL,Alphabet (Google),52.34450149536133,52.64899826049805,51.50749969482422,51.801998138427734,51.31370544433594,25410000
2018-04-16,GOOGL,Alphabet (Google),52.27750015258789,52.57149887084961,51.69599914550781,52.30500030517578,51.81197738647461,29776000
2018-04-17,GOOGL,Alphabet (Google),53.060001373291016,54.25,52.85449981689453,53.96799850463867,53.45929718017578,54584000
2018-04-18,GOOGL,Alphabet (Google),53.95050048828125,54.099998474121094,53.5260009765625,53.769500732421875,53.26266860961914,31126000
2018-04-19,GOOGL,Alphabet (Google),53.45100021362305,54.8754997253418,53.45100021362305,54.47249984741211,53.959041595458984,39884000
2018-04-20,GOOGL,Alphabet (Google),54.2135009765625,54.73749923706055,53.60499954223633,53.86600112915039,53.3582649230957,42434000
2018-04-23,GOOGL,Alphabet (Google),54.14899826049805,54.400001525878906,53.33399963378906,53.69049835205078,53.18440628051758,69590000
2018-04-24,GOOGL,Alphabet (Google),52.959999084472656,53.2244987487793,50.643001556396484,51.13199996948242,50.650028228759766,128220000
2018-04-25,GOOGL,Alphabet (Google),51.48749923706055,51.80350112915039,50.85049819946289,51.14950180053711,50.6673698425293,57860000
2018-04-26,GOOGL,Alphabet (Google),51.6609992980957,52.60100173950195,51.022499084472656,52.16550064086914,51.67379379272461,50926000
2018-04-27,GOOGL,Alphabet (Google),52.277000427246094,52.584999084472656,51.37950134277344,51.5724983215332,51.08637619018555,40746000
2018-04-30,GOOGL,Alphabet (Google),51.72100067138672,51.91849899291992,50.915000915527344,50.92900085449219,50.44894790649414,34492000
2018-05-01,GOOGL,Alphabet (Google),50.814998626708984,52.08649826049805,50.53049850463867,52.037498474121094,51.54698944091797,35326000
2018-05-02,GOOGL,Alphabet (Google),51.70000076293945,52.19900131225586,51.15800094604492,51.3025016784668,50.81892395019531,34698000
2018-05-03,GOOGL,Alphabet (Google),51.26850128173828,51.53450012207031,50.394500732421875,51.314998626708984,50.831298828125,39282000
2018-05-04,GOOGL,Alphabet (Google),50.980499267578125,52.59400177001953,50.90250015258789,52.54999923706055,52.05466079711914,36892000
2018-05-07,GOOGL,Alphabet (Google),52.69449996948242,53.25,52.51350021362305,52.972999572753906,52.47368240356445,34400000
2018-05-08,GOOGL,Alphabet (Google),53.23099899291992,53.26150131225586,52.582000732421875,52.929500579833984,52.43059158325195,26030000
2018-05-09,GOOGL,Alphabet (Google),53.20500183105469,54.70000076293945,53.105499267578125,54.4474983215332,53.93427658081055,47160000
2018-05-10,GOOGL,Alphabet (Google),54.75,55.47050094604492,54.694000244140625,55.27349853515625,54.75248718261719,36414000
2018-05-11,GOOGL,Alphabet (Google),55.02050018310547,55.45050048828125,54.861000061035156,55.16899871826172,54.64897918701172,30504000
2018-05-14,GOOGL,Alphabet (Google),55.278499603271484,55.907501220703125,55.2400016784668,55.33000183105469,54.8084602355957,39338000
2018-05-15,GOOGL,Alphabet (Google),54.845001220703125,54.95600128173828,53.93899917602539,54.243499755859375,53.732200622558594,35738000
2018-05-16,GOOGL,Alphabet (Google),54.25450134277344,54.71900177001953,54.08150100708008,54.204498291015625,53.69356918334961,25628000
2018-05-17,GOOGL,Alphabet (Google),54.073001861572266,54.54999923706055,53.82099914550781,54.0629997253418,53.55340576171875,25738000
2018-05-18,GOOGL,Alphabet (Google),53.29999923706055,53.686500549316406,53.23400115966797,53.481998443603516,52.97787857055664,35482000
2018-05-21,GOOGL,Alphabet (Google),53.95000076293945,54.665000915527344,53.900001525878906,54.20050048828125,53.689605712890625,25180000
2018-05-22,GOOGL,Alphabet (Google),54.4900016784668,54.59000015258789,53.612998962402344,53.765499114990234,53.258705139160156,22226000
2018-05-23,GOOGL,Alphabet (Google),53.5,54.400001525878906,53.347999572753906,54.29800033569336,53.78619384765625,23740000
2018-05-24,GOOGL,Alphabet (Google),54.345001220703125,54.35599899291992,53.6150016784668,54.272499084472656,53.76092529296875,20604000
2018-05-25,GOOGL,Alphabet (Google),54.32749938964844,54.47850036621094,54.130001068115234,54.20399856567383,53.69307327270508,22224000
2018-05-29,GOOGL,Alphabet (Google),53.79999923706055,54.06700134277344,53.15399932861328,53.403499603271484,52.900115966796875,36076000
2018-05-30,GOOGL,Alphabet (Google),53.67399978637695,53.949501037597656,53.32749938964844,53.87350082397461,53.365684509277344,28686000
2018-05-31,GOOGL,Alphabet (Google),54.099998474121094,55.5,53.900001525878906,55.0,54.481563568115234,79368000
2018-06-01,GOOGL,Alphabet (Google),55.64350128173828,56.90800094604492,55.60049819946289,56.75,56.21507263183594,63202000
2018-06-04,GOOGL,Alphabet (Google),56.92499923706055,57.893001556396484,56.849998474121094,57.652000427246094,57.10857391357422,44754000
2018-06-05,GOOGL,Alphabet (Google),57.733001708984375,58.05500030517578,57.37300109863281,57.55099868774414,57.008522033691406,32964000
2018-06-06,GOOGL,Alphabet (Google),57.63850021362305,57.73550033569336,56.816001892089844,57.34749984741211,56.806941986083984,34934000
2018-06-07,GOOGL,Alphabet (Google),57.229000091552734,57.29349899291992,56.305999755859375,56.72100067138672,56.18634796142578,36108000
2018-06-08,GOOGL,Alphabet (Google),56.56050109863281,56.93899917602539,56.1614990234375,56.635501861572266,56.101654052734375,27284000
2018-06-11,GOOGL,Alphabet (Google),56.64699935913086,57.387001037597656,56.56999969482422,57.04499816894531,56.507293701171875,24796000
2018-06-12,GOOGL,Alphabet (Google),57.05099868774414,57.4375,57.05099868774414,57.40950012207031,56.86835861206055,26092000
2018-06-13,GOOGL,Alphabet (Google),57.61399841308594,57.78200149536133,57.16899871826172,57.21149826049805,56.67222213745117,34302000
2018-06-14,GOOGL,Alphabet (Google),57.61050033569336,58.29949951171875,57.529998779296875,58.00550079345703,57.458740234375,35422000
2018-06-15,GOOGL,Alphabet (Google),57.99599838256836,58.195499420166016,57.68450164794922,57.9635009765625,57.417137145996094,44438000
2018-06-18,GOOGL,Alphabet (Google),57.634498596191406,59.20650100708008,57.54999923706055,59.17900085449219,58.621177673339844,33038000
2018-06-19,GOOGL,Alphabet (Google),58.50550079345703,59.140499114990234,58.080501556396484,58.93450164794922,58.37898635864258,47282000
2018-06-20,GOOGL,Alphabet (Google),59.165000915527344,60.074501037597656,59.10150146484375,59.20349884033203,58.645450592041016,51686000
2018-06-21,GOOGL,Alphabet (Google),59.2755012512207,59.51649856567383,58.17399978637695,58.47200012207031,57.92085266113281,44966000
2018-06-22,GOOGL,Alphabet (Google),58.574501037597656,58.75,57.98249816894531,58.464500427246094,57.913414001464844,34220000
2018-06-25,GOOGL,Alphabet (Google),57.75,57.79949951171875,55.994998931884766,56.9640007019043,56.42705535888672,57682000
2018-06-26,GOOGL,Alphabet (Google),57.207000732421875,57.34349822998047,56.45000076293945,56.63100051879883,56.09719467163086,34688000
2018-06-27,GOOGL,Alphabet (Google),56.79999923706055,57.31050109863281,55.834999084472656,55.84700012207031,55.320587158203125,34538000
2018-06-28,GOOGL,Alphabet (Google),55.61949920654297,56.70000076293945,55.30350112915039,56.3390007019043,55.807952880859375,29726000
2018-06-29,GOOGL,Alphabet (Google),56.615501403808594,57.06800079345703,56.35100173950195,56.45949935913086,55.927310943603516,31562000
2018-07-02,GOOGL,Alphabet (Google),55.76750183105469,57.14950180053711,55.33000183105469,57.105499267578125,56.567222595214844,23216000
2018-07-03,GOOGL,Alphabet (Google),57.47100067138672,57.49549865722656,55.721500396728516,55.81399917602539,55.28789520263672,16448000
2018-07-05,GOOGL,Alphabet (Google),56.22999954223633,57.207000732421875,56.15599822998047,57.06449890136719,56.526607513427734,28594000
2018-07-06,GOOGL,Alphabet (Google),57.0885009765625,57.810001373291016,56.86199951171875,57.75400161743164,57.20961380004883,21820000
2018-07-09,GOOGL,Alphabet (Google),58.0,58.39649963378906,57.86149978637695,58.36399841308594,57.81385803222656,21584000
2018-07-10,GOOGL,Alphabet (Google),58.4995002746582,58.67499923706055,58.12799835205078,58.356998443603516,57.80692672729492,21334000
2018-07-11,GOOGL,Alphabet (Google),57.78099822998047,59.02199935913086,57.76850128173828,58.573001861572266,58.02088928222656,33252000
2018-07-12,GOOGL,Alphabet (Google),58.74300003051758,60.0994987487793,58.654998779296875,60.0629997253418,59.49684143066406,44148000
2018-07-13,GOOGL,Alphabet (Google),60.13999938964844,60.52199935913086,59.76449966430664,60.22100067138672,59.65336227416992,32612000
2018-07-16,GOOGL,Alphabet (Google),60.19049835205078,60.43550109863281,59.66999816894531,59.82550048828125,59.26158142089844,26784000
2018-07-17,GOOGL,Alphabet (Google),59.137001037597656,60.9379997253418,59.099998474121094,60.65399932861328,60.082271575927734,40162000
2018-07-18,GOOGL,Alphabet (Google),60.42649841308594,61.079498291015625,60.22800064086914,60.64550018310547,60.073856353759766,38948000
2018-07-19,GOOGL,Alphabet (Google),60.33250045776367,60.82400131225586,59.88650131225586,59.95500183105469,59.38986587524414,38338000
2018-07-20,GOOGL,Alphabet (Google),59.96200180053711,60.53850173950195,59.829498291015625,59.89400100708008,59.329444885253906,37938000
2018-07-23,GOOGL,Alphabet (Google),59.78300094604492,60.755001068115234,59.60049819946289,60.54999923706055,59.97925567626953,65446000
2018-07-24,GOOGL,Alphabet (Google),63.54999923706055,63.75,62.207000732421875,62.907501220703125,62.31453323364258,107600000
2018-07-25,GOOGL,Alphabet (Google),62.63100051879883,63.9119987487793,62.45249938964844,63.797000885009766,63.19565200805664,51104000
2018-07-26,GOOGL,Alphabet (Google),63.35900115966797,64.37000274658203,63.150001525878906,64.2750015258789,63.66914367675781,54686000
2018-07-27,GOOGL,Alphabet (Google),64.45600128173828,64.5719985961914,62.2244987487793,62.644500732421875,62.05401611328125,48362000
2018-07-30,GOOGL,Alphabet (Google),62.252498626708984,62.644500732421875,61.208499908447266,61.50199890136719,60.92228317260742,43896000
2018-07-31,GOOGL,Alphabet (Google),61.58549880981445,62.06050109863281,60.80950164794922,61.361000061035156,60.78261184692383,39382000
2018-08-01,GOOGL,Alphabet (Google),61.955501556396484,62.29499816894531,61.24700164794922,61.64950180053711,61.06839370727539,36994000
2018-08-02,GOOGL,Alphabet (Google),60.92499923706055,62.22050094604492,60.90299987792969,62.05649948120117,61.471553802490234,34704000
2018-08-03,GOOGL,Alphabet (Google),62.25899887084961,62.32600021362305,61.47100067138672,61.90800094604492,61.32445526123047,21264000
2018-08-06,GOOGL,Alphabet (Google),62.080501556396484,62.12300109863281,61.5265007019043,61.88349914550781,61.3001823425293,22114000
2018-08-07,GOOGL,Alphabet (Google),62.60049819946289,63.30400085449219,62.59000015258789,62.79199981689453,62.20011901855469,42506000
2018-08-08,GOOGL,Alphabet (Google),62.83599853515625,63.58599853515625,62.60599899291992,63.06650161743164,62.4720344543457,34344000
2018-08-09,GOOGL,Alphabet (Google),63.13650131225586,63.597999572753906,63.005001068115234,63.222999572753906,62.627052307128906,27326000
2018-08-10,GOOGL,Alphabet (Google),62.95899963378906,63.060001373291016,62.358001708984375,62.6254997253418,62.035186767578125,26602000
2018-08-13,GOOGL,Alphabet (Google),62.560001373291016,63.298500061035156,62.35150146484375,62.43199920654297,61.8435173034668,27500000
2018-08-14,GOOGL,Alphabet (Google),62.625,63.02949905395508,61.97700119018555,62.90700149536133,62.31404113769531,28080000
2018-08-15,GOOGL,Alphabet (Google),62.2140007019043,62.5989990234375,61.3120002746582,61.611000061035156,61.03025817871094,37052000
2018-08-16,GOOGL,Alphabet (Google),62.0994987487793,62.185001373291016,60.98149871826172,61.202999114990234,60.6260986328125,32176000
2018-08-17,GOOGL,Alphabet (Google),61.10200119018555,61.34749984741211,60.20000076293945,60.79249954223633,60.21946716308594,33092000
2018-08-20,GOOGL,Alphabet (Google),61.03300094604492,61.295501708984375,60.435001373291016,61.09749984741211,60.52159881591797,22218000
2018-08-21,GOOGL,Alphabet (Google),61.1510009765625,61.63800048828125,60.75149917602539,60.87049865722656,60.29673385620117,23082000
2018-08-22,GOOGL,Alphabet (Google),60.71099853515625,61.326499938964844,60.6609992980957,61.087501525878906,60.511688232421875,22296000
2018-08-23,GOOGL,Alphabet (Google),60.99399948120117,61.75849914550781,60.967498779296875,61.05799865722656,60.48247146606445,24666000
2018-08-24,GOOGL,Alphabet (Google),61.29999923706055,61.869998931884766,61.07099914550781,61.837501525878906,61.25462341308594,24454000
2018-08-27,GOOGL,Alphabet (Google),62.207000732421875,62.89350128173828,62.034000396728516,62.813499450683594,62.2214241027832,28580000
2018-08-28,GOOGL,Alphabet (Google),62.79499816894531,62.827999114990234,62.14849853515625,62.292999267578125,61.70582962036133,27330000
2018-08-29,GOOGL,Alphabet (Google),62.75,63.35850143432617,62.63999938964844,63.23249816894531,62.63646697998047,36926000
2018-08-30,GOOGL,Alphabet (Google),63.16999816894531,63.4744987487793,62.36050033569336,62.72200012207031,62.13077926635742,30104000
2018-08-31,GOOGL,Alphabet (Google),62.61050033569336,62.627498626708984,61.287498474121094,61.59000015258789,61.009456634521484,42308000
2018-09-04,GOOGL,Alphabet (Google),61.125999450683594,61.39350128173828,60.327999114990234,60.56549835205078,59.99461364746094,41458000
2018-09-05,GOOGL,Alphabet (Google),60.46099853515625,60.743499755859375,58.766998291015625,59.95500183105469,59.38986587524414,53988000
2018-09-06,GOOGL,Alphabet (Google),59.92850112915039,59.949501037597656,58.18050003051758,59.199501037597656,58.64148712158203,46854000
2018-09-07,GOOGL,Alphabet (Google),58.599998474121094,59.4275016784668,58.4635009765625,58.87950134277344,58.324501037597656,32658000
2018-09-10,GOOGL,Alphabet (Google),59.209999084472656,59.33300018310547,58.53049850463867,58.75299835205078,58.199195861816406,27670000
2018-09-11,GOOGL,Alphabet (Google),58.55500030517578,59.547000885009766,58.29750061035156,59.4995002746582,58.938663482666016,29254000
2018-09-12,GOOGL,Alphabet (Google),59.099998474121094,59.53450012207031,58.30799865722656,58.58000183105469,58.027828216552734,35716000
2018-09-13,GOOGL,Alphabet (Google),58.98500061035156,59.393001556396484,58.46099853515625,59.106998443603516,58.54985046386719,40068000
2018-09-14,GOOGL,Alphabet (Google),59.400001525878906,59.400001525878906,58.67599868774414,58.89899826049805,58.34381103515625,24176000
2018-09-17,GOOGL,Alphabet (Google),58.88850021362305,59.090999603271484,57.92300033569336,57.99150085449219,57.44486999511719,34096000
2018-09-18,GOOGL,Alphabet (Google),58.132999420166016,59.06650161743164,58.07149887084961,58.355499267578125,57.805442810058594,32314000
2018-09-19,GOOGL,Alphabet (Google),58.448001861572266,58.813499450683594,57.930999755859375,58.7135009765625,58.16006088256836,25962000
2018-09-20,GOOGL,Alphabet (Google),59.03350067138672,59.70000076293945,58.8125,59.57849884033203,59.016910552978516,29244000
2018-09-21,GOOGL,Alphabet (Google),59.74599838256836,59.82899856567383,58.60300064086914,58.60599899291992,58.05358123779297,91222000
2018-09-24,GOOGL,Alphabet (Google),57.97050094604492,59.259498596191406,57.57500076293945,58.97800064086914,58.42207336425781,31150000
2018-09-25,GOOGL,Alphabet (Google),59.212501525878906,59.84299850463867,58.704498291015625,59.69449996948242,59.13182067871094,33152000
2018-09-26,GOOGL,Alphabet (Google),59.68450164794922,60.36199951171875,59.27000045776367,59.702999114990234,59.14023971557617,37650000
2018-09-27,GOOGL,Alphabet (Google),60.0,60.84299850463867,59.90250015258789,60.36800003051758,59.798973083496094,36274000
2018-09-28,GOOGL,Alphabet (Google),60.204498291015625,60.42250061035156,59.89149856567383,60.354000091552734,59.78510665893555,35612000
2018-10-01,GOOGL,Alphabet (Google),60.650001525878906,61.209999084472656,60.15950012207031,60.42649841308594,59.85691833496094,33164000
2018-10-02,GOOGL,Alphabet (Google),60.333499908447266,61.22600173950195,59.983001708984375,60.38199996948242,59.81283950805664,40180000
2018-10-03,GOOGL,Alphabet (Google),60.599998474121094,60.70899963378906,60.10749816894531,60.576499938964844,60.00550842285156,26246000
2018-10-04,GOOGL,Alphabet (Google),60.25149917602539,60.29499816894531,58.192501068115234,58.85350036621094,58.29875183105469,46576000
2018-10-05,GOOGL,Alphabet (Google),58.79999923706055,59.099998474121094,57.715999603271484,58.39149856567383,57.84109878540039,31852000
2018-10-08,GOOGL,Alphabet (Google),58.0,58.792999267578125,56.77000045776367,57.79600143432617,57.25121307373047,46190000
2018-10-09,GOOGL,Alphabet (Google),57.56549835205078,58.07749938964844,57.208499908447266,57.25849914550781,56.718772888183594,33690000
2018-10-10,GOOGL,Alphabet (Google),56.81999969482422,56.85100173950195,54.57550048828125,54.608001708984375,54.09326934814453,58980000
2018-10-11,GOOGL,Alphabet (Google),53.95199966430664,55.803001403808594,53.794498443603516,54.5369987487793,54.0229377746582,67696000
2018-10-12,GOOGL,Alphabet (Google),55.981998443603516,56.291500091552734,54.75149917602539,56.027000427246094,55.4988899230957,49370000
2018-10-15,GOOGL,Alphabet (Google),55.900001525878906,56.09000015258789,54.9109992980957,55.12200164794922,54.6024284362793,30074000
2018-10-16,GOOGL,Alphabet (Google),55.67399978637695,56.81850051879883,55.587501525878906,56.65399932861328,56.1199836730957,38378000
2018-10-17,GOOGL,Alphabet (Google),57.0,57.349998474121094,55.70000076293945,56.37950134277344,55.84806442260742,35652000
2018-10-18,GOOGL,Alphabet (Google),56.5,56.61750030517578,54.31700134277344,54.89550018310547,54.3780517578125,46152000
2018-10-19,GOOGL,Alphabet (Google),55.18550109863281,56.04750061035156,54.85150146484375,55.25899887084961,54.73813247680664,41286000
2018-10-22,GOOGL,Alphabet (Google),55.6254997253418,56.08449935913086,55.0,55.56850051879883,55.04471206665039,27116000
2018-10-23,GOOGL,Alphabet (Google),54.56449890136719,55.900001525878906,53.95050048828125,55.74549865722656,55.22003936767578,37686000
2018-10-24,GOOGL,Alphabet (Google),55.75,55.83100128173828,52.75299835205078,52.85599899291992,52.35777282714844,49286000
2018-10-25,GOOGL,Alphabet (Google),54.01499938964844,55.89099884033203,53.77750015258789,55.179500579833984,54.65937805175781,72956000
2018-10-26,GOOGL,Alphabet (Google),52.416500091552734,55.849998474121094,52.11149978637695,54.1875,53.67673110961914,106438000
2018-10-29,GOOGL,Alphabet (Google),54.82699966430664,55.44150161743164,50.36000061035156,51.73649978637695,51.248836517333984,81290000
2018-10-30,GOOGL,Alphabet (Google),51.0004997253418,52.54499816894531,50.69850158691406,52.47549819946289,51.980865478515625,59768000
2018-10-31,GOOGL,Alphabet (Google),53.40999984741211,55.400001525878906,53.40999984741211,54.52899932861328,54.015010833740234,70916000
2018-11-01,GOOGL,Alphabet (Google),54.56999969482422,54.994998931884766,53.89099884033203,54.29899978637695,53.78717041015625,40132000
2018-11-02,GOOGL,Alphabet (Google),54.45000076293945,54.900001525878906,53.382999420166016,53.574501037597656,53.06950378417969,43438000
2018-11-05,GOOGL,Alphabet (Google),53.62649917602539,53.66749954223633,51.70000076293945,52.7864990234375,52.288936614990234,45358000
2018-11-06,GOOGL,Alphabet (Google),52.750999450683594,53.99100112915039,52.68050003051758,53.47850036621094,52.97441482543945,28660000
2018-11-07,GOOGL,Alphabet (Google),54.17449951171875,55.496498107910156,54.02949905395508,55.4119987487793,54.889686584472656,43388000
2018-11-08,GOOGL,Alphabet (Google),55.3650016784668,55.4109992980957,54.21799850463867,54.73149871826172,54.21559524536133,33694000
2018-11-09,GOOGL,Alphabet (Google),54.20100021362305,54.41749954223633,53.2130012512207,53.85100173950195,53.34339904785156,34860000
2018-11-12,GOOGL,Alphabet (Google),53.65650177001953,53.70500183105469,52.01750183105469,52.46799850463867,51.973426818847656,34002000
2018-11-13,GOOGL,Alphabet (Google),52.740501403808594,53.333499908447266,52.02000045776367,52.39849853515625,51.90459060668945,25750000
2018-11-14,GOOGL,Alphabet (Google),53.0,53.28950119018555,52.05550003051758,52.729000091552734,52.231971740722656,34666000
2018-11-15,GOOGL,Alphabet (Google),52.573001861572266,53.94350051879883,52.06449890136719,53.5525016784668,53.0477180480957,41584000
2018-11-16,GOOGL,Alphabet (Google),53.26150131225586,53.62200164794922,52.744998931884766,53.41350173950195,52.91002655029297,35366000
2018-11-19,GOOGL,Alphabet (Google),53.169498443603516,53.400001525878906,51.14350128173828,51.37099838256836,50.88677215576172,45684000
2018-11-20,GOOGL,Alphabet (Google),50.364498138427734,51.86750030517578,50.11050033569336,51.522499084472656,51.03684997558594,54458000
2018-11-21,GOOGL,Alphabet (Google),52.265499114990234,52.73550033569336,51.972999572753906,52.17150115966797,51.67973709106445,29698000
2018-11-23,GOOGL,Alphabet (Google),51.67499923706055,52.150001525878906,51.42599868774414,51.505001068115234,51.019508361816406,14178000
2018-11-26,GOOGL,Alphabet (Google),52.20000076293945,52.849998474121094,51.98849868774414,52.797000885009766,52.299339294433594,31558000
2018-11-27,GOOGL,Alphabet (Google),52.56700134277344,53.3380012512207,52.275001525878906,52.61399841308594,52.11806106567383,33048000
2018-11-28,GOOGL,Alphabet (Google),52.87300109863281,54.643001556396484,52.147499084472656,54.589500427246094,54.0749397277832,46042000
2018-11-29,GOOGL,Alphabet (Google),54.17649841308594,55.00749969482422,54.099998474121094,54.729000091552734,54.21312713623047,31004000
2018-11-30,GOOGL,Alphabet (Google),54.78150177001953,55.48249816894531,54.159000396728516,55.48249816894531,54.95952224731445,59668000
2018-12-03,GOOGL,Alphabet (Google),56.608001708984375,56.75,55.58649826049805,55.81800079345703,55.291866302490234,57532000
2018-12-04,GOOGL,Alphabet (Google),55.64950180053711,55.71200180053711,53.03900146484375,53.12350082397461,52.62275314331055,45630000
2018-12-06,GOOGL,Alphabet (Google),52.25,53.97100067138672,52.124000549316406,53.90399932861328,53.395904541015625,47436000
2018-12-07,GOOGL,Alphabet (Google),53.61149978637695,54.25149917602539,51.96849822998047,52.32899856567383,51.83574295043945,42682000
2018-12-10,GOOGL,Alphabet (Google),52.14699935913086,52.97999954223633,51.650001525878906,52.659000396728516,52.162635803222656,33652000
2018-12-11,GOOGL,Alphabet (Google),53.34700012207031,53.52000045776367,52.505001068115234,53.08250045776367,52.5821418762207,33852000
2018-12-12,GOOGL,Alphabet (Google),53.854000091552734,54.58649826049805,53.5984992980957,53.686500549316406,53.180450439453125,28960000
2018-12-13,GOOGL,Alphabet (Google),53.78350067138672,54.42100143432617,53.2495002746582,53.676998138427734,53.17103576660156,24986000
2018-12-14,GOOGL,Alphabet (Google),53.000999450683594,53.58599853515625,52.46849822998047,52.58549880981445,52.08982849121094,36358000
2018-12-17,GOOGL,Alphabet (Google),52.35049819946289,53.11899948120117,50.83150100708008,51.282501220703125,50.79911422729492,49932000
2018-12-18,GOOGL,Alphabet (Google),51.70000076293945,52.984500885009766,51.52399826049805,52.170501708984375,51.67873764038086,43640000
2018-12-19,GOOGL,Alphabet (Google),52.364498138427734,53.785499572753906,50.971500396728516,51.77299880981445,51.28498077392578,58264000
2018-12-20,GOOGL,Alphabet (Google),51.29999923706055,52.37200164794922,50.393001556396484,51.17900085449219,50.69658660888672,53674000
2018-12-21,GOOGL,Alphabet (Google),51.60200119018555,51.88349914550781,49.05950164794922,49.5625,49.0953254699707,104656000
2018-12-24,GOOGL,Alphabet (Google),49.215999603271484,50.60599899291992,48.882999420166016,49.23350143432617,48.76942443847656,36360000
2018-12-26,GOOGL,Alphabet (Google),49.89950180053711,52.42250061035156,49.63249969482422,52.39250183105469,51.898651123046875,46318000
2018-12-27,GOOGL,Alphabet (Google),51.310001373291016,52.66699981689453,50.349998474121094,52.64500045776367,52.148765563964844,45996000
2018-12-28,GOOGL,Alphabet (Google),52.974998474121094,53.21149826049805,52.099998474121094,52.33399963378906,51.840702056884766,34398000
2018-12-31,GOOGL,Alphabet (Google),52.89149856567383,53.14950180053711,51.652000427246094,52.24800109863281,51.75551223754883,33110000
2019-01-02,GOOGL,Alphabet (Google),51.36000061035156,53.03950119018555,51.263999938964844,52.73400115966797,52.23693084716797,31868000
2019-01-03,GOOGL,Alphabet (Google),52.53350067138672,53.3129997253418,51.118499755859375,51.27349853515625,50.79019546508789,41960000
2019-01-04,GOOGL,Alphabet (Google),52.12799835205078,54.0,51.84299850463867,53.903499603271484,53.39540481567383,46022000
2019-01-07,GOOGL,Alphabet (Google),54.048500061035156,54.1349983215332,53.13199996948242,53.79600143432617,53.28892135620117,47446000
2019-01-08,GOOGL,Alphabet (Google),54.29999923706055,54.66749954223633,53.41749954223633,54.26850128173828,53.7569694519043,35414000
2019-01-09,GOOGL,Alphabet (Google),54.39950180053711,54.582000732421875,53.71849822998047,54.08250045776367,53.57271957397461,26998000
2019-01-10,GOOGL,Alphabet (Google),53.74700164794922,53.990501403808594,53.23400115966797,53.94150161743164,53.43305206298828,26598000
2019-01-11,GOOGL,Alphabet (Google),53.494998931884766,53.66849899291992,52.82149887084961,53.2234992980957,52.72181701660156,30864000
2019-01-14,GOOGL,Alphabet (Google),52.66699981689453,52.92250061035156,52.4275016784668,52.57550048828125,52.07992172241211,28490000
2019-01-15,GOOGL,Alphabet (Google),52.9005012512207,54.41350173950195,52.72200012207031,54.32550048828125,53.81342315673828,37518000
2019-01-16,GOOGL,Alphabet (Google),54.5,55.11800003051758,54.4005012512207,54.47549819946289,53.96200942993164,38280000
2019-01-17,GOOGL,Alphabet (Google),54.39950180053711,55.03499984741211,54.16299819946289,54.95600128173828,54.43798065185547,24896000
2019-01-18,GOOGL,Alphabet (Google),55.429500579833984,55.900001525878906,54.9640007019043,55.3650016784668,54.8431282043457,44892000
2019-01-22,GOOGL,Alphabet (Google),54.79999923706055,54.94850158691406,53.544498443603516,53.93149948120117,53.42314529418945,39632000
2019-01-23,GOOGL,Alphabet (Google),54.34299850463867,54.647499084472656,53.378501892089844,54.22050094604492,53.70942306518555,25194000
2019-01-24,GOOGL,Alphabet (Google),54.1254997253418,54.400001525878906,53.500999450683594,54.20000076293945,53.68911361694336,29114000
2019-01-25,GOOGL,Alphabet (Google),54.71149826049805,55.167999267578125,54.59000015258789,55.07550048828125,54.55635452270508,23260000
2019-01-28,GOOGL,Alphabet (Google),54.503501892089844,54.66849899291992,53.730499267578125,53.99300003051758,53.484066009521484,29334000
2019-01-29,GOOGL,Alphabet (Google),54.051998138427734,54.23649978637695,53.30099868774414,53.50299835205078,52.99867630004883,19704000
2019-01-30,GOOGL,Alphabet (Google),53.86800003051758,54.97600173950195,53.832000732421875,54.89950180053711,54.382022857666016,29452000
2019-01-31,GOOGL,Alphabet (Google),55.61199951171875,56.38349914550781,55.26250076293945,56.294498443603516,55.76387023925781,40232000
2019-02-01,GOOGL,Alphabet (Google),56.114498138427734,56.720001220703125,55.712501525878906,55.930999755859375,55.40378952026367,33116000
2019-02-04,GOOGL,Alphabet (Google),55.95050048828125,57.117000579833984,55.8754997253418,57.07099914550781,56.53304672241211,78408000
2019-02-05,GOOGL,Alphabet (Google),56.48149871826172,57.63850021362305,56.18000030517578,57.59349822998047,57.050621032714844,82296000
2019-02-06,GOOGL,Alphabet (Google),57.4635009765625,57.70000076293945,55.917999267578125,56.144500732421875,55.61528015136719,48256000
2019-02-07,GOOGL,Alphabet (Google),55.590999603271484,55.5994987487793,54.679500579833984,55.295501708984375,54.774288177490234,38298000
2019-02-08,GOOGL,Alphabet (Google),54.74399948120117,55.255001068115234,54.71200180053711,55.11899948120117,54.59944534301758,21766000
2019-02-11,GOOGL,Alphabet (Google),55.1875,55.67150115966797,55.0,55.10599899291992,54.586570739746094,18498000
2019-02-12,GOOGL,Alphabet (Google),55.550498962402344,56.643001556396484,55.550498962402344,56.37900161743164,55.84756851196289,35036000
2019-02-13,GOOGL,Alphabet (Google),56.652000427246094,57.14250183105469,56.29999923706055,56.43149948120117,55.89958190917969,28042000
2019-02-14,GOOGL,Alphabet (Google),56.25,56.80649948120117,55.85449981689453,56.459999084472656,55.92780685424805,21106000
2019-02-15,GOOGL,Alphabet (Google),56.96500015258789,56.96500015258789,55.83599853515625,55.98149871826172,55.45381546020508,27826000
2019-02-19,GOOGL,Alphabet (Google),55.832000732421875,56.481998443603516,55.832000732421875,56.32550048828125,55.79458236694336,21980000
2019-02-20,GOOGL,Alphabet (Google),56.444000244140625,56.54650115966797,55.587501525878906,56.02949905395508,55.501365661621094,24090000
2019-02-21,GOOGL,Alphabet (Google),55.93899917602539,55.95750045776367,54.89899826049805,55.21049880981445,54.69008255004883,33272000
2019-02-22,GOOGL,Alphabet (Google),55.48500061035156,55.86249923706055,55.025001525878906,55.827999114990234,55.3017578125,29436000
2019-02-25,GOOGL,Alphabet (Google),56.096500396728516,56.27000045776367,55.705501556396484,55.86650085449219,55.339900970458984,26208000
2019-02-26,GOOGL,Alphabet (Google),55.71849822998047,56.321998596191406,55.334999084472656,56.10049819946289,55.571693420410156,35026000
2019-02-27,GOOGL,Alphabet (Google),55.70050048828125,56.2864990234375,55.428001403808594,56.144500732421875,55.61528015136719,22092000
2019-02-28,GOOGL,Alphabet (Google),55.95000076293945,56.699501037597656,55.920501708984375,56.32749938964844,55.79655838012695,27422000
2019-03-01,GOOGL,Alphabet (Google),56.54999923706055,57.5,56.54999923706055,57.42599868774414,56.88470458984375,34086000
2019-03-04,GOOGL,Alphabet (Google),57.72800064086914,58.2760009765625,56.912498474121094,57.67100143432617,57.12739562988281,35490000
2019-03-05,GOOGL,Alphabet (Google),57.79999923706055,58.824501037597656,57.6510009765625,58.45949935913086,57.90846633911133,40094000
2019-03-06,GOOGL,Alphabet (Google),58.5880012512207,58.73699951171875,58.15250015258789,58.24700164794922,57.69797134399414,23602000
2019-03-07,GOOGL,Alphabet (Google),58.025001525878906,58.17900085449219,57.08549880981445,57.54249954223633,57.000099182128906,30086000
2019-03-08,GOOGL,Alphabet (Google),56.69499969482422,57.67250061035156,56.5099983215332,57.49850082397461,56.956520080566406,23694000
2019-03-11,GOOGL,Alphabet (Google),57.599998474121094,58.99549865722656,57.57849884033203,58.9630012512207,58.40721893310547,30032000
2019-03-12,GOOGL,Alphabet (Google),59.1150016784668,60.285499572753906,59.1150016784668,59.86249923706055,59.29823303222656,42220000
2019-03-13,GOOGL,Alphabet (Google),60.29650115966797,60.35599899291992,59.89550018310547,59.952999114990234,59.387882232666016,25888000
2019-03-14,GOOGL,Alphabet (Google),59.95100021362305,60.23500061035156,59.561500549316406,59.62649917602539,59.064456939697266,27302000
2019-03-15,GOOGL,Alphabet (Google),59.900001525878906,60.08599853515625,59.35049819946289,59.51499938964844,58.954010009765625,51886000
2019-03-18,GOOGL,Alphabet (Google),59.484500885009766,59.747501373291016,59.07400131225586,59.4275016784668,58.867340087890625,24442000
2019-03-19,GOOGL,Alphabet (Google),59.58599853515625,60.170501708984375,59.472999572753906,60.12300109863281,59.556278228759766,29788000
2019-03-20,GOOGL,Alphabet (Google),60.06999969482422,61.4995002746582,59.97949981689453,61.32149887084961,60.74348068237305,41508000
2019-03-21,GOOGL,Alphabet (Google),61.0,61.821998596191406,60.82899856567383,61.80649948120117,61.223907470703125,28150000
2019-03-22,GOOGL,Alphabet (Google),61.442501068115234,61.68149948120117,60.29999923706055,60.38249969482422,59.813331604003906,34422000
2019-03-25,GOOGL,Alphabet (Google),59.97800064086914,60.47200012207031,59.5,59.86899948120117,59.30467224121094,27576000
2019-03-26,GOOGL,Alphabet (Google),60.259498596191406,60.38249969482422,59.0880012512207,59.492000579833984,58.93122482299805,30752000
2019-03-27,GOOGL,Alphabet (Google),59.59600067138672,59.59600067138672,58.21149826049805,58.9005012512207,58.345306396484375,29428000
2019-03-28,GOOGL,Alphabet (Google),58.775001525878906,58.86249923706055,58.17150115966797,58.61349868774414,58.061012268066406,22402000
2019-03-29,GOOGL,Alphabet (Google),59.00899887084961,59.19850158691406,58.319000244140625,58.84450149536133,58.28983688354492,30890000
2019-04-01,GOOGL,Alphabet (Google),59.37699890136719,60.0099983215332,59.31800079345703,59.94900131225586,59.38392639160156,27706000
2019-04-02,GOOGL,Alphabet (Google),60.002498626708984,60.29050064086914,59.5620002746582,60.277000427246094,59.70882797241211,18288000
2019-04-03,GOOGL,Alphabet (Google),60.6349983215332,61.029998779296875,60.25400161743164,60.54050064086914,59.96984100341797,22180000
2019-04-04,GOOGL,Alphabet (Google),60.56449890136719,61.02750015258789,60.45199966430664,60.97249984741211,60.39776611328125,21022000
2019-04-05,GOOGL,Alphabet (Google),60.96500015258789,61.019500732421875,60.50149917602539,60.5724983215332,60.001548767089844,20012000
2019-04-08,GOOGL,Alphabet (Google),60.55550003051758,60.6974983215332,60.23500061035156,60.41400146484375,59.84454345703125,21750000
2019-04-09,GOOGL,Alphabet (Google),60.09450149536133,60.35749816894531,59.91899871826172,60.134498596191406,59.56767272949219,19668000
2019-04-10,GOOGL,Alphabet (Google),60.25450134277344,60.446998596191406,60.03300094604492,60.3224983215332,59.7538948059082,15510000
2019-04-11,GOOGL,Alphabet (Google),60.44499969482422,60.637001037597656,60.22700119018555,60.47949981689453,59.909420013427734,16998000
2019-04-12,GOOGL,Alphabet (Google),60.78099822998047,61.15250015258789,60.66450119018555,61.13650131225586,60.56023406982422,24312000
2019-04-15,GOOGL,Alphabet (Google),61.204498291015625,61.46500015258789,60.72800064086914,61.326499938964844,60.74843978881836,23796000
2019-04-16,GOOGL,Alphabet (Google),61.5,61.79899978637695,61.25199890136719,61.59550094604492,61.0149040222168,22622000
2019-04-17,GOOGL,Alphabet (Google),61.849998474121094,62.255001068115234,61.64500045776367,62.00699996948242,61.42251968383789,30366000
2019-04-18,GOOGL,Alphabet (Google),62.25,62.297000885009766,61.97050094604492,62.07350158691406,61.488399505615234,24750000
2019-04-22,GOOGL,Alphabet (Google),61.833499908447266,62.71699905395508,61.66849899291992,62.6879997253418,62.097103118896484,19084000
2019-04-23,GOOGL,Alphabet (Google),62.832000732421875,63.721500396728516,62.5984992980957,63.52949905395508,62.9306755065918,31868000
2019-04-24,GOOGL,Alphabet (Google),63.52949905395508,63.70000076293945,62.990501403808594,63.002498626708984,62.408634185791016,23396000
2019-04-25,GOOGL,Alphabet (Google),63.51499938964844,63.63999938964844,62.900001525878906,63.367000579833984,62.76970291137695,31344000
2019-04-26,GOOGL,Alphabet (Google),63.66899871826172,63.945499420166016,63.25,63.87099838256836,63.26894760131836,27228000
2019-04-29,GOOGL,Alphabet (Google),64.02549743652344,64.84850311279297,63.58549880981445,64.80999755859375,64.1990966796875,72368000
2019-04-30,GOOGL,Alphabet (Google),59.53150177001953,60.04899978637695,59.150001525878906,59.948001861572266,59.382930755615234,133178000
2019-05-01,GOOGL,Alphabet (Google),59.875,59.962501525878906,58.58399963378906,58.66600036621094,58.113014221191406,74340000
2019-05-02,GOOGL,Alphabet (Google),58.630001068115234,58.96900177001953,57.916500091552734,58.32550048828125,57.77572250366211,45098000
2019-05-03,GOOGL,Alphabet (Google),58.87049865722656,59.56999969482422,58.6775016784668,59.477500915527344,58.91686248779297,41588000
2019-05-06,GOOGL,Alphabet (Google),58.599998474121094,59.77149963378906,58.55799865722656,59.67300033569336,59.11052703857422,31774000
2019-05-07,GOOGL,Alphabet (Google),59.29050064086914,59.73849868774414,58.25,58.94300079345703,58.38740539550781,36604000
2019-05-08,GOOGL,Alphabet (Google),58.864498138427734,59.2135009765625,58.381500244140625,58.53900146484375,57.987213134765625,25520000
2019-05-09,GOOGL,Alphabet (Google),58.130001068115234,58.70349884033203,57.731998443603516,58.39849853515625,57.8480339050293,29556000
2019-05-10,GOOGL,Alphabet (Google),58.44200134277344,58.81399917602539,57.31850051879883,58.38199996948242,57.831695556640625,31650000
2019-05-13,GOOGL,Alphabet (Google),57.262001037597656,57.5984992980957,56.275001525878906,56.829498291015625,56.293827056884766,45626000
2019-05-14,GOOGL,Alphabet (Google),57.11600112915039,57.243499755859375,56.17649841308594,56.24300003051758,55.712852478027344,40392000
2019-05-15,GOOGL,Alphabet (Google),56.127498626708984,58.915000915527344,56.06999969482422,58.540000915527344,57.988197326660156,59302000
2019-05-16,GOOGL,Alphabet (Google),58.59199905395508,59.70800018310547,58.42250061035156,59.224998474121094,58.666748046875,35308000
2019-05-17,GOOGL,Alphabet (Google),58.791500091552734,59.31449890136719,58.32099914550781,58.43899917602539,57.88815689086914,25362000
2019-05-20,GOOGL,Alphabet (Google),57.650001525878906,57.650001525878906,56.90700149536133,57.233001708984375,56.69352722167969,30602000
2019-05-21,GOOGL,Alphabet (Google),57.7239990234375,57.900001525878906,57.16550064086914,57.72200012207031,57.177913665771484,20562000
2019-05-22,GOOGL,Alphabet (Google),57.5625,58.18899917602539,57.54999923706055,57.79249954223633,57.24774932861328,18826000
2019-05-23,GOOGL,Alphabet (Google),57.30350112915039,57.502498626708984,56.65800094604492,57.266998291015625,56.727203369140625,25214000
2019-05-24,GOOGL,Alphabet (Google),57.599998474121094,57.71799850463867,56.83549880981445,56.93050003051758,56.39387512207031,18554000
2019-05-28,GOOGL,Alphabet (Google),57.07400131225586,57.824501037597656,56.93349838256836,56.97800064086914,56.44092559814453,20948000
2019-05-29,GOOGL,Alphabet (Google),56.6349983215332,56.75,55.59749984741211,55.99700164794922,55.469173431396484,36230000
2019-05-30,GOOGL,Alphabet (Google),56.00749969482422,56.34000015258789,55.79499816894531,56.070499420166016,55.5419807434082,18088000
2019-05-31,GOOGL,Alphabet (Google),55.28200149536133,55.66999816894531,55.16749954223633,55.32500076293945,54.80351257324219,31582000
2019-06-03,GOOGL,Alphabet (Google),53.346500396728516,53.349998474121094,51.35150146484375,51.9370002746582,51.447444915771484,96890000
2019-06-04,GOOGL,Alphabet (Google),52.2244987487793,52.922000885009766,51.80149841308594,52.7244987487793,52.227516174316406,60512000
2019-06-05,GOOGL,Alphabet (Google),52.75,52.84049987792969,51.650001525878906,52.231998443603516,51.73966598510742,46988000
2019-06-06,GOOGL,Alphabet (Google),52.31050109863281,52.5,51.7755012512207,52.38800048828125,51.894195556640625,29020000
2019-06-07,GOOGL,Alphabet (Google),52.7140007019043,53.67150115966797,52.557498931884766,53.41849899291992,52.914974212646484,43828000
2019-06-10,GOOGL,Alphabet (Google),53.849998474121094,54.742000579833984,53.763999938964844,54.13800048828125,53.62769317626953,28510000
2019-06-11,GOOGL,Alphabet (Google),54.8494987487793,55.20050048828125,53.97850036621094,54.051998138427734,53.542503356933594,33508000
2019-06-12,GOOGL,Alphabet (Google),53.997501373291016,54.125999450683594,53.47999954223633,53.95500183105469,53.4464225769043,23670000
2019-06-13,GOOGL,Alphabet (Google),54.23550033569336,54.829498291015625,54.128501892089844,54.550498962402344,54.03630065917969,20814000
2019-06-14,GOOGL,Alphabet (Google),54.48699951171875,54.737998962402344,54.07400131225586,54.314998626708984,53.80302429199219,24582000
2019-06-17,GOOGL,Alphabet (Google),54.45500183105469,55.06399917602539,54.400001525878906,54.69449996948242,54.178955078125,19770000
2019-06-18,GOOGL,Alphabet (Google),55.57500076293945,55.93899917602539,55.03950119018555,55.262001037597656,54.74110412597656,34526000
2019-06-19,GOOGL,Alphabet (Google),55.36199951171875,55.471500396728516,54.80149841308594,55.22549819946289,54.70494079589844,26714000
2019-06-20,GOOGL,Alphabet (Google),56.084999084472656,56.13600158691406,55.349998474121094,55.65999984741211,55.13534927368164,24018000
2019-06-21,GOOGL,Alphabet (Google),55.49300003051758,56.32849884033203,55.486000061035156,56.26850128173828,55.73811721801758,50774000
2019-06-24,GOOGL,Alphabet (Google),56.0,56.17850112915039,55.66550064086914,55.834999084472656,55.30869674682617,24236000
2019-06-25,GOOGL,Alphabet (Google),55.75400161743164,55.78499984741211,54.22999954223633,54.37900161743164,53.86642837524414,31644000
2019-06-26,GOOGL,Alphabet (Google),54.54999923706055,54.75600051879883,53.68450164794922,54.01599884033203,53.5068473815918,34698000
2019-06-27,GOOGL,Alphabet (Google),54.337501525878906,54.42300033569336,53.79249954223633,53.83150100708008,53.32408905029297,24078000
2019-06-28,GOOGL,Alphabet (Google),53.86149978637695,54.13999938964844,53.689998626708984,54.13999938964844,53.62968063354492,33672000
2019-07-01,GOOGL,Alphabet (Google),55.051998138427734,55.429500579833984,54.76649856567383,55.0,54.481563568115234,29196000
2019-07-02,GOOGL,Alphabet (Google),55.24150085449219,55.644500732421875,54.98350143432617,55.630001068115234,55.10563659667969,20630000
2019-07-03,GOOGL,Alphabet (Google),55.92499923706055,56.39950180053711,55.74250030517578,56.14950180053711,55.620235443115234,20154000
2019-07-05,GOOGL,Alphabet (Google),55.96849822998047,56.73249816894531,55.875,56.63349914550781,56.099674224853516,29794000
2019-07-08,GOOGL,Alphabet (Google),56.29349899291992,56.36050033569336,55.5880012512207,55.839500427246094,55.31315994262695,29888000
2019-07-09,GOOGL,Alphabet (Google),55.51599884033203,56.393001556396484,55.35749816894531,56.214500427246094,55.68462371826172,29472000
2019-07-10,GOOGL,Alphabet (Google),56.61600112915039,57.117000579833984,56.53300094604492,57.045501708984375,56.50779342651367,30710000
2019-07-11,GOOGL,Alphabet (Google),57.30799865722656,57.6619987487793,56.97650146484375,57.20399856567383,56.664794921875,26004000
2019-07-12,GOOGL,Alphabet (Google),57.14649963378906,57.375,56.928001403808594,57.266998291015625,56.727203369140625,21878000
2019-07-15,GOOGL,Alphabet (Google),57.266998291015625,57.534000396728516,57.0,57.5255012512207,56.9832649230957,21164000
2019-07-16,GOOGL,Alphabet (Google),57.33649826049805,57.92900085449219,57.33649826049805,57.67300033569336,57.12937545776367,25352000
2019-07-17,GOOGL,Alphabet (Google),57.54600143432617,57.922000885009766,57.33100128173828,57.33700180053711,56.79654312133789,19538000
2019-07-18,GOOGL,Alphabet (Google),57.099998474121094,57.40850067138672,56.643001556396484,57.36199951171875,56.82130432128906,25450000
2019-07-19,GOOGL,Alphabet (Google),57.465999603271484,57.57899856567383,56.5625,56.57749938964844,56.04420852661133,23184000
2019-07-22,GOOGL,Alphabet (Google),56.77349853515625,57.000999450683594,56.260501861572266,56.96049880981445,56.423587799072266,28914000
2019-07-23,GOOGL,Alphabet (Google),57.17250061035156,57.44300079345703,56.64250183105469,57.40250015258789,56.86142349243164,20648000
2019-07-24,GOOGL,Alphabet (Google),56.63100051879883,57.27299880981445,56.425498962402344,56.98649978637695,56.4493408203125,27192000
2019-07-25,GOOGL,Alphabet (Google),56.9474983215332,57.179500579833984,56.18550109863281,56.797000885009766,56.26163101196289,54762000
2019-07-26,GOOGL,Alphabet (Google),61.400001525878906,63.419498443603516,61.400001525878906,62.26100158691406,61.67412567138672,121216000
2019-07-29,GOOGL,Alphabet (Google),62.125,62.449501037597656,61.5099983215332,62.09199905395508,61.5067253112793,41382000
2019-07-30,GOOGL,Alphabet (Google),61.349998474121094,61.84550094604492,61.26599884033203,61.400001525878906,60.82124710083008,28616000
2019-07-31,GOOGL,Alphabet (Google),61.243499755859375,61.74549865722656,60.409000396728516,60.90999984741211,60.33586502075195,39960000
2019-08-01,GOOGL,Alphabet (Google),60.881500244140625,61.814998626708984,60.349998474121094,60.5890007019043,60.01789474487305,35426000
2019-08-02,GOOGL,Alphabet (Google),60.150001525878906,60.474998474121094,59.5,59.816001892089844,59.25217819213867,34910000
2019-08-05,GOOGL,Alphabet (Google),58.64849853515625,58.84400177001953,57.13750076293945,57.73749923706055,57.193267822265625,47840000
2019-08-06,GOOGL,Alphabet (Google),58.2760009765625,59.06999969482422,58.076499938964844,58.55400085449219,58.0020751953125,36014000
2019-08-07,GOOGL,Alphabet (Google),57.88999938964844,58.993499755859375,57.54199981689453,58.795501708984375,58.24129104614258,30686000
2019-08-08,GOOGL,Alphabet (Google),59.32149887084961,60.31399917602539,58.70000076293945,60.30950164794922,59.741024017333984,30116000
2019-08-09,GOOGL,Alphabet (Google),59.9995002746582,60.222999572753906,59.24449920654297,59.44499969482422,58.884674072265625,20418000
2019-08-12,GOOGL,Alphabet (Google),59.0,59.28049850463867,58.43600082397461,58.724998474121094,58.171451568603516,22064000
2019-08-13,GOOGL,Alphabet (Google),58.717498779296875,60.27149963378906,58.64950180053711,59.83649826049805,59.2724723815918,28434000
2019-08-14,GOOGL,Alphabet (Google),58.80350112915039,59.13949966430664,58.05350112915039,58.212501525878906,57.663787841796875,35430000
2019-08-15,GOOGL,Alphabet (Google),58.42150115966797,58.82099914550781,58.150001525878906,58.465999603271484,57.9149055480957,28506000
2019-08-16,GOOGL,Alphabet (Google),59.03950119018555,59.19200134277344,58.650001525878906,58.96049880981445,58.40473937988281,24916000
2019-08-19,GOOGL,Alphabet (Google),59.59149932861328,60.46950149536133,59.52000045776367,60.02199935913086,59.45623016357422,24450000
2019-08-20,GOOGL,Alphabet (Google),59.76750183105469,59.900001525878906,59.15250015258789,59.17649841308594,58.61870193481445,20206000
2019-08-21,GOOGL,Alphabet (Google),59.79100036621094,60.02799987792969,59.395999908447266,59.57899856567383,59.017398834228516,14152000
2019-08-22,GOOGL,Alphabet (Google),59.689998626708984,59.93899917602539,58.945499420166016,59.57600021362305,59.014434814453125,17352000
2019-08-23,GOOGL,Alphabet (Google),59.25849914550781,59.78350067138672,57.5,57.67900085449219,57.135318756103516,36254000
2019-08-26,GOOGL,Alphabet (Google),57.97249984741211,58.59299850463867,57.74250030517578,58.558998107910156,58.00702667236328,21166000
2019-08-27,GOOGL,Alphabet (Google),59.150001525878906,59.25,58.22800064086914,58.54100036621094,57.98919677734375,23460000
2019-08-28,GOOGL,Alphabet (Google),58.243499755859375,58.92499923706055,58.01250076293945,58.6875,58.13431167602539,16810000
2019-08-29,GOOGL,Alphabet (Google),59.32099914550781,59.95949935913086,59.263999938964844,59.71200180053711,59.14915466308594,19636000
2019-08-30,GOOGL,Alphabet (Google),60.01750183105469,60.01750183105469,59.2859992980957,59.5265007019043,58.96540451049805,18064000
2019-09-03,GOOGL,Alphabet (Google),59.092498779296875,59.45399856567383,58.18550109863281,58.477500915527344,57.926300048828125,25908000
2019-09-04,GOOGL,Alphabet (Google),58.97249984741211,59.24399948120117,58.576499938964844,59.11349868774414,58.556297302246094,21312000
2019-09-05,GOOGL,Alphabet (Google),59.68299865722656,60.70000076293945,59.634498596191406,60.609500885009766,60.0381965637207,26394000
2019-09-06,GOOGL,Alphabet (Google),60.457000732421875,60.647499084472656,60.16299819946289,60.316001892089844,59.747459411621094,18972000
2019-09-09,GOOGL,Alphabet (Google),60.354000091552734,61.02750015258789,59.65850067138672,60.26350021362305,59.69545364379883,31854000
2019-09-10,GOOGL,Alphabet (Google),59.804500579833984,60.5,59.800498962402344,60.28499984741211,59.71675491333008,27922000
2019-09-11,GOOGL,Alphabet (Google),60.19449996948242,61.12350082397461,60.11399841308594,61.0,60.425010681152344,23522000
2019-09-12,GOOGL,Alphabet (Google),61.173500061035156,62.12099838256836,61.12799835205078,61.74850082397461,61.16645812988281,31644000
2019-09-13,GOOGL,Alphabet (Google),61.605499267578125,62.0525016784668,61.354000091552734,62.00149917602539,61.41706848144531,23676000
2019-09-16,GOOGL,Alphabet (Google),61.52199935913086,61.95100021362305,61.259498596191406,61.58150100708008,61.00103759765625,28218000
2019-09-17,GOOGL,Alphabet (Google),61.58150100708008,61.75,61.16749954223633,61.49399948120117,60.91435623168945,20806000
2019-09-18,GOOGL,Alphabet (Google),61.512001037597656,61.8120002746582,60.82350158691406,61.63249969482422,61.051551818847656,17440000
2019-09-19,GOOGL,Alphabet (Google),61.61600112915039,62.21699905395508,61.615501403808594,61.9375,61.353675842285156,16554000
2019-09-20,GOOGL,Alphabet (Google),61.68199920654297,62.13999938964844,61.17900085449219,61.492000579833984,60.91237258911133,37692000
2019-09-23,GOOGL,Alphabet (Google),61.32849884033203,61.98400115966797,61.18899917602539,61.734500885009766,61.152591705322266,20798000
2019-09-24,GOOGL,Alphabet (Google),62.0,62.355499267578125,60.53200149536133,60.916500091552734,60.34230422973633,35804000
2019-09-25,GOOGL,Alphabet (Google),60.800498962402344,62.4010009765625,60.459999084472656,62.297000885009766,61.70978546142578,26798000
2019-09-26,GOOGL,Alphabet (Google),62.106998443603516,62.23350143432617,61.590999603271484,62.114498138427734,61.52900695800781,23166000
2019-09-27,GOOGL,Alphabet (Google),62.14149856567383,62.2495002746582,60.7599983215332,61.29750061035156,60.7197151184082,34122000
2019-09-30,GOOGL,Alphabet (Google),61.029998779296875,61.37049865722656,60.67100143432617,61.05699920654297,60.48147964477539,24470000
2019-10-01,GOOGL,Alphabet (Google),61.1245002746582,61.643001556396484,60.27750015258789,60.29999923706055,59.73160934448242,24504000
2019-10-02,GOOGL,Alphabet (Google),59.82500076293945,59.9379997253418,58.631500244140625,58.895999908447266,58.34084701538086,33030000
2019-10-03,GOOGL,Alphabet (Google),59.16699981689453,59.54999923706055,58.15700149536133,59.471500396728516,58.910919189453125,28368000
2019-10-04,GOOGL,Alphabet (Google),59.714500427246094,60.62300109863281,59.548500061035156,60.54800033569336,59.97727584838867,24282000
2019-10-07,GOOGL,Alphabet (Google),60.349998474121094,60.945499420166016,60.21799850463867,60.412498474121094,59.843048095703125,17040000
2019-10-08,GOOGL,Alphabet (Google),59.938499450683594,60.34349822998047,59.4739990234375,59.506500244140625,58.945594787597656,20086000
2019-10-09,GOOGL,Alphabet (Google),60.06650161743164,60.42300033569336,59.90599822998047,60.119998931884766,59.553306579589844,15948000
2019-10-10,GOOGL,Alphabet (Google),59.93000030517578,60.78099822998047,59.893001556396484,60.4734992980957,59.90347671508789,12842000
2019-10-11,GOOGL,Alphabet (Google),61.201499938964844,61.4375,60.68199920654297,60.785499572753906,60.2125358581543,22330000
2019-10-14,GOOGL,Alphabet (Google),60.69449996948242,61.29399871826172,60.59400177001953,60.88850021362305,60.3145637512207,13296000
2019-10-15,GOOGL,Alphabet (Google),61.07500076293945,62.35649871826172,61.04600143432617,62.11199951171875,61.52653121948242,27584000
2019-10-16,GOOGL,Alphabet (Google),62.09049987792969,62.70949935913086,61.92649841308594,62.150001525878906,61.564178466796875,22986000
2019-10-17,GOOGL,Alphabet (Google),62.56999969482422,63.1875,62.493499755859375,62.63999938964844,62.049564361572266,20958000
2019-10-18,GOOGL,Alphabet (Google),62.734500885009766,62.90549850463867,62.00699996948242,62.22050094604492,61.634010314941406,31624000
2019-10-21,GOOGL,Alphabet (Google),62.435001373291016,62.675498962402344,61.9995002746582,62.2140007019043,61.627567291259766,18094000
2019-10-22,GOOGL,Alphabet (Google),62.2239990234375,62.436500549316406,61.99250030517578,62.060001373291016,61.47502517700195,22862000
2019-10-23,GOOGL,Alphabet (Google),62.010501861572266,62.902000427246094,62.010501861572266,62.881500244140625,62.288780212402344,21282000
2019-10-24,GOOGL,Alphabet (Google),62.955501556396484,63.14500045776367,62.61750030517578,62.955501556396484,62.36207962036133,20224000
2019-10-25,GOOGL,Alphabet (Google),62.599998474121094,63.400001525878906,62.45750045776367,63.21500015258789,62.619144439697266,27104000
2019-10-28,GOOGL,Alphabet (Google),63.75,64.96199798583984,63.615501403808594,64.4489974975586,63.84149169921875,65428000
2019-10-29,GOOGL,Alphabet (Google),63.79999923706055,64.04000091552734,62.78049850463867,63.03300094604492,62.4388542175293,52654000
2019-10-30,GOOGL,Alphabet (Google),62.75749969482422,63.4010009765625,62.532501220703125,63.03499984741211,62.44083023071289,29204000
2019-10-31,GOOGL,Alphabet (Google),63.0,63.32600021362305,62.4739990234375,62.939998626708984,62.34672927856445,31904000
2019-11-01,GOOGL,Alphabet (Google),63.290000915527344,63.650001525878906,62.98550033569336,63.61249923706055,63.01289367675781,28812000
2019-11-04,GOOGL,Alphabet (Google),63.80550003051758,64.625,63.80550003051758,64.48049926757812,63.872703552246094,30632000
2019-11-05,GOOGL,Alphabet (Google),64.55999755859375,64.86199951171875,64.46900177001953,64.5719985961914,63.963340759277344,25148000
2019-11-06,GOOGL,Alphabet (Google),64.50450134277344,64.64949798583984,64.1135025024414,64.55049896240234,63.94206237792969,24626000
2019-11-07,GOOGL,Alphabet (Google),64.71399688720703,66.13249969482422,64.6875,65.34700012207031,64.73104095458984,45140000
2019-11-08,GOOGL,Alphabet (Google),65.07599639892578,65.85549926757812,65.07599639892578,65.44999694824219,64.83306121826172,30392000
2019-11-11,GOOGL,Alphabet (Google),65.19999694824219,65.24500274658203,64.79350280761719,64.91400146484375,64.30213165283203,17234000
2019-11-12,GOOGL,Alphabet (Google),64.92849731445312,65.46749877929688,64.71199798583984,64.8604965209961,64.24911499023438,28852000
2019-11-13,GOOGL,Alphabet (Google),64.65899658203125,65.1259994506836,64.60749816894531,64.80899810791016,64.19811248779297,20538000
2019-11-14,GOOGL,Alphabet (Google),64.75,65.78600311279297,64.6969985961914,65.4574966430664,64.84048461914062,28948000
2019-11-15,GOOGL,Alphabet (Google),65.75250244140625,66.677001953125,65.59449768066406,66.677001953125,66.04849243164062,39286000
2019-11-18,GOOGL,Alphabet (Google),66.61699676513672,66.69599914550781,65.80799865722656,65.99199676513672,65.36995697021484,27984000
2019-11-19,GOOGL,Alphabet (Google),66.33149719238281,66.33149719238281,65.5885009765625,65.62950134277344,65.01087188720703,21864000
2019-11-20,GOOGL,Alphabet (Google),65.56800079345703,65.6604995727539,64.46050262451172,65.09300231933594,64.47943115234375,28892000
2019-11-21,GOOGL,Alphabet (Google),64.9625015258789,65.55599975585938,64.5374984741211,65.00700378417969,64.39424896240234,25546000
2019-11-22,GOOGL,Alphabet (Google),65.1500015258789,65.34500122070312,64.46800231933594,64.68350219726562,64.07379913330078,27776000
2019-11-25,GOOGL,Alphabet (Google),64.81300354003906,65.52050018310547,64.78050231933594,65.28199768066406,64.6666488647461,23590000
2019-11-26,GOOGL,Alphabet (Google),65.49549865722656,65.70050048828125,65.2020034790039,65.6500015258789,65.03118896484375,21910000
2019-11-27,GOOGL,Alphabet (Google),65.77100372314453,65.88200378417969,65.47350311279297,65.60649871826172,64.98809051513672,18808000
2019-11-29,GOOGL,Alphabet (Google),65.33000183105469,65.49749755859375,65.1614990234375,65.20449829101562,64.58988952636719,12802000
2019-12-02,GOOGL,Alphabet (Google),65.12799835205078,65.27200317382812,64.01899719238281,64.44300079345703,63.8355598449707,26538000
2019-12-03,GOOGL,Alphabet (Google),63.93299865722656,64.86150360107422,63.852500915527344,64.73699951171875,64.12679290771484,25270000
2019-12-04,GOOGL,Alphabet (Google),65.30500030517578,66.2135009765625,65.15249633789062,65.9469985961914,65.32538604736328,35506000
2019-12-05,GOOGL,Alphabet (Google),66.3499984741211,66.39900207519531,65.71600341796875,66.3479995727539,65.72261047363281,24408000
2019-12-06,GOOGL,Alphabet (Google),66.63749694824219,67.12349700927734,66.5615005493164,66.96949768066406,66.33824157714844,32968000
2019-12-09,GOOGL,Alphabet (Google),66.94300079345703,67.87750244140625,66.80349731445312,67.14949798583984,66.51654815673828,30842000
2019-12-10,GOOGL,Alphabet (Google),66.99700164794922,67.4000015258789,66.69999694824219,67.14450073242188,66.51160430908203,17606000
2019-12-11,GOOGL,Alphabet (Google),67.41500091552734,67.49449920654297,67.05500030517578,67.2125015258789,66.57896423339844,20480000
2019-12-12,GOOGL,Alphabet (Google),67.1604995727539,67.72899627685547,66.91000366210938,67.42449951171875,66.7889633178711,29114000
2019-12-13,GOOGL,Alphabet (Google),67.3949966430664,67.56749725341797,67.08300018310547,67.34349822998047,66.7087173461914,33170000
2019-12-16,GOOGL,Alphabet (Google),67.75,68.17649841308594,67.53050231933594,68.03500366210938,67.39370727539062,28128000
2019-12-17,GOOGL,Alphabet (Google),68.12049865722656,68.21649932861328,67.53849792480469,67.74449920654297,67.10594177246094,32948000
2019-12-18,GOOGL,Alphabet (Google),67.8499984741211,67.97149658203125,67.52300262451172,67.59549713134766,66.95834350585938,23330000
2019-12-19,GOOGL,Alphabet (Google),67.59549713134766,67.87650299072266,67.4375,67.8219985961914,67.18270874023438,28922000
2019-12-20,GOOGL,Alphabet (Google),68.15499877929688,68.19999694824219,67.5364990234375,67.56099700927734,66.92415618896484,50090000
2019-12-23,GOOGL,Alphabet (Google),67.9365005493164,68.09249877929688,67.4000015258789,67.53150177001953,66.89495086669922,19936000
2019-12-24,GOOGL,Alphabet (Google),67.510498046875,67.60050201416016,67.20850372314453,67.22149658203125,66.5878677368164,13468000
2019-12-26,GOOGL,Alphabet (Google),67.32749938964844,68.16000366210938,67.27549743652344,68.12349700927734,67.48136138916016,23662000
2019-12-27,GOOGL,Alphabet (Google),68.19999694824219,68.35250091552734,67.6500015258789,67.73200225830078,67.09355163574219,23212000
2019-12-30,GOOGL,Alphabet (Google),67.84049987792969,67.8499984741211,66.89199829101562,66.9854965209961,66.35409545898438,19994000
2019-12-31,GOOGL,Alphabet (Google),66.78949737548828,67.03299713134766,66.60649871826172,66.96949768066406,66.33824157714844,19514000
2020-01-02,GOOGL,Alphabet (Google),67.42050170898438,68.43399810791016,67.32450103759766,68.43399810791016,67.7889404296875,27278000
2020-01-03,GOOGL,Alphabet (Google),67.4000015258789,68.6875,67.36599731445312,68.07599639892578,67.43431091308594,23408000
2020-01-06,GOOGL,Alphabet (Google),67.58149719238281,69.91600036621094,67.55000305175781,69.8905029296875,69.2317123413086,46768000
2020-01-07,GOOGL,Alphabet (Google),70.02300262451172,70.17500305175781,69.5780029296875,69.75550079345703,69.09799194335938,34330000
2020-01-08,GOOGL,Alphabet (Google),69.74099731445312,70.59249877929688,69.63150024414062,70.25199890136719,69.58980560302734,35314000
2020-01-09,GOOGL,Alphabet (Google),71.09649658203125,71.43399810791016,70.510498046875,70.989501953125,70.32035064697266,33200000
2020-01-10,GOOGL,Alphabet (Google),71.47350311279297,71.74700164794922,70.9800033569336,71.447998046875,70.77454376220703,26258000
2020-01-13,GOOGL,Alphabet (Google),71.76249694824219,72.0739974975586,71.26850128173828,72.00150299072266,71.32282257080078,30730000
2020-01-14,GOOGL,Alphabet (Google),72.0,72.13150024414062,71.38849639892578,71.52950286865234,70.85525512695312,26076000
2020-01-15,GOOGL,Alphabet (Google),71.6510009765625,72.03900146484375,71.58300018310547,71.95999908447266,71.28170776367188,21550000
2020-01-16,GOOGL,Alphabet (Google),72.27249908447266,72.53500366210938,72.0,72.50800323486328,71.82454681396484,26080000
2020-01-17,GOOGL,Alphabet (Google),73.12699890136719,74.02749633789062,72.82749938964844,73.97599792480469,73.2787094116211,52424000
2020-01-21,GOOGL,Alphabet (Google),73.94999694824219,74.49400329589844,73.510498046875,74.11250305175781,73.41392517089844,48930000
2020-01-22,GOOGL,Alphabet (Google),74.48650360107422,75.02899932861328,74.13300323486328,74.19349670410156,73.49415588378906,28458000
2020-01-23,GOOGL,Alphabet (Google),74.37750244140625,74.67500305175781,74.01599884033203,74.2344970703125,73.5347671508789,26650000
2020-01-24,GOOGL,Alphabet (Google),74.64099884033203,74.70999908447266,73.15899658203125,73.30850219726562,72.61750030517578,29786000
2020-01-27,GOOGL,Alphabet (Google),71.5770034790039,71.8290023803711,70.9749984741211,71.58650207519531,70.91172790527344,34132000
2020-01-28,GOOGL,Alphabet (Google),72.08699798583984,72.73999786376953,71.51799774169922,72.5250015258789,71.84137725830078,29724000
2020-01-29,GOOGL,Alphabet (Google),72.9229965209961,73.20700073242188,72.26950073242188,72.83499908447266,72.1484603881836,21566000
2020-01-30,GOOGL,Alphabet (Google),71.90499877929688,72.76249694824219,71.75,72.7125015258789,72.02711486816406,27110000
2020-01-31,GOOGL,Alphabet (Google),73.39299774169922,73.4834976196289,71.35299682617188,71.63899993896484,70.96373748779297,43822000
2020-02-03,GOOGL,Alphabet (Google),73.0824966430664,74.31500244140625,72.83049774169922,74.12999725341797,73.43125915527344,71636000
2020-02-04,GOOGL,Alphabet (Google),72.72450256347656,73.36699676513672,71.10150146484375,72.27050018310547,71.58927917480469,95880000
2020-02-05,GOOGL,Alphabet (Google),73.18049621582031,73.22899627685547,71.48400115966797,72.30249786376953,71.6209716796875,36376000
2020-02-06,GOOGL,Alphabet (Google),72.5989990234375,74.0780029296875,72.52400207519531,73.79850006103516,73.1028823852539,37822000
2020-02-07,GOOGL,Alphabet (Google),73.36949920654297,74.26249694824219,73.27050018310547,73.95549774169922,73.25838470458984,28360000
2020-02-10,GOOGL,Alphabet (Google),73.86150360107422,75.44400024414062,73.76000213623047,75.43299865722656,74.72196197509766,38302000
2020-02-11,GOOGL,Alphabet (Google),75.66349792480469,76.49400329589844,75.27249908447266,75.50299835205078,74.79131317138672,34852000
2020-02-12,GOOGL,Alphabet (Google),75.79299926757812,76.01499938964844,75.43350219726562,75.93150329589844,75.21578216552734,31042000
2020-02-13,GOOGL,Alphabet (Google),75.5,76.29750061035156,75.19999694824219,75.66950225830078,74.95624542236328,22914000
2020-02-14,GOOGL,Alphabet (Google),75.72650146484375,76.00250244140625,75.27749633789062,75.9365005493164,75.2207260131836,23198000
2020-02-18,GOOGL,Alphabet (Google),75.71700286865234,76.52799987792969,75.55049896240234,75.97200012207031,75.25587463378906,25642000
2020-02-19,GOOGL,Alphabet (Google),76.36000061035156,76.53700256347656,76.04900360107422,76.24349975585938,75.52482604980469,22746000
2020-02-20,GOOGL,Alphabet (Google),75.95050048828125,76.35350036621094,75.21299743652344,75.84950256347656,75.13455200195312,25962000
2020-02-21,GOOGL,Alphabet (Google),75.22899627685547,75.54750061035156,73.92449951171875,74.1729965209961,73.47384643554688,42520000
2020-02-24,GOOGL,Alphabet (Google),71.15249633789062,71.81900024414062,70.3395004272461,70.99299621582031,70.32380676269531,49560000
2020-02-25,GOOGL,Alphabet (Google),71.55000305175781,71.84249877929688,69.02100372314453,69.31600189208984,68.66262817382812,51580000
2020-02-26,GOOGL,Alphabet (Google),69.7490005493164,70.68350219726562,68.82749938964844,69.52349853515625,68.86817169189453,49776000
2020-02-27,GOOGL,Alphabet (Google),67.95700073242188,68.47000122070312,65.71199798583984,65.74749755859375,65.12774658203125,62290000
2020-02-28,GOOGL,Alphabet (Google),63.71549987792969,67.12249755859375,63.410499572753906,66.9625015258789,66.33130645751953,80198000
2020-03-02,GOOGL,Alphabet (Google),67.56950378417969,69.37349700927734,66.26000213623047,69.31600189208984,68.66262817382812,55430000
2020-03-03,GOOGL,Alphabet (Google),69.88400268554688,70.40950012207031,66.46199798583984,66.88600158691406,66.25553131103516,56602000
2020-03-04,GOOGL,Alphabet (Google),67.947998046875,69.13899993896484,66.8499984741211,69.08000183105469,68.42884826660156,47598000
2020-03-05,GOOGL,Alphabet (Google),67.27749633789062,67.68150329589844,65.08200073242188,65.73799896240234,65.11835479736328,54380000
2020-03-06,GOOGL,Alphabet (Google),63.497501373291016,65.13749694824219,62.86050033569336,64.78700256347656,64.17633056640625,64640000
2020-03-09,GOOGL,Alphabet (Google),60.24800109863281,62.63650131225586,59.902000427246094,60.78950119018555,60.21650314331055,69252000
2020-03-10,GOOGL,Alphabet (Google),62.71950149536133,63.79249954223633,60.72549819946289,63.75849914550781,63.157508850097656,54872000
2020-03-11,GOOGL,Alphabet (Google),62.41350173950195,62.846500396728516,59.55699920654297,60.54499816894531,59.97430419921875,54732000
2020-03-12,GOOGL,Alphabet (Google),56.13100051879883,59.4375,55.423500061035156,55.57749938964844,55.05362319946289,94326000
2020-03-13,GOOGL,Alphabet (Google),58.7495002746582,60.720001220703125,55.614498138427734,60.7135009765625,60.14121627807617,79400000
2020-03-16,GOOGL,Alphabet (Google),54.480499267578125,57.27349853515625,53.354000091552734,53.650001525878906,53.144290924072266,96520000
2020-03-17,GOOGL,Alphabet (Google),54.53200149536133,56.29999923706055,52.45500183105469,55.90299987792969,55.376060485839844,83194000
2020-03-18,GOOGL,Alphabet (Google),52.99700164794922,55.2495002746582,51.849998474121094,54.55950164794922,54.04522705078125,93044000
2020-03-19,GOOGL,Alphabet (Google),54.4109992980957,57.63050079345703,52.77750015258789,55.583499908447266,55.0595703125,74064000
2020-03-20,GOOGL,Alphabet (Google),56.54499816894531,56.92399978637695,53.10499954223633,53.410499572753906,52.90705490112305,82878000
2020-03-23,GOOGL,Alphabet (Google),52.81850051879883,53.34550094604492,50.44350051879883,52.70650100708008,52.20969009399414,83672000
2020-03-24,GOOGL,Alphabet (Google),55.19900131225586,56.666500091552734,54.32149887084961,56.5004997253418,55.96792984008789,72468000
2020-03-25,GOOGL,Alphabet (Google),56.229000091552734,57.30849838256836,54.1505012512207,55.08100128173828,54.561805725097656,90324000
2020-03-26,GOOGL,Alphabet (Google),55.736000061035156,58.57400131225586,54.60150146484375,58.145999908447266,57.59790802001953,76562000
2020-03-27,GOOGL,Alphabet (Google),56.37350082397461,57.5525016784668,55.20000076293945,55.51300048828125,54.98973083496094,62794000
2020-03-30,GOOGL,Alphabet (Google),56.63199996948242,57.54999923706055,54.92449951171875,57.31549835205078,56.775245666503906,58736000
2020-03-31,GOOGL,Alphabet (Google),57.436500549316406,58.66999816894531,56.83599853515625,58.09749984741211,57.54987716674805,65228000
2020-04-01,GOOGL,Alphabet (Google),56.20000076293945,56.47100067138672,54.67449951171875,55.10499954223633,54.58558654785156,51970000
2020-04-02,GOOGL,Alphabet (Google),55.0,56.13850021362305,54.65650177001953,55.85150146484375,55.32504653930664,56410000
2020-04-03,GOOGL,Alphabet (Google),55.73550033569336,55.93949890136719,53.75400161743164,54.6349983215332,54.12001037597656,51374000
2020-04-06,GOOGL,Alphabet (Google),56.650001525878906,59.537498474121094,56.25,59.15950012207031,58.601863861083984,63320000
2020-04-07,GOOGL,Alphabet (Google),60.85049819946289,61.03900146484375,58.86249923706055,59.12799835205078,58.570655822753906,61620000
2020-04-08,GOOGL,Alphabet (Google),60.154998779296875,60.744998931884766,59.1974983215332,60.349998474121094,59.78113555908203,40334000
2020-04-09,GOOGL,Alphabet (Google),60.909000396728516,61.0994987487793,59.62099838256836,60.32849884033203,59.75984573364258,54028000
2020-04-13,GOOGL,Alphabet (Google),60.07500076293945,60.72600173950195,59.11650085449219,60.52050018310547,59.95003128051758,38702000
2020-04-14,GOOGL,Alphabet (Google),61.99850082397461,63.787498474121094,61.426998138427734,63.26150131225586,62.66520309448242,63358000
2020-04-15,GOOGL,Alphabet (Google),62.32550048828125,63.75550079345703,61.70000076293945,62.8650016784668,62.272438049316406,42236000
2020-04-16,GOOGL,Alphabet (Google),63.356998443603516,63.667999267578125,61.90999984741211,62.871498107910156,62.278873443603516,57896000
2020-04-17,GOOGL,Alphabet (Google),64.08499908447266,64.5,63.29999923706055,63.95000076293945,63.347206115722656,51050000
2020-04-20,GOOGL,Alphabet (Google),63.49449920654297,63.840999603271484,62.821998596191406,63.057498931884766,62.46311950683594,35292000
2020-04-21,GOOGL,Alphabet (Google),62.135501861572266,62.5,60.25,60.608001708984375,60.03670883178711,49648000
2020-04-22,GOOGL,Alphabet (Google),62.05550003051758,63.99399948120117,61.86000061035156,62.920501708984375,62.32741165161133,46296000
2020-04-23,GOOGL,Alphabet (Google),63.2869987487793,64.40750122070312,63.0265007019043,63.55849838256836,62.95940017700195,34202000
2020-04-24,GOOGL,Alphabet (Google),62.75,63.885501861572266,62.20000076293945,63.83000183105469,63.22834014892578,37402000
2020-04-27,GOOGL,Alphabet (Google),64.5999984741211,64.70500183105469,63.25299835205078,63.542999267578125,62.94404983520508,44186000
2020-04-28,GOOGL,Alphabet (Google),64.16000366210938,64.23799896240234,61.51900100708008,61.62950134277344,61.0485725402832,80700000
2020-04-29,GOOGL,Alphabet (Google),67.25,68.00749969482422,66.33650207519531,67.10900115966797,66.47642517089844,108358000
2020-04-30,GOOGL,Alphabet (Google),66.56800079345703,67.5,66.07499694824219,67.33499908447266,66.70030212402344,55842000
2020-05-01,GOOGL,Alphabet (Google),66.20449829101562,67.57150268554688,65.48300170898438,65.86599731445312,65.2451400756836,48872000
2020-05-04,GOOGL,Alphabet (Google),65.40650177001953,66.22350311279297,64.80049896240234,66.1449966430664,65.52149963378906,30806000
2020-05-05,GOOGL,Alphabet (Google),66.875,68.55049896240234,66.75150299072266,67.45099639892578,66.81521606445312,39666000
2020-05-06,GOOGL,Alphabet (Google),67.9000015258789,68.43450164794922,67.25650024414062,67.27149963378906,66.63740539550781,31732000
2020-05-07,GOOGL,Alphabet (Google),68.06549835205078,68.80000305175781,67.62699890136719,68.46399688720703,67.81865692138672,30652000
2020-05-08,GOOGL,Alphabet (Google),69.09100341796875,69.83200073242188,68.60050201416016,69.21700286865234,68.5645751953125,33326000
2020-05-11,GOOGL,Alphabet (Google),68.8395004272461,70.77649688720703,68.7750015258789,70.17949676513672,69.51797485351562,32718000
2020-05-12,GOOGL,Alphabet (Google),70.41100311279297,70.71649932861328,68.72550201416016,68.75900268554688,68.11089324951172,33918000
2020-05-13,GOOGL,Alphabet (Google),68.80799865722656,69.2665023803711,66.40049743652344,67.41649627685547,66.7810287475586,40368000
2020-05-14,GOOGL,Alphabet (Google),66.6760025024414,67.86849975585938,66.16500091552734,67.84300231933594,67.2035140991211,36660000
2020-05-15,GOOGL,Alphabet (Google),67.41300201416016,68.72899627685547,66.94999694824219,68.65299987792969,68.00587463378906,41544000
2020-05-18,GOOGL,Alphabet (Google),68.0790023803711,69.63800048828125,67.70999908447266,69.25900268554688,68.60616302490234,47094000
2020-05-19,GOOGL,Alphabet (Google),69.27400207519531,69.62449645996094,68.68800354003906,68.72000122070312,68.07225036621094,31586000
2020-05-20,GOOGL,Alphabet (Google),69.45800018310547,70.60150146484375,69.37100219726562,70.45800018310547,69.79387664794922,38262000
2020-05-21,GOOGL,Alphabet (Google),70.54949951171875,70.822998046875,69.71949768066406,70.3375015258789,69.67451477050781,30894000
2020-05-22,GOOGL,Alphabet (Google),70.19499969482422,70.8499984741211,69.79750061035156,70.66200256347656,69.9959487915039,28544000
2020-05-26,GOOGL,Alphabet (Google),72.0979995727539,72.25550079345703,70.97000122070312,71.06849670410156,70.39859771728516,44590000
2020-05-27,GOOGL,Alphabet (Google),71.0,71.26750183105469,69.7300033569336,71.01399993896484,70.34461212158203,31684000
2020-05-28,GOOGL,Alphabet (Google),70.0,72.2229995727539,69.9540023803711,70.91200256347656,70.24358367919922,35170000
2020-05-29,GOOGL,Alphabet (Google),71.02149963378906,71.83650207519531,70.79900360107422,71.6760025024414,71.00038146972656,37044000
2020-06-01,GOOGL,Alphabet (Google),71.28500366210938,72.0790023803711,71.11399841308594,71.74349975585938,71.06724548339844,25162000
2020-06-02,GOOGL,Alphabet (Google),71.75,72.1500015258789,71.08049774169922,72.1155014038086,71.43574523925781,23442000
2020-06-03,GOOGL,Alphabet (Google),72.13500213623047,72.45050048828125,71.58100128173828,71.9625015258789,71.28418731689453,27732000
2020-06-04,GOOGL,Alphabet (Google),71.83899688720703,72.06600189208984,70.30049896240234,70.71499633789062,70.0484390258789,26982000
2020-06-05,GOOGL,Alphabet (Google),70.78199768066406,72.31500244140625,70.38099670410156,72.0009994506836,71.32232666015625,42642000
2020-06-08,GOOGL,Alphabet (Google),71.31400299072266,72.44999694824219,71.2239990234375,72.4020004272461,71.71954345703125,33878000
2020-06-09,GOOGL,Alphabet (Google),72.26200103759766,73.38999938964844,72.11799621582031,72.60399627685547,71.91962432861328,33624000
2020-06-10,GOOGL,Alphabet (Google),73.07550048828125,73.63849639892578,72.71800231933594,73.23500061035156,72.54467010498047,31762000
2020-06-11,GOOGL,Alphabet (Google),72.05149841308594,72.58000183105469,69.92050170898438,70.09500122070312,69.43428039550781,47144000
2020-06-12,GOOGL,Alphabet (Google),71.29299926757812,71.72550201416016,69.29000091552734,70.64600372314453,69.98008728027344,36676000
2020-06-15,GOOGL,Alphabet (Google),69.47450256347656,71.25,69.36000061035156,71.03700256347656,70.36741638183594,30468000
2020-06-16,GOOGL,Alphabet (Google),72.44999694824219,72.8584976196289,71.44950103759766,72.32350158691406,71.64178466796875,30648000
2020-06-17,GOOGL,Alphabet (Google),72.64700317382812,73.11000061035156,71.75650024414062,72.62699890136719,71.94241333007812,30610000
2020-06-18,GOOGL,Alphabet (Google),72.49250030517578,72.64849853515625,71.31199645996094,71.70600128173828,71.03009033203125,34862000
2020-06-19,GOOGL,Alphabet (Google),72.0,72.2249984741211,70.94999694824219,71.23200225830078,70.5605697631836,52784000
2020-06-22,GOOGL,Alphabet (Google),71.25050354003906,72.54750061035156,70.95950317382812,72.53299713134766,71.84930419921875,29442000
2020-06-23,GOOGL,Alphabet (Google),72.5999984741211,73.76000213623047,72.25,73.1989974975586,72.50901794433594,37752000
2020-06-24,GOOGL,Alphabet (Google),73.16400146484375,73.78949737548828,71.5,71.63500213623047,70.95977020263672,31592000
2020-06-25,GOOGL,Alphabet (Google),71.56099700927734,72.11599731445312,70.97699737548828,72.05500030517578,71.37580871582031,23958000
2020-06-26,GOOGL,Alphabet (Google),71.63150024414062,71.85099792480469,67.75,68.12699890136719,67.48483276367188,97640000
2020-06-29,GOOGL,Alphabet (Google),68.01699829101562,69.9000015258789,67.5824966430664,69.8584976196289,69.20000457763672,45074000
2020-06-30,GOOGL,Alphabet (Google),69.84400177001953,71.19999694824219,69.34649658203125,70.90249633789062,70.23418426513672,40286000
2020-07-01,GOOGL,Alphabet (Google),70.95850372314453,72.42400360107422,70.70899963378906,72.0999984741211,71.42037200927734,42182000
2020-07-02,GOOGL,Alphabet (Google),72.59200286865234,74.4260025024414,72.55349731445312,73.49649810791016,72.80372619628906,57218000
2020-07-06,GOOGL,Alphabet (Google),74.40750122070312,75.5,73.8489990234375,74.98249816894531,74.27571868896484,44712000
2020-07-07,GOOGL,Alphabet (Google),74.80650329589844,76.06600189208984,74.48500061035156,74.49600219726562,73.79379272460938,42364000
2020-07-08,GOOGL,Alphabet (Google),75.04000091552734,75.55850219726562,74.61499786376953,75.18000030517578,74.47135925292969,31766000
2020-07-09,GOOGL,Alphabet (Google),75.49649810791016,76.45700073242188,74.77950286865234,75.93299865722656,75.21723937988281,41836000
2020-07-10,GOOGL,Alphabet (Google),75.6624984741211,77.06700134277344,75.03600311279297,76.95050048828125,76.22515869140625,35918000
2020-07-13,GOOGL,Alphabet (Google),77.49700164794922,78.81800079345703,75.3280029296875,75.61150360107422,74.89877319335938,42954000
2020-07-14,GOOGL,Alphabet (Google),74.6395034790039,76.13999938964844,74.29650115966797,76.04299926757812,75.32621765136719,38108000
2020-07-15,GOOGL,Alphabet (Google),76.1614990234375,76.81649780273438,74.8915023803711,75.84400177001953,75.12909698486328,31026000
2020-07-16,GOOGL,Alphabet (Google),75.07499694824219,75.79550170898438,74.41349792480469,75.74600219726562,75.03201293945312,26484000
2020-07-17,GOOGL,Alphabet (Google),75.84549713134766,76.17150115966797,74.90499877929688,75.84249877929688,75.12760925292969,34264000
2020-07-20,GOOGL,Alphabet (Google),75.75,78.45050048828125,75.13500213623047,78.19200134277344,77.45496368408203,30166000
2020-07-21,GOOGL,Alphabet (Google),79.25150299072266,79.35250091552734,77.63099670410156,77.7959976196289,77.06267547607422,27486000
2020-07-22,GOOGL,Alphabet (Google),77.7854995727539,78.3489990234375,77.1614990234375,78.24250030517578,77.50499725341797,24482000
2020-07-23,GOOGL,Alphabet (Google),78.29650115966797,78.51750183105469,75.42949676513672,75.8375015258789,75.1226577758789,33910000
2020-07-24,GOOGL,Alphabet (Google),74.95950317382812,75.77149963378906,74.37950134277344,75.4104995727539,74.6996841430664,29902000
2020-07-27,GOOGL,Alphabet (Google),75.66300201416016,76.87799835205078,75.61650085449219,76.47149658203125,75.75067901611328,27124000
2020-07-28,GOOGL,Alphabet (Google),76.25,76.30049896240234,75.0260009765625,75.18250274658203,74.47383117675781,30910000
2020-07-29,GOOGL,Alphabet (Google),75.25,76.66649627685547,75.15049743652344,76.17549896240234,75.45747375488281,22676000
2020-07-30,GOOGL,Alphabet (Google),74.89849853515625,77.04450225830078,74.75849914550781,76.91850280761719,76.19347381591797,36042000
2020-07-31,GOOGL,Alphabet (Google),74.85250091552734,75.2509994506836,72.69999694824219,74.39749908447266,73.69622802734375,91468000
2020-08-03,GOOGL,Alphabet (Google),74.55000305175781,74.8864974975586,73.58599853515625,74.13800048828125,73.4391860961914,45482000
2020-08-04,GOOGL,Alphabet (Google),74.33550262451172,74.65550231933594,73.20149993896484,73.66500091552734,72.97063446044922,37212000
2020-08-05,GOOGL,Alphabet (Google),73.84100341796875,74.5,73.56099700927734,73.95449829101562,73.25740051269531,29134000
2020-08-06,GOOGL,Alphabet (Google),73.80750274658203,75.3134994506836,73.59500122070312,75.24749755859375,74.53822326660156,33306000
2020-08-07,GOOGL,Alphabet (Google),75.4520034790039,76.00450134277344,74.3134994506836,74.91850280761719,74.21231842041016,27718000
2020-08-10,GOOGL,Alphabet (Google),74.54000091552734,75.35749816894531,73.87449645996094,74.84100341796875,74.13555145263672,20546000
2020-08-11,GOOGL,Alphabet (Google),74.69999694824219,75.52200317382812,73.90950012207031,74.0270004272461,73.3292236328125,31098000
2020-08-12,GOOGL,Alphabet (Google),74.35600280761719,75.58350372314453,74.25,75.36199951171875,74.6516342163086,22512000
2020-08-13,GOOGL,Alphabet (Google),75.4104995727539,76.84850311279297,75.4104995727539,75.8324966430664,75.11769104003906,22388000
2020-08-14,GOOGL,Alphabet (Google),75.68049621582031,75.989501953125,74.94999694824219,75.23149871826172,74.52236938476562,21942000
2020-08-17,GOOGL,Alphabet (Google),75.79850006103516,76.18900299072266,75.25,75.81199645996094,75.09739685058594,19990000
2020-08-18,GOOGL,Alphabet (Google),76.30599975585938,77.86849975585938,76.08350372314453,77.78900146484375,77.05574798583984,28378000
2020-08-19,GOOGL,Alphabet (Google),77.62449645996094,78.44300079345703,77.0,77.23049926757812,76.50251007080078,30472000
2020-08-20,GOOGL,Alphabet (Google),76.99849700927734,79.00849914550781,76.7229995727539,78.8125,78.0696029663086,26382000
2020-08-21,GOOGL,Alphabet (Google),78.58999633789062,79.59400177001953,78.1155014038086,78.77850341796875,78.03593444824219,34838000
2020-08-24,GOOGL,Alphabet (Google),79.62349700927734,80.43900299072266,78.75199890136719,79.25749969482422,78.51042175292969,25638000
2020-08-25,GOOGL,Alphabet (Google),79.00499725341797,80.44400024414062,78.89399719238281,80.2925033569336,79.5356674194336,25150000
2020-08-26,GOOGL,Alphabet (Google),80.31500244140625,82.6395034790039,80.04900360107422,82.20649719238281,81.4316177368164,52188000
2020-08-27,GOOGL,Alphabet (Google),82.33049774169922,82.39949798583984,80.94049835205078,81.4260025024414,80.65848541259766,31350000
2020-08-28,GOOGL,Alphabet (Google),81.47350311279297,82.06749725341797,81.28050231933594,81.97149658203125,81.1988296508789,22418000
2020-08-31,GOOGL,Alphabet (Google),82.17849731445312,82.2249984741211,81.2665023803711,81.47650146484375,80.70849609375,26422000
2020-09-01,GOOGL,Alphabet (Google),81.60800170898438,82.96099853515625,81.47650146484375,82.75399780273438,81.97393798828125,22652000
2020-09-02,GOOGL,Alphabet (Google),83.40049743652344,86.30500030517578,83.0094985961914,85.86949920654297,85.06009674072266,49522000
2020-09-03,GOOGL,Alphabet (Google),84.97599792480469,85.0,80.385498046875,81.47550201416016,80.70751190185547,63726000
2020-09-04,GOOGL,Alphabet (Google),80.44999694824219,81.74949645996094,76.89849853515625,79.06050109863281,78.31527709960938,55850000
2020-09-08,GOOGL,Alphabet (Google),76.25,77.77749633789062,75.82499694824219,76.18000030517578,75.46192169189453,54032000
2020-09-09,GOOGL,Alphabet (Google),77.44499969482422,77.93599700927734,76.25849914550781,77.36150360107422,76.63228607177734,39242000
2020-09-10,GOOGL,Alphabet (Google),77.50900268554688,78.68299865722656,76.0,76.30249786376953,75.58326721191406,33024000
2020-09-11,GOOGL,Alphabet (Google),76.40750122070312,76.93499755859375,74.6510009765625,75.78800201416016,75.0736312866211,30706000
2020-09-14,GOOGL,Alphabet (Google),76.5824966430664,77.8499984741211,75.25550079345703,75.44149780273438,74.73040008544922,42660000
2020-09-15,GOOGL,Alphabet (Google),76.39450073242188,77.54949951171875,76.1050033569336,76.75599670410156,76.03250122070312,23042000
2020-09-16,GOOGL,Alphabet (Google),77.1240005493164,77.71849822998047,75.57949829101562,75.60449981689453,74.89183807373047,22128000
2020-09-17,GOOGL,Alphabet (Google),74.29049682617188,74.93299865722656,73.12300109863281,74.35199737548828,73.65116882324219,40008000
2020-09-18,GOOGL,Alphabet (Google),74.41500091552734,74.76000213623047,71.58100128173828,72.55449676513672,71.87059783935547,63056000
2020-09-21,GOOGL,Alphabet (Google),71.58100128173828,72.00299835205078,70.13400268554688,71.50700378417969,70.83299255371094,56908000
2020-09-22,GOOGL,Alphabet (Google),72.51599884033203,73.19850158691406,71.4749984741211,72.99099731445312,72.30298614501953,33950000
2020-09-23,GOOGL,Alphabet (Google),72.60449981689453,72.65399932861328,70.13400268554688,70.46949768066406,69.80525970458984,37726000
2020-09-24,GOOGL,Alphabet (Google),70.13400268554688,71.89949798583984,70.10749816894531,71.14299774169922,70.47240447998047,34552000
2020-09-25,GOOGL,Alphabet (Google),71.25250244140625,72.2969970703125,70.38400268554688,71.9530029296875,71.27478790283203,30326000
2020-09-28,GOOGL,Alphabet (Google),73.59950256347656,73.64949798583984,72.31400299072266,72.93299865722656,72.24553680419922,30784000
2020-09-29,GOOGL,Alphabet (Google),73.19550323486328,73.5999984741211,72.69999694824219,73.3010025024414,72.61005401611328,31816000
2020-09-30,GOOGL,Alphabet (Google),73.0469970703125,74.30999755859375,72.78800201416016,73.27999877929688,72.58926391601562,40924000
2020-10-01,GOOGL,Alphabet (Google),74.18299865722656,74.75350189208984,73.83999633789062,74.3949966430664,73.69373321533203,32884000
2020-10-02,GOOGL,Alphabet (Google),72.98149871826172,73.95149993896484,72.36750030517578,72.77999877929688,72.0939712524414,31222000
2020-10-05,GOOGL,Alphabet (Google),73.13249969482422,74.23500061035156,73.00450134277344,74.1415023803711,73.44264221191406,21602000
2020-10-06,GOOGL,Alphabet (Google),73.7750015258789,74.22599792480469,72.25050354003906,72.5510025024414,71.86713409423828,26096000
2020-10-07,GOOGL,Alphabet (Google),72.96549987792969,73.44850158691406,71.6614990234375,72.95700073242188,72.26931762695312,36108000
2020-10-08,GOOGL,Alphabet (Google),73.27249908447266,74.40149688720703,73.27249908447266,74.17150115966797,73.47236633300781,26076000
2020-10-09,GOOGL,Alphabet (Google),74.64299774169922,75.59249877929688,74.3499984741211,75.52249908447266,74.81062316894531,32966000
2020-10-12,GOOGL,Alphabet (Google),76.9000015258789,79.4209976196289,76.46499633789062,78.22949981689453,77.49211120605469,55344000
2020-10-13,GOOGL,Alphabet (Google),78.85050201416016,79.25800323486328,77.93150329589844,78.35350036621094,77.61494445800781,39072000
2020-10-14,GOOGL,Alphabet (Google),78.7300033569336,79.19249725341797,77.29499816894531,78.1719970703125,77.43514251708984,33174000
2020-10-15,GOOGL,Alphabet (Google),77.2249984741211,78.56999969482422,77.05650329589844,77.77349853515625,77.04041290283203,31210000
2020-10-16,GOOGL,Alphabet (Google),78.09149932861328,78.885498046875,77.88300323486328,78.38500213623047,77.64614868164062,34194000
2020-10-19,GOOGL,Alphabet (Google),78.79650115966797,79.19650268554688,76.14600372314453,76.49749755859375,75.77642822265625,29734000
2020-10-20,GOOGL,Alphabet (Google),76.15550231933594,78.69200134277344,76.0250015258789,77.55400085449219,76.82298278808594,41670000
2020-10-21,GOOGL,Alphabet (Google),78.49250030517578,80.75700378417969,78.35700225830078,79.29949951171875,78.5520248413086,60322000
2020-10-22,GOOGL,Alphabet (Google),79.25,80.6709976196289,78.8740005493164,80.33300018310547,79.5757827758789,30512000
2020-10-23,GOOGL,Alphabet (Google),80.75250244140625,81.70600128173828,80.59549713134766,81.64900207519531,80.87937927246094,30548000
2020-10-26,GOOGL,Alphabet (Google),80.75,81.47899627685547,78.38899993896484,79.2145004272461,78.46782684326172,35826000
2020-10-27,GOOGL,Alphabet (Google),79.44650268554688,80.0999984741211,78.84950256347656,79.94400024414062,79.1904525756836,25902000
2020-10-28,GOOGL,Alphabet (Google),77.50050354003906,77.69049835205078,75.42400360107422,75.54000091552734,74.82795715332031,45174000
2020-10-29,GOOGL,Alphabet (Google),75.85099792480469,79.43699645996094,75.82749938964844,77.84400177001953,77.11024475097656,55406000
2020-10-30,GOOGL,Alphabet (Google),83.37200164794922,84.06600189208984,80.07849884033203,80.80549621582031,80.04383087158203,99878000
2020-11-02,GOOGL,Alphabet (Google),81.177001953125,82.91200256347656,80.71199798583984,81.21600341796875,80.4504623413086,44228000
2020-11-03,GOOGL,Alphabet (Google),81.53800201416016,82.94999694824219,80.60549926757812,82.28299713134766,81.50740051269531,31432000
2020-11-04,GOOGL,Alphabet (Google),85.27899932861328,88.50150299072266,85.1500015258789,87.2925033569336,86.46968841552734,71342000
2020-11-05,GOOGL,Alphabet (Google),88.52249908447266,89.59100341796875,87.05149841308594,88.125,87.2943344116211,39758000
2020-11-06,GOOGL,Alphabet (Google),87.56700134277344,88.42500305175781,86.83399963378906,87.98650360107422,87.15713500976562,28622000
2020-11-09,GOOGL,Alphabet (Google),89.79900360107422,90.84449768066406,87.87750244140625,88.07099914550781,87.24083709716797,53440000
2020-11-10,GOOGL,Alphabet (Google),86.4885025024414,87.96900177001953,85.80599975585938,86.88600158691406,86.0670166015625,43022000
2020-11-11,GOOGL,Alphabet (Google),87.41999816894531,88.1449966430664,87.15299987792969,87.36150360107422,86.53804016113281,31838000
2020-11-12,GOOGL,Alphabet (Google),87.0999984741211,88.2490005493164,86.89849853515625,87.14099884033203,86.31961059570312,26474000
2020-11-13,GOOGL,Alphabet (Google),87.4000015258789,88.85649871826172,86.79900360107422,88.61299896240234,87.7777328491211,29744000
2020-11-16,GOOGL,Alphabet (Google),88.20700073242188,89.71700286865234,88.06649780273438,88.70149993896484,87.86539459228516,25468000
2020-11-17,GOOGL,Alphabet (Google),88.39299774169922,88.85700225830078,87.97450256347656,88.08300018310547,87.25272369384766,21314000
2020-11-18,GOOGL,Alphabet (Google),87.83200073242188,88.25,86.92849731445312,87.03199768066406,86.21162414550781,20108000
2020-11-19,GOOGL,Alphabet (Google),86.6614990234375,88.17449951171875,86.5009994506836,87.92849731445312,87.09968566894531,20106000
2020-11-20,GOOGL,Alphabet (Google),88.0999984741211,88.41799926757812,86.75,86.81900024414062,86.00064849853516,27694000
2020-11-23,GOOGL,Alphabet (Google),87.01100158691406,87.29949951171875,85.50900268554688,86.37799835205078,85.56379699707031,22530000
2020-11-24,GOOGL,Alphabet (Google),86.375,88.3239974975586,86.0364990234375,88.19499969482422,87.36367797851562,27984000
2020-11-25,GOOGL,Alphabet (Google),88.3905029296875,88.51899719238281,87.41799926757812,88.20649719238281,87.37506866455078,19600000
2020-11-27,GOOGL,Alphabet (Google),88.22699737548828,89.85050201416016,88.22699737548828,89.35099792480469,88.50878143310547,14790000
2020-11-30,GOOGL,Alphabet (Google),88.78250122070312,89.01699829101562,87.39199829101562,87.72000122070312,86.89315795898438,32418000
2020-12-01,GOOGL,Alphabet (Google),88.33300018310547,91.08599853515625,88.15149688720703,89.76799774169922,88.92183685302734,37350000
2020-12-02,GOOGL,Alphabet (Google),89.76799774169922,91.63700103759766,89.25849914550781,91.24849700927734,90.38838958740234,29424000
2020-12-03,GOOGL,Alphabet (Google),91.0270004272461,92.19149780273438,90.8499984741211,91.09200286865234,90.23336029052734,24728000
2020-12-04,GOOGL,Alphabet (Google),91.01100158691406,91.4749984741211,90.67949676513672,91.18800354003906,90.3284683227539,20544000
2020-12-07,GOOGL,Alphabet (Google),90.77749633789062,91.4645004272461,90.1520004272461,90.85150146484375,89.9951400756836,22288000
2020-12-08,GOOGL,Alphabet (Google),90.4260025024414,90.79850006103516,89.56400299072266,90.56649780273438,89.71280670166016,19936000
2020-12-09,GOOGL,Alphabet (Google),90.51799774169922,91.41850280761719,88.0999984741211,88.89299774169922,88.05508422851562,31728000
2020-12-10,GOOGL,Alphabet (Google),88.12999725341797,88.74949645996094,86.67649841308594,88.38249969482422,87.54940032958984,28688000
2020-12-11,GOOGL,Alphabet (Google),88.0,88.8655014038086,87.63700103759766,88.73999786376953,87.90352630615234,18628000
2020-12-14,GOOGL,Alphabet (Google),88.53600311279297,89.48999786376953,87.45649719238281,87.61299896240234,86.78715515136719,33050000
2020-12-15,GOOGL,Alphabet (Google),87.99299621582031,88.19999694824219,87.08350372314453,88.05400085449219,87.22400665283203,21352000
2020-12-16,GOOGL,Alphabet (Google),88.45549774169922,88.45549774169922,87.4530029296875,87.8594970703125,87.03132629394531,24676000
2020-12-17,GOOGL,Alphabet (Google),88.19650268554688,88.33550262451172,86.55750274658203,87.02549743652344,86.2052001953125,34880000
2020-12-18,GOOGL,Alphabet (Google),87.30850219726562,87.41799926757812,85.75,86.31099700927734,85.49742889404297,85256000
2020-12-21,GOOGL,Alphabet (Google),85.45649719238281,86.8499984741211,84.69999694824219,86.72799682617188,85.91049194335938,33974000
2020-12-22,GOOGL,Alphabet (Google),86.46649932861328,86.63050079345703,85.28900146484375,86.01100158691406,85.20027160644531,20370000
2020-12-23,GOOGL,Alphabet (Google),86.19650268554688,87.20549774169922,86.05999755859375,86.4114990234375,85.59697723388672,22974000
2020-12-24,GOOGL,Alphabet (Google),86.44999694824219,87.12049865722656,86.21749877929688,86.70800018310547,85.89069366455078,9312000
2020-12-28,GOOGL,Alphabet (Google),87.24549865722656,89.3499984741211,87.09100341796875,88.697998046875,87.8619384765625,27650000
2020-12-29,GOOGL,Alphabet (Google),89.36150360107422,89.42350006103516,87.75550079345703,87.88800048828125,87.05956268310547,19726000
2020-12-30,GOOGL,Alphabet (Google),88.25,88.38800048828125,86.4000015258789,86.8125,85.99420166015625,21026000
2020-12-31,GOOGL,Alphabet (Google),86.8635025024414,87.875,86.80449676513672,87.63200378417969,86.80599212646484,21070000
2021-01-04,GOOGL,Alphabet (Google),88.0,88.12449645996094,85.35700225830078,86.30650329589844,85.49298095703125,37324000
2021-01-05,GOOGL,Alphabet (Google),86.25450134277344,87.34149932861328,85.84500122070312,87.00250244140625,86.18241882324219,20360000
2021-01-06,GOOGL,Alphabet (Google),85.01300048828125,87.19850158691406,84.80500030517578,86.14399719238281,85.33199310302734,46588000
2021-01-07,GOOGL,Alphabet (Google),86.33799743652344,88.89099884033203,86.33799743652344,88.71700286865234,87.88075256347656,41936000
2021-01-08,GOOGL,Alphabet (Google),88.85800170898438,89.96800231933594,88.06099700927734,89.8915023803711,89.04418182373047,35484000
2021-01-11,GOOGL,Alphabet (Google),88.85099792480469,89.21900177001953,87.60700225830078,87.81449890136719,86.98676300048828,34796000
2021-01-12,GOOGL,Alphabet (Google),87.26799774169922,88.3949966430664,85.81900024414062,86.87149810791016,86.05265045166016,29528000
2021-01-13,GOOGL,Alphabet (Google),86.36599731445312,87.81950378417969,86.36599731445312,87.36250305175781,86.53902435302734,23432000
2021-01-14,GOOGL,Alphabet (Google),87.44349670410156,88.37750244140625,86.30349731445312,86.5459976196289,85.73021697998047,29212000
2021-01-15,GOOGL,Alphabet (Google),86.45099639892578,87.38099670410156,85.58550262451172,86.38099670410156,85.5667724609375,31444000
2021-01-19,GOOGL,Alphabet (Google),87.1500015258789,90.19200134277344,86.6415023803711,89.22350311279297,88.38249206542969,41660000
2021-01-20,GOOGL,Alphabet (Google),91.31849670410156,94.98600006103516,90.97550201416016,94.00350189208984,93.11741638183594,64152000
2021-01-21,GOOGL,Alphabet (Google),94.68250274658203,96.60399627685547,93.97049713134766,94.2074966430664,93.31950378417969,58634000
2021-01-22,GOOGL,Alphabet (Google),94.572998046875,95.21949768066406,93.82499694824219,94.62799835205078,93.73604583740234,32744000
2021-01-25,GOOGL,Alphabet (Google),95.63700103759766,96.09100341796875,92.95800018310547,94.71399688720703,93.82122802734375,50586000
2021-01-26,GOOGL,Alphabet (Google),94.29949951171875,95.7874984741211,93.80650329589844,95.39749908447266,94.498291015625,31462000
2021-01-27,GOOGL,Alphabet (Google),93.74549865722656,94.02349853515625,89.86399841308594,90.9469985961914,90.08973693847656,82512000
2021-01-28,GOOGL,Alphabet (Google),91.55000305175781,94.39949798583984,91.55000305175781,92.66000366210938,91.78658294677734,55278000
2021-01-29,GOOGL,Alphabet (Google),91.70099639892578,92.37699890136719,90.0780029296875,91.36799621582031,90.50676727294922,44530000
2021-02-01,GOOGL,Alphabet (Google),92.22949981689453,95.7770004272461,92.22949981689453,94.65350341796875,93.76130676269531,40252000
2021-02-02,GOOGL,Alphabet (Google),95.65650177001953,97.46849822998047,95.31849670410156,95.95600128173828,95.05152130126953,66332000
2021-02-03,GOOGL,Alphabet (Google),103.28050231933594,105.33100128173828,100.67749786376953,102.94400024414062,101.9736557006836,97882000
2021-02-04,GOOGL,Alphabet (Google),103.03099822998047,103.46499633789062,101.75499725341797,102.68150329589844,101.71361541748047,48596000
2021-02-05,GOOGL,Alphabet (Google),102.97799682617188,104.7969970703125,102.5,104.44149780273438,103.45703125,29866000
2021-02-08,GOOGL,Alphabet (Google),105.0,105.75,103.1675033569336,104.22599792480469,103.24356842041016,28828000
2021-02-09,GOOGL,Alphabet (Google),103.73999786376953,104.92549896240234,103.5,103.76950073242188,102.79137420654297,21892000
2021-02-10,GOOGL,Alphabet (Google),104.15699768066406,104.94400024414062,102.61199951171875,104.3239974975586,103.34064483642578,25102000
2021-02-11,GOOGL,Alphabet (Google),104.55000305175781,104.69999694824219,103.44300079345703,104.4375,103.45307922363281,20480000
2021-02-12,GOOGL,Alphabet (Google),103.9885025024414,104.9749984741211,103.67849731445312,104.75150299072266,103.76412963867188,18990000
2021-02-16,GOOGL,Alphabet (Google),104.5875015258789,107.25700378417969,104.5875015258789,105.53500366210938,104.54022216796875,31004000
2021-02-17,GOOGL,Alphabet (Google),104.6989974975586,106.12200164794922,104.4175033569336,105.93099975585938,104.9324951171875,20294000
2021-02-18,GOOGL,Alphabet (Google),105.25,106.09950256347656,104.66649627685547,105.29049682617188,104.29802703857422,22546000
2021-02-19,GOOGL,Alphabet (Google),105.3895034790039,105.92900085449219,104.17150115966797,104.44049835205078,103.4560317993164,37938000
2021-02-22,GOOGL,Alphabet (Google),102.68000030517578,104.0165023803711,102.4000015258789,102.71299743652344,101.74483489990234,29466000
2021-02-23,GOOGL,Alphabet (Google),100.69950103759766,103.625,99.5114974975586,103.00599670410156,102.03506469726562,34658000
2021-02-24,GOOGL,Alphabet (Google),101.50199890136719,104.41600036621094,101.37650299072266,104.19049835205078,103.20840454101562,22608000
2021-02-25,GOOGL,Alphabet (Google),102.79650115966797,104.1500015258789,100.32450103759766,100.79750061035156,99.84738159179688,41548000
2021-02-26,GOOGL,Alphabet (Google),101.49749755859375,102.82599639892578,100.05049896240234,101.09549713134766,100.14257049560547,40042000
2021-03-01,GOOGL,Alphabet (Google),102.4000015258789,103.8115005493164,101.72100067138672,103.48300170898438,102.5075912475586,26060000
2021-03-02,GOOGL,Alphabet (Google),103.24199676513672,104.73699951171875,102.83350372314453,103.2239990234375,102.25101470947266,25564000
2021-03-03,GOOGL,Alphabet (Google),102.59750366210938,103.79949951171875,99.69999694824219,100.57050323486328,99.62252044677734,33892000
2021-03-04,GOOGL,Alphabet (Google),100.74349975585938,103.72949981689453,100.27149963378906,101.69650268554688,100.7379150390625,49216000
2021-03-05,GOOGL,Alphabet (Google),103.05750274658203,105.30999755859375,101.38899993896484,104.85350036621094,103.86515045166016,53100000
2021-03-08,GOOGL,Alphabet (Google),104.2030029296875,105.68699645996094,100.2594985961914,100.375,99.42887878417969,36868000
2021-03-09,GOOGL,Alphabet (Google),102.48750305175781,103.19599914550781,101.77999877929688,102.01799774169922,101.0563735961914,33920000
2021-03-10,GOOGL,Alphabet (Google),103.06999969482422,103.06999969482422,100.96649932861328,101.80950164794922,100.849853515625,27100000
2021-03-11,GOOGL,Alphabet (Google),102.91100311279297,105.5634994506836,102.82250213623047,105.0270004272461,104.03701782226562,27702000
2021-03-12,GOOGL,Alphabet (Google),103.82050323486328,103.88050079345703,101.62100219726562,102.5,101.53385162353516,33818000
2021-03-15,GOOGL,Alphabet (Google),102.2490005493164,102.74949645996094,101.3895034790039,102.72200012207031,101.75373840332031,26168000
2021-03-16,GOOGL,Alphabet (Google),103.29949951171875,105.68399810791016,102.9645004272461,104.19450378417969,103.21235656738281,31900000
2021-03-17,GOOGL,Alphabet (Google),103.42350006103516,104.94999694824219,102.20600128173828,104.11100006103516,103.12965393066406,26382000
2021-03-18,GOOGL,Alphabet (Google),102.40899658203125,103.4375,100.95899963378906,101.06700134277344,100.11434936523438,31700000
2021-03-19,GOOGL,Alphabet (Google),101.48650360107422,101.85199737548828,100.14649963378906,101.3479995727539,100.3927001953125,46072000
2021-03-22,GOOGL,Alphabet (Google),101.38150024414062,102.41699981689453,100.69999694824219,101.53450012207031,100.57743072509766,33536000
2021-03-23,GOOGL,Alphabet (Google),101.99749755859375,103.20549774169922,101.4000015258789,102.06649780273438,101.10442352294922,28510000
2021-03-24,GOOGL,Alphabet (Google),102.58799743652344,103.37999725341797,101.44999694824219,101.62650299072266,100.66856384277344,25218000
2021-03-25,GOOGL,Alphabet (Google),101.45249938964844,102.28199768066406,99.80449676513672,101.62300109863281,100.66510772705078,35616000
2021-03-26,GOOGL,Alphabet (Google),101.5895004272461,101.96949768066406,100.19249725341797,101.23650360107422,100.2822494506836,27978000
2021-03-29,GOOGL,Alphabet (Google),101.10800170898438,102.46050262451172,100.27249908447266,102.28949737548828,101.32530975341797,26492000
2021-03-30,GOOGL,Alphabet (Google),102.64900207519531,103.13349914550781,101.80750274658203,102.32350158691406,101.35899353027344,27312000
2021-03-31,GOOGL,Alphabet (Google),102.72000122070312,104.31300354003906,102.3499984741211,103.1259994506836,102.15392303466797,42570000
2021-04-01,GOOGL,Alphabet (Google),104.61250305175781,106.7874984741211,104.57150268554688,106.48899841308594,105.48523712158203,39880000
2021-04-05,GOOGL,Alphabet (Google),107.35749816894531,111.44950103759766,107.260498046875,110.947998046875,109.9021987915039,48510000
2021-04-06,GOOGL,Alphabet (Google),110.5459976196289,111.4000015258789,110.0895004272461,110.46299743652344,109.42176818847656,35240000
2021-04-07,GOOGL,Alphabet (Google),110.65499877929688,112.2249984741211,110.65499877929688,111.95149993896484,110.89624786376953,24134000
2021-04-08,GOOGL,Alphabet (Google),113.19999694824219,113.5895004272461,112.15049743652344,112.52149963378906,111.46087646484375,28664000
2021-04-09,GOOGL,Alphabet (Google),112.27200317382812,113.69850158691406,111.86299896240234,113.53350067138672,112.46332550048828,26146000
2021-04-12,GOOGL,Alphabet (Google),112.70600128173828,112.84449768066406,111.39099884033203,112.23100280761719,111.17311096191406,25024000
2021-04-13,GOOGL,Alphabet (Google),112.54949951171875,113.17350006103516,112.15249633789062,112.72149658203125,111.65897369384766,25682000
2021-04-14,GOOGL,Alphabet (Google),113.37149810791016,113.37149810791016,111.8010025024414,112.09549713134766,111.03887939453125,21002000
2021-04-15,GOOGL,Alphabet (Google),113.09750366210938,114.80000305175781,112.55850219726562,114.26249694824219,113.18545532226562,29174000
2021-04-16,GOOGL,Alphabet (Google),114.46199798583984,114.71199798583984,113.5459976196289,114.13749694824219,113.0616455078125,26282000
2021-04-19,GOOGL,Alphabet (Google),113.50900268554688,115.20449829101562,113.50900268554688,114.48799896240234,113.4088363647461,30290000
2021-04-20,GOOGL,Alphabet (Google),114.87449645996094,114.94999694824219,112.85600280761719,113.95050048828125,112.87641143798828,22288000
2021-04-21,GOOGL,Alphabet (Google),113.60250091552734,114.0,112.24099731445312,113.9175033569336,112.84371948242188,23204000
2021-04-22,GOOGL,Alphabet (Google),113.7699966430664,114.44400024414062,112.01599884033203,112.6259994506836,111.56438446044922,24146000
2021-04-23,GOOGL,Alphabet (Google),113.3499984741211,115.30599975585938,113.0625,114.99649810791016,113.91254425048828,29066000
2021-04-26,GOOGL,Alphabet (Google),115.22599792480469,116.22650146484375,114.86599731445312,115.49649810791016,114.40782165527344,32038000
2021-04-27,GOOGL,Alphabet (Google),115.88150024414062,115.92250061035156,114.30799865722656,114.54900360107422,113.4692611694336,44386000
2021-04-28,GOOGL,Alphabet (Google),119.625,121.56900024414062,117.66100311279297,117.9520034790039,116.8401870727539,81106000
2021-04-29,GOOGL,Alphabet (Google),119.46150207519531,120.20800018310547,118.69249725341797,119.63800048828125,118.51028442382812,41234000
2021-04-30,GOOGL,Alphabet (Google),118.4010009765625,119.09249877929688,117.3280029296875,117.67500305175781,116.56580352783203,44856000
2021-05-03,GOOGL,Alphabet (Google),118.24549865722656,119.07749938964844,116.7750015258789,117.15399932861328,116.04969787597656,28242000
2021-05-04,GOOGL,Alphabet (Google),115.67749786376953,116.24949645996094,112.83399963378906,115.34149932861328,114.2542953491211,44818000
2021-05-05,GOOGL,Alphabet (Google),116.43150329589844,116.75,115.41400146484375,115.7385025024414,114.64755249023438,26636000
2021-05-06,GOOGL,Alphabet (Google),115.31649780273438,116.86750030517578,114.6520004272461,116.86750030517578,115.76591491699219,25190000
2021-05-07,GOOGL,Alphabet (Google),118.19450378417969,118.5625,117.30799865722656,117.59649658203125,116.488037109375,28898000
2021-05-10,GOOGL,Alphabet (Google),116.40699768066406,116.55000305175781,114.22699737548828,114.5875015258789,113.50739288330078,30914000
2021-05-11,GOOGL,Alphabet (Google),112.15350341796875,114.01399993896484,111.69599914550781,113.50299835205078,112.43312072753906,34186000
2021-05-12,GOOGL,Alphabet (Google),111.30950164794922,112.39900207519531,109.68099975585938,110.01249694824219,108.97550964355469,46376000
2021-05-13,GOOGL,Alphabet (Google),111.30599975585938,111.97200012207031,110.33599853515625,111.4520034790039,110.40145874023438,33204000
2021-05-14,GOOGL,Alphabet (Google),112.927001953125,114.23600006103516,112.5,113.91899871826172,112.84519958496094,31996000
2021-05-17,GOOGL,Alphabet (Google),113.17849731445312,114.48899841308594,112.77549743652344,114.44599914550781,113.36724090576172,21598000
2021-05-18,GOOGL,Alphabet (Google),115.11750030517578,115.38400268554688,113.1094970703125,113.12349700927734,112.05719757080078,22204000
2021-05-19,GOOGL,Alphabet (Google),111.42150115966797,113.74949645996094,111.27200317382812,113.57499694824219,112.50444030761719,23684000
2021-05-20,GOOGL,Alphabet (Google),114.55000305175781,115.5999984741211,114.1760025024414,115.34750366210938,114.2602310180664,32352000
2021-05-21,GOOGL,Alphabet (Google),115.87049865722656,115.94450378417969,114.46499633789062,114.70649719238281,113.62528228759766,40632000
2021-05-24,GOOGL,Alphabet (Google),115.74449920654297,118.27749633789062,115.5979995727539,118.052001953125,116.9392318725586,31832000
2021-05-25,GOOGL,Alphabet (Google),118.5999984741211,119.19999694824219,117.75,118.14350128173828,117.02986907958984,22440000
2021-05-26,GOOGL,Alphabet (Google),118.32599639892578,119.44950103759766,118.322998046875,119.0155029296875,117.89366149902344,21572000
2021-05-27,GOOGL,Alphabet (Google),119.45249938964844,119.45249938964844,117.81300354003906,118.13400268554688,117.0204849243164,35224000
2021-05-28,GOOGL,Alphabet (Google),118.72100067138672,118.80349731445312,117.64250183105469,117.84249877929688,116.7317123413086,21482000
2021-06-01,GOOGL,Alphabet (Google),118.72200012207031,119.2854995727539,117.71399688720703,119.05899810791016,117.9367446899414,23354000
2021-06-02,GOOGL,Alphabet (Google),119.4574966430664,119.68199920654297,117.61799621582031,118.52950286865234,117.41223907470703,21158000
2021-06-03,GOOGL,Alphabet (Google),117.2864990234375,117.85099792480469,116.47599792480469,117.37899780273438,116.2725830078125,18696000
2021-06-04,GOOGL,Alphabet (Google),118.4635009765625,119.95149993896484,118.12049865722656,119.67849731445312,118.55042266845703,24458000
2021-06-07,GOOGL,Alphabet (Google),119.47200012207031,120.22550201416016,119.05000305175781,120.11499786376953,118.98280334472656,24120000
2021-06-08,GOOGL,Alphabet (Google),120.60050201416016,120.97599792480469,119.73899841308594,119.9219970703125,118.79161071777344,24240000
2021-06-09,GOOGL,Alphabet (Google),120.57150268554688,120.64399719238281,119.84500122070312,120.39700317382812,119.26215362548828,17942000
2021-06-10,GOOGL,Alphabet (Google),120.34600067138672,121.80000305175781,120.18900299072266,121.75650024414062,120.60882568359375,25904000
2021-06-11,GOOGL,Alphabet (Google),122.0,122.08599853515625,120.947998046875,121.51000213623047,120.36463928222656,21958000
2021-06-14,GOOGL,Alphabet (Google),121.61299896240234,122.44599914550781,120.9000015258789,122.44550323486328,121.29132843017578,22098000
2021-06-15,GOOGL,Alphabet (Google),122.44999694824219,122.77549743652344,121.05599975585938,121.41950225830078,120.2750015258789,21562000
2021-06-16,GOOGL,Alphabet (Google),121.5719985961914,121.88600158691406,119.47000122070312,120.77249908447266,119.63410949707031,26472000
2021-06-17,GOOGL,Alphabet (Google),120.69750213623047,122.52249908447266,120.5,121.74349975585938,120.595947265625,25842000
2021-06-18,GOOGL,Alphabet (Google),121.36699676513672,121.60299682617188,120.01499938964844,120.11100006103516,118.97884368896484,46116000
2021-06-21,GOOGL,Alphabet (Google),120.50050354003906,122.0,119.89849853515625,121.8125,120.66429901123047,27414000
2021-06-22,GOOGL,Alphabet (Google),121.75,122.4000015258789,121.06400299072266,122.33049774169922,121.17739868164062,22390000
2021-06-23,GOOGL,Alphabet (Google),122.09349822998047,123.09549713134766,121.83450317382812,122.12699890136719,120.97583770751953,19148000
2021-06-24,GOOGL,Alphabet (Google),122.69999694824219,123.05549621582031,122.30000305175781,122.5,121.34532165527344,21362000
2021-06-25,GOOGL,Alphabet (Google),122.0,122.63300323486328,121.56500244140625,122.50849914550781,121.3537368774414,34594000
2021-06-28,GOOGL,Alphabet (Google),122.67849731445312,122.78500366210938,121.40550231933594,122.53600311279297,121.38097381591797,28526000
2021-06-29,GOOGL,Alphabet (Google),122.67050170898438,123.02100372314453,121.69100189208984,122.27249908447266,121.11996459960938,23108000
2021-06-30,GOOGL,Alphabet (Google),121.99449920654297,122.25700378417969,121.35449981689453,122.0895004272461,120.93867492675781,24474000
2021-07-01,GOOGL,Alphabet (Google),121.7249984741211,122.58699798583984,121.53150177001953,122.44450378417969,121.29033660888672,18110000
2021-07-02,GOOGL,Alphabet (Google),123.1500015258789,125.40399932861328,123.05950164794922,125.25749969482422,124.07682037353516,25982000
2021-07-06,GOOGL,Alphabet (Google),125.64849853515625,126.4280014038086,124.5824966430664,126.19000244140625,125.00054168701172,26404000
2021-07-07,GOOGL,Alphabet (Google),127.16200256347656,127.28399658203125,126.15299987792969,126.4739990234375,125.2818603515625,24060000
2021-07-08,GOOGL,Alphabet (Google),124.0260009765625,125.59549713134766,124.02200317382812,125.04399871826172,123.8653335571289,23790000
2021-07-09,GOOGL,Alphabet (Google),125.0250015258789,125.7344970703125,124.55149841308594,125.51850128173828,124.33536529541016,18632000
2021-07-12,GOOGL,Alphabet (Google),126.1780014038086,127.06950378417969,125.61100006103516,126.97550201416016,125.77864074707031,17668000
2021-07-13,GOOGL,Alphabet (Google),127.03849792480469,128.0574951171875,126.67449951171875,127.34149932861328,126.14116668701172,19240000
2021-07-14,GOOGL,Alphabet (Google),127.95800018310547,129.32650756835938,127.91449737548828,128.23699951171875,127.0282211303711,23742000
2021-07-15,GOOGL,Alphabet (Google),128.6490020751953,128.6999969482422,126.52999877929688,127.00499725341797,125.80784606933594,24218000
2021-07-16,GOOGL,Alphabet (Google),127.66300201416016,127.8115005493164,126.15350341796875,126.97000122070312,125.77317810058594,20424000
2021-07-19,GOOGL,Alphabet (Google),126.0895004272461,126.20500183105469,123.50499725341797,124.5780029296875,123.40373992919922,27968000
2021-07-20,GOOGL,Alphabet (Google),125.52749633789062,127.04299926757812,124.35050201416016,126.20950317382812,125.01985931396484,26312000
2021-07-21,GOOGL,Alphabet (Google),126.13349914550781,127.59600067138672,126.02349853515625,127.54900360107422,126.34672546386719,20746000
2021-07-22,GOOGL,Alphabet (Google),127.84400177001953,128.48300170898438,127.4990005493164,128.42149353027344,127.21099090576172,14302000
2021-07-23,GOOGL,Alphabet (Google),130.4304962158203,133.3990020751953,129.80050659179688,133.01499938964844,131.76119995117188,41506000
2021-07-26,GOOGL,Alphabet (Google),133.32850646972656,134.23699951171875,132.30149841308594,134.03500366210938,132.77162170410156,30572000
2021-07-27,GOOGL,Alphabet (Google),134.25050354003906,134.3990020751953,130.10400390625,131.89999389648438,130.65672302246094,54710000
2021-07-28,GOOGL,Alphabet (Google),136.31199645996094,138.2969970703125,135.27749633789062,136.093994140625,134.81118774414062,95130000
2021-07-29,GOOGL,Alphabet (Google),136.14999389648438,136.66099548339844,135.54299926757812,135.77749633789062,134.49766540527344,31716000
2021-07-30,GOOGL,Alphabet (Google),135.03500366210938,135.30450439453125,134.2550048828125,134.72650146484375,133.45657348632812,25576000
2021-08-02,GOOGL,Alphabet (Google),135.11700439453125,135.3365020751953,133.79400634765625,134.85450744628906,133.5833740234375,21634000
2021-08-03,GOOGL,Alphabet (Google),135.13499450683594,135.73199462890625,133.3195037841797,135.6300048828125,134.35154724121094,20762000
2021-08-04,GOOGL,Alphabet (Google),135.34950256347656,135.64950561523438,134.48699951171875,135.12550354003906,133.85182189941406,19676000
2021-08-05,GOOGL,Alphabet (Google),135.6804962158203,136.35000610351562,134.8459930419922,136.25149536132812,134.9671630859375,17870000
2021-08-06,GOOGL,Alphabet (Google),136.04200744628906,136.47250366210938,135.2100067138672,135.73849487304688,134.45904541015625,20488000
2021-08-09,GOOGL,Alphabet (Google),135.9425048828125,137.1840057373047,135.33949279785156,136.91299438476562,135.62242126464844,17760000
2021-08-10,GOOGL,Alphabet (Google),137.3419952392578,137.7725067138672,136.364501953125,136.8070068359375,135.5174560546875,19414000
2021-08-11,GOOGL,Alphabet (Google),137.18150329589844,137.6824951171875,136.27149963378906,136.2790069580078,134.9944305419922,15352000
2021-08-12,GOOGL,Alphabet (Google),135.97549438476562,137.3000030517578,135.42550659179688,137.19400024414062,135.90081787109375,16506000
2021-08-13,GOOGL,Alphabet (Google),137.25,137.85650634765625,137.0330047607422,137.7274932861328,136.42926025390625,15948000
2021-08-16,GOOGL,Alphabet (Google),137.52499389648438,138.3625030517578,135.2989959716797,138.3094940185547,137.00579833984375,22384000
2021-08-17,GOOGL,Alphabet (Google),137.75,138.2655029296875,136.08200073242188,136.6614990234375,135.37332153320312,21716000
2021-08-18,GOOGL,Alphabet (Google),136.5,137.10450744628906,135.32150268554688,135.44900512695312,134.1722869873047,19258000
2021-08-19,GOOGL,Alphabet (Google),134.4355010986328,136.3524932861328,134.25,135.67999267578125,134.40106201171875,21782000
2021-08-20,GOOGL,Alphabet (Google),136.0,137.5540008544922,135.25,137.42950439453125,136.1341094970703,31194000
2021-08-23,GOOGL,Alphabet (Google),137.96949768066406,140.87449645996094,137.6074981689453,140.04150390625,138.72146606445312,28454000
2021-08-24,GOOGL,Alphabet (Google),140.6114959716797,142.0800018310547,140.3385009765625,141.26150512695312,139.92996215820312,19268000
2021-08-25,GOOGL,Alphabet (Google),141.625,142.1894989013672,141.37600708007812,142.07899475097656,140.73973083496094,15848000
2021-08-26,GOOGL,Alphabet (Google),141.75,142.41749572753906,141.35699462890625,141.4405059814453,140.10728454589844,20610000
2021-08-27,GOOGL,Alphabet (Google),141.65249633789062,144.5124969482422,141.4969940185547,144.00399780273438,142.6466064453125,28780000
2021-08-30,GOOGL,Alphabet (Google),144.39999389648438,145.9705047607422,144.16299438476562,144.5904998779297,143.22760009765625,24434000
2021-08-31,GOOGL,Alphabet (Google),145.14700317382812,145.17149353027344,144.281005859375,144.69749450683594,143.3335723876953,22448000
2021-09-01,GOOGL,Alphabet (Google),145.0,146.25399780273438,144.8834991455078,145.2154998779297,143.84671020507812,21936000
2021-09-02,GOOGL,Alphabet (Google),145.21600341796875,145.51950073242188,143.18499755859375,143.28700256347656,141.93637084960938,32342000
2021-09-03,GOOGL,Alphabet (Google),143.08050537109375,144.15499877929688,142.40049743652344,143.739501953125,142.38461303710938,19850000
2021-09-07,GOOGL,Alphabet (Google),143.83450317382812,144.56500244140625,143.61900329589844,144.28050231933594,142.9205322265625,20124000
2021-09-08,GOOGL,Alphabet (Google),144.10000610351562,144.39999389648438,143.0,143.6909942626953,142.33656311035156,18344000
2021-09-09,GOOGL,Alphabet (Google),143.8404998779297,144.3105010986328,143.17750549316406,143.54100036621094,142.18795776367188,15314000
2021-09-10,GOOGL,Alphabet (Google),144.21249389648438,144.718505859375,140.73800659179688,140.87600708007812,139.54811096191406,36840000
2021-09-13,GOOGL,Alphabet (Google),141.94949340820312,142.9499969482422,141.25,142.33250427246094,140.9909210205078,22094000
2021-09-14,GOOGL,Alphabet (Google),142.99549865722656,143.36300659179688,141.75,142.54449462890625,141.2008819580078,19674000
2021-09-15,GOOGL,Alphabet (Google),142.77149963378906,144.45050048828125,141.34750366210938,144.42950439453125,143.06813049316406,27408000
2021-09-16,GOOGL,Alphabet (Google),143.95050048828125,144.3000030517578,142.40150451660156,143.61000061035156,142.25633239746094,26190000
2021-09-17,GOOGL,Alphabet (Google),143.03050231933594,143.4499969482422,140.47000122070312,140.8000030517578,139.47280883789062,53384000
2021-09-20,GOOGL,Alphabet (Google),138.1614990234375,139.0,136.32200622558594,138.71949768066406,137.4119110107422,46518000
2021-09-21,GOOGL,Alphabet (Google),139.74949645996094,140.01150512695312,138.2779998779297,139.0330047607422,137.7224884033203,25332000
2021-09-22,GOOGL,Alphabet (Google),139.3040008544922,140.88699340820312,138.55149841308594,140.2834930419922,138.96116638183594,25056000
2021-09-23,GOOGL,Alphabet (Google),140.9875030517578,141.69650268554688,140.40150451660156,141.21600341796875,139.88490295410156,20952000
2021-09-24,GOOGL,Alphabet (Google),140.5384979248047,142.33050537109375,140.24099731445312,142.21499633789062,140.87448120117188,22984000
2021-09-27,GOOGL,Alphabet (Google),140.80450439453125,141.93850708007812,140.0675048828125,141.07200622558594,139.74224853515625,21882000
2021-09-28,GOOGL,Alphabet (Google),138.65499877929688,139.09649658203125,135.36000061035156,135.8300018310547,134.5496826171875,45772000
2021-09-29,GOOGL,Alphabet (Google),136.97999572753906,137.1510009765625,133.86500549316406,134.35350036621094,133.08709716796875,30848000
2021-09-30,GOOGL,Alphabet (Google),134.26150512695312,135.54249572753906,133.55599975585938,133.67599487304688,132.4159698486328,37996000
2021-10-01,GOOGL,Alphabet (Google),134.44749450683594,136.91050720214844,134.072998046875,136.54299926757812,135.2559356689453,35360000
2021-10-04,GOOGL,Alphabet (Google),135.9604949951172,135.9604949951172,131.0500030517578,133.6595001220703,132.39962768554688,51202000
2021-10-05,GOOGL,Alphabet (Google),134.04100036621094,137.22450256347656,134.04100036621094,136.0229949951172,134.7408447265625,32404000
2021-10-06,GOOGL,Alphabet (Google),134.75,137.75,134.5500030517578,137.56500244140625,136.268310546875,24364000
2021-10-07,GOOGL,Alphabet (Google),138.89199829101562,140.04200744628906,138.6510009765625,139.22500610351562,137.91268920898438,25110000
2021-10-08,GOOGL,Alphabet (Google),139.57699584960938,140.33099365234375,139.21749877929688,139.78550720214844,138.46788024902344,26526000
2021-10-11,GOOGL,Alphabet (Google),139.29200744628906,140.71200561523438,138.85899353027344,138.91400146484375,137.60462951660156,17954000
2021-10-12,GOOGL,Alphabet (Google),139.47999572753906,139.5070037841797,135.75999450683594,136.44900512695312,135.16282653808594,36332000
2021-10-13,GOOGL,Alphabet (Google),137.40249633789062,138.0,136.5189971923828,137.58200073242188,136.28515625,19654000
2021-10-14,GOOGL,Alphabet (Google),139.4739990234375,141.33749389648438,138.8249969482422,141.1510009765625,139.82052612304688,31894000
2021-10-15,GOOGL,Alphabet (Google),141.614501953125,141.71800231933594,140.7550048828125,141.3679962158203,140.0354766845703,30274000
2021-10-18,GOOGL,Alphabet (Google),141.07650756835938,142.79600524902344,141.0695037841797,142.7779998779297,141.43215942382812,20396000
2021-10-19,GOOGL,Alphabet (Google),143.3874969482422,143.66250610351562,142.60000610351562,143.23699951171875,141.8868408203125,20164000
2021-10-20,GOOGL,Alphabet (Google),143.33799743652344,143.54600524902344,141.37649536132812,141.7689971923828,140.4326629638672,23288000
2021-10-21,GOOGL,Alphabet (Google),141.7689971923828,142.156005859375,140.5,141.88600158691406,140.548583984375,26292000
2021-10-22,GOOGL,Alphabet (Google),139.14999389648438,140.58299255371094,136.05599975585938,137.56649780273438,136.26979064941406,50588000
2021-10-25,GOOGL,Alphabet (Google),137.5500030517578,138.0,135.4239959716797,137.44700622558594,136.15142822265625,34412000
2021-10-26,GOOGL,Alphabet (Google),139.2635040283203,140.08299255371094,138.30450439453125,139.30850219726562,137.99539184570312,49236000
2021-10-27,GOOGL,Alphabet (Google),139.40499877929688,148.64999389648438,139.40499877929688,146.21749877929688,144.83924865722656,85782000
2021-10-28,GOOGL,Alphabet (Google),147.13450622558594,147.1580047607422,144.6269989013672,145.8489990234375,144.4742431640625,36206000
2021-10-29,GOOGL,Alphabet (Google),145.0780029296875,148.24200439453125,144.64950561523438,148.04600524902344,146.6505126953125,43320000
2021-11-01,GOOGL,Alphabet (Google),148.04600524902344,148.04600524902344,143.22549438476562,143.4969940185547,142.14437866210938,46924000
2021-11-02,GOOGL,Alphabet (Google),144.57949829101562,146.60899353027344,144.3354949951172,145.4324951171875,144.06166076660156,33482000
2021-11-03,GOOGL,Alphabet (Google),145.90049743652344,146.66900634765625,144.59100341796875,146.59800720214844,145.2161865234375,27494000
2021-11-04,GOOGL,Alphabet (Google),147.12449645996094,149.73350524902344,146.30799865722656,148.2675018310547,146.86990356445312,38412000
2021-11-05,GOOGL,Alphabet (Google),149.16949462890625,150.32749938964844,148.19700622558594,148.8520050048828,147.44894409179688,38354000
2021-11-08,GOOGL,Alphabet (Google),149.8249969482422,150.61500549316406,148.4304962158203,149.031005859375,147.62620544433594,23052000
2021-11-09,GOOGL,Alphabet (Google),149.23300170898438,149.83450317382812,147.2449951171875,148.9185028076172,147.51480102539062,19530000
2021-11-10,GOOGL,Alphabet (Google),147.5,148.07000732421875,144.53750610351562,145.89349365234375,144.51829528808594,29970000
2021-11-11,GOOGL,Alphabet (Google),146.489501953125,147.53550720214844,145.60049438476562,145.76649475097656,144.39251708984375,16518000
2021-11-12,GOOGL,Alphabet (Google),146.61549377441406,148.85000610351562,145.41099548339844,148.67799377441406,147.27658081054688,22360000
2021-11-15,GOOGL,Alphabet (Google),148.90049743652344,149.54949951171875,147.5749969482422,148.45199584960938,147.05267333984375,23508000
2021-11-16,GOOGL,Alphabet (Google),148.14950561523438,148.7624969482422,147.3125,147.87600708007812,146.48211669921875,18904000
2021-11-17,GOOGL,Alphabet (Google),148.02749633789062,148.5594940185547,147.24000549316406,148.0469970703125,146.65150451660156,19594000
2021-11-18,GOOGL,Alphabet (Google),148.2415008544922,150.58050537109375,147.88450622558594,149.8385009765625,148.42613220214844,35608000
2021-11-19,GOOGL,Alphabet (Google),149.97549438476562,150.9665069580078,148.8990020751953,148.92649841308594,147.52268981933594,33682000
2021-11-22,GOOGL,Alphabet (Google),149.33250427246094,149.82949829101562,146.1475067138672,146.302001953125,144.92295837402344,30594000
2021-11-23,GOOGL,Alphabet (Google),146.1529998779297,146.66000366210938,144.11500549316406,145.78199768066406,144.40785217285156,27218000
2021-11-24,GOOGL,Alphabet (Google),145.47349548339844,146.24949645996094,144.3730010986328,146.1199951171875,144.74266052246094,18040000
2021-11-26,GOOGL,Alphabet (Google),144.34849548339844,144.5574951171875,141.84249877929688,142.18299865722656,140.84275817871094,30470000
2021-11-29,GOOGL,Alphabet (Google),144.0,146.29750061035156,143.89349365234375,145.53050231933594,144.15872192382812,32596000
2021-11-30,GOOGL,Alphabet (Google),145.0084991455078,146.0,141.60150146484375,141.8975067138672,140.55996704101562,42068000
2021-12-01,GOOGL,Alphabet (Google),144.0,145.95050048828125,140.91200256347656,141.05149841308594,139.72195434570312,34020000
2021-12-02,GOOGL,Alphabet (Google),141.25,143.864501953125,140.21449279785156,142.96600341796875,141.618408203125,29194000
2021-12-03,GOOGL,Alphabet (Google),143.68099975585938,144.39999389648438,140.30099487304688,142.00149536132812,140.66297912597656,41230000
2021-12-06,GOOGL,Alphabet (Google),143.04049682617188,143.8524932861328,140.14999389648438,143.15499877929688,141.8056182861328,30618000
2021-12-07,GOOGL,Alphabet (Google),145.59649658203125,147.531005859375,145.2274932861328,147.26950073242188,145.88133239746094,32240000
2021-12-08,GOOGL,Alphabet (Google),147.59649658203125,148.39300537109375,146.406005859375,148.18649291992188,146.78970336914062,24270000
2021-12-09,GOOGL,Alphabet (Google),147.59100341796875,149.10000610351562,147.11500549316406,147.6385040283203,146.2468719482422,23270000
2021-12-10,GOOGL,Alphabet (Google),148.6999969482422,148.9774932861328,146.70399475097656,148.00149536132812,146.60641479492188,24458000
2021-12-13,GOOGL,Alphabet (Google),147.781494140625,147.97000122070312,145.5175018310547,145.82650756835938,144.4519500732422,27070000
2021-12-14,GOOGL,Alphabet (Google),143.96800231933594,144.47999572753906,141.21499633789062,143.90699768066406,142.550537109375,38446000
2021-12-15,GOOGL,Alphabet (Google),143.40899658203125,146.7209930419922,141.67799377441406,146.4409942626953,145.06065368652344,36370000
2021-12-16,GOOGL,Alphabet (Google),147.17050170898438,147.677001953125,143.60699462890625,144.44500732421875,143.08346557617188,33650000
2021-12-17,GOOGL,Alphabet (Google),142.5,143.83450317382812,141.3000030517578,141.72500610351562,140.38909912109375,50416000
2021-12-20,GOOGL,Alphabet (Google),140.0,141.77450561523438,139.3209991455078,141.60699462890625,140.272216796875,27192000
2021-12-21,GOOGL,Alphabet (Google),142.05349731445312,143.86900329589844,140.50250244140625,143.47250366210938,142.1201171875,28756000
2021-12-22,GOOGL,Alphabet (Google),143.0675048828125,146.5,143.0675048828125,146.4149932861328,145.03489685058594,26322000
2021-12-23,GOOGL,Alphabet (Google),146.5,148.24349975585938,146.45199584960938,146.91650390625,145.5316925048828,26384000
2021-12-27,GOOGL,Alphabet (Google),147.25599670410156,148.343994140625,147.16949462890625,147.906494140625,146.5123291015625,15976000
2021-12-28,GOOGL,Alphabet (Google),148.23599243164062,148.2989959716797,146.05450439453125,146.68699645996094,145.30435180664062,18200000
2021-12-29,GOOGL,Alphabet (Google),146.64450073242188,147.41700744628906,145.6475067138672,146.65499877929688,145.27261352539062,17788000
2021-12-30,GOOGL,Alphabet (Google),146.69400024414062,147.3000030517578,145.9945068359375,146.20050048828125,144.8224334716797,15688000
2021-12-31,GOOGL,Alphabet (Google),146.0500030517578,146.69850158691406,144.8520050048828,144.8520050048828,143.48660278320312,18136000
2022-01-03,GOOGL,Alphabet (Google),145.05499267578125,145.8509979248047,143.71299743652344,144.9915008544922,143.62481689453125,28646000
2022-01-04,GOOGL,Alphabet (Google),145.39599609375,146.48500061035156,143.7165069580078,144.39950561523438,143.0384063720703,28400000
2022-01-05,GOOGL,Alphabet (Google),144.4199981689453,144.49949645996094,137.68800354003906,137.77499389648438,136.47634887695312,54618000
2022-01-06,GOOGL,Alphabet (Google),136.99850463867188,139.94000244140625,136.55850219726562,137.74749755859375,136.44908142089844,37348000
2022-01-07,GOOGL,Alphabet (Google),138.14549255371094,138.44850158691406,135.76649475097656,137.01699829101562,135.72544860839844,29760000
2022-01-10,GOOGL,Alphabet (Google),135.0780029296875,138.8195037841797,133.1645050048828,138.66949462890625,137.36241149902344,44408000
2022-01-11,GOOGL,Alphabet (Google),138.0070037841797,140.21600341796875,136.6925048828125,139.73599243164062,138.41885375976562,28730000
2022-01-12,GOOGL,Alphabet (Google),141.14999389648438,142.60800170898438,140.6945037841797,141.4304962158203,140.0973663330078,26108000
2022-01-13,GOOGL,Alphabet (Google),141.5399932861328,142.85000610351562,138.40899658203125,138.58700561523438,137.2806854248047,31436000
2022-01-14,GOOGL,Alphabet (Google),137.07899475097656,140.74200439453125,136.99850463867188,139.48049926757812,138.165771484375,29662000
2022-01-18,GOOGL,Alphabet (Google),136.1750030517578,137.13150024414062,135.43850708007812,135.9980010986328,134.71607971191406,34872000
2022-01-19,GOOGL,Alphabet (Google),136.52349853515625,137.95950317382812,135.0155029296875,135.1165008544922,133.84288024902344,28648000
2022-01-20,GOOGL,Alphabet (Google),136.25,137.62600708007812,132.96449279785156,133.3074951171875,132.05093383789062,29908000
2022-01-21,GOOGL,Alphabet (Google),132.593505859375,134.86549377441406,130.0865020751953,130.35150146484375,129.122802734375,55652000
2022-01-24,GOOGL,Alphabet (Google),125.97799682617188,131.2030029296875,124.5,130.8040008544922,129.571044921875,76622000
2022-01-25,GOOGL,Alphabet (Google),128.74000549316406,129.3990020751953,126.50050354003906,126.93499755859375,125.7385025024414,46960000
2022-01-26,GOOGL,Alphabet (Google),131.11900329589844,133.0,127.14199829101562,129.23300170898438,128.0148468017578,49130000
2022-01-27,GOOGL,Alphabet (Google),131.3040008544922,132.65249633789062,128.9324951171875,129.0050048828125,127.78900146484375,31950000
2022-01-28,GOOGL,Alphabet (Google),129.65899658203125,133.35650634765625,128.48500061035156,133.3509979248047,132.0940704345703,34362000
2022-01-31,GOOGL,Alphabet (Google),134.16200256347656,135.47300720214844,132.20950317382812,135.30349731445312,134.0281219482422,39986000
2022-02-01,GOOGL,Alphabet (Google),137.59449768066406,137.79299926757812,134.36849975585938,137.6439971923828,136.3465576171875,68644000
2022-02-02,GOOGL,Alphabet (Google),151.25,151.54649353027344,145.5225067138672,148.0,146.60494995117188,123200000
2022-02-03,GOOGL,Alphabet (Google),145.70550537109375,149.6750030517578,142.66549682617188,143.08999633789062,141.74124145507812,71518000
2022-02-04,GOOGL,Alphabet (Google),143.4445037841797,144.875,140.51499938964844,143.29299926757812,141.9423370361328,57998000
2022-02-07,GOOGL,Alphabet (Google),144.25,144.25,138.89999389648438,139.2010040283203,137.88890075683594,54974000
2022-02-08,GOOGL,Alphabet (Google),139.02650451660156,140.0,137.01400756835938,139.3990020751953,138.08502197265625,54284000
2022-02-09,GOOGL,Alphabet (Google),140.9635009765625,142.52450561523438,140.18699645996094,141.5919952392578,140.25733947753906,40144000
2022-02-10,GOOGL,Alphabet (Google),139.70350646972656,141.4844970703125,137.95700073242188,138.6199951171875,137.31336975097656,39330000
2022-02-11,GOOGL,Alphabet (Google),138.60000610351562,139.156494140625,133.39999389648438,134.28250122070312,133.01673889160156,39958000
2022-02-14,GOOGL,Alphabet (Google),133.25650024414062,136.3000030517578,133.25650024414062,135.5260009765625,134.24851989746094,34302000
2022-02-15,GOOGL,Alphabet (Google),137.57049560546875,138.10850524902344,135.82150268554688,136.60850524902344,135.32083129882812,26680000
2022-02-16,GOOGL,Alphabet (Google),136.64649963378906,138.08599853515625,134.9239959716797,137.73800659179688,136.43968200683594,25022000
2022-02-17,GOOGL,Alphabet (Google),136.2429962158203,137.11349487304688,132.47850036621094,132.53900146484375,131.28970336914062,38950000
2022-02-18,GOOGL,Alphabet (Google),133.4669952392578,134.07000732421875,130.19650268554688,130.4029998779297,129.173828125,45620000
2022-02-22,GOOGL,Alphabet (Google),129.83799743652344,132.1804962158203,128.22349548339844,129.81350708007812,128.58990478515625,44990000
2022-02-23,GOOGL,Alphabet (Google),131.64849853515625,132.05099487304688,127.52749633789062,127.58799743652344,126.3853530883789,32786000
2022-02-24,GOOGL,Alphabet (Google),124.95349884033203,133.0,124.95349884033203,132.6909942626953,131.4402313232422,54456000
2022-02-25,GOOGL,Alphabet (Google),133.552001953125,135.27149963378906,131.75149536132812,134.45950317382812,133.1920928955078,36406000
2022-02-28,GOOGL,Alphabet (Google),133.0500030517578,135.75149536132812,132.59249877929688,135.0570068359375,133.78395080566406,38864000
2022-03-01,GOOGL,Alphabet (Google),134.8784942626953,136.2554931640625,133.218505859375,134.06149291992188,132.79783630371094,26496000
2022-03-02,GOOGL,Alphabet (Google),134.6280059814453,135.2624969482422,133.07150268554688,134.57150268554688,133.30303955078125,23520000
2022-03-03,GOOGL,Alphabet (Google),136.00999450683594,136.4394989013672,133.02549743652344,133.89950561523438,132.63735961914062,24604000
2022-03-04,GOOGL,Alphabet (Google),132.92750549316406,133.85150146484375,130.33749389648438,131.906494140625,130.6631317138672,30430000
2022-03-07,GOOGL,Alphabet (Google),131.48800659179688,131.73500061035156,126.29499816894531,126.37850189208984,125.18726348876953,45112000
2022-03-08,GOOGL,Alphabet (Google),126.25,131.25,125.67449951171875,127.10449981689453,125.90642547607422,40428000
2022-03-09,GOOGL,Alphabet (Google),131.25,133.73550415039062,129.90049743652344,133.4199981689453,132.16238403320312,37026000
2022-03-10,GOOGL,Alphabet (Google),131.26600646972656,133.27200317382812,130.91250610351562,132.42950439453125,131.18121337890625,27102000
2022-03-11,GOOGL,Alphabet (Google),133.48849487304688,133.79550170898438,129.63150024414062,129.87049865722656,128.64633178710938,31526000
2022-03-14,GOOGL,Alphabet (Google),130.25,130.40899658203125,125.2750015258789,125.95099639892578,124.76377868652344,38812000
2022-03-15,GOOGL,Alphabet (Google),126.97599792480469,129.85450744628906,125.72049713134766,129.197998046875,127.98016357421875,30920000
2022-03-16,GOOGL,Alphabet (Google),130.73300170898438,133.33299255371094,128.7344970703125,133.28050231933594,132.02420043945312,35576000
2022-03-17,GOOGL,Alphabet (Google),133.1490020751953,134.08050537109375,132.18499755859375,133.83900451660156,132.5774383544922,28264000
2022-03-18,GOOGL,Alphabet (Google),133.42449951171875,136.24400329589844,132.2584991455078,136.12550354003906,134.8423614501953,44566000
2022-03-21,GOOGL,Alphabet (Google),136.1634979248047,137.0500030517578,134.09249877929688,136.10150146484375,134.81858825683594,26832000
2022-03-22,GOOGL,Alphabet (Google),136.10150146484375,141.0500030517578,136.10150146484375,139.8679962158203,138.54959106445312,35496000
2022-03-23,GOOGL,Alphabet (Google),138.70249938964844,139.5885009765625,137.8350067138672,138.27549743652344,136.9720916748047,25154000
2022-03-24,GOOGL,Alphabet (Google),139.1999969482422,141.61900329589844,137.75050354003906,141.57200622558594,140.23751831054688,26396000
2022-03-25,GOOGL,Alphabet (Google),141.91600036621094,142.03500366210938,139.7375030517578,141.67300415039062,140.33758544921875,24126000
2022-03-28,GOOGL,Alphabet (Google),140.90049743652344,142.00250244140625,139.81149291992188,141.45550537109375,140.12213134765625,35050000
2022-03-29,GOOGL,Alphabet (Google),142.6475067138672,143.7935028076172,142.0384979248047,142.5054931640625,141.1622772216797,34318000
2022-03-30,GOOGL,Alphabet (Google),142.4600067138672,142.7205047607422,141.60000610351562,141.93850708007812,140.60061645507812,19884000
2022-03-31,GOOGL,Alphabet (Google),142.05299377441406,142.10800170898438,139.02450561523438,139.0675048828125,137.7566680908203,37524000
2022-04-01,GOOGL,Alphabet (Google),139.5,140.4709930419922,138.3074951171875,140.15049743652344,138.8294219970703,25942000
2022-04-04,GOOGL,Alphabet (Google),140.35850524902344,143.71200561523438,140.3105010986328,142.97149658203125,141.6238555908203,25942000
2022-04-05,GOOGL,Alphabet (Google),142.86900329589844,142.99049377441406,140.38250732421875,140.59100341796875,139.26577758789062,21418000
2022-04-06,GOOGL,Alphabet (Google),138.75,139.36050415039062,135.51699829101562,136.54800415039062,135.2609100341797,32468000
2022-04-07,GOOGL,Alphabet (Google),136.00999450683594,137.1645050048828,134.2274932861328,135.8885040283203,134.60760498046875,26234000
2022-04-08,GOOGL,Alphabet (Google),135.58349609375,135.6699981689453,132.9654998779297,133.28750610351562,132.03114318847656,25142000
2022-04-11,GOOGL,Alphabet (Google),131.82350158691406,132.09249877929688,128.6685028076172,128.82350158691406,127.60920715332031,36884000
2022-04-12,GOOGL,Alphabet (Google),131.60000610351562,131.60000610351562,126.78900146484375,127.7145004272461,126.51065826416016,32710000
2022-04-13,GOOGL,Alphabet (Google),128.0,130.33399963378906,127.74099731445312,129.8939971923828,128.66961669921875,27928000
2022-04-14,GOOGL,Alphabet (Google),130.47950744628906,130.47950744628906,126.60099792480469,126.7300033569336,125.53544616699219,31598000
2022-04-18,GOOGL,Alphabet (Google),127.0,128.21249389648438,126.18199920654297,127.67649841308594,126.4730224609375,20808000
2022-04-19,GOOGL,Alphabet (Google),127.69149780273438,130.33299255371094,126.99949645996094,130.00900268554688,128.7835235595703,26490000
2022-04-20,GOOGL,Alphabet (Google),130.89199829101562,131.3990020751953,127.5,128.0399932861328,126.83308410644531,31696000
2022-04-21,GOOGL,Alphabet (Google),129.25,130.09849548339844,124.52649688720703,124.81449890136719,123.63800048828125,36446000
2022-04-22,GOOGL,Alphabet (Google),125.0,125.4020004272461,118.92500305175781,119.635498046875,118.5078125,56884000
2022-04-25,GOOGL,Alphabet (Google),119.10099792480469,123.27749633789062,118.51100158691406,123.0739974975586,121.91389465332031,46128000
2022-04-26,GOOGL,Alphabet (Google),122.29450225830078,122.51000213623047,118.51100158691406,118.6500015258789,117.53160858154297,73054000
2022-04-27,GOOGL,Alphabet (Google),114.46949768066406,117.24199676513672,112.73650360107422,114.29450225830078,113.2171630859375,91820000
2022-04-28,GOOGL,Alphabet (Google),116.41500091552734,119.64949798583984,114.11499786376953,118.52249908447266,117.40530395507812,48884000
2022-04-29,GOOGL,Alphabet (Google),116.7344970703125,117.91999816894531,113.81449890136719,114.1094970703125,113.03390502929688,42676000
2022-05-02,GOOGL,Alphabet (Google),113.40499877929688,116.74549865722656,112.5999984741211,116.58300018310547,115.48410034179688,35534000
2022-05-03,GOOGL,Alphabet (Google),116.43049621582031,118.44200134277344,116.03450012207031,117.33399963378906,116.22799682617188,24968000
2022-05-04,GOOGL,Alphabet (Google),117.03150177001953,122.85449981689453,115.11599731445312,122.26100158691406,121.10858154296875,49916000
2022-05-05,GOOGL,Alphabet (Google),120.2040023803711,121.03900146484375,115.00550079345703,116.50550079345703,115.40731811523438,45840000
2022-05-06,GOOGL,Alphabet (Google),115.18450164794922,117.57150268554688,114.0155029296875,115.74649810791016,114.65546417236328,39710000
2022-05-09,GOOGL,Alphabet (Google),113.25,115.0770034790039,112.00050354003906,112.51100158691406,111.45048522949219,40802000
2022-05-10,GOOGL,Alphabet (Google),115.50749969482422,116.25,112.90049743652344,114.3949966430664,113.31671142578125,39900000
2022-05-11,GOOGL,Alphabet (Google),113.23650360107422,116.364501953125,113.23650360107422,113.60250091552734,112.53167724609375,37534000
2022-05-12,GOOGL,Alphabet (Google),111.37750244140625,114.29499816894531,109.82450103759766,112.84400177001953,111.78032684326172,53836000
2022-05-13,GOOGL,Alphabet (Google),114.53299713134766,117.875,113.6050033569336,116.05049896240234,114.95660400390625,35038000
2022-05-16,GOOGL,Alphabet (Google),114.95549774169922,116.16999816894531,113.8895034790039,114.44499969482422,113.36624145507812,25990000
2022-05-17,GOOGL,Alphabet (Google),116.84049987792969,116.9000015258789,114.87000274658203,116.4729995727539,115.37512969970703,23054000
2022-05-18,GOOGL,Alphabet (Google),115.0,115.4000015258789,111.55549621582031,111.89949798583984,110.84473419189453,35126000
2022-05-19,GOOGL,Alphabet (Google),111.43150329589844,113.01000213623047,110.0,110.38400268554688,109.3435287475586,34144000
2022-05-20,GOOGL,Alphabet (Google),111.95099639892578,112.18350219726562,105.79650115966797,108.90799713134766,107.88143920898438,48962000
2022-05-23,GOOGL,Alphabet (Google),109.5875015258789,112.14749908447266,108.74099731445312,111.48799896240234,110.4371109008789,37184000
2022-05-24,GOOGL,Alphabet (Google),105.77200317382812,106.45850372314453,101.8844985961914,105.97000122070312,104.97113037109375,76780000
2022-05-25,GOOGL,Alphabet (Google),104.9854965209961,106.5,103.85649871826172,105.80500030517578,104.80768585205078,40258000
2022-05-26,GOOGL,Alphabet (Google),105.677001953125,108.64949798583984,105.2249984741211,107.7925033569336,106.77644348144531,37948000
2022-05-27,GOOGL,Alphabet (Google),109.48300170898438,112.31800079345703,109.13849639892578,112.31649780273438,111.25779724121094,37914000
2022-05-31,GOOGL,Alphabet (Google),112.74649810791016,115.73500061035156,112.07849884033203,113.76200103759766,112.6896743774414,50012000
2022-06-01,GOOGL,Alphabet (Google),114.8550033569336,117.10150146484375,113.25,113.89199829101562,112.81844329833984,36606000
2022-06-02,GOOGL,Alphabet (Google),114.0,117.89949798583984,112.94650268554688,117.62249755859375,116.5137939453125,37992000
2022-06-03,GOOGL,Alphabet (Google),116.0625,116.32150268554688,113.51850128173828,114.54100036621094,113.46133422851562,26136000
2022-06-06,GOOGL,Alphabet (Google),116.70449829101562,119.34700012207031,116.16400146484375,116.82050323486328,115.71934509277344,33542000
2022-06-07,GOOGL,Alphabet (Google),115.48049926757812,117.69100189208984,115.052001953125,117.14949798583984,116.04524993896484,31590000
2022-06-08,GOOGL,Alphabet (Google),116.7614974975586,118.57050323486328,116.5999984741211,117.19400024414062,116.08932495117188,26108000
2022-06-09,GOOGL,Alphabet (Google),116.32749938964844,118.29900360107422,114.7760009765625,114.83550262451172,113.75305938720703,25798000
2022-06-10,GOOGL,Alphabet (Google),112.44499969482422,113.27899932861328,110.36599731445312,111.1614990234375,110.11369323730469,41452000
2022-06-13,GOOGL,Alphabet (Google),106.7864990234375,108.79149627685547,106.11900329589844,106.39250183105469,105.38964080810547,47252000
2022-06-14,GOOGL,Alphabet (Google),106.53500366210938,107.92449951171875,105.80000305175781,106.71549987792969,105.70960235595703,33706000
2022-06-15,GOOGL,Alphabet (Google),108.54499816894531,111.42350006103516,107.66950225830078,109.7645034790039,108.72987365722656,39698000
2022-06-16,GOOGL,Alphabet (Google),107.22100067138672,108.64849853515625,105.13800048828125,106.03350067138672,105.0340347290039,51684000
2022-06-17,GOOGL,Alphabet (Google),106.03350067138672,108.69950103759766,105.0459976196289,107.14350128173828,106.1335678100586,51376000
2022-06-21,GOOGL,Alphabet (Google),108.92949676513672,112.489501953125,108.5999984741211,111.54399871826172,110.4925765991211,47416000
2022-06-22,GOOGL,Alphabet (Google),110.55650329589844,113.34649658203125,110.38249969482422,111.48750305175781,110.43661499023438,30774000
2022-06-23,GOOGL,Alphabet (Google),112.23149871826172,112.74250030517578,110.50050354003906,112.24199676513672,111.18399810791016,28362000
2022-06-24,GOOGL,Alphabet (Google),112.99500274658203,118.0790023803711,112.95249938964844,117.9749984741211,116.86296081542969,41164000
2022-06-27,GOOGL,Alphabet (Google),118.27300262451172,118.57949829101562,115.17949676513672,115.83350372314453,114.74165344238281,36420000
2022-06-28,GOOGL,Alphabet (Google),115.80249786376953,117.30950164794922,111.8479995727539,112.00749969482422,110.95172119140625,35792000
2022-06-29,GOOGL,Alphabet (Google),111.552001953125,113.1604995727539,110.87249755859375,111.70149993896484,110.64860534667969,24716000
2022-06-30,GOOGL,Alphabet (Google),110.0,110.88800048828125,106.75,108.96299743652344,107.9359130859375,43170000
2022-07-01,GOOGL,Alphabet (Google),107.93299865722656,109.25,106.73049926757812,108.73750305175781,107.7125473022461,35476000
2022-07-05,GOOGL,Alphabet (Google),107.10050201416016,113.37699890136719,105.73149871826172,113.26300048828125,112.19538116455078,39342000
2022-07-06,GOOGL,Alphabet (Google),113.302001953125,115.5895004272461,111.47599792480469,114.5719985961914,113.4920425415039,37432000
2022-07-07,GOOGL,Alphabet (Google),115.08000183105469,119.18949890136719,114.83350372314453,118.78299713134766,117.66334533691406,40936000
2022-07-08,GOOGL,Alphabet (Google),117.25,119.68499755859375,116.90149688720703,119.35350036621094,118.22848510742188,38238000
2022-07-11,GOOGL,Alphabet (Google),117.99800109863281,117.99800109863281,115.33049774169922,115.67649841308594,114.58612060546875,31196000
2022-07-12,GOOGL,Alphabet (Google),116.21499633789062,116.9739990234375,113.69000244140625,114.02050018310547,112.94574737548828,29960000
2022-07-13,GOOGL,Alphabet (Google),111.70099639892578,114.19599914550781,111.20149993896484,111.35350036621094,110.30388641357422,43722000
2022-07-14,GOOGL,Alphabet (Google),110.21050262451172,111.09300231933594,108.37300109863281,110.36750030517578,109.32717895507812,37004000
2022-07-15,GOOGL,Alphabet (Google),112.00050354003906,113.1405029296875,110.9000015258789,111.77749633789062,110.723876953125,46770000
2022-07-18,GOOGL,Alphabet (Google),112.63999938964844,113.68000030517578,108.37000274658203,109.02999877929688,108.00228118896484,43164600
2022-07-19,GOOGL,Alphabet (Google),110.8499984741211,114.0199966430664,109.55999755859375,113.80999755859375,112.73723602294922,36530900
2022-07-20,GOOGL,Alphabet (Google),113.16999816894531,115.4000015258789,112.4800033569336,113.9000015258789,112.82638549804688,35600400
2022-07-21,GOOGL,Alphabet (Google),114.27999877929688,114.55000305175781,111.11000061035156,114.33999633789062,113.26222229003906,32676200
2022-07-22,GOOGL,Alphabet (Google),111.0,112.33999633789062,106.5,107.9000015258789,106.8829345703125,48901200
2022-07-25,GOOGL,Alphabet (Google),108.41000366210938,109.87000274658203,106.30000305175781,107.51000213623047,106.49662017822266,34690900
2022-07-26,GOOGL,Alphabet (Google),106.5999984741211,107.19999694824219,104.06999969482422,105.0199966430664,104.03007507324219,47991000
2022-07-27,GOOGL,Alphabet (Google),109.26000213623047,113.91000366210938,108.01000213623047,113.05999755859375,111.99430084228516,59858500
2022-07-28,GOOGL,Alphabet (Google),112.37000274658203,114.33999633789062,111.45999908447266,114.22000122070312,113.14336395263672,32816600
2022-07-29,GOOGL,Alphabet (Google),113.08000183105469,116.70999908447266,113.05999755859375,116.31999969482422,115.22357177734375,37223400
2022-08-01,GOOGL,Alphabet (Google),115.30000305175781,116.72000122070312,114.33999633789062,114.86000061035156,113.77733612060547,26034300
2022-08-02,GOOGL,Alphabet (Google),114.0,116.3499984741211,113.72000122070312,115.12999725341797,114.04478454589844,20236000
2022-08-03,GOOGL,Alphabet (Google),115.70999908447266,118.62000274658203,115.4800033569336,118.08000183105469,116.96698760986328,28499000
2022-08-04,GOOGL,Alphabet (Google),117.4800033569336,118.77999877929688,116.88999938964844,118.19000244140625,117.07594299316406,21602900
2022-08-05,GOOGL,Alphabet (Google),116.2300033569336,118.11000061035156,116.0,117.47000122070312,116.36273956298828,19159500
2022-08-08,GOOGL,Alphabet (Google),118.38999938964844,120.1500015258789,116.87999725341797,117.30000305175781,116.19432830810547,19138300
2022-08-09,GOOGL,Alphabet (Google),117.13999938964844,117.31999969482422,115.70999908447266,116.62999725341797,115.53064727783203,19086500
2022-08-10,GOOGL,Alphabet (Google),118.77999877929688,120.91999816894531,118.41000366210938,119.69999694824219,118.57170867919922,30930400
2022-08-11,GOOGL,Alphabet (Google),121.27999877929688,121.48999786376953,118.55999755859375,118.83999633789062,117.71981048583984,24293700
2022-08-12,GOOGL,Alphabet (Google),120.26000213623047,121.68000030517578,119.45999908447266,121.68000030517578,120.53305053710938,19096300
2022-08-15,GOOGL,Alphabet (Google),121.12999725341797,122.30000305175781,120.61000061035156,122.08000183105469,120.92928314208984,19494800
2022-08-16,GOOGL,Alphabet (Google),121.5199966430664,122.43000030517578,120.63999938964844,121.69999694824219,120.55286407470703,19041200
2022-08-17,GOOGL,Alphabet (Google),120.12000274658203,121.29000091552734,119.37999725341797,119.55000305175781,118.42313385009766,22847000
2022-08-18,GOOGL,Alphabet (Google),119.43000030517578,120.81999969482422,118.72000122070312,120.16999816894531,119.03727722167969,17987700
2022-08-19,GOOGL,Alphabet (Google),119.05999755859375,119.1500015258789,116.76000213623047,117.20999908447266,116.10517883300781,21809500
2022-08-22,GOOGL,Alphabet (Google),115.19999694824219,115.62999725341797,113.8499984741211,114.23999786376953,113.16316986083984,21456600
2022-08-23,GOOGL,Alphabet (Google),113.4800033569336,115.01000213623047,113.43000030517578,113.86000061035156,112.78675079345703,15870400
2022-08-24,GOOGL,Alphabet (Google),113.5,114.77999877929688,112.87000274658203,113.69000244140625,112.61836242675781,17734600
2022-08-25,GOOGL,Alphabet (Google),114.23999786376953,116.72000122070312,114.11000061035156,116.6500015258789,115.55044555664062,16956800
2022-08-26,GOOGL,Alphabet (Google),114.72000122070312,115.12000274658203,110.19000244140625,110.33999633789062,109.2999267578125,37245700
2022-08-29,GOOGL,Alphabet (Google),109.98999786376953,110.94999694824219,108.80000305175781,109.41999816894531,108.38859558105469,21191200
2022-08-30,GOOGL,Alphabet (Google),110.16999816894531,110.5,107.80000305175781,108.94000244140625,107.91313934326172,27513300
2022-08-31,GOOGL,Alphabet (Google),110.6500015258789,110.8499984741211,108.12999725341797,108.22000122070312,107.19992065429688,28627000
2022-09-01,GOOGL,Alphabet (Google),108.27999877929688,110.44999694824219,107.36000061035156,109.73999786376953,108.7055892944336,28360900
2022-09-02,GOOGL,Alphabet (Google),110.58999633789062,110.73999786376953,107.26000213623047,107.8499984741211,106.83340454101562,24160700
2022-09-06,GOOGL,Alphabet (Google),107.30000305175781,108.02999877929688,105.77999877929688,106.80999755859375,105.80321502685547,25068300
2022-09-07,GOOGL,Alphabet (Google),107.05999755859375,109.9800033569336,106.9000015258789,109.44999694824219,108.41831970214844,23167000
2022-09-08,GOOGL,Alphabet (Google),108.04000091552734,109.5999984741211,107.16000366210938,108.37999725341797,107.35841369628906,24238300
2022-09-09,GOOGL,Alphabet (Google),109.06999969482422,110.98999786376953,109.0199966430664,110.6500015258789,109.60702514648438,23197700
2022-09-12,GOOGL,Alphabet (Google),110.98999786376953,111.62000274658203,109.93000030517578,110.86000061035156,109.8150405883789,22966800
2022-09-13,GOOGL,Alphabet (Google),107.80000305175781,108.30000305175781,104.08999633789062,104.31999969482422,103.33667755126953,38172900
2022-09-14,GOOGL,Alphabet (Google),104.56999969482422,105.27999877929688,103.66000366210938,105.0,104.01026153564453,26395100
2022-09-15,GOOGL,Alphabet (Google),104.02999877929688,105.2699966430664,102.3499984741211,102.91000366210938,101.93997192382812,34188300
2022-09-16,GOOGL,Alphabet (Google),102.06999969482422,103.12999725341797,100.94000244140625,102.80000305175781,101.83101654052734,42797200
2022-09-19,GOOGL,Alphabet (Google),101.75,103.33000183105469,101.55000305175781,103.06999969482422,102.09845733642578,23036800
2022-09-20,GOOGL,Alphabet (Google),102.08000183105469,102.37000274658203,100.5199966430664,101.13999938964844,100.18666076660156,26517100
2022-09-21,GOOGL,Alphabet (Google),101.66999816894531,102.87999725341797,99.2699966430664,99.27999877929688,98.34419250488281,31487300
2022-09-22,GOOGL,Alphabet (Google),98.81999969482422,101.23999786376953,98.79000091552734,100.13999938964844,99.19608306884766,34298600
2022-09-23,GOOGL,Alphabet (Google),99.62999725341797,99.66000366210938,97.47000122070312,98.73999786376953,97.80926513671875,31625400
2022-09-26,GOOGL,Alphabet (Google),98.0999984741211,99.87999725341797,97.80000305175781,98.16999816894531,97.2446517944336,27072700
2022-09-27,GOOGL,Alphabet (Google),99.43000030517578,100.0,96.87000274658203,97.5,96.58096313476562,30072800
2022-09-28,GOOGL,Alphabet (Google),97.6500015258789,100.69999694824219,97.11000061035156,100.05000305175781,99.10693359375,32466300
2022-09-29,GOOGL,Alphabet (Google),98.63999938964844,98.63999938964844,95.95999908447266,97.41999816894531,96.50172424316406,31047200
2022-09-30,GOOGL,Alphabet (Google),97.05000305175781,98.9000015258789,95.55999755859375,95.6500015258789,94.74840545654297,32941500
2022-10-03,GOOGL,Alphabet (Google),96.76000213623047,99.29000091552734,96.5199966430664,98.63999938964844,97.71021270751953,27982000
2022-10-04,GOOGL,Alphabet (Google),100.44000244140625,101.83999633789062,100.37999725341797,101.63999938964844,100.68192291259766,28850800
2022-10-05,GOOGL,Alphabet (Google),99.83000183105469,101.93000030517578,98.80000305175781,101.43000030517578,100.47392272949219,22176900
2022-10-06,GOOGL,Alphabet (Google),100.68000030517578,102.93000030517578,100.58999633789062,101.41999816894531,100.46400451660156,22324000
2022-10-07,GOOGL,Alphabet (Google),99.8499984741211,100.52999877929688,98.30000305175781,98.68000030517578,97.74983978271484,27502800
2022-10-10,GOOGL,Alphabet (Google),99.0,99.0999984741211,97.01000213623047,97.86000061035156,96.93757629394531,18225100
2022-10-11,GOOGL,Alphabet (Google),97.43000030517578,99.25,96.30999755859375,97.18000030517578,96.26397705078125,26507100
2022-10-12,GOOGL,Alphabet (Google),97.30000305175781,98.75,96.73999786376953,97.55999755859375,96.6404037475586,21876400
2022-10-13,GOOGL,Alphabet (Google),95.1500015258789,99.77999877929688,94.37999725341797,99.05999755859375,98.12626647949219,34574500
2022-10-14,GOOGL,Alphabet (Google),99.98999786376953,100.69000244140625,96.37000274658203,96.55999755859375,95.64983367919922,25410700
2022-10-17,GOOGL,Alphabet (Google),98.86000061035156,100.93000030517578,98.83000183105469,99.97000122070312,99.0276870727539,28419200
2022-10-18,GOOGL,Alphabet (Google),103.12999725341797,103.47000122070312,99.97000122070312,100.7699966430664,99.82014465332031,24060700
2022-10-19,GOOGL,Alphabet (Google),100.01000213623047,101.0199966430664,98.91999816894531,99.62999725341797,98.69087982177734,23811100
2022-10-20,GOOGL,Alphabet (Google),100.0,102.31999969482422,99.38999938964844,99.97000122070312,99.0276870727539,25323200
2022-10-21,GOOGL,Alphabet (Google),97.8499984741211,101.30999755859375,97.72000122070312,101.12999725341797,100.17675018310547,32458700
2022-10-24,GOOGL,Alphabet (Google),101.80000305175781,102.75,99.9800033569336,102.5199966430664,101.55364990234375,27176400
2022-10-25,GOOGL,Alphabet (Google),102.9000015258789,104.81999969482422,102.72000122070312,104.4800033569336,103.49516296386719,40611400
2022-10-26,GOOGL,Alphabet (Google),96.43000030517578,98.30999755859375,94.69000244140625,94.93000030517578,94.03518676757812,88114100
2022-10-27,GOOGL,Alphabet (Google),94.5199966430664,95.43000030517578,91.80000305175781,92.22000122070312,91.3507308959961,60710900
2022-10-28,GOOGL,Alphabet (Google),92.2699966430664,96.55000305175781,92.12999725341797,96.29000091552734,95.38236999511719,43697300
2022-10-31,GOOGL,Alphabet (Google),95.41999816894531,96.02999877929688,93.9800033569336,94.51000213623047,93.61914825439453,31675000
2022-11-01,GOOGL,Alphabet (Google),95.44999694824219,96.02999877929688,90.37000274658203,90.47000122070312,89.61722564697266,47161400
2022-11-02,GOOGL,Alphabet (Google),90.94000244140625,91.18000030517578,86.87999725341797,86.97000122070312,86.15022277832031,57038300
2022-11-03,GOOGL,Alphabet (Google),86.31999969482422,86.5199966430664,83.33999633789062,83.43000030517578,82.64359283447266,61288000
2022-11-04,GOOGL,Alphabet (Google),85.4000015258789,86.63999938964844,83.70999908447266,86.58000183105469,85.76390838623047,51124900
2022-11-07,GOOGL,Alphabet (Google),87.27999877929688,88.9000015258789,86.8499984741211,88.48999786376953,87.65589141845703,34078900
2022-11-08,GOOGL,Alphabet (Google),88.9000015258789,90.31999969482422,87.58999633789062,88.9000015258789,88.06204223632812,30429000
2022-11-09,GOOGL,Alphabet (Google),88.44999694824219,89.44000244140625,87.27999877929688,87.31999969482422,86.4969253540039,31769100
2022-11-10,GOOGL,Alphabet (Google),92.25,94.38999938964844,91.61000061035156,93.94000244140625,93.05452728271484,51620100
2022-11-11,GOOGL,Alphabet (Google),94.69000244140625,96.93000030517578,93.91999816894531,96.41000366210938,95.50123596191406,33090500
2022-11-14,GOOGL,Alphabet (Google),95.08999633789062,96.79000091552734,94.51000213623047,95.69999694824219,94.79792785644531,30179500
2022-11-15,GOOGL,Alphabet (Google),98.26000213623047,100.13999938964844,96.70999908447266,98.44000244140625,97.51210021972656,41640800
2022-11-16,GOOGL,Alphabet (Google),97.9000015258789,99.63999938964844,97.63999938964844,98.8499984741211,97.91824340820312,29105200
2022-11-17,GOOGL,Alphabet (Google),96.97000122070312,99.27999877929688,96.79000091552734,98.36000061035156,97.43285369873047,26052600
2022-11-18,GOOGL,Alphabet (Google),98.7699966430664,98.9000015258789,96.37000274658203,97.43000030517578,96.51163482666016,28342300
2022-11-21,GOOGL,Alphabet (Google),97.29000091552734,98.4000015258789,95.36000061035156,95.5999984741211,94.69886779785156,21647400
2022-11-22,GOOGL,Alphabet (Google),95.94999694824219,97.22000122070312,94.05000305175781,97.05000305175781,96.13520812988281,23438500
2022-11-23,GOOGL,Alphabet (Google),97.08999633789062,98.76000213623047,97.08999633789062,98.45999908447266,97.53190612792969,18868100
2022-11-25,GOOGL,Alphabet (Google),98.23999786376953,98.63999938964844,97.4000015258789,97.45999908447266,96.54133605957031,9701400
2022-11-28,GOOGL,Alphabet (Google),97.04000091552734,97.58000183105469,95.61000061035156,96.05000305175781,95.14462280273438,26237500
2022-11-29,GOOGL,Alphabet (Google),95.7300033569336,96.12000274658203,94.11000061035156,95.19000244140625,94.2927474975586,20061700
2022-11-30,GOOGL,Alphabet (Google),94.81999969482422,101.04000091552734,94.41999816894531,100.98999786376953,100.03807830810547,43647500
2022-12-01,GOOGL,Alphabet (Google),101.0199966430664,102.25,100.25,100.98999786376953,100.03807830810547,28687100
2022-12-02,GOOGL,Alphabet (Google),99.05000305175781,100.7699966430664,98.9000015258789,100.44000244140625,99.49325561523438,21480700
2022-12-05,GOOGL,Alphabet (Google),99.4000015258789,101.37999725341797,99.0,99.4800033569336,98.54231262207031,24405100
2022-12-06,GOOGL,Alphabet (Google),99.30000305175781,99.77999877929688,96.41999816894531,96.9800033569336,96.06587219238281,24910700
2022-12-07,GOOGL,Alphabet (Google),96.41000366210938,96.87999725341797,94.72000122070312,94.94000244140625,94.04510498046875,31045400
2022-12-08,GOOGL,Alphabet (Google),95.37999725341797,95.58000183105469,93.44999694824219,93.70999908447266,92.82667541503906,32213300
2022-12-09,GOOGL,Alphabet (Google),93.7699966430664,94.26000213623047,92.75,92.83000183105469,91.95498657226562,28225400
2022-12-12,GOOGL,Alphabet (Google),92.70999908447266,93.55999755859375,91.61000061035156,93.30999755859375,92.43046569824219,29420000
2022-12-13,GOOGL,Alphabet (Google),97.76000213623047,99.52999877929688,95.02999877929688,95.62999725341797,94.72859191894531,40593700
2022-12-14,GOOGL,Alphabet (Google),95.19999694824219,96.87000274658203,93.5999984741211,95.06999969482422,94.17386627197266,28733600
2022-12-15,GOOGL,Alphabet (Google),93.12999725341797,93.63999938964844,90.01000213623047,90.86000061035156,90.00355529785156,40107000
2022-12-16,GOOGL,Alphabet (Google),90.76000213623047,91.33000183105469,89.5199966430664,90.26000213623047,89.40921020507812,58011800
2022-12-19,GOOGL,Alphabet (Google),90.26000213623047,90.55999755859375,88.20999908447266,88.44000244140625,87.60636901855469,29493000
2022-12-20,GOOGL,Alphabet (Google),88.11000061035156,89.18000030517578,87.44000244140625,89.0199966430664,88.18090057373047,23453800
2022-12-21,GOOGL,Alphabet (Google),89.08000183105469,90.22000122070312,88.31999969482422,89.58000183105469,88.73562622070312,24745600
2022-12-22,GOOGL,Alphabet (Google),88.16000366210938,88.54000091552734,86.31999969482422,87.76000213623047,86.93276977539062,27658300
2022-12-23,GOOGL,Alphabet (Google),87.11000061035156,89.55000305175781,87.06999969482422,89.2300033569336,88.388916015625,23003000
2022-12-27,GOOGL,Alphabet (Google),88.80000305175781,88.94000244140625,87.01000213623047,87.38999938964844,86.56625366210938,20097300
2022-12-28,GOOGL,Alphabet (Google),86.9800033569336,88.04000091552734,85.94000244140625,86.0199966430664,85.20917510986328,19523200
2022-12-29,GOOGL,Alphabet (Google),86.62000274658203,88.8499984741211,86.61000061035156,88.44999694824219,87.61626434326172,23333500
2022-12-30,GOOGL,Alphabet (Google),86.9800033569336,88.30000305175781,86.56999969482422,88.2300033569336,87.39834594726562,23986300
2023-01-03,GOOGL,Alphabet (Google),89.58999633789062,91.05000305175781,88.5199966430664,89.12000274658203,88.27995300292969,28131200
2023-01-04,GOOGL,Alphabet (Google),90.3499984741211,90.6500015258789,87.2699966430664,88.08000183105469,87.24976348876953,34854800
2023-01-05,GOOGL,Alphabet (Google),87.47000122070312,87.56999969482422,85.9000015258789,86.19999694824219,85.38746643066406,27194400
2023-01-06,GOOGL,Alphabet (Google),86.79000091552734,87.69000244140625,84.86000061035156,87.33999633789062,86.5167236328125,41381500
2023-01-09,GOOGL,Alphabet (Google),88.36000061035156,90.05000305175781,87.86000061035156,88.0199966430664,87.1903076171875,29003900
2023-01-10,GOOGL,Alphabet (Google),85.9800033569336,88.66999816894531,85.83000183105469,88.41999816894531,87.58655548095703,30467800
2023-01-11,GOOGL,Alphabet (Google),89.18000030517578,91.5999984741211,89.01000213623047,91.5199966430664,90.65733337402344,26862000
2023-01-12,GOOGL,Alphabet (Google),91.4800033569336,91.87000274658203,89.75,91.12999725341797,90.27100372314453,30258100
2023-01-13,GOOGL,Alphabet (Google),90.8499984741211,92.19000244140625,90.12999725341797,92.12000274658203,91.25166320800781,26329200
2023-01-17,GOOGL,Alphabet (Google),92.05999755859375,92.25,90.05000305175781,91.29000091552734,90.42950439453125,32602400
2023-01-18,GOOGL,Alphabet (Google),92.13999938964844,92.80000305175781,90.63999938964844,91.12000274658203,90.26111602783203,29116700
2023-01-19,GOOGL,Alphabet (Google),90.72000122070312,93.61000061035156,90.62999725341797,93.05000305175781,92.17291259765625,37000400
2023-01-20,GOOGL,Alphabet (Google),95.0999984741211,98.30000305175781,95.0199966430664,98.0199966430664,97.09605407714844,63191100
2023-01-23,GOOGL,Alphabet (Google),97.94999694824219,100.04000091552734,97.5,99.79000091552734,98.84937286376953,40005100
2023-01-24,GOOGL,Alphabet (Google),98.0999984741211,99.61000061035156,97.19999694824219,97.69999694824219,96.7790756225586,33078500
2023-01-25,GOOGL,Alphabet (Google),95.56999969482422,96.16000366210938,93.76000213623047,95.22000122070312,94.32244873046875,42330000
2023-01-26,GOOGL,Alphabet (Google),96.5,97.56999969482422,95.37999725341797,97.5199966430664,96.60077667236328,30114000
2023-01-27,GOOGL,Alphabet (Google),97.30999755859375,100.31999969482422,97.30999755859375,99.37000274658203,98.43333435058594,33879800
2023-01-30,GOOGL,Alphabet (Google),97.4800033569336,98.29000091552734,96.4000015258789,96.94000244140625,96.02625274658203,27226200
2023-01-31,GOOGL,Alphabet (Google),96.87000274658203,98.87999725341797,96.81999969482422,98.83999633789062,97.90833282470703,29870700
2023-02-01,GOOGL,Alphabet (Google),98.70999908447266,101.19000244140625,97.58000183105469,100.43000030517578,99.48334503173828,35531100
2023-02-02,GOOGL,Alphabet (Google),105.80000305175781,107.8499984741211,105.61000061035156,107.73999786376953,106.72443389892578,69883800
2023-02-03,GOOGL,Alphabet (Google),102.93000030517578,107.80999755859375,102.58000183105469,104.77999877929688,103.7923355102539,65309300
2023-02-06,GOOGL,Alphabet (Google),102.4000015258789,104.36000061035156,101.87999725341797,102.9000015258789,101.9300765991211,31999600
2023-02-07,GOOGL,Alphabet (Google),103.22000122070312,108.18000030517578,103.12000274658203,107.63999938964844,106.62538146972656,49010200
2023-02-08,GOOGL,Alphabet (Google),102.05000305175781,103.13999938964844,98.04000091552734,99.37000274658203,98.43333435058594,94743500
2023-02-09,GOOGL,Alphabet (Google),100.0,100.02999877929688,93.62999725341797,95.01000213623047,94.11443328857422,119455000
2023-02-10,GOOGL,Alphabet (Google),95.44999694824219,96.75,94.25,94.56999969482422,93.67857360839844,54980700
2023-02-13,GOOGL,Alphabet (Google),94.73999786376953,95.19999694824219,93.83999633789062,94.61000061035156,93.71820831298828,50076100
2023-02-14,GOOGL,Alphabet (Google),94.43000030517578,94.8499984741211,92.26000213623047,94.68000030517578,93.78755187988281,54726100
2023-02-15,GOOGL,Alphabet (Google),94.48999786376953,97.12000274658203,94.1500015258789,96.94000244140625,96.02625274658203,50169000
2023-02-16,GOOGL,Alphabet (Google),95.37000274658203,97.68000030517578,94.73999786376953,95.51000213623047,94.6097183227539,42462600
2023-02-17,GOOGL,Alphabet (Google),94.8499984741211,95.55999755859375,93.20999908447266,94.3499984741211,93.4606704711914,34284100
2023-02-21,GOOGL,Alphabet (Google),93.0,93.0999984741211,91.72000122070312,91.79000091552734,90.92479705810547,33629300
2023-02-22,GOOGL,Alphabet (Google),91.69999694824219,92.11000061035156,90.61000061035156,91.6500015258789,90.78610229492188,30884000
2023-02-23,GOOGL,Alphabet (Google),91.91999816894531,91.94000244140625,89.76000213623047,90.88999938964844,90.03327178955078,41206400
2023-02-24,GOOGL,Alphabet (Google),89.44000244140625,89.88999938964844,88.58000183105469,89.12999725341797,88.28986358642578,36585100
2023-02-27,GOOGL,Alphabet (Google),89.87000274658203,90.16000366210938,89.33999633789062,89.87000274658203,89.02288818359375,27502300
2023-02-28,GOOGL,Alphabet (Google),89.33000183105469,91.2300033569336,89.31999969482422,90.05999755859375,89.21109771728516,30142000
2023-03-01,GOOGL,Alphabet (Google),89.9800033569336,91.02999877929688,89.66999816894531,90.36000061035156,89.50827026367188,31111200
2023-03-02,GOOGL,Alphabet (Google),89.66000366210938,92.27999877929688,89.58999633789062,92.0,91.13280487060547,32204400
2023-03-03,GOOGL,Alphabet (Google),92.4800033569336,93.7300033569336,92.44999694824219,93.6500015258789,92.76725006103516,35160100
2023-03-06,GOOGL,Alphabet (Google),94.0199966430664,95.97000122070312,94.0,95.12999725341797,94.23330688476562,32639300
2023-03-07,GOOGL,Alphabet (Google),94.9800033569336,95.66999816894531,93.52999877929688,93.86000061035156,92.97528076171875,27835500
2023-03-08,GOOGL,Alphabet (Google),94.12000274658203,95.95999908447266,94.0,94.25,93.36160278320312,34103300
2023-03-09,GOOGL,Alphabet (Google),94.05000305175781,95.52999877929688,91.9000015258789,92.31999969482422,91.44978332519531,28813500
2023-03-10,GOOGL,Alphabet (Google),92.16999816894531,92.79000091552734,90.4000015258789,90.62999725341797,89.77572631835938,35941000
2023-03-13,GOOGL,Alphabet (Google),90.08999633789062,92.56999969482422,89.41999816894531,91.11000061035156,90.25121307373047,37335600
2023-03-14,GOOGL,Alphabet (Google),92.55999755859375,94.36000061035156,92.44000244140625,93.97000122070312,93.084228515625,36050200
2023-03-15,GOOGL,Alphabet (Google),93.22000122070312,96.93000030517578,92.63999938964844,96.11000061035156,95.20407104492188,50622100
2023-03-16,GOOGL,Alphabet (Google),96.19999694824219,101.19000244140625,95.5,100.31999969482422,99.3743896484375,65492000
2023-03-17,GOOGL,Alphabet (Google),100.26000213623047,102.83999633789062,100.0999984741211,101.62000274658203,100.6621322631836,61028500
2023-03-20,GOOGL,Alphabet (Google),100.12000274658203,101.75,99.87000274658203,101.22000122070312,100.26590728759766,32960400
2023-03-21,GOOGL,Alphabet (Google),101.25,105.0999984741211,101.22000122070312,104.91999816894531,103.93101501464844,42110300
2023-03-22,GOOGL,Alphabet (Google),104.2699966430664,106.58999633789062,103.33000183105469,103.37000274658203,102.3956298828125,43427400
2023-03-23,GOOGL,Alphabet (Google),105.05999755859375,106.30000305175781,104.45999908447266,105.5999984741211,104.60462951660156,40797800
2023-03-24,GOOGL,Alphabet (Google),104.98999786376953,105.48999786376953,103.83999633789062,105.44000244140625,104.44612121582031,30393300
2023-03-27,GOOGL,Alphabet (Google),104.62000274658203,104.76000213623047,101.93000030517578,102.45999908447266,101.49420928955078,31120900
2023-03-28,GOOGL,Alphabet (Google),102.44000244140625,102.44999694824219,99.73999786376953,101.02999877929688,100.07769775390625,32057900
2023-03-29,GOOGL,Alphabet (Google),102.27999877929688,102.48999786376953,100.6500015258789,101.38999938964844,100.4343032836914,28779600
2023-03-30,GOOGL,Alphabet (Google),100.91000366210938,101.16000366210938,99.77999877929688,100.88999938964844,99.93901062011719,33086200
2023-03-31,GOOGL,Alphabet (Google),101.30000305175781,103.88999938964844,101.04000091552734,103.7300033569336,102.75225067138672,36863400
2023-04-03,GOOGL,Alphabet (Google),102.38999938964844,104.52999877929688,101.93000030517578,104.36000061035156,103.37630462646484,25035400
2023-04-04,GOOGL,Alphabet (Google),104.33000183105469,105.58000183105469,104.04000091552734,104.72000122070312,103.73290252685547,24420100
2023-04-05,GOOGL,Alphabet (Google),105.77999877929688,106.0999984741211,103.66000366210938,104.47000122070312,103.48527526855469,28290500
2023-04-06,GOOGL,Alphabet (Google),105.26000213623047,109.16999816894531,104.33000183105469,108.41999816894531,107.39803314208984,48711500
2023-04-10,GOOGL,Alphabet (Google),106.9800033569336,107.58999633789062,105.12000274658203,106.44000244140625,105.43669891357422,27067400
2023-04-11,GOOGL,Alphabet (Google),106.55000305175781,106.7300033569336,104.68000030517578,105.3499984741211,104.3569564819336,26311800
2023-04-12,GOOGL,Alphabet (Google),106.58000183105469,106.75,104.33999633789062,104.63999938964844,103.65365600585938,24370300
2023-04-13,GOOGL,Alphabet (Google),105.83999633789062,107.48999786376953,105.83999633789062,107.43000030517578,106.4173583984375,24843600
2023-04-14,GOOGL,Alphabet (Google),106.88999938964844,108.94000244140625,106.83999633789062,108.87000274658203,107.84378814697266,26578000
2023-04-17,GOOGL,Alphabet (Google),104.66000366210938,106.16000366210938,104.5199966430664,105.97000122070312,104.97113037109375,37571200
2023-04-18,GOOGL,Alphabet (Google),106.48999786376953,106.54000091552734,104.06999969482422,104.5,103.51497650146484,26596400
2023-04-19,GOOGL,Alphabet (Google),103.58000183105469,104.9800033569336,103.06999969482422,104.18000030517578,103.19799041748047,20905700
2023-04-20,GOOGL,Alphabet (Google),103.91000366210938,106.25,103.87000274658203,105.29000091552734,104.29753112792969,27820800
2023-04-21,GOOGL,Alphabet (Google),105.47000122070312,106.0,104.77999877929688,105.41000366210938,104.41641235351562,25800100
2023-04-24,GOOGL,Alphabet (Google),105.48999786376953,106.62999725341797,104.69999694824219,105.97000122070312,104.97113037109375,23542800
2023-04-25,GOOGL,Alphabet (Google),105.83000183105469,106.69000244140625,103.83999633789062,103.8499984741211,102.87110900878906,46664100
2023-04-26,GOOGL,Alphabet (Google),104.91999816894531,106.3499984741211,102.62999725341797,103.70999908447266,102.73242950439453,53347600
2023-04-27,GOOGL,Alphabet (Google),104.44999694824219,108.37000274658203,103.54000091552734,107.58999633789062,106.57585906982422,50089200
2023-04-28,GOOGL,Alphabet (Google),107.04000091552734,107.3499984741211,105.08999633789062,107.33999633789062,106.32820129394531,36139800
2023-05-01,GOOGL,Alphabet (Google),106.83999633789062,107.98999786376953,106.81999969482422,107.19999694824219,106.18952941894531,26681700
2023-05-02,GOOGL,Alphabet (Google),107.13999938964844,107.19999694824219,103.70999908447266,105.31999969482422,104.32726287841797,30997200
2023-05-03,GOOGL,Alphabet (Google),105.52999877929688,107.48999786376953,104.95999908447266,105.41000366210938,104.41641235351562,21795400
2023-05-04,GOOGL,Alphabet (Google),105.48999786376953,105.5999984741211,103.97000122070312,104.69000244140625,103.70320892333984,23419500
2023-05-05,GOOGL,Alphabet (Google),104.81999969482422,105.87999725341797,104.11000061035156,105.56999969482422,104.57489013671875,26639300
2023-05-08,GOOGL,Alphabet (Google),105.18000030517578,107.95999908447266,105.16000366210938,107.7699966430664,106.75415802001953,26511400
2023-05-09,GOOGL,Alphabet (Google),108.38999938964844,110.1500015258789,107.19000244140625,107.3499984741211,106.33812713623047,36360100
2023-05-10,GOOGL,Alphabet (Google),107.97000122070312,112.94000244140625,107.93000030517578,111.75,110.69664001464844,63153400
2023-05-11,GOOGL,Alphabet (Google),115.4000015258789,117.91999816894531,114.41000366210938,116.56999969482422,115.47122192382812,78900000
2023-05-12,GOOGL,Alphabet (Google),116.68000030517578,118.02999877929688,116.11000061035156,117.51000213623047,116.4023666381836,41102300
2023-05-15,GOOGL,Alphabet (Google),116.11000061035156,118.4800033569336,116.01000213623047,116.51000213623047,115.41177368164062,36266800
2023-05-16,GOOGL,Alphabet (Google),116.48999786376953,120.75,116.43000030517578,119.51000213623047,118.38349914550781,45035600
2023-05-17,GOOGL,Alphabet (Google),119.61000061035156,121.66999816894531,118.88999938964844,120.83999633789062,119.70096588134766,33323600
2023-05-18,GOOGL,Alphabet (Google),120.94999694824219,123.30999755859375,120.83000183105469,122.83000183105469,121.67221069335938,35234200
2023-05-19,GOOGL,Alphabet (Google),123.55000305175781,125.97000122070312,122.1500015258789,122.76000213623047,121.60287475585938,41353400
2023-05-22,GOOGL,Alphabet (Google),122.94000244140625,126.43000030517578,122.73999786376953,125.05000305175781,123.87129211425781,35253000
2023-05-23,GOOGL,Alphabet (Google),124.16000366210938,124.62999725341797,122.20999908447266,122.55999755859375,121.40474700927734,34046300
2023-05-24,GOOGL,Alphabet (Google),121.12000274658203,121.91000366210938,119.86000061035156,120.9000015258789,119.76040649414062,34182600
2023-05-25,GOOGL,Alphabet (Google),124.5199966430664,125.31999969482422,121.95999908447266,123.4800033569336,122.31607818603516,42317000
2023-05-26,GOOGL,Alphabet (Google),123.16999816894531,125.26000213623047,122.44999694824219,124.61000061035156,123.4354248046875,35635900
2023-05-30,GOOGL,Alphabet (Google),125.63999938964844,125.66000366210938,122.0,123.66999816894531,122.50430297851562,35076700
2023-05-31,GOOGL,Alphabet (Google),122.75,124.05999755859375,122.5,122.87000274658203,121.71183776855469,37325800
2023-06-01,GOOGL,Alphabet (Google),122.81999969482422,124.41999816894531,122.62000274658203,123.72000122070312,122.55380249023438,30772700
2023-06-02,GOOGL,Alphabet (Google),123.98999786376953,126.1500015258789,123.76000213623047,124.66999816894531,123.49485778808594,26980100
2023-06-05,GOOGL,Alphabet (Google),124.01000213623047,127.43000030517578,123.83999633789062,126.01000213623047,124.82225036621094,32305500
2023-06-06,GOOGL,Alphabet (Google),126.01000213623047,128.2899932861328,125.36000061035156,127.30999755859375,126.10997009277344,26638300
2023-06-07,GOOGL,Alphabet (Google),126.97000122070312,129.0399932861328,122.12000274658203,122.5,121.34532165527344,52539000
2023-06-08,GOOGL,Alphabet (Google),122.2300033569336,123.2300033569336,121.23999786376953,122.13999938964844,120.98870849609375,29389200
2023-06-09,GOOGL,Alphabet (Google),122.25,123.76000213623047,121.91000366210938,122.2300033569336,121.07785034179688,23778300
2023-06-12,GOOGL,Alphabet (Google),122.79000091552734,124.05000305175781,121.66000366210938,123.63999938964844,122.47457122802734,28306400
2023-06-13,GOOGL,Alphabet (Google),124.9800033569336,125.16000366210938,123.18000030517578,123.83000183105469,122.66278076171875,22278300
2023-06-14,GOOGL,Alphabet (Google),123.0999984741211,124.05000305175781,121.44999694824219,123.66999816894531,122.50430297851562,30592300
2023-06-15,GOOGL,Alphabet (Google),123.13999938964844,125.45999908447266,122.4000015258789,125.08999633789062,123.910888671875,35246300
2023-06-16,GOOGL,Alphabet (Google),125.93000030517578,126.11000061035156,123.27999877929688,123.52999877929688,122.3656234741211,45535600
2023-06-20,GOOGL,Alphabet (Google),122.93000030517578,124.56999969482422,122.13999938964844,123.0999984741211,121.93964385986328,26097500
2023-06-21,GOOGL,Alphabet (Google),122.4000015258789,122.66000366210938,120.0999984741211,120.55000305175781,119.41371154785156,30306300
2023-06-22,GOOGL,Alphabet (Google),120.0,123.23999786376953,118.83000183105469,123.1500015258789,121.98918914794922,26952200
2023-06-23,GOOGL,Alphabet (Google),121.37999725341797,122.79000091552734,121.05999755859375,122.33999633789062,121.18682098388672,34913600
2023-06-26,GOOGL,Alphabet (Google),120.76000213623047,122.0,118.2699966430664,118.33999633789062,117.22451782226562,33969900
2023-06-27,GOOGL,Alphabet (Google),117.08000183105469,119.08000183105469,116.0999984741211,118.33000183105469,117.21463012695312,39535900
2023-06-28,GOOGL,Alphabet (Google),117.08999633789062,120.38999938964844,116.8499984741211,120.18000030517578,119.04718780517578,27091400
2023-06-29,GOOGL,Alphabet (Google),119.23999786376953,120.05999755859375,118.30000305175781,119.0999984741211,117.97735595703125,24090900
2023-06-30,GOOGL,Alphabet (Google),120.16999816894531,121.08000183105469,119.69000244140625,119.69999694824219,118.57170867919922,29532200
2023-07-03,GOOGL,Alphabet (Google),119.23999786376953,120.19000244140625,118.81999969482422,119.9000015258789,118.76981353759766,14467900
2023-07-05,GOOGL,Alphabet (Google),119.23999786376953,122.61000061035156,119.2300033569336,121.75,120.60237884521484,27584800
2023-07-06,GOOGL,Alphabet (Google),119.80000305175781,120.30000305175781,118.4000015258789,120.11000061035156,118.97784423828125,24745200
2023-07-07,GOOGL,Alphabet (Google),120.0999984741211,121.05000305175781,119.4000015258789,119.4800033569336,118.35379028320312,21709500
2023-07-10,GOOGL,Alphabet (Google),118.30000305175781,118.30999755859375,116.13999938964844,116.44999694824219,115.35234069824219,35315200
2023-07-11,GOOGL,Alphabet (Google),116.29000091552734,117.70999908447266,115.3499984741211,117.13999938964844,116.03583526611328,23078800
2023-07-12,GOOGL,Alphabet (Google),118.80000305175781,120.33000183105469,118.41000366210938,118.93000030517578,117.8089599609375,30404400
2023-07-13,GOOGL,Alphabet (Google),120.93000030517578,124.83000183105469,120.44999694824219,124.54000091552734,123.36608123779297,44297900
2023-07-14,GOOGL,Alphabet (Google),124.80000305175781,126.77999877929688,123.48999786376953,125.41999816894531,124.23779296875,33283100
2023-07-17,GOOGL,Alphabet (Google),125.94000244140625,127.0999984741211,124.19999694824219,124.6500015258789,123.47505187988281,25716200
2023-07-18,GOOGL,Alphabet (Google),124.5999984741211,124.68000030517578,122.95999908447266,123.76000213623047,122.59344482421875,26193600
2023-07-19,GOOGL,Alphabet (Google),124.5999984741211,125.18000030517578,121.80000305175781,122.02999877929688,120.87975311279297,37224000
2023-07-20,GOOGL,Alphabet (Google),121.41999816894531,124.08999633789062,118.22000122070312,119.19999694824219,118.07642364501953,37906800
2023-07-21,GOOGL,Alphabet (Google),120.62000274658203,120.98999786376953,118.7300033569336,120.0199966430664,118.88868713378906,72937900
2023-07-24,GOOGL,Alphabet (Google),121.66000366210938,123.0,120.9800033569336,121.52999877929688,120.38446044921875,29686100
2023-07-25,GOOGL,Alphabet (Google),121.36000061035156,123.1500015258789,121.0199966430664,122.20999908447266,121.05803680419922,52509600
2023-07-26,GOOGL,Alphabet (Google),130.07000732421875,130.97999572753906,128.32000732421875,129.27000427246094,128.05148315429688,61682100
2023-07-27,GOOGL,Alphabet (Google),131.6699981689453,133.24000549316406,128.7899932861328,129.39999389648438,128.18028259277344,44952100
2023-07-28,GOOGL,Alphabet (Google),130.77999877929688,133.74000549316406,130.57000732421875,132.5800018310547,131.33030700683594,36591200
2023-07-31,GOOGL,Alphabet (Google),132.72999572753906,133.52999877929688,131.77999877929688,132.72000122070312,131.468994140625,28055500
2023-08-01,GOOGL,Alphabet (Google),130.77999877929688,132.6300048828125,130.67999267578125,131.5500030517578,130.30999755859375,23166800
2023-08-02,GOOGL,Alphabet (Google),129.4499969482422,130.08999633789062,127.55999755859375,128.3800048828125,127.16989135742188,26273300
2023-08-03,GOOGL,Alphabet (Google),127.97000122070312,129.38999938964844,127.41999816894531,128.4499969482422,127.23921966552734,20089500
2023-08-04,GOOGL,Alphabet (Google),129.27999877929688,131.50999450683594,127.91000366210938,128.11000061035156,126.90242767333984,26147200
2023-08-07,GOOGL,Alphabet (Google),129.16000366210938,131.61000061035156,129.02000427246094,131.52999877929688,130.2902069091797,22746300
2023-08-08,GOOGL,Alphabet (Google),130.6199951171875,131.50999450683594,129.5399932861328,131.39999389648438,130.16140747070312,23535200
2023-08-09,GOOGL,Alphabet (Google),131.66000366210938,132.0399932861328,129.0,129.66000366210938,128.43785095214844,24912900
2023-08-10,GOOGL,Alphabet (Google),131.32000732421875,132.0500030517578,129.4499969482422,129.69000244140625,128.467529296875,20857800
2023-08-11,GOOGL,Alphabet (Google),128.66000366210938,129.92999267578125,128.1699981689453,129.55999755859375,128.33877563476562,19591100
2023-08-14,GOOGL,Alphabet (Google),129.38999938964844,131.3699951171875,128.9600067138672,131.3300018310547,130.09207153320312,24695600
2023-08-15,GOOGL,Alphabet (Google),131.10000610351562,131.4199981689453,129.27999877929688,129.77999877929688,128.55670166015625,19770700
2023-08-16,GOOGL,Alphabet (Google),128.6999969482422,130.27999877929688,127.87000274658203,128.6999969482422,127.48687744140625,25216100
2023-08-17,GOOGL,Alphabet (Google),129.8000030517578,131.99000549316406,129.2899932861328,129.9199981689453,128.6953887939453,33446300
2023-08-18,GOOGL,Alphabet (Google),128.50999450683594,129.25,126.37999725341797,127.45999908447266,126.2585678100586,30504800
2023-08-21,GOOGL,Alphabet (Google),127.18000030517578,128.72999572753906,126.55999755859375,128.3699951171875,127.15997314453125,25248700
2023-08-22,GOOGL,Alphabet (Google),128.50999450683594,130.27999877929688,128.32000732421875,129.0800018310547,127.86328887939453,22054900
2023-08-23,GOOGL,Alphabet (Google),130.17999267578125,133.41000366210938,129.8699951171875,132.3699951171875,131.1222686767578,27819700
2023-08-24,GOOGL,Alphabet (Google),133.9499969482422,134.25,129.57000732421875,129.77999877929688,128.55670166015625,28500700
2023-08-25,GOOGL,Alphabet (Google),129.5399932861328,130.75999450683594,127.25,129.8800048828125,128.65576171875,26762900
2023-08-28,GOOGL,Alphabet (Google),131.30999755859375,132.5399932861328,130.13999938964844,131.00999450683594,129.77511596679688,20543300
2023-08-29,GOOGL,Alphabet (Google),132.24000549316406,136.57000732421875,132.24000549316406,134.57000732421875,133.3015594482422,43075600
2023-08-30,GOOGL,Alphabet (Google),134.77999877929688,136.27999877929688,134.07000732421875,135.8800048828125,134.59921264648438,28315800
2023-08-31,GOOGL,Alphabet (Google),136.00999450683594,138.0,135.7899932861328,136.1699981689453,134.88645935058594,30053800
2023-09-01,GOOGL,Alphabet (Google),137.4600067138672,137.4600067138672,134.85000610351562,135.66000366210938,134.38125610351562,21543700
2023-09-05,GOOGL,Alphabet (Google),135.44000244140625,136.4199981689453,134.5800018310547,135.77000427246094,134.490234375,19403100
2023-09-06,GOOGL,Alphabet (Google),136.02000427246094,136.52999877929688,133.6699981689453,134.4600067138672,133.19259643554688,18684500
2023-09-07,GOOGL,Alphabet (Google),133.58999633789062,135.5800018310547,132.9499969482422,135.25999450683594,133.98504638671875,18844300
2023-09-08,GOOGL,Alphabet (Google),134.91000366210938,136.66000366210938,134.85000610351562,136.3800048828125,135.09446716308594,23558300
2023-09-11,GOOGL,Alphabet (Google),136.5399932861328,137.47999572753906,135.7899932861328,136.9199981689453,135.62939453125,20763400
2023-09-12,GOOGL,Alphabet (Google),136.25999450683594,136.8699951171875,135.19000244140625,135.33999633789062,134.0642852783203,18405500
2023-09-13,GOOGL,Alphabet (Google),135.08999633789062,136.89999389648438,134.14999389648438,136.7100067138672,135.42137145996094,20749500
2023-09-14,GOOGL,Alphabet (Google),137.60000610351562,138.6999969482422,136.24000549316406,138.10000610351562,136.7982940673828,24751000
2023-09-15,GOOGL,Alphabet (Google),137.97999572753906,138.52000427246094,136.47999572753906,137.39999389648438,136.10488891601562,38919600
2023-09-18,GOOGL,Alphabet (Google),136.61000061035156,139.16000366210938,136.61000061035156,138.2100067138672,136.9072265625,21861300
2023-09-19,GOOGL,Alphabet (Google),137.4199981689453,138.41000366210938,136.6199951171875,138.0399932861328,136.73883056640625,20353700
2023-09-20,GOOGL,Alphabet (Google),138.0800018310547,138.0800018310547,133.6199951171875,133.74000549316406,132.47935485839844,29927500
2023-09-21,GOOGL,Alphabet (Google),131.44000244140625,132.22999572753906,130.07000732421875,130.44000244140625,129.21044921875,31503900
2023-09-22,GOOGL,Alphabet (Google),130.75999450683594,132.02999877929688,129.60000610351562,130.25,129.0222625732422,26397300
2023-09-25,GOOGL,Alphabet (Google),129.8300018310547,131.1699981689453,128.9600067138672,131.11000061035156,129.8741455078125,20094600
2023-09-26,GOOGL,Alphabet (Google),129.77000427246094,130.36000061035156,127.22000122070312,128.57000732421875,127.35810089111328,25718700
2023-09-27,GOOGL,Alphabet (Google),128.57000732421875,130.89999389648438,128.57000732421875,130.5399932861328,129.30950927734375,22746500
2023-09-28,GOOGL,Alphabet (Google),129.83999633789062,133.3000030517578,129.7899932861328,132.30999755859375,131.06285095214844,22513100
2023-09-29,GOOGL,Alphabet (Google),133.27999877929688,134.0500030517578,130.36000061035156,130.86000061035156,129.6265106201172,30859800
2023-10-02,GOOGL,Alphabet (Google),131.2100067138672,134.4199981689453,131.1699981689453,134.1699981689453,132.9053192138672,22288000
2023-10-03,GOOGL,Alphabet (Google),133.94000244140625,134.25999450683594,131.83999633789062,132.42999267578125,131.18170166015625,22989400
2023-10-04,GOOGL,Alphabet (Google),132.7899932861328,135.57000732421875,132.52999877929688,135.24000549316406,133.96524047851562,26752300
2023-10-05,GOOGL,Alphabet (Google),135.07000732421875,135.49000549316406,133.4499969482422,135.07000732421875,133.79681396484375,19832600
2023-10-06,GOOGL,Alphabet (Google),134.00999450683594,138.16000366210938,134.00999450683594,137.5800018310547,136.28317260742188,27597600
2023-10-09,GOOGL,Alphabet (Google),136.94000244140625,138.94000244140625,135.61000061035156,138.4199981689453,137.11524963378906,19278100
2023-10-10,GOOGL,Alphabet (Google),138.5,139.72000122070312,137.3300018310547,138.05999755859375,136.75865173339844,27786600
2023-10-11,GOOGL,Alphabet (Google),138.5800018310547,141.11000061035156,138.5800018310547,140.5500030517578,139.22515869140625,25884300
2023-10-12,GOOGL,Alphabet (Google),141.0500030517578,141.22000122070312,138.25999450683594,138.97000122070312,137.66006469726562,24765500
2023-10-13,GOOGL,Alphabet (Google),139.3800048828125,140.0,136.6199951171875,137.36000061035156,136.06527709960938,23420500
2023-10-16,GOOGL,Alphabet (Google),138.1699981689453,139.6300048828125,137.99000549316406,139.10000610351562,137.78884887695312,28501900
2023-10-17,GOOGL,Alphabet (Google),138.6300048828125,139.89999389648438,137.17999267578125,139.72000122070312,138.40301513671875,23515800
2023-10-18,GOOGL,Alphabet (Google),139.4499969482422,140.72000122070312,137.3800048828125,137.9600067138672,136.65960693359375,23375000
2023-10-19,GOOGL,Alphabet (Google),138.5,139.66000366210938,137.3800048828125,137.75,136.45156860351562,26066000
2023-10-20,GOOGL,Alphabet (Google),137.3300018310547,137.8699951171875,135.0800018310547,135.60000610351562,134.3218536376953,26335700
2023-10-23,GOOGL,Alphabet (Google),135.0399932861328,137.66000366210938,133.9499969482422,136.5,135.21334838867188,26317900
2023-10-24,GOOGL,Alphabet (Google),137.8300018310547,139.36000061035156,137.4199981689453,138.80999755859375,137.50157165527344,44814300
2023-10-25,GOOGL,Alphabet (Google),128.16000366210938,128.30999755859375,125.06999969482422,125.61000061035156,124.4260025024414,84366200
2023-10-26,GOOGL,Alphabet (Google),123.2699966430664,124.33000183105469,121.2699966430664,122.27999877929688,121.12738037109375,57061100
2023-10-27,GOOGL,Alphabet (Google),122.87999725341797,123.30999755859375,120.20999908447266,122.16999816894531,121.01842498779297,44566500
2023-10-30,GOOGL,Alphabet (Google),123.20999908447266,125.4000015258789,122.75,124.45999908447266,123.2868423461914,28940100
2023-10-31,GOOGL,Alphabet (Google),125.05999755859375,125.37000274658203,122.69000244140625,124.08000183105469,122.9104232788086,26292300
2023-11-01,GOOGL,Alphabet (Google),124.06999969482422,126.48999786376953,123.72000122070312,126.44999694824219,125.25810241699219,30082400
2023-11-02,GOOGL,Alphabet (Google),128.4199981689453,128.97999572753906,126.93000030517578,127.48999786376953,126.28828430175781,27124600
2023-11-03,GOOGL,Alphabet (Google),128.02000427246094,129.52999877929688,127.86000061035156,129.10000610351562,127.88313293457031,26393100
2023-11-06,GOOGL,Alphabet (Google),129.0500030517578,130.33999633789062,128.6699981689453,130.25,129.0222625732422,19052700
2023-11-07,GOOGL,Alphabet (Google),130.7100067138672,131.91000366210938,129.8800048828125,130.97000122070312,129.73548889160156,29757300
2023-11-08,GOOGL,Alphabet (Google),130.97000122070312,132.2100067138672,130.77999877929688,131.83999633789062,130.59727478027344,26425800
2023-11-09,GOOGL,Alphabet (Google),131.9600067138672,132.5500030517578,130.07000732421875,130.24000549316406,129.01235961914062,23747800
2023-11-10,GOOGL,Alphabet (Google),130.10000610351562,132.8000030517578,129.41000366210938,132.58999633789062,131.34017944335938,26913300
2023-11-13,GOOGL,Alphabet (Google),131.77999877929688,132.58999633789062,131.25,132.08999633789062,130.8449249267578,18324800
2023-11-14,GOOGL,Alphabet (Google),134.19000244140625,135.6999969482422,133.32000732421875,133.6199951171875,132.36048889160156,32395200
2023-11-15,GOOGL,Alphabet (Google),134.8699951171875,135.02999877929688,133.57000732421875,134.6199951171875,133.35107421875,23861500
2023-11-16,GOOGL,Alphabet (Google),135.19000244140625,137.22000122070312,134.32000732421875,136.92999267578125,135.63929748535156,28013200
2023-11-17,GOOGL,Alphabet (Google),136.0,136.05999755859375,133.64999389648438,135.30999755859375,134.03456115722656,37240600
2023-11-20,GOOGL,Alphabet (Google),133.69000244140625,136.66000366210938,133.6199951171875,136.25,134.96571350097656,27815500
2023-11-21,GOOGL,Alphabet (Google),136.2899932861328,137.17999267578125,135.9600067138672,136.97000122070312,135.67892456054688,22635300
2023-11-22,GOOGL,Alphabet (Google),137.47000122070312,139.4199981689453,137.47000122070312,138.49000549316406,137.1845703125,17813900
2023-11-24,GOOGL,Alphabet (Google),138.02999877929688,138.1300048828125,135.99000549316406,136.69000244140625,135.4015655517578,12514300
2023-11-27,GOOGL,Alphabet (Google),136.02999877929688,138.4199981689453,136.0,136.41000366210938,135.1241912841797,23436500
2023-11-28,GOOGL,Alphabet (Google),136.0800018310547,137.25,135.4199981689453,137.1999969482422,135.90675354003906,18730000
2023-11-29,GOOGL,Alphabet (Google),137.57000732421875,138.2899932861328,134.83999633789062,134.99000549316406,133.71759033203125,23967200
2023-11-30,GOOGL,Alphabet (Google),135.0500030517578,135.5500030517578,131.27999877929688,132.52999877929688,131.28076171875,38988300
2023-12-01,GOOGL,Alphabet (Google),131.86000061035156,132.11000061035156,130.6699981689453,131.86000061035156,130.61709594726562,31442300
2023-12-04,GOOGL,Alphabet (Google),129.8800048828125,130.02999877929688,127.9000015258789,129.27000427246094,128.05148315429688,36669900
2023-12-05,GOOGL,Alphabet (Google),128.9499969482422,132.13999938964844,128.25,130.99000549316406,129.75527954101562,27384800
2023-12-06,GOOGL,Alphabet (Google),131.44000244140625,131.83999633789062,129.8800048828125,130.02000427246094,128.79441833496094,23576200
2023-12-07,GOOGL,Alphabet (Google),135.0399932861328,138.55999755859375,134.6999969482422,136.92999267578125,135.63929748535156,56767100
2023-12-08,GOOGL,Alphabet (Google),134.1999969482422,136.39999389648438,134.02999877929688,134.99000549316406,133.71759033203125,32260100
2023-12-11,GOOGL,Alphabet (Google),132.3800048828125,133.33999633789062,131.36000061035156,133.2899932861328,132.03359985351562,31138000
2023-12-12,GOOGL,Alphabet (Google),131.80999755859375,133.0,131.25999450683594,132.52000427246094,131.27084350585938,29032800
2023-12-13,GOOGL,Alphabet (Google),133.3800048828125,133.5,131.57000732421875,132.57000732421875,131.3203887939453,30104800
2023-12-14,GOOGL,Alphabet (Google),133.3800048828125,133.72000122070312,129.69000244140625,131.94000244140625,130.69631958007812,38722400
2023-12-15,GOOGL,Alphabet (Google),131.6199951171875,133.50999450683594,131.17999267578125,132.60000610351562,131.35012817382812,50847100
2023-12-18,GOOGL,Alphabet (Google),132.6300048828125,137.14999389648438,132.42999267578125,135.8000030517578,134.5199432373047,32258000
2023-12-19,GOOGL,Alphabet (Google),136.83999633789062,137.47000122070312,136.0800018310547,136.64999389648438,135.36192321777344,25476800
2023-12-20,GOOGL,Alphabet (Google),138.97000122070312,141.6999969482422,138.07000732421875,138.33999633789062,137.0360107421875,49107200
2023-12-21,GOOGL,Alphabet (Google),139.49000549316406,140.69000244140625,139.17999267578125,140.4199981689453,139.096435546875,27488300
2023-12-22,GOOGL,Alphabet (Google),140.77000427246094,141.99000549316406,140.7100067138672,141.49000549316406,140.1563262939453,26532200
2023-12-26,GOOGL,Alphabet (Google),141.58999633789062,142.67999267578125,141.19000244140625,141.52000427246094,140.18605041503906,16780300
2023-12-27,GOOGL,Alphabet (Google),141.58999633789062,142.0800018310547,139.88999938964844,140.3699951171875,139.04689025878906,19628600
2023-12-28,GOOGL,Alphabet (Google),140.77999877929688,141.13999938964844,139.75,140.22999572753906,138.908203125,16045700
2023-12-29,GOOGL,Alphabet (Google),139.6300048828125,140.36000061035156,138.77999877929688,139.69000244140625,138.37327575683594,18733000
2024-01-02,GOOGL,Alphabet (Google),138.5500030517578,139.4499969482422,136.47999572753906,138.1699981689453,136.8676300048828,23711200
2024-01-03,GOOGL,Alphabet (Google),137.25,139.6300048828125,137.0800018310547,138.9199981689453,137.6105194091797,24212100
2024-01-04,GOOGL,Alphabet (Google),138.4199981689453,139.16000366210938,136.35000610351562,136.38999938964844,135.10438537597656,27137700
2024-01-05,GOOGL,Alphabet (Google),136.75,137.16000366210938,135.14999389648438,135.72999572753906,134.45059204101562,22513900
2024-01-08,GOOGL,Alphabet (Google),136.2899932861328,139.00999450683594,136.25999450683594,138.83999633789062,137.53128051757812,21404000
2024-01-09,GOOGL,Alphabet (Google),138.5,141.49000549316406,138.14999389648438,140.9499969482422,139.62139892578125,24759600
2024-01-10,GOOGL,Alphabet (Google),141.0,143.0,140.91000366210938,142.27999877929688,140.93887329101562,21320200
2024-01-11,GOOGL,Alphabet (Google),143.49000549316406,145.22000122070312,140.63999938964844,142.0800018310547,140.74073791503906,24008700
2024-01-12,GOOGL,Alphabet (Google),142.6699981689453,143.1999969482422,141.82000732421875,142.64999389648438,141.30535888671875,18785500
2024-01-16,GOOGL,Alphabet (Google),142.0,144.35000610351562,141.4499969482422,142.49000549316406,141.14688110351562,22670500
2024-01-17,GOOGL,Alphabet (Google),141.35000610351562,141.83999633789062,138.89999389648438,141.47000122070312,140.13650512695312,20968600
2024-01-18,GOOGL,Alphabet (Google),142.0500030517578,144.2100067138672,141.99000549316406,143.47999572753906,142.1275634765625,25746400
2024-01-19,GOOGL,Alphabet (Google),144.74000549316406,146.4499969482422,144.3800048828125,146.3800048828125,145.000244140625,34271900
2024-01-22,GOOGL,Alphabet (Google),147.10000610351562,148.38999938964844,145.83999633789062,145.99000549316406,144.61390686035156,32200400
2024-01-23,GOOGL,Alphabet (Google),145.88999938964844,147.17999267578125,145.5,147.0399932861328,145.65396118164062,21636100
2024-01-24,GOOGL,Alphabet (Google),148.5399932861328,149.85000610351562,148.10000610351562,148.6999969482422,147.29835510253906,25233500
2024-01-25,GOOGL,Alphabet (Google),150.07000732421875,153.0500030517578,149.5399932861328,151.8699951171875,150.43846130371094,29149100
2024-01-26,GOOGL,Alphabet (Google),151.10000610351562,152.5399932861328,151.00999450683594,152.19000244140625,150.75547790527344,26115500
2024-01-29,GOOGL,Alphabet (Google),152.05999755859375,153.77999877929688,151.42999267578125,153.50999450683594,152.06300354003906,27784300
2024-01-30,GOOGL,Alphabet (Google),152.8000030517578,153.6199951171875,151.19000244140625,151.4600067138672,150.0323486328125,36331800
2024-01-31,GOOGL,Alphabet (Google),143.6199951171875,144.0,139.8699951171875,140.10000610351562,138.7794189453125,71910000
2024-02-01,GOOGL,Alphabet (Google),142.1199951171875,143.05999755859375,140.7899932861328,141.16000366210938,139.82940673828125,40466500
2024-02-02,GOOGL,Alphabet (Google),139.25999450683594,142.6199951171875,136.5,142.3800048828125,141.0379180908203,62499600
2024-02-05,GOOGL,Alphabet (Google),142.82000732421875,145.47000122070312,142.77999877929688,143.67999267578125,142.32566833496094,38505400
2024-02-06,GOOGL,Alphabet (Google),144.64999389648438,145.36000061035156,143.19000244140625,144.10000610351562,142.74171447753906,29128200
2024-02-07,GOOGL,Alphabet (Google),144.75999450683594,145.6199951171875,143.92999267578125,145.5399932861328,144.16815185546875,25208900
2024-02-08,GOOGL,Alphabet (Google),145.8300018310547,146.3300018310547,145.10000610351562,145.91000366210938,144.53466796875,22563800
2024-02-09,GOOGL,Alphabet (Google),146.67999267578125,149.44000244140625,146.17999267578125,149.0,147.5955352783203,26829500
2024-02-12,GOOGL,Alphabet (Google),148.4199981689453,149.33999633789062,147.3699951171875,147.52999877929688,146.13938903808594,21564100
2024-02-13,GOOGL,Alphabet (Google),144.9199981689453,146.6699981689453,143.69000244140625,145.13999938964844,143.7718963623047,27837700
2024-02-14,GOOGL,Alphabet (Google),146.0800018310547,146.52000427246094,144.08999633789062,145.94000244140625,144.5643768310547,22704200
2024-02-15,GOOGL,Alphabet (Google),143.13999938964844,143.52000427246094,140.4600067138672,142.77000427246094,141.42425537109375,37590700
2024-02-16,GOOGL,Alphabet (Google),142.99000549316406,143.19000244140625,140.13999938964844,140.52000427246094,139.19544982910156,31468900
2024-02-20,GOOGL,Alphabet (Google),139.66000366210938,142.0800018310547,139.49000549316406,141.1199951171875,139.789794921875,25144700
2024-02-21,GOOGL,Alphabet (Google),141.4499969482422,142.69000244140625,140.67999267578125,142.5500030517578,141.20632934570312,23223300
2024-02-22,GOOGL,Alphabet (Google),144.92999267578125,145.0,142.8000030517578,144.08999633789062,142.7318115234375,27191900
2024-02-23,GOOGL,Alphabet (Google),143.6699981689453,144.67999267578125,143.42999267578125,143.9600067138672,142.60301208496094,19493800
2024-02-26,GOOGL,Alphabet (Google),142.13999938964844,142.44000244140625,137.38999938964844,137.57000732421875,136.27330017089844,53641800
2024-02-27,GOOGL,Alphabet (Google),138.02000427246094,139.25,137.08999633789062,138.8800048828125,137.57093811035156,33099200
2024-02-28,GOOGL,Alphabet (Google),137.89999389648438,138.00999450683594,135.41000366210938,136.3800048828125,135.09446716308594,37328600
2024-02-29,GOOGL,Alphabet (Google),137.27999877929688,138.86000061035156,136.39999389648438,138.4600067138672,137.15489196777344,42133000
2024-03-01,GOOGL,Alphabet (Google),138.42999267578125,138.8699951171875,136.9199981689453,137.13999938964844,135.8473358154297,31151100
2024-03-04,GOOGL,Alphabet (Google),135.66000366210938,135.66000366210938,131.91000366210938,133.35000610351562,132.09307861328125,55999400
2024-03-05,GOOGL,Alphabet (Google),131.8800048828125,133.24000549316406,130.6699981689453,132.6699981689453,131.41944885253906,40194800
2024-03-06,GOOGL,Alphabet (Google),133.1199951171875,133.5800018310547,130.85000610351562,131.39999389648438,130.16140747070312,35318600
2024-03-07,GOOGL,Alphabet (Google),132.7899932861328,134.94000244140625,131.61000061035156,134.3800048828125,133.11334228515625,37738200
2024-03-08,GOOGL,Alphabet (Google),134.2100067138672,138.08999633789062,134.0,135.41000366210938,134.1336212158203,39370400
2024-03-11,GOOGL,Alphabet (Google),136.1300048828125,139.10000610351562,136.1300048828125,137.6699981689453,136.37232971191406,32437800
2024-03-12,GOOGL,Alphabet (Google),137.02999877929688,139.3800048828125,137.02999877929688,138.5,137.19451904296875,27563400
2024-03-13,GOOGL,Alphabet (Google),139.0,141.08999633789062,138.99000549316406,139.7899932861328,138.47235107421875,23347200
2024-03-14,GOOGL,Alphabet (Google),141.19000244140625,143.58999633789062,140.4600067138672,143.10000610351562,141.75112915039062,42753400
2024-03-15,GOOGL,Alphabet (Google),142.5,143.17999267578125,140.02999877929688,141.17999267578125,139.84922790527344,49475400
2024-03-18,GOOGL,Alphabet (Google),148.61000061035156,152.14999389648438,147.1699981689453,147.67999267578125,146.28794860839844,69273700
2024-03-19,GOOGL,Alphabet (Google),148.16000366210938,148.7899932861328,146.0800018310547,147.02999877929688,145.64410400390625,24070400
2024-03-20,GOOGL,Alphabet (Google),148.0,148.86000061035156,146.74000549316406,148.74000549316406,147.3379669189453,21311500
2024-03-21,GOOGL,Alphabet (Google),149.47000122070312,150.3699951171875,146.89999389648438,147.60000610351562,146.20872497558594,24755600
2024-03-22,GOOGL,Alphabet (Google),149.1199951171875,151.5800018310547,148.97999572753906,150.77000427246094,149.34884643554688,29211800
2024-03-25,GOOGL,Alphabet (Google),149.94000244140625,150.3800048828125,147.82000732421875,150.07000732421875,148.6554718017578,19229300
2024-03-26,GOOGL,Alphabet (Google),150.22000122070312,152.25999450683594,149.97999572753906,150.6699981689453,149.24978637695312,22149100
2024-03-27,GOOGL,Alphabet (Google),151.17999267578125,151.63999938964844,148.89999389648438,150.8699951171875,149.44790649414062,22879200
2024-03-28,GOOGL,Alphabet (Google),150.85000610351562,151.42999267578125,150.1699981689453,150.92999267578125,149.50732421875,24485400
2024-04-01,GOOGL,Alphabet (Google),150.69000244140625,155.74000549316406,150.61000061035156,155.49000549316406,154.0243377685547,31730800
2024-04-02,GOOGL,Alphabet (Google),153.5,154.6999969482422,152.14999389648438,154.55999755859375,153.1031494140625,24586000
2024-04-03,GOOGL,Alphabet (Google),153.60000610351562,155.0800018310547,152.72999572753906,154.9199981689453,153.45973205566406,24705000
2024-04-04,GOOGL,Alphabet (Google),153.5,154.77000427246094,150.4499969482422,150.52999877929688,149.111083984375,34724700
2024-04-05,GOOGL,Alphabet (Google),150.02999877929688,153.4199981689453,149.60000610351562,152.5,151.0625457763672,23459200
2024-04-08,GOOGL,Alphabet (Google),152.77999877929688,155.27000427246094,152.61000061035156,154.85000610351562,153.39039611816406,20702000
2024-04-09,GOOGL,Alphabet (Google),156.08999633789062,158.55999755859375,155.19000244140625,156.60000610351562,155.12388610839844,31079500
2024-04-10,GOOGL,Alphabet (Google),156.2100067138672,156.61000061035156,154.67999267578125,156.13999938964844,154.66822814941406,22838600
2024-04-11,GOOGL,Alphabet (Google),156.91000366210938,159.67999267578125,156.4600067138672,159.41000366210938,157.90744018554688,27166400
2024-04-12,GOOGL,Alphabet (Google),157.9600067138672,160.22000122070312,157.13999938964844,157.72999572753906,156.24322509765625,25353700
2024-04-15,GOOGL,Alphabet (Google),158.86000061035156,159.24000549316406,154.58999633789062,154.86000061035156,153.4002685546875,27136500
2024-04-16,GOOGL,Alphabet (Google),154.19000244140625,155.64999389648438,153.42999267578125,154.39999389648438,152.9446258544922,20779500
2024-04-17,GOOGL,Alphabet (Google),155.6199951171875,157.0800018310547,154.5800018310547,155.47000122070312,154.00454711914062,21763100
2024-04-18,GOOGL,Alphabet (Google),155.33999633789062,156.94000244140625,154.6199951171875,156.00999450683594,154.53944396972656,19883000
2024-04-19,GOOGL,Alphabet (Google),156.1999969482422,156.36000061035156,152.3000030517578,154.08999633789062,152.63754272460938,32615600
2024-04-22,GOOGL,Alphabet (Google),154.30999755859375,157.63999938964844,154.05999755859375,156.27999877929688,154.80691528320312,26446200
2024-04-23,GOOGL,Alphabet (Google),156.9600067138672,158.97000122070312,156.27999877929688,158.25999450683594,156.7682647705078,21151600
2024-04-24,GOOGL,Alphabet (Google),157.49000549316406,159.57000732421875,157.1699981689453,159.1300048828125,157.63006591796875,22779100
2024-04-25,GOOGL,Alphabet (Google),151.3300018310547,156.49000549316406,150.8699951171875,156.0,154.529541015625,57109700
2024-04-26,GOOGL,Alphabet (Google),174.3699951171875,174.7100067138672,169.64999389648438,171.9499969482422,170.32919311523438,64665300
2024-04-29,GOOGL,Alphabet (Google),169.05999755859375,169.5500030517578,165.2100067138672,166.14999389648438,164.58384704589844,45610000
2024-04-30,GOOGL,Alphabet (Google),165.61000061035156,168.10000610351562,162.60000610351562,162.77999877929688,161.2456512451172,33562900
2024-05-01,GOOGL,Alphabet (Google),164.3000030517578,167.1199951171875,163.08999633789062,163.86000061035156,162.31549072265625,33493200
2024-05-02,GOOGL,Alphabet (Google),164.7899932861328,166.72999572753906,163.88999938964844,166.6199951171875,165.0494384765625,24294500
2024-05-03,GOOGL,Alphabet (Google),167.55999755859375,167.9600067138672,163.0500030517578,167.24000549316406,165.66360473632812,34662400
2024-05-06,GOOGL,Alphabet (Google),167.4600067138672,168.13999938964844,166.02999877929688,168.10000610351562,166.5155029296875,21871300
2024-05-07,GOOGL,Alphabet (Google),168.5,171.75999450683594,168.38999938964844,171.25,169.6358184814453,28039700
2024-05-08,GOOGL,Alphabet (Google),169.0,170.14999389648438,168.74000549316406,169.3800048828125,167.78343200683594,19569100
2024-05-09,GOOGL,Alphabet (Google),169.38999938964844,170.69000244140625,168.17999267578125,169.9600067138672,168.3579559326172,15346700
2024-05-10,GOOGL,Alphabet (Google),168.02999877929688,169.85000610351562,166.19000244140625,168.64999389648438,167.06028747558594,29799900
2024-05-13,GOOGL,Alphabet (Google),164.25999450683594,169.27999877929688,164.0,169.13999938964844,167.54568481445312,31327600
2024-05-14,GOOGL,Alphabet (Google),169.77000427246094,171.25,168.8000030517578,170.33999633789062,168.734375,25127100
2024-05-15,GOOGL,Alphabet (Google),170.6300048828125,172.64999389648438,170.50999450683594,172.50999450683594,170.8839111328125,26948400
2024-05-16,GOOGL,Alphabet (Google),173.2899932861328,175.1199951171875,172.69000244140625,174.17999267578125,172.53817749023438,27867900
2024-05-17,GOOGL,Alphabet (Google),174.17999267578125,176.27000427246094,173.69000244140625,176.05999755859375,174.40048217773438,24479300
2024-05-20,GOOGL,Alphabet (Google),176.19000244140625,178.77000427246094,176.0800018310547,176.9199981689453,175.25234985351562,22554400
2024-05-21,GOOGL,Alphabet (Google),176.89999389648438,178.14999389648438,175.80999755859375,177.85000610351562,176.17359924316406,16989400
2024-05-22,GOOGL,Alphabet (Google),176.63999938964844,177.14999389648438,175.2100067138672,176.3800048828125,174.71743774414062,17880000
2024-05-23,GOOGL,Alphabet (Google),177.07000732421875,178.25,172.9499969482422,173.5500030517578,171.9141082763672,21024900
2024-05-24,GOOGL,Alphabet (Google),174.97999572753906,175.77000427246094,173.64999389648438,174.99000549316406,173.34054565429688,16579400
2024-05-28,GOOGL,Alphabet (Google),174.4499969482422,177.27000427246094,174.3699951171875,176.39999389648438,174.73724365234375,20572200
2024-05-29,GOOGL,Alphabet (Google),175.42999267578125,176.83999633789062,174.72000122070312,175.89999389648438,174.24197387695312,23388700
2024-05-30,GOOGL,Alphabet (Google),175.1999969482422,175.22000122070312,171.7899932861328,172.11000061035156,170.48768615722656,22931500
2024-05-31,GOOGL,Alphabet (Google),171.86000061035156,173.05999755859375,169.44000244140625,172.5,170.8740234375,37638900
2024-06-03,GOOGL,Alphabet (Google),172.5399932861328,174.52999877929688,171.16000366210938,173.1699981689453,171.53770446777344,27459100
2024-06-04,GOOGL,Alphabet (Google),173.27999877929688,173.85000610351562,171.88999938964844,173.7899932861328,172.15185546875,26879600
2024-06-05,GOOGL,Alphabet (Google),175.1999969482422,176.64999389648438,173.92999267578125,175.41000366210938,173.75662231445312,22068500
2024-06-06,GOOGL,Alphabet (Google),175.89999389648438,177.14999389648438,175.75,176.72999572753906,175.06414794921875,23251000
2024-06-07,GOOGL,Alphabet (Google),177.0500030517578,177.8699951171875,174.3000030517578,174.4600067138672,172.81553649902344,19661400
2024-06-10,GOOGL,Alphabet (Google),174.97000122070312,177.05999755859375,172.75999450683594,175.00999450683594,173.559326171875,23726700
2024-06-11,GOOGL,Alphabet (Google),176.22000122070312,176.83999633789062,173.77000427246094,176.6199951171875,175.15597534179688,21540600
2024-06-12,GOOGL,Alphabet (Google),178.25,180.41000366210938,176.11000061035156,177.7899932861328,176.3162841796875,27864700
2024-06-13,GOOGL,Alphabet (Google),176.11000061035156,176.74000549316406,174.8800048828125,175.16000366210938,173.7080841064453,20913300
2024-06-14,GOOGL,Alphabet (Google),174.22000122070312,177.05999755859375,174.14999389648438,176.7899932861328,175.32456970214844,18063600
2024-06-17,GOOGL,Alphabet (Google),175.4600067138672,178.36000061035156,174.80999755859375,177.24000549316406,175.77085876464844,19618500
2024-06-18,GOOGL,Alphabet (Google),177.13999938964844,177.38999938964844,174.10000610351562,175.08999633789062,173.63865661621094,21869900
2024-06-20,GOOGL,Alphabet (Google),175.3699951171875,177.2899932861328,174.99000549316406,176.3000030517578,174.838623046875,20160100
2024-06-21,GOOGL,Alphabet (Google),177.0,180.85000610351562,176.61000061035156,179.6300048828125,178.14105224609375,57759000
2024-06-24,GOOGL,Alphabet (Google),180.16000366210938,180.88999938964844,178.6699981689453,179.22000122070312,177.73443603515625,18298000
2024-06-25,GOOGL,Alphabet (Google),179.6199951171875,184.2899932861328,179.4199981689453,184.02999877929688,182.50453186035156,23130200
2024-06-26,GOOGL,Alphabet (Google),182.6300048828125,184.50999450683594,182.47999572753906,183.8800048828125,182.35580444335938,19839000
2024-06-27,GOOGL,Alphabet (Google),184.17999267578125,186.0500030517578,184.02000427246094,185.41000366210938,183.8730926513672,18848900
2024-06-28,GOOGL,Alphabet (Google),184.32000732421875,185.1300048828125,181.9600067138672,182.14999389648438,180.64012145996094,29156600
2024-07-01,GOOGL,Alphabet (Google),183.02999877929688,183.8800048828125,181.3000030517578,182.99000549316406,181.4731903076172,16006100
2024-07-02,GOOGL,Alphabet (Google),182.0500030517578,185.57000732421875,181.55999755859375,185.24000549316406,183.70452880859375,17372500
2024-07-03,GOOGL,Alphabet (Google),184.85000610351562,186.08999633789062,184.0,185.82000732421875,184.2797088623047,10242100
2024-07-05,GOOGL,Alphabet (Google),185.86000061035156,190.86000061035156,185.8000030517578,190.60000610351562,189.0200958251953,20967500
2024-07-08,GOOGL,Alphabet (Google),189.89999389648438,190.1699981689453,187.77999877929688,189.02999877929688,187.463134765625,21035900
2024-07-09,GOOGL,Alphabet (Google),190.30999755859375,191.36000061035156,188.72000122070312,188.97999572753906,187.41351318359375,15121400
2024-07-10,GOOGL,Alphabet (Google),189.14999389648438,191.75,189.02999877929688,191.17999267578125,189.5952911376953,15952500
2024-07-11,GOOGL,Alphabet (Google),189.85000610351562,190.86000061035156,185.0800018310547,185.57000732421875,184.0317840576172,25625800
2024-07-12,GOOGL,Alphabet (Google),185.0800018310547,187.11000061035156,184.49000549316406,185.07000732421875,183.5359649658203,22898400
2024-07-15,GOOGL,Alphabet (Google),184.9199981689453,188.24000549316406,184.9199981689453,186.52999877929688,184.9838104248047,16474000
2024-07-16,GOOGL,Alphabet (Google),187.36000061035156,188.67999267578125,183.3699951171875,183.9199981689453,182.3954620361328,18290700
2024-07-17,GOOGL,Alphabet (Google),182.97000122070312,183.5500030517578,179.89999389648438,181.02000427246094,179.51950073242188,20734100
2024-07-18,GOOGL,Alphabet (Google),181.92999267578125,182.5,176.47000122070312,177.69000244140625,176.2170867919922,25315700
2024-07-19,GOOGL,Alphabet (Google),178.8800048828125,180.2899932861328,177.1300048828125,177.66000366210938,176.18736267089844,18881900
2024-07-22,GOOGL,Alphabet (Google),180.58999633789062,182.6999969482422,180.22999572753906,181.6699981689453,180.16409301757812,24100300
2024-07-23,GOOGL,Alphabet (Google),182.0500030517578,183.61000061035156,181.5399932861328,181.7899932861328,180.28311157226562,36352700
2024-07-24,GOOGL,Alphabet (Google),173.60000610351562,176.19000244140625,171.82000732421875,172.6300048828125,171.19906616210938,49585200
2024-07-25,GOOGL,Alphabet (Google),172.52000427246094,173.4199981689453,167.19000244140625,167.27999877929688,165.89340209960938,44852000
2024-07-26,GOOGL,Alphabet (Google),167.14999389648438,168.08999633789062,164.05999755859375,167.0,165.61570739746094,41336900
2024-07-29,GOOGL,Alphabet (Google),168.8300018310547,170.42999267578125,167.99000549316406,169.52999877929688,168.12474060058594,20293800
2024-07-30,GOOGL,Alphabet (Google),170.24000549316406,171.22999572753906,168.44000244140625,170.2899932861328,168.87844848632812,18959700
2024-07-31,GOOGL,Alphabet (Google),173.24000549316406,174.25,170.00999450683594,171.5399932861328,170.1180877685547,25729100
2024-08-01,GOOGL,Alphabet (Google),170.25,174.0500030517578,168.8800048828125,170.75999450683594,169.34454345703125,24531400
2024-08-02,GOOGL,Alphabet (Google),166.44000244140625,168.50999450683594,164.6699981689453,166.66000366210938,165.27853393554688,29130100
2024-08-05,GOOGL,Alphabet (Google),155.5,164.42999267578125,154.92999267578125,159.25,157.9299774169922,53630700
2024-08-06,GOOGL,Alphabet (Google),159.3300018310547,160.57000732421875,156.41000366210938,158.2899932861328,156.97792053222656,49004600
2024-08-07,GOOGL,Alphabet (Google),161.25,162.97999572753906,158.47000122070312,158.94000244140625,157.62252807617188,25138600
2024-08-08,GOOGL,Alphabet (Google),160.50999450683594,163.69000244140625,160.2100067138672,162.02999877929688,160.68690490722656,25578800
2024-08-09,GOOGL,Alphabet (Google),160.00999450683594,163.7899932861328,159.05999755859375,163.6699981689453,162.31332397460938,28602300
2024-08-12,GOOGL,Alphabet (Google),164.35000610351562,164.89999389648438,161.83999633789062,162.2899932861328,160.9447479248047,15895300
2024-08-13,GOOGL,Alphabet (Google),163.41000366210938,164.72999572753906,162.97000122070312,164.16000366210938,162.79925537109375,18551700
2024-08-14,GOOGL,Alphabet (Google),162.39999389648438,163.22000122070312,157.7100067138672,160.3699951171875,159.04066467285156,40591100
2024-08-15,GOOGL,Alphabet (Google),160.5,161.63999938964844,159.61000061035156,161.3000030517578,159.9629669189453,31524300
2024-08-16,GOOGL,Alphabet (Google),161.47000122070312,165.05999755859375,161.1300048828125,162.9600067138672,161.60919189453125,24208600
2024-08-19,GOOGL,Alphabet (Google),165.27999877929688,166.69000244140625,164.25999450683594,166.6699981689453,165.28846740722656,22416200
2024-08-20,GOOGL,Alphabet (Google),166.89999389648438,168.63999938964844,166.82000732421875,167.17999267578125,165.79420471191406,18341500
2024-08-21,GOOGL,Alphabet (Google),165.14999389648438,166.85000610351562,164.6699981689453,165.85000610351562,164.4752655029297,22902000
2024-08-22,GOOGL,Alphabet (Google),167.25999450683594,167.58999633789062,163.30999755859375,163.8000030517578,162.44223022460938,22493300
2024-08-23,GOOGL,Alphabet (Google),164.72000122070312,166.17999267578125,163.8300018310547,165.6199951171875,164.24716186523438,13955700
2024-08-26,GOOGL,Alphabet (Google),166.3800048828125,167.5500030517578,164.4600067138672,166.16000366210938,164.78268432617188,14190400
2024-08-27,GOOGL,Alphabet (Google),165.83999633789062,166.44000244140625,164.4600067138672,164.67999267578125,163.31494140625,11821900
2024-08-28,GOOGL,Alphabet (Google),165.0399932861328,165.60000610351562,161.52999877929688,162.85000610351562,161.50013732910156,16407400
2024-08-29,GOOGL,Alphabet (Google),164.30999755859375,165.97000122070312,160.25,161.77999877929688,160.43898010253906,19699800
2024-08-30,GOOGL,Alphabet (Google),162.6199951171875,163.66000366210938,161.69000244140625,163.3800048828125,162.02574157714844,22123800
2024-09-03,GOOGL,Alphabet (Google),161.72000122070312,161.85000610351562,156.47999572753906,157.36000061035156,156.05563354492188,38945300
2024-09-04,GOOGL,Alphabet (Google),156.66000366210938,159.0,155.9600067138672,156.4499969482422,155.15316772460938,19353800
2024-09-05,GOOGL,Alphabet (Google),156.3000030517578,159.4499969482422,155.97999572753906,157.24000549316406,155.93663024902344,18688700
2024-09-06,GOOGL,Alphabet (Google),157.3000030517578,157.8300018310547,150.5500030517578,150.9199981689453,149.6689910888672,37912100
2024-09-09,GOOGL,Alphabet (Google),152.50999450683594,153.39999389648438,147.22000122070312,148.7100067138672,147.6730194091797,39260500
2024-09-10,GOOGL,Alphabet (Google),150.4499969482422,151.27000427246094,148.33999633789062,148.66000366210938,147.6233673095703,31118800
2024-09-11,GOOGL,Alphabet (Google),149.9199981689453,151.5,147.52000427246094,151.16000366210938,150.10594177246094,29607700
2024-09-12,GOOGL,Alphabet (Google),153.8000030517578,154.82000732421875,152.64999389648438,154.69000244140625,153.611328125,29621500
2024-09-13,GOOGL,Alphabet (Google),155.42999267578125,158.3800048828125,155.2100067138672,157.4600067138672,156.36203002929688,29591200
2024-09-16,GOOGL,Alphabet (Google),157.30999755859375,158.25,156.60000610351562,158.05999755859375,156.95782470703125,18379800
2024-09-17,GOOGL,Alphabet (Google),159.02000427246094,160.5500030517578,158.3800048828125,159.32000732421875,158.2090301513672,20715600
2024-09-18,GOOGL,Alphabet (Google),159.86000061035156,160.5,158.60000610351562,159.80999755859375,158.6956329345703,23677300
2024-09-19,GOOGL,Alphabet (Google),163.7100067138672,163.7899932861328,161.33999633789062,162.13999938964844,161.00936889648438,26587700
2024-09-20,GOOGL,Alphabet (Google),163.5,163.72999572753906,162.05999755859375,163.58999633789062,162.44927978515625,40896400
2024-09-23,GOOGL,Alphabet (Google),164.35000610351562,165.49000549316406,161.6699981689453,161.85000610351562,160.72142028808594,24150900
2024-09-24,GOOGL,Alphabet (Google),163.02999877929688,163.22000122070312,160.69000244140625,162.2899932861328,161.15830993652344,23332100
2024-09-25,GOOGL,Alphabet (Google),161.47000122070312,162.80999755859375,161.3000030517578,161.49000549316406,160.36392211914062,18869200
2024-09-26,GOOGL,Alphabet (Google),163.63999938964844,164.0800018310547,162.27999877929688,162.72999572753906,161.59524536132812,20319300
2024-09-27,GOOGL,Alphabet (Google),162.80999755859375,165.6999969482422,162.6300048828125,163.9499969482422,162.8067626953125,21101300
2024-09-30,GOOGL,Alphabet (Google),163.32000732421875,166.14999389648438,163.25999450683594,165.85000610351562,164.69351196289062,20413900
2024-10-01,GOOGL,Alphabet (Google),167.69000244140625,169.16000366210938,164.5800018310547,166.99000549316406,165.8255615234375,28338100
2024-10-02,GOOGL,Alphabet (Google),166.4199981689453,167.52000427246094,164.72999572753906,165.86000061035156,164.7034454345703,17760200
2024-10-03,GOOGL,Alphabet (Google),164.41000366210938,166.63999938964844,163.9199981689453,165.86000061035156,164.7034454345703,15073100
2024-10-04,GOOGL,Alphabet (Google),168.05999755859375,168.22999572753906,165.47999572753906,167.05999755859375,165.8950653076172,19047400
2024-10-07,GOOGL,Alphabet (Google),167.72000122070312,168.47999572753906,162.75,162.97999572753906,161.84352111816406,22463100
2024-10-08,GOOGL,Alphabet (Google),163.94000244140625,164.72999572753906,162.8699951171875,164.3800048828125,163.23373413085938,23072700
2024-10-09,GOOGL,Alphabet (Google),163.4499969482422,164.83999633789062,159.74000549316406,161.86000061035156,160.73130798339844,31181800
2024-10-10,GOOGL,Alphabet (Google),160.8699951171875,163.07000732421875,160.39999389648438,162.0800018310547,160.94981384277344,14144100
2024-10-11,GOOGL,Alphabet (Google),162.1300048828125,163.89999389648438,161.24000549316406,163.24000549316406,162.1016845703125,15344300
2024-10-14,GOOGL,Alphabet (Google),163.63999938964844,166.22999572753906,163.39999389648438,164.9600067138672,163.80970764160156,19016100
2024-10-15,GOOGL,Alphabet (Google),165.7899932861328,167.67999267578125,164.6300048828125,165.4600067138672,164.30621337890625,20247200
2024-10-16,GOOGL,Alphabet (Google),164.52999877929688,165.8000030517578,163.74000549316406,165.16000366210938,164.0083465576172,16406000
2024-10-17,GOOGL,Alphabet (Google),165.72999572753906,166.3699951171875,162.75999450683594,162.92999267578125,161.79383850097656,21453400
2024-10-18,GOOGL,Alphabet (Google),163.19000244140625,164.7100067138672,163.0800018310547,163.4199981689453,162.2804412841797,19757700
2024-10-21,GOOGL,Alphabet (Google),162.9499969482422,164.5,162.6199951171875,164.07000732421875,162.9259490966797,20946500
2024-10-22,GOOGL,Alphabet (Google),162.97999572753906,165.77000427246094,162.97999572753906,165.13999938964844,163.9884490966797,16568100
2024-10-23,GOOGL,Alphabet (Google),164.75999450683594,165.82000732421875,161.92999267578125,162.77999877929688,161.64491271972656,18280500
2024-10-24,GOOGL,Alphabet (Google),162.8300018310547,163.3300018310547,161.00999450683594,162.72000122070312,161.58531188964844,22412500
2024-10-25,GOOGL,Alphabet (Google),163.6699981689453,165.58999633789062,163.4199981689453,165.27000427246094,164.11752319335938,19828900
2024-10-28,GOOGL,Alphabet (Google),168.75,168.75,163.9499969482422,166.72000122070312,165.55743408203125,32138600
2024-10-29,GOOGL,Alphabet (Google),167.72999572753906,170.3800048828125,167.08999633789062,169.67999267578125,168.4967803955078,42169000
2024-10-30,GOOGL,Alphabet (Google),180.67999267578125,182.02000427246094,174.05999755859375,174.4600067138672,173.24346923828125,68890800
2024-10-31,GOOGL,Alphabet (Google),173.1300048828125,176.82000732421875,171.0,171.11000061035156,169.9168243408203,44769000
2024-11-01,GOOGL,Alphabet (Google),170.07000732421875,172.32000732421875,168.8800048828125,171.2899932861328,170.09556579589844,31796500
2024-11-04,GOOGL,Alphabet (Google),169.92999267578125,170.72999572753906,168.00999450683594,169.24000549316406,168.05987548828125,21492700
2024-11-05,GOOGL,Alphabet (Google),169.42999267578125,170.52999877929688,168.83999633789062,169.74000549316406,168.556396484375,18242100
2024-11-06,GOOGL,Alphabet (Google),173.8000030517578,176.94000244140625,173.5,176.50999450683594,175.27915954589844,33695500
2024-11-07,GOOGL,Alphabet (Google),177.41000366210938,181.0800018310547,177.19000244140625,180.75,179.48960876464844,25352900
2024-11-08,GOOGL,Alphabet (Google),180.64999389648438,180.89999389648438,178.0800018310547,178.35000610351562,177.10633850097656,22006200
2024-11-11,GOOGL,Alphabet (Google),178.5800018310547,180.5500030517578,178.47000122070312,180.35000610351562,179.09239196777344,17450400
2024-11-12,GOOGL,Alphabet (Google),179.82000732421875,182.49000549316406,179.38999938964844,181.6199951171875,180.35353088378906,25134900
2024-11-13,GOOGL,Alphabet (Google),180.4600067138672,180.9600067138672,178.5399932861328,178.8800048828125,177.63262939453125,23184000
2024-11-14,GOOGL,Alphabet (Google),178.27999877929688,178.82000732421875,174.32000732421875,175.5800018310547,174.35565185546875,31007500
2024-11-15,GOOGL,Alphabet (Google),173.72999572753906,174.13999938964844,171.22000122070312,172.49000549316406,171.28721618652344,32504600
2024-11-18,GOOGL,Alphabet (Google),173.4199981689453,175.44000244140625,172.89999389648438,175.3000030517578,174.07760620117188,20135300
2024-11-19,GOOGL,Alphabet (Google),173.72000122070312,178.8699951171875,173.55999755859375,178.1199951171875,176.8779296875,23434900
2024-11-20,GOOGL,Alphabet (Google),177.33999633789062,177.67999267578125,173.77999877929688,175.97999572753906,174.7528533935547,18997100
2024-11-21,GOOGL,Alphabet (Google),173.89999389648438,174.1300048828125,163.6999969482422,167.6300048828125,166.46107482910156,59734400
2024-11-22,GOOGL,Alphabet (Google),165.85000610351562,166.4600067138672,163.89999389648438,164.75999450683594,163.611083984375,38604600
2024-11-25,GOOGL,Alphabet (Google),166.08999633789062,168.6300048828125,165.61000061035156,167.64999389648438,166.48095703125,33135300
2024-11-26,GOOGL,Alphabet (Google),167.6300048828125,169.82000732421875,167.5800018310547,169.1199951171875,167.94068908691406,20486700
2024-11-27,GOOGL,Alphabet (Google),169.0,169.47999572753906,168.02000427246094,169.22999572753906,168.04991149902344,19266500
2024-11-29,GOOGL,Alphabet (Google),168.5,169.42999267578125,167.16000366210938,168.9499969482422,167.77188110351562,14257200
2024-12-02,GOOGL,Alphabet (Google),168.77000427246094,172.0800018310547,168.57000732421875,171.49000549316406,170.294189453125,23789100
2024-12-03,GOOGL,Alphabet (Google),171.49000549316406,172.67999267578125,170.85000610351562,171.33999633789062,170.1452178955078,22248700
2024-12-04,GOOGL,Alphabet (Google),171.14999389648438,174.91000366210938,171.05999755859375,174.3699951171875,173.15408325195312,31615100
2024-12-05,GOOGL,Alphabet (Google),175.36000061035156,176.05999755859375,172.3300018310547,172.63999938964844,171.43614196777344,21356200
2024-12-06,GOOGL,Alphabet (Google),172.02999877929688,175.0800018310547,171.86000061035156,174.7100067138672,173.49172973632812,21462400
2024-12-09,GOOGL,Alphabet (Google),173.9600067138672,176.25999450683594,173.64999389648438,175.3699951171875,174.3467254638672,25389600
2024-12-10,GOOGL,Alphabet (Google),182.85000610351562,186.36000061035156,181.0500030517578,185.1699981689453,184.08949279785156,54813000
2024-12-11,GOOGL,Alphabet (Google),185.30999755859375,195.61000061035156,184.85000610351562,195.39999389648438,194.2598114013672,67894100
2024-12-12,GOOGL,Alphabet (Google),195.0,195.17999267578125,191.7100067138672,191.9600067138672,190.83990478515625,34817500
2024-12-13,GOOGL,Alphabet (Google),191.00999450683594,192.72999572753906,189.63999938964844,189.82000732421875,188.71238708496094,25143500
2024-12-16,GOOGL,Alphabet (Google),192.8699951171875,199.0,192.6199951171875,196.66000366210938,195.512451171875,44934900
2024-12-17,GOOGL,Alphabet (Google),197.25,201.4199981689453,194.97999572753906,195.4199981689453,194.27969360351562,43504000
2024-12-18,GOOGL,Alphabet (Google),195.22000122070312,197.0,187.74000549316406,188.39999389648438,187.30064392089844,34166100
2024-12-19,GOOGL,Alphabet (Google),191.6300048828125,193.02999877929688,188.3800048828125,188.50999450683594,187.41001892089844,32265200
2024-12-20,GOOGL,Alphabet (Google),185.77999877929688,192.88999938964844,185.22000122070312,191.41000366210938,190.29312133789062,63462900
2024-12-23,GOOGL,Alphabet (Google),192.6199951171875,195.10000610351562,190.14999389648438,194.6300048828125,193.4943084716797,25675000
2024-12-24,GOOGL,Alphabet (Google),194.83999633789062,196.11000061035156,193.77999877929688,196.11000061035156,194.96566772460938,10403300
2024-12-26,GOOGL,Alphabet (Google),195.14999389648438,196.75,194.3800048828125,195.60000610351562,194.45867919921875,12046600
2024-12-27,GOOGL,Alphabet (Google),194.9499969482422,195.32000732421875,190.64999389648438,192.75999450683594,191.6352081298828,18891400
2024-12-30,GOOGL,Alphabet (Google),189.8000030517578,192.5500030517578,189.1199951171875,191.24000549316406,190.12411499023438,14264700
2024-12-31,GOOGL,Alphabet (Google),191.0800018310547,191.9600067138672,188.50999450683594,189.3000030517578,188.19540405273438,17466900
2025-01-02,GOOGL,Alphabet (Google),190.64999389648438,192.0,187.5,189.42999267578125,188.3246612548828,20370800
2025-01-03,GOOGL,Alphabet (Google),191.3699951171875,193.2100067138672,189.97999572753906,191.7899932861328,190.6708984375,18596200
2025-01-06,GOOGL,Alphabet (Google),193.97999572753906,198.22000122070312,193.85000610351562,196.8699951171875,195.72125244140625,29563600
2025-01-07,GOOGL,Alphabet (Google),197.11000061035156,201.0,194.60000610351562,195.49000549316406,194.34930419921875,26487200
2025-01-08,GOOGL,Alphabet (Google),192.57000732421875,196.2899932861328,192.3800048828125,193.9499969482422,192.8182830810547,24864800
2025-01-10,GOOGL,Alphabet (Google),194.3000030517578,196.52000427246094,190.30999755859375,192.0399932861328,190.91941833496094,26665200
2025-01-13,GOOGL,Alphabet (Google),190.07000732421875,191.17999267578125,187.36000061035156,191.00999450683594,189.8954315185547,21823700
2025-01-14,GOOGL,Alphabet (Google),191.24000549316406,191.97999572753906,188.30999755859375,189.66000366210938,188.55331420898438,17174900
2025-01-15,GOOGL,Alphabet (Google),193.08999633789062,196.36000061035156,191.86000061035156,195.5500030517578,194.40895080566406,21776000
2025-01-16,GOOGL,Alphabet (Google),194.13999938964844,195.47999572753906,192.80999755859375,192.91000366210938,191.7843475341797,17815400
2025-01-17,GOOGL,Alphabet (Google),196.52999877929688,197.22999572753906,193.75,196.0,194.85633850097656,27735100
2025-01-21,GOOGL,Alphabet (Google),199.07000732421875,202.2899932861328,197.8699951171875,198.0500030517578,196.8943634033203,29971300
2025-01-22,GOOGL,Alphabet (Google),199.05999755859375,200.47999572753906,197.52999877929688,198.3699951171875,197.21249389648438,26200600
2025-01-23,GOOGL,Alphabet (Google),198.13999938964844,200.3000030517578,195.1999969482422,197.97999572753906,196.8247833251953,26951400
2025-01-24,GOOGL,Alphabet (Google),198.10000610351562,200.89999389648438,198.0,200.2100067138672,199.04176330566406,23877500
2025-01-27,GOOGL,Alphabet (Google),192.41000366210938,196.8800048828125,190.72999572753906,191.80999755859375,190.69076538085938,41728900
2025-01-28,GOOGL,Alphabet (Google),192.75,195.47999572753906,190.67999267578125,195.3000030517578,194.160400390625,24157900
2025-01-29,GOOGL,Alphabet (Google),195.55999755859375,196.7899932861328,193.42999267578125,195.41000366210938,194.269775390625,18218300
2025-01-30,GOOGL,Alphabet (Google),198.0,201.39999389648438,197.6699981689453,200.8699951171875,199.69790649414062,24354700
2025-01-31,GOOGL,Alphabet (Google),202.0,205.47999572753906,201.8000030517578,204.02000427246094,202.8295440673828,32001100
2025-02-03,GOOGL,Alphabet (Google),200.69000244140625,203.75,200.10000610351562,201.22999572753906,200.05581665039062,27838300
2025-02-04,GOOGL,Alphabet (Google),203.38999938964844,207.0500030517578,202.80999755859375,206.3800048828125,205.17575073242188,43856400
2025-02-05,GOOGL,Alphabet (Google),191.07000732421875,192.75,188.02999877929688,191.3300018310547,190.21356201171875,70373900
2025-02-06,GOOGL,Alphabet (Google),189.5,192.10000610351562,188.72000122070312,191.60000610351562,190.4820098876953,29297400
2025-02-07,GOOGL,Alphabet (Google),191.0500030517578,191.17999267578125,183.24000549316406,185.33999633789062,184.25851440429688,49315000
2025-02-10,GOOGL,Alphabet (Google),187.35000610351562,188.1999969482422,185.86000061035156,186.47000122070312,185.38194274902344,23105600
2025-02-11,GOOGL,Alphabet (Google),185.02999877929688,186.94000244140625,184.27999877929688,185.32000732421875,184.2386474609375,21239500
2025-02-12,GOOGL,Alphabet (Google),183.22000122070312,185.11000061035156,181.8300018310547,183.61000061035156,182.5386199951172,22072600
2025-02-13,GOOGL,Alphabet (Google),184.32000732421875,186.27999877929688,183.13999938964844,186.13999938964844,185.05386352539062,21402500
2025-02-14,GOOGL,Alphabet (Google),185.05999755859375,186.39999389648438,184.32000732421875,185.22999572753906,184.14915466308594,20448400
2025-02-18,GOOGL,Alphabet (Google),185.60000610351562,185.9600067138672,181.74000549316406,183.77000427246094,182.6976776123047,29916700
2025-02-19,GOOGL,Alphabet (Google),184.07000732421875,185.4600067138672,183.58999633789062,185.27000427246094,184.18894958496094,19549400
2025-02-20,GOOGL,Alphabet (Google),184.8000030517578,185.30999755859375,182.72000122070312,184.55999755859375,183.4830780029297,20441500
2025-02-21,GOOGL,Alphabet (Google),185.14999389648438,185.33999633789062,179.0800018310547,179.66000366210938,178.61166381835938,35199200
2025-02-24,GOOGL,Alphabet (Google),181.99000549316406,183.1199951171875,178.88999938964844,179.25,178.20407104492188,29854200
2025-02-25,GOOGL,Alphabet (Google),178.0399932861328,178.74000549316406,174.69000244140625,175.4199981689453,174.3964080810547,41913400
2025-02-26,GOOGL,Alphabet (Google),175.07000732421875,176.0800018310547,171.5800018310547,172.72999572753906,171.72207641601562,35431300
2025-02-27,GOOGL,Alphabet (Google),173.99000549316406,174.55999755859375,167.94000244140625,168.5,167.51678466796875,39991000
2025-02-28,GOOGL,Alphabet (Google),168.67999267578125,170.61000061035156,166.77000427246094,170.27999877929688,169.28639221191406,48130600
2025-03-03,GOOGL,Alphabet (Google),171.92999267578125,173.3699951171875,165.92999267578125,167.00999450683594,166.03546142578125,40770500
2025-03-04,GOOGL,Alphabet (Google),166.24000549316406,173.2899932861328,165.8000030517578,170.9199981689453,169.9226531982422,45388000
2025-03-05,GOOGL,Alphabet (Google),170.52000427246094,173.77999877929688,169.05999755859375,173.02000427246094,172.0104217529297,30954900
2025-03-06,GOOGL,Alphabet (Google),170.52999877929688,174.80999755859375,170.5,172.35000610351562,171.34432983398438,28302000
2025-03-07,GOOGL,Alphabet (Google),171.25999450683594,174.97000122070312,170.27000427246094,173.86000061035156,172.8455047607422,27385800
2025-03-10,GOOGL,Alphabet (Google),168.25999450683594,168.4600067138672,163.69000244140625,165.8699951171875,165.09205627441406,43604000
2025-03-11,GOOGL,Alphabet (Google),164.91000366210938,166.75,161.3699951171875,164.0399932861328,163.2706298828125,39587400
2025-03-12,GOOGL,Alphabet (Google),166.5800018310547,167.63999938964844,163.52999877929688,167.11000061035156,166.3262481689453,28372400
2025-03-13,GOOGL,Alphabet (Google),166.0399932861328,166.1300048828125,162.11000061035156,162.75999450683594,161.99661254882812,31756200
2025-03-14,GOOGL,Alphabet (Google),163.27000427246094,166.49000549316406,162.4499969482422,165.49000549316406,164.71383666992188,31995900
2025-03-17,GOOGL,Alphabet (Google),165.02999877929688,166.3000030517578,163.6699981689453,164.2899932861328,163.51947021484375,31184300
2025-03-18,GOOGL,Alphabet (Google),163.67999267578125,164.25,156.72000122070312,160.6699981689453,159.91644287109375,42074800
2025-03-19,GOOGL,Alphabet (Google),161.75999450683594,165.8699951171875,161.0,163.88999938964844,163.12132263183594,34275600
2025-03-20,GOOGL,Alphabet (Google),161.57000732421875,164.88999938964844,160.9600067138672,162.8000030517578,162.0364532470703,28138500
2025-03-21,GOOGL,Alphabet (Google),161.2100067138672,164.24000549316406,160.88999938964844,163.99000549316406,163.22085571289062,36625800
2025-03-24,GOOGL,Alphabet (Google),167.07000732421875,168.32000732421875,165.13999938964844,167.67999267578125,166.8935546875,30879100
2025-03-25,GOOGL,Alphabet (Google),168.97999572753906,170.6300048828125,168.32000732421875,170.55999755859375,169.7600555419922,24174400
2025-03-26,GOOGL,Alphabet (Google),169.0,169.61000061035156,164.83999633789062,165.05999755859375,164.28585815429688,28901600
2025-03-27,GOOGL,Alphabet (Google),164.6300048828125,165.4199981689453,162.0,162.24000549316406,161.47909545898438,24508300
2025-03-28,GOOGL,Alphabet (Google),160.49000549316406,161.82000732421875,153.6300048828125,154.3300018310547,153.60618591308594,48669300
2025-03-31,GOOGL,Alphabet (Google),153.11000061035156,155.5399932861328,150.66000366210938,154.63999938964844,153.9147186279297,54603500
2025-04-01,GOOGL,Alphabet (Google),153.6199951171875,158.10000610351562,153.6199951171875,157.07000732421875,156.33334350585938,30672900
2025-04-02,GOOGL,Alphabet (Google),155.14999389648438,158.41000366210938,154.6999969482422,157.0399932861328,156.30343627929688,25041700
2025-04-03,GOOGL,Alphabet (Google),151.11000061035156,152.77999877929688,150.38999938964844,150.72000122070312,150.0131072998047,46883400
2025-04-04,GOOGL,Alphabet (Google),148.00999450683594,151.07000732421875,145.3800048828125,145.60000610351562,144.9171142578125,62259500
2025-04-07,GOOGL,Alphabet (Google),141.5500030517578,152.85000610351562,140.52999877929688,146.75,146.06173706054688,76794100
2025-04-08,GOOGL,Alphabet (Google),151.22000122070312,152.24000549316406,143.02999877929688,144.6999969482422,144.0213623046875,52200200
2025-04-09,GOOGL,Alphabet (Google),144.4199981689453,159.5500030517578,143.91000366210938,158.7100067138672,157.96563720703125,70406200
2025-04-10,GOOGL,Alphabet (Google),156.5399932861328,157.72000122070312,149.92999267578125,152.82000732421875,152.10325622558594,48022000
2025-04-11,GOOGL,Alphabet (Google),152.89999389648438,157.6699981689453,152.82000732421875,157.13999938964844,156.4029998779297,33636200
2025-04-14,GOOGL,Alphabet (Google),160.0,161.72000122070312,157.55999755859375,159.07000732421875,158.32395935058594,30333000
2025-04-15,GOOGL,Alphabet (Google),159.1300048828125,159.64999389648438,155.2100067138672,156.30999755859375,155.57688903808594,27551500
2025-04-16,GOOGL,Alphabet (Google),153.10000610351562,155.88999938964844,151.50999450683594,153.3300018310547,152.61087036132812,28187400
2025-04-17,GOOGL,Alphabet (Google),154.2899932861328,154.67999267578125,148.5,151.16000366210938,150.4510498046875,33046600
2025-04-21,GOOGL,Alphabet (Google),148.8800048828125,148.9499969482422,146.10000610351562,147.6699981689453,146.97740173339844,26049100
2025-04-22,GOOGL,Alphabet (Google),148.88999938964844,152.19000244140625,148.5399932861328,151.47000122070312,150.7595977783203,26971800
2025-04-23,GOOGL,Alphabet (Google),155.61000061035156,157.52999877929688,153.80999755859375,155.35000610351562,154.62139892578125,31128800
2025-04-24,GOOGL,Alphabet (Google),156.14999389648438,159.58999633789062,155.7899932861328,159.27999877929688,158.53294372558594,45894000
2025-04-25,GOOGL,Alphabet (Google),165.07000732421875,166.10000610351562,161.0399932861328,161.9600067138672,161.2003936767578,56034000
2025-04-28,GOOGL,Alphabet (Google),162.42999267578125,163.14999389648438,158.60000610351562,160.61000061035156,159.85670471191406,29745800
2025-04-29,GOOGL,Alphabet (Google),160.32000732421875,160.74000549316406,157.52000427246094,160.16000366210938,159.40884399414062,26809000
2025-04-30,GOOGL,Alphabet (Google),157.97999572753906,159.27000427246094,155.39999389648438,158.8000030517578,158.05519104003906,34981100
2025-05-01,GOOGL,Alphabet (Google),160.4499969482422,161.9499969482422,158.91000366210938,161.3000030517578,160.54348754882812,30203200
2025-05-02,GOOGL,Alphabet (Google),163.41000366210938,164.97000122070312,161.8699951171875,164.02999877929688,163.26068115234375,25715000
2025-05-05,GOOGL,Alphabet (Google),163.0,165.38999938964844,162.72000122070312,164.2100067138672,163.43984985351562,21341800
2025-05-06,GOOGL,Alphabet (Google),162.1699981689453,164.8000030517578,161.19000244140625,163.22999572753906,162.4644317626953,21277200
2025-05-07,GOOGL,Alphabet (Google),164.0800018310547,165.0,147.83999633789062,151.3800048828125,150.67002868652344,127490100
2025-05-08,GOOGL,Alphabet (Google),155.0,155.92999267578125,152.89999389648438,154.27999877929688,153.55642700195312,57498700
2025-05-09,GOOGL,Alphabet (Google),154.1699981689453,155.0500030517578,152.1999969482422,152.75,152.0335693359375,32435300
2025-05-12,GOOGL,Alphabet (Google),157.49000549316406,159.10000610351562,156.25,158.4600067138672,157.716796875,44138800
2025-05-13,GOOGL,Alphabet (Google),158.7899932861328,160.57000732421875,156.16000366210938,159.52999877929688,158.7818145751953,42382100
2025-05-14,GOOGL,Alphabet (Google),159.9600067138672,167.0,159.61000061035156,165.3699951171875,164.5944061279297,48755900
2025-05-15,GOOGL,Alphabet (Google),165.83999633789062,166.2100067138672,162.3699951171875,163.9600067138672,163.19100952148438,33146700
2025-05-16,GOOGL,Alphabet (Google),167.72999572753906,169.35000610351562,165.6199951171875,166.19000244140625,165.41055297851562,42846900
2025-05-19,GOOGL,Alphabet (Google),164.50999450683594,166.63999938964844,164.22000122070312,166.5399932861328,165.7589111328125,30426100
2025-05-20,GOOGL,Alphabet (Google),166.42999267578125,168.5,162.89999389648438,163.97999572753906,163.21090698242188,46607700
2025-05-21,GOOGL,Alphabet (Google),163.69000244140625,173.13999938964844,163.55999755859375,168.55999755859375,167.76942443847656,73416000
2025-05-22,GOOGL,Alphabet (Google),171.85000610351562,176.77000427246094,170.7100067138672,170.8699951171875,170.06858825683594,74864400
2025-05-23,GOOGL,Alphabet (Google),169.05999755859375,169.9600067138672,167.88999938964844,168.47000122070312,167.67984008789062,35211400
2025-05-27,GOOGL,Alphabet (Google),170.16000366210938,173.1699981689453,170.0,172.89999389648438,172.08908081054688,37995700
2025-05-28,GOOGL,Alphabet (Google),173.16000366210938,175.27000427246094,171.91000366210938,172.36000061035156,171.5516357421875,34784000
2025-05-29,GOOGL,Alphabet (Google),174.0,174.4199981689453,170.6300048828125,171.86000061035156,171.053955078125,29317300
2025-05-30,GOOGL,Alphabet (Google),171.35000610351562,172.2100067138672,167.44000244140625,171.74000549316406,170.9345245361328,52639900
2025-06-02,GOOGL,Alphabet (Google),167.83999633789062,169.8699951171875,167.38999938964844,169.02999877929688,168.2372283935547,38612300
2025-06-03,GOOGL,Alphabet (Google),167.49000549316406,168.47999572753906,165.27999877929688,166.17999267578125,165.40057373046875,45084900
2025-06-04,GOOGL,Alphabet (Google),166.74000549316406,168.22000122070312,166.36000061035156,168.0500030517578,167.2618408203125,26900800
2025-06-05,GOOGL,Alphabet (Google),170.33999633789062,170.92999267578125,167.58999633789062,168.2100067138672,167.42108154296875,36379100
2025-06-06,GOOGL,Alphabet (Google),170.8300018310547,174.5,170.8300018310547,173.67999267578125,172.86541748046875,35731800
2025-06-09,GOOGL,Alphabet (Google),174.5399932861328,176.47000122070312,174.3699951171875,176.08999633789062,175.47630310058594,28935900
2025-06-10,GOOGL,Alphabet (Google),176.1999969482422,181.11000061035156,174.91000366210938,178.60000610351562,177.97755432128906,61766100
2025-06-11,GOOGL,Alphabet (Google),179.77000427246094,180.3699951171875,176.75,177.35000610351562,176.73191833496094,31646800
2025-06-12,GOOGL,Alphabet (Google),176.17999267578125,176.72000122070312,174.75,175.6999969482422,175.08766174316406,20941900
2025-06-13,GOOGL,Alphabet (Google),172.44000244140625,177.1300048828125,172.38999938964844,174.6699981689453,174.06124877929688,27663100
2025-06-16,GOOGL,Alphabet (Google),174.72999572753906,176.94000244140625,174.64999389648438,176.77000427246094,176.15391540527344,27389200
2025-06-17,GOOGL,Alphabet (Google),175.6999969482422,177.36000061035156,174.5800018310547,175.9499969482422,175.33677673339844,24973000
2025-06-18,GOOGL,Alphabet (Google),176.00999450683594,176.55999755859375,173.1999969482422,173.32000732421875,172.71595764160156,28707500
2025-06-20,GOOGL,Alphabet (Google),173.9499969482422,174.33999633789062,165.4600067138672,166.63999938964844,166.05923461914062,75659900
2025-06-23,GOOGL,Alphabet (Google),166.27000427246094,167.33999633789062,162.0,165.19000244140625,164.6143035888672,57671000
2025-06-24,GOOGL,Alphabet (Google),166.9199981689453,168.22000122070312,166.1300048828125,166.77000427246094,166.18878173828125,40524300
2025-06-25,GOOGL,Alphabet (Google),167.6300048828125,172.36000061035156,167.5500030517578,170.67999267578125,170.08514404296875,35479000
2025-06-26,GOOGL,Alphabet (Google),172.42999267578125,173.69000244140625,169.94000244140625,173.5399932861328,172.93516540527344,31796700
2025-06-27,GOOGL,Alphabet (Google),173.5399932861328,178.67999267578125,171.72999572753906,178.52999877929688,177.9077911376953,108140200
2025-06-30,GOOGL,Alphabet (Google),180.77999877929688,181.22999572753906,174.5800018310547,176.22999572753906,175.6157989501953,63378900
2025-07-01,GOOGL,Alphabet (Google),175.74000549316406,176.08999633789062,173.52999877929688,175.83999633789062,175.22715759277344,35904500
2025-07-02,GOOGL,Alphabet (Google),175.5399932861328,178.86000061035156,175.07000732421875,178.63999938964844,178.01739501953125,29128900
2025-07-03,GOOGL,Alphabet (Google),178.5,179.6699981689453,177.0500030517578,179.52999877929688,178.90428161621094,21689700
2025-07-07,GOOGL,Alphabet (Google),179.05999755859375,179.3000030517578,175.67999267578125,176.7899932861328,176.17384338378906,34175600
2025-07-08,GOOGL,Alphabet (Google),177.85000610351562,177.9499969482422,172.80999755859375,174.36000061035156,173.7523193359375,40442500
2025-07-09,GOOGL,Alphabet (Google),175.25,179.44000244140625,172.77000427246094,176.6199951171875,176.0044403076172,43025600
2025-07-10,GOOGL,Alphabet (Google),175.6300048828125,178.42999267578125,174.3800048828125,177.6199951171875,177.00096130371094,29252400
2025-07-11,GOOGL,Alphabet (Google),176.7899932861328,181.42999267578125,176.47999572753906,180.19000244140625,179.56202697753906,34282900
2025-07-14,GOOGL,Alphabet (Google),181.00999450683594,183.6699981689453,179.67999267578125,181.55999755859375,180.92721557617188,32536600
2025-07-15,GOOGL,Alphabet (Google),182.80999755859375,184.22000122070312,181.60000610351562,182.0,181.36570739746094,33448300
2025-07-16,GOOGL,Alphabet (Google),183.24000549316406,184.3300018310547,182.02999877929688,182.97000122070312,182.3323211669922,33104200
2025-07-17,GOOGL,Alphabet (Google),182.13999938964844,184.05999755859375,180.47999572753906,183.5800018310547,182.94017028808594,31992600
2025-07-18,GOOGL,Alphabet (Google),185.39999389648438,186.4199981689453,183.7100067138672,185.05999755859375,184.41500854492188,34014500
2025-07-21,GOOGL,Alphabet (Google),186.25,190.2899932861328,186.14999389648438,190.10000610351562,189.4374542236328,45803100
2025-07-22,GOOGL,Alphabet (Google),191.5,191.64999389648438,187.4600067138672,191.33999633789062,190.67312622070312,44660200
2025-07-23,GOOGL,Alphabet (Google),191.5,192.52999877929688,189.17999267578125,190.22999572753906,189.56703186035156,58681900
2025-07-24,GOOGL,Alphabet (Google),197.02999877929688,197.9499969482422,191.0,192.1699981689453,191.500244140625,74881700
2025-07-25,GOOGL,Alphabet (Google),191.97999572753906,194.3300018310547,191.25999450683594,193.17999267578125,192.50672912597656,39785900
2025-07-28,GOOGL,Alphabet (Google),193.64999389648438,194.0500030517578,190.83999633789062,192.5800018310547,191.9088134765625,38139500
2025-07-29,GOOGL,Alphabet (Google),192.42999267578125,195.9199981689453,192.0800018310547,195.75,195.06777954101562,41389200
2025-07-30,GOOGL,Alphabet (Google),195.60000610351562,197.60000610351562,194.69000244140625,196.52999877929688,195.8450469970703,32445400
2025-07-31,GOOGL,Alphabet (Google),195.7100067138672,195.99000549316406,191.08999633789062,191.89999389648438,191.23118591308594,51329200
2025-08-01,GOOGL,Alphabet (Google),189.02999877929688,190.8300018310547,187.82000732421875,189.1300048828125,188.47084045410156,34832200
2025-08-04,GOOGL,Alphabet (Google),190.2899932861328,195.27000427246094,190.1199951171875,195.0399932861328,194.36024475097656,31547400
2025-08-05,GOOGL,Alphabet (Google),194.7100067138672,197.86000061035156,193.88999938964844,194.6699981689453,193.9915313720703,31602300
2025-08-06,GOOGL,Alphabet (Google),194.5,196.6300048828125,193.6699981689453,196.08999633789062,195.40658569335938,21562900
2025-08-07,GOOGL,Alphabet (Google),197.05999755859375,197.5399932861328,194.3300018310547,196.52000427246094,195.83509826660156,26321800
2025-08-08,GOOGL,Alphabet (Google),197.22000122070312,202.61000061035156,197.1699981689453,201.4199981689453,200.71800231933594,39161800
2025-08-11,GOOGL,Alphabet (Google),200.94000244140625,201.47999572753906,199.07000732421875,201.0,200.2994842529297,25832400
2025-08-12,GOOGL,Alphabet (Google),201.3699951171875,204.5,200.58999633789062,203.33999633789062,202.63131713867188,30397900
2025-08-13,GOOGL,Alphabet (Google),204.1300048828125,204.52999877929688,197.50999450683594,201.9600067138672,201.25613403320312,28342900
2025-08-14,GOOGL,Alphabet (Google),201.5,204.44000244140625,201.22999572753906,202.94000244140625,202.2327117919922,25230400
2025-08-15,GOOGL,Alphabet (Google),203.85000610351562,206.44000244140625,201.27999877929688,203.89999389648438,203.1893768310547,34931400
2025-08-18,GOOGL,Alphabet (Google),204.1999969482422,205.27000427246094,202.49000549316406,203.5,202.79075622558594,18526600
2025-08-19,GOOGL,Alphabet (Google),203.02999877929688,203.44000244140625,199.9600067138672,201.57000732421875,200.8675079345703,24240200
2025-08-20,GOOGL,Alphabet (Google),200.72999572753906,201.27999877929688,196.60000610351562,199.32000732421875,198.62533569335938,28955500
2025-08-21,GOOGL,Alphabet (Google),199.75,202.47999572753906,199.42999267578125,199.75,199.0538330078125,19774600
2025-08-22,GOOGL,Alphabet (Google),202.72999572753906,208.5399932861328,201.3000030517578,206.08999633789062,205.37173461914062,42827000
2025-08-25,GOOGL,Alphabet (Google),206.42999267578125,210.52000427246094,205.27999877929688,208.49000549316406,207.76336669921875,29928900
2025-08-26,GOOGL,Alphabet (Google),207.50999450683594,207.85000610351562,205.6999969482422,207.13999938964844,206.41807556152344,28464100
2025-08-27,GOOGL,Alphabet (Google),205.6999969482422,208.91000366210938,205.64999389648438,207.47999572753906,206.7568817138672,23022900
2025-08-28,GOOGL,Alphabet (Google),207.25,212.22000122070312,206.89999389648438,211.63999938964844,210.9023895263672,32339300
2025-08-29,GOOGL,Alphabet (Google),210.50999450683594,214.64999389648438,210.1999969482422,212.91000366210938,212.16796875,39728400
2025-09-02,GOOGL,Alphabet (Google),208.44000244140625,211.67999267578125,206.1999969482422,211.35000610351562,210.61343383789062,47523000
2025-09-03,GOOGL,Alphabet (Google),226.2100067138672,231.30999755859375,224.7899932861328,230.66000366210938,229.85610961914062,103336100
2025-09-04,GOOGL,Alphabet (Google),229.64999389648438,232.3699951171875,226.11000061035156,232.3000030517578,231.49038696289062,51684200
2025-09-05,GOOGL,Alphabet (Google),232.1999969482422,235.75999450683594,231.89999389648438,235.0,234.1809844970703,46588900
2025-09-08,GOOGL,Alphabet (Google),235.47000122070312,238.1300048828125,233.6699981689453,234.0399932861328,233.43292236328125,32474700
2025-09-09,GOOGL,Alphabet (Google),234.1699981689453,240.47000122070312,233.22999572753906,239.6300048828125,239.00843811035156,38061000
2025-09-10,GOOGL,Alphabet (Google),238.89999389648438,241.66000366210938,237.85000610351562,239.1699981689453,238.54962158203125,35141100
2025-09-11,GOOGL,Alphabet (Google),239.8800048828125,242.25,236.25,240.3699951171875,239.74652099609375,30599300
2025-09-12,GOOGL,Alphabet (Google),240.3699951171875,242.0800018310547,238.0,240.8000030517578,240.17539978027344,26771600
2025-09-15,GOOGL,Alphabet (Google),244.66000366210938,252.41000366210938,244.66000366210938,251.61000061035156,250.95733642578125,58383800
2025-09-16,GOOGL,Alphabet (Google),252.0800018310547,253.0399932861328,249.47000122070312,251.16000366210938,250.50851440429688,34109700
2025-09-17,GOOGL,Alphabet (Google),251.22000122070312,251.60000610351562,246.27999877929688,249.52999877929688,248.8827362060547,34108000
2025-09-18,GOOGL,Alphabet (Google),251.67999267578125,253.99000549316406,249.8000030517578,252.02999877929688,251.37625122070312,31239500
2025-09-19,GOOGL,Alphabet (Google),253.25,256.0,251.80999755859375,254.72000122070312,254.0592803955078,55571400
2025-09-22,GOOGL,Alphabet (Google),254.42999267578125,255.77999877929688,250.3000030517578,252.52999877929688,251.8749542236328,32290500
2025-09-23,GOOGL,Alphabet (Google),253.0399932861328,254.36000061035156,250.47999572753906,251.66000366210938,251.00721740722656,26628000
2025-09-24,GOOGL,Alphabet (Google),251.66000366210938,252.35000610351562,246.44000244140625,247.13999938964844,246.4989471435547,28201000
2025-09-25,GOOGL,Alphabet (Google),244.39999389648438,246.49000549316406,240.74000549316406,245.7899932861328,245.15243530273438,31020400
2025-09-26,GOOGL,Alphabet (Google),247.07000732421875,249.4199981689453,245.97000122070312,246.5399932861328,245.90048217773438,18503200
2025-09-29,GOOGL,Alphabet (Google),247.85000610351562,251.14999389648438,242.77000427246094,244.0500030517578,243.41696166992188,32505800
2025-09-30,GOOGL,Alphabet (Google),242.80999755859375,243.2899932861328,239.25,243.10000610351562,242.4694366455078,34724300
2025-10-01,GOOGL,Alphabet (Google),240.75,246.3000030517578,238.61000061035156,244.89999389648438,244.26475524902344,31658200
2025-10-02,GOOGL,Alphabet (Google),245.14999389648438,246.80999755859375,242.3000030517578,245.69000244140625,245.05271911621094,25483300
2025-10-03,GOOGL,Alphabet (Google),244.49000549316406,246.3000030517578,241.66000366210938,245.35000610351562,244.7135772705078,30249600
2025-10-06,GOOGL,Alphabet (Google),244.77999877929688,251.32000732421875,244.5800018310547,250.42999267578125,249.78041076660156,28894700
2025-10-07,GOOGL,Alphabet (Google),248.27000427246094,250.44000244140625,245.52000427246094,245.75999450683594,245.12252807617188,23181300
2025-10-08,GOOGL,Alphabet (Google),244.9600067138672,246.00999450683594,243.82000732421875,244.6199951171875,243.9854736328125,21307100
2025-10-09,GOOGL,Alphabet (Google),244.47000122070312,244.75999450683594,239.14999389648438,241.52999877929688,240.9034881591797,27892100
2025-10-10,GOOGL,Alphabet (Google),241.42999267578125,244.08999633789062,235.83999633789062,236.57000732421875,235.9563446044922,33180300
2025-10-13,GOOGL,Alphabet (Google),240.2100067138672,244.5,239.7100067138672,244.14999389648438,243.51670837402344,24995000
2025-10-14,GOOGL,Alphabet (Google),241.22999572753906,247.1199951171875,240.50999450683594,245.4499969482422,244.81332397460938,22111600
2025-10-15,GOOGL,Alphabet (Google),247.25,252.11000061035156,245.99000549316406,251.02999877929688,250.37884521484375,27007700
2025-10-16,GOOGL,Alphabet (Google),251.77000427246094,256.9599914550781,250.10000610351562,251.4600067138672,250.80772399902344,27997200
2025-10-17,GOOGL,Alphabet (Google),250.75999450683594,254.22000122070312,247.80999755859375,253.3000030517578,252.64297485351562,29671600
2025-10-20,GOOGL,Alphabet (Google),254.69000244140625,257.3299865722656,254.22999572753906,256.54998779296875,255.88453674316406,22350200
2025-10-21,GOOGL,Alphabet (Google),254.74000549316406,254.8800048828125,244.14999389648438,250.4600067138672,249.81031799316406,47312100
2025-10-22,GOOGL,Alphabet (Google),254.3699951171875,256.3599853515625,249.2899932861328,251.69000244140625,251.0371551513672,35029400
2025-10-23,GOOGL,Alphabet (Google),252.97999572753906,255.0399932861328,251.85000610351562,253.0800018310547,252.4235382080078,19901400
2025-10-24,GOOGL,Alphabet (Google),256.5799865722656,261.67999267578125,255.32000732421875,259.9200134277344,259.2458190917969,28655100
2025-10-27,GOOGL,Alphabet (Google),264.82000732421875,270.1400146484375,264.2799987792969,269.2699890136719,268.5715026855469,35235200
2025-10-28,GOOGL,Alphabet (Google),269.69000244140625,270.7300109863281,266.5,267.4700012207031,266.7762145996094,29738600
2025-10-29,GOOGL,Alphabet (Google),267.75,275.3399963378906,267.6700134277344,274.57000732421875,273.8578186035156,43580300
2025-10-30,GOOGL,Alphabet (Google),291.5899963378906,291.5899963378906,280.05999755859375,281.4800109863281,280.7499084472656,74876000
2025-10-31,GOOGL,Alphabet (Google),283.2099914550781,286.0,277.0299987792969,281.19000244140625,280.46063232421875,39267900
2025-11-03,GOOGL,Alphabet (Google),282.17999267578125,285.5299987792969,279.79998779296875,283.7200012207031,282.9840393066406,29786000
2025-11-04,GOOGL,Alphabet (Google),276.75,281.2699890136719,276.260009765625,277.5400085449219,276.8200988769531,30078400
2025-11-05,GOOGL,Alphabet (Google),278.8699951171875,286.4200134277344,277.3399963378906,284.30999755859375,283.572509765625,31010300
2025-11-06,GOOGL,Alphabet (Google),285.3299865722656,288.3500061035156,281.1400146484375,284.75,284.01141357421875,37173600
2025-11-07,GOOGL,Alphabet (Google),283.2099914550781,283.7799987792969,275.19000244140625,278.8299865722656,278.106689453125,34479600
2025-11-10,GOOGL,Alphabet (Google),284.4200134277344,290.79998779296875,282.8599853515625,290.1000061035156,289.3475036621094,29557300
2025-11-11,GOOGL,Alphabet (Google),287.75,291.9200134277344,287.32000732421875,291.30999755859375,290.55438232421875,19842100
2025-11-12,GOOGL,Alphabet (Google),291.67999267578125,292.010009765625,283.69000244140625,286.7099914550781,285.96630859375,24829900
2025-11-13,GOOGL,Alphabet (Google),282.3399963378906,282.8399963378906,277.239990234375,278.57000732421875,277.8474426269531,29494000
2025-11-14,GOOGL,Alphabet (Google),271.4100036621094,278.55999755859375,270.70001220703125,276.4100036621094,275.6930236816406,31647200
2025-11-17,GOOGL,Alphabet (Google),285.7799987792969,293.95001220703125,283.57000732421875,285.0199890136719,284.2806396484375,52670200
2025-11-18,GOOGL,Alphabet (Google),287.9200134277344,288.79998779296875,278.20001220703125,284.2799987792969,283.5426330566406,49158700
2025-11-19,GOOGL,Alphabet (Google),287.1600036621094,303.80999755859375,286.6300048828125,292.80999755859375,292.0504455566406,68198900
2025-11-20,GOOGL,Alphabet (Google),304.5400085449219,306.4200134277344,288.6700134277344,289.45001220703125,288.69921875,62025200
2025-11-21,GOOGL,Alphabet (Google),296.4200134277344,303.9200134277344,293.8500061035156,299.6600036621094,298.8826904296875,74137700
2025-11-24,GOOGL,Alphabet (Google),311.1300048828125,319.4800109863281,309.6000061035156,318.5799865722656,317.75360107421875,85165100
2025-11-25,GOOGL,Alphabet (Google),326.2099914550781,328.8299865722656,317.6499938964844,323.44000244140625,322.60101318359375,88632100
2025-11-26,GOOGL,Alphabet (Google),320.67999267578125,324.5,316.7900085449219,319.95001220703125,319.1201171875,51373400
2025-11-28,GOOGL,Alphabet (Google),323.3699951171875,326.8500061035156,316.7900085449219,320.17999267578125,319.3494873046875,26018600
2025-12-01,GOOGL,Alphabet (Google),317.70001220703125,319.8500061035156,313.8900146484375,314.8900146484375,314.0732116699219,41183000
2025-12-02,GOOGL,Alphabet (Google),316.739990234375,318.3800048828125,313.9100036621094,315.80999755859375,314.9908142089844,35854700
2025-12-03,GOOGL,Alphabet (Google),315.8900146484375,321.5799865722656,314.1000061035156,319.6300048828125,318.8009338378906,41838300
2025-12-04,GOOGL,Alphabet (Google),322.2300109863281,322.3599853515625,314.70001220703125,317.6199951171875,316.7961120605469,31240900
2025-12-05,GOOGL,Alphabet (Google),319.489990234375,323.1600036621094,319.1700134277344,321.2699890136719,320.4366149902344,28851700
2025-12-08,GOOGL,Alphabet (Google),320.04998779296875,320.44000244140625,311.2200012207031,313.7200012207031,313.11090087890625,33909400
2025-12-09,GOOGL,Alphabet (Google),312.3699951171875,317.989990234375,311.8999938964844,317.0799865722656,316.4643859863281,30194000
2025-12-10,GOOGL,Alphabet (Google),315.8299865722656,321.30999755859375,314.67999267578125,320.2099914550781,319.58831787109375,33428900
2025-12-11,GOOGL,Alphabet (Google),320.0799865722656,321.1199951171875,308.6000061035156,312.42999267578125,311.82342529296875,42353700
2025-12-12,GOOGL,Alphabet (Google),313.70001220703125,314.8699951171875,305.55999755859375,309.2900085449219,308.68951416015625,35940200
2025-12-15,GOOGL,Alphabet (Google),311.32000732421875,311.4200134277344,304.8800048828125,308.2200012207031,307.62158203125,29151900
2025-12-16,GOOGL,Alphabet (Google),304.95001220703125,310.7699890136719,302.5899963378906,306.57000732421875,305.97479248046875,30585000
2025-12-17,GOOGL,Alphabet (Google),308.010009765625,308.0899963378906,296.1199951171875,296.7200012207031,296.1439208984375,43930400
2025-12-18,GOOGL,Alphabet (Google),301.7200012207031,303.9599914550781,299.2300109863281,302.4599914550781,301.8727722167969,33518000
2025-12-19,GOOGL,Alphabet (Google),301.7300109863281,307.25,300.9700012207031,307.1600036621094,306.56365966796875,59943200
2025-12-22,GOOGL,Alphabet (Google),309.8800048828125,310.1300048828125,305.29998779296875,309.7799987792969,309.1785583496094,26429900
2025-12-23,GOOGL,Alphabet (Google),309.6300048828125,314.94000244140625,309.32000732421875,314.3500061035156,313.73968505859375,25478700
2025-12-24,GOOGL,Alphabet (Google),314.7699890136719,315.0799865722656,311.9200134277344,314.0899963378906,313.4801940917969,10097400
2025-12-26,GOOGL,Alphabet (Google),314.4800109863281,315.0899963378906,312.2799987792969,313.510009765625,312.9013366699219,10899000
2025-12-29,GOOGL,Alphabet (Google),311.3699951171875,314.0199890136719,310.6199951171875,313.55999755859375,312.95123291015625,19621800
2025-12-30,GOOGL,Alphabet (Google),312.5,316.95001220703125,312.4599914550781,313.8500061035156,313.24066162109375,17380900
2025-12-31,GOOGL,Alphabet (Google),312.8500061035156,314.5799865722656,311.44000244140625,313.0,312.392333984375,16377700
2026-01-02,GOOGL,Alphabet (Google),316.8999938964844,322.5,310.3299865722656,315.1499938964844,314.5381164550781,32009400
2026-01-05,GOOGL,Alphabet (Google),317.6600036621094,319.0199890136719,314.6300048828125,316.5400085449219,315.9254455566406,30195600
2026-01-06,GOOGL,Alphabet (Google),316.3999938964844,320.94000244140625,311.7799987792969,314.3399963378906,313.72967529296875,31212100
2026-01-07,GOOGL,Alphabet (Google),314.3599853515625,326.1499938964844,314.19000244140625,321.9800109863281,321.3548889160156,35104400
2026-01-08,GOOGL,Alphabet (Google),328.9700012207031,330.32000732421875,321.5,325.44000244140625,324.80816650390625,31896100
2026-01-09,GOOGL,Alphabet (Google),327.0899963378906,330.8299865722656,325.79998779296875,328.57000732421875,327.9320983886719,26214200
2026-01-12,GOOGL,Alphabet (Google),325.79998779296875,334.0400085449219,325.0,331.8599853515625,331.2156982421875,33923900
2026-01-13,GOOGL,Alphabet (Google),334.95001220703125,340.489990234375,333.6199951171875,335.9700012207031,335.31768798828125,33517600
2026-01-14,GOOGL,Alphabet (Google),335.05999755859375,336.5199890136719,330.4800109863281,335.8399963378906,335.1879577636719,28525600
2026-01-15,GOOGL,Alphabet (Google),337.6499938964844,337.69000244140625,330.739990234375,332.7799987792969,332.1339416503906,28442400
2026-01-16,GOOGL,Alphabet (Google),334.4100036621094,334.6499938964844,327.70001220703125,330.0,329.35931396484375,40341600
2026-01-20,GOOGL,Alphabet (Google),320.8699951171875,327.7300109863281,320.42999267578125,322.0,321.3748474121094,35361000
2026-01-21,GOOGL,Alphabet (Google),320.9200134277344,332.4800109863281,319.3500061035156,328.3800048828125,327.7424621582031,35386600
2026-01-22,GOOGL,Alphabet (Google),334.45001220703125,335.1499938964844,328.75,330.5400085449219,329.89825439453125,26253600
2026-01-23,GOOGL,Alphabet (Google),332.489990234375,333.69000244140625,327.45001220703125,327.92999267578125,327.2933349609375,27280000
2026-01-26,GOOGL,Alphabet (Google),327.80999755859375,335.8399963378906,327.0,333.260009765625,332.61297607421875,26042100
2026-01-27,GOOGL,Alphabet (Google),335.3699951171875,337.9100036621094,333.4800109863281,334.54998779296875,333.90045166015625,21636200
2026-01-28,GOOGL,Alphabet (Google),336.05999755859375,337.5400085449219,331.94000244140625,336.010009765625,335.3576354980469,27434400
2026-01-29,GOOGL,Alphabet (Google),340.29998779296875,342.2900085449219,326.5400085449219,338.25,337.5932922363281,39785600
2026-01-30,GOOGL,Alphabet (Google),340.0,340.0,332.2900085449219,338.0,337.3437805175781,31024000
2026-02-02,GOOGL,Alphabet (Google),336.2200012207031,344.8299865722656,335.6300048828125,343.69000244140625,343.022705078125,32006100
2026-02-03,GOOGL,Alphabet (Google),347.3399963378906,349.0,337.4700012207031,339.7099914550781,339.0504455566406,36506700
2026-02-04,GOOGL,Alphabet (Google),342.9599914550781,343.30999755859375,328.5199890136719,333.0400085449219,332.3934326171875,70618400
2026-02-05,GOOGL,Alphabet (Google),312.2200012207031,332.69000244140625,306.4599914550781,331.25,330.6069030761719,88205800
2026-02-06,GOOGL,Alphabet (Google),327.17999267578125,330.3800048828125,319.9200134277344,322.8599853515625,322.233154296875,56380500
2026-02-09,GOOGL,Alphabet (Google),320.92999267578125,327.70001220703125,317.260009765625,324.32000732421875,323.6903381347656,39640100
2026-02-10,GOOGL,Alphabet (Google),320.9700012207031,321.6700134277344,314.6099853515625,318.5799865722656,317.9614562988281,39170000
2026-02-11,GOOGL,Alphabet (Google),318.9700012207031,321.05999755859375,309.6600036621094,310.9599914550781,310.35626220703125,45406400
2026-02-12,GOOGL,Alphabet (Google),312.0899963378906,316.239990234375,307.20001220703125,309.0,308.40008544921875,47761300
2026-02-13,GOOGL,Alphabet (Google),307.7300109863281,308.6300048828125,303.7099914550781,305.7200012207031,305.12646484375,38499700
2026-02-17,GOOGL,Alphabet (Google),300.0400085449219,304.44000244140625,296.25,302.0199890136719,301.4336242675781,39247600
2026-02-18,GOOGL,Alphabet (Google),302.0899963378906,305.3800048828125,301.25,303.3299865722656,302.7410888671875,28482100
2026-02-19,GOOGL,Alphabet (Google),301.82000732421875,305.4700012207031,300.0400085449219,302.8500061035156,302.26202392578125,25834400
2026-02-20,GOOGL,Alphabet (Google),304.32000732421875,316.5,303.8999938964844,314.9800109863281,314.36846923828125,53210800
2026-02-23,GOOGL,Alphabet (Google),319.04998779296875,319.5199890136719,309.8699951171875,311.489990234375,310.8852233886719,31423000
2026-02-24,GOOGL,Alphabet (Google),310.5199890136719,312.2699890136719,305.92999267578125,310.8999938964844,310.29638671875,25615600
2026-02-25,GOOGL,Alphabet (Google),312.05999755859375,313.6400146484375,309.44000244140625,312.8999938964844,312.2925109863281,29963600
2026-02-26,GOOGL,Alphabet (Google),312.6400146484375,313.1400146484375,302.3500061035156,307.3800048828125,306.783203125,36431200
2026-02-27,GOOGL,Alphabet (Google),304.1400146484375,312.3699951171875,303.79998779296875,311.760009765625,311.1547546386719,44640600
2026-03-02,GOOGL,Alphabet (Google),303.2300109863281,308.489990234375,301.29998779296875,306.5199890136719,305.92486572265625,34790200
2026-03-03,GOOGL,Alphabet (Google),298.5899963378906,303.94000244140625,296.7099914550781,303.5799865722656,302.9906005859375,35497000
2026-03-04,GOOGL,Alphabet (Google),302.8900146484375,305.4700012207031,300.75,303.1300048828125,302.5414733886719,29536200
2026-03-05,GOOGL,Alphabet (Google),303.0400085449219,303.29998779296875,297.989990234375,300.8800048828125,300.2958679199219,35752300
2026-03-06,GOOGL,Alphabet (Google),296.0899963378906,300.5299987792969,295.17999267578125,298.5199890136719,297.9403991699219,25576900
2026-03-09,GOOGL,Alphabet (Google),294.3599853515625,306.79998779296875,294.0799865722656,306.3599853515625,305.98040771484375,29312100
2026-03-10,GOOGL,Alphabet (Google),306.1700134277344,309.510009765625,305.57000732421875,307.0400085449219,306.65960693359375,23239700
2026-03-11,GOOGL,Alphabet (Google),306.75,311.4200134277344,305.9200134277344,308.70001220703125,308.31756591796875,24125700
2026-03-12,GOOGL,Alphabet (Google),306.82000732421875,308.94000244140625,301.0299987792969,303.54998779296875,303.17388916015625,24928300
2026-03-13,GOOGL,Alphabet (Google),307.010009765625,307.69000244140625,300.44000244140625,302.2799987792969,301.9054870605469,23693100
2026-03-16,GOOGL,Alphabet (Google),304.3500061035156,306.489990234375,303.0199890136719,305.55999755859375,305.1814270019531,23519700
2026-03-17,GOOGL,Alphabet (Google),305.8599853515625,311.4200134277344,305.5,310.9200134277344,310.5347900390625,21955200
2026-03-18,GOOGL,Alphabet (Google),309.2699890136719,312.4700012207031,306.92999267578125,307.69000244140625,307.30877685546875,20009800
2026-03-19,GOOGL,Alphabet (Google),304.010009765625,308.05999755859375,302.3500061035156,307.1300048828125,306.7494812011719,25075800
2026-03-20,GOOGL,Alphabet (Google),305.4599914550781,306.0,298.2699890136719,301.0,300.6270751953125,44364100
2026-03-23,GOOGL,Alphabet (Google),302.1099853515625,305.9800109863281,300.92999267578125,302.05999755859375,301.685791015625,29326900
2026-03-24,GOOGL,Alphabet (Google),299.20001220703125,299.9200134277344,290.3299865722656,290.44000244140625,290.0801696777344,36864300
2026-03-25,GOOGL,Alphabet (Google),293.44000244140625,296.0,289.239990234375,290.92999267578125,290.5695495605469,29460700
2026-03-26,GOOGL,Alphabet (Google),287.9100036621094,287.95001220703125,278.5,280.9200134277344,280.57196044921875,39080600
2026-03-27,GOOGL,Alphabet (Google),277.2799987792969,279.3699951171875,273.95001220703125,274.3399963378906,274.0001220703125,35890600
2026-03-30,GOOGL,Alphabet (Google),276.4200134277344,277.0899963378906,272.1099853515625,273.5,273.1611633300781,35141200
2026-03-31,GOOGL,Alphabet (Google),278.0400085449219,288.0799865722656,277.0899963378906,287.55999755859375,287.2037353515625,43875400
2026-04-01,GOOGL,Alphabet (Google),290.8399963378906,300.5199890136719,290.4100036621094,297.3900146484375,297.0215759277344,37684500
2026-04-02,GOOGL,Alphabet (Google),290.69000244140625,298.0799865722656,289.45001220703125,295.7699890136719,295.403564453125,21666500
2026-04-06,GOOGL,Alphabet (Google),295.8699951171875,300.6199951171875,295.17999267578125,299.989990234375,299.6183166503906,16945500
2026-04-07,GOOGL,Alphabet (Google),302.7300109863281,305.6300048828125,297.7200012207031,305.4599914550781,305.08154296875,23205400
2026-04-08,GOOGL,Alphabet (Google),320.45001220703125,322.0799865722656,315.0199890136719,317.32000732421875,316.9268798828125,33547100
2026-04-09,GOOGL,Alphabet (Google),315.9100036621094,319.5400085449219,311.05999755859375,318.489990234375,318.09539794921875,23739200
2026-04-10,GOOGL,Alphabet (Google),320.0199890136719,321.8299865722656,316.32000732421875,317.239990234375,316.8469543457031,19152600
2026-04-13,GOOGL,Alphabet (Google),317.1400146484375,321.6300048828125,315.4700012207031,321.30999755859375,320.91192626953125,18866400
2026-04-14,GOOGL,Alphabet (Google),324.7900085449219,333.2900085449219,323.75,332.9100036621094,332.49755859375,27721400
2026-04-15,GOOGL,Alphabet (Google),332.8900146484375,337.4800109863281,330.8999938964844,337.1199951171875,336.70233154296875,24918800
2026-04-16,GOOGL,Alphabet (Google),338.75,339.8800048828125,334.5199890136719,336.0199890136719,335.6036682128906,20541500
2026-04-17,GOOGL,Alphabet (Google),337.6499938964844,342.32000732421875,336.239990234375,341.67999267578125,341.2566833496094,25581900
2026-04-20,GOOGL,Alphabet (Google),340.760009765625,341.3999938964844,336.6099853515625,337.4200134277344,337.0019836425781,18784200
2026-04-21,GOOGL,Alphabet (Google),337.69000244140625,339.3399963378906,331.3500061035156,332.2900085449219,331.8783264160156,23123800
2026-04-22,GOOGL,Alphabet (Google),337.0199890136719,339.82000732421875,335.1700134277344,339.32000732421875,338.8996276855469,20293000
2026-04-23,GOOGL,Alphabet (Google),341.17999267578125,341.9599914550781,336.17999267578125,338.8900146484375,338.47015380859375,18650300
2026-04-24,GOOGL,Alphabet (Google),338.7300109863281,345.2699890136719,335.3900146484375,344.3999938964844,343.9732971191406,26426100
2026-04-27,GOOGL,Alphabet (Google),345.9800109863281,353.17999267578125,342.7300109863281,350.3399963378906,349.90594482421875,28576900
2026-04-28,GOOGL,Alphabet (Google),348.54998779296875,352.4200134277344,346.1199951171875,349.7799987792969,349.3466491699219,27824100
2026-04-29,GOOGL,Alphabet (Google),347.57000732421875,355.7900085449219,344.2099914550781,349.94000244140625,349.5064697265625,35376300
2026-04-30,GOOGL,Alphabet (Google),374.07000732421875,385.8399963378906,365.82000732421875,384.79998779296875,384.3232421875,72040000
2026-05-01,GOOGL,Alphabet (Google),381.6300048828125,386.760009765625,379.04998779296875,385.69000244140625,385.2121887207031,30105200
2026-05-04,GOOGL,Alphabet (Google),385.6300048828125,387.3800048828125,379.7900085449219,383.25,382.7751770019531,26298600
2026-05-05,GOOGL,Alphabet (Google),386.2300109863281,392.82000732421875,384.0199890136719,388.42999267578125,387.9487609863281,23878600
2026-05-06,GOOGL,Alphabet (Google),394.25,399.8500061035156,392.760009765625,398.0400085449219,397.546875,31308500
2026-05-07,GOOGL,Alphabet (Google),399.9200134277344,400.1000061035156,392.67999267578125,397.989990234375,397.4969177246094,24433500
2026-05-08,GOOGL,Alphabet (Google),397.0,402.0,396.3599853515625,400.79998779296875,400.3034362792969,21461800
2026-05-11,GOOGL,Alphabet (Google),393.6499938964844,397.44000244140625,388.4700012207031,388.6400146484375,388.15850830078125,30753700
2026-05-12,GOOGL,Alphabet (Google),387.3399963378906,388.5199890136719,382.7699890136719,387.3500061035156,386.8701171875,26017500
2026-05-13,GOOGL,Alphabet (Google),385.6000061035156,403.70001220703125,385.0,402.6199951171875,402.1211853027344,28144600
2026-05-14,GOOGL,Alphabet (Google),397.2799987792969,402.92999267578125,395.8399963378906,401.07000732421875,400.5731201171875,21136700
2026-05-15,GOOGL,Alphabet (Google),396.32000732421875,399.5400085449219,393.17999267578125,396.7799987792969,396.2884216308594,20309700
2026-05-18,GOOGL,Alphabet (Google),395.69000244140625,408.6099853515625,394.5299987792969,396.94000244140625,396.4482421875,26837200
2026-05-19,GOOGL,Alphabet (Google),396.9599914550781,397.1499938964844,386.1099853515625,387.6600036621094,387.1797180175781,39545700
2026-05-20,GOOGL,Alphabet (Google),387.70001220703125,393.8599853515625,382.8999938964844,388.9100036621094,388.4281921386719,31744400
2026-05-21,GOOGL,Alphabet (Google),385.70001220703125,392.5,383.0199890136719,387.6600036621094,387.1797180175781,24852800
2026-05-22,GOOGL,Alphabet (Google),387.3500061035156,388.739990234375,381.7699890136719,382.9700012207031,382.49554443359375,20442100
2026-05-26,GOOGL,Alphabet (Google),384.510009765625,389.260009765625,382.6000061035156,388.8800048828125,388.398193359375,27747400
2026-05-27,GOOGL,Alphabet (Google),386.6700134277344,393.8800048828125,385.8999938964844,388.8299865722656,388.3482360839844,23087300
2026-05-28,GOOGL,Alphabet (Google),388.0,391.8699951171875,385.1600036621094,390.1300048828125,389.64666748046875,24357500
2026-05-29,GOOGL,Alphabet (Google),385.239990234375,385.239990234375,378.4599914550781,380.3399963378906,379.8687744140625,44415800
2026-06-01,GOOGL,Alphabet (Google),376.5199890136719,378.55999755859375,373.5199890136719,376.3699951171875,375.9037170410156,28672100
2026-06-02,GOOGL,Alphabet (Google),366.5899963378906,373.5400085449219,358.44000244140625,361.8500061035156,361.4017028808594,50412300
2026-06-03,GOOGL,Alphabet (Google),362.0299987792969,366.45001220703125,358.0799865722656,358.989990234375,358.54522705078125,55441600
2026-06-04,GOOGL,Alphabet (Google),358.8999938964844,373.25,358.2099914550781,372.19000244140625,371.7289123535156,44055500
2026-06-05,GOOGL,Alphabet (Google),366.3399963378906,372.0799865722656,364.1199951171875,368.5299987792969,368.07342529296875,37471200
2026-06-08,GOOGL,Alphabet (Google),365.17999267578125,366.20001220703125,360.5299987792969,363.30999755859375,363.0766296386719,27942500
2026-06-09,GOOGL,Alphabet (Google),367.0899963378906,372.0799865722656,357.29998779296875,364.260009765625,364.0260314941406,29535100
2026-06-10,GOOGL,Alphabet (Google),363.19000244140625,368.55999755859375,355.20001220703125,356.3800048828125,356.1510925292969,32357100
2026-06-11,GOOGL,Alphabet (Google),355.92999267578125,358.79998779296875,346.3599853515625,357.7699890136719,357.5401611328125,35538200
2026-06-12,GOOGL,Alphabet (Google),362.6199951171875,366.57000732421875,354.94000244140625,359.67999267578125,359.4489440917969,24704600
2026-06-15,GOOGL,Alphabet (Google),367.92999267578125,372.989990234375,366.54998779296875,369.3500061035156,369.1127624511719,27727500
2026-06-16,GOOGL,Alphabet (Google),369.6000061035156,376.0,367.05999755859375,373.25,373.01025390625,24876100
2026-06-17,GOOGL,Alphabet (Google),369.1300048828125,372.3299865722656,362.0199890136719,363.7900085449219,363.55633544921875,24543600
2026-06-18,GOOGL,Alphabet (Google),365.75,369.4800109863281,358.6700134277344,368.0299987792969,367.7935791015625,44470100
2026-06-22,GOOGL,Alphabet (Google),357.95001220703125,358.9200134277344,341.7200012207031,349.67999267578125,349.45538330078125,52814800
2026-06-23,GOOGL,Alphabet (Google),340.69000244140625,349.2900085449219,340.20001220703125,346.1300048828125,345.90765380859375,34007700
2026-06-24,GOOGL,Alphabet (Google),349.0400085449219,353.4800109863281,341.92999267578125,345.2900085449219,345.0682067871094,44997300
2026-06-25,GOOGL,Alphabet (Google),336.7300109863281,345.57000732421875,335.8399963378906,343.7099914550781,343.48919677734375,44491400
2026-06-26,GOOGL,Alphabet (Google),342.54998779296875,346.3599853515625,330.20001220703125,337.3900146484375,337.17327880859375,114706300
2026-06-29,GOOGL,Alphabet (Google),341.8299865722656,354.3500061035156,340.6700134277344,353.6499938964844,353.4228210449219,34213900
2026-06-30,GOOGL,Alphabet (Google),353.8699951171875,358.6199951171875,350.3999938964844,357.3699951171875,357.14044189453125,35237200
2026-07-01,GOOGL,Alphabet (Google),358.3699951171875,362.9700012207031,356.42999267578125,361.2099914550781,360.97796630859375,26736400
2026-07-02,GOOGL,Alphabet (Google),359.4800109863281,364.2099914550781,353.4200134277344,359.9100036621094,359.6788024902344,25974800
2026-07-06,GOOGL,Alphabet (Google),361.54998779296875,367.92999267578125,357.3800048828125,366.4599914550781,366.2245788574219,26915800
2026-07-07,GOOGL,Alphabet (Google),369.07000732421875,373.1600036621094,365.5,367.0299987792969,366.7942199707031,24045600
2026-07-08,GOOGL,Alphabet (Google),364.760009765625,367.8399963378906,358.0199890136719,361.9200134277344,361.6875305175781,22094800
2026-07-09,GOOGL,Alphabet (Google),354.30999755859375,359.6499938964844,351.0799865722656,358.8900146484375,358.65948486328125,24729100
2026-07-10,GOOGL,Alphabet (Google),357.5299987792969,357.82000732421875,352.75,357.17999267578125,356.9505615234375,18146100
2026-07-13,GOOGL,Alphabet (Google),356.19000244140625,358.1300048828125,351.75,352.510009765625,352.2835693359375,15901700
2026-07-14,GOOGL,Alphabet (Google),351.20001220703125,360.1600036621094,351.0899963378906,359.510009765625,359.2790832519531,18259400
2026-07-15,GOOGL,Alphabet (Google),357.9700012207031,373.6499938964844,357.760009765625,370.9200134277344,370.6817626953125,28284600
2026-07-16,GOOGL,Alphabet (Google),373.05999755859375,375.2699890136719,352.29998779296875,354.4599914550781,354.2322998046875,41158500
2026-07-17,GOOGL,Alphabet (Google),346.0,348.5199890136719,341.3599853515625,346.7699890136719,346.5472412109375,29959300
2026-07-20,GOOGL,Alphabet (Google),350.8800048828125,359.67999267578125,350.5199890136719,351.989990234375,351.7638854980469,24736600
2026-07-21,GOOGL,Alphabet (Google),351.32000732421875,351.32000732421875,347.0,347.1499938964844,346.927001953125,23369800
2026-07-22,GOOGL,Alphabet (Google),348.1600036621094,349.94000244140625,341.7300109863281,342.0899963378906,341.8702392578125,39334100
2026-07-23,GOOGL,Alphabet (Google),321.1300048828125,324.489990234375,314.8999938964844,317.69000244140625,317.4859313964844,69419700
2026-07-24,GOOGL,Alphabet (Google),318.4200134277344,324.17999267578125,317.32000732421875,319.739990234375,319.53460693359375,31806600
2026-07-27,GOOGL,Alphabet (Google),325.0400085449219,330.4200134277344,324.45001220703125,326.55999755859375,326.3502197265625,28471600
2026-07-28,GOOGL,Alphabet (Google),327.8999938964844,335.8800048828125,324.44000244140625,333.7099914550781,333.4956359863281,29511900
2026-07-29,GOOGL,Alphabet (Google),334.6700134277344,342.5,331.6199951171875,336.7099914550781,336.49371337890625,27501600
2026-07-30,GOOGL,Alphabet (Google),334.20001220703125,336.510009765625,330.3399963378906,333.6600036621094,333.4456787109375,30168000
2026-07-31,GOOGL,Alphabet (Google),340.8299865722656,358.5799865722656,340.0,356.1300048828125,355.9012451171875,46498000
2026-08-03,GOOGL,Alphabet (Google),365.45001220703125,376.69000244140625,363.3500061035156,373.510009765625,373.27008056640625,38669700
2026-08-04,GOOGL,Alphabet (Google),368.2200012207031,380.5199890136719,367.5,377.6499938964844,377.40740966796875,35705700
2026-08-05,GOOGL,Alphabet (Google),383.3399963378906,384.4800109863281,356.7699890136719,362.42999267578125,362.1971740722656,46926300
2026-08-06,GOOGL,Alphabet (Google),360.7699890136719,364.1300048828125,356.8800048828125,357.75,357.52020263671875,25235900
2026-08-07,GOOGL,Alphabet (Google),356.7200012207031,358.8999938964844,353.7799987792969,354.29998779296875,354.0723876953125,19859900
2026-08-10,GOOGL,Alphabet (Google),355.17999267578125,357.6099853515625,352.7099914550781,357.5199890136719,357.29034423828125,18991400
2026-08-11,GOOGL,Alphabet (Google),355.8900146484375,356.80999755859375,343.3900146484375,343.79998779296875,343.5791320800781,29081800
2026-08-12,GOOGL,Alphabet (Google),346.30999755859375,346.4800109863281,340.8800048828125,343.5400085449219,343.3193359375,25012000
2026-08-13,GOOGL,Alphabet (Google),345.7699890136719,347.92999267578125,343.760009765625,346.3599853515625,346.13751220703125,17866100
2026-08-14,GOOGL,Alphabet (Google),346.79998779296875,350.45001220703125,344.5,345.8999938964844,345.67779541015625,17808600
2026-08-17,GOOGL,Alphabet (Google),346.2699890136719,347.25,341.92999267578125,344.0,343.7790222167969,18291300
2026-08-18,GOOGL,Alphabet (Google),342.4100036621094,344.8699951171875,340.19000244140625,344.20001220703125,343.9789123535156,19248800
2026-08-19,GOOGL,Alphabet (Google),342.4599914550781,346.7300109863281,340.6600036621094,344.7200012207031,344.4985656738281,19733800
2026-08-20,GOOGL,Alphabet (Google),343.05999755859375,343.8999938964844,338.57000732421875,340.6700134277344,340.451171875,18570400
2026-08-21,GOOGL,Alphabet (Google),342.5799865722656,346.20001220703125,340.3999938964844,344.82000732421875,344.5985107421875,20849800
2026-08-24,GOOGL,Alphabet (Google),343.6199951171875,351.6000061035156,342.489990234375,348.05999755859375,347.83642578125,26338200
2026-08-25,GOOGL,Alphabet (Google),349.6400146484375,350.1600036621094,345.6000061035156,346.9599914550781,346.73712158203125,20649700
2026-08-26,GOOGL,Alphabet (Google),346.6199951171875,346.8800048828125,340.17999267578125,342.0,341.7803039550781,20420300
2026-08-27,GOOGL,Alphabet (Google),339.6700134277344,341.69000244140625,338.5199890136719,340.6499938964844,340.4311828613281,23391400
2026-08-28,GOOGL,Alphabet (Google),340.7099914550781,349.1400146484375,340.2699890136719,346.5899963378906,346.36737060546875,25347200
2026-08-31,GOOGL,Alphabet (Google),343.8299865722656,344.5899963378906,337.1600036621094,339.3500061035156,339.13201904296875,33493600
2026-09-01,GOOGL,Alphabet (Google),336.0,337.20001220703125,333.04998779296875,335.0199890136719,334.8047790527344,23342700
2026-09-02,GOOGL,Alphabet (Google),334.05999755859375,340.0,332.82000732421875,337.1199951171875,336.9034423828125,22582300
2026-09-03,GOOGL,Alphabet (Google),340.55999755859375,344.67999267578125,340.05999755859375,342.4800109863281,342.260009765625,20726900
2026-09-04,GOOGL,Alphabet (Google),342.4700012207031,343.5299987792969,337.0899963378906,338.4599914550781,338.4599914550781,23189300
2026-09-08,GOOGL,Alphabet (Google),335.4200134277344,339.67999267578125,333.2200012207031,338.3599853515625,338.3599853515625,22915800
2026-09-09,GOOGL,Alphabet (Google),331.6499938964844,331.8500061035156,327.8999938964844,330.6499938964844,330.6499938964844,33151600
2026-09-10,GOOGL,Alphabet (Google),328.2300109863281,333.2300109863281,327.739990234375,332.6000061035156,332.6000061035156,23557600
2026-09-11,GOOGL,Alphabet (Google),335.0299987792969,342.9800109863281,335.0299987792969,338.5,338.5,24708300
2026-09-14,GOOGL,Alphabet (Google),343.1199951171875,349.9100036621094,342.1400146484375,349.3900146484375,349.3900146484375,35905400
2026-09-15,GOOGL,Alphabet (Google),346.79998779296875,348.07000732421875,342.70001220703125,344.9800109863281,344.9800109863281,21928600
2026-09-16,GOOGL,Alphabet (Google),347.0799865722656,348.3999938964844,340.6400146484375,342.8699951171875,342.8699951171875,18928900
2026-09-17,GOOGL,Alphabet (Google),348.67999267578125,349.5,343.8900146484375,347.3299865722656,347.3299865722656,19238400
2026-09-18,GOOGL,Alphabet (Google),357.30999755859375,359.44000244140625,348.45001220703125,349.5400085449219,349.5400085449219,47631800
