Date,Ticker,Company,Open,High,Low,Close,Adj Close,Volume
2016-09-19,MU,Micron Technology,17.6299991607666,17.770000457763672,16.850000381469727,16.950000762939453,16.52857208251953,23999900
2016-09-20,MU,Micron Technology,17.049999237060547,17.270000457763672,16.719999313354492,16.920000076293945,16.49932289123535,17775800
2016-09-21,MU,Micron Technology,17.25,17.700000762939453,17.229999542236328,17.65999984741211,17.220922470092773,31384900
2016-09-22,MU,Micron Technology,17.889999389648438,18.049999237060547,17.40999984741211,17.59000015258789,17.152658462524414,25278000
2016-09-23,MU,Micron Technology,17.450000762939453,17.739999771118164,17.43000030517578,17.479999542236328,17.045400619506836,17947600
2016-09-26,MU,Micron Technology,17.350000381469727,17.600000381469727,17.18000030517578,17.360000610351562,16.928382873535156,19567200
2016-09-27,MU,Micron Technology,17.530000686645508,18.079999923706055,17.350000381469727,18.0,17.55246925354004,28621000
2016-09-28,MU,Micron Technology,18.15999984741211,18.15999984741211,17.149999618530273,17.440000534057617,17.006391525268555,42715600
2016-09-29,MU,Micron Technology,17.450000762939453,17.770000457763672,17.350000381469727,17.540000915527344,17.103904724121094,31870200
2016-09-30,MU,Micron Technology,17.75,18.0,17.579999923706055,17.780000686645508,17.33793830871582,21363100
2016-10-03,MU,Micron Technology,17.989999771118164,18.020000457763672,17.600000381469727,17.729999542236328,17.2891788482666,26856100
2016-10-04,MU,Micron Technology,17.979999542236328,18.040000915527344,17.65999984741211,17.799999237060547,17.357439041137695,54502800
2016-10-05,MU,Micron Technology,17.549999237060547,18.329999923706055,17.280000686645508,17.700000762939453,17.259929656982422,67739500
2016-10-06,MU,Micron Technology,17.639999389648438,17.889999389648438,17.540000915527344,17.729999542236328,17.2891788482666,21606800
2016-10-07,MU,Micron Technology,17.719999313354492,17.799999237060547,17.299999237060547,17.610000610351562,17.17216682434082,23849000
2016-10-10,MU,Micron Technology,17.719999313354492,17.84000015258789,17.489999771118164,17.5,17.064897537231445,18857600
2016-10-11,MU,Micron Technology,17.399999618530273,17.469999313354492,16.530000686645508,16.860000610351562,16.440813064575195,38070200
2016-10-12,MU,Micron Technology,16.8799991607666,17.040000915527344,16.670000076293945,16.780000686645508,16.362802505493164,17901800
2016-10-13,MU,Micron Technology,16.559999465942383,17.0,16.170000076293945,16.850000381469727,16.431060791015625,28593700
2016-10-14,MU,Micron Technology,17.030000686645508,17.40999984741211,16.989999771118164,17.1299991607666,16.70409393310547,23539800
2016-10-17,MU,Micron Technology,17.020000457763672,17.170000076293945,16.93000030517578,16.989999771118164,16.567581176757812,12657800
2016-10-18,MU,Micron Technology,17.209999084472656,17.65999984741211,17.200000762939453,17.40999984741211,16.977136611938477,20185700
2016-10-19,MU,Micron Technology,17.0,17.25,16.850000381469727,17.219999313354492,16.79186248779297,18629500
2016-10-20,MU,Micron Technology,17.049999237060547,17.5,17.049999237060547,17.200000762939453,16.772357940673828,17129700
2016-10-21,MU,Micron Technology,17.0,17.06999969482422,16.799999237060547,16.940000534057617,16.518821716308594,18710300
2016-10-24,MU,Micron Technology,17.06999969482422,17.15999984741211,16.969999313354492,17.059999465942383,16.635839462280273,13838700
2016-10-25,MU,Micron Technology,17.100000381469727,17.610000610351562,17.100000381469727,17.540000915527344,17.103904724121094,27444000
2016-10-26,MU,Micron Technology,17.299999237060547,17.93000030517578,17.200000762939453,17.639999389648438,17.201416015625,23610500
2016-10-27,MU,Micron Technology,17.81999969482422,17.899999618530273,17.399999618530273,17.530000686645508,17.094154357910156,21198300
2016-10-28,MU,Micron Technology,17.600000381469727,17.670000076293945,17.100000381469727,17.200000762939453,16.772357940673828,20832400
2016-10-31,MU,Micron Technology,17.540000915527344,17.760000228881836,17.15999984741211,17.15999984741211,16.73335075378418,23267600
2016-11-01,MU,Micron Technology,17.200000762939453,17.40999984741211,16.579999923706055,16.979999542236328,16.557828903198242,27146100
2016-11-02,MU,Micron Technology,16.950000762939453,17.020000457763672,16.5,16.68000030517578,16.265291213989258,24949700
2016-11-03,MU,Micron Technology,16.65999984741211,16.809999465942383,16.559999465942383,16.6200008392334,16.206783294677734,17255100
2016-11-04,MU,Micron Technology,16.459999084472656,17.020000457763672,16.450000762939453,16.68000030517578,16.265291213989258,18026600
2016-11-07,MU,Micron Technology,17.020000457763672,17.43000030517578,17.020000457763672,17.3799991607666,16.9478816986084,21673200
2016-11-08,MU,Micron Technology,17.299999237060547,17.549999237060547,17.059999465942383,17.40999984741211,16.977136611938477,18062700
2016-11-09,MU,Micron Technology,16.950000762939453,17.350000381469727,16.75,17.200000762939453,16.772357940673828,33873300
2016-11-10,MU,Micron Technology,17.350000381469727,17.760000228881836,16.75,16.989999771118164,16.567581176757812,30282200
2016-11-11,MU,Micron Technology,17.079999923706055,17.68000030517578,16.899999618530273,17.670000076293945,17.230670928955078,31043300
2016-11-14,MU,Micron Technology,17.770000457763672,17.979999542236328,17.530000686645508,17.709999084472656,17.269676208496094,26313300
2016-11-15,MU,Micron Technology,17.65999984741211,18.170000076293945,17.65999984741211,18.100000381469727,17.649982452392578,25153900
2016-11-16,MU,Micron Technology,17.940000534057617,18.329999923706055,17.93000030517578,18.239999771118164,17.786508560180664,21629000
2016-11-17,MU,Micron Technology,18.350000381469727,19.34000015258789,18.25,19.18000030517578,18.7031307220459,45958100
2016-11-18,MU,Micron Technology,18.899999618530273,19.329999923706055,18.850000381469727,19.209999084472656,18.732383728027344,29121600
2016-11-21,MU,Micron Technology,19.389999389648438,19.670000076293945,19.350000381469727,19.489999771118164,19.00542640686035,22744000
2016-11-22,MU,Micron Technology,19.639999389648438,19.799999237060547,19.450000762939453,19.739999771118164,19.249202728271484,22219100
2016-11-23,MU,Micron Technology,19.6299991607666,19.93000030517578,19.469999313354492,19.90999984741211,19.41497802734375,20041300
2016-11-25,MU,Micron Technology,19.950000762939453,20.440000534057617,19.790000915527344,20.1299991607666,19.629507064819336,16308000
2016-11-28,MU,Micron Technology,20.18000030517578,20.280000686645508,19.950000762939453,19.989999771118164,19.49298858642578,22205900
2016-11-29,MU,Micron Technology,19.920000076293945,20.200000762939453,19.3799991607666,19.420000076293945,18.937164306640625,37924400
2016-11-30,MU,Micron Technology,19.579999923706055,19.760000228881836,19.360000610351562,19.530000686645508,19.044429779052734,26031700
2016-12-01,MU,Micron Technology,19.700000762939453,19.829999923706055,18.18000030517578,18.479999542236328,18.02053451538086,40713100
2016-12-02,MU,Micron Technology,18.459999084472656,19.200000762939453,18.299999237060547,18.790000915527344,18.32282829284668,25887600
2016-12-05,MU,Micron Technology,19.0,19.0,18.399999618530273,18.610000610351562,18.147302627563477,26635500
2016-12-06,MU,Micron Technology,18.6200008392334,19.09000015258789,18.579999923706055,19.059999465942383,18.586111068725586,22267800
2016-12-07,MU,Micron Technology,19.5,20.540000915527344,19.299999237060547,20.440000534057617,19.931804656982422,44735700
2016-12-08,MU,Micron Technology,20.75,20.989999771118164,20.290000915527344,20.65999984741211,20.146339416503906,36257400
2016-12-09,MU,Micron Technology,20.729999542236328,20.850000381469727,20.1299991607666,20.5,19.990310668945312,23978000
2016-12-12,MU,Micron Technology,20.299999237060547,20.510000228881836,19.489999771118164,20.020000457763672,19.522247314453125,28676100
2016-12-13,MU,Micron Technology,20.139999389648438,20.469999313354492,19.799999237060547,20.1299991607666,19.629507064819336,26252400
2016-12-14,MU,Micron Technology,19.93000030517578,20.329999923706055,19.780000686645508,20.020000457763672,19.522247314453125,19489100
2016-12-15,MU,Micron Technology,20.100000381469727,20.5,19.979999542236328,20.290000915527344,19.785533905029297,19453100
2016-12-16,MU,Micron Technology,20.530000686645508,21.0,20.190000534057617,20.270000457763672,19.766033172607422,36643400
2016-12-19,MU,Micron Technology,20.43000030517578,20.700000762939453,20.190000534057617,20.350000381469727,19.844039916992188,23555900
2016-12-20,MU,Micron Technology,20.729999542236328,20.799999237060547,20.469999313354492,20.649999618530273,20.13658332824707,23018500
2016-12-21,MU,Micron Technology,20.75,20.829999923706055,20.34000015258789,20.579999923706055,20.068323135375977,32034500
2016-12-22,MU,Micron Technology,22.90999984741211,23.489999771118164,22.770000457763672,23.190000534057617,22.613431930541992,85870000
2016-12-23,MU,Micron Technology,23.06999969482422,23.489999771118164,23.059999465942383,23.260000228881836,22.681692123413086,27780100
2016-12-27,MU,Micron Technology,23.350000381469727,23.639999389648438,23.209999084472656,23.299999237060547,22.720699310302734,24214100
2016-12-28,MU,Micron Technology,23.399999618530273,23.40999984741211,22.760000228881836,22.780000686645508,22.2136287689209,24026900
2016-12-29,MU,Micron Technology,22.579999923706055,22.799999237060547,22.149999618530273,22.270000457763672,21.716304779052734,19890500
2016-12-30,MU,Micron Technology,22.350000381469727,22.399999618530273,21.75,21.920000076293945,21.37500762939453,20268900
2017-01-03,MU,Micron Technology,22.06999969482422,22.739999771118164,22.049999237060547,22.549999237060547,21.98933982849121,24962900
2017-01-04,MU,Micron Technology,22.670000076293945,22.84000015258789,22.25,22.360000610351562,21.804073333740234,20426800
2017-01-05,MU,Micron Technology,22.399999618530273,22.56999969482422,21.959999084472656,22.110000610351562,21.560277938842773,19759400
2017-01-06,MU,Micron Technology,22.270000457763672,22.280000686645508,21.979999542236328,22.040000915527344,21.49202537536621,17782200
2017-01-09,MU,Micron Technology,21.940000534057617,22.549999237060547,21.940000534057617,22.34000015258789,21.78456687927246,21537200
2017-01-10,MU,Micron Technology,22.360000610351562,22.690000534057617,22.299999237060547,22.479999542236328,21.921085357666016,20644300
2017-01-11,MU,Micron Technology,22.610000610351562,22.8799991607666,22.559999465942383,22.790000915527344,22.22337532043457,20907700
2017-01-12,MU,Micron Technology,22.459999084472656,22.479999542236328,21.700000762939453,22.309999465942383,21.75531005859375,27592300
2017-01-13,MU,Micron Technology,22.270000457763672,22.309999465942383,21.989999771118164,22.18000030517578,21.628541946411133,14025700
2017-01-17,MU,Micron Technology,21.8799991607666,22.06999969482422,21.579999923706055,21.739999771118164,21.199480056762695,20053800
2017-01-18,MU,Micron Technology,21.68000030517578,22.34000015258789,21.530000686645508,22.31999969482422,21.765058517456055,19493400
2017-01-19,MU,Micron Technology,21.5,22.299999237060547,21.489999771118164,21.709999084472656,21.170228958129883,31259000
2017-01-20,MU,Micron Technology,21.899999618530273,22.329999923706055,21.889999389648438,21.959999084472656,21.41400909423828,19978700
2017-01-23,MU,Micron Technology,21.959999084472656,22.309999465942383,21.739999771118164,21.889999389648438,21.345748901367188,16070300
2017-01-24,MU,Micron Technology,22.270000457763672,23.09000015258789,22.260000228881836,22.850000381469727,22.28188705444336,29461400
2017-01-25,MU,Micron Technology,23.399999618530273,23.979999542236328,23.190000534057617,23.559999465942383,22.974239349365234,31611800
2017-01-26,MU,Micron Technology,23.799999237060547,23.989999771118164,23.290000915527344,23.520000457763672,22.935224533081055,19379100
2017-01-27,MU,Micron Technology,23.530000686645508,24.100000381469727,23.450000762939453,23.969999313354492,23.37403678894043,18626100
2017-01-30,MU,Micron Technology,23.81999969482422,24.239999771118164,23.43000030517578,24.18000030517578,23.578819274902344,30508100
2017-01-31,MU,Micron Technology,23.950000762939453,24.149999618530273,23.68000030517578,24.110000610351562,23.51055908203125,22712500
2017-02-01,MU,Micron Technology,24.43000030517578,24.850000381469727,24.309999465942383,24.75,24.1346435546875,28728200
2017-02-02,MU,Micron Technology,24.530000686645508,25.309999465942383,24.459999084472656,24.790000915527344,24.17365074157715,45499700
2017-02-03,MU,Micron Technology,24.899999618530273,25.239999771118164,24.5,24.600000381469727,23.988370895385742,25054400
2017-02-06,MU,Micron Technology,24.530000686645508,24.729999542236328,24.209999084472656,24.34000015258789,23.734844207763672,18900000
2017-02-07,MU,Micron Technology,24.59000015258789,24.690000534057617,24.209999084472656,24.600000381469727,23.988370895385742,19879300
2017-02-08,MU,Micron Technology,24.25,24.3799991607666,23.90999984741211,24.209999084472656,23.608068466186523,21559200
2017-02-09,MU,Micron Technology,24.75,24.889999389648438,24.420000076293945,24.450000762939453,23.84210205078125,27887400
2017-02-10,MU,Micron Technology,24.709999084472656,24.760000228881836,23.899999618530273,24.049999237060547,23.45204734802246,28578400
2017-02-13,MU,Micron Technology,24.06999969482422,24.200000762939453,23.81999969482422,23.899999618530273,23.305776596069336,16876400
2017-02-14,MU,Micron Technology,23.360000610351562,23.3700008392334,22.68000030517578,23.1200008392334,22.54517364501953,60685200
2017-02-15,MU,Micron Technology,23.06999969482422,23.260000228881836,22.790000915527344,23.020000457763672,22.447660446166992,28215800
2017-02-16,MU,Micron Technology,23.040000915527344,23.34000015258789,22.850000381469727,22.979999542236328,22.408649444580078,23819800
2017-02-17,MU,Micron Technology,23.010000228881836,23.3799991607666,23.010000228881836,23.350000381469727,22.769458770751953,22108700
2017-02-21,MU,Micron Technology,23.6200008392334,23.979999542236328,23.579999923706055,23.770000457763672,23.17901611328125,20256300
2017-02-22,MU,Micron Technology,23.860000610351562,24.059999465942383,23.649999618530273,23.75,23.159507751464844,16013300
2017-02-23,MU,Micron Technology,23.920000076293945,23.969999313354492,23.229999542236328,23.479999542236328,22.89621925354004,20172900
2017-02-24,MU,Micron Technology,22.959999084472656,23.260000228881836,22.639999389648438,23.239999771118164,22.662185668945312,22019600
2017-02-27,MU,Micron Technology,23.360000610351562,23.770000457763672,23.149999618530273,23.760000228881836,23.16925621032715,17999800
2017-02-28,MU,Micron Technology,23.790000915527344,23.950000762939453,23.31999969482422,23.440000534057617,22.857213973999023,21447500
2017-03-01,MU,Micron Technology,24.15999984741211,24.579999923706055,24.06999969482422,24.549999237060547,23.93962287902832,27989300
2017-03-02,MU,Micron Technology,24.8799991607666,25.25,24.3799991607666,24.700000762939453,24.085886001586914,45941900
2017-03-03,MU,Micron Technology,25.200000762939453,25.68000030517578,24.979999542236328,25.56999969482422,24.93425941467285,37862400
2017-03-06,MU,Micron Technology,25.5,25.920000076293945,25.170000076293945,25.709999084472656,25.07077980041504,25527800
2017-03-07,MU,Micron Technology,25.559999465942383,25.75,25.280000686645508,25.639999389648438,25.002513885498047,20313000
2017-03-08,MU,Micron Technology,25.639999389648438,25.829999923706055,25.040000915527344,25.3799991607666,24.748985290527344,24921100
2017-03-09,MU,Micron Technology,25.229999542236328,25.489999771118164,24.850000381469727,25.149999618530273,24.524694442749023,21786600
2017-03-10,MU,Micron Technology,25.280000686645508,25.75,24.809999465942383,25.18000030517578,24.553951263427734,28919000
2017-03-13,MU,Micron Technology,25.389999389648438,25.81999969482422,25.290000915527344,25.700000762939453,25.061025619506836,23768200
2017-03-14,MU,Micron Technology,25.59000015258789,25.700000762939453,25.25,25.579999923706055,24.944011688232422,14587500
2017-03-15,MU,Micron Technology,25.149999618530273,26.149999618530273,24.940000534057617,26.1200008392334,25.470584869384766,29779900
2017-03-16,MU,Micron Technology,26.200000762939453,26.229999542236328,25.829999923706055,26.040000915527344,25.392576217651367,19147300
2017-03-17,MU,Micron Technology,25.860000610351562,25.90999984741211,25.399999618530273,25.799999237060547,25.158536911010742,19126500
2017-03-20,MU,Micron Technology,25.989999771118164,26.610000610351562,25.809999465942383,26.209999084472656,25.55834197998047,26918800
2017-03-21,MU,Micron Technology,26.299999237060547,26.440000534057617,25.43000030517578,25.520000457763672,24.885501861572266,28397500
2017-03-22,MU,Micron Technology,25.729999542236328,26.149999618530273,25.6299991607666,26.059999465942383,25.412073135375977,25092500
2017-03-23,MU,Micron Technology,26.360000610351562,26.489999771118164,26.040000915527344,26.469999313354492,25.811880111694336,47118300
2017-03-24,MU,Micron Technology,29.709999084472656,29.8700008392334,28.15999984741211,28.43000030517578,27.723146438598633,107481800
2017-03-27,MU,Micron Technology,28.100000381469727,29.18000030517578,28.06999969482422,28.760000228881836,28.044944763183594,48190000
2017-03-28,MU,Micron Technology,28.729999542236328,29.059999465942383,28.6200008392334,28.690000534057617,27.976680755615234,24776400
2017-03-29,MU,Micron Technology,28.600000381469727,28.68000030517578,28.350000381469727,28.5,27.791412353515625,23060600
2017-03-30,MU,Micron Technology,28.399999618530273,29.0,28.329999923706055,28.969999313354492,28.24972152709961,25092700
2017-03-31,MU,Micron Technology,29.100000381469727,29.360000610351562,28.899999618530273,28.899999618530273,28.181467056274414,32337800
2017-04-03,MU,Micron Technology,28.950000762939453,29.040000915527344,28.299999237060547,28.639999389648438,27.927927017211914,21629100
2017-04-04,MU,Micron Technology,28.469999313354492,28.68000030517578,28.15999984741211,28.59000015258789,27.879175186157227,13957900
2017-04-05,MU,Micron Technology,28.639999389648438,28.90999984741211,28.229999542236328,28.260000228881836,27.557376861572266,22389900
2017-04-06,MU,Micron Technology,28.25,28.780000686645508,28.020000457763672,28.6200008392334,27.90842628479004,19423700
2017-04-07,MU,Micron Technology,28.450000762939453,28.860000610351562,28.350000381469727,28.520000457763672,27.810911178588867,20325500
2017-04-10,MU,Micron Technology,28.450000762939453,28.489999771118164,27.579999923706055,27.639999389648438,26.952791213989258,27422100
2017-04-11,MU,Micron Technology,27.5,27.540000915527344,26.68000030517578,27.18000030517578,26.504228591918945,38619300
2017-04-12,MU,Micron Technology,27.420000076293945,27.43000030517578,26.65999984741211,26.690000534057617,26.026411056518555,24621900
2017-04-13,MU,Micron Technology,26.549999237060547,27.229999542236328,26.360000610351562,26.739999771118164,26.07516860961914,26077500
2017-04-17,MU,Micron Technology,26.90999984741211,27.219999313354492,26.829999923706055,27.1299991607666,26.455469131469727,14108600
2017-04-18,MU,Micron Technology,27.0,27.34000015258789,26.899999618530273,27.139999389648438,26.465225219726562,14407100
2017-04-19,MU,Micron Technology,27.450000762939453,27.549999237060547,27.049999237060547,27.260000228881836,26.582237243652344,21231900
2017-04-20,MU,Micron Technology,27.5,28.079999923706055,27.5,27.959999084472656,27.264833450317383,23633000
2017-04-21,MU,Micron Technology,28.0,28.030000686645508,27.15999984741211,27.31999969482422,26.640748977661133,28361700
2017-04-24,MU,Micron Technology,27.739999771118164,27.760000228881836,26.520000457763672,26.56999969482422,25.909395217895508,44041000
2017-04-25,MU,Micron Technology,26.709999084472656,27.020000457763672,26.3700008392334,26.989999771118164,26.31894874572754,22881400
2017-04-26,MU,Micron Technology,26.579999923706055,27.06999969482422,26.389999389648438,26.790000915527344,26.123926162719727,24670700
2017-04-27,MU,Micron Technology,27.170000076293945,27.649999618530273,27.100000381469727,27.6299991607666,26.94304084777832,24626900
2017-04-28,MU,Micron Technology,28.020000457763672,28.200000762939453,27.510000228881836,27.670000076293945,26.98204231262207,28105100
2017-05-01,MU,Micron Technology,27.850000381469727,28.3799991607666,27.719999313354492,28.290000915527344,27.58663558959961,23938000
2017-05-02,MU,Micron Technology,28.280000686645508,28.280000686645508,27.450000762939453,27.770000457763672,27.079561233520508,25335300
2017-05-03,MU,Micron Technology,27.549999237060547,28.100000381469727,27.549999237060547,28.0,27.303842544555664,15061300
2017-05-04,MU,Micron Technology,27.940000534057617,28.170000076293945,27.719999313354492,27.790000915527344,27.099061965942383,15544600
2017-05-05,MU,Micron Technology,27.799999237060547,28.219999313354492,27.6200008392334,28.200000762939453,27.498872756958008,15639600
2017-05-08,MU,Micron Technology,27.559999465942383,28.06999969482422,27.280000686645508,28.059999465942383,27.362346649169922,32326800
2017-05-09,MU,Micron Technology,28.110000610351562,28.899999618530273,28.059999465942383,28.809999465942383,28.09370231628418,31073400
2017-05-10,MU,Micron Technology,28.920000076293945,29.420000076293945,28.799999237060547,29.31999969482422,28.591018676757812,29267500
2017-05-11,MU,Micron Technology,29.170000076293945,29.309999465942383,28.690000534057617,29.030000686645508,28.30823516845703,22494600
2017-05-12,MU,Micron Technology,29.100000381469727,29.1200008392334,28.68000030517578,28.93000030517578,28.210718154907227,15902700
2017-05-15,MU,Micron Technology,29.079999923706055,29.190000534057617,28.729999542236328,28.829999923706055,28.11319923400879,21899900
2017-05-16,MU,Micron Technology,28.920000076293945,29.079999923706055,28.56999969482422,29.020000457763672,28.298479080200195,14940800
2017-05-17,MU,Micron Technology,28.34000015258789,28.510000228881836,26.959999084472656,27.0,26.328702926635742,38027900
2017-05-18,MU,Micron Technology,27.149999618530273,27.889999389648438,27.09000015258789,27.479999542236328,26.796772003173828,26863000
2017-05-19,MU,Micron Technology,27.780000686645508,28.15999984741211,27.729999542236328,27.81999969482422,27.12831687927246,19173200
2017-05-22,MU,Micron Technology,28.200000762939453,28.25,27.649999618530273,28.059999465942383,27.362346649169922,18032700
2017-05-23,MU,Micron Technology,28.079999923706055,28.309999465942383,27.559999465942383,28.290000915527344,27.58663558959961,21800800
2017-05-24,MU,Micron Technology,28.469999313354492,29.1200008392334,28.440000534057617,28.989999771118164,28.269222259521484,22216800
2017-05-25,MU,Micron Technology,29.200000762939453,29.65999984741211,29.190000534057617,29.43000030517578,28.698287963867188,20714000
2017-05-26,MU,Micron Technology,29.270000457763672,29.770000457763672,28.8799991607666,29.760000228881836,29.02008056640625,17784800
2017-05-30,MU,Micron Technology,29.940000534057617,30.8700008392334,29.8799991607666,30.700000762939453,29.936717987060547,34690000
2017-05-31,MU,Micron Technology,31.010000228881836,31.100000381469727,30.31999969482422,30.770000457763672,30.004972457885742,26402900
2017-06-01,MU,Micron Technology,30.75,30.829999923706055,30.280000686645508,30.760000228881836,29.99521827697754,20534800
2017-06-02,MU,Micron Technology,30.799999237060547,31.3799991607666,30.530000686645508,31.209999084472656,30.434032440185547,20206300
2017-06-05,MU,Micron Technology,31.299999237060547,31.760000228881836,31.06999969482422,31.209999084472656,30.434032440185547,24360800
2017-06-06,MU,Micron Technology,31.040000915527344,31.770000457763672,30.8700008392334,31.56999969482422,30.785079956054688,33125800
2017-06-07,MU,Micron Technology,31.700000762939453,32.54999923706055,31.700000762939453,32.5,31.691951751708984,32635800
2017-06-08,MU,Micron Technology,32.84000015258789,32.86000061035156,31.8799991607666,32.45000076293945,31.643205642700195,29156500
2017-06-09,MU,Micron Technology,32.66999816894531,32.93000030517578,29.549999237060547,30.600000381469727,29.839200973510742,53064200
2017-06-12,MU,Micron Technology,30.059999465942383,31.690000534057617,29.209999084472656,31.200000762939453,30.424278259277344,46550900
2017-06-13,MU,Micron Technology,31.75,32.2400016784668,30.770000457763672,31.540000915527344,30.755828857421875,33767900
2017-06-14,MU,Micron Technology,31.780000686645508,31.790000915527344,30.850000381469727,31.059999465942383,30.28775978088379,28935000
2017-06-15,MU,Micron Technology,30.469999313354492,30.969999313354492,30.079999923706055,30.559999465942383,29.80019760131836,33670600
2017-06-16,MU,Micron Technology,30.6299991607666,31.0,29.81999969482422,29.860000610351562,29.117595672607422,42881700
2017-06-19,MU,Micron Technology,30.510000228881836,31.25,30.329999923706055,31.200000762939453,30.424278259277344,24915000
2017-06-20,MU,Micron Technology,31.399999618530273,31.579999923706055,30.729999542236328,30.829999923706055,30.063480377197266,25793300
2017-06-21,MU,Micron Technology,31.18000030517578,32.150001525878906,31.059999465942383,32.0099983215332,31.214139938354492,30579000
2017-06-22,MU,Micron Technology,32.040000915527344,32.400001525878906,31.760000228881836,31.889999389648438,31.097122192382812,23050800
2017-06-23,MU,Micron Technology,31.889999389648438,32.08000183105469,31.639999389648438,31.729999542236328,30.941102981567383,45323800
2017-06-26,MU,Micron Technology,32.45000076293945,32.959999084472656,31.950000762939453,32.5,31.691951751708984,34750700
2017-06-27,MU,Micron Technology,32.5099983215332,32.66999816894531,31.610000610351562,31.65999984741211,30.872838973999023,33221500
2017-06-28,MU,Micron Technology,32.06999969482422,32.279998779296875,31.440000534057617,32.2400016784668,31.438426971435547,28415900
2017-06-29,MU,Micron Technology,32.290000915527344,32.38999938964844,30.639999389648438,31.469999313354492,30.68756675720215,53948400
2017-06-30,MU,Micron Technology,32.119998931884766,32.150001525878906,29.709999084472656,29.860000610351562,29.117595672607422,73308000
2017-07-03,MU,Micron Technology,30.09000015258789,30.280000686645508,28.559999465942383,29.139999389648438,28.415489196777344,36830400
2017-07-05,MU,Micron Technology,29.549999237060547,30.559999465942383,29.549999237060547,30.510000228881836,29.751440048217773,40444600
2017-07-06,MU,Micron Technology,29.940000534057617,30.479999542236328,29.920000076293945,30.100000381469727,29.351627349853516,27143800
2017-07-07,MU,Micron Technology,30.219999313354492,30.5,29.979999542236328,30.200000762939453,29.44914436340332,22023100
2017-07-10,MU,Micron Technology,30.15999984741211,30.59000015258789,29.75,30.5,29.74169158935547,24907900
2017-07-11,MU,Micron Technology,30.549999237060547,31.389999389648438,30.510000228881836,31.3700008392334,30.590055465698242,28530500
2017-07-12,MU,Micron Technology,31.770000457763672,31.780000686645508,31.15999984741211,31.450000762939453,30.668062210083008,22258600
2017-07-13,MU,Micron Technology,31.549999237060547,31.850000381469727,30.84000015258789,31.1299991607666,30.356021881103516,23773000
2017-07-14,MU,Micron Technology,31.350000381469727,31.950000762939453,31.260000228881836,31.790000915527344,30.999610900878906,28887600
2017-07-17,MU,Micron Technology,31.670000076293945,31.860000610351562,31.440000534057617,31.719999313354492,30.93134880065918,22320500
2017-07-18,MU,Micron Technology,31.639999389648438,31.90999984741211,31.399999618530273,31.899999618530273,31.106874465942383,14045000
2017-07-19,MU,Micron Technology,32.04999923706055,32.349998474121094,31.649999618530273,31.81999969482422,31.02886199951172,19984100
2017-07-20,MU,Micron Technology,31.93000030517578,32.02000045776367,31.420000076293945,32.0,31.204389572143555,23179300
2017-07-21,MU,Micron Technology,31.899999618530273,32.099998474121094,31.6200008392334,32.0099983215332,31.214139938354492,21146600
2017-07-24,MU,Micron Technology,32.0,32.0099983215332,31.5,31.670000076293945,30.882593154907227,17415500
2017-07-25,MU,Micron Technology,30.799999237060547,30.829999923706055,29.649999618530273,29.899999618530273,29.156597137451172,51216400
2017-07-26,MU,Micron Technology,29.850000381469727,30.049999237060547,29.68000030517578,29.809999465942383,29.068838119506836,26387400
2017-07-27,MU,Micron Technology,30.270000457763672,31.299999237060547,29.670000076293945,30.239999771118164,29.48815155029297,38967000
2017-07-28,MU,Micron Technology,29.959999084472656,29.979999542236328,28.959999084472656,29.280000686645508,28.552017211914062,31854900
2017-07-31,MU,Micron Technology,29.43000030517578,29.549999237060547,27.8700008392334,28.1200008392334,27.420856475830078,41112700
2017-08-01,MU,Micron Technology,28.219999313354492,28.940000534057617,27.829999923706055,28.34000015258789,27.63538932800293,28221600
2017-08-02,MU,Micron Technology,28.959999084472656,29.43000030517578,28.219999313354492,28.6299991607666,27.918176651000977,27226000
2017-08-03,MU,Micron Technology,28.389999389648438,28.399999618530273,27.610000610351562,27.829999923706055,27.13806915283203,30288400
2017-08-04,MU,Micron Technology,27.860000610351562,28.299999237060547,27.270000457763672,27.920000076293945,27.225830078125,23947500
2017-08-07,MU,Micron Technology,27.93000030517578,28.610000610351562,27.799999237060547,28.59000015258789,27.879175186157227,16589300
2017-08-08,MU,Micron Technology,28.610000610351562,29.34000015258789,28.610000610351562,28.84000015258789,28.12295150756836,21903300
2017-08-09,MU,Micron Technology,28.510000228881836,28.889999389648438,28.360000610351562,28.579999923706055,27.869421005249023,14181800
2017-08-10,MU,Micron Technology,28.299999237060547,28.3799991607666,27.43000030517578,27.489999771118164,26.8065185546875,26147600
2017-08-11,MU,Micron Technology,27.440000534057617,28.040000915527344,26.850000381469727,28.010000228881836,27.3135929107666,23375900
2017-08-14,MU,Micron Technology,28.81999969482422,29.360000610351562,28.719999313354492,29.239999771118164,28.513011932373047,25254600
2017-08-15,MU,Micron Technology,29.5,29.809999465942383,29.139999389648438,29.68000030517578,28.942073822021484,23973600
2017-08-16,MU,Micron Technology,30.020000457763672,30.860000610351562,29.959999084472656,30.690000534057617,29.92696189880371,37879500
2017-08-17,MU,Micron Technology,30.31999969482422,30.530000686645508,29.610000610351562,29.6200008392334,28.883562088012695,26152500
2017-08-18,MU,Micron Technology,29.959999084472656,30.600000381469727,29.760000228881836,30.3799991607666,29.624670028686523,31178100
2017-08-21,MU,Micron Technology,30.530000686645508,30.600000381469727,29.280000686645508,29.559999465942383,28.825050354003906,26247700
2017-08-22,MU,Micron Technology,29.850000381469727,30.540000915527344,29.770000457763672,30.450000762939453,29.69292449951172,18821200
2017-08-23,MU,Micron Technology,29.969999313354492,30.739999771118164,29.8700008392334,30.450000762939453,29.69292449951172,21200400
2017-08-24,MU,Micron Technology,30.549999237060547,30.6299991607666,30.110000610351562,30.219999313354492,29.468643188476562,18056800
2017-08-25,MU,Micron Technology,30.299999237060547,30.389999389648438,30.049999237060547,30.290000915527344,29.53690528869629,13929800
2017-08-28,MU,Micron Technology,30.43000030517578,31.209999084472656,30.420000076293945,31.079999923706055,30.307262420654297,22531000
2017-08-29,MU,Micron Technology,30.75,31.530000686645508,30.700000762939453,31.479999542236328,30.69731903076172,23151900
2017-08-30,MU,Micron Technology,31.649999618530273,31.68000030517578,31.3799991607666,31.610000610351562,30.82408332824707,17467900
2017-08-31,MU,Micron Technology,31.610000610351562,32.02000045776367,31.479999542236328,31.969999313354492,31.175132751464844,25694000
2017-09-01,MU,Micron Technology,32.130001068115234,32.880001068115234,32.130001068115234,32.599998474121094,31.78947639465332,26034000
2017-09-05,MU,Micron Technology,32.45000076293945,32.7400016784668,31.649999618530273,32.06999969482422,31.27264976501465,28866600
2017-09-06,MU,Micron Technology,32.06999969482422,32.70000076293945,32.060001373291016,32.25,31.44817352294922,29290200
2017-09-07,MU,Micron Technology,32.470001220703125,32.900001525878906,32.45000076293945,32.790000915527344,31.974742889404297,25353300
2017-09-08,MU,Micron Technology,32.79999923706055,33.02000045776367,32.310001373291016,32.45000076293945,31.643205642700195,19649300
2017-09-11,MU,Micron Technology,32.900001525878906,33.439998626708984,32.810001373291016,33.439998626708984,32.60858154296875,31012100
2017-09-12,MU,Micron Technology,33.689998626708984,34.540000915527344,33.560001373291016,34.290000915527344,33.43745803833008,38685800
2017-09-13,MU,Micron Technology,34.560001373291016,34.79999923706055,34.02000045776367,34.59000015258789,33.72999572753906,41588100
2017-09-14,MU,Micron Technology,34.43000030517578,34.849998474121094,34.29999923706055,34.58000183105469,33.72024917602539,23007000
2017-09-15,MU,Micron Technology,34.63999938964844,35.0,34.380001068115234,34.650001525878906,33.78850555419922,37417300
2017-09-18,MU,Micron Technology,35.130001068115234,35.79999923706055,35.02000045776367,35.43000030517578,34.54910659790039,41330100
2017-09-19,MU,Micron Technology,35.5,36.099998474121094,35.5,35.95000076293945,35.056182861328125,26392200
2017-09-20,MU,Micron Technology,36.029998779296875,36.599998474121094,35.34000015258789,35.970001220703125,35.07569122314453,42243000
2017-09-21,MU,Micron Technology,35.93000030517578,36.25,35.400001525878906,35.90999984741211,35.01718521118164,22464900
2017-09-22,MU,Micron Technology,35.599998474121094,36.220001220703125,35.599998474121094,36.06999969482422,35.17319869995117,21559800
2017-09-25,MU,Micron Technology,36.040000915527344,36.150001525878906,34.540000915527344,34.869998931884766,34.003028869628906,35607200
2017-09-26,MU,Micron Technology,35.22999954223633,35.369998931884766,34.09000015258789,34.18000030517578,33.33018493652344,55112600
2017-09-27,MU,Micron Technology,36.2599983215332,37.150001525878906,35.91999816894531,37.09000015258789,36.16783142089844,84593900
2017-09-28,MU,Micron Technology,37.150001525878906,38.459999084472656,36.81999969482422,37.959999084472656,37.01620101928711,52569900
2017-09-29,MU,Micron Technology,37.97999954223633,39.36000061035156,37.810001373291016,39.33000183105469,38.35213851928711,48711400
2017-10-02,MU,Micron Technology,39.599998474121094,40.369998931884766,39.36000061035156,40.0099983215332,39.015235900878906,54244800
2017-10-03,MU,Micron Technology,39.93000030517578,40.540000915527344,39.849998474121094,40.369998931884766,39.36628341674805,27322300
2017-10-04,MU,Micron Technology,40.13999938964844,40.43000030517578,38.90999984741211,39.560001373291016,38.57642364501953,37908400
2017-10-05,MU,Micron Technology,39.79999923706055,39.86000061035156,39.25,39.369998931884766,38.39114761352539,22501000
2017-10-06,MU,Micron Technology,39.0,39.66999816894531,38.810001373291016,39.66999816894531,38.683692932128906,25150300
2017-10-09,MU,Micron Technology,39.720001220703125,40.9900016784668,39.619998931884766,40.959999084472656,39.94161605834961,27279300
2017-10-10,MU,Micron Technology,41.45000076293945,42.0,40.459999084472656,41.97999954223633,40.93626403808594,48214100
2017-10-11,MU,Micron Technology,40.84000015258789,42.06999969482422,40.79999923706055,41.61000061035156,40.57545471191406,53023600
2017-10-12,MU,Micron Technology,41.209999084472656,41.75,40.290000915527344,40.58000183105469,39.571067810058594,66789800
2017-10-13,MU,Micron Technology,40.779998779296875,41.16999816894531,40.31999969482422,40.400001525878906,39.39554214477539,35371200
2017-10-16,MU,Micron Technology,40.880001068115234,41.56999969482422,40.5099983215332,41.4900016784668,40.45844268798828,33696800
2017-10-17,MU,Micron Technology,41.13999938964844,41.400001525878906,40.25,40.38999938964844,39.38578796386719,41233700
2017-10-18,MU,Micron Technology,41.040000915527344,41.95000076293945,40.810001373291016,41.650001525878906,40.614463806152344,43528000
2017-10-19,MU,Micron Technology,41.18000030517578,41.5,39.79999923706055,41.310001373291016,40.28292465209961,47676000
2017-10-20,MU,Micron Technology,42.0,42.16999816894531,41.439998626708984,41.5,40.46818923950195,36293700
2017-10-23,MU,Micron Technology,41.849998474121094,42.189998626708984,41.400001525878906,41.560001373291016,40.52669906616211,26844200
2017-10-24,MU,Micron Technology,41.7400016784668,42.0099983215332,41.43000030517578,41.599998474121094,40.56570816040039,26299400
2017-10-25,MU,Micron Technology,41.310001373291016,41.59000015258789,40.310001373291016,41.060001373291016,40.03914260864258,31061100
2017-10-26,MU,Micron Technology,41.16999816894531,41.18000030517578,40.310001373291016,40.599998474121094,39.59056854248047,27453500
2017-10-27,MU,Micron Technology,40.59000015258789,40.939998626708984,40.040000915527344,40.849998474121094,39.834346771240234,31094700
2017-10-30,MU,Micron Technology,40.72999954223633,41.86000061035156,40.68000030517578,41.650001525878906,40.614463806152344,29119500
2017-10-31,MU,Micron Technology,42.25,44.56999969482422,42.20000076293945,44.310001373291016,43.208335876464844,61972200
2017-11-01,MU,Micron Technology,44.790000915527344,45.33000183105469,43.779998779296875,44.380001068115234,43.276588439941406,38842900
2017-11-02,MU,Micron Technology,44.08000183105469,44.75,43.720001220703125,44.34000015258789,43.237586975097656,25813000
2017-11-03,MU,Micron Technology,44.77000045776367,45.0,43.349998474121094,43.709999084472656,42.62324523925781,27694600
2017-11-06,MU,Micron Technology,43.849998474121094,44.0099983215332,42.45000076293945,43.25,42.1746826171875,28841000
2017-11-07,MU,Micron Technology,43.58000183105469,44.2400016784668,43.33000183105469,43.95000076293945,42.85728454589844,32422900
2017-11-08,MU,Micron Technology,43.849998474121094,44.13999938964844,43.45000076293945,44.09000015258789,42.993804931640625,19519600
2017-11-09,MU,Micron Technology,43.689998626708984,43.689998626708984,42.58000183105469,43.5,42.41845703125,32501100
2017-11-10,MU,Micron Technology,43.7599983215332,44.849998474121094,43.709999084472656,44.779998779296875,43.66664505004883,33840800
2017-11-13,MU,Micron Technology,44.33000183105469,45.869998931884766,44.189998626708984,45.599998474121094,44.466251373291016,30522300
2017-11-14,MU,Micron Technology,45.58000183105469,46.0,44.79999923706055,45.79999923706055,44.66128158569336,29899200
2017-11-15,MU,Micron Technology,45.189998626708984,45.7400016784668,44.619998931884766,45.36000061035156,44.23222351074219,22434500
2017-11-16,MU,Micron Technology,45.72999954223633,46.290000915527344,45.290000915527344,46.18000030517578,45.031837463378906,24192600
2017-11-17,MU,Micron Technology,46.540000915527344,46.54999923706055,45.72999954223633,46.15999984741211,45.0123405456543,22613300
2017-11-20,MU,Micron Technology,46.5099983215332,47.86000061035156,46.400001525878906,47.63999938964844,46.455535888671875,26975000
2017-11-21,MU,Micron Technology,48.36000061035156,49.630001068115234,48.150001525878906,49.400001525878906,48.17177200317383,35756600
2017-11-22,MU,Micron Technology,49.849998474121094,49.88999938964844,48.619998931884766,49.13999938964844,47.91823196411133,28711800
2017-11-24,MU,Micron Technology,49.31999969482422,49.880001068115234,49.029998779296875,49.68000030517578,48.444820404052734,14203300
2017-11-27,MU,Micron Technology,47.959999084472656,48.38999938964844,47.09000015258789,48.04999923706055,46.85533142089844,44469700
2017-11-28,MU,Micron Technology,48.45000076293945,48.86000061035156,47.81999969482422,47.93000030517578,46.73832321166992,30633200
2017-11-29,MU,Micron Technology,47.5,47.599998474121094,43.27000045776367,43.7400016784668,42.652503967285156,81370100
2017-11-30,MU,Micron Technology,44.15999984741211,44.540000915527344,41.86000061035156,42.38999938964844,41.336063385009766,63895700
2017-12-01,MU,Micron Technology,41.72999954223633,42.54999923706055,40.0099983215332,41.9900016784668,40.946006774902344,73138600
2017-12-04,MU,Micron Technology,41.95000076293945,42.290000915527344,39.06999969482422,39.900001525878906,38.90797805786133,73640500
2017-12-05,MU,Micron Technology,39.77000045776367,42.04999923706055,39.41999816894531,41.209999084472656,40.185394287109375,56540700
2017-12-06,MU,Micron Technology,40.81999969482422,41.7400016784668,40.29999923706055,41.58000183105469,40.546207427978516,39735300
2017-12-07,MU,Micron Technology,42.18000030517578,43.22999954223633,41.90999984741211,43.20000076293945,42.12593078613281,43189000
2017-12-08,MU,Micron Technology,44.040000915527344,44.58000183105469,42.869998931884766,43.209999084472656,42.13567352294922,44717800
2017-12-11,MU,Micron Technology,43.41999816894531,43.75,42.33000183105469,43.0099983215332,41.94064712524414,32824000
2017-12-12,MU,Micron Technology,42.689998626708984,42.849998474121094,41.709999084472656,41.86000061035156,40.819244384765625,28492300
2017-12-13,MU,Micron Technology,42.220001220703125,43.099998474121094,41.970001220703125,42.04999923706055,41.004520416259766,28565600
2017-12-14,MU,Micron Technology,42.290000915527344,42.72999954223633,41.880001068115234,42.2400016784668,41.189788818359375,24582800
2017-12-15,MU,Micron Technology,42.29999923706055,42.560001373291016,41.88999938964844,42.400001525878906,41.345821380615234,58721700
2017-12-18,MU,Micron Technology,43.369998931884766,43.72999954223633,42.9900016784668,43.709999084472656,42.62324523925781,35075500
2017-12-19,MU,Micron Technology,44.09000015258789,44.34000015258789,43.29999923706055,43.97999954223633,42.886531829833984,51048300
2017-12-20,MU,Micron Technology,46.650001525878906,46.79999923706055,44.86000061035156,45.75,44.612525939941406,84338200
2017-12-21,MU,Micron Technology,45.54999923706055,45.58000183105469,44.349998474121094,44.41999816894531,43.31559371948242,50486100
2017-12-22,MU,Micron Technology,44.18000030517578,44.939998626708984,43.939998626708984,44.119998931884766,43.023048400878906,30372500
2017-12-26,MU,Micron Technology,43.189998626708984,43.20000076293945,41.52000045776367,42.25,41.199546813964844,41966200
2017-12-27,MU,Micron Technology,42.220001220703125,43.06999969482422,42.029998779296875,42.47999954223633,41.423828125,24175100
2017-12-28,MU,Micron Technology,42.83000183105469,43.04999923706055,41.75,41.810001373291016,40.770484924316406,28999700
2017-12-29,MU,Micron Technology,41.81999969482422,41.84000015258789,40.77000045776367,41.119998931884766,40.0976448059082,44642100
2018-01-02,MU,Micron Technology,41.540000915527344,43.720001220703125,41.189998626708984,43.66999816894531,42.58423614501953,37097000
2018-01-03,MU,Micron Technology,44.5,45.04999923706055,44.04999923706055,44.97999954223633,43.861671447753906,43376700
2018-01-04,MU,Micron Technology,45.9900016784668,46.97999954223633,45.0099983215332,46.880001068115234,45.71442794799805,52229500
2018-01-05,MU,Micron Technology,46.130001068115234,46.65999984741211,45.380001068115234,45.79999923706055,44.66128158569336,47381100
2018-01-08,MU,Micron Technology,45.310001373291016,46.09000015258789,44.90999984741211,45.54999923706055,44.417503356933594,32217400
2018-01-09,MU,Micron Technology,45.27000045776367,45.54999923706055,42.77000045776367,42.970001220703125,41.901634216308594,62982900
2018-01-10,MU,Micron Technology,41.95000076293945,43.369998931884766,41.38999938964844,43.310001373291016,42.233184814453125,53348000
2018-01-11,MU,Micron Technology,43.52000045776367,44.0,42.619998931884766,42.81999969482422,41.75537109375,39402200
2018-01-12,MU,Micron Technology,42.81999969482422,43.349998474121094,42.68000030517578,42.810001373291016,41.74562454223633,28458500
2018-01-16,MU,Micron Technology,43.13999938964844,43.86000061035156,42.41999816894531,42.91999816894531,41.85289001464844,38174800
2018-01-17,MU,Micron Technology,43.209999084472656,44.380001068115234,42.97999954223633,44.2599983215332,43.15957260131836,38077100
2018-01-18,MU,Micron Technology,44.209999084472656,44.650001525878906,43.90999984741211,43.9900016784668,42.89628982543945,25152100
2018-01-19,MU,Micron Technology,43.95000076293945,44.20000076293945,42.650001525878906,42.75,41.687110900878906,41469200
2018-01-22,MU,Micron Technology,42.470001220703125,42.880001068115234,41.68000030517578,42.880001068115234,41.81388473510742,37879400
2018-01-23,MU,Micron Technology,43.25,44.65999984741211,42.72999954223633,43.95000076293945,42.85728454589844,41334100
2018-01-24,MU,Micron Technology,43.7599983215332,43.95000076293945,42.7400016784668,43.08000183105469,42.0089111328125,31305700
2018-01-25,MU,Micron Technology,44.22999954223633,44.720001220703125,42.86000061035156,43.0099983215332,41.94064712524414,40519200
2018-01-26,MU,Micron Technology,43.220001220703125,43.810001373291016,43.029998779296875,43.66999816894531,42.58423614501953,27177500
2018-01-29,MU,Micron Technology,43.25,43.41999816894531,42.380001068115234,43.290000915527344,42.213680267333984,29455000
2018-01-30,MU,Micron Technology,41.9900016784668,42.79999923706055,41.470001220703125,41.66999816894531,40.633968353271484,38861900
2018-01-31,MU,Micron Technology,42.97999954223633,43.959999084472656,42.77000045776367,43.720001220703125,42.63300704956055,45114600
2018-02-01,MU,Micron Technology,43.040000915527344,44.09000015258789,42.099998474121094,42.4900016784668,41.43357849121094,35713500
2018-02-02,MU,Micron Technology,42.0,42.209999084472656,40.61000061035156,40.81999969482422,39.805091857910156,40657400
2018-02-05,MU,Micron Technology,40.13999938964844,41.529998779296875,39.0099983215332,39.400001525878906,38.42041015625,45796800
2018-02-06,MU,Micron Technology,40.54999923706055,43.93000030517578,40.54999923706055,43.880001068115234,42.78901290893555,66972800
2018-02-07,MU,Micron Technology,43.2599983215332,43.560001373291016,41.7400016784668,42.0099983215332,40.96550369262695,51354800
2018-02-08,MU,Micron Technology,42.52000045776367,43.029998779296875,40.0,40.0,39.005489349365234,53794100
2018-02-09,MU,Micron Technology,41.04999923706055,41.189998626708984,37.52000045776367,40.40999984741211,39.405296325683594,65189300
2018-02-12,MU,Micron Technology,41.0099983215332,42.68000030517578,40.880001068115234,42.189998626708984,41.141029357910156,47941100
2018-02-13,MU,Micron Technology,42.04999923706055,42.91999816894531,41.97999954223633,42.630001068115234,41.57009506225586,30296800
2018-02-14,MU,Micron Technology,41.93000030517578,43.630001068115234,41.93000030517578,43.45000076293945,42.369712829589844,36765900
2018-02-15,MU,Micron Technology,43.72999954223633,43.91999816894531,42.2599983215332,43.5,42.41845703125,35072300
2018-02-16,MU,Micron Technology,43.290000915527344,45.11000061035156,43.130001068115234,44.209999084472656,43.11081314086914,49404600
2018-02-20,MU,Micron Technology,44.02000045776367,45.27000045776367,43.900001525878906,44.900001525878906,43.783653259277344,36215900
2018-02-21,MU,Micron Technology,45.369998931884766,45.54999923706055,44.52000045776367,44.540000915527344,43.43260955810547,31618700
2018-02-22,MU,Micron Technology,44.779998779296875,44.83000183105469,44.040000915527344,44.25,43.149818420410156,24359600
2018-02-23,MU,Micron Technology,45.18000030517578,46.79999923706055,45.02000045776367,46.529998779296875,45.373130798339844,48476700
2018-02-26,MU,Micron Technology,46.970001220703125,48.22999954223633,46.70000076293945,47.97999954223633,46.787078857421875,41966100
2018-02-27,MU,Micron Technology,47.65999984741211,48.9900016784668,47.41999816894531,48.58000183105469,47.372169494628906,44731100
2018-02-28,MU,Micron Technology,48.79999923706055,49.459999084472656,48.349998474121094,48.810001373291016,47.596458435058594,45031400
2018-03-01,MU,Micron Technology,48.77000045776367,48.810001373291016,46.77000045776367,47.619998931884766,46.43602752685547,61278800
2018-03-02,MU,Micron Technology,46.36000061035156,49.25,45.95000076293945,49.11000061035156,47.88898468017578,52492900
2018-03-05,MU,Micron Technology,48.79999923706055,52.36000061035156,48.720001220703125,52.029998779296875,50.736385345458984,70984100
2018-03-06,MU,Micron Technology,53.400001525878906,54.63999938964844,53.209999084472656,53.7400016784668,52.40386962890625,73096300
2018-03-07,MU,Micron Technology,53.34000015258789,55.0,53.130001068115234,53.970001220703125,52.62815475463867,61670000
2018-03-08,MU,Micron Technology,54.59000015258789,55.470001220703125,54.29999923706055,55.220001220703125,53.84707260131836,51685900
2018-03-09,MU,Micron Technology,55.7599983215332,55.83000183105469,53.619998931884766,54.59000015258789,53.23273849487305,65504600
2018-03-12,MU,Micron Technology,56.5,61.16999816894531,56.349998474121094,59.369998931884766,57.893890380859375,138651600
2018-03-13,MU,Micron Technology,62.16999816894531,63.41999816894531,58.52000045776367,59.43000030517578,57.95240020751953,142315800
2018-03-14,MU,Micron Technology,59.31999969482422,60.060001373291016,57.560001373291016,59.779998779296875,58.293697357177734,80306900
2018-03-15,MU,Micron Technology,59.77000045776367,60.150001525878906,58.22999954223633,58.84000015258789,57.37706756591797,50963700
2018-03-16,MU,Micron Technology,60.0,60.689998626708984,59.209999084472656,60.58000183105469,59.07381057739258,69323100
2018-03-19,MU,Micron Technology,60.36000061035156,60.9900016784668,58.75,60.13999938964844,58.64474868774414,71373300
2018-03-20,MU,Micron Technology,60.099998474121094,61.25,59.79999923706055,61.150001525878906,59.629642486572266,53890500
2018-03-21,MU,Micron Technology,61.349998474121094,61.720001220703125,60.599998474121094,61.06999969482422,59.55162811279297,51220200
2018-03-22,MU,Micron Technology,60.06999969482422,60.29999923706055,58.11000061035156,58.91999816894531,57.455074310302734,74274700
2018-03-23,MU,Micron Technology,57.689998626708984,58.79999923706055,53.68000030517578,54.209999084472656,52.8621826171875,118369500
2018-03-26,MU,Micron Technology,56.2599983215332,56.709999084472656,52.720001220703125,55.560001373291016,54.178627014160156,70260700
2018-03-27,MU,Micron Technology,55.060001373291016,55.470001220703125,51.68000030517578,52.400001525878906,51.09719467163086,67785100
2018-03-28,MU,Micron Technology,51.93000030517578,53.349998474121094,50.70000076293945,51.4900016784668,50.20981979370117,62987500
2018-03-29,MU,Micron Technology,52.15999984741211,52.68000030517578,51.13999938964844,52.13999938964844,50.84365463256836,61458800
2018-04-02,MU,Micron Technology,51.540000915527344,51.720001220703125,49.560001373291016,50.060001373291016,48.815364837646484,59875500
2018-04-03,MU,Micron Technology,50.79999923706055,51.77000045776367,50.31999969482422,51.54999923706055,50.268314361572266,52436400
2018-04-04,MU,Micron Technology,49.619998931884766,53.5,49.2599983215332,53.38999938964844,52.06256866455078,60272800
2018-04-05,MU,Micron Technology,52.060001373291016,52.20000076293945,49.189998626708984,49.84000015258789,48.600833892822266,89203500
2018-04-06,MU,Micron Technology,47.720001220703125,50.47999954223633,47.2599983215332,48.459999084472656,47.25514602661133,79392200
2018-04-09,MU,Micron Technology,49.130001068115234,49.83000183105469,47.91999816894531,47.959999084472656,46.767578125,50532900
2018-04-10,MU,Micron Technology,49.25,50.75,48.63999938964844,50.47999954223633,49.22491455078125,50346500
2018-04-11,MU,Micron Technology,50.279998779296875,51.79999923706055,50.11000061035156,50.47999954223633,49.22491455078125,38942200
2018-04-12,MU,Micron Technology,51.119998931884766,52.91999816894531,51.099998474121094,52.59000015258789,51.28245544433594,46656300
2018-04-13,MU,Micron Technology,53.400001525878906,53.4900016784668,51.58000183105469,52.22999954223633,50.93141174316406,43598900
2018-04-16,MU,Micron Technology,52.25,52.47999954223633,51.31999969482422,51.650001525878906,50.365840911865234,30879500
2018-04-17,MU,Micron Technology,51.849998474121094,52.70000076293945,51.7400016784668,52.2599983215332,50.96067810058594,33325300
2018-04-18,MU,Micron Technology,51.45000076293945,54.27000045776367,50.68000030517578,54.0099983215332,52.66715621948242,55393600
2018-04-19,MU,Micron Technology,52.900001525878906,54.099998474121094,50.97999954223633,51.41999816894531,50.14155960083008,52635000
2018-04-20,MU,Micron Technology,51.5,52.06999969482422,50.150001525878906,50.619998931884766,49.3614501953125,38510800
2018-04-23,MU,Micron Technology,50.810001373291016,50.880001068115234,48.810001373291016,49.02000045776367,47.80122375488281,43693000
2018-04-24,MU,Micron Technology,49.65999984741211,50.2599983215332,46.439998626708984,47.11000061035156,45.938716888427734,61915400
2018-04-25,MU,Micron Technology,47.560001373291016,48.34000015258789,46.08000183105469,47.599998474121094,46.41653823852539,43781200
2018-04-26,MU,Micron Technology,49.279998779296875,50.18000030517578,48.83000183105469,50.13999938964844,48.893367767333984,39041400
2018-04-27,MU,Micron Technology,51.11000061035156,51.38999938964844,47.189998626708984,47.52000045776367,46.3385124206543,50049800
2018-04-30,MU,Micron Technology,47.060001373291016,47.689998626708984,45.31999969482422,45.97999954223633,44.83681106567383,54743800
2018-05-01,MU,Micron Technology,45.59000015258789,46.869998931884766,45.40999984741211,46.790000915527344,45.62665557861328,34154900
2018-05-02,MU,Micron Technology,45.90999984741211,46.7400016784668,45.68000030517578,45.88999938964844,44.74903869628906,31640800
2018-05-03,MU,Micron Technology,45.7400016784668,46.869998931884766,45.33000183105469,46.619998931884766,45.46089553833008,30489600
2018-05-04,MU,Micron Technology,46.31999969482422,47.70000076293945,46.13999938964844,47.58000183105469,46.397029876708984,28632200
2018-05-07,MU,Micron Technology,48.2599983215332,49.11000061035156,48.11000061035156,48.47999954223633,47.27465057373047,33996900
2018-05-08,MU,Micron Technology,48.529998779296875,48.86000061035156,47.880001068115234,48.56999969482422,47.36241149902344,25205500
2018-05-09,MU,Micron Technology,49.060001373291016,51.029998779296875,48.9900016784668,51.0099983215332,49.74174880981445,36489100
2018-05-10,MU,Micron Technology,51.79999923706055,52.68000030517578,51.599998474121094,52.65999984741211,51.35072326660156,37146300
2018-05-11,MU,Micron Technology,52.380001068115234,52.79999923706055,51.68000030517578,51.81999969482422,50.53160095214844,27646400
2018-05-14,MU,Micron Technology,52.9900016784668,53.709999084472656,52.86000061035156,53.0,51.6822624206543,33376300
2018-05-15,MU,Micron Technology,53.79999923706055,54.16999816894531,52.689998626708984,54.0099983215332,52.66715621948242,43307300
2018-05-16,MU,Micron Technology,55.59000015258789,56.90999984741211,55.47999954223633,56.5,55.09524917602539,59011900
2018-05-17,MU,Micron Technology,56.0099983215332,56.439998626708984,53.93000030517578,54.70000076293945,53.33999252319336,54832200
2018-05-18,MU,Micron Technology,53.599998474121094,54.650001525878906,52.849998474121094,53.38999938964844,52.06256866455078,46088800
2018-05-21,MU,Micron Technology,56.18000030517578,56.470001220703125,54.529998779296875,55.47999954223633,54.100608825683594,70858100
2018-05-22,MU,Micron Technology,59.04999923706055,60.5,58.29999923706055,59.029998779296875,57.562347412109375,111262700
2018-05-23,MU,Micron Technology,59.04999923706055,60.0,58.150001525878906,59.970001220703125,58.47896957397461,64066800
2018-05-24,MU,Micron Technology,60.18000030517578,61.9900016784668,59.560001373291016,61.4900016784668,59.9611930847168,74725000
2018-05-25,MU,Micron Technology,60.849998474121094,62.099998474121094,60.61000061035156,61.349998474121094,59.82466506958008,54715900
2018-05-29,MU,Micron Technology,61.36000061035156,63.97999954223633,61.349998474121094,62.619998931884766,61.063087463378906,75591900
2018-05-30,MU,Micron Technology,63.70000076293945,64.66000366210938,60.91999816894531,62.56999969482422,61.01433181762695,84737600
2018-05-31,MU,Micron Technology,59.22999954223633,60.25,57.16999816894531,57.59000015258789,56.15816116333008,101882200
2018-06-01,MU,Micron Technology,58.810001373291016,59.34000015258789,56.880001068115234,58.7400016784668,57.27956008911133,74761500
2018-06-04,MU,Micron Technology,57.43000030517578,59.15999984741211,56.619998931884766,59.099998474121094,57.6306037902832,64350500
2018-06-05,MU,Micron Technology,59.79999923706055,60.13999938964844,58.83000183105469,59.40999984741211,57.93289566040039,41711300
2018-06-06,MU,Micron Technology,59.2599983215332,59.59000015258789,58.29999923706055,59.41999816894531,57.94264602661133,36749000
2018-06-07,MU,Micron Technology,59.849998474121094,60.27000045776367,58.560001373291016,59.630001068115234,58.14743423461914,42264700
2018-06-08,MU,Micron Technology,58.630001068115234,61.599998474121094,58.220001220703125,61.38999938964844,59.86366653442383,57144900
2018-06-11,MU,Micron Technology,61.709999084472656,62.54999923706055,61.06999969482422,61.38999938964844,59.86366653442383,42251500
2018-06-12,MU,Micron Technology,61.84000015258789,61.849998474121094,59.939998626708984,60.54999923706055,59.044551849365234,43633300
2018-06-13,MU,Micron Technology,60.29999923706055,61.27000045776367,60.02000045776367,60.04999923706055,58.556983947753906,33281400
2018-06-14,MU,Micron Technology,60.54999923706055,60.56999969482422,58.66999816894531,59.18000030517578,57.7086067199707,43421900
2018-06-15,MU,Micron Technology,58.529998779296875,59.099998474121094,57.29999923706055,58.22999954223633,56.78223419189453,45854100
2018-06-18,MU,Micron Technology,57.599998474121094,58.599998474121094,56.869998931884766,58.45000076293945,56.99676513671875,36975600
2018-06-19,MU,Micron Technology,57.63999938964844,59.459999084472656,57.11000061035156,59.25,57.7768669128418,43486600
2018-06-20,MU,Micron Technology,60.130001068115234,61.119998931884766,58.79999923706055,58.95000076293945,57.48433303833008,57497600
2018-06-21,MU,Micron Technology,61.459999084472656,61.83000183105469,59.09000015258789,59.439998626708984,57.9621467590332,70419900
2018-06-22,MU,Micron Technology,60.20000076293945,60.40999984741211,57.02000045776367,57.099998474121094,55.68033218383789,63497500
2018-06-25,MU,Micron Technology,55.540000915527344,55.63999938964844,52.40999984741211,53.15999984741211,51.838294982910156,72196300
2018-06-26,MU,Micron Technology,54.40999984741211,54.77000045776367,53.61000061035156,54.59000015258789,53.23273849487305,42277100
2018-06-27,MU,Micron Technology,55.0,55.349998474121094,52.15999984741211,52.2599983215332,50.96067810058594,53007500
2018-06-28,MU,Micron Technology,52.0,53.310001373291016,51.790000915527344,53.13999938964844,51.818790435791016,36878900
2018-06-29,MU,Micron Technology,53.689998626708984,53.849998474121094,52.400001525878906,52.439998626708984,51.13618850708008,32582200
2018-07-02,MU,Micron Technology,51.52000045776367,54.529998779296875,51.31999969482422,54.47999954223633,53.1254768371582,38934200
2018-07-03,MU,Micron Technology,54.54999923706055,54.790000915527344,50.099998474121094,51.47999954223633,50.20005798339844,52190200
2018-07-05,MU,Micron Technology,52.630001068115234,53.310001373291016,51.939998626708984,52.84000015258789,51.5262451171875,51136400
2018-07-06,MU,Micron Technology,52.540000915527344,53.40999984741211,51.97999954223633,53.22999954223633,51.90655517578125,31841000
2018-07-09,MU,Micron Technology,53.79999923706055,54.5,53.11000061035156,54.310001373291016,52.95970153808594,32579700
2018-07-10,MU,Micron Technology,54.65999984741211,55.900001525878906,54.349998474121094,55.7400016784668,54.354156494140625,34852800
2018-07-11,MU,Micron Technology,54.38999938964844,55.0,53.77000045776367,54.18000030517578,52.83293151855469,38699200
2018-07-12,MU,Micron Technology,54.650001525878906,55.65999984741211,54.349998474121094,55.45000076293945,54.071353912353516,29647700
2018-07-13,MU,Micron Technology,55.5099983215332,56.59000015258789,55.31999969482422,56.349998474121094,54.948974609375,28799000
2018-07-16,MU,Micron Technology,56.599998474121094,57.18000030517578,56.060001373291016,56.150001525878906,54.75395584106445,25735200
2018-07-17,MU,Micron Technology,55.83000183105469,57.130001068115234,55.5,56.959999084472656,55.54381561279297,24729100
2018-07-18,MU,Micron Technology,57.25,58.150001525878906,56.91999816894531,57.45000076293945,56.021629333496094,33729700
2018-07-19,MU,Micron Technology,57.25,57.560001373291016,55.66999816894531,56.220001220703125,54.82221221923828,39392100
2018-07-20,MU,Micron Technology,56.08000183105469,56.13999938964844,54.83000183105469,55.02000045776367,53.65205383300781,32588100
2018-07-23,MU,Micron Technology,53.5099983215332,54.58000183105469,52.220001220703125,54.290000915527344,52.94019317626953,42781500
2018-07-24,MU,Micron Technology,55.0,55.400001525878906,52.939998626708984,53.16999816894531,51.84804916381836,39011500
2018-07-25,MU,Micron Technology,52.630001068115234,54.220001220703125,52.29999923706055,53.38999938964844,52.06256866455078,39749200
2018-07-26,MU,Micron Technology,53.599998474121094,54.7400016784668,53.45000076293945,53.7599983215332,52.42337417602539,28862500
2018-07-27,MU,Micron Technology,54.459999084472656,54.630001068115234,53.11000061035156,53.959999084472656,52.618408203125,30109700
2018-07-30,MU,Micron Technology,54.189998626708984,54.25,52.41999816894531,53.0099983215332,51.6920166015625,25747800
2018-07-31,MU,Micron Technology,53.779998779296875,54.220001220703125,52.77000045776367,52.790000915527344,51.47748947143555,29301700
2018-08-01,MU,Micron Technology,52.65999984741211,53.58000183105469,52.16999816894531,52.290000915527344,50.989925384521484,28200000
2018-08-02,MU,Micron Technology,51.70000076293945,53.54999923706055,51.380001068115234,53.400001525878906,52.072330474853516,28708000
2018-08-03,MU,Micron Technology,53.29999923706055,53.400001525878906,52.2599983215332,52.810001373291016,51.49699020385742,22958900
2018-08-06,MU,Micron Technology,52.220001220703125,52.810001373291016,51.5,52.66999816894531,51.36045837402344,28776900
2018-08-07,MU,Micron Technology,52.939998626708984,53.439998626708984,52.70000076293945,53.040000915527344,51.721275329589844,21918600
2018-08-08,MU,Micron Technology,52.84000015258789,53.529998779296875,52.459999084472656,53.38999938964844,52.06256866455078,18074700
2018-08-09,MU,Micron Technology,52.650001525878906,52.849998474121094,51.93000030517578,52.2599983215332,50.96067810058594,34538400
2018-08-10,MU,Micron Technology,51.25,51.95000076293945,51.02000045776367,51.369998931884766,50.092796325683594,31340800
2018-08-13,MU,Micron Technology,51.61000061035156,52.060001373291016,51.279998779296875,51.34000015258789,50.063533782958984,24609500
2018-08-14,MU,Micron Technology,51.72999954223633,51.77000045776367,50.0099983215332,50.619998931884766,49.3614501953125,32050200
2018-08-15,MU,Micron Technology,49.83000183105469,49.86000061035156,47.13999938964844,47.4900016784668,46.309268951416016,57746200
2018-08-16,MU,Micron Technology,48.20000076293945,48.310001373291016,46.959999084472656,47.099998474121094,45.928958892822266,33663000
2018-08-17,MU,Micron Technology,46.209999084472656,47.36000061035156,45.619998931884766,47.11000061035156,45.938716888427734,34464200
2018-08-20,MU,Micron Technology,47.400001525878906,48.61000061035156,46.470001220703125,48.06999969482422,46.874839782714844,33022900
2018-08-21,MU,Micron Technology,48.900001525878906,50.369998931884766,48.869998931884766,49.939998626708984,48.69834518432617,38572900
2018-08-22,MU,Micron Technology,50.380001068115234,50.650001525878906,49.869998931884766,50.2400016784668,48.99089431762695,26740400
2018-08-23,MU,Micron Technology,50.04999923706055,50.2400016784668,49.400001525878906,49.70000076293945,48.46431350708008,26832000
2018-08-24,MU,Micron Technology,49.91999816894531,50.81999969482422,49.91999816894531,50.70000076293945,49.43946075439453,24785500
2018-08-27,MU,Micron Technology,51.349998474121094,52.45000076293945,51.16999816894531,52.06999969482422,50.7753791809082,29134100
2018-08-28,MU,Micron Technology,52.41999816894531,52.560001373291016,51.470001220703125,52.34000015258789,51.03868103027344,26198800
2018-08-29,MU,Micron Technology,52.09000015258789,52.15999984741211,51.29999923706055,51.83000183105469,50.541351318359375,31450800
2018-08-30,MU,Micron Technology,51.560001373291016,53.68000030517578,51.400001525878906,52.7599983215332,51.448238372802734,32416600
2018-08-31,MU,Micron Technology,52.70000076293945,53.22999954223633,52.220001220703125,52.52000045776367,51.214210510253906,29937300
2018-09-04,MU,Micron Technology,52.13999938964844,52.29999923706055,50.709999084472656,51.93000030517578,50.63887405395508,28975100
2018-09-05,MU,Micron Technology,51.38999938964844,51.599998474121094,49.06999969482422,49.540000915527344,48.308292388916016,39125100
2018-09-06,MU,Micron Technology,48.20000076293945,48.45000076293945,44.060001373291016,44.650001525878906,43.539878845214844,94413400
2018-09-07,MU,Micron Technology,45.13999938964844,46.459999084472656,44.650001525878906,44.86000061035156,43.744651794433594,47114300
2018-09-10,MU,Micron Technology,45.25,45.380001068115234,44.38999938964844,44.900001525878906,43.783653259277344,33078300
2018-09-11,MU,Micron Technology,43.650001525878906,43.75,42.349998474121094,43.599998474121094,42.51597595214844,48980700
2018-09-12,MU,Micron Technology,41.2400016784668,42.18000030517578,40.68000030517578,41.7400016784668,40.70223617553711,66916000
2018-09-13,MU,Micron Technology,42.29999923706055,44.4900016784668,42.29999923706055,43.619998931884766,42.535484313964844,59922100
2018-09-14,MU,Micron Technology,44.11000061035156,44.560001373291016,43.459999084472656,44.29999923706055,43.19857406616211,40610300
2018-09-17,MU,Micron Technology,43.59000015258789,44.31999969482422,43.25,43.58000183105469,42.49648666381836,28205300
2018-09-18,MU,Micron Technology,43.93000030517578,45.869998931884766,43.880001068115234,45.33000183105469,44.202972412109375,36507400
2018-09-19,MU,Micron Technology,45.779998779296875,46.060001373291016,44.84000015258789,45.060001373291016,43.93968200683594,29264700
2018-09-20,MU,Micron Technology,46.400001525878906,47.220001220703125,45.90999984741211,46.060001373291016,44.91482162475586,75144100
2018-09-21,MU,Micron Technology,44.400001525878906,45.599998474121094,43.79999923706055,44.7400016784668,43.62763595581055,97053400
2018-09-24,MU,Micron Technology,44.20000076293945,45.650001525878906,43.86000061035156,45.15999984741211,44.03719711303711,36918900
2018-09-25,MU,Micron Technology,45.099998474121094,45.459999084472656,44.02000045776367,44.63999938964844,43.53011703491211,32547500
2018-09-26,MU,Micron Technology,44.290000915527344,44.7599983215332,43.959999084472656,44.349998474121094,43.24732971191406,30299800
2018-09-27,MU,Micron Technology,44.22999954223633,45.52000045776367,44.04999923706055,44.9900016784668,43.871421813964844,26952400
2018-09-28,MU,Micron Technology,44.650001525878906,45.61000061035156,44.4900016784668,45.22999954223633,44.10545349121094,28080400
2018-10-01,MU,Micron Technology,45.439998626708984,46.08000183105469,45.0099983215332,45.150001525878906,44.027442932128906,26693400
2018-10-02,MU,Micron Technology,44.900001525878906,46.689998626708984,44.880001068115234,45.7599983215332,44.62227249145508,32397000
2018-10-03,MU,Micron Technology,46.279998779296875,46.41999816894531,44.709999084472656,45.150001525878906,44.027442932128906,29505100
2018-10-04,MU,Micron Technology,44.5,44.75,43.5099983215332,44.15999984741211,43.06205368041992,34579600
2018-10-05,MU,Micron Technology,44.08000183105469,44.630001068115234,42.810001373291016,43.58000183105469,42.49648666381836,35367100
2018-10-08,MU,Micron Technology,43.279998779296875,43.849998474121094,42.61000061035156,43.06999969482422,41.999168395996094,27426600
2018-10-09,MU,Micron Technology,42.810001373291016,43.040000915527344,41.97999954223633,42.27000045776367,41.21904754638672,31576400
2018-10-10,MU,Micron Technology,41.5,42.75,41.31999969482422,41.61000061035156,40.57545471191406,48452000
2018-10-11,MU,Micron Technology,41.959999084472656,42.91999816894531,41.43000030517578,41.970001220703125,40.926513671875,48197000
2018-10-12,MU,Micron Technology,43.58000183105469,43.75,41.91999816894531,42.470001220703125,41.41407012939453,32851100
2018-10-15,MU,Micron Technology,42.029998779296875,42.54999923706055,41.630001068115234,42.34000015258789,41.28730392456055,27697300
2018-10-16,MU,Micron Technology,42.70000076293945,43.349998474121094,42.29999923706055,43.209999084472656,42.13567352294922,28827400
2018-10-17,MU,Micron Technology,43.33000183105469,43.38999938964844,42.11000061035156,42.349998474121094,41.297054290771484,27759000
2018-10-18,MU,Micron Technology,42.040000915527344,42.209999084472656,41.13999938964844,41.29999923706055,40.27316665649414,33560800
2018-10-19,MU,Micron Technology,41.66999816894531,41.9900016784668,40.27000045776367,40.45000076293945,39.444297790527344,28641400
2018-10-22,MU,Micron Technology,40.560001373291016,40.70000076293945,38.63999938964844,39.7599983215332,38.77145004272461,34441200
2018-10-23,MU,Micron Technology,38.150001525878906,39.11000061035156,37.40999984741211,38.68000030517578,37.718299865722656,46364200
2018-10-24,MU,Micron Technology,38.0,38.29999923706055,35.400001525878906,35.43000030517578,34.54910659790039,53096500
2018-10-25,MU,Micron Technology,35.59000015258789,37.15999984741211,35.060001373291016,36.779998779296875,35.86554718017578,39625700
2018-10-26,MU,Micron Technology,35.279998779296875,35.90999984741211,34.29999923706055,35.400001525878906,34.519859313964844,41257400
2018-10-29,MU,Micron Technology,36.13999938964844,36.20000076293945,33.81999969482422,34.65999984741211,33.798248291015625,34176400
2018-10-30,MU,Micron Technology,34.63999938964844,36.04999923706055,34.4900016784668,36.0099983215332,35.11468505859375,35319500
2018-10-31,MU,Micron Technology,36.58000183105469,38.040000915527344,35.79999923706055,37.720001220703125,36.78217697143555,44055400
2018-11-01,MU,Micron Technology,37.97999954223633,40.20000076293945,37.52000045776367,40.119998931884766,39.12249755859375,43981400
2018-11-02,MU,Micron Technology,40.189998626708984,40.939998626708984,39.63999938964844,40.31999969482422,39.317527770996094,33645700
2018-11-05,MU,Micron Technology,40.099998474121094,40.2400016784668,38.77000045776367,39.91999816894531,38.927467346191406,22904000
2018-11-06,MU,Micron Technology,39.7400016784668,40.560001373291016,39.560001373291016,39.79999923706055,38.810455322265625,19316600
2018-11-07,MU,Micron Technology,40.31999969482422,41.04999923706055,39.959999084472656,40.93000030517578,39.9123649597168,22957200
2018-11-08,MU,Micron Technology,40.66999816894531,41.43000030517578,40.34000015258789,40.439998626708984,39.43455123901367,15609300
2018-11-09,MU,Micron Technology,39.88999938964844,39.9900016784668,38.40999984741211,39.11000061035156,38.13761901855469,26102800
2018-11-12,MU,Micron Technology,38.2400016784668,38.529998779296875,36.84000015258789,37.439998626708984,36.50912857055664,24822400
2018-11-13,MU,Micron Technology,37.65999984741211,38.7400016784668,37.439998626708984,37.849998474121094,36.908939361572266,25870500
2018-11-14,MU,Micron Technology,38.619998931884766,38.970001220703125,37.61000061035156,38.029998779296875,37.08445739746094,23706400
2018-11-15,MU,Micron Technology,37.95000076293945,40.16999816894531,37.619998931884766,39.90999984741211,38.917728424072266,30046100
2018-11-16,MU,Micron Technology,38.45000076293945,39.709999084472656,38.33000183105469,39.439998626708984,38.459415435791016,25445700
2018-11-19,MU,Micron Technology,39.20000076293945,39.31999969482422,36.66999816894531,36.83000183105469,35.914302825927734,31039100
2018-11-20,MU,Micron Technology,34.099998474121094,36.9900016784668,34.04999923706055,36.119998931884766,35.22195816040039,38728600
2018-11-21,MU,Micron Technology,37.0,37.220001220703125,36.369998931884766,36.380001068115234,35.47549057006836,22728400
2018-11-23,MU,Micron Technology,35.93000030517578,37.5,35.91999816894531,36.400001525878906,35.4949951171875,11257800
2018-11-26,MU,Micron Technology,37.75,37.790000915527344,35.529998779296875,36.56999969482422,35.66075897216797,26569700
2018-11-27,MU,Micron Technology,36.09000015258789,37.45000076293945,36.02000045776367,37.0,36.08007049560547,21397300
2018-11-28,MU,Micron Technology,37.290000915527344,39.0,35.9900016784668,38.709999084472656,37.74755859375,42293700
2018-11-29,MU,Micron Technology,38.29999923706055,38.709999084472656,37.72999954223633,37.90999984741211,36.96744918823242,23631300
2018-11-30,MU,Micron Technology,37.75,38.630001068115234,36.939998626708984,38.560001373291016,37.601287841796875,28176000
2018-12-03,MU,Micron Technology,40.20000076293945,40.2400016784668,39.150001525878906,40.029998779296875,39.03474044799805,35830000
2018-12-04,MU,Micron Technology,39.560001373291016,39.869998931884766,36.720001220703125,36.880001068115234,35.96305847167969,36616300
2018-12-06,MU,Micron Technology,35.65999984741211,37.68000030517578,35.130001068115234,37.66999816894531,36.7334098815918,37494400
2018-12-07,MU,Micron Technology,37.619998931884766,37.619998931884766,35.209999084472656,35.310001373291016,34.432098388671875,30619800
2018-12-10,MU,Micron Technology,34.83000183105469,35.720001220703125,34.529998779296875,34.79999923706055,33.93476486206055,33979700
2018-12-11,MU,Micron Technology,35.59000015258789,36.2599983215332,35.099998474121094,35.209999084472656,34.33457946777344,26238800
2018-12-12,MU,Micron Technology,35.939998626708984,36.61000061035156,35.400001525878906,36.029998779296875,35.134185791015625,26642500
2018-12-13,MU,Micron Technology,36.290000915527344,36.369998931884766,34.7599983215332,35.02000045776367,34.14930725097656,23825400
2018-12-14,MU,Micron Technology,34.439998626708984,35.45000076293945,34.060001373291016,34.20000076293945,33.34968948364258,28922100
2018-12-17,MU,Micron Technology,34.15999984741211,35.220001220703125,33.599998474121094,33.880001068115234,33.03764343261719,30891000
2018-12-18,MU,Micron Technology,34.38999938964844,34.939998626708984,33.970001220703125,34.11000061035156,33.26192855834961,46135400
2018-12-19,MU,Micron Technology,31.65999984741211,33.58000183105469,31.270000457763672,31.40999984741211,30.62906265258789,106669600
2018-12-20,MU,Micron Technology,31.600000381469727,32.900001525878906,30.860000610351562,31.280000686645508,30.502296447753906,60427600
2018-12-21,MU,Micron Technology,31.68000030517578,32.04999923706055,30.110000610351562,30.31999969482422,29.5661563873291,54630500
2018-12-24,MU,Micron Technology,29.860000610351562,30.350000381469727,29.0,29.020000457763672,28.298479080200195,23771800
2018-12-26,MU,Micron Technology,29.34000015258789,30.90999984741211,28.389999389648438,30.889999389648438,30.121986389160156,45711000
2018-12-27,MU,Micron Technology,30.40999984741211,32.0099983215332,30.229999542236328,31.93000030517578,31.13612937927246,39858300
2018-12-28,MU,Micron Technology,32.0,32.279998779296875,31.399999618530273,31.56999969482422,30.785079956054688,29873400
2018-12-31,MU,Micron Technology,31.989999771118164,32.400001525878906,31.459999084472656,31.729999542236328,30.941102981567383,21392100
2019-01-02,MU,Micron Technology,31.0,33.08000183105469,30.75,32.75,31.935741424560547,26004300
2019-01-03,MU,Micron Technology,31.81999969482422,32.150001525878906,30.860000610351562,31.0,30.229248046875,29145500
2019-01-04,MU,Micron Technology,31.65999984741211,33.040000915527344,31.549999237060547,32.70000076293945,31.88698959350586,28557300
2019-01-07,MU,Micron Technology,33.70000076293945,34.45000076293945,33.310001373291016,34.0,33.154666900634766,44841500
2019-01-08,MU,Micron Technology,34.54999923706055,34.59000015258789,32.810001373291016,33.7400016784668,32.90113067626953,33434100
2019-01-09,MU,Micron Technology,34.970001220703125,36.290000915527344,34.91999816894531,35.439998626708984,34.55885314941406,54147900
2019-01-10,MU,Micron Technology,35.2599983215332,35.95000076293945,35.08000183105469,35.90999984741211,35.01718521118164,24437400
2019-01-11,MU,Micron Technology,35.41999816894531,36.72999954223633,35.0099983215332,36.0099983215332,35.11468505859375,30469800
2019-01-14,MU,Micron Technology,34.720001220703125,34.91999816894531,34.2599983215332,34.66999816894531,33.80801010131836,34612000
2019-01-15,MU,Micron Technology,35.02000045776367,35.22999954223633,33.650001525878906,33.9900016784668,33.144920349121094,30633600
2019-01-16,MU,Micron Technology,34.040000915527344,34.33000183105469,33.529998779296875,33.58000183105469,32.7451057434082,24890900
2019-01-17,MU,Micron Technology,33.22999954223633,34.20000076293945,32.65999984741211,33.880001068115234,33.03764343261719,29398500
2019-01-18,MU,Micron Technology,34.22999954223633,36.189998626708984,34.060001373291016,35.7599983215332,34.87090301513672,44872400
2019-01-22,MU,Micron Technology,35.25,35.25,33.54999923706055,33.869998931884766,33.02790069580078,37021900
2019-01-23,MU,Micron Technology,34.11000061035156,34.689998626708984,33.439998626708984,34.2400016784668,33.388694763183594,31011600
2019-01-24,MU,Micron Technology,35.310001373291016,37.439998626708984,35.099998474121094,36.59000015258789,35.680267333984375,65094800
2019-01-25,MU,Micron Technology,38.09000015258789,39.310001373291016,37.5,38.959999084472656,37.99134826660156,61032300
2019-01-28,MU,Micron Technology,36.95000076293945,38.959999084472656,36.650001525878906,38.08000183105469,37.13322830200195,44213000
2019-01-29,MU,Micron Technology,38.279998779296875,38.97999954223633,37.25,37.38999938964844,36.46037292480469,30331000
2019-01-30,MU,Micron Technology,38.29999923706055,38.7599983215332,37.59000015258789,38.2400016784668,37.289249420166016,32848100
2019-01-31,MU,Micron Technology,37.630001068115234,38.81999969482422,37.279998779296875,38.220001220703125,37.26974105834961,34130500
2019-02-01,MU,Micron Technology,38.310001373291016,39.86000061035156,38.22999954223633,39.599998474121094,38.61542510986328,36839900
2019-02-04,MU,Micron Technology,39.54999923706055,39.61000061035156,38.5099983215332,39.470001220703125,38.488670349121094,30851500
2019-02-05,MU,Micron Technology,39.2400016784668,40.33000183105469,39.16999816894531,39.369998931884766,38.39114761352539,25094000
2019-02-06,MU,Micron Technology,40.400001525878906,41.959999084472656,40.369998931884766,41.52000045776367,40.487693786621094,47472600
2019-02-07,MU,Micron Technology,40.810001373291016,41.04999923706055,38.90999984741211,39.380001068115234,38.400909423828125,40396400
2019-02-08,MU,Micron Technology,37.79999923706055,38.779998779296875,37.45000076293945,38.58000183105469,37.620784759521484,35573200
2019-02-11,MU,Micron Technology,38.599998474121094,38.869998931884766,37.36000061035156,38.58000183105469,37.620784759521484,30356500
2019-02-12,MU,Micron Technology,39.38999938964844,40.77000045776367,39.2400016784668,40.400001525878906,39.39554214477539,43587900
2019-02-13,MU,Micron Technology,40.849998474121094,42.279998779296875,40.79999923706055,41.68000030517578,40.64372253417969,50101700
2019-02-14,MU,Micron Technology,41.38999938964844,43.15999984741211,41.310001373291016,42.22999954223633,41.18003845214844,41759200
2019-02-15,MU,Micron Technology,42.27000045776367,42.400001525878906,41.41999816894531,41.9900016784668,40.946006774902344,28968400
2019-02-19,MU,Micron Technology,41.70000076293945,42.4900016784668,41.5,41.959999084472656,40.916751861572266,25575900
2019-02-20,MU,Micron Technology,42.310001373291016,43.2599983215332,42.130001068115234,42.209999084472656,41.1605339050293,28048700
2019-02-21,MU,Micron Technology,42.470001220703125,42.869998931884766,41.41999816894531,41.529998779296875,40.49744415283203,24048800
2019-02-22,MU,Micron Technology,42.08000183105469,42.56999969482422,41.83000183105469,42.56999969482422,41.511592864990234,22834300
2019-02-25,MU,Micron Technology,43.810001373291016,43.9900016784668,42.70000076293945,42.75,41.687110900878906,25233700
2019-02-26,MU,Micron Technology,42.349998474121094,43.150001525878906,42.290000915527344,42.959999084472656,41.89189147949219,18051500
2019-02-27,MU,Micron Technology,42.619998931884766,42.7599983215332,41.0099983215332,41.31999969482422,40.29267883300781,29522200
2019-02-28,MU,Micron Technology,40.20000076293945,41.150001525878906,39.79999923706055,40.880001068115234,39.863609313964844,25777900
2019-03-01,MU,Micron Technology,41.63999938964844,42.560001373291016,41.11000061035156,41.58000183105469,40.546207427978516,26755800
2019-03-04,MU,Micron Technology,41.880001068115234,42.150001525878906,40.63999938964844,41.060001373291016,40.03914260864258,27047800
2019-03-05,MU,Micron Technology,40.25,40.66999816894531,39.5099983215332,39.9900016784668,38.99574661254883,28798800
2019-03-06,MU,Micron Technology,39.380001068115234,39.45000076293945,37.52000045776367,37.93000030517578,36.9869499206543,44890400
2019-03-07,MU,Micron Technology,37.540000915527344,38.310001373291016,37.13999938964844,37.83000183105469,36.88943862915039,31567800
2019-03-08,MU,Micron Technology,36.88999938964844,38.81999969482422,36.56999969482422,38.650001525878906,37.68905258178711,34080900
2019-03-11,MU,Micron Technology,38.90999984741211,39.54999923706055,38.83000183105469,39.029998779296875,38.05961227416992,25164700
2019-03-12,MU,Micron Technology,39.16999816894531,39.400001525878906,38.83000183105469,39.25,38.27413558959961,18623500
2019-03-13,MU,Micron Technology,39.400001525878906,39.720001220703125,38.63999938964844,38.83000183105469,37.864585876464844,22786300
2019-03-14,MU,Micron Technology,38.7400016784668,39.630001068115234,38.34000015258789,38.40999984741211,37.455020904541016,19757300
2019-03-15,MU,Micron Technology,38.58000183105469,39.84000015258789,38.43000030517578,39.540000915527344,38.556922912597656,30702000
2019-03-18,MU,Micron Technology,39.599998474121094,40.40999984741211,39.150001525878906,39.61000061035156,38.625186920166016,22296600
2019-03-19,MU,Micron Technology,39.93000030517578,41.04999923706055,39.88999938964844,40.369998931884766,39.36628341674805,32407300
2019-03-20,MU,Micron Technology,40.5,40.75,39.619998931884766,40.130001068115234,39.132259368896484,41714400
2019-03-21,MU,Micron Technology,41.70000076293945,44.209999084472656,41.650001525878906,43.9900016784668,42.89628982543945,84985400
2019-03-22,MU,Micron Technology,43.470001220703125,43.47999954223633,41.54999923706055,41.619998931884766,40.585201263427734,46605600
2019-03-25,MU,Micron Technology,41.34000015258789,41.97999954223633,40.060001373291016,40.54999923706055,39.54181671142578,34516000
2019-03-26,MU,Micron Technology,41.16999816894531,41.650001525878906,40.099998474121094,40.31999969482422,39.317527770996094,24689600
2019-03-27,MU,Micron Technology,40.380001068115234,40.849998474121094,39.0099983215332,39.22999954223633,38.25463104248047,26856700
2019-03-28,MU,Micron Technology,39.400001525878906,39.939998626708984,39.02000045776367,39.34000015258789,38.361900329589844,24584500
2019-03-29,MU,Micron Technology,40.25,41.52000045776367,40.220001220703125,41.33000183105469,40.30242156982422,35716900
2019-04-01,MU,Micron Technology,42.27000045776367,42.7599983215332,41.720001220703125,42.25,41.199546813964844,28073000
2019-04-02,MU,Micron Technology,42.08000183105469,42.790000915527344,41.75,42.439998626708984,41.38481903076172,21438100
2019-04-03,MU,Micron Technology,43.54999923706055,44.849998474121094,43.54999923706055,43.900001525878906,42.80852127075195,39097200
2019-04-04,MU,Micron Technology,42.36000061035156,43.33000183105469,42.25,42.88999938964844,41.82362747192383,37038400
2019-04-05,MU,Micron Technology,43.29999923706055,43.540000915527344,42.720001220703125,43.31999969482422,42.24294662475586,21119400
2019-04-08,MU,Micron Technology,42.18000030517578,43.13999938964844,42.119998931884766,42.900001525878906,41.8333854675293,24546800
2019-04-09,MU,Micron Technology,42.540000915527344,42.599998474121094,41.27000045776367,41.720001220703125,40.6827278137207,29055900
2019-04-10,MU,Micron Technology,41.689998626708984,42.439998626708984,41.5099983215332,42.16999816894531,41.12152862548828,23252200
2019-04-11,MU,Micron Technology,42.20000076293945,42.72999954223633,42.130001068115234,42.279998779296875,41.228797912597656,18163900
2019-04-12,MU,Micron Technology,42.849998474121094,43.20000076293945,41.810001373291016,42.0099983215332,40.96550369262695,21740400
2019-04-15,MU,Micron Technology,42.16999816894531,42.22999954223633,41.20000076293945,41.81999969482422,40.78023147583008,16932300
2019-04-16,MU,Micron Technology,42.2599983215332,42.93000030517578,42.08000183105469,42.7599983215332,41.696868896484375,19337500
2019-04-17,MU,Micron Technology,43.36000061035156,44.04999923706055,42.7599983215332,43.150001525878906,42.077171325683594,22092000
2019-04-18,MU,Micron Technology,43.20000076293945,43.529998779296875,42.790000915527344,43.400001525878906,42.32094955444336,16193600
2019-04-22,MU,Micron Technology,43.13999938964844,43.56999969482422,42.529998779296875,43.400001525878906,42.32094955444336,19447900
2019-04-23,MU,Micron Technology,43.369998931884766,43.470001220703125,42.720001220703125,42.77000045776367,41.70661544799805,21489400
2019-04-24,MU,Micron Technology,42.81999969482422,43.400001525878906,42.380001068115234,43.029998779296875,41.960147857666016,19637000
2019-04-25,MU,Micron Technology,43.619998931884766,44.650001525878906,42.689998626708984,42.75,41.687110900878906,28346200
2019-04-26,MU,Micron Technology,41.4900016784668,42.279998779296875,40.77000045776367,42.099998474121094,41.05327224731445,26092400
2019-04-29,MU,Micron Technology,42.130001068115234,42.61000061035156,41.72999954223633,42.11000061035156,41.06302261352539,13452800
2019-04-30,MU,Micron Technology,41.86000061035156,42.36000061035156,41.58000183105469,42.060001373291016,41.01427459716797,16342700
2019-05-01,MU,Micron Technology,42.43000030517578,42.93000030517578,41.88999938964844,41.900001525878906,40.85824966430664,17673300
2019-05-02,MU,Micron Technology,42.0,43.20000076293945,41.630001068115234,42.560001373291016,41.5018424987793,17046800
2019-05-03,MU,Micron Technology,42.4900016784668,43.380001068115234,42.40999984741211,43.33000183105469,42.25269317626953,16577000
2019-05-06,MU,Micron Technology,41.400001525878906,42.290000915527344,41.0,42.130001068115234,41.082523345947266,25776000
2019-05-07,MU,Micron Technology,41.68000030517578,41.93000030517578,39.72999954223633,40.2599983215332,39.25901412963867,35094100
2019-05-08,MU,Micron Technology,39.86000061035156,40.4900016784668,39.58000183105469,39.75,38.761695861816406,26190100
2019-05-09,MU,Micron Technology,39.099998474121094,39.630001068115234,38.20000076293945,39.27000045776367,38.29364013671875,27844400
2019-05-10,MU,Micron Technology,39.0099983215332,39.290000915527344,37.650001525878906,38.939998626708984,37.97183609008789,30368100
2019-05-13,MU,Micron Technology,37.36000061035156,37.97999954223633,37.060001373291016,37.380001068115234,36.45064163208008,33092100
2019-05-14,MU,Micron Technology,38.02000045776367,38.61000061035156,37.400001525878906,38.5099983215332,37.55252456665039,24004000
2019-05-15,MU,Micron Technology,37.900001525878906,38.70000076293945,37.7599983215332,38.40999984741211,37.455020904541016,17532300
2019-05-16,MU,Micron Technology,37.68000030517578,37.9900016784668,37.099998474121094,37.310001373291016,36.382362365722656,29479200
2019-05-17,MU,Micron Technology,36.61000061035156,37.279998779296875,35.79999923706055,36.060001373291016,35.1634407043457,31096300
2019-05-20,MU,Micron Technology,34.75,35.20000076293945,34.33000183105469,34.619998931884766,33.75925064086914,34489500
2019-05-21,MU,Micron Technology,35.290000915527344,35.880001068115234,35.150001525878906,35.63999938964844,34.75387954711914,32501300
2019-05-22,MU,Micron Technology,35.20000076293945,35.45000076293945,34.630001068115234,34.72999954223633,33.866519927978516,20902400
2019-05-23,MU,Micron Technology,33.88999938964844,33.900001525878906,32.959999084472656,33.81999969482422,32.97914123535156,32186700
2019-05-24,MU,Micron Technology,34.15999984741211,34.36000061035156,33.59000015258789,34.0,33.154666900634766,19706000
2019-05-28,MU,Micron Technology,34.150001525878906,34.310001373291016,32.880001068115234,32.939998626708984,32.12102508544922,26758400
2019-05-29,MU,Micron Technology,32.31999969482422,33.41999816894531,32.16999816894531,33.290000915527344,32.46232223510742,28796100
2019-05-30,MU,Micron Technology,33.43000030517578,34.31999969482422,33.029998779296875,33.31999969482422,32.491573333740234,20957600
2019-05-31,MU,Micron Technology,32.599998474121094,33.5,32.52000045776367,32.61000061035156,31.799222946166992,18607300
2019-06-03,MU,Micron Technology,32.95000076293945,33.220001220703125,32.470001220703125,32.689998626708984,31.877235412597656,21174500
2019-06-04,MU,Micron Technology,33.36000061035156,34.560001373291016,33.099998474121094,34.4900016784668,33.632476806640625,25076000
2019-06-05,MU,Micron Technology,35.20000076293945,35.400001525878906,33.040000915527344,33.34000015258789,32.51107406616211,27070300
2019-06-06,MU,Micron Technology,33.2599983215332,33.81999969482422,32.939998626708984,33.470001220703125,32.637840270996094,21088100
2019-06-07,MU,Micron Technology,33.54999923706055,34.029998779296875,33.220001220703125,33.9900016784668,33.144920349121094,21430400
2019-06-10,MU,Micron Technology,34.599998474121094,35.540000915527344,34.52000045776367,34.939998626708984,34.07129669189453,21728000
2019-06-11,MU,Micron Technology,35.79999923706055,35.9900016784668,34.75,34.84000015258789,33.973777770996094,19208600
2019-06-12,MU,Micron Technology,34.0099983215332,34.099998474121094,32.72999954223633,32.959999084472656,32.140525817871094,28746500
2019-06-13,MU,Micron Technology,33.08000183105469,33.63999938964844,33.0099983215332,33.380001068115234,32.550079345703125,16586700
2019-06-14,MU,Micron Technology,32.45000076293945,32.84000015258789,32.2400016784668,32.65999984741211,31.847990036010742,19715000
2019-06-17,MU,Micron Technology,32.540000915527344,32.849998474121094,32.13999938964844,32.43000030517578,31.623699188232422,20050000
2019-06-18,MU,Micron Technology,32.900001525878906,34.88999938964844,32.900001525878906,34.290000915527344,33.43745803833008,33727300
2019-06-19,MU,Micron Technology,34.689998626708984,34.689998626708984,33.709999084472656,33.939998626708984,33.09614944458008,20436400
2019-06-20,MU,Micron Technology,34.84000015258789,35.2599983215332,34.02000045776367,34.150001525878906,33.300941467285156,21691500
2019-06-21,MU,Micron Technology,33.70000076293945,33.88999938964844,32.72999954223633,33.25,32.42330551147461,38858200
2019-06-24,MU,Micron Technology,33.20000076293945,34.08000183105469,33.02000045776367,33.189998626708984,32.364803314208984,27306000
2019-06-25,MU,Micron Technology,33.349998474121094,33.880001068115234,32.61000061035156,32.68000030517578,31.867475509643555,39590500
2019-06-26,MU,Micron Technology,35.869998931884766,37.61000061035156,35.70000076293945,37.040000915527344,36.119083404541016,100271600
2019-06-27,MU,Micron Technology,36.849998474121094,38.33000183105469,36.5099983215332,38.06999969482422,37.123470306396484,51612400
2019-06-28,MU,Micron Technology,39.36000061035156,39.400001525878906,38.04999923706055,38.59000015258789,37.63053894042969,61402700
2019-07-01,MU,Micron Technology,41.15999984741211,41.709999084472656,39.7400016784668,40.11000061035156,39.11274719238281,60928000
2019-07-02,MU,Micron Technology,39.619998931884766,40.029998779296875,39.029998779296875,39.599998474121094,38.61542510986328,29774500
2019-07-03,MU,Micron Technology,39.619998931884766,39.77000045776367,39.16999816894531,39.59000015258789,38.60567855834961,13479700
2019-07-05,MU,Micron Technology,38.95000076293945,39.560001373291016,38.79999923706055,39.41999816894531,38.43990707397461,18408000
2019-07-08,MU,Micron Technology,39.029998779296875,40.61000061035156,38.939998626708984,40.40999984741211,39.405296325683594,28148500
2019-07-09,MU,Micron Technology,40.130001068115234,41.40999984741211,40.08000183105469,41.349998474121094,40.32191848754883,28254700
2019-07-10,MU,Micron Technology,42.22999954223633,44.0,42.040000915527344,42.900001525878906,41.8333854675293,51625500
2019-07-11,MU,Micron Technology,43.220001220703125,43.540000915527344,42.439998626708984,43.47999954223633,42.39896011352539,30392400
2019-07-12,MU,Micron Technology,43.75,44.70000076293945,43.36000061035156,44.5099983215332,43.403350830078125,33257800
2019-07-15,MU,Micron Technology,44.689998626708984,45.27000045776367,43.709999084472656,44.400001525878906,43.29609298706055,26623300
2019-07-16,MU,Micron Technology,44.04999923706055,44.099998474121094,42.93000030517578,43.060001373291016,41.989402770996094,31238900
2019-07-17,MU,Micron Technology,43.0,43.75,42.599998474121094,43.369998931884766,42.291690826416016,19539300
2019-07-18,MU,Micron Technology,43.61000061035156,44.93000030517578,43.5,44.66999816894531,43.55937194824219,26456600
2019-07-19,MU,Micron Technology,45.130001068115234,46.0,44.630001068115234,45.52000045776367,44.38823699951172,39328400
2019-07-22,MU,Micron Technology,46.5,47.43000030517578,46.310001373291016,47.189998626708984,46.016719818115234,46042800
2019-07-23,MU,Micron Technology,46.779998779296875,47.13999938964844,46.22999954223633,46.95000076293945,45.782691955566406,29354400
2019-07-24,MU,Micron Technology,46.95000076293945,48.22999954223633,46.81999969482422,47.9900016784668,46.79683303833008,33169900
2019-07-25,MU,Micron Technology,48.400001525878906,48.70000076293945,47.59000015258789,47.77000045776367,46.58230209350586,28127800
2019-07-26,MU,Micron Technology,47.939998626708984,48.130001068115234,47.09000015258789,47.4900016784668,46.309268951416016,19676200
2019-07-29,MU,Micron Technology,46.869998931884766,46.970001220703125,45.849998474121094,46.81999969482422,45.65592575073242,21939500
2019-07-30,MU,Micron Technology,46.880001068115234,47.68000030517578,46.20000076293945,47.459999084472656,46.280006408691406,21301600
2019-07-31,MU,Micron Technology,46.709999084472656,46.790000915527344,44.439998626708984,44.88999938964844,43.77391052246094,34493900
2019-08-01,MU,Micron Technology,45.0,45.959999084472656,42.84000015258789,43.599998474121094,42.51597595214844,37906500
2019-08-02,MU,Micron Technology,42.63999938964844,44.40999984741211,42.220001220703125,44.08000183105469,42.98405075073242,31954100
2019-08-05,MU,Micron Technology,42.400001525878906,42.5099983215332,41.36000061035156,41.939998626708984,40.897254943847656,35172900
2019-08-06,MU,Micron Technology,42.66999816894531,43.189998626708984,41.689998626708984,42.619998931884766,41.56034469604492,26857000
2019-08-07,MU,Micron Technology,42.0099983215332,42.95000076293945,40.70000076293945,41.75,40.711971282958984,35604600
2019-08-08,MU,Micron Technology,42.09000015258789,42.7599983215332,41.66999816894531,42.630001068115234,41.57009506225586,18567500
2019-08-09,MU,Micron Technology,42.040000915527344,42.2400016784668,40.869998931884766,41.52000045776367,40.487693786621094,22900300
2019-08-12,MU,Micron Technology,41.04999923706055,42.400001525878906,40.970001220703125,42.130001068115234,41.082523345947266,23969200
2019-08-13,MU,Micron Technology,42.619998931884766,45.08000183105469,42.5099983215332,44.16999816894531,43.07181167602539,33040200
2019-08-14,MU,Micron Technology,42.880001068115234,43.150001525878906,41.65999984741211,42.040000915527344,40.99477005004883,24657200
2019-08-15,MU,Micron Technology,42.34000015258789,42.560001373291016,41.5,42.2400016784668,41.189788818359375,16104000
2019-08-16,MU,Micron Technology,42.63999938964844,43.880001068115234,42.54999923706055,43.54999923706055,42.46721649169922,17914100
2019-08-19,MU,Micron Technology,44.66999816894531,45.369998931884766,44.34000015258789,45.0099983215332,43.89093017578125,22613400
2019-08-20,MU,Micron Technology,44.849998474121094,44.970001220703125,44.040000915527344,44.22999954223633,43.13032531738281,13191000
2019-08-21,MU,Micron Technology,44.810001373291016,45.0,43.900001525878906,44.16999816894531,43.07181167602539,14973800
2019-08-22,MU,Micron Technology,44.5,45.45000076293945,44.04999923706055,44.779998779296875,43.66664505004883,20599000
2019-08-23,MU,Micron Technology,43.88999938964844,44.970001220703125,42.65999984741211,42.959999084472656,41.89189147949219,27519900
2019-08-26,MU,Micron Technology,43.7400016784668,43.77000045776367,43.15999984741211,43.43000030517578,42.35021209716797,12282800
2019-08-27,MU,Micron Technology,43.709999084472656,43.79999923706055,42.349998474121094,42.439998626708984,41.38481903076172,19122100
2019-08-28,MU,Micron Technology,42.099998474121094,43.2599983215332,41.7599983215332,43.150001525878906,42.077171325683594,11545700
2019-08-29,MU,Micron Technology,43.9900016784668,45.220001220703125,43.90999984741211,44.66999816894531,43.55937194824219,18674100
2019-08-30,MU,Micron Technology,45.119998931884766,45.93000030517578,45.04999923706055,45.27000045776367,44.14446258544922,16391500
2019-09-03,MU,Micron Technology,44.599998474121094,45.33000183105469,44.439998626708984,44.9900016784668,43.871421813964844,17108100
2019-09-04,MU,Micron Technology,46.45000076293945,47.5,46.400001525878906,46.810001373291016,45.64617156982422,26978100
2019-09-05,MU,Micron Technology,47.900001525878906,49.63999938964844,47.88999938964844,49.029998779296875,47.810977935791016,33075500
2019-09-06,MU,Micron Technology,48.86000061035156,49.5,48.70000076293945,48.970001220703125,47.75246810913086,19565700
2019-09-09,MU,Micron Technology,49.540000915527344,50.0,48.86000061035156,49.130001068115234,47.90849304199219,19474400
2019-09-10,MU,Micron Technology,49.369998931884766,49.939998626708984,48.5,49.38999938964844,48.16202163696289,23111300
2019-09-11,MU,Micron Technology,50.02000045776367,51.38999938964844,49.84000015258789,50.47999954223633,49.22491455078125,31012900
2019-09-12,MU,Micron Technology,50.79999923706055,51.119998931884766,50.099998474121094,50.439998626708984,49.1859130859375,19671300
2019-09-13,MU,Micron Technology,50.5099983215332,50.95000076293945,50.060001373291016,50.5,49.24442672729492,14733000
2019-09-16,MU,Micron Technology,49.529998779296875,50.2400016784668,49.02000045776367,50.150001525878906,48.90313720703125,17495300
2019-09-17,MU,Micron Technology,50.18000030517578,50.90999984741211,49.93000030517578,50.84000015258789,49.57598114013672,13776500
2019-09-18,MU,Micron Technology,51.0,51.16999816894531,49.689998626708984,50.47999954223633,49.22491455078125,15247100
2019-09-19,MU,Micron Technology,51.16999816894531,51.29999923706055,49.75,49.81999969482422,48.581329345703125,16633600
2019-09-20,MU,Micron Technology,50.34000015258789,50.45000076293945,48.77000045776367,49.15999984741211,47.93773651123047,23195000
2019-09-23,MU,Micron Technology,49.540000915527344,50.189998626708984,49.47999954223633,49.599998474121094,48.36680603027344,16198500
2019-09-24,MU,Micron Technology,49.7400016784668,49.900001525878906,48.04999923706055,48.5099983215332,47.30390930175781,24959000
2019-09-25,MU,Micron Technology,48.470001220703125,49.70000076293945,47.86000061035156,49.470001220703125,48.24003601074219,23571800
2019-09-26,MU,Micron Technology,49.380001068115234,49.7400016784668,48.130001068115234,48.599998474121094,47.39165115356445,33341000
2019-09-27,MU,Micron Technology,45.900001525878906,45.91999816894531,42.90999984741211,43.209999084472656,42.13567352294922,75941400
2019-09-30,MU,Micron Technology,43.0,43.470001220703125,42.58000183105469,42.849998474121094,41.784629821777344,31423100
2019-10-01,MU,Micron Technology,43.099998474121094,43.34000015258789,41.75,42.29999923706055,41.2483024597168,28087300
2019-10-02,MU,Micron Technology,41.81999969482422,42.66999816894531,41.7599983215332,41.97999954223633,40.93626403808594,26408500
2019-10-03,MU,Micron Technology,42.0,43.4900016784668,41.7599983215332,43.459999084472656,42.37946319580078,23627100
2019-10-04,MU,Micron Technology,43.709999084472656,44.619998931884766,43.290000915527344,44.54999923706055,43.44236373901367,21860000
2019-10-07,MU,Micron Technology,44.29999923706055,44.72999954223633,44.060001373291016,44.15999984741211,43.06205368041992,14911600
2019-10-08,MU,Micron Technology,43.599998474121094,43.84000015258789,42.619998931884766,42.63999938964844,41.57985305786133,20664600
2019-10-09,MU,Micron Technology,43.18000030517578,43.380001068115234,42.83000183105469,42.880001068115234,41.81388473510742,12784000
2019-10-10,MU,Micron Technology,42.869998931884766,43.790000915527344,42.61000061035156,43.279998779296875,42.203941345214844,15572600
2019-10-11,MU,Micron Technology,44.38999938964844,45.81999969482422,44.279998779296875,45.099998474121094,43.97867965698242,27483700
2019-10-14,MU,Micron Technology,44.959999084472656,45.33000183105469,44.79999923706055,44.86000061035156,43.744651794433594,12443300
2019-10-15,MU,Micron Technology,45.209999084472656,46.54999923706055,45.040000915527344,46.459999084472656,45.30487823486328,17767700
2019-10-16,MU,Micron Technology,45.9900016784668,46.54999923706055,45.08000183105469,45.15999984741211,44.03719711303711,16646900
2019-10-17,MU,Micron Technology,45.77000045776367,46.119998931884766,45.279998779296875,45.5,44.36874008178711,11718700
2019-10-18,MU,Micron Technology,44.83000183105469,44.97999954223633,43.22999954223633,43.470001220703125,42.38922119140625,26215300
2019-10-21,MU,Micron Technology,43.959999084472656,45.29999923706055,43.91999816894531,45.220001220703125,44.095699310302734,15473700
2019-10-22,MU,Micron Technology,45.29999923706055,45.70000076293945,44.619998931884766,44.65999984741211,43.54962921142578,13802400
2019-10-23,MU,Micron Technology,44.04999923706055,44.81999969482422,43.95000076293945,44.65999984741211,43.54962921142578,13959200
2019-10-24,MU,Micron Technology,45.900001525878906,47.15999984741211,45.58000183105469,47.099998474121094,45.928958892822266,25760200
2019-10-25,MU,Micron Technology,47.279998779296875,48.27000045776367,46.91999816894531,48.029998779296875,46.83583068847656,19855300
2019-10-28,MU,Micron Technology,48.5,48.75,48.22999954223633,48.689998626708984,47.479427337646484,15240000
2019-10-29,MU,Micron Technology,48.79999923706055,49.16999816894531,48.060001373291016,48.11000061035156,46.913848876953125,12183600
2019-10-30,MU,Micron Technology,48.220001220703125,48.34000015258789,47.2599983215332,47.880001068115234,46.6895751953125,12932800
2019-10-31,MU,Micron Technology,47.279998779296875,47.880001068115234,46.459999084472656,47.54999923706055,46.36777114868164,15445800
2019-11-01,MU,Micron Technology,47.47999954223633,48.540000915527344,47.25,48.380001068115234,47.1771354675293,18311700
2019-11-04,MU,Micron Technology,49.38999938964844,49.900001525878906,49.25,49.59000015258789,48.3570442199707,16021500
2019-11-05,MU,Micron Technology,49.619998931884766,49.720001220703125,48.61000061035156,48.68000030517578,47.469688415527344,13682600
2019-11-06,MU,Micron Technology,48.150001525878906,48.29999923706055,47.11000061035156,47.68000030517578,46.494544982910156,21803600
2019-11-07,MU,Micron Technology,48.52000045776367,49.08000183105469,48.0,48.400001525878906,47.196632385253906,19253600
2019-11-08,MU,Micron Technology,47.560001373291016,48.0099983215332,46.95000076293945,47.189998626708984,46.016719818115234,18518800
2019-11-11,MU,Micron Technology,46.720001220703125,46.7400016784668,45.849998474121094,46.2599983215332,45.109840393066406,14635900
2019-11-12,MU,Micron Technology,46.79999923706055,47.68000030517578,46.68000030517578,46.900001525878906,45.73392868041992,15170700
2019-11-13,MU,Micron Technology,46.5,46.54999923706055,45.810001373291016,46.29999923706055,45.14885330200195,15423600
2019-11-14,MU,Micron Technology,46.119998931884766,46.83000183105469,45.77000045776367,46.79999923706055,45.63642501831055,11797400
2019-11-15,MU,Micron Technology,47.599998474121094,48.52000045776367,47.34000015258789,47.709999084472656,46.523799896240234,17859200
2019-11-18,MU,Micron Technology,47.95000076293945,48.40999984741211,47.470001220703125,47.81999969482422,46.63105392456055,12631200
2019-11-19,MU,Micron Technology,48.11000061035156,48.18000030517578,46.279998779296875,46.58000183105469,45.42189025878906,18384000
2019-11-20,MU,Micron Technology,46.150001525878906,46.5,45.22999954223633,45.56999969482422,44.43700408935547,24660700
2019-11-21,MU,Micron Technology,45.29999923706055,46.18000030517578,45.040000915527344,45.54999923706055,44.417503356933594,14192900
2019-11-22,MU,Micron Technology,45.93000030517578,46.380001068115234,45.75,45.869998931884766,44.72954559326172,11253700
2019-11-25,MU,Micron Technology,46.099998474121094,47.54999923706055,45.939998626708984,47.52000045776367,46.3385124206543,18803600
2019-11-26,MU,Micron Technology,47.650001525878906,47.66999816894531,46.540000915527344,46.720001220703125,45.55841064453125,12849300
2019-11-27,MU,Micron Technology,47.349998474121094,48.27000045776367,47.11000061035156,48.15999984741211,46.962608337402344,15409400
2019-11-29,MU,Micron Technology,47.939998626708984,47.95000076293945,47.439998626708984,47.5099983215332,46.328758239746094,7343600
2019-12-02,MU,Micron Technology,47.56999969482422,47.95000076293945,46.349998474121094,46.38999938964844,45.23661804199219,16053800
2019-12-03,MU,Micron Technology,45.119998931884766,45.400001525878906,44.54999923706055,45.22999954223633,44.10545349121094,20321400
2019-12-04,MU,Micron Technology,46.18000030517578,46.599998474121094,45.72999954223633,46.29999923706055,45.14885330200195,16921700
2019-12-05,MU,Micron Technology,46.709999084472656,47.400001525878906,46.25,46.619998931884766,45.46089553833008,13003800
2019-12-06,MU,Micron Technology,47.439998626708984,48.33000183105469,47.31999969482422,47.93000030517578,46.73832321166992,20468100
2019-12-09,MU,Micron Technology,47.56999969482422,47.77000045776367,46.43000030517578,46.45000076293945,45.29512405395508,16540500
2019-12-10,MU,Micron Technology,47.040000915527344,47.91999816894531,46.720001220703125,47.459999084472656,46.280006408691406,19263100
2019-12-11,MU,Micron Technology,47.75,49.34000015258789,47.689998626708984,49.2599983215332,48.035255432128906,22081300
2019-12-12,MU,Micron Technology,49.36000061035156,51.33000183105469,49.31999969482422,50.970001220703125,49.70274353027344,36590800
2019-12-13,MU,Micron Technology,51.02000045776367,52.31999969482422,50.70000076293945,51.20000076293945,49.92701721191406,30039700
2019-12-16,MU,Micron Technology,52.7599983215332,54.29999923706055,52.689998626708984,52.939998626708984,51.62376022338867,38629600
2019-12-17,MU,Micron Technology,53.9900016784668,54.0,52.650001525878906,53.0,51.6822624206543,28344800
2019-12-18,MU,Micron Technology,53.0,53.720001220703125,52.369998931884766,53.040000915527344,51.721275329589844,39099100
2019-12-19,MU,Micron Technology,55.0099983215332,55.290000915527344,53.900001525878906,54.529998779296875,53.17422866821289,55792900
2019-12-20,MU,Micron Technology,54.900001525878906,55.93000030517578,54.630001068115234,55.060001373291016,53.69105911254883,44285000
2019-12-23,MU,Micron Technology,55.22999954223633,56.11000061035156,55.13999938964844,55.400001525878906,54.022605895996094,23693800
2019-12-24,MU,Micron Technology,55.45000076293945,55.63999938964844,55.040000915527344,55.41999816894531,54.04209899902344,8621900
2019-12-26,MU,Micron Technology,55.45000076293945,55.650001525878906,54.90999984741211,55.11000061035156,53.73980712890625,13537400
2019-12-27,MU,Micron Technology,55.2400016784668,55.529998779296875,53.88999938964844,54.029998779296875,52.68665313720703,17176700
2019-12-30,MU,Micron Technology,53.77000045776367,53.880001068115234,52.65999984741211,53.209999084472656,51.88704299926758,15271500
2019-12-31,MU,Micron Technology,52.90999984741211,53.900001525878906,52.779998779296875,53.779998779296875,52.442874908447266,13296400
2020-01-02,MU,Micron Technology,54.849998474121094,55.4900016784668,54.5099983215332,55.38999938964844,54.01284408569336,20173200
2020-01-03,MU,Micron Technology,54.15999984741211,55.310001373291016,54.0,54.529998779296875,53.17422866821289,16815800
2020-01-06,MU,Micron Technology,53.75,54.13999938964844,53.15999984741211,53.56999969482422,52.238094329833984,18768700
2020-01-07,MU,Micron Technology,55.380001068115234,58.400001525878906,55.36000061035156,58.27000045776367,56.82124328613281,49908200
2020-01-08,MU,Micron Technology,58.09000015258789,58.38999938964844,57.060001373291016,57.52000045776367,56.08988952636719,29730800
2020-01-09,MU,Micron Technology,58.31999969482422,58.47999954223633,56.47999954223633,57.310001373291016,55.88511276245117,22376100
2020-01-10,MU,Micron Technology,57.470001220703125,57.5,56.27000045776367,56.66999816894531,55.261016845703125,19122800
2020-01-13,MU,Micron Technology,57.0099983215332,57.779998779296875,56.86000061035156,57.45000076293945,56.021629333496094,16163000
2020-01-14,MU,Micron Technology,57.79999923706055,58.29999923706055,56.459999084472656,57.52000045776367,56.08988952636719,26454300
2020-01-15,MU,Micron Technology,57.029998779296875,57.119998931884766,55.84000015258789,56.16999816894531,54.77345275878906,21638600
2020-01-16,MU,Micron Technology,56.79999923706055,57.84000015258789,56.7599983215332,57.68000030517578,56.24590301513672,22732700
2020-01-17,MU,Micron Technology,58.02000045776367,58.119998931884766,57.0099983215332,57.65999984741211,56.22639846801758,20549200
2020-01-21,MU,Micron Technology,57.369998931884766,59.18000030517578,57.27000045776367,58.970001220703125,57.503841400146484,24821700
2020-01-22,MU,Micron Technology,59.52000045776367,60.25,58.849998474121094,59.16999816894531,57.69886779785156,22604400
2020-01-23,MU,Micron Technology,60.33000183105469,60.560001373291016,59.029998779296875,59.20000076293945,57.728118896484375,26146100
2020-01-24,MU,Micron Technology,60.0,60.02000045776367,57.2400016784668,57.7599983215332,56.323917388916016,28555300
2020-01-27,MU,Micron Technology,55.150001525878906,55.9900016784668,54.619998931884766,55.40999984741211,54.032344818115234,27310100
2020-01-28,MU,Micron Technology,56.25,56.779998779296875,55.2400016784668,56.470001220703125,55.06599044799805,18544900
2020-01-29,MU,Micron Technology,55.9900016784668,57.189998626708984,55.290000915527344,55.29999923706055,53.925079345703125,19278300
2020-01-30,MU,Micron Technology,54.18000030517578,55.06999969482422,53.220001220703125,55.029998779296875,53.661800384521484,30783800
2020-01-31,MU,Micron Technology,55.150001525878906,55.20000076293945,52.70000076293945,53.09000015258789,51.77002716064453,28550800
2020-02-03,MU,Micron Technology,53.25,54.11000061035156,53.0,53.779998779296875,52.442874908447266,20471900
2020-02-04,MU,Micron Technology,55.290000915527344,56.02000045776367,54.939998626708984,55.5,54.1201057434082,19998600
2020-02-05,MU,Micron Technology,57.02000045776367,57.2599983215332,55.81999969482422,56.77000045776367,55.35853576660156,19795300
2020-02-06,MU,Micron Technology,58.08000183105469,59.16999816894531,57.40999984741211,58.68000030517578,57.22105407714844,23358700
2020-02-07,MU,Micron Technology,57.970001220703125,58.0,56.77000045776367,56.880001068115234,55.46580123901367,20891100
2020-02-10,MU,Micron Technology,56.29999923706055,57.34000015258789,56.20000076293945,57.33000183105469,55.90462112426758,15929000
2020-02-11,MU,Micron Technology,57.880001068115234,58.84000015258789,56.33000183105469,57.25,55.82660675048828,26776900
2020-02-12,MU,Micron Technology,59.040000915527344,61.189998626708984,58.900001525878906,59.27000045776367,57.796382904052734,47180800
2020-02-13,MU,Micron Technology,59.0099983215332,60.630001068115234,58.86000061035156,59.33000183105469,57.85490036010742,23679700
2020-02-14,MU,Micron Technology,60.15999984741211,60.560001373291016,58.2599983215332,58.5,57.04552459716797,20920200
2020-02-18,MU,Micron Technology,57.06999969482422,58.040000915527344,56.619998931884766,57.75,56.31417465209961,21513200
2020-02-19,MU,Micron Technology,58.58000183105469,60.25,58.560001373291016,59.9900016784668,58.498477935791016,23335500
2020-02-20,MU,Micron Technology,59.880001068115234,59.9900016784668,57.689998626708984,59.0,57.53309631347656,20797100
2020-02-21,MU,Micron Technology,58.630001068115234,58.72999954223633,55.88999938964844,56.9900016784668,55.57307052612305,27038900
2020-02-24,MU,Micron Technology,53.310001373291016,55.459999084472656,52.61000061035156,55.0099983215332,53.642295837402344,33321100
2020-02-25,MU,Micron Technology,54.84000015258789,55.45000076293945,51.54999923706055,52.099998474121094,50.80464172363281,41894200
2020-02-26,MU,Micron Technology,52.650001525878906,54.27000045776367,51.880001068115234,52.369998931884766,51.067928314208984,28075600
2020-02-27,MU,Micron Technology,50.630001068115234,52.849998474121094,49.9900016784668,50.58000183105469,49.32244110107422,36349200
2020-02-28,MU,Micron Technology,48.650001525878906,52.91999816894531,48.38999938964844,52.560001373291016,51.253211975097656,40121300
2020-03-02,MU,Micron Technology,53.20000076293945,54.689998626708984,52.099998474121094,54.59000015258789,53.23273849487305,33272700
2020-03-03,MU,Micron Technology,54.599998474121094,55.400001525878906,51.099998474121094,51.79999923706055,50.5120964050293,36893200
2020-03-04,MU,Micron Technology,53.02000045776367,55.380001068115234,52.209999084472656,55.290000915527344,53.91533279418945,28222000
2020-03-05,MU,Micron Technology,53.45000076293945,55.61000061035156,53.34000015258789,53.720001220703125,52.38437271118164,26223000
2020-03-06,MU,Micron Technology,52.20000076293945,53.189998626708984,50.0,51.470001220703125,50.19029998779297,30313700
2020-03-09,MU,Micron Technology,45.47999954223633,48.599998474121094,44.91999816894531,45.970001220703125,44.82705307006836,31260800
2020-03-10,MU,Micron Technology,48.150001525878906,48.2599983215332,45.290000915527344,47.86000061035156,46.670066833496094,31652900
2020-03-11,MU,Micron Technology,46.20000076293945,46.31999969482422,42.849998474121094,43.720001220703125,42.63300704956055,38483800
2020-03-12,MU,Micron Technology,39.400001525878906,42.540000915527344,38.0,38.810001373291016,37.84507369995117,40117200
2020-03-13,MU,Micron Technology,41.56999969482422,43.02000045776367,38.349998474121094,42.9900016784668,41.92115783691406,35264800
2020-03-16,MU,Micron Technology,37.349998474121094,39.13999938964844,34.45000076293945,34.470001220703125,33.61298370361328,36879100
2020-03-17,MU,Micron Technology,35.4900016784668,39.130001068115234,34.02000045776367,37.380001068115234,36.45064163208008,34869000
2020-03-18,MU,Micron Technology,34.2599983215332,36.560001373291016,31.1299991607666,34.689998626708984,33.82749938964844,36519000
2020-03-19,MU,Micron Technology,34.65999984741211,37.29999923706055,33.650001525878906,36.290000915527344,35.38772964477539,31015200
2020-03-20,MU,Micron Technology,37.77000045776367,38.59000015258789,35.84000015258789,36.11000061035156,35.21220397949219,37667400
2020-03-23,MU,Micron Technology,36.9900016784668,39.470001220703125,35.689998626708984,38.25,37.29899978637695,45286000
2020-03-24,MU,Micron Technology,41.81999969482422,44.41999816894531,41.13999938964844,43.27000045776367,42.19417953491211,45588000
2020-03-25,MU,Micron Technology,43.90999984741211,44.880001068115234,40.029998779296875,42.5,41.44334030151367,54091000
2020-03-26,MU,Micron Technology,44.900001525878906,45.75,43.33000183105469,44.790000915527344,43.6763916015625,62450700
2020-03-27,MU,Micron Technology,43.25,45.279998779296875,42.310001373291016,43.47999954223633,42.39896011352539,39791500
2020-03-30,MU,Micron Technology,44.16999816894531,45.56999969482422,43.150001525878906,44.52000045776367,43.41310119628906,33763900
2020-03-31,MU,Micron Technology,44.400001525878906,45.16999816894531,41.90999984741211,42.060001373291016,41.01427459716797,36723700
2020-04-01,MU,Micron Technology,40.54999923706055,42.29999923706055,39.33000183105469,39.88999938964844,38.898223876953125,37452800
2020-04-02,MU,Micron Technology,39.790000915527344,41.59000015258789,39.52000045776367,41.09000015258789,40.06838607788086,31457700
2020-04-03,MU,Micron Technology,40.970001220703125,41.86000061035156,40.54999923706055,41.220001220703125,40.195152282714844,28522400
2020-04-06,MU,Micron Technology,43.349998474121094,46.689998626708984,43.34000015258789,46.369998931884766,45.217105865478516,37899100
2020-04-07,MU,Micron Technology,48.09000015258789,48.369998931884766,46.040000915527344,46.540000915527344,45.38288497924805,34646400
2020-04-08,MU,Micron Technology,47.08000183105469,48.689998626708984,46.79999923706055,48.290000915527344,47.0893669128418,27694400
2020-04-09,MU,Micron Technology,49.29999923706055,49.810001373291016,45.349998474121094,46.130001068115234,44.98307800292969,39799400
2020-04-13,MU,Micron Technology,44.900001525878906,46.38999938964844,44.38999938964844,46.16999816894531,45.02207946777344,30449900
2020-04-14,MU,Micron Technology,47.0,48.380001068115234,46.619998931884766,47.619998931884766,46.43602752685547,25738000
2020-04-15,MU,Micron Technology,46.400001525878906,46.65999984741211,45.63999938964844,46.43000030517578,45.27560806274414,22389400
2020-04-16,MU,Micron Technology,47.02000045776367,47.20000076293945,44.65999984741211,45.529998779296875,44.39799880981445,26589000
2020-04-17,MU,Micron Technology,46.779998779296875,46.88999938964844,44.849998474121094,45.70000076293945,44.56377410888672,23388300
2020-04-20,MU,Micron Technology,44.52000045776367,45.08000183105469,43.29999923706055,43.400001525878906,42.32094955444336,30463300
2020-04-21,MU,Micron Technology,43.0,43.06999969482422,41.189998626708984,41.40999984741211,40.380428314208984,32482200
2020-04-22,MU,Micron Technology,43.11000061035156,44.20000076293945,42.75,43.90999984741211,42.818267822265625,21346600
2020-04-23,MU,Micron Technology,43.81999969482422,44.720001220703125,43.41999816894531,43.77000045776367,42.681758880615234,22273100
2020-04-24,MU,Micron Technology,43.79999923706055,44.31999969482422,42.97999954223633,44.15999984741211,43.06205368041992,16581800
2020-04-27,MU,Micron Technology,45.0,45.38999938964844,44.58000183105469,45.279998779296875,44.15420913696289,16667200
2020-04-28,MU,Micron Technology,46.209999084472656,47.689998626708984,45.279998779296875,45.310001373291016,44.183467864990234,25234900
2020-04-29,MU,Micron Technology,46.58000183105469,50.13999938964844,46.33000183105469,49.83000183105469,48.591087341308594,35743000
2020-04-30,MU,Micron Technology,49.47999954223633,49.58000183105469,47.369998931884766,47.88999938964844,46.699317932128906,28585400
2020-05-01,MU,Micron Technology,46.36000061035156,46.91999816894531,44.52000045776367,45.060001373291016,43.93968200683594,28194000
2020-05-04,MU,Micron Technology,44.189998626708984,44.689998626708984,43.61000061035156,44.459999084472656,43.3546028137207,21377100
2020-05-05,MU,Micron Technology,45.45000076293945,46.95000076293945,45.11000061035156,45.40999984741211,44.280975341796875,21007500
2020-05-06,MU,Micron Technology,46.06999969482422,47.119998931884766,45.91999816894531,46.08000183105469,44.934326171875,22011900
2020-05-07,MU,Micron Technology,47.119998931884766,47.5,46.34000015258789,46.59000015258789,45.431640625,16372100
2020-05-08,MU,Micron Technology,47.290000915527344,48.459999084472656,47.290000915527344,48.25,47.05036544799805,17437100
2020-05-11,MU,Micron Technology,47.7400016784668,48.72999954223633,47.439998626708984,48.20000076293945,47.001609802246094,17353500
2020-05-12,MU,Micron Technology,48.52000045776367,48.560001373291016,45.63999938964844,45.689998626708984,44.554012298583984,26738900
2020-05-13,MU,Micron Technology,45.869998931884766,45.880001068115234,42.95000076293945,43.529998779296875,42.447723388671875,35117500
2020-05-14,MU,Micron Technology,43.060001373291016,45.779998779296875,42.5099983215332,45.72999954223633,44.59303665161133,27543500
2020-05-15,MU,Micron Technology,43.279998779296875,44.779998779296875,43.2400016784668,44.40999984741211,43.305850982666016,28803900
2020-05-18,MU,Micron Technology,45.83000183105469,46.150001525878906,44.95000076293945,45.91999816894531,44.77829360961914,20307800
2020-05-19,MU,Micron Technology,45.779998779296875,46.22999954223633,45.02000045776367,45.119998931884766,43.9981803894043,17389500
2020-05-20,MU,Micron Technology,46.5099983215332,47.040000915527344,46.09000015258789,46.63999938964844,45.48038864135742,17876500
2020-05-21,MU,Micron Technology,46.5,46.56999969482422,44.7599983215332,45.220001220703125,44.095699310302734,17445300
2020-05-22,MU,Micron Technology,45.150001525878906,45.310001373291016,44.2400016784668,44.939998626708984,43.82265853881836,13385400
2020-05-26,MU,Micron Technology,46.220001220703125,46.689998626708984,45.45000076293945,45.79999923706055,44.66128158569336,24303900
2020-05-27,MU,Micron Technology,45.95000076293945,49.58000183105469,43.900001525878906,49.45000076293945,48.22053527832031,56071500
2020-05-28,MU,Micron Technology,48.70000076293945,48.790000915527344,46.06999969482422,46.470001220703125,45.31462860107422,38289300
2020-05-29,MU,Micron Technology,46.619998931884766,48.02000045776367,46.209999084472656,47.90999984741211,46.71881866455078,26337000
2020-06-01,MU,Micron Technology,47.4900016784668,47.66999816894531,46.31999969482422,46.34000015258789,45.187870025634766,21809100
2020-06-02,MU,Micron Technology,46.4900016784668,46.849998474121094,45.56999969482422,46.81999969482422,45.65592575073242,23035600
2020-06-03,MU,Micron Technology,48.040000915527344,49.41999816894531,47.45000076293945,48.91999816894531,47.703704833984375,34662100
2020-06-04,MU,Micron Technology,48.86000061035156,51.97999954223633,48.599998474121094,51.220001220703125,49.946533203125,34830800
2020-06-05,MU,Micron Technology,52.65999984741211,54.81999969482422,52.59000015258789,53.720001220703125,52.38437271118164,34110700
2020-06-08,MU,Micron Technology,54.5,54.63999938964844,52.22999954223633,53.70000076293945,52.364871978759766,22850600
2020-06-09,MU,Micron Technology,52.650001525878906,53.5,52.45000076293945,53.150001525878906,51.82854461669922,17840800
2020-06-10,MU,Micron Technology,52.91999816894531,53.29999923706055,51.56999969482422,52.470001220703125,51.16544723510742,18766700
2020-06-11,MU,Micron Technology,50.41999816894531,51.09000015258789,48.20000076293945,48.52000045776367,47.31364822387695,29897600
2020-06-12,MU,Micron Technology,50.290000915527344,50.47999954223633,47.36000061035156,48.689998626708984,47.479427337646484,24293600
2020-06-15,MU,Micron Technology,47.36000061035156,49.72999954223633,47.099998474121094,49.2400016784668,48.0157585144043,18092300
2020-06-16,MU,Micron Technology,51.15999984741211,52.150001525878906,49.86000061035156,51.02000045776367,49.75150680541992,20987200
2020-06-17,MU,Micron Technology,51.29999923706055,51.5099983215332,50.540000915527344,50.959999084472656,49.6929931640625,13905100
2020-06-18,MU,Micron Technology,50.5,51.040000915527344,50.02000045776367,50.47999954223633,49.22491455078125,13220200
2020-06-19,MU,Micron Technology,51.15999984741211,52.75,50.75,50.83000183105469,49.566226959228516,28081500
2020-06-22,MU,Micron Technology,51.099998474121094,51.400001525878906,50.2400016784668,51.150001525878906,49.87826156616211,15952200
2020-06-23,MU,Micron Technology,50.689998626708984,50.88999938964844,49.56999969482422,49.84000015258789,48.600833892822266,23194200
2020-06-24,MU,Micron Technology,49.650001525878906,50.099998474121094,48.02000045776367,48.290000915527344,47.0893669128418,19346500
2020-06-25,MU,Micron Technology,48.2400016784668,49.310001373291016,47.279998779296875,49.189998626708984,47.96698760986328,14971900
2020-06-26,MU,Micron Technology,49.150001525878906,49.349998474121094,48.13999938964844,48.4900016784668,47.28440475463867,16929700
2020-06-29,MU,Micron Technology,48.689998626708984,49.150001525878906,47.58000183105469,49.150001525878906,47.92799377441406,24666200
2020-06-30,MU,Micron Technology,51.779998779296875,52.470001220703125,50.970001220703125,51.52000045776367,50.23905944824219,47852100
2020-07-01,MU,Micron Technology,51.52000045776367,51.560001373291016,49.61000061035156,49.70000076293945,48.46431350708008,25218400
2020-07-02,MU,Micron Technology,50.5,50.75,49.47999954223633,49.83000183105469,48.591087341308594,18562400
2020-07-06,MU,Micron Technology,50.75,51.43000030517578,50.47999954223633,50.91999816894531,49.65397262573242,16321000
2020-07-07,MU,Micron Technology,50.52000045776367,50.59000015258789,49.0099983215332,49.09000015258789,47.86949157714844,19797900
2020-07-08,MU,Micron Technology,49.560001373291016,49.75,48.959999084472656,49.709999084472656,48.47406005859375,15311900
2020-07-09,MU,Micron Technology,49.849998474121094,50.38999938964844,48.72999954223633,49.97999954223633,48.73735046386719,18510800
2020-07-10,MU,Micron Technology,50.0099983215332,50.709999084472656,49.400001525878906,50.70000076293945,49.43946075439453,18128700
2020-07-13,MU,Micron Technology,51.310001373291016,52.279998779296875,49.380001068115234,49.459999084472656,48.23028564453125,23296400
2020-07-14,MU,Micron Technology,49.08000183105469,49.790000915527344,47.95000076293945,49.709999084472656,48.47406005859375,17455200
2020-07-15,MU,Micron Technology,50.209999084472656,50.650001525878906,49.40999984741211,50.5099983215332,49.254180908203125,15911400
2020-07-16,MU,Micron Technology,49.81999969482422,50.290000915527344,49.22999954223633,50.099998474121094,48.8543701171875,14014000
2020-07-17,MU,Micron Technology,50.310001373291016,50.43000030517578,49.279998779296875,49.470001220703125,48.24003601074219,15003800
2020-07-20,MU,Micron Technology,49.65999984741211,51.31999969482422,49.540000915527344,51.209999084472656,49.936767578125,17604200
2020-07-21,MU,Micron Technology,51.619998931884766,52.65999984741211,51.22999954223633,51.52000045776367,50.23905944824219,16650200
2020-07-22,MU,Micron Technology,51.58000183105469,51.77000045776367,51.02000045776367,51.650001525878906,50.365840911865234,11412600
2020-07-23,MU,Micron Technology,51.7400016784668,54.20000076293945,51.56999969482422,52.63999938964844,51.33121871948242,33399900
2020-07-24,MU,Micron Technology,51.279998779296875,51.279998779296875,49.650001525878906,50.02000045776367,48.776363372802734,25348000
2020-07-27,MU,Micron Technology,50.599998474121094,51.709999084472656,50.4900016784668,51.59000015258789,50.30732727050781,15991700
2020-07-28,MU,Micron Technology,51.2599983215332,51.27000045776367,50.040000915527344,50.09000015258789,48.84461975097656,15614400
2020-07-29,MU,Micron Technology,50.38999938964844,50.630001068115234,49.779998779296875,50.38999938964844,49.13716125488281,14714800
2020-07-30,MU,Micron Technology,49.7400016784668,50.75,49.11000061035156,50.7400016784668,49.47846221923828,17644300
2020-07-31,MU,Micron Technology,50.619998931884766,50.70000076293945,49.2599983215332,50.060001373291016,48.815364837646484,17433200
2020-08-03,MU,Micron Technology,50.38999938964844,50.619998931884766,50.02000045776367,50.38999938964844,49.13716125488281,15143500
2020-08-04,MU,Micron Technology,50.349998474121094,51.47999954223633,50.290000915527344,51.29999923706055,50.0245361328125,15753100
2020-08-05,MU,Micron Technology,51.09000015258789,51.279998779296875,50.630001068115234,51.04999923706055,49.78074645996094,13198600
2020-08-06,MU,Micron Technology,50.0,50.029998779296875,48.31999969482422,48.70000076293945,47.48918533325195,32204700
2020-08-07,MU,Micron Technology,48.689998626708984,49.18000030517578,48.04999923706055,48.75,47.537940979003906,13637300
2020-08-10,MU,Micron Technology,48.849998474121094,49.66999816894531,48.27000045776367,49.150001525878906,47.92799377441406,15881500
2020-08-11,MU,Micron Technology,49.0099983215332,49.7400016784668,47.630001068115234,47.7599983215332,46.57254409790039,21532800
2020-08-12,MU,Micron Technology,48.380001068115234,48.72999954223633,47.65999984741211,48.47999954223633,47.27465057373047,17176600
2020-08-13,MU,Micron Technology,47.15999984741211,47.22999954223633,45.93000030517578,46.13999938964844,44.99283218383789,41051700
2020-08-14,MU,Micron Technology,45.599998474121094,46.08000183105469,45.29999923706055,45.599998474121094,44.466251373291016,18167300
2020-08-17,MU,Micron Technology,45.900001525878906,45.939998626708984,44.7400016784668,45.220001220703125,44.095699310302734,17303800
2020-08-18,MU,Micron Technology,45.060001373291016,45.15999984741211,44.04999923706055,44.400001525878906,43.29609298706055,20118100
2020-08-19,MU,Micron Technology,44.29999923706055,44.70000076293945,43.849998474121094,44.04999923706055,42.95479202270508,19455500
2020-08-20,MU,Micron Technology,42.68000030517578,43.65999984741211,42.25,42.9900016784668,41.92115783691406,22445400
2020-08-21,MU,Micron Technology,42.849998474121094,43.060001373291016,42.400001525878906,42.65999984741211,41.5993537902832,15476700
2020-08-24,MU,Micron Technology,43.119998931884766,43.81999969482422,42.88999938964844,43.7599983215332,42.6719970703125,14972200
2020-08-25,MU,Micron Technology,44.880001068115234,45.540000915527344,44.599998474121094,45.099998474121094,43.97867965698242,21524900
2020-08-26,MU,Micron Technology,45.599998474121094,45.81999969482422,44.689998626708984,44.959999084472656,43.84217071533203,15328900
2020-08-27,MU,Micron Technology,44.54999923706055,44.83000183105469,43.66999816894531,44.619998931884766,43.5106201171875,13777000
2020-08-28,MU,Micron Technology,44.619998931884766,45.790000915527344,44.40999984741211,45.689998626708984,44.554012298583984,13459100
2020-08-31,MU,Micron Technology,45.349998474121094,45.81999969482422,45.13999938964844,45.5099983215332,44.37849044799805,13241800
2020-09-01,MU,Micron Technology,45.529998779296875,45.790000915527344,45.060001373291016,45.7599983215332,44.62227249145508,14079800
2020-09-02,MU,Micron Technology,46.43000030517578,48.189998626708984,46.279998779296875,47.83000183105469,46.640811920166016,24636200
2020-09-03,MU,Micron Technology,47.7599983215332,47.83000183105469,45.849998474121094,46.33000183105469,45.178104400634766,20632800
2020-09-04,MU,Micron Technology,46.189998626708984,46.95000076293945,44.88999938964844,46.47999954223633,45.324371337890625,20608500
2020-09-08,MU,Micron Technology,44.9900016784668,46.22999954223633,44.529998779296875,45.029998779296875,43.910423278808594,20893600
2020-09-09,MU,Micron Technology,45.880001068115234,45.880001068115234,44.45000076293945,45.150001525878906,44.027442932128906,17529100
2020-09-10,MU,Micron Technology,45.470001220703125,45.95000076293945,44.689998626708984,44.869998931884766,43.754398345947266,13744700
2020-09-11,MU,Micron Technology,45.22999954223633,46.47999954223633,44.959999084472656,46.09000015258789,44.944068908691406,18365500
2020-09-14,MU,Micron Technology,48.349998474121094,49.59000015258789,48.29999923706055,49.029998779296875,47.810977935791016,26715400
2020-09-15,MU,Micron Technology,49.369998931884766,49.65999984741211,48.70000076293945,49.04999923706055,47.83047866821289,14456000
2020-09-16,MU,Micron Technology,49.11000061035156,51.220001220703125,48.959999084472656,50.209999084472656,48.961639404296875,23542200
2020-09-17,MU,Micron Technology,49.15999984741211,51.290000915527344,48.810001373291016,50.97999954223633,49.71249771118164,20556900
2020-09-18,MU,Micron Technology,51.5,52.16999816894531,49.970001220703125,50.7400016784668,49.47846221923828,25549000
2020-09-21,MU,Micron Technology,49.61000061035156,49.779998779296875,47.88999938964844,49.150001525878906,47.92799377441406,21257500
2020-09-22,MU,Micron Technology,49.27000045776367,49.779998779296875,48.779998779296875,49.70000076293945,48.46431350708008,10845300
2020-09-23,MU,Micron Technology,51.0099983215332,51.61000061035156,49.63999938964844,49.849998474121094,48.61058807373047,19160000
2020-09-24,MU,Micron Technology,49.52000045776367,50.36000061035156,49.09000015258789,49.470001220703125,48.24003601074219,13842300
2020-09-25,MU,Micron Technology,49.56999969482422,49.599998474121094,47.779998779296875,49.13999938964844,47.91823196411133,17773000
2020-09-28,MU,Micron Technology,49.63999938964844,49.77000045776367,48.130001068115234,49.720001220703125,48.483821868896484,18904000
2020-09-29,MU,Micron Technology,49.709999084472656,51.380001068115234,49.59000015258789,50.709999084472656,49.44920349121094,35676600
2020-09-30,MU,Micron Technology,48.95000076293945,49.27000045776367,46.83000183105469,46.959999084472656,45.79243850708008,55392600
2020-10-01,MU,Micron Technology,47.099998474121094,48.18000030517578,47.04999923706055,47.91999816894531,46.72857666015625,24460000
2020-10-02,MU,Micron Technology,46.86000061035156,47.52000045776367,46.5,46.54999923706055,45.392635345458984,20277500
2020-10-05,MU,Micron Technology,46.9900016784668,47.72999954223633,46.97999954223633,47.599998474121094,46.41653823852539,16933700
2020-10-06,MU,Micron Technology,47.54999923706055,48.83000183105469,47.220001220703125,47.31999969482422,46.143497467041016,17926200
2020-10-07,MU,Micron Technology,48.41999816894531,49.0,48.31999969482422,48.40999984741211,47.206390380859375,13889300
2020-10-08,MU,Micron Technology,48.9900016784668,50.0,48.220001220703125,49.900001525878906,48.65935134887695,14569700
2020-10-09,MU,Micron Technology,50.2400016784668,50.599998474121094,49.310001373291016,49.88999938964844,48.649600982666016,13933700
2020-10-12,MU,Micron Technology,50.58000183105469,50.84000015258789,50.08000183105469,50.68000030517578,49.419952392578125,13108800
2020-10-13,MU,Micron Technology,51.88999938964844,52.75,51.63999938964844,51.849998474121094,50.56085968017578,22179400
2020-10-14,MU,Micron Technology,52.0099983215332,52.25,51.349998474121094,51.630001068115234,50.34633255004883,15899400
2020-10-15,MU,Micron Technology,50.7599983215332,51.970001220703125,50.31999969482422,51.939998626708984,50.64862060546875,14000600
2020-10-16,MU,Micron Technology,52.150001525878906,52.54999923706055,51.58000183105469,51.61000061035156,50.32683181762695,14225400
2020-10-19,MU,Micron Technology,51.970001220703125,54.0,51.29999923706055,52.630001068115234,51.32147979736328,24176200
2020-10-20,MU,Micron Technology,53.13999938964844,54.20000076293945,52.75,53.529998779296875,52.199092864990234,17343400
2020-10-21,MU,Micron Technology,53.29999923706055,53.959999084472656,53.18000030517578,53.310001373291016,51.98456573486328,12922200
2020-10-22,MU,Micron Technology,53.290000915527344,54.849998474121094,53.08000183105469,54.380001068115234,53.02796173095703,14842600
2020-10-23,MU,Micron Technology,54.09000015258789,54.119998931884766,52.380001068115234,52.849998474121094,51.53599548339844,16175700
2020-10-26,MU,Micron Technology,52.400001525878906,52.88999938964844,51.400001525878906,52.13999938964844,50.84365463256836,11678900
2020-10-27,MU,Micron Technology,52.029998779296875,52.31999969482422,51.540000915527344,51.959999084472656,50.668128967285156,8964800
2020-10-28,MU,Micron Technology,50.75,50.849998474121094,49.56999969482422,50.0,48.756866455078125,15463700
2020-10-29,MU,Micron Technology,49.709999084472656,50.90999984741211,49.380001068115234,50.47999954223633,49.22491455078125,12420700
2020-10-30,MU,Micron Technology,50.0099983215332,50.43000030517578,49.29999923706055,50.34000015258789,49.08840560913086,15955700
2020-11-02,MU,Micron Technology,50.790000915527344,50.790000915527344,49.439998626708984,49.709999084472656,48.47406005859375,13103200
2020-11-03,MU,Micron Technology,50.130001068115234,51.59000015258789,50.0099983215332,51.08000183105469,49.81000900268555,11429500
2020-11-04,MU,Micron Technology,51.72999954223633,52.5,50.93000030517578,51.959999084472656,50.668128967285156,13554400
2020-11-05,MU,Micron Technology,52.880001068115234,54.779998779296875,52.779998779296875,54.58000183105469,53.22298812866211,16373600
2020-11-06,MU,Micron Technology,54.459999084472656,55.40999984741211,54.33000183105469,55.15999984741211,53.7885627746582,13922600
2020-11-09,MU,Micron Technology,56.470001220703125,57.83000183105469,55.869998931884766,55.959999084472656,54.568660736083984,20968500
2020-11-10,MU,Micron Technology,55.130001068115234,55.939998626708984,54.36000061035156,55.40999984741211,54.032344818115234,14502100
2020-11-11,MU,Micron Technology,55.970001220703125,56.939998626708984,55.849998474121094,56.36000061035156,54.958736419677734,14765500
2020-11-12,MU,Micron Technology,56.599998474121094,56.970001220703125,55.88999938964844,56.25,54.851470947265625,13785600
2020-11-13,MU,Micron Technology,56.790000915527344,58.189998626708984,56.75,57.93000030517578,56.48969650268555,14318800
2020-11-16,MU,Micron Technology,59.720001220703125,61.90999984741211,59.61000061035156,61.86000061035156,60.32198715209961,31397200
2020-11-17,MU,Micron Technology,61.0,62.20000076293945,60.29999923706055,61.9900016784668,60.44876480102539,17703600
2020-11-18,MU,Micron Technology,61.5,62.040000915527344,60.630001068115234,60.7400016784668,59.229835510253906,18734500
2020-11-19,MU,Micron Technology,60.040000915527344,61.970001220703125,59.650001525878906,61.83000183105469,60.29273223876953,12723600
2020-11-20,MU,Micron Technology,61.47999954223633,62.63999938964844,61.349998474121094,61.400001525878906,59.873435974121094,14115700
2020-11-23,MU,Micron Technology,62.61000061035156,64.5,62.29999923706055,64.18000030517578,62.58430862426758,20612600
2020-11-24,MU,Micron Technology,64.29000091552734,64.29000091552734,62.88999938964844,63.95000076293945,62.36003112792969,22625600
2020-11-25,MU,Micron Technology,63.65999984741211,64.0,62.61000061035156,63.43000030517578,61.85294723510742,12468500
2020-11-27,MU,Micron Technology,63.83000183105469,64.80000305175781,63.5099983215332,64.2300033569336,62.6330680847168,7500200
2020-11-30,MU,Micron Technology,64.55999755859375,65.25,63.58000183105469,64.08999633789062,62.49653625488281,20373500
2020-12-01,MU,Micron Technology,65.25,68.62999725341797,65.13999938964844,67.08000183105469,65.4122085571289,36160400
2020-12-02,MU,Micron Technology,67.61000061035156,69.38999938964844,66.76000213623047,69.11000061035156,67.3917236328125,23298900
2020-12-03,MU,Micron Technology,70.56999969482422,71.12000274658203,69.55000305175781,69.9000015258789,68.16209411621094,20462300
2020-12-04,MU,Micron Technology,71.11000061035156,74.37999725341797,70.54000091552734,73.33999633789062,71.51655578613281,31860800
2020-12-07,MU,Micron Technology,73.29000091552734,73.4000015258789,71.4800033569336,72.61000061035156,70.80470275878906,17460600
2020-12-08,MU,Micron Technology,72.0,73.55000305175781,71.9800033569336,73.19000244140625,71.37029266357422,15431100
2020-12-09,MU,Micron Technology,73.1500015258789,74.61000061035156,70.77999877929688,71.41000366210938,69.63455200195312,18367300
2020-12-10,MU,Micron Technology,70.13999938964844,71.94999694824219,69.66999816894531,71.27999877929688,69.50775909423828,15610600
2020-12-11,MU,Micron Technology,70.37999725341797,71.31999969482422,69.4000015258789,70.52999877929688,68.77643585205078,15322000
2020-12-14,MU,Micron Technology,71.4000015258789,72.19999694824219,71.02999877929688,71.54000091552734,69.76131439208984,13573700
2020-12-15,MU,Micron Technology,72.80999755859375,73.37000274658203,72.33000183105469,73.1500015258789,71.33128356933594,11538300
2020-12-16,MU,Micron Technology,74.19000244140625,74.3499984741211,72.62999725341797,72.98999786376953,71.17523956298828,13889300
2020-12-17,MU,Micron Technology,73.58999633789062,73.73999786376953,71.76000213623047,72.26000213623047,70.46340942382812,11988100
2020-12-18,MU,Micron Technology,72.69999694824219,73.44999694824219,71.05999755859375,71.45999908447266,69.68330383300781,23912500
2020-12-21,MU,Micron Technology,70.0,71.69999694824219,69.6500015258789,71.47000122070312,69.69303894042969,13180400
2020-12-22,MU,Micron Technology,71.51000213623047,71.77999877929688,69.76000213623047,70.44000244140625,68.68866729736328,11154200
2020-12-23,MU,Micron Technology,70.47000122070312,71.05999755859375,69.88999938964844,69.94999694824219,68.21084594726562,8524000
2020-12-24,MU,Micron Technology,70.30999755859375,70.63999938964844,69.76000213623047,70.58000183105469,68.82520294189453,4848500
2020-12-28,MU,Micron Technology,71.79000091552734,72.11000061035156,70.47000122070312,70.66000366210938,68.9031982421875,8345200
2020-12-29,MU,Micron Technology,71.0,71.4000015258789,69.13999938964844,70.20999908447266,68.46437072753906,9403400
2020-12-30,MU,Micron Technology,70.41999816894531,72.6500015258789,70.37000274658203,71.91999816894531,70.1318588256836,11620300
2020-12-31,MU,Micron Technology,72.38999938964844,75.68000030517578,72.37000274658203,75.18000030517578,73.31080627441406,23214500
2021-01-04,MU,Micron Technology,76.4800033569336,78.61000061035156,73.75,74.05000305175781,72.20890045166016,31155900
2021-01-05,MU,Micron Technology,76.44000244140625,78.69000244140625,76.02999877929688,77.26000213623047,75.33910369873047,33418200
2021-01-06,MU,Micron Technology,76.36000061035156,78.44999694824219,76.0999984741211,77.11000061035156,75.19282531738281,22390900
2021-01-07,MU,Micron Technology,78.05999755859375,80.08000183105469,78.05000305175781,79.11000061035156,77.1430892944336,27945300
2021-01-08,MU,Micron Technology,82.54000091552734,84.16000366210938,77.06999969482422,77.41999816894531,75.4951171875,51272100
2021-01-11,MU,Micron Technology,76.58999633789062,79.79000091552734,76.41999816894531,78.66999816894531,76.71406555175781,19920800
2021-01-12,MU,Micron Technology,79.19000244140625,79.62000274658203,77.81999969482422,79.45999908447266,77.4843978881836,18231000
2021-01-13,MU,Micron Technology,78.94999694824219,80.38999938964844,78.55000305175781,79.91000366210938,77.92322540283203,15067700
2021-01-14,MU,Micron Technology,80.01000213623047,82.20999908447266,79.55000305175781,81.30000305175781,79.27865600585938,17639300
2021-01-15,MU,Micron Technology,80.91999816894531,81.87999725341797,79.52999877929688,80.72000122070312,78.71306610107422,14322600
2021-01-19,MU,Micron Technology,81.27999877929688,85.68000030517578,80.95999908447266,85.5,83.37422180175781,26602500
2021-01-20,MU,Micron Technology,85.93000030517578,87.25,83.2300033569336,83.5,81.42394256591797,21191700
2021-01-21,MU,Micron Technology,84.0,85.0999984741211,82.51000213623047,85.01000213623047,82.89641571044922,14696200
2021-01-22,MU,Micron Technology,84.08000183105469,84.94999694824219,82.2300033569336,82.27999877929688,80.23428344726562,14229500
2021-01-25,MU,Micron Technology,83.19000244140625,83.5,78.88999938964844,81.27999877929688,79.2591552734375,19283400
2021-01-26,MU,Micron Technology,81.79000091552734,81.9800033569336,79.01000213623047,79.51000213623047,77.53315734863281,13678000
2021-01-27,MU,Micron Technology,77.33000183105469,77.58999633789062,74.33000183105469,75.08999633789062,73.2230453491211,23513400
2021-01-28,MU,Micron Technology,77.19999694824219,80.18000030517578,76.72000122070312,78.38999938964844,76.4410171508789,18351400
2021-01-29,MU,Micron Technology,78.36000061035156,79.37000274658203,76.94999694824219,78.2699966430664,76.323974609375,17934400
2021-02-01,MU,Micron Technology,79.58999633789062,81.08999633789062,78.4800033569336,80.43000030517578,78.43026733398438,14900200
2021-02-02,MU,Micron Technology,81.26000213623047,81.73999786376953,79.91999816894531,81.62000274658203,79.59069061279297,11386200
2021-02-03,MU,Micron Technology,81.8499984741211,82.52999877929688,78.97000122070312,79.11000061035156,77.1430892944336,17456000
2021-02-04,MU,Micron Technology,79.1500015258789,81.33999633789062,78.95999908447266,81.25,79.22989654541016,11519700
2021-02-05,MU,Micron Technology,81.7699966430664,82.0199966430664,80.72000122070312,81.0999984741211,79.08363342285156,10958000
2021-02-08,MU,Micron Technology,81.75,84.05999755859375,81.63999938964844,84.01000213623047,81.92127227783203,12394800
2021-02-09,MU,Micron Technology,83.3499984741211,84.0,82.4000015258789,83.31999969482422,81.2484359741211,10362500
2021-02-10,MU,Micron Technology,84.0,84.44000244140625,81.30000305175781,82.3499984741211,80.30254364013672,9869200
2021-02-11,MU,Micron Technology,84.4000015258789,86.63999938964844,84.0,86.4800033569336,84.32987213134766,18750400
2021-02-12,MU,Micron Technology,86.11000061035156,88.31999969482422,85.45999908447266,88.01000213623047,85.82182312011719,14273900
2021-02-16,MU,Micron Technology,89.22000122070312,89.22000122070312,87.05000305175781,87.73999786376953,85.55852508544922,10312800
2021-02-17,MU,Micron Technology,86.69000244140625,87.31999969482422,84.9000015258789,86.05000305175781,83.91057586669922,10033500
2021-02-18,MU,Micron Technology,86.5199966430664,88.7300033569336,85.95999908447266,88.54000091552734,86.3386459350586,19168100
2021-02-19,MU,Micron Technology,90.25,91.48999786376953,88.80999755859375,90.95999908447266,88.69847106933594,21886500
2021-02-22,MU,Micron Technology,89.52999877929688,90.5199966430664,85.91999816894531,86.27999877929688,84.13481903076172,16077000
2021-02-23,MU,Micron Technology,85.23999786376953,89.19999694824219,82.44000244140625,88.2300033569336,86.03636932373047,23203200
2021-02-24,MU,Micron Technology,88.30000305175781,92.5999984741211,87.7300033569336,92.5199966430664,90.21968078613281,21281700
2021-02-25,MU,Micron Technology,91.5199966430664,93.0999984741211,87.58000183105469,88.12000274658203,85.92910766601562,22546200
2021-02-26,MU,Micron Technology,89.73999786376953,92.94000244140625,88.2300033569336,91.52999877929688,89.25431060791016,22787600
2021-03-01,MU,Micron Technology,94.54000091552734,95.75,92.56999969482422,94.76000213623047,92.40399932861328,19908900
2021-03-02,MU,Micron Technology,93.56999969482422,94.9000015258789,90.9000015258789,91.08999633789062,88.82524108886719,18679600
2021-03-03,MU,Micron Technology,90.56999969482422,93.33000183105469,88.38999938964844,89.11000061035156,86.89447784423828,26424100
2021-03-04,MU,Micron Technology,88.80999755859375,89.75,81.8499984741211,84.33000183105469,82.23332977294922,31971100
2021-03-05,MU,Micron Technology,87.52999877929688,89.31999969482422,83.30000305175781,88.93000030517578,86.71894836425781,30329100
2021-03-08,MU,Micron Technology,88.56999969482422,89.72000122070312,84.87000274658203,85.05000305175781,82.93539428710938,22708300
2021-03-09,MU,Micron Technology,88.0,90.18000030517578,86.30000305175781,89.30000305175781,87.07975769042969,22301400
2021-03-10,MU,Micron Technology,90.01000213623047,90.01000213623047,85.30999755859375,85.41000366210938,83.28646850585938,23407800
2021-03-11,MU,Micron Technology,87.58999633789062,90.22000122070312,86.8499984741211,89.30999755859375,87.0895004272461,20716500
2021-03-12,MU,Micron Technology,87.56999969482422,88.52999877929688,86.43000030517578,87.7699966430664,85.5877914428711,21916400
2021-03-15,MU,Micron Technology,87.7699966430664,88.91000366210938,86.13999938964844,88.8499984741211,86.64093780517578,16144400
2021-03-16,MU,Micron Technology,90.75,94.68000030517578,90.11000061035156,91.43000030517578,89.15678405761719,28539000
2021-03-17,MU,Micron Technology,91.33000183105469,95.48999786376953,90.0999984741211,94.76000213623047,92.40399932861328,24616700
2021-03-18,MU,Micron Technology,92.97000122070312,93.4800033569336,89.41000366210938,89.81999969482422,87.58682250976562,27081000
2021-03-19,MU,Micron Technology,90.36000061035156,92.68000030517578,88.88999938964844,90.51000213623047,88.25968933105469,24963400
2021-03-22,MU,Micron Technology,91.83000183105469,92.41999816894531,89.6500015258789,91.27999877929688,89.010498046875,19365800
2021-03-23,MU,Micron Technology,91.0199966430664,91.2699966430664,84.97000122070312,85.4000015258789,83.27671813964844,32043800
2021-03-24,MU,Micron Technology,87.05999755859375,87.1500015258789,82.91999816894531,83.0,80.9363784790039,24232800
2021-03-25,MU,Micron Technology,81.13999938964844,84.43000030517578,80.48999786376953,84.08999633789062,81.99928283691406,23630200
2021-03-26,MU,Micron Technology,84.16000366210938,88.13999938964844,84.02999877929688,87.98999786376953,85.80231475830078,23949100
2021-03-29,MU,Micron Technology,87.76000213623047,88.25,85.7699966430664,86.58999633789062,84.43712615966797,21772800
2021-03-30,MU,Micron Technology,86.26000213623047,87.22000122070312,85.25,86.54000091552734,84.38835906982422,13897000
2021-03-31,MU,Micron Technology,87.44000244140625,89.08000183105469,86.70999908447266,88.20999908447266,86.01683807373047,25372300
2021-04-01,MU,Micron Technology,93.0,94.37999725341797,91.25,92.41000366210938,90.1124267578125,39700600
2021-04-05,MU,Micron Technology,93.93000030517578,94.66999816894531,92.47000122070312,93.75,91.41911315917969,19795100
2021-04-06,MU,Micron Technology,93.83999633789062,96.0999984741211,92.66000366210938,93.48999786376953,91.16557312011719,22847000
2021-04-07,MU,Micron Technology,94.25,95.06999969482422,92.54000091552734,93.95999908447266,91.6238784790039,17621500
2021-04-08,MU,Micron Technology,95.0,96.38999938964844,93.77999877929688,95.29000091552734,92.92082214355469,17815600
2021-04-09,MU,Micron Technology,94.33999633789062,95.37999725341797,93.30999755859375,95.30000305175781,92.9305648803711,14080200
2021-04-12,MU,Micron Technology,95.19000244140625,96.95999908447266,94.75,95.58999633789062,93.2133560180664,18818300
2021-04-13,MU,Micron Technology,96.29000091552734,96.81999969482422,91.4000015258789,92.1500015258789,89.85887145996094,27102100
2021-04-14,MU,Micron Technology,91.66000366210938,92.52999877929688,89.51000213623047,90.66999816894531,88.41569519042969,19117400
2021-04-15,MU,Micron Technology,91.75,91.95999908447266,89.44999694824219,90.2699966430664,88.02564239501953,16017000
2021-04-16,MU,Micron Technology,90.44000244140625,91.33000183105469,90.08000183105469,90.66000366210938,88.40594482421875,12358700
2021-04-19,MU,Micron Technology,90.66999816894531,90.68000030517578,86.5199966430664,88.41000366210938,86.21187591552734,21361600
2021-04-20,MU,Micron Technology,88.37999725341797,88.94999694824219,86.52999877929688,87.4800033569336,85.30500793457031,17396900
2021-04-21,MU,Micron Technology,87.05999755859375,89.55999755859375,86.33000183105469,89.48999786376953,87.26502990722656,14781300
2021-04-22,MU,Micron Technology,88.19999694824219,88.36000061035156,83.9000015258789,84.70999908447266,82.60387420654297,34044100
2021-04-23,MU,Micron Technology,85.23999786376953,86.45999908447266,84.56999969482422,86.02999877929688,83.89105987548828,18118600
2021-04-26,MU,Micron Technology,86.47000122070312,88.30000305175781,86.11000061035156,87.83999633789062,85.65603637695312,14757700
2021-04-27,MU,Micron Technology,89.33000183105469,90.19000244140625,88.02999877929688,89.45999908447266,87.23575592041016,17681000
2021-04-28,MU,Micron Technology,87.66000366210938,87.76000213623047,85.3499984741211,86.02999877929688,83.89105987548828,19433500
2021-04-29,MU,Micron Technology,87.72000122070312,88.08999633789062,85.55000305175781,88.05999755859375,85.87059020996094,16463300
2021-04-30,MU,Micron Technology,86.93000030517578,88.4800033569336,85.55999755859375,86.06999969482422,83.9300537109375,14548100
2021-05-03,MU,Micron Technology,86.97000122070312,87.01000213623047,83.87000274658203,85.0199966430664,82.9061508178711,16300400
2021-05-04,MU,Micron Technology,84.13999938964844,85.44000244140625,82.02999877929688,84.41000366210938,82.31132507324219,17850500
2021-05-05,MU,Micron Technology,85.48999786376953,85.94999694824219,84.02999877929688,85.1500015258789,83.0329360961914,13172100
2021-05-06,MU,Micron Technology,84.87000274658203,85.12000274658203,83.27999877929688,84.80000305175781,82.69164276123047,13716900
2021-05-07,MU,Micron Technology,85.91000366210938,86.31999969482422,84.98999786376953,85.9800033569336,83.84231567382812,12746100
2021-05-10,MU,Micron Technology,84.94999694824219,85.0,80.80000305175781,80.8499984741211,78.83983612060547,24862900
2021-05-11,MU,Micron Technology,77.2699966430664,80.76000213623047,76.81999969482422,80.68000030517578,78.674072265625,23227800
2021-05-12,MU,Micron Technology,79.13999938964844,79.97000122070312,76.41000366210938,76.80000305175781,74.89054107666016,23472600
2021-05-13,MU,Micron Technology,77.97000122070312,78.86000061035156,76.52999877929688,77.19000244140625,75.27084350585938,20153800
2021-05-14,MU,Micron Technology,78.79000091552734,80.1500015258789,77.08000183105469,79.69999694824219,77.71842956542969,18241100
2021-05-17,MU,Micron Technology,79.0999984741211,80.41999816894531,77.72000122070312,80.38999938964844,78.3912582397461,15011500
2021-05-18,MU,Micron Technology,80.55000305175781,80.91999816894531,78.80000305175781,78.87999725341797,76.91883087158203,20893800
2021-05-19,MU,Micron Technology,77.20999908447266,80.2699966430664,76.16000366210938,79.93000030517578,77.94273376464844,27300000
2021-05-20,MU,Micron Technology,80.5,81.48999786376953,79.5199966430664,81.12999725341797,79.11286163330078,17123000
2021-05-21,MU,Micron Technology,81.7699966430664,81.98999786376953,80.37000274658203,80.72000122070312,78.71306610107422,13076900
2021-05-24,MU,Micron Technology,81.41999816894531,83.62000274658203,81.36000061035156,82.9000015258789,80.83888244628906,15730400
2021-05-25,MU,Micron Technology,83.56999969482422,83.70999908447266,79.70999908447266,81.2300033569336,79.21041107177734,26272100
2021-05-26,MU,Micron Technology,81.58000183105469,82.44000244140625,81.0199966430664,82.23999786376953,80.1952896118164,12609800
2021-05-27,MU,Micron Technology,82.45999908447266,84.75,82.33000183105469,83.93000030517578,81.84327697753906,22286500
2021-05-28,MU,Micron Technology,84.22000122070312,84.7300033569336,83.22000122070312,84.13999938964844,82.04804992675781,11330300
2021-06-01,MU,Micron Technology,84.91999816894531,85.76000213623047,83.62000274658203,84.1500015258789,82.05779266357422,11067200
2021-06-02,MU,Micron Technology,84.38999938964844,84.81999969482422,83.44999694824219,84.33999633789062,82.24305725097656,10314200
2021-06-03,MU,Micron Technology,83.68000030517578,84.06999969482422,81.88999938964844,82.02999877929688,79.9905014038086,14742100
2021-06-04,MU,Micron Technology,82.97000122070312,84.37000274658203,82.8499984741211,83.76000213623047,81.677490234375,12591100
2021-06-07,MU,Micron Technology,83.19000244140625,84.2300033569336,82.6500015258789,84.04000091552734,81.95053100585938,9006400
2021-06-08,MU,Micron Technology,84.97000122070312,84.9800033569336,80.01000213623047,80.52999877929688,78.5278091430664,29666500
2021-06-09,MU,Micron Technology,80.16999816894531,80.55999755859375,78.5199966430664,78.66000366210938,76.70427703857422,21434900
2021-06-10,MU,Micron Technology,79.4000015258789,80.83999633789062,78.52999877929688,79.27999877929688,77.30888366699219,22683300
2021-06-11,MU,Micron Technology,80.06999969482422,80.76000213623047,79.20999908447266,79.33999633789062,77.36738586425781,12675700
2021-06-14,MU,Micron Technology,79.5,80.94000244140625,79.37000274658203,80.48999786376953,78.4887924194336,14303000
2021-06-15,MU,Micron Technology,80.63999938964844,82.91000366210938,79.91999816894531,82.18000030517578,80.13677215576172,22308600
2021-06-16,MU,Micron Technology,82.7300033569336,83.11000061035156,80.12000274658203,80.48999786376953,78.4887924194336,18116400
2021-06-17,MU,Micron Technology,79.69999694824219,81.44000244140625,79.36000061035156,80.63999938964844,78.63505554199219,16003900
2021-06-18,MU,Micron Technology,78.9000015258789,79.27999877929688,76.12999725341797,76.94999694824219,75.03679656982422,39881500
2021-06-21,MU,Micron Technology,76.8499984741211,77.29000091552734,75.70999908447266,77.06999969482422,75.1538314819336,19810100
2021-06-22,MU,Micron Technology,77.61000061035156,78.27999877929688,77.05000305175781,77.66000366210938,75.72917175292969,16771800
2021-06-23,MU,Micron Technology,78.0999984741211,79.87000274658203,78.06999969482422,79.0199966430664,77.05534362792969,16662200
2021-06-24,MU,Micron Technology,80.43000030517578,80.9000015258789,79.91999816894531,80.58000183105469,78.5765609741211,15721000
2021-06-25,MU,Micron Technology,81.56999969482422,82.83999633789062,81.08999633789062,82.02999877929688,79.9905014038086,19603800
2021-06-28,MU,Micron Technology,82.62999725341797,83.5999984741211,82.16000366210938,83.37999725341797,81.30693054199219,18365500
2021-06-29,MU,Micron Technology,83.54000091552734,83.83999633789062,81.87000274658203,82.93000030517578,80.86811828613281,18530800
2021-06-30,MU,Micron Technology,84.8499984741211,85.4000015258789,83.43000030517578,84.9800033569336,82.86715698242188,40670800
2021-07-01,MU,Micron Technology,82.23999786376953,82.25,79.91000366210938,80.11000061035156,78.11824035644531,53299000
2021-07-02,MU,Micron Technology,80.61000061035156,80.88999938964844,78.88999938964844,80.33000183105469,78.33277893066406,22685500
2021-07-06,MU,Micron Technology,80.79000091552734,81.54000091552734,79.76000213623047,81.08000183105469,79.06413269042969,21126500
2021-07-07,MU,Micron Technology,81.69000244140625,81.80999755859375,77.94999694824219,78.22000122070312,76.27523803710938,23026900
2021-07-08,MU,Micron Technology,76.25,77.87999725341797,75.95999908447266,77.11000061035156,75.19282531738281,23114500
2021-07-09,MU,Micron Technology,77.41000366210938,78.94999694824219,76.7300033569336,78.73999786376953,76.78229522705078,15441100
2021-07-12,MU,Micron Technology,78.75,79.7300033569336,77.70999908447266,79.55999755859375,77.5819091796875,12639300
2021-07-13,MU,Micron Technology,79.27999877929688,79.5,78.0999984741211,78.44999694824219,76.49950408935547,14263400
2021-07-14,MU,Micron Technology,79.3499984741211,80.76000213623047,78.31999969482422,78.48999786376953,76.53849792480469,15952300
2021-07-15,MU,Micron Technology,78.33999633789062,78.45999908447266,76.33999633789062,76.91999816894531,75.00755310058594,16616800
2021-07-16,MU,Micron Technology,77.16000366210938,77.61000061035156,74.83999633789062,75.01000213623047,73.14501953125,19132100
2021-07-19,MU,Micron Technology,73.83999633789062,74.68000030517578,73.19999694824219,74.58000183105469,72.7257308959961,23436900
2021-07-20,MU,Micron Technology,74.66000366210938,75.91999816894531,73.7699966430664,75.38999938964844,73.51559448242188,14855800
2021-07-21,MU,Micron Technology,75.3499984741211,77.23999786376953,75.33999633789062,77.19000244140625,75.27084350585938,15945800
2021-07-22,MU,Micron Technology,76.2300033569336,76.25,74.45999908447266,75.52999877929688,73.65210723876953,19042200
2021-07-23,MU,Micron Technology,75.93000030517578,76.04000091552734,74.9000015258789,75.94000244140625,74.05191802978516,12345200
2021-07-26,MU,Micron Technology,75.80999755859375,77.4800033569336,75.51000213623047,76.30000305175781,74.4029769897461,12023900
2021-07-27,MU,Micron Technology,74.79000091552734,74.79000091552734,72.51000213623047,74.22000122070312,72.37468719482422,23940500
2021-07-28,MU,Micron Technology,74.55000305175781,76.01000213623047,74.37999725341797,75.55000305175781,73.671630859375,14348300
2021-07-29,MU,Micron Technology,76.08000183105469,77.12000274658203,75.94999694824219,77.08000183105469,75.16358184814453,14529400
2021-07-30,MU,Micron Technology,76.12999725341797,78.11000061035156,76.05999755859375,77.58000183105469,75.65115356445312,12528900
2021-08-02,MU,Micron Technology,79.04000091552734,79.48999786376953,77.47000122070312,77.63999938964844,75.70964813232422,14904200
2021-08-03,MU,Micron Technology,78.87000274658203,81.06999969482422,77.94000244140625,80.86000061035156,78.84957885742188,25807600
2021-08-04,MU,Micron Technology,80.44999694824219,83.08999633789062,79.54000091552734,81.9800033569336,79.94175720214844,29176900
2021-08-05,MU,Micron Technology,82.13999938964844,83.06999969482422,81.16000366210938,81.48999786376953,79.46392059326172,14821000
2021-08-06,MU,Micron Technology,81.19999694824219,82.87999725341797,81.05000305175781,82.0,79.96124267578125,14612600
2021-08-09,MU,Micron Technology,81.7300033569336,82.04000091552734,80.08000183105469,80.20999908447266,78.21577453613281,13363300
2021-08-10,MU,Micron Technology,79.81999969482422,79.81999969482422,75.7699966430664,75.91000366210938,74.02268981933594,40705000
2021-08-11,MU,Micron Technology,76.04000091552734,76.05000305175781,73.72000122070312,75.02999877929688,73.16454315185547,31624900
2021-08-12,MU,Micron Technology,72.18000030517578,72.19999694824219,68.80999755859375,70.25,68.50340270996094,72492400
2021-08-13,MU,Micron Technology,70.05000305175781,71.23999786376953,69.87999725341797,70.91999816894531,69.1567153930664,25301400
2021-08-16,MU,Micron Technology,70.19999694824219,71.76000213623047,69.91999816894531,70.93000030517578,69.16648864746094,18135900
2021-08-17,MU,Micron Technology,70.16999816894531,71.44999694824219,69.61000061035156,70.77999877929688,69.02020263671875,17545800
2021-08-18,MU,Micron Technology,71.25,71.87999725341797,70.58000183105469,70.62000274658203,68.86419677734375,14004300
2021-08-19,MU,Micron Technology,70.13999938964844,70.81999969482422,69.04000091552734,70.27999877929688,68.53264617919922,18022600
2021-08-20,MU,Micron Technology,70.13999938964844,71.02999877929688,69.58000183105469,70.2300033569336,68.48388671875,14603100
2021-08-23,MU,Micron Technology,70.83999633789062,71.87999725341797,68.9000015258789,71.73999786376953,69.95633697509766,22265000
2021-08-24,MU,Micron Technology,72.13999938964844,72.69000244140625,71.69000244140625,71.9800033569336,70.19036865234375,18092700
2021-08-25,MU,Micron Technology,72.79000091552734,77.02999877929688,72.18000030517578,74.04000091552734,72.19915008544922,36552100
2021-08-26,MU,Micron Technology,73.2300033569336,73.23999786376953,71.69999694824219,72.7699966430664,70.96073150634766,20315100
2021-08-27,MU,Micron Technology,72.45999908447266,74.1500015258789,72.1500015258789,74.0,72.16014099121094,14994200
2021-08-30,MU,Micron Technology,74.12000274658203,74.75,72.83000183105469,73.16000366210938,71.34103393554688,12810700
2021-08-31,MU,Micron Technology,73.68000030517578,74.62000274658203,73.31999969482422,73.69999694824219,71.86759948730469,14807400
2021-09-01,MU,Micron Technology,74.31999969482422,74.31999969482422,73.0199966430664,73.72000122070312,71.88711547851562,14007100
2021-09-02,MU,Micron Technology,73.20999908447266,74.01000213623047,72.30999755859375,73.98999786376953,72.15039825439453,14803300
2021-09-03,MU,Micron Technology,74.0,74.72000122070312,73.5999984741211,73.80999755859375,71.97486114501953,9222500
2021-09-07,MU,Micron Technology,73.76000213623047,74.48999786376953,73.16000366210938,73.63999938964844,71.8091049194336,12028400
2021-09-08,MU,Micron Technology,73.19999694824219,73.23999786376953,71.11000061035156,72.2699966430664,70.47315216064453,17375500
2021-09-09,MU,Micron Technology,71.62999725341797,73.2699966430664,71.41999816894531,72.87000274658203,71.05823516845703,14638100
2021-09-10,MU,Micron Technology,73.7699966430664,75.62999725341797,73.45999908447266,73.5,71.67259216308594,18240600
2021-09-13,MU,Micron Technology,74.55999755859375,75.22000122070312,73.5199966430664,74.3499984741211,72.50145721435547,15796700
2021-09-14,MU,Micron Technology,73.79000091552734,74.12000274658203,72.91000366210938,73.48999786376953,71.66282653808594,13945100
2021-09-15,MU,Micron Technology,72.94999694824219,73.93000030517578,71.76000213623047,73.81999969482422,71.98462677001953,15258800
2021-09-16,MU,Micron Technology,73.30000305175781,74.95999908447266,72.77999877929688,74.62999725341797,72.77446746826172,12867700
2021-09-17,MU,Micron Technology,74.41000366210938,74.5,73.31999969482422,74.30000305175781,72.45269775390625,20449600
2021-09-20,MU,Micron Technology,72.5999984741211,72.76000213623047,71.19000244140625,72.37000274658203,70.57068634033203,23228300
2021-09-21,MU,Micron Technology,72.91999816894531,73.12999725341797,71.66000366210938,72.13999938964844,70.34639739990234,16026800
2021-09-22,MU,Micron Technology,73.04000091552734,74.58000183105469,72.63999938964844,73.97000122070312,72.13089752197266,16996100
2021-09-23,MU,Micron Technology,73.61000061035156,74.79000091552734,73.25,74.04000091552734,72.19915008544922,17304500
2021-09-24,MU,Micron Technology,73.30000305175781,74.5,73.06999969482422,74.05000305175781,72.20890045166016,14804300
2021-09-27,MU,Micron Technology,73.6500015258789,75.87999725341797,73.51000213623047,75.18000030517578,73.31080627441406,18435200
2021-09-28,MU,Micron Technology,74.5,74.98999786376953,73.05999755859375,73.0999984741211,71.28250885009766,27311500
2021-09-29,MU,Micron Technology,71.16000366210938,73.31999969482422,70.22000122070312,71.63999938964844,69.85881805419922,38169200
2021-09-30,MU,Micron Technology,72.19999694824219,72.5999984741211,70.86000061035156,70.9800033569336,69.3119888305664,16923300
2021-10-01,MU,Micron Technology,71.33999633789062,71.56999969482422,70.0999984741211,70.98999786376953,69.3217544555664,17813800
2021-10-04,MU,Micron Technology,70.5999984741211,71.56999969482422,70.36000061035156,70.62000274658203,68.96044921875,19525700
2021-10-05,MU,Micron Technology,71.20999908447266,71.20999908447266,69.61000061035156,70.5,68.84325408935547,14512100
2021-10-06,MU,Micron Technology,69.80000305175781,70.37999725341797,69.02999877929688,69.94000244140625,68.29644012451172,17899300
2021-10-07,MU,Micron Technology,70.4000015258789,71.66999816894531,70.12000274658203,70.54000091552734,68.88233947753906,15236100
2021-10-08,MU,Micron Technology,70.93000030517578,70.94000244140625,69.69999694824219,70.12000274658203,68.47220611572266,13666200
2021-10-11,MU,Micron Technology,69.9000015258789,70.36000061035156,69.18000030517578,69.22000122070312,67.59334564208984,12700200
2021-10-12,MU,Micron Technology,69.38999938964844,69.43000030517578,65.66999816894531,66.72000122070312,65.152099609375,36911700
2021-10-13,MU,Micron Technology,66.73999786376953,67.41999816894531,66.2300033569336,66.37999725341797,64.82008361816406,17532400
2021-10-14,MU,Micron Technology,67.27999877929688,68.08000183105469,66.80999755859375,67.80000305175781,66.20670318603516,15541600
2021-10-15,MU,Micron Technology,68.08999633789062,68.45999908447266,67.4800033569336,67.68000030517578,66.08954620361328,11786100
2021-10-18,MU,Micron Technology,67.01000213623047,67.62999725341797,66.29000091552734,67.26000213623047,65.67938995361328,11849300
2021-10-19,MU,Micron Technology,67.37000274658203,67.88999938964844,66.63999938964844,67.56999969482422,65.98211669921875,16930300
2021-10-20,MU,Micron Technology,67.19999694824219,69.19999694824219,67.01000213623047,68.2699966430664,66.66565704345703,19457800
2021-10-21,MU,Micron Technology,67.94999694824219,68.69999694824219,67.66999816894531,68.63999938964844,67.0269775390625,11140700
2021-10-22,MU,Micron Technology,68.51000213623047,69.08999633789062,67.08000183105469,67.51000213623047,65.92353820800781,17892100
2021-10-25,MU,Micron Technology,69.62000274658203,71.12000274658203,68.54000091552734,68.76000213623047,67.14414978027344,23341300
2021-10-26,MU,Micron Technology,69.37000274658203,69.81999969482422,68.47000122070312,68.94000244140625,67.31993103027344,14267900
2021-10-27,MU,Micron Technology,68.5199966430664,68.69000244140625,67.44999694824219,68.23999786376953,66.6363754272461,13541900
2021-10-28,MU,Micron Technology,69.29000091552734,70.3499984741211,69.18000030517578,69.58000183105469,67.94488525390625,16966000
2021-10-29,MU,Micron Technology,68.38999938964844,69.55000305175781,68.04000091552734,69.0999984741211,67.4761734008789,11440900
2021-11-01,MU,Micron Technology,68.97000122070312,70.97000122070312,68.94000244140625,70.69999694824219,69.03857421875,11988400
2021-11-02,MU,Micron Technology,70.48999786376953,70.8499984741211,70.04000091552734,70.76000213623047,69.09716033935547,9761100
2021-11-03,MU,Micron Technology,70.72000122070312,71.33000183105469,70.26000213623047,71.25,69.57565307617188,10266900
2021-11-04,MU,Micron Technology,72.37000274658203,72.4800033569336,71.04000091552734,72.23999786376953,70.5423812866211,15936600
2021-11-05,MU,Micron Technology,73.0,73.73999786376953,72.36000061035156,72.91999816894531,71.20640563964844,13019300
2021-11-08,MU,Micron Technology,73.31999969482422,75.02999877929688,73.12000274658203,74.55999755859375,72.80785369873047,18742300
2021-11-09,MU,Micron Technology,75.0999984741211,76.2699966430664,74.55999755859375,75.58999633789062,73.81364440917969,20127300
2021-11-10,MU,Micron Technology,74.16000366210938,75.1500015258789,73.19999694824219,73.41000366210938,71.68486785888672,15228300
2021-11-11,MU,Micron Technology,74.0199966430664,74.95999908447266,73.62000274658203,74.55000305175781,72.79808044433594,12192600
2021-11-12,MU,Micron Technology,75.0199966430664,78.0199966430664,74.94999694824219,77.30000305175781,75.48348236083984,26553200
2021-11-15,MU,Micron Technology,77.76000213623047,78.27999877929688,76.5999984741211,76.77999877929688,74.97570037841797,12650700
2021-11-16,MU,Micron Technology,76.55999755859375,77.1500015258789,75.77999877929688,76.80999755859375,75.00498962402344,11807600
2021-11-17,MU,Micron Technology,76.4800033569336,76.56999969482422,75.19000244140625,75.45999908447266,73.68671417236328,11600500
2021-11-18,MU,Micron Technology,76.9000015258789,77.5,75.75,77.0199966430664,75.21004486083984,16848200
2021-11-19,MU,Micron Technology,78.93000030517578,83.86000061035156,78.93000030517578,83.02999877929688,81.07881164550781,47216100
2021-11-22,MU,Micron Technology,83.66000366210938,87.66999816894531,83.66000366210938,83.86000061035156,81.88931274414062,34775200
2021-11-23,MU,Micron Technology,85.04000091552734,87.70999908447266,84.33000183105469,85.41000366210938,83.40288543701172,31823300
2021-11-24,MU,Micron Technology,84.75,87.16000366210938,84.61000061035156,86.20999908447266,84.18407440185547,21666100
2021-11-26,MU,Micron Technology,83.12999725341797,84.05000305175781,81.9800033569336,83.41999816894531,81.45963287353516,16487200
2021-11-29,MU,Micron Technology,84.37999725341797,86.2699966430664,84.16000366210938,86.13999938964844,84.11573028564453,18889800
2021-11-30,MU,Micron Technology,85.58000183105469,86.91999816894531,83.94999694824219,84.0,82.02601623535156,27301000
2021-12-01,MU,Micron Technology,86.55000305175781,89.05000305175781,85.0,85.1500015258789,83.14900207519531,31633400
2021-12-02,MU,Micron Technology,82.62999725341797,83.58999633789062,81.3499984741211,82.87999725341797,80.93232727050781,22994500
2021-12-03,MU,Micron Technology,83.70999908447266,84.43000030517578,80.63999938964844,81.62000274658203,79.70193481445312,19167200
2021-12-06,MU,Micron Technology,81.83000183105469,83.2300033569336,80.52999877929688,82.44999694824219,80.51244354248047,15094900
2021-12-07,MU,Micron Technology,84.41999816894531,87.04000091552734,84.33000183105469,85.83000183105469,83.81303405761719,21716900
2021-12-08,MU,Micron Technology,85.44000244140625,86.33999633789062,84.02999877929688,86.0199966430664,83.99856567382812,12908500
2021-12-09,MU,Micron Technology,85.30000305175781,86.54000091552734,84.62999725341797,84.93000030517578,82.93418884277344,11964300
2021-12-10,MU,Micron Technology,84.33999633789062,85.68000030517578,84.12999725341797,85.54000091552734,83.52983093261719,11955900
2021-12-13,MU,Micron Technology,86.61000061035156,87.37999725341797,84.19999694824219,84.3499984741211,82.3677978515625,13054400
2021-12-14,MU,Micron Technology,83.22000122070312,84.7699966430664,82.91000366210938,83.29000091552734,81.33270263671875,12082500
2021-12-15,MU,Micron Technology,83.4800033569336,85.79000091552734,82.05999755859375,85.66000366210938,83.64701080322266,13971500
2021-12-16,MU,Micron Technology,85.87999725341797,86.31999969482422,82.12999725341797,82.69000244140625,80.74681854248047,16503200
2021-12-17,MU,Micron Technology,81.62000274658203,83.29000091552734,80.94000244140625,83.0,81.04951477050781,23165900
2021-12-20,MU,Micron Technology,82.13999938964844,83.25,80.91000366210938,82.02999877929688,80.102294921875,22346800
2021-12-21,MU,Micron Technology,88.98999786376953,91.13999938964844,87.3499984741211,90.68000030517578,88.54904174804688,58363600
2021-12-22,MU,Micron Technology,90.0,90.4800033569336,88.91999816894531,90.33999633789062,88.21703338623047,18593900
2021-12-23,MU,Micron Technology,90.69999694824219,95.0,90.3499984741211,94.41999816894531,92.20115661621094,36400100
2021-12-27,MU,Micron Technology,93.72000122070312,94.93000030517578,92.7300033569336,94.43000030517578,92.21092224121094,17110100
2021-12-28,MU,Micron Technology,93.75,93.88999938964844,92.05999755859375,92.94000244140625,90.75593566894531,13683800
2021-12-29,MU,Micron Technology,94.0,96.75,93.91000366210938,96.16999816894531,93.91002655029297,32234600
2021-12-30,MU,Micron Technology,94.4000015258789,95.51000213623047,93.43000030517578,93.88999938964844,91.6836166381836,19327800
2021-12-31,MU,Micron Technology,94.0,94.41999816894531,93.02999877929688,93.1500015258789,91.05797576904297,13660600
2022-01-03,MU,Micron Technology,93.91000366210938,95.83999633789062,93.4800033569336,95.75,93.59959411621094,18705500
2022-01-04,MU,Micron Technology,95.5999984741211,96.58999633789062,93.54000091552734,96.33999633789062,94.17632293701172,19725000
2022-01-05,MU,Micron Technology,95.37999725341797,98.44999694824219,94.3499984741211,94.4000015258789,92.2799072265625,28613100
2022-01-06,MU,Micron Technology,95.0999984741211,96.70999908447266,94.12000274658203,95.6500015258789,93.5018310546875,22320300
2022-01-07,MU,Micron Technology,96.08999633789062,97.19000244140625,93.94000244140625,94.44999694824219,92.32878112792969,14857900
2022-01-10,MU,Micron Technology,94.26000213623047,95.66999816894531,91.04000091552734,93.88999938964844,91.7813491821289,20290000
2022-01-11,MU,Micron Technology,92.45999908447266,94.2699966430664,91.6500015258789,94.19999694824219,92.08440399169922,14924900
2022-01-12,MU,Micron Technology,95.16000366210938,96.2300033569336,93.77999877929688,95.11000061035156,92.97396850585938,13339200
2022-01-13,MU,Micron Technology,96.5,98.11000061035156,95.30000305175781,95.62000274658203,93.47252655029297,23679800
2022-01-14,MU,Micron Technology,94.44000244140625,97.43000030517578,94.4000015258789,97.36000061035156,95.17343139648438,18385000
2022-01-18,MU,Micron Technology,95.52999877929688,95.94999694824219,92.54000091552734,92.87000274658203,90.78427124023438,19900500
2022-01-19,MU,Micron Technology,93.72000122070312,94.77999877929688,89.7699966430664,90.0,87.97872924804688,19043800
2022-01-20,MU,Micron Technology,90.27999877929688,90.33000183105469,84.93000030517578,85.06999969482422,83.15946197509766,24701300
2022-01-21,MU,Micron Technology,84.22000122070312,85.13999938964844,81.5199966430664,81.93000030517578,80.08997344970703,29716300
2022-01-24,MU,Micron Technology,80.2699966430664,83.04000091552734,77.63999938964844,82.94999694824219,81.0870361328125,29757100
2022-01-25,MU,Micron Technology,80.91999816894531,82.41999816894531,79.6500015258789,80.72000122070312,78.90714263916016,22128400
2022-01-26,MU,Micron Technology,83.25,84.79000091552734,80.61000061035156,81.97000122070312,80.12905883789062,21018700
2022-01-27,MU,Micron Technology,83.51000213623047,83.69999694824219,78.38999938964844,78.72000122070312,76.95207977294922,22694000
2022-01-28,MU,Micron Technology,77.37000274658203,79.27999877929688,75.5199966430664,79.2699966430664,77.48971557617188,24434600
2022-01-31,MU,Micron Technology,78.95999908447266,82.30999755859375,78.0199966430664,82.2699966430664,80.42233276367188,21898200
2022-02-01,MU,Micron Technology,82.19999694824219,82.38999938964844,80.41999816894531,81.44999694824219,79.62074279785156,15237400
2022-02-02,MU,Micron Technology,82.91999816894531,84.69999694824219,82.54000091552734,84.51000213623047,82.6120376586914,19862800
2022-02-03,MU,Micron Technology,82.66999816894531,85.18000030517578,81.70999908447266,81.97000122070312,80.12905883789062,19598200
2022-02-04,MU,Micron Technology,81.22000122070312,82.19000244140625,79.83999633789062,81.16999816894531,79.34703826904297,15657500
2022-02-07,MU,Micron Technology,81.36000061035156,82.04000091552734,80.4800033569336,80.87000274658203,79.05377197265625,11799800
2022-02-08,MU,Micron Technology,81.1500015258789,84.4000015258789,81.0,84.12000274658203,82.23080444335938,18315700
2022-02-09,MU,Micron Technology,84.5999984741211,88.77999877929688,83.55999755859375,88.12000274658203,86.14096069335938,22386900
2022-02-10,MU,Micron Technology,89.19000244140625,94.63999938964844,88.4800033569336,91.0199966430664,88.97579193115234,33820700
2022-02-11,MU,Micron Technology,91.27999877929688,94.58000183105469,88.94999694824219,89.76000213623047,87.7441177368164,31000000
2022-02-14,MU,Micron Technology,91.98999786376953,93.16999816894531,88.70999908447266,89.86000061035156,87.84187316894531,23499100
2022-02-15,MU,Micron Technology,91.01000213623047,96.5,91.01000213623047,96.0,93.84396362304688,27069700
2022-02-16,MU,Micron Technology,94.44000244140625,96.48999786376953,93.56999969482422,96.05999755859375,93.9026107788086,15573600
2022-02-17,MU,Micron Technology,95.04000091552734,96.0,93.48999786376953,93.7300033569336,91.62495422363281,17943300
2022-02-18,MU,Micron Technology,94.52999877929688,94.68000030517578,88.9000015258789,90.80000305175781,88.76075744628906,19530500
2022-02-22,MU,Micron Technology,89.83999633789062,93.97000122070312,88.66999816894531,90.56999969482422,88.53594207763672,24825700
2022-02-23,MU,Micron Technology,91.47000122070312,91.87000274658203,87.06999969482422,87.30999755859375,85.34912872314453,19135400
2022-02-24,MU,Micron Technology,84.12999725341797,88.94000244140625,83.79000091552734,88.83000183105469,86.83500671386719,24472300
2022-02-25,MU,Micron Technology,87.95999908447266,90.4800033569336,87.27999877929688,90.0999984741211,88.07647705078125,15008700
2022-02-28,MU,Micron Technology,88.44999694824219,89.75,87.16000366210938,88.86000061035156,86.86433410644531,17269800
2022-03-01,MU,Micron Technology,88.55999755859375,89.83999633789062,84.66000366210938,86.26000213623047,84.3227310180664,20794800
2022-03-02,MU,Micron Technology,87.16999816894531,94.06999969482422,87.02999877929688,93.30000305175781,91.20460510253906,28398700
2022-03-03,MU,Micron Technology,91.62000274658203,92.19000244140625,88.38999938964844,89.18000030517578,87.1771469116211,22099800
2022-03-04,MU,Micron Technology,87.41999816894531,87.41999816894531,80.5199966430664,81.91000366210938,80.07040405273438,28211500
2022-03-07,MU,Micron Technology,81.76000213623047,82.97000122070312,75.62999725341797,75.69999694824219,73.9998779296875,26715500
2022-03-08,MU,Micron Technology,76.25,80.25,73.93000030517578,77.16000366210938,75.42709350585938,28343200
2022-03-09,MU,Micron Technology,79.97000122070312,80.48999786376953,77.54000091552734,79.44000244140625,77.65589141845703,19647900
2022-03-10,MU,Micron Technology,77.73999786376953,77.73999786376953,73.80999755859375,75.72000122070312,74.01942443847656,21692000
2022-03-11,MU,Micron Technology,76.66000366210938,76.69999694824219,72.63999938964844,72.81999969482422,71.18458557128906,22786500
2022-03-14,MU,Micron Technology,71.75,72.4800033569336,68.95999908447266,69.4000015258789,67.84136199951172,24893400
2022-03-15,MU,Micron Technology,70.05000305175781,73.52999877929688,68.33999633789062,73.11000061035156,71.46806335449219,22851000
2022-03-16,MU,Micron Technology,76.47000122070312,79.70999908447266,76.1500015258789,79.66999816894531,77.88072204589844,35742800
2022-03-17,MU,Micron Technology,78.19999694824219,80.58000183105469,77.19999694824219,80.5199966430664,78.71163177490234,21612200
2022-03-18,MU,Micron Technology,79.0999984741211,81.19999694824219,78.05999755859375,79.41000366210938,77.6265640258789,28601200
2022-03-21,MU,Micron Technology,78.98999786376953,79.88999938964844,75.52999877929688,78.3499984741211,76.59037780761719,30878200
2022-03-22,MU,Micron Technology,77.69999694824219,79.7300033569336,77.51000213623047,79.12000274658203,77.34308624267578,16768000
2022-03-23,MU,Micron Technology,77.86000061035156,78.22000122070312,75.08000183105469,75.6500015258789,73.95100402832031,28059800
2022-03-24,MU,Micron Technology,75.9000015258789,78.54000091552734,75.31999969482422,78.20999908447266,76.45350646972656,23348000
2022-03-25,MU,Micron Technology,78.2699966430664,78.30000305175781,75.12999725341797,78.0999984741211,76.34600067138672,22491000
2022-03-28,MU,Micron Technology,78.58999633789062,80.18000030517578,77.2699966430664,79.86000061035156,78.06647491455078,26605300
2022-03-29,MU,Micron Technology,82.0999984741211,82.55000305175781,79.26000213623047,82.05000305175781,80.20726776123047,41290700
2022-03-30,MU,Micron Technology,84.30000305175781,86.23999786376953,78.5999984741211,79.16000366210938,77.38217163085938,70087000
2022-03-31,MU,Micron Technology,77.66999816894531,79.95999908447266,76.83000183105469,77.88999938964844,76.14068603515625,34588600
2022-04-01,MU,Micron Technology,78.43000030517578,78.91000366210938,74.05999755859375,76.18000030517578,74.4690933227539,33536100
2022-04-04,MU,Micron Technology,76.9000015258789,78.18000030517578,76.51000213623047,77.66999816894531,75.92564392089844,24305700
2022-04-05,MU,Micron Technology,76.70999908447266,78.0199966430664,74.30000305175781,74.61000061035156,72.93435668945312,21171400
2022-04-06,MU,Micron Technology,73.18000030517578,74.88999938964844,71.47000122070312,73.77999877929688,72.12301635742188,28080100
2022-04-07,MU,Micron Technology,73.66999816894531,74.68000030517578,72.12999725341797,73.27999877929688,71.63422393798828,22658600
2022-04-08,MU,Micron Technology,72.5,72.8499984741211,70.83000183105469,72.13999938964844,70.6162109375,20562600
2022-04-11,MU,Micron Technology,70.55000305175781,72.91000366210938,70.08999633789062,72.02999877929688,70.50853729248047,21127900
2022-04-12,MU,Micron Technology,72.79000091552734,73.58999633789062,71.56999969482422,71.95999908447266,70.43999481201172,18658500
2022-04-13,MU,Micron Technology,72.36000061035156,73.75,71.86000061035156,72.37999725341797,70.85112762451172,18892000
2022-04-14,MU,Micron Technology,72.55999755859375,72.80999755859375,70.08999633789062,70.12999725341797,68.6486587524414,18543500
2022-04-18,MU,Micron Technology,70.25,72.0999984741211,70.05000305175781,71.1500015258789,69.64710998535156,17476700
2022-04-19,MU,Micron Technology,70.95999908447266,73.41000366210938,70.7699966430664,72.7300033569336,71.19375610351562,15139000
2022-04-20,MU,Micron Technology,73.80999755859375,76.2300033569336,72.88999938964844,73.19999694824219,71.65380859375,19042600
2022-04-21,MU,Micron Technology,73.97000122070312,74.48999786376953,70.6500015258789,70.91999816894531,69.42195892333984,17645300
2022-04-22,MU,Micron Technology,70.63999938964844,70.9800033569336,69.30999755859375,69.41000366210938,67.94387817382812,18682400
2022-04-25,MU,Micron Technology,68.41999816894531,70.16999816894531,67.93000030517578,70.12000274658203,68.63887023925781,20072100
2022-04-26,MU,Micron Technology,68.69000244140625,69.16000366210938,67.04000091552734,67.08000183105469,65.66307830810547,18628700
2022-04-27,MU,Micron Technology,66.12999725341797,68.4800033569336,65.86000061035156,66.47000122070312,65.06596374511719,17123600
2022-04-28,MU,Micron Technology,67.6500015258789,70.80999755859375,67.05999755859375,70.18000030517578,68.69759368896484,21058400
2022-04-29,MU,Micron Technology,69.0999984741211,71.33000183105469,68.0199966430664,68.19000244140625,66.74964141845703,16843500
2022-05-02,MU,Micron Technology,68.16000366210938,70.73999786376953,67.58000183105469,70.5999984741211,69.1087417602539,15342800
2022-05-03,MU,Micron Technology,70.47000122070312,71.95999908447266,70.19999694824219,71.26000213623047,69.75479125976562,13539100
2022-05-04,MU,Micron Technology,71.7699966430664,73.9000015258789,70.16000366210938,73.62000274658203,72.06494140625,17201900
2022-05-05,MU,Micron Technology,72.30999755859375,72.55999755859375,70.36000061035156,71.29000091552734,69.7841567993164,16603600
2022-05-06,MU,Micron Technology,70.55000305175781,71.91000366210938,68.88999938964844,70.3499984741211,68.864013671875,15159800
2022-05-09,MU,Micron Technology,69.19999694824219,71.4000015258789,67.4800033569336,67.93000030517578,66.4951171875,21770900
2022-05-10,MU,Micron Technology,69.56999969482422,70.58999633789062,67.61000061035156,68.91000366210938,67.45442199707031,17662700
2022-05-11,MU,Micron Technology,68.66000366210938,70.87999725341797,66.81999969482422,66.95999908447266,65.54561614990234,17237300
2022-05-12,MU,Micron Technology,66.0,68.9000015258789,65.87000274658203,67.70999908447266,66.27978515625,27022900
2022-05-13,MU,Micron Technology,69.0999984741211,72.62999725341797,68.0199966430664,71.91999816894531,70.40083312988281,22872000
2022-05-16,MU,Micron Technology,71.51000213623047,72.04000091552734,70.31999969482422,70.47000122070312,68.98148345947266,13394700
2022-05-17,MU,Micron Technology,72.25,74.7300033569336,72.1500015258789,74.4800033569336,72.90677642822266,17671500
2022-05-18,MU,Micron Technology,73.18000030517578,74.22000122070312,70.08999633789062,71.05000305175781,69.54922485351562,20635100
2022-05-19,MU,Micron Technology,70.76000213623047,71.69999694824219,69.05000305175781,69.4000015258789,67.93406677246094,17558000
2022-05-20,MU,Micron Technology,70.5999984741211,70.69000244140625,66.11000061035156,68.9000015258789,67.44464874267578,20313300
2022-05-23,MU,Micron Technology,68.7699966430664,70.19999694824219,68.5199966430664,69.58999633789062,68.12004089355469,12356200
2022-05-24,MU,Micron Technology,68.36000061035156,68.41000366210938,66.01000213623047,66.62000274658203,65.21279907226562,18764500
2022-05-25,MU,Micron Technology,65.93000030517578,68.8499984741211,65.9000015258789,67.87000274658203,66.43640899658203,16241200
2022-05-26,MU,Micron Technology,66.38999938964844,71.04000091552734,66.3499984741211,70.5999984741211,69.1087417602539,14902500
2022-05-27,MU,Micron Technology,71.76000213623047,73.44000244140625,71.63999938964844,73.31999969482422,71.77128601074219,13078700
2022-05-31,MU,Micron Technology,73.47000122070312,74.4800033569336,71.93000030517578,73.83999633789062,72.28028106689453,15453000
2022-06-01,MU,Micron Technology,74.5,75.38999938964844,72.55000305175781,73.55000305175781,71.99640655517578,13595400
2022-06-02,MU,Micron Technology,73.12999725341797,75.41000366210938,73.12999725341797,75.37000274658203,73.7779769897461,11373200
2022-06-03,MU,Micron Technology,71.69000244140625,71.69000244140625,69.11000061035156,69.94000244140625,68.46269989013672,30306600
2022-06-06,MU,Micron Technology,70.73999786376953,72.13999938964844,70.01000213623047,70.44999694824219,68.96189880371094,13198700
2022-06-07,MU,Micron Technology,68.6500015258789,70.87000274658203,68.12000274658203,70.76000213623047,69.2653579711914,14328000
2022-06-08,MU,Micron Technology,69.83999633789062,70.4000015258789,67.76000213623047,68.5999984741211,67.15097045898438,16363000
2022-06-09,MU,Micron Technology,67.94000244140625,68.69000244140625,66.0,66.0199966430664,64.62547302246094,15073700
2022-06-10,MU,Micron Technology,64.83999633789062,65.55999755859375,62.279998779296875,62.619998931884766,61.29728698730469,26626900
2022-06-13,MU,Micron Technology,60.02000045776367,60.959999084472656,58.58000183105469,58.84000015258789,57.59713363647461,24278600
2022-06-14,MU,Micron Technology,59.36000061035156,59.869998931884766,57.720001220703125,58.70000076293945,57.46009063720703,17036000
2022-06-15,MU,Micron Technology,59.33000183105469,60.08000183105469,57.54999923706055,59.119998931884766,57.871219635009766,19726200
2022-06-16,MU,Micron Technology,57.0,57.0,54.25,55.0099983215332,53.8480339050293,22706200
2022-06-17,MU,Micron Technology,55.900001525878906,56.31999969482422,53.599998474121094,55.75,54.57240295410156,24139800
2022-06-21,MU,Micron Technology,56.81999969482422,57.91999816894531,56.34000015258789,56.79999923706055,55.600223541259766,15502800
2022-06-22,MU,Micron Technology,55.959999084472656,57.13999938964844,55.599998474121094,56.34000015258789,55.149940490722656,13513800
2022-06-23,MU,Micron Technology,56.61000061035156,56.83000183105469,54.959999084472656,56.220001220703125,55.0324821472168,13366600
2022-06-24,MU,Micron Technology,57.150001525878906,59.0,57.130001068115234,58.439998626708984,57.20558166503906,15647600
2022-06-27,MU,Micron Technology,59.58000183105469,60.04999923706055,58.369998931884766,58.779998779296875,57.53840637207031,16159900
2022-06-28,MU,Micron Technology,58.97999954223633,60.59000015258789,57.810001373291016,57.86000061035156,56.63783645629883,19393600
2022-06-29,MU,Micron Technology,57.22999954223633,57.52000045776367,55.31999969482422,56.02000045776367,54.836700439453125,17351400
2022-06-30,MU,Micron Technology,54.9900016784668,56.40999984741211,54.220001220703125,55.279998779296875,54.112335205078125,29572400
2022-07-01,MU,Micron Technology,53.290000915527344,53.959999084472656,51.400001525878906,53.650001525878906,52.51676559448242,43681700
2022-07-05,MU,Micron Technology,52.18000030517578,56.88999938964844,52.09000015258789,56.72999954223633,55.53170394897461,33745900
2022-07-06,MU,Micron Technology,56.849998474121094,58.119998931884766,56.459999084472656,57.369998931884766,56.15818405151367,23565000
2022-07-07,MU,Micron Technology,59.099998474121094,59.310001373291016,57.84000015258789,58.849998474121094,57.60691833496094,22945500
2022-07-08,MU,Micron Technology,58.220001220703125,60.43000030517578,58.099998474121094,59.13999938964844,58.004146575927734,19283000
2022-07-11,MU,Micron Technology,58.11000061035156,58.61000061035156,57.709999084472656,57.810001373291016,56.69969177246094,13941800
2022-07-12,MU,Micron Technology,58.41999816894531,60.08000183105469,58.099998474121094,59.18000030517578,58.04337692260742,21523100
2022-07-13,MU,Micron Technology,57.380001068115234,59.41999816894531,57.36000061035156,58.86000061035156,57.729522705078125,13987600
2022-07-14,MU,Micron Technology,57.939998626708984,59.65999984741211,57.31999969482422,59.349998474121094,58.210113525390625,14803800
2022-07-15,MU,Micron Technology,61.47999954223633,61.70000076293945,59.400001525878906,61.529998779296875,60.348243713378906,20317800
2022-07-18,MU,Micron Technology,62.09000015258789,62.33000183105469,60.13999938964844,60.45000076293945,59.28898620605469,13233000
2022-07-19,MU,Micron Technology,61.470001220703125,62.7599983215332,61.380001068115234,62.400001525878906,61.20154571533203,19103700
2022-07-20,MU,Micron Technology,62.220001220703125,63.52000045776367,61.849998474121094,63.29999923706055,62.08424377441406,15176200
2022-07-21,MU,Micron Technology,62.599998474121094,63.68000030517578,61.93000030517578,63.63999938964844,62.41771697998047,12924700
2022-07-22,MU,Micron Technology,61.290000915527344,62.91999816894531,61.0099983215332,61.290000915527344,60.11285400390625,22201700
2022-07-25,MU,Micron Technology,61.349998474121094,61.83000183105469,59.70000076293945,60.150001525878906,58.994754791259766,14479400
2022-07-26,MU,Micron Technology,60.310001373291016,60.689998626708984,59.54999923706055,59.65999984741211,58.51416015625,11044800
2022-07-27,MU,Micron Technology,60.4900016784668,62.38999938964844,59.61000061035156,61.88999938964844,60.70132827758789,14589800
2022-07-28,MU,Micron Technology,62.25,62.29999923706055,60.189998626708984,62.06999969482422,60.87786865234375,10120300
2022-07-29,MU,Micron Technology,61.349998474121094,62.09000015258789,60.77000045776367,61.86000061035156,60.67190170288086,14199700
2022-08-01,MU,Micron Technology,62.5,63.9900016784668,62.0,62.540000915527344,61.33884811401367,13347200
2022-08-02,MU,Micron Technology,61.75,63.29999923706055,60.880001068115234,62.470001220703125,61.27019119262695,11535800
2022-08-03,MU,Micron Technology,62.5,64.52999877929688,62.439998626708984,64.25,63.015995025634766,12290100
2022-08-04,MU,Micron Technology,64.12000274658203,64.98999786376953,63.650001525878906,64.8499984741211,63.60447311401367,11338400
2022-08-05,MU,Micron Technology,62.86000061035156,63.220001220703125,61.79999923706055,62.459999084472656,61.26038360595703,15047100
2022-08-08,MU,Micron Technology,61.9900016784668,62.619998931884766,60.97999954223633,61.45000076293945,60.26978302001953,11454300
2022-08-09,MU,Micron Technology,59.0,60.540000915527344,57.7400016784668,59.150001525878906,58.01395797729492,33107200
2022-08-10,MU,Micron Technology,60.0,61.560001373291016,59.38999938964844,61.400001525878906,60.22074890136719,17418400
2022-08-11,MU,Micron Technology,62.0,64.0999984741211,62.0,62.31999969482422,61.123077392578125,18298500
2022-08-12,MU,Micron Technology,62.65999984741211,65.41999816894531,62.22999954223633,65.04000091552734,63.79083251953125,16194000
2022-08-15,MU,Micron Technology,64.69999694824219,65.12000274658203,63.88999938964844,64.69999694824219,63.45734786987305,9689100
2022-08-16,MU,Micron Technology,64.12000274658203,64.55999755859375,63.220001220703125,63.86000061035156,62.63349151611328,9275400
2022-08-17,MU,Micron Technology,62.810001373291016,62.810001373291016,60.7599983215332,61.619998931884766,60.436519622802734,14728400
2022-08-18,MU,Micron Technology,61.75,63.41999816894531,61.25,62.97999954223633,61.77039337158203,11303900
2022-08-19,MU,Micron Technology,61.84000015258789,62.25,60.279998779296875,60.5099983215332,59.34783935546875,14050300
2022-08-22,MU,Micron Technology,59.560001373291016,59.61000061035156,57.970001220703125,58.310001373291016,57.19009017944336,13096800
2022-08-23,MU,Micron Technology,58.349998474121094,59.290000915527344,57.7599983215332,57.86000061035156,56.74872589111328,12769100
2022-08-24,MU,Micron Technology,57.880001068115234,58.56999969482422,57.36000061035156,58.310001373291016,57.19009017944336,9961300
2022-08-25,MU,Micron Technology,58.599998474121094,61.27000045776367,58.58000183105469,61.20000076293945,60.02458953857422,12171600
2022-08-26,MU,Micron Technology,61.06999969482422,61.220001220703125,57.61000061035156,57.630001068115234,56.52314376831055,15754000
2022-08-29,MU,Micron Technology,57.310001373291016,58.0,56.52000045776367,57.0099983215332,55.91504669189453,11607600
2022-08-30,MU,Micron Technology,57.47999954223633,57.79999923706055,55.58000183105469,56.29999923706055,55.218692779541016,12743700
2022-08-31,MU,Micron Technology,55.9900016784668,57.15999984741211,55.810001373291016,56.529998779296875,55.44427490234375,14172200
2022-09-01,MU,Micron Technology,55.2599983215332,57.400001525878906,54.790000915527344,57.310001373291016,56.20928955078125,17594500
2022-09-02,MU,Micron Technology,58.29999923706055,58.79999923706055,56.0,56.33000183105469,55.24811935424805,12809700
2022-09-06,MU,Micron Technology,56.33000183105469,56.689998626708984,55.130001068115234,55.22999954223633,54.16923904418945,12133300
2022-09-07,MU,Micron Technology,55.310001373291016,55.720001220703125,54.0099983215332,55.0,53.94365310668945,17030600
2022-09-08,MU,Micron Technology,54.4900016784668,55.91999816894531,53.7400016784668,55.38999938964844,54.326175689697266,18415300
2022-09-09,MU,Micron Technology,56.16999816894531,57.68000030517578,56.16999816894531,57.439998626708984,56.33679962158203,13925600
2022-09-12,MU,Micron Technology,57.459999084472656,58.13999938964844,57.029998779296875,57.939998626708984,56.82720184326172,10711500
2022-09-13,MU,Micron Technology,55.70000076293945,56.2400016784668,53.13999938964844,53.619998931884766,52.59016418457031,22361800
2022-09-14,MU,Micron Technology,53.88999938964844,54.22999954223633,52.459999084472656,53.11000061035156,52.089969635009766,19984900
2022-09-15,MU,Micron Technology,52.70000076293945,53.45000076293945,51.97999954223633,52.689998626708984,51.67802429199219,15620800
2022-09-16,MU,Micron Technology,51.88999938964844,53.0099983215332,51.4900016784668,52.849998474121094,51.8349494934082,24901700
2022-09-19,MU,Micron Technology,51.970001220703125,52.77000045776367,51.880001068115234,52.099998474121094,51.0993537902832,19251400
2022-09-20,MU,Micron Technology,51.529998779296875,51.59000015258789,50.59000015258789,50.79999923706055,49.8243293762207,19373800
2022-09-21,MU,Micron Technology,49.7400016784668,52.5099983215332,49.720001220703125,50.099998474121094,49.13776397705078,31117300
2022-09-22,MU,Micron Technology,49.79999923706055,50.369998931884766,49.349998474121094,49.65999984741211,48.70621871948242,21317000
2022-09-23,MU,Micron Technology,49.279998779296875,50.150001525878906,48.45000076293945,50.099998474121094,49.13776397705078,24591700
2022-09-26,MU,Micron Technology,49.93000030517578,50.459999084472656,48.810001373291016,48.880001068115234,47.94120407104492,19266800
2022-09-27,MU,Micron Technology,49.81999969482422,50.650001525878906,49.400001525878906,50.58000183105469,49.60855484008789,17297500
2022-09-28,MU,Micron Technology,50.11000061035156,51.189998626708984,50.099998474121094,51.0,50.020484924316406,17784300
2022-09-29,MU,Micron Technology,50.040000915527344,50.29999923706055,49.220001220703125,50.0099983215332,49.049495697021484,25582100
2022-09-30,MU,Micron Technology,50.540000915527344,52.060001373291016,49.810001373291016,50.099998474121094,49.13776397705078,38917700
2022-10-03,MU,Micron Technology,51.0099983215332,53.09000015258789,50.63999938964844,51.720001220703125,50.726654052734375,24632400
2022-10-04,MU,Micron Technology,53.560001373291016,54.810001373291016,52.65999984741211,53.959999084472656,52.92363739013672,24275500
2022-10-05,MU,Micron Technology,52.880001068115234,55.20000076293945,52.16999816894531,54.72999954223633,53.67884826660156,20418300
2022-10-06,MU,Micron Technology,54.400001525878906,55.11000061035156,53.29999923706055,54.619998931884766,53.57095718383789,17149400
2022-10-07,MU,Micron Technology,53.560001373291016,54.650001525878906,52.5099983215332,52.90999984741211,52.00328826904297,21977700
2022-10-10,MU,Micron Technology,53.06999969482422,53.130001068115234,50.77000045776367,51.380001068115234,50.499507904052734,17227400
2022-10-11,MU,Micron Technology,50.63999938964844,54.779998779296875,50.33000183105469,53.709999084472656,52.78958511352539,32813700
2022-10-12,MU,Micron Technology,53.599998474121094,53.77000045776367,52.38999938964844,52.75,51.84603500366211,18131900
2022-10-13,MU,Micron Technology,51.349998474121094,55.91999816894531,50.7400016784668,54.86000061035156,53.91987609863281,27605000
2022-10-14,MU,Micron Technology,55.2400016784668,55.439998626708984,52.599998474121094,52.720001220703125,51.816551208496094,20403000
2022-10-17,MU,Micron Technology,54.599998474121094,54.9900016784668,52.849998474121094,53.5,52.58318328857422,18261700
2022-10-18,MU,Micron Technology,55.0099983215332,55.13999938964844,51.65999984741211,52.54999923706055,51.64945602416992,19774800
2022-10-19,MU,Micron Technology,52.09000015258789,53.43000030517578,52.060001373291016,53.029998779296875,52.12123489379883,14786100
2022-10-20,MU,Micron Technology,53.5,55.099998474121094,53.16999816894531,53.70000076293945,52.77975845336914,15711800
2022-10-21,MU,Micron Technology,53.4900016784668,56.279998779296875,53.34000015258789,56.04999923706055,55.0894889831543,20199200
2022-10-24,MU,Micron Technology,56.22999954223633,56.810001373291016,55.06999969482422,56.2400016784668,55.27622985839844,15293600
2022-10-25,MU,Micron Technology,56.68000030517578,57.029998779296875,55.34000015258789,55.869998931884766,54.912574768066406,17313000
2022-10-26,MU,Micron Technology,56.08000183105469,57.439998626708984,54.959999084472656,55.45000076293945,54.499759674072266,23511300
2022-10-27,MU,Micron Technology,55.369998931884766,56.22999954223633,52.119998931884766,52.209999084472656,51.31528854370117,27335800
2022-10-28,MU,Micron Technology,51.83000183105469,54.439998626708984,51.459999084472656,54.040000915527344,53.113929748535156,19171100
2022-10-31,MU,Micron Technology,53.90999984741211,54.93000030517578,53.16999816894531,54.099998474121094,53.172908782958984,15932500
2022-11-01,MU,Micron Technology,55.09000015258789,55.439998626708984,54.11000061035156,54.86000061035156,53.91987609863281,11729700
2022-11-02,MU,Micron Technology,54.7400016784668,56.27000045776367,53.41999816894531,53.45000076293945,52.53403854370117,17302700
2022-11-03,MU,Micron Technology,52.709999084472656,54.369998931884766,51.90999984741211,53.47999954223633,52.56352615356445,12769200
2022-11-04,MU,Micron Technology,55.2599983215332,56.90999984741211,54.81999969482422,56.15999984741211,55.197593688964844,18882700
2022-11-07,MU,Micron Technology,56.43000030517578,56.81999969482422,55.459999084472656,56.560001373291016,55.59075164794922,11411300
2022-11-08,MU,Micron Technology,57.380001068115234,57.869998931884766,56.47999954223633,57.4900016784668,56.504798889160156,14190100
2022-11-09,MU,Micron Technology,56.220001220703125,56.650001525878906,55.5099983215332,55.970001220703125,55.0108528137207,19952500
2022-11-10,MU,Micron Technology,58.599998474121094,60.380001068115234,58.060001373291016,60.27000045776367,59.2371711730957,24982500
2022-11-11,MU,Micron Technology,60.650001525878906,63.18000030517578,59.880001068115234,62.52000045776367,61.44860076904297,17579400
2022-11-14,MU,Micron Technology,61.939998626708984,62.75,60.9900016784668,61.779998779296875,60.721290588378906,13988200
2022-11-15,MU,Micron Technology,63.5,64.44000244140625,62.41999816894531,63.099998474121094,62.0186653137207,16325000
2022-11-16,MU,Micron Technology,60.529998779296875,61.380001068115234,58.119998931884766,58.869998931884766,57.86115264892578,25901900
2022-11-17,MU,Micron Technology,57.29999923706055,58.9900016784668,56.5099983215332,58.7400016784668,57.73338317871094,14212300
2022-11-18,MU,Micron Technology,59.560001373291016,59.65999984741211,58.099998474121094,58.58000183105469,57.57612991333008,9703700
2022-11-21,MU,Micron Technology,58.02000045776367,58.02000045776367,56.81999969482422,57.15999984741211,56.18046569824219,9968400
2022-11-22,MU,Micron Technology,57.54999923706055,58.68000030517578,56.97999954223633,58.619998931884766,57.615440368652344,8955700
2022-11-23,MU,Micron Technology,58.2400016784668,59.060001373291016,57.75,58.93000030517578,57.92012405395508,8996800
2022-11-25,MU,Micron Technology,58.66999816894531,59.130001068115234,58.38999938964844,58.40999984741211,57.40904235839844,4360500
2022-11-28,MU,Micron Technology,57.31999969482422,57.7599983215332,55.470001220703125,55.75,54.794620513916016,15512600
2022-11-29,MU,Micron Technology,55.709999084472656,56.52000045776367,54.77000045776367,55.119998931884766,54.1754150390625,12874200
2022-11-30,MU,Micron Technology,53.58000183105469,57.68000030517578,52.61000061035156,57.650001525878906,56.66205978393555,31461400
2022-12-01,MU,Micron Technology,57.83000183105469,57.91999816894531,55.099998474121094,55.4900016784668,54.53908157348633,21764200
2022-12-02,MU,Micron Technology,54.34000015258789,55.41999816894531,53.380001068115234,54.68000030517578,53.74296188354492,15946500
2022-12-05,MU,Micron Technology,54.369998931884766,55.27000045776367,53.70000076293945,54.040000915527344,53.113929748535156,13806900
2022-12-06,MU,Micron Technology,53.86000061035156,54.630001068115234,53.2400016784668,53.68000030517578,52.76010513305664,17988000
2022-12-07,MU,Micron Technology,53.119998931884766,54.2400016784668,52.439998626708984,53.81999969482422,52.8976936340332,11367300
2022-12-08,MU,Micron Technology,54.560001373291016,55.70000076293945,54.04999923706055,55.20000076293945,54.25404739379883,13609100
2022-12-09,MU,Micron Technology,54.68000030517578,55.86000061035156,54.52000045776367,54.869998931884766,53.929710388183594,9932200
2022-12-12,MU,Micron Technology,53.52000045776367,55.380001068115234,53.34000015258789,55.349998474121094,54.4014778137207,13250600
2022-12-13,MU,Micron Technology,57.189998626708984,57.88999938964844,54.650001525878906,55.2400016784668,54.293365478515625,14210500
2022-12-14,MU,Micron Technology,55.2400016784668,56.099998474121094,54.060001373291016,54.59000015258789,53.654502868652344,11235300
2022-12-15,MU,Micron Technology,53.560001373291016,53.720001220703125,51.849998474121094,52.040000915527344,51.14820098876953,17785000
2022-12-16,MU,Micron Technology,51.7400016784668,52.540000915527344,51.619998931884766,52.06999969482422,51.17768859863281,22951400
2022-12-19,MU,Micron Technology,52.16999816894531,52.290000915527344,51.099998474121094,51.720001220703125,50.83369064331055,16470000
2022-12-20,MU,Micron Technology,51.34000015258789,51.970001220703125,50.45000076293945,50.68000030517578,49.81150817871094,16942000
2022-12-21,MU,Micron Technology,50.93000030517578,51.75,50.75,51.189998626708984,50.31276321411133,20400800
2022-12-22,MU,Micron Technology,49.5,49.970001220703125,48.43000030517578,49.43000030517578,48.58293151855469,40959600
2022-12-23,MU,Micron Technology,49.0,50.54999923706055,48.9900016784668,50.20000076293945,49.33973693847656,17425700
2022-12-27,MU,Micron Technology,49.61000061035156,50.310001373291016,48.52000045776367,50.02000045776367,49.16282272338867,15159100
2022-12-28,MU,Micron Technology,49.84000015258789,51.09000015258789,48.83000183105469,49.119998931884766,48.27824401855469,12518700
2022-12-29,MU,Micron Technology,49.400001525878906,50.93000030517578,49.34000015258789,50.650001525878906,49.78202438354492,13204300
2022-12-30,MU,Micron Technology,49.45000076293945,50.02000045776367,49.130001068115234,49.97999954223633,49.23528289794922,11989800
2023-01-03,MU,Micron Technology,50.560001373291016,50.959999084472656,49.54999923706055,50.369998931884766,49.61948013305664,12422800
2023-01-04,MU,Micron Technology,53.04999923706055,54.52000045776367,52.72999954223633,54.20000076293945,53.392417907714844,25077300
2023-01-05,MU,Micron Technology,53.88999938964844,55.38999938964844,53.88999938964844,54.709999084472656,53.894813537597656,18030900
2023-01-06,MU,Micron Technology,55.43000030517578,57.290000915527344,54.029998779296875,56.77000045776367,55.92412567138672,21069800
2023-01-09,MU,Micron Technology,56.81999969482422,57.52000045776367,55.650001525878906,56.36000061035156,55.52022933959961,15715900
2023-01-10,MU,Micron Technology,56.15999984741211,57.279998779296875,55.86000061035156,57.209999084472656,56.3575553894043,10571300
2023-01-11,MU,Micron Technology,57.349998474121094,58.470001220703125,56.91999816894531,58.060001373291016,57.19489669799805,12143000
2023-01-12,MU,Micron Technology,58.11000061035156,58.2400016784668,56.43000030517578,57.27000045776367,56.41666793823242,14888100
2023-01-13,MU,Micron Technology,56.72999954223633,56.970001220703125,56.119998931884766,56.93000030517578,56.08173751831055,12520600
2023-01-17,MU,Micron Technology,57.15999984741211,58.599998474121094,56.54999923706055,56.849998474121094,56.002925872802734,10962700
2023-01-18,MU,Micron Technology,57.5099983215332,58.04999923706055,56.36000061035156,56.5099983215332,55.667991638183594,10035300
2023-01-19,MU,Micron Technology,55.709999084472656,57.09000015258789,55.279998779296875,56.36000061035156,55.52022933959961,12034200
2023-01-20,MU,Micron Technology,57.470001220703125,58.56999969482422,56.7599983215332,58.459999084472656,57.58893585205078,13826400
2023-01-23,MU,Micron Technology,58.91999816894531,61.90999984741211,58.86000061035156,61.81999969482422,60.89888000488281,20175400
2023-01-24,MU,Micron Technology,61.20000076293945,61.720001220703125,60.869998931884766,61.2599983215332,60.34721755981445,10183200
2023-01-25,MU,Micron Technology,60.66999816894531,61.66999816894531,60.41999816894531,61.540000915527344,60.623046875,10787200
2023-01-26,MU,Micron Technology,62.58000183105469,63.04999923706055,61.290000915527344,62.79999923706055,61.86427307128906,12219500
2023-01-27,MU,Micron Technology,62.13999938964844,64.33999633789062,61.959999084472656,63.869998931884766,62.91832733154297,15895800
2023-01-30,MU,Micron Technology,62.7599983215332,63.279998779296875,61.689998626708984,61.709999084472656,60.79050827026367,16169000
2023-01-31,MU,Micron Technology,59.099998474121094,60.34000015258789,58.650001525878906,60.29999923706055,59.401519775390625,23856300
2023-02-01,MU,Micron Technology,60.619998931884766,63.22999954223633,60.38999938964844,62.599998474121094,61.66724395751953,20902200
2023-02-02,MU,Micron Technology,63.560001373291016,63.91999816894531,61.86000061035156,63.16999816894531,62.228755950927734,15877600
2023-02-03,MU,Micron Technology,62.0,63.790000915527344,61.900001525878906,62.40999984741211,61.48008346557617,12187100
2023-02-06,MU,Micron Technology,60.939998626708984,61.18000030517578,59.7400016784668,59.97999954223633,59.08628463745117,11484300
2023-02-07,MU,Micron Technology,60.09000015258789,62.38999938964844,59.70000076293945,62.130001068115234,61.204254150390625,12713100
2023-02-08,MU,Micron Technology,61.45000076293945,62.33000183105469,60.22999954223633,60.25,59.352264404296875,9510500
2023-02-09,MU,Micron Technology,61.20000076293945,61.81999969482422,59.689998626708984,60.18000030517578,59.2833137512207,10094700
2023-02-10,MU,Micron Technology,60.5,60.7599983215332,59.25,59.81999969482422,58.92867660522461,11429700
2023-02-13,MU,Micron Technology,59.81999969482422,60.279998779296875,58.84000015258789,60.119998931884766,59.22419738769531,11466200
2023-02-14,MU,Micron Technology,59.52000045776367,62.310001373291016,59.029998779296875,62.06999969482422,61.1451530456543,12496200
2023-02-15,MU,Micron Technology,61.33000183105469,61.939998626708984,60.459999084472656,61.84000015258789,60.918575286865234,10457400
2023-02-16,MU,Micron Technology,60.779998779296875,61.349998474121094,59.849998474121094,60.04999923706055,59.15524673461914,12683400
2023-02-17,MU,Micron Technology,59.84000015258789,60.18000030517578,58.5099983215332,59.0099983215332,58.1307373046875,10874900
2023-02-21,MU,Micron Technology,58.34000015258789,59.709999084472656,57.4900016784668,57.599998474121094,56.74174880981445,12667500
2023-02-22,MU,Micron Technology,57.72999954223633,58.56999969482422,56.83000183105469,56.97999954223633,56.1309928894043,12260300
2023-02-23,MU,Micron Technology,59.13999938964844,59.75,57.439998626708984,58.75,57.87461471557617,16094600
2023-02-24,MU,Micron Technology,57.70000076293945,58.369998931884766,57.349998474121094,58.18000030517578,57.3131103515625,9867400
2023-02-27,MU,Micron Technology,59.16999816894531,59.560001373291016,57.83000183105469,57.900001525878906,57.03727340698242,8514000
2023-02-28,MU,Micron Technology,57.63999938964844,58.7400016784668,57.400001525878906,57.81999969482422,56.95846939086914,10493300
2023-03-01,MU,Micron Technology,57.86000061035156,58.54999923706055,57.220001220703125,57.34000015258789,56.485626220703125,9141400
2023-03-02,MU,Micron Technology,55.5,56.70000076293945,54.720001220703125,56.43000030517578,55.58918762207031,16625500
2023-03-03,MU,Micron Technology,56.459999084472656,56.869998931884766,55.439998626708984,56.779998779296875,55.93397903442383,13769200
2023-03-06,MU,Micron Technology,57.279998779296875,58.650001525878906,56.540000915527344,56.83000183105469,55.98322296142578,14472200
2023-03-07,MU,Micron Technology,56.5,56.72999954223633,55.310001373291016,55.560001373291016,54.732154846191406,13278300
2023-03-08,MU,Micron Technology,55.84000015258789,56.91999816894531,55.349998474121094,56.88999938964844,56.04232406616211,11515700
2023-03-09,MU,Micron Technology,56.63999938964844,57.560001373291016,55.540000915527344,55.599998474121094,54.77156066894531,10200000
2023-03-10,MU,Micron Technology,55.65999984741211,56.5099983215332,54.529998779296875,54.93000030517578,54.111534118652344,14180700
2023-03-13,MU,Micron Technology,53.970001220703125,54.54999923706055,52.7599983215332,53.900001525878906,53.09688186645508,17365200
2023-03-14,MU,Micron Technology,54.970001220703125,55.41999816894531,53.70000076293945,54.27000045776367,53.46137237548828,14657000
2023-03-15,MU,Micron Technology,53.33000183105469,54.27000045776367,52.880001068115234,54.130001068115234,53.32345962524414,14643600
2023-03-16,MU,Micron Technology,53.689998626708984,56.709999084472656,53.61000061035156,56.56999969482422,55.72709655761719,14791800
2023-03-17,MU,Micron Technology,56.79999923706055,57.720001220703125,56.220001220703125,56.65999984741211,55.81576156616211,26655200
2023-03-20,MU,Micron Technology,56.70000076293945,57.869998931884766,56.08000183105469,57.63999938964844,56.78115463256836,10610200
2023-03-21,MU,Micron Technology,58.380001068115234,59.52000045776367,57.599998474121094,58.630001068115234,57.75639724731445,14613700
2023-03-22,MU,Micron Technology,58.400001525878906,60.40999984741211,58.09000015258789,58.16999816894531,57.30325698852539,16949300
2023-03-23,MU,Micron Technology,59.18000030517578,61.779998779296875,59.130001068115234,61.34000015258789,60.426025390625,23903100
2023-03-24,MU,Micron Technology,60.5099983215332,61.400001525878906,60.5,61.15999984741211,60.24870300292969,18735600
2023-03-27,MU,Micron Technology,61.189998626708984,61.41999816894531,59.16999816894531,59.790000915527344,58.89912414550781,15901000
2023-03-28,MU,Micron Technology,59.79999923706055,59.869998931884766,57.81999969482422,59.279998779296875,58.39672088623047,20496300
2023-03-29,MU,Micron Technology,60.90999984741211,64.41999816894531,60.869998931884766,63.540000915527344,62.5932502746582,51939800
2023-03-30,MU,Micron Technology,64.02999877929688,64.0999984741211,62.47999954223633,63.09000015258789,62.14995193481445,23038300
2023-03-31,MU,Micron Technology,60.349998474121094,61.65999984741211,59.900001525878906,60.34000015258789,59.44091796875,35416500
2023-04-03,MU,Micron Technology,59.810001373291016,59.810001373291016,57.869998931884766,59.61000061035156,58.7218017578125,23610800
2023-04-04,MU,Micron Technology,59.68000030517578,60.099998474121094,56.95000076293945,57.27000045776367,56.41666793823242,21303200
2023-04-05,MU,Micron Technology,56.81999969482422,57.11000061035156,56.0099983215332,57.02000045776367,56.1703987121582,19456200
2023-04-06,MU,Micron Technology,56.95000076293945,59.150001525878906,56.79999923706055,58.560001373291016,57.80402755737305,21496500
2023-04-10,MU,Micron Technology,61.18000030517578,63.77000045776367,61.0,63.27000045776367,62.453224182128906,43280100
2023-04-11,MU,Micron Technology,63.63999938964844,64.29000091552734,63.040000915527344,63.56999969482422,62.749351501464844,23090200
2023-04-12,MU,Micron Technology,64.36000061035156,64.36000061035156,61.84000015258789,61.959999084472656,61.16013717651367,16694100
2023-04-13,MU,Micron Technology,61.5099983215332,63.369998931884766,60.790000915527344,63.0,62.18671798706055,23286500
2023-04-14,MU,Micron Technology,63.18000030517578,63.220001220703125,61.77000045776367,62.630001068115234,61.82148742675781,14953000
2023-04-17,MU,Micron Technology,62.220001220703125,62.77000045776367,61.97999954223633,62.540000915527344,61.73265075683594,11546800
2023-04-18,MU,Micron Technology,63.33000183105469,63.45000076293945,61.47999954223633,61.93000030517578,61.13051986694336,12175200
2023-04-19,MU,Micron Technology,60.97999954223633,61.209999084472656,60.380001068115234,60.650001525878906,59.86704635620117,11652600
2023-04-20,MU,Micron Technology,59.880001068115234,61.95000076293945,59.869998931884766,61.459999084472656,60.666595458984375,14382200
2023-04-21,MU,Micron Technology,61.150001525878906,61.45000076293945,60.72999954223633,61.130001068115234,60.34085464477539,9606200
2023-04-24,MU,Micron Technology,60.099998474121094,60.880001068115234,59.349998474121094,59.5099983215332,58.74176788330078,13402600
2023-04-25,MU,Micron Technology,59.130001068115234,59.34000015258789,58.029998779296875,58.13999938964844,57.389442443847656,15987300
2023-04-26,MU,Micron Technology,59.58000183105469,61.18000030517578,59.34000015258789,61.02000045776367,60.232276916503906,25385000
2023-04-27,MU,Micron Technology,60.75,61.959999084472656,60.130001068115234,61.900001525878906,61.100914001464844,13524600
2023-04-28,MU,Micron Technology,62.43000030517578,64.44000244140625,62.29999923706055,64.36000061035156,63.529144287109375,18094700
2023-05-01,MU,Micron Technology,63.88999938964844,64.0999984741211,62.310001373291016,62.349998474121094,61.54509353637695,12823400
2023-05-02,MU,Micron Technology,62.22999954223633,62.58000183105469,61.25,61.900001525878906,61.100914001464844,12237600
2023-05-03,MU,Micron Technology,61.4900016784668,62.18000030517578,60.81999969482422,60.90999984741211,60.123687744140625,10818100
2023-05-04,MU,Micron Technology,60.54999923706055,60.959999084472656,59.900001525878906,60.5099983215332,59.72885513305664,13357900
2023-05-05,MU,Micron Technology,60.61000061035156,61.7400016784668,60.11000061035156,61.22999954223633,60.43955612182617,12312700
2023-05-08,MU,Micron Technology,61.25,61.349998474121094,60.310001373291016,60.869998931884766,60.084205627441406,11510400
2023-05-09,MU,Micron Technology,59.880001068115234,61.38999938964844,59.54999923706055,60.93000030517578,60.143436431884766,11895200
2023-05-10,MU,Micron Technology,61.91999816894531,62.310001373291016,59.790000915527344,59.9900016784668,59.2155647277832,14548700
2023-05-11,MU,Micron Technology,60.59000015258789,61.810001373291016,60.06999969482422,61.61000061035156,60.814659118652344,15536600
2023-05-12,MU,Micron Technology,61.9900016784668,62.189998626708984,60.150001525878906,60.91999816894531,60.133567810058594,12131400
2023-05-15,MU,Micron Technology,62.22999954223633,64.87000274658203,61.79999923706055,64.63999938964844,63.80554962158203,22227200
2023-05-16,MU,Micron Technology,64.55000305175781,65.22000122070312,63.29999923706055,63.72999954223633,62.907291412353516,15259000
2023-05-17,MU,Micron Technology,64.58000183105469,65.31999969482422,63.439998626708984,64.91999816894531,64.0819320678711,15947700
2023-05-18,MU,Micron Technology,65.9800033569336,68.58999633789062,65.08000183105469,67.56999969482422,66.69770050048828,30688000
2023-05-19,MU,Micron Technology,67.56999969482422,68.38999938964844,66.43000030517578,68.16999816894531,67.28997802734375,16812100
2023-05-22,MU,Micron Technology,65.75,66.75,64.76000213623047,66.2300033569336,65.37501525878906,37491000
2023-05-23,MU,Micron Technology,65.8499984741211,67.55999755859375,65.70999908447266,66.01000213623047,65.1578598022461,15896200
2023-05-24,MU,Micron Technology,64.94999694824219,66.7300033569336,64.87999725341797,66.52999877929688,65.67115783691406,15806600
2023-05-25,MU,Micron Technology,69.75,69.87999725341797,67.51000213623047,69.61000061035156,68.71138763427734,29021500
2023-05-26,MU,Micron Technology,69.87999725341797,74.58999633789062,69.80000305175781,73.93000030517578,72.97562408447266,33410000
2023-05-30,MU,Micron Technology,74.38999938964844,74.7699966430664,71.58000183105469,71.69000244140625,70.76453399658203,24454700
2023-05-31,MU,Micron Technology,68.9000015258789,69.8499984741211,67.91999816894531,68.19999694824219,67.31957244873047,30403600
2023-06-01,MU,Micron Technology,68.94000244140625,69.79000091552734,68.0999984741211,69.08999633789062,68.1980972290039,18153000
2023-06-02,MU,Micron Technology,69.98999786376953,70.55000305175781,68.29000091552734,69.16999816894531,68.27704620361328,13468200
2023-06-05,MU,Micron Technology,69.5,69.5,67.51000213623047,67.7699966430664,66.89514923095703,12441100
2023-06-06,MU,Micron Technology,67.02999877929688,68.83999633789062,66.81999969482422,67.54000091552734,66.66809844970703,12476600
2023-06-07,MU,Micron Technology,68.41000366210938,68.66999816894531,66.94000244140625,67.05999755859375,66.19429779052734,14610800
2023-06-08,MU,Micron Technology,66.5,66.5199966430664,64.01000213623047,65.31999969482422,64.47676849365234,25856800
2023-06-09,MU,Micron Technology,65.93000030517578,66.4000015258789,64.47000122070312,65.43000030517578,64.58534240722656,14649300
2023-06-12,MU,Micron Technology,65.83999633789062,67.54000091552734,65.79000091552734,67.44999694824219,66.57926177978516,14731100
2023-06-13,MU,Micron Technology,68.55999755859375,68.87999725341797,67.5999984741211,67.87000274658203,66.99384307861328,11911900
2023-06-14,MU,Micron Technology,67.54000091552734,69.20999908447266,67.5199966430664,69.12000274658203,68.22769927978516,11085800
2023-06-15,MU,Micron Technology,68.58999633789062,69.5199966430664,68.36000061035156,68.81999969482422,67.93157958984375,11842600
2023-06-16,MU,Micron Technology,70.1500015258789,70.5,66.05999755859375,67.66000366210938,66.78656768798828,32259700
2023-06-20,MU,Micron Technology,67.31999969482422,67.62000274658203,65.7699966430664,66.9000015258789,66.0363540649414,13261600
2023-06-21,MU,Micron Technology,66.75,67.19999694824219,65.33999633789062,65.80000305175781,64.9505615234375,10427200
2023-06-22,MU,Micron Technology,65.52999877929688,66.66000366210938,65.51000213623047,66.25,65.39474487304688,8639500
2023-06-23,MU,Micron Technology,65.44999694824219,65.95999908447266,64.83999633789062,65.27999877929688,64.43727111816406,12663600
2023-06-26,MU,Micron Technology,65.62999725341797,66.69999694824219,65.41000366210938,65.44999694824219,64.60508728027344,13815900
2023-06-27,MU,Micron Technology,65.2699966430664,66.83999633789062,63.790000915527344,66.79000091552734,65.92778778076172,18305200
2023-06-28,MU,Micron Technology,65.6500015258789,67.7300033569336,65.38999938964844,67.06999969482422,66.20417022705078,27100100
2023-06-29,MU,Micron Technology,67.83999633789062,67.94999694824219,63.54999923706055,64.33000183105469,63.499549865722656,51141900
2023-06-30,MU,Micron Technology,64.5,65.0999984741211,62.900001525878906,63.11000061035156,62.295291900634766,31549600
2023-07-03,MU,Micron Technology,63.439998626708984,64.31999969482422,63.2599983215332,63.900001525878906,63.07509231567383,12921300
2023-07-05,MU,Micron Technology,63.5,63.75,62.02000045776367,62.060001373291016,61.25885009765625,16553000
2023-07-06,MU,Micron Technology,60.9900016784668,61.790000915527344,60.5,61.22999954223633,60.43955612182617,15607300
2023-07-07,MU,Micron Technology,61.43000030517578,61.4900016784668,60.630001068115234,60.650001525878906,59.97970199584961,15028100
2023-07-10,MU,Micron Technology,60.83000183105469,62.83000183105469,60.58000183105469,62.47999954223633,61.789466857910156,16953100
2023-07-11,MU,Micron Technology,62.599998474121094,63.66999816894531,62.310001373291016,63.599998474121094,62.8970947265625,13454500
2023-07-12,MU,Micron Technology,64.47000122070312,64.69999694824219,63.130001068115234,63.790000915527344,63.08499526977539,13953600
2023-07-13,MU,Micron Technology,64.18000030517578,64.6500015258789,63.54999923706055,64.52999877929688,63.81682205200195,11384700
2023-07-14,MU,Micron Technology,64.30000305175781,65.54000091552734,63.68000030517578,64.08000183105469,63.371795654296875,13860200
2023-07-17,MU,Micron Technology,63.79999923706055,65.66999816894531,63.34000015258789,65.16000366210938,64.43985748291016,11333600
2023-07-18,MU,Micron Technology,64.37000274658203,65.12000274658203,63.75,64.94000244140625,64.22228240966797,10393100
2023-07-19,MU,Micron Technology,65.62999725341797,65.76000213623047,64.80000305175781,64.95999908447266,64.2420654296875,9463900
2023-07-20,MU,Micron Technology,64.4000015258789,65.55000305175781,64.25,64.69000244140625,63.97507095336914,12745100
2023-07-21,MU,Micron Technology,65.29000091552734,66.16000366210938,64.33999633789062,65.6500015258789,64.92443084716797,24540200
2023-07-24,MU,Micron Technology,65.36000061035156,66.63999938964844,65.22000122070312,65.4800033569336,64.75633239746094,10272700
2023-07-25,MU,Micron Technology,65.4000015258789,66.0,65.08000183105469,65.68000030517578,64.9541244506836,8610900
2023-07-26,MU,Micron Technology,65.0,67.87999725341797,65.0,67.37999725341797,66.63531494140625,14920600
2023-07-27,MU,Micron Technology,70.4800033569336,72.33999633789062,69.95999908447266,71.06999969482422,70.28453063964844,25068300
2023-07-28,MU,Micron Technology,71.58000183105469,72.12999725341797,70.66000366210938,71.19999694824219,70.41309356689453,11932900
2023-07-31,MU,Micron Technology,71.12000274658203,71.7699966430664,70.87000274658203,71.38999938964844,70.60101318359375,11193800
2023-08-01,MU,Micron Technology,71.0,71.08000183105469,69.88999938964844,70.76000213623047,69.97797393798828,13141100
2023-08-02,MU,Micron Technology,69.75,69.8499984741211,67.33999633789062,68.16999816894531,67.41658782958984,14004400
2023-08-03,MU,Micron Technology,67.56999969482422,69.38999938964844,67.16000366210938,69.18000030517578,68.41543579101562,11075200
2023-08-04,MU,Micron Technology,69.5,70.93000030517578,69.12999725341797,69.91000366210938,69.1373519897461,11255500
2023-08-07,MU,Micron Technology,69.8499984741211,70.2300033569336,68.83000183105469,69.37999725341797,68.61322021484375,10537500
2023-08-08,MU,Micron Technology,68.69999694824219,68.76000213623047,66.95999908447266,67.6500015258789,66.9023208618164,14767800
2023-08-09,MU,Micron Technology,67.77999877929688,67.97000122070312,66.62000274658203,66.69999694824219,65.96282958984375,10043200
2023-08-10,MU,Micron Technology,67.05999755859375,67.45999908447266,64.93000030517578,65.44000244140625,64.71675872802734,12775300
2023-08-11,MU,Micron Technology,64.9000015258789,65.30999755859375,64.06999969482422,64.37000274658203,63.658592224121094,11823100
2023-08-14,MU,Micron Technology,64.37000274658203,68.4800033569336,64.19999694824219,68.27999877929688,67.5253677368164,21954000
2023-08-15,MU,Micron Technology,67.58999633789062,67.62999725341797,65.31999969482422,65.33000183105469,64.60797119140625,13808500
2023-08-16,MU,Micron Technology,65.0,65.2300033569336,64.08999633789062,64.22000122070312,63.5102424621582,9895400
2023-08-17,MU,Micron Technology,64.48999786376953,64.70999908447266,63.400001525878906,63.560001373291016,62.85753631591797,9933300
2023-08-18,MU,Micron Technology,62.310001373291016,63.86000061035156,61.75,63.59000015258789,62.887210845947266,9576500
2023-08-21,MU,Micron Technology,63.68000030517578,64.19000244140625,62.86000061035156,63.959999084472656,63.253116607666016,11311900
2023-08-22,MU,Micron Technology,64.30000305175781,65.08000183105469,63.290000915527344,63.40999984741211,62.70920181274414,8876000
2023-08-23,MU,Micron Technology,63.56999969482422,65.62000274658203,63.16999816894531,65.19000244140625,64.46952819824219,10747400
2023-08-24,MU,Micron Technology,66.13999938964844,66.23999786376953,63.369998931884766,63.689998626708984,62.98609924316406,12661600
2023-08-25,MU,Micron Technology,63.459999084472656,64.38999938964844,62.630001068115234,63.720001220703125,63.015769958496094,9409000
2023-08-28,MU,Micron Technology,65.72000122070312,66.11000061035156,64.66000366210938,65.30999755859375,64.58819580078125,9904900
2023-08-29,MU,Micron Technology,64.9000015258789,67.02999877929688,64.87000274658203,66.68000030517578,65.94303131103516,9955000
2023-08-30,MU,Micron Technology,67.19000244140625,68.69999694824219,66.5199966430664,68.08999633789062,67.33746337890625,16892200
2023-08-31,MU,Micron Technology,67.97000122070312,70.54000091552734,67.97000122070312,69.94000244140625,69.16703796386719,18420900
2023-09-01,MU,Micron Technology,70.20999908447266,70.62000274658203,69.55000305175781,70.38999938964844,69.61205291748047,10772000
2023-09-05,MU,Micron Technology,69.91000366210938,71.16000366210938,69.52999877929688,70.29000091552734,69.51316833496094,11144300
2023-09-06,MU,Micron Technology,70.12999725341797,70.66000366210938,69.63999938964844,70.41000366210938,69.63185119628906,9192800
2023-09-07,MU,Micron Technology,69.44999694824219,70.29000091552734,69.0999984741211,69.87000274658203,69.0978012084961,12043200
2023-09-08,MU,Micron Technology,69.7699966430664,70.61000061035156,69.61000061035156,70.18000030517578,69.40435791015625,9805000
2023-09-11,MU,Micron Technology,70.83000183105469,70.86000061035156,69.30999755859375,70.02999877929688,69.25603485107422,9310400
2023-09-12,MU,Micron Technology,69.95999908447266,71.69000244140625,69.79000091552734,70.30999755859375,69.53292083740234,11062100
2023-09-13,MU,Micron Technology,71.05000305175781,71.86000061035156,70.36000061035156,70.8499984741211,70.06698608398438,14525500
2023-09-14,MU,Micron Technology,71.66999816894531,72.2300033569336,71.27999877929688,71.79000091552734,70.99658203125,11170300
2023-09-15,MU,Micron Technology,71.29000091552734,71.62999725341797,69.63999938964844,69.87999725341797,69.10769653320312,16416100
2023-09-18,MU,Micron Technology,70.6500015258789,71.05000305175781,69.91000366210938,70.5,69.72083282470703,12735700
2023-09-19,MU,Micron Technology,70.62000274658203,71.05999755859375,69.97000122070312,70.70999908447266,69.92849731445312,10399000
2023-09-20,MU,Micron Technology,70.94999694824219,72.30999755859375,69.6500015258789,69.68000030517578,68.9098892211914,15522100
2023-09-21,MU,Micron Technology,69.0,69.29000091552734,67.83000183105469,67.9000015258789,67.14958190917969,14978600
2023-09-22,MU,Micron Technology,68.58999633789062,69.75,67.79000091552734,68.87999725341797,68.11873626708984,15487200
2023-09-25,MU,Micron Technology,68.29000091552734,69.19000244140625,67.61000061035156,68.58000183105469,67.82205963134766,14900000
2023-09-26,MU,Micron Technology,67.97000122070312,69.05000305175781,67.58999633789062,67.94000244140625,67.18914031982422,12752500
2023-09-27,MU,Micron Technology,68.12000274658203,68.8499984741211,66.75,68.20999908447266,67.45614624023438,20852300
2023-09-28,MU,Micron Technology,65.97000122070312,67.08999633789062,63.83000183105469,65.19999694824219,64.47941589355469,46749800
2023-09-29,MU,Micron Technology,66.36000061035156,68.7300033569336,66.36000061035156,68.02999877929688,67.27813720703125,24315500
2023-10-02,MU,Micron Technology,68.23999786376953,69.27999877929688,67.05999755859375,67.95999908447266,67.20890045166016,14880500
2023-10-03,MU,Micron Technology,67.16999816894531,69.6500015258789,67.11000061035156,67.83000183105469,67.08035278320312,12481500
2023-10-04,MU,Micron Technology,68.30999755859375,68.5,67.12000274658203,68.11000061035156,67.35725402832031,12912800
2023-10-05,MU,Micron Technology,68.61000061035156,69.54000091552734,68.33999633789062,69.05000305175781,68.286865234375,14045000
2023-10-06,MU,Micron Technology,68.70999908447266,70.33000183105469,68.0,69.95999908447266,69.30221557617188,15113400
2023-10-09,MU,Micron Technology,69.61000061035156,69.94999694824219,68.58000183105469,69.4800033569336,68.82674407958984,8588700
2023-10-10,MU,Micron Technology,69.48999786376953,70.11000061035156,68.88999938964844,69.06999969482422,68.42057800292969,9007600
2023-10-11,MU,Micron Technology,69.72000122070312,70.2699966430664,68.93000030517578,70.20999908447266,69.54985809326172,11165300
2023-10-12,MU,Micron Technology,70.38999938964844,70.72000122070312,69.30000305175781,69.75,69.09420013427734,11408700
2023-10-13,MU,Micron Technology,69.87000274658203,70.05999755859375,69.08999633789062,69.20999908447266,68.55927276611328,10287900
2023-10-16,MU,Micron Technology,69.01000213623047,70.02999877929688,68.13999938964844,69.08000183105469,68.43051147460938,11294100
2023-10-17,MU,Micron Technology,68.06999969482422,69.62999725341797,67.62000274658203,69.0,68.35124969482422,11843000
2023-10-18,MU,Micron Technology,68.01000213623047,69.55000305175781,67.9800033569336,69.13999938964844,68.48994445800781,11201000
2023-10-19,MU,Micron Technology,69.68000030517578,69.77999877929688,67.18000030517578,67.52999877929688,66.89506530761719,18111000
2023-10-20,MU,Micron Technology,67.55999755859375,68.5199966430664,67.13999938964844,67.22000122070312,66.5879898071289,11506100
2023-10-23,MU,Micron Technology,66.81999969482422,68.16000366210938,66.2300033569336,66.87999725341797,66.25116729736328,9762000
2023-10-24,MU,Micron Technology,67.29000091552734,68.3499984741211,67.12999725341797,68.06999969482422,67.43000793457031,8450700
2023-10-25,MU,Micron Technology,68.48999786376953,69.19999694824219,65.9000015258789,66.5,65.87476348876953,11924300
2023-10-26,MU,Micron Technology,66.44999694824219,67.44000244140625,63.880001068115234,64.52999877929688,63.92327117919922,16697900
2023-10-27,MU,Micron Technology,64.91999816894531,66.2699966430664,64.87999725341797,65.6500015258789,65.03274536132812,9980300
2023-10-30,MU,Micron Technology,66.36000061035156,67.55000305175781,65.16999816894531,66.06999969482422,65.44879913330078,10667700
2023-10-31,MU,Micron Technology,66.08000183105469,67.06999969482422,65.26000213623047,66.87000274658203,66.24128723144531,8268400
2023-11-01,MU,Micron Technology,67.0,69.66000366210938,67.0,69.4000015258789,68.74749755859375,16777500
2023-11-02,MU,Micron Technology,70.31999969482422,71.02999877929688,69.75,70.44000244140625,69.7777099609375,11926000
2023-11-03,MU,Micron Technology,71.30000305175781,73.19000244140625,71.1500015258789,72.58000183105469,71.89759826660156,14457900
2023-11-06,MU,Micron Technology,72.58000183105469,72.98999786376953,72.0199966430664,72.91999816894531,72.23439025878906,10073900
2023-11-07,MU,Micron Technology,72.4800033569336,73.12999725341797,71.70999908447266,72.80000305175781,72.11552429199219,8248400
2023-11-08,MU,Micron Technology,72.62000274658203,72.77999877929688,71.72000122070312,72.27999877929688,71.60041046142578,9917600
2023-11-09,MU,Micron Technology,73.55000305175781,76.0999984741211,73.5,73.56999969482422,72.87828826904297,22435900
2023-11-10,MU,Micron Technology,74.44000244140625,75.80999755859375,73.56999969482422,75.36000061035156,74.65145111083984,12306000
2023-11-13,MU,Micron Technology,74.1500015258789,75.19999694824219,73.38999938964844,74.77999877929688,74.076904296875,9116000
2023-11-14,MU,Micron Technology,76.0,77.44999694824219,75.91000366210938,77.16999816894531,76.44442749023438,12972700
2023-11-15,MU,Micron Technology,77.5,77.5,76.30999755859375,77.13999938964844,76.41471862792969,9954000
2023-11-16,MU,Micron Technology,76.88999938964844,77.4800033569336,76.4800033569336,76.66999816894531,75.94913482666016,12989000
2023-11-17,MU,Micron Technology,76.5999984741211,77.94000244140625,76.47000122070312,77.55999755859375,76.83077239990234,9376900
2023-11-20,MU,Micron Technology,77.33999633789062,78.91000366210938,77.12999725341797,78.62000274658203,77.88081359863281,11424100
2023-11-21,MU,Micron Technology,77.8499984741211,77.93000030517578,76.30999755859375,76.70999908447266,75.98876190185547,12016700
2023-11-22,MU,Micron Technology,77.19999694824219,78.44999694824219,76.8499984741211,77.0999984741211,76.37509155273438,8579500
2023-11-24,MU,Micron Technology,76.68000030517578,77.01000213623047,76.37000274658203,76.87000274658203,76.14724731445312,4349600
2023-11-27,MU,Micron Technology,76.87000274658203,78.29000091552734,76.66000366210938,77.51000213623047,76.78123474121094,11005600
2023-11-28,MU,Micron Technology,75.08000183105469,76.23999786376953,73.98999786376953,76.12000274658203,75.404296875,19225700
2023-11-29,MU,Micron Technology,77.44999694824219,79.0199966430664,76.37999725341797,76.69000244140625,75.96894836425781,14062900
2023-11-30,MU,Micron Technology,76.81999969482422,77.0,74.97000122070312,76.12000274658203,75.404296875,21701600
2023-12-01,MU,Micron Technology,76.01000213623047,76.54000091552734,75.08999633789062,75.93000030517578,75.21610260009766,14354700
2023-12-04,MU,Micron Technology,75.41999816894531,75.5999984741211,73.33000183105469,74.29000091552734,73.59151458740234,11659300
2023-12-05,MU,Micron Technology,73.47000122070312,73.97000122070312,73.04000091552734,73.69000244140625,72.99716186523438,8800500
2023-12-06,MU,Micron Technology,75.30000305175781,75.4000015258789,72.93000030517578,73.12999725341797,72.44242095947266,8883900
2023-12-07,MU,Micron Technology,74.0199966430664,74.20999908447266,72.98999786376953,73.6500015258789,72.95753479003906,10641300
2023-12-08,MU,Micron Technology,73.4800033569336,75.3499984741211,73.43000030517578,74.95999908447266,74.25521850585938,12007100
2023-12-11,MU,Micron Technology,77.19000244140625,78.51000213623047,76.97000122070312,77.79000091552734,77.0586166381836,18547600
2023-12-12,MU,Micron Technology,77.41999816894531,78.26000213623047,77.0999984741211,78.16000366210938,77.42512512207031,10262100
2023-12-13,MU,Micron Technology,78.30000305175781,80.2699966430664,78.02999877929688,79.79000091552734,79.03981018066406,11629900
2023-12-14,MU,Micron Technology,80.80999755859375,82.4000015258789,80.79000091552734,82.19000244140625,81.41724395751953,17342800
2023-12-15,MU,Micron Technology,82.88999938964844,82.98999786376953,81.11000061035156,81.41000366210938,80.64458465576172,19547800
2023-12-18,MU,Micron Technology,81.58999633789062,81.86000061035156,80.80999755859375,81.55999755859375,80.79315185546875,12416600
2023-12-19,MU,Micron Technology,81.66999816894531,82.2699966430664,81.16999816894531,82.16999816894531,81.39742279052734,14316400
2023-12-20,MU,Micron Technology,81.45999908447266,81.62000274658203,78.62999725341797,78.69000244140625,77.95014190673828,29085000
2023-12-21,MU,Micron Technology,85.0,86.0199966430664,83.11000061035156,85.4800033569336,84.67630004882812,53969700
2023-12-22,MU,Micron Technology,86.1500015258789,87.48999786376953,85.62000274658203,86.48999786376953,85.67680358886719,22531800
2023-12-26,MU,Micron Technology,86.69999694824219,87.87000274658203,86.43000030517578,87.05999755859375,86.24143981933594,11203900
2023-12-27,MU,Micron Technology,87.4800033569336,87.48999786376953,86.22000122070312,86.66000366210938,85.84520721435547,9186300
2023-12-28,MU,Micron Technology,86.75,86.75,85.83999633789062,86.0,85.19141387939453,9606200
2023-12-29,MU,Micron Technology,85.83999633789062,86.13999938964844,85.02999877929688,85.33999633789062,84.65082550048828,8549200
2024-01-02,MU,Micron Technology,84.0,84.08000183105469,81.75,82.33999633789062,81.67504119873047,13597100
2024-01-03,MU,Micron Technology,81.19999694824219,82.58999633789062,80.58000183105469,82.26000213623047,81.59569549560547,12915600
2024-01-04,MU,Micron Technology,83.47000122070312,84.26000213623047,82.61000061035156,82.70999908447266,82.04206085205078,19134200
2024-01-05,MU,Micron Technology,81.4800033569336,83.52999877929688,81.01000213623047,83.44999694824219,82.77607727050781,15483700
2024-01-08,MU,Micron Technology,83.88999938964844,85.51000213623047,83.83000183105469,84.94999694824219,84.26396942138672,16219800
2024-01-09,MU,Micron Technology,83.12999725341797,84.19000244140625,82.9000015258789,83.33000183105469,82.65705108642578,12138700
2024-01-10,MU,Micron Technology,82.95999908447266,83.0199966430664,81.66000366210938,82.37999725341797,81.71471405029297,10748600
2024-01-11,MU,Micron Technology,82.80000305175781,83.44999694824219,81.81999969482422,83.38999938964844,82.716552734375,10579300
2024-01-12,MU,Micron Technology,82.75,83.05000305175781,81.70999908447266,82.38999938964844,81.72464752197266,10187500
2024-01-16,MU,Micron Technology,82.54000091552734,85.22000122070312,82.33000183105469,84.61000061035156,83.92669677734375,13713500
2024-01-17,MU,Micron Technology,83.69000244140625,83.97000122070312,82.62999725341797,83.27999877929688,82.60743713378906,10245400
2024-01-18,MU,Micron Technology,85.22000122070312,85.81999969482422,84.04000091552734,84.81999969482422,84.13501739501953,15077700
2024-01-19,MU,Micron Technology,86.05999755859375,87.79000091552734,85.62000274658203,87.51000213623047,86.80329895019531,18156800
2024-01-22,MU,Micron Technology,88.2699966430664,89.94999694824219,88.01000213623047,89.23999786376953,88.51932525634766,14371200
2024-01-23,MU,Micron Technology,89.0,89.18000030517578,86.87999725341797,87.52999877929688,86.82313537597656,16850900
2024-01-24,MU,Micron Technology,88.41000366210938,88.56999969482422,86.61000061035156,88.08000183105469,87.36869812011719,19752800
2024-01-25,MU,Micron Technology,89.1500015258789,90.04000091552734,88.5,89.19999694824219,88.4796371459961,15892400
2024-01-26,MU,Micron Technology,87.23999786376953,88.5,86.29000091552734,88.05000305175781,87.33893585205078,14934500
2024-01-29,MU,Micron Technology,88.5,89.56999969482422,88.0199966430664,89.06999969482422,88.35070037841797,12108100
2024-01-30,MU,Micron Technology,88.08000183105469,88.79000091552734,85.76000213623047,86.16000366210938,85.4642105102539,12980400
2024-01-31,MU,Micron Technology,84.95999908447266,86.91999816894531,84.79000091552734,85.75,85.05751037597656,11396700
2024-02-01,MU,Micron Technology,86.06999969482422,86.19000244140625,84.62000274658203,85.61000061035156,84.91864013671875,10459000
2024-02-02,MU,Micron Technology,85.06999969482422,86.61000061035156,84.94000244140625,86.4800033569336,85.78160858154297,10450000
2024-02-05,MU,Micron Technology,86.73999786376953,87.22000122070312,85.61000061035156,86.9800033569336,86.277587890625,8409300
2024-02-06,MU,Micron Technology,86.83000183105469,87.19000244140625,83.72000122070312,84.5999984741211,83.91680145263672,12990300
2024-02-07,MU,Micron Technology,84.13999938964844,85.27999877929688,82.47000122070312,85.16999816894531,84.48219299316406,16374800
2024-02-08,MU,Micron Technology,85.51000213623047,86.02999877929688,84.52999877929688,84.87999725341797,84.19452667236328,12524500
2024-02-09,MU,Micron Technology,85.05999755859375,85.62000274658203,83.95999908447266,85.55999755859375,84.86903381347656,12161500
2024-02-12,MU,Micron Technology,85.52999877929688,86.91000366210938,85.38999938964844,85.69999694824219,85.00791931152344,10366000
2024-02-13,MU,Micron Technology,82.47000122070312,83.55000305175781,80.7699966430664,81.52999877929688,80.87158966064453,21207900
2024-02-14,MU,Micron Technology,82.18000030517578,83.18000030517578,81.48999786376953,81.83000183105469,81.1691665649414,12870900
2024-02-15,MU,Micron Technology,82.23999786376953,82.70999908447266,81.51000213623047,81.62999725341797,80.97077178955078,11527600
2024-02-16,MU,Micron Technology,80.95999908447266,81.33999633789062,79.25,79.5,78.85797882080078,15553100
2024-02-20,MU,Micron Technology,79.33000183105469,80.7699966430664,79.1500015258789,80.70999908447266,80.0582046508789,12627200
2024-02-21,MU,Micron Technology,80.79000091552734,81.5,79.94000244140625,81.48999786376953,80.8319091796875,9913300
2024-02-22,MU,Micron Technology,85.0,86.30999755859375,83.87999725341797,85.91000366210938,85.21622467041016,17510900
2024-02-23,MU,Micron Technology,86.55000305175781,86.81999969482422,85.05000305175781,86.0,85.30548095703125,10232800
2024-02-26,MU,Micron Technology,89.68000030517578,92.3499984741211,88.9000015258789,89.45999908447266,88.73753356933594,28920100
2024-02-27,MU,Micron Technology,91.88999938964844,92.75,90.48999786376953,91.8499984741211,91.1082534790039,21422700
2024-02-28,MU,Micron Technology,90.45999908447266,90.79000091552734,89.30000305175781,89.70999908447266,88.98553466796875,14190700
2024-02-29,MU,Micron Technology,90.6500015258789,90.83000183105469,88.81999969482422,90.61000061035156,89.87826538085938,17027000
2024-03-01,MU,Micron Technology,91.91999816894531,96.05999755859375,91.91999816894531,95.1500015258789,94.38159942626953,23446200
2024-03-04,MU,Micron Technology,96.93000030517578,97.37999725341797,94.62000274658203,95.7699966430664,94.99658203125,20913200
2024-03-05,MU,Micron Technology,94.25,95.37000274658203,93.27999877929688,94.47000122070312,93.70707702636719,12887500
2024-03-06,MU,Micron Technology,95.05000305175781,96.43000030517578,94.55999755859375,95.55999755859375,94.78828430175781,14232400
2024-03-07,MU,Micron Technology,98.93000030517578,99.69000244140625,97.47000122070312,98.9800033569336,98.18067169189453,24843300
2024-03-08,MU,Micron Technology,99.87999725341797,101.8499984741211,97.31999969482422,97.62000274658203,96.83164978027344,22379000
2024-03-11,MU,Micron Technology,95.9000015258789,96.45999908447266,93.52999877929688,94.51000213623047,93.74676513671875,15673300
2024-03-12,MU,Micron Technology,95.33000183105469,97.5,93.63999938964844,97.41999816894531,96.63327026367188,14993700
2024-03-13,MU,Micron Technology,95.31999969482422,95.33999633789062,93.0999984741211,94.16000366210938,93.39958953857422,16732600
2024-03-14,MU,Micron Technology,93.30000305175781,93.44999694824219,90.30000305175781,91.43000030517578,90.69163513183594,16718900
2024-03-15,MU,Micron Technology,92.4800033569336,94.69999694824219,92.0199966430664,93.25,92.4969482421875,29579500
2024-03-18,MU,Micron Technology,96.81999969482422,97.08000183105469,93.69000244140625,93.77999877929688,93.02265930175781,23140300
2024-03-19,MU,Micron Technology,92.58000183105469,94.16000366210938,91.0,94.0,93.24088287353516,21054700
2024-03-20,MU,Micron Technology,94.98999786376953,96.68000030517578,93.58999633789062,96.25,95.47271728515625,39807400
2024-03-21,MU,Micron Technology,113.37000274658203,113.5,108.77999877929688,109.8499984741211,108.96287536621094,89554100
2024-03-22,MU,Micron Technology,109.30999755859375,111.33999633789062,107.05000305175781,110.20999908447266,109.3199691772461,37281400
2024-03-25,MU,Micron Technology,110.23999786376953,121.41000366210938,110.16000366210938,117.12999725341797,116.18409729003906,55766100
2024-03-26,MU,Micron Technology,119.0,122.45999908447266,118.16999816894531,118.80000305175781,117.8405990600586,44295100
2024-03-27,MU,Micron Technology,119.30000305175781,120.11000061035156,117.08000183105469,119.25,118.28697967529297,29320700
2024-03-28,MU,Micron Technology,119.44000244140625,119.62999725341797,117.3499984741211,117.88999938964844,117.05082702636719,21047800
2024-04-01,MU,Micron Technology,119.19999694824219,127.37999725341797,119.0,124.30000305175781,123.41520690917969,44309400
2024-04-02,MU,Micron Technology,122.70999908447266,123.68000030517578,120.91999816894531,122.75,121.87625122070312,25026400
2024-04-03,MU,Micron Technology,122.19999694824219,128.27999877929688,121.33000183105469,128.00999450683594,127.09880065917969,40130100
2024-04-04,MU,Micron Technology,130.17999267578125,130.5399932861328,123.6500015258789,124.08999633789062,123.2066879272461,36009900
2024-04-05,MU,Micron Technology,124.4000015258789,125.69000244140625,121.19999694824219,123.58000183105469,122.70033264160156,23326500
2024-04-08,MU,Micron Technology,129.05999755859375,129.6999969482422,122.61000061035156,122.94999694824219,122.07481384277344,27955800
2024-04-09,MU,Micron Technology,124.88999938964844,126.13999938964844,121.2699966430664,122.62999725341797,121.75709533691406,19212900
2024-04-10,MU,Micron Technology,120.0,124.4800033569336,119.93000030517578,122.19999694824219,121.33015441894531,22242300
2024-04-11,MU,Micron Technology,122.9000015258789,127.55999755859375,122.08000183105469,127.51000213623047,126.60235595703125,21745300
2024-04-12,MU,Micron Technology,125.25,125.98999786376953,121.83000183105469,122.5199966430664,121.64788055419922,24808200
2024-04-15,MU,Micron Technology,123.62999725341797,124.77999877929688,120.61000061035156,121.37000274658203,120.50606536865234,17732600
2024-04-16,MU,Micron Technology,119.52999877929688,122.55000305175781,118.36000061035156,121.7699966430664,120.90320587158203,17452400
2024-04-17,MU,Micron Technology,122.0199966430664,124.41999816894531,116.19999694824219,116.33000183105469,115.50193786621094,25546500
2024-04-18,MU,Micron Technology,116.0,117.62000274658203,111.4800033569336,111.93000030517578,111.13323974609375,32146900
2024-04-19,MU,Micron Technology,109.66000366210938,110.87999725341797,105.72000122070312,106.7699966430664,106.0099868774414,33787500
2024-04-22,MU,Micron Technology,107.5999984741211,110.2300033569336,106.62999725341797,109.12000274658203,108.34325408935547,19820900
2024-04-23,MU,Micron Technology,109.70999908447266,112.88999938964844,108.91000366210938,112.45999908447266,111.65948486328125,17887500
2024-04-24,MU,Micron Technology,112.72000122070312,113.94999694824219,109.2300033569336,111.77999877929688,110.98431396484375,20505900
2024-04-25,MU,Micron Technology,109.37000274658203,113.05999755859375,108.06999969482422,111.58000183105469,110.7857437133789,18342800
2024-04-26,MU,Micron Technology,112.0,115.05999755859375,111.5999984741211,114.83999633789062,114.02253723144531,20630700
2024-04-29,MU,Micron Technology,113.80999755859375,114.75,112.11000061035156,114.36000061035156,113.54596710205078,14419100
2024-04-30,MU,Micron Technology,114.18000030517578,116.27999877929688,112.93000030517578,112.95999908447266,112.15592193603516,14845600
2024-05-01,MU,Micron Technology,110.5199966430664,113.7300033569336,108.75,109.69999694824219,108.91912841796875,16686200
2024-05-02,MU,Micron Technology,111.73999786376953,112.41000366210938,109.43000030517578,112.33000183105469,111.53040313720703,15439200
2024-05-03,MU,Micron Technology,115.02999877929688,115.4800033569336,113.44999694824219,114.69999694824219,113.883544921875,15564400
2024-05-06,MU,Micron Technology,119.77999877929688,121.37000274658203,118.0199966430664,120.12999725341797,119.2748794555664,22538700
2024-05-07,MU,Micron Technology,120.1500015258789,121.41000366210938,119.18000030517578,119.20999908447266,118.36144256591797,12508300
2024-05-08,MU,Micron Technology,118.30000305175781,120.47000122070312,118.22000122070312,119.31999969482422,118.47066497802734,10867900
2024-05-09,MU,Micron Technology,119.31999969482422,119.62999725341797,117.44000244140625,117.80999755859375,116.97138977050781,11524800
2024-05-10,MU,Micron Technology,120.04000091552734,121.8499984741211,119.18000030517578,121.23999786376953,120.37699127197266,13922400
2024-05-13,MU,Micron Technology,122.93000030517578,124.11000061035156,121.6500015258789,123.0,122.12445831298828,16643200
2024-05-14,MU,Micron Technology,122.98999786376953,125.04000091552734,121.66999816894531,124.80999755859375,123.92156982421875,13887700
2024-05-15,MU,Micron Technology,126.2300033569336,127.94999694824219,125.44000244140625,127.80999755859375,126.90021514892578,14265100
2024-05-16,MU,Micron Technology,127.93000030517578,130.1300048828125,127.05000305175781,127.88999938964844,126.9796371459961,15874700
2024-05-17,MU,Micron Technology,128.36000061035156,129.02999877929688,124.86000061035156,125.29000091552734,124.39815521240234,13774700
2024-05-20,MU,Micron Technology,127.12999725341797,131.02000427246094,126.63999938964844,129.0,128.0817413330078,19123200
2024-05-21,MU,Micron Technology,124.19999694824219,128.82000732421875,123.27999877929688,127.5,126.59243774414062,15717800
2024-05-22,MU,Micron Technology,127.79000091552734,127.87000274658203,125.23999786376953,126.27999877929688,125.38111114501953,11190100
2024-05-23,MU,Micron Technology,131.77000427246094,131.9499969482422,124.66000366210938,126.2699966430664,125.37117767333984,20747400
2024-05-24,MU,Micron Technology,127.81999969482422,130.39999389648438,126.5999984741211,129.49000549316406,128.56825256347656,14048900
2024-05-28,MU,Micron Technology,131.75999450683594,133.3000030517578,129.27000427246094,132.6699981689453,131.72561645507812,14143000
2024-05-29,MU,Micron Technology,130.0,133.10000610351562,129.89999389648438,131.5800018310547,130.6433868408203,11242500
2024-05-30,MU,Micron Technology,130.3000030517578,131.6699981689453,125.69999694824219,126.29000091552734,125.39102935791016,12639700
2024-05-31,MU,Micron Technology,126.3499984741211,127.31999969482422,121.01000213623047,125.0,124.11021423339844,24153800
2024-06-03,MU,Micron Technology,128.1300048828125,128.83999633789062,125.1500015258789,128.1699981689453,127.25765228271484,16134300
2024-06-04,MU,Micron Technology,127.3499984741211,127.86000061035156,125.41999816894531,126.63999938964844,125.73854064941406,12995500
2024-06-05,MU,Micron Technology,128.8000030517578,133.8699951171875,127.6500015258789,133.7100067138672,132.7582244873047,22301800
2024-06-06,MU,Micron Technology,133.83999633789062,134.1300048828125,129.17999267578125,130.07000732421875,129.14413452148438,15505000
2024-06-07,MU,Micron Technology,130.2100067138672,132.5399932861328,129.6199951171875,130.94000244140625,130.0079345703125,12139500
2024-06-10,MU,Micron Technology,129.7100067138672,135.6699981689453,129.7100067138672,134.82000732421875,133.86033630371094,14652100
2024-06-11,MU,Micron Technology,135.32000732421875,135.85000610351562,131.77999877929688,135.07000732421875,134.10850524902344,14125000
2024-06-12,MU,Micron Technology,138.50999450683594,141.7100067138672,136.8300018310547,140.75,139.7481231689453,16973600
2024-06-13,MU,Micron Technology,142.7899932861328,144.22000122070312,140.25999450683594,143.13999938964844,142.12110900878906,16312900
2024-06-14,MU,Micron Technology,141.8000030517578,142.49000549316406,139.64999389648438,141.36000061035156,140.353759765625,14028500
2024-06-17,MU,Micron Technology,145.5800018310547,148.75,142.13999938964844,147.8300018310547,146.7777099609375,23909000
2024-06-18,MU,Micron Technology,151.74000549316406,157.5399932861328,151.50999450683594,153.4499969482422,152.3577117919922,42192600
2024-06-20,MU,Micron Technology,157.00999450683594,157.41000366210938,142.91000366210938,144.19000244140625,143.1636199951172,41285000
2024-06-21,MU,Micron Technology,137.64999389648438,142.60000610351562,135.6999969482422,139.5399932861328,138.54672241210938,49893500
2024-06-24,MU,Micron Technology,142.44000244140625,142.8300018310547,137.88999938964844,139.00999450683594,138.02049255371094,32410100
2024-06-25,MU,Micron Technology,140.07000732421875,141.1300048828125,137.75,141.1199951171875,140.11544799804688,31160600
2024-06-26,MU,Micron Technology,143.0399932861328,144.07000732421875,139.5399932861328,142.36000061035156,141.34666442871094,55490300
2024-06-27,MU,Micron Technology,135.7899932861328,137.38999938964844,131.0800018310547,132.22999572753906,131.28875732421875,68172700
2024-06-28,MU,Micron Technology,132.82000732421875,135.4199981689453,130.75,131.52999877929688,130.59371948242188,38140600
2024-07-01,MU,Micron Technology,130.5,132.0800018310547,127.2699966430664,131.52000427246094,130.58380126953125,24749000
2024-07-02,MU,Micron Technology,129.91000366210938,132.7100067138672,129.4199981689453,132.58999633789062,131.64617919921875,20776000
2024-07-03,MU,Micron Technology,132.66000366210938,136.82000732421875,132.42999267578125,136.82000732421875,135.84608459472656,14507100
2024-07-05,MU,Micron Technology,136.82000732421875,137.1300048828125,130.91000366210938,131.60000610351562,130.66323852539062,30104600
2024-07-08,MU,Micron Technology,131.2899932861328,133.27000427246094,130.08999633789062,130.69000244140625,129.87319946289062,20500700
2024-07-09,MU,Micron Technology,131.75,135.2100067138672,130.8800048828125,131.13999938964844,130.32041931152344,21850900
2024-07-10,MU,Micron Technology,133.10000610351562,136.5,132.6999969482422,136.38999938964844,135.53759765625,22460200
2024-07-11,MU,Micron Technology,136.36000061035156,136.42999267578125,130.07000732421875,130.22999572753906,129.4160919189453,25401500
2024-07-12,MU,Micron Technology,131.75,134.42999267578125,130.72000122070312,133.5500030517578,132.71534729003906,20726900
2024-07-15,MU,Micron Technology,133.91000366210938,135.35000610351562,130.02999877929688,130.8699951171875,130.05209350585938,20416000
2024-07-16,MU,Micron Technology,130.4199981689453,130.97000122070312,127.23999786376953,127.48999786376953,126.69319915771484,21312600
2024-07-17,MU,Micron Technology,122.58000183105469,123.02999877929688,119.2300033569336,119.5,118.75315856933594,31414100
2024-07-18,MU,Micron Technology,120.5,121.63999938964844,114.08999633789062,117.44999694824219,116.71595764160156,30404900
2024-07-19,MU,Micron Technology,116.69000244140625,117.20999908447266,113.8499984741211,114.26000213623047,113.5458984375,18038900
2024-07-22,MU,Micron Technology,115.36000061035156,115.58000183105469,113.63999938964844,115.27999877929688,114.55951690673828,23837800
2024-07-23,MU,Micron Technology,115.12999725341797,116.33999633789062,113.83000183105469,114.25,113.53595733642578,14707700
2024-07-24,MU,Micron Technology,111.47000122070312,114.04000091552734,110.0,110.27999877929688,109.59076690673828,25261000
2024-07-25,MU,Micron Technology,106.80000305175781,110.69999694824219,105.04000091552734,107.44999694824219,106.77845001220703,29068400
2024-07-26,MU,Micron Technology,110.0,110.62999725341797,107.77999877929688,109.41000366210938,108.72620391845703,18547900
2024-07-29,MU,Micron Technology,110.54000091552734,111.02999877929688,107.13999938964844,107.8499984741211,107.17594909667969,13517700
2024-07-30,MU,Micron Technology,109.0,109.25,102.16999816894531,102.55999755859375,101.91900634765625,23915100
2024-07-31,MU,Micron Technology,109.8499984741211,111.33999633789062,107.75,109.81999969482422,109.1336441040039,26503600
2024-08-01,MU,Micron Technology,107.18000030517578,107.86000061035156,99.94999694824219,101.51000213623047,100.87557220458984,31643700
2024-08-02,MU,Micron Technology,97.16000366210938,97.69000244140625,91.06999969482422,92.69999694824219,92.12064361572266,36039400
2024-08-05,MU,Micron Technology,87.62999725341797,92.25,84.91000366210938,90.41999816894531,89.85489654541016,36977600
2024-08-06,MU,Micron Technology,89.19999694824219,90.86000061035156,87.1500015258789,89.0,88.44376373291016,26460000
2024-08-07,MU,Micron Technology,93.37999725341797,93.58000183105469,86.58000183105469,86.80000305175781,86.25752258300781,29483800
2024-08-08,MU,Micron Technology,88.4800033569336,92.8499984741211,88.02999877929688,92.06999969482422,91.49458312988281,24760700
2024-08-09,MU,Micron Technology,91.79000091552734,94.52999877929688,91.44999694824219,93.08000183105469,92.4982681274414,21627200
2024-08-12,MU,Micron Technology,93.0999984741211,96.52999877929688,92.62999725341797,94.63999938964844,94.04852294921875,18886600
2024-08-13,MU,Micron Technology,96.62000274658203,97.77999877929688,94.91000366210938,97.44000244140625,96.83102416992188,23565500
2024-08-14,MU,Micron Technology,101.0,101.94999694824219,98.06999969482422,100.41000366210938,99.78245544433594,22459000
2024-08-15,MU,Micron Technology,103.51000213623047,108.05000305175781,102.75,106.94999694824219,106.28158569335938,29128000
2024-08-16,MU,Micron Technology,106.83000183105469,109.47000122070312,105.3499984741211,107.98999786376953,107.31510162353516,18383300
2024-08-19,MU,Micron Technology,107.25,108.72000122070312,104.76000213623047,108.62999725341797,107.95108032226562,15744600
2024-08-20,MU,Micron Technology,108.33000183105469,109.19000244140625,106.16000366210938,107.98999786376953,107.31510162353516,16075500
2024-08-21,MU,Micron Technology,108.16000366210938,108.4000015258789,106.20999908447266,108.33000183105469,107.65296936035156,13658900
2024-08-22,MU,Micron Technology,108.94999694824219,111.0,103.95999908447266,104.26000213623047,103.6083984375,17967000
2024-08-23,MU,Micron Technology,103.04000091552734,104.41000366210938,100.30999755859375,102.8499984741211,102.20720672607422,25465100
2024-08-26,MU,Micron Technology,100.66999816894531,102.19000244140625,97.61000061035156,98.91000366210938,98.29183959960938,26752300
2024-08-27,MU,Micron Technology,97.08999633789062,98.48999786376953,96.66999816894531,97.86000061035156,97.24839782714844,17234600
2024-08-28,MU,Micron Technology,97.36000061035156,97.68000030517578,92.69999694824219,94.86000061035156,94.26713562011719,25564300
2024-08-29,MU,Micron Technology,96.55999755859375,97.9800033569336,94.98999786376953,95.56999969482422,94.97270965576172,18984300
2024-08-30,MU,Micron Technology,96.91999816894531,98.41000366210938,94.98999786376953,96.23999786376953,95.63851165771484,18819400
2024-09-03,MU,Micron Technology,93.62999725341797,93.87999725341797,88.30999755859375,88.58000183105469,88.0263900756836,28897200
2024-09-04,MU,Micron Technology,88.36000061035156,90.7300033569336,87.80999755859375,89.29000091552734,88.7319564819336,16356500
2024-09-05,MU,Micron Technology,88.0999984741211,90.69999694824219,87.76000213623047,89.38999938964844,88.83132934570312,13890700
2024-09-06,MU,Micron Technology,89.37000274658203,89.6500015258789,85.26000213623047,86.37999725341797,85.84013366699219,23587100
2024-09-09,MU,Micron Technology,87.8499984741211,87.95999908447266,85.01000213623047,86.2699966430664,85.73082733154297,20526400
2024-09-10,MU,Micron Technology,86.97000122070312,87.19000244140625,84.87000274658203,86.8499984741211,86.30720520019531,17019000
2024-09-11,MU,Micron Technology,88.19999694824219,90.83000183105469,86.08000183105469,90.6500015258789,90.08345794677734,20879600
2024-09-12,MU,Micron Technology,87.0999984741211,88.02999877929688,84.12000274658203,87.20999908447266,86.66494750976562,30900000
2024-09-13,MU,Micron Technology,88.08999633789062,91.47000122070312,87.87000274658203,91.22000122070312,90.64988708496094,21267200
2024-09-16,MU,Micron Technology,87.23999786376953,88.23999786376953,85.91999816894531,87.18000030517578,86.63514709472656,26494300
2024-09-17,MU,Micron Technology,88.05999755859375,89.56999969482422,87.54000091552734,88.7300033569336,88.17546081542969,17744800
2024-09-18,MU,Micron Technology,87.98999786376953,89.19999694824219,86.70999908447266,87.3499984741211,86.80406951904297,20130600
2024-09-19,MU,Micron Technology,89.3499984741211,90.38999938964844,87.58000183105469,89.25,88.69219970703125,25208900
2024-09-20,MU,Micron Technology,88.4000015258789,90.97000122070312,88.33000183105469,90.9000015258789,90.33189392089844,28711000
2024-09-23,MU,Micron Technology,92.68000030517578,94.80000305175781,92.58000183105469,93.56999969482422,92.98519134521484,23394100
2024-09-24,MU,Micron Technology,94.7300033569336,95.0,92.76000213623047,94.0,93.41251373291016,23043200
2024-09-25,MU,Micron Technology,94.16000366210938,96.18000030517578,93.93000030517578,95.7699966430664,95.17145538330078,54762900
2024-09-26,MU,Micron Technology,113.0999984741211,114.80000305175781,107.52999877929688,109.87999725341797,109.19326782226562,107965900
2024-09-27,MU,Micron Technology,110.5,110.97000122070312,107.02999877929688,107.5,106.8281478881836,42960200
2024-09-30,MU,Micron Technology,106.08000183105469,106.75,102.26000213623047,103.70999908447266,103.06183624267578,39544700
2024-10-01,MU,Micron Technology,103.4000015258789,104.19999694824219,98.94000244140625,100.30999755859375,99.68307495117188,34309800
2024-10-02,MU,Micron Technology,100.58999633789062,102.12000274658203,99.33000183105469,99.8499984741211,99.2259521484375,26334900
2024-10-03,MU,Micron Technology,99.47000122070312,102.52999877929688,99.4000015258789,101.81999969482422,101.18363952636719,22176700
2024-10-04,MU,Micron Technology,103.6500015258789,104.23999786376953,101.4000015258789,102.25,101.6109619140625,21911200
2024-10-07,MU,Micron Technology,102.16000366210938,104.58999633789062,100.80999755859375,102.91000366210938,102.3819808959961,21749300
2024-10-08,MU,Micron Technology,102.18000030517578,102.94000244140625,101.26000213623047,102.54000091552734,102.01387786865234,18858300
2024-10-09,MU,Micron Technology,102.25,102.29000091552734,100.31999969482422,101.69999694824219,101.17819213867188,18442700
2024-10-10,MU,Micron Technology,101.37000274658203,106.58000183105469,100.8499984741211,105.69000244140625,105.14772033691406,27605600
2024-10-11,MU,Micron Technology,105.04000091552734,107.6500015258789,104.98999786376953,106.91999816894531,106.37140655517578,19133900
2024-10-14,MU,Micron Technology,107.80999755859375,108.70999908447266,106.80000305175781,108.33999633789062,107.78411102294922,15021900
2024-10-15,MU,Micron Technology,107.86000061035156,109.48999786376953,102.70999908447266,104.31999969482422,103.78473663330078,23419100
2024-10-16,MU,Micron Technology,106.0199966430664,109.62999725341797,105.61000061035156,109.23999786376953,108.67948913574219,20450900
2024-10-17,MU,Micron Technology,111.33999633789062,114.13999938964844,111.01000213623047,112.05000305175781,111.4750747680664,26584800
2024-10-18,MU,Micron Technology,111.75,112.9000015258789,109.86000061035156,111.1500015258789,110.5797119140625,16700400
2024-10-21,MU,Micron Technology,111.0999984741211,111.13999938964844,107.69000244140625,109.08000183105469,108.52032470703125,14829400
2024-10-22,MU,Micron Technology,108.23999786376953,108.5199966430664,106.37000274658203,107.81999969482422,107.26679229736328,13758100
2024-10-23,MU,Micron Technology,106.55999755859375,107.0999984741211,103.54000091552734,105.05000305175781,104.5110092163086,15174700
2024-10-24,MU,Micron Technology,106.77999877929688,107.52999877929688,105.55000305175781,106.8499984741211,106.3017578125,13206300
2024-10-25,MU,Micron Technology,108.33999633789062,109.87999725341797,107.72000122070312,107.91000366210938,107.35633087158203,12265000
2024-10-28,MU,Micron Technology,106.77999877929688,108.18000030517578,106.31999969482422,106.38999938964844,105.84413146972656,12381000
2024-10-29,MU,Micron Technology,106.58999633789062,108.75,105.5999984741211,108.18000030517578,107.62493896484375,15164600
2024-10-30,MU,Micron Technology,106.26000213623047,106.80000305175781,103.63999938964844,104.08000183105469,103.54597473144531,14321800
2024-10-31,MU,Micron Technology,102.19999694824219,102.48999786376953,99.06999969482422,99.6500015258789,99.1386947631836,19830300
2024-11-01,MU,Micron Technology,100.0,100.61000061035156,99.37000274658203,99.7300033569336,99.21829986572266,13623400
2024-11-04,MU,Micron Technology,101.5,103.79000091552734,101.0,101.7300033569336,101.20803833007812,15765800
2024-11-05,MU,Micron Technology,102.0,105.62000274658203,101.79000091552734,105.48999786376953,104.94873809814453,12071900
2024-11-06,MU,Micron Technology,108.37999725341797,112.31999969482422,107.0,111.83000183105469,111.25621032714844,20304500
2024-11-07,MU,Micron Technology,112.55999755859375,113.86000061035156,111.37000274658203,113.41000366210938,112.82810974121094,13569800
2024-11-08,MU,Micron Technology,112.13999938964844,114.30000305175781,110.56999969482422,111.9000015258789,111.32585906982422,13045700
2024-11-11,MU,Micron Technology,110.94999694824219,111.51000213623047,106.7699966430664,108.6500015258789,108.092529296875,14479700
2024-11-12,MU,Micron Technology,105.0,105.08999633789062,102.06999969482422,104.0999984741211,103.56586456298828,21859700
2024-11-13,MU,Micron Technology,102.80000305175781,103.33999633789062,99.81999969482422,99.91999816894531,99.40731048583984,18416200
2024-11-14,MU,Micron Technology,101.29000091552734,102.29000091552734,98.55999755859375,99.18000030517578,98.6711196899414,18459700
2024-11-15,MU,Micron Technology,97.55000305175781,98.19999694824219,95.63999938964844,96.33999633789062,95.84568786621094,18518300
2024-11-18,MU,Micron Technology,96.55000305175781,98.06999969482422,95.52999877929688,97.51000213623047,97.00968933105469,14236400
2024-11-19,MU,Micron Technology,97.0,98.18000030517578,96.51000213623047,97.7300033569336,97.22855377197266,14160300
2024-11-20,MU,Micron Technology,97.9800033569336,98.52999877929688,96.52999877929688,98.37000274658203,97.86528015136719,10490600
2024-11-21,MU,Micron Technology,100.0999984741211,103.29000091552734,98.05999755859375,102.76000213623047,102.23275756835938,18915200
2024-11-22,MU,Micron Technology,102.36000061035156,103.70999908447266,101.6500015258789,102.63999938964844,102.11335754394531,12063700
2024-11-25,MU,Micron Technology,103.8499984741211,106.4000015258789,103.80999755859375,104.4800033569336,103.94392395019531,22837900
2024-11-26,MU,Micron Technology,104.0,104.72000122070312,100.30999755859375,101.80000305175781,101.27767944335938,19275700
2024-11-27,MU,Micron Technology,100.94000244140625,101.04000091552734,96.63999938964844,98.19999694824219,97.6961441040039,17046400
2024-11-29,MU,Micron Technology,97.23999786376953,98.19999694824219,96.0999984741211,97.94999694824219,97.44741821289062,13729400
2024-12-02,MU,Micron Technology,97.5999984741211,100.08999633789062,97.52999877929688,98.55000305175781,98.04434967041016,16525600
2024-12-03,MU,Micron Technology,101.12000274658203,103.68000030517578,99.62999725341797,99.83999633789062,99.3277359008789,23479700
2024-12-04,MU,Micron Technology,100.7699966430664,103.41000366210938,99.80000305175781,103.19999694824219,102.67047882080078,16306200
2024-12-05,MU,Micron Technology,103.87999725341797,104.25,100.61000061035156,100.87000274658203,100.35244750976562,13448900
2024-12-06,MU,Micron Technology,100.87999725341797,102.19000244140625,100.02999877929688,101.16999816894531,100.65090942382812,12381000
2024-12-09,MU,Micron Technology,100.6500015258789,104.5,100.37000274658203,102.81999969482422,102.29244232177734,14141900
2024-12-10,MU,Micron Technology,104.95999908447266,105.0,97.2699966430664,98.0999984741211,97.5966567993164,23548500
2024-12-11,MU,Micron Technology,99.5,102.66000366210938,98.30000305175781,102.05999755859375,101.53634643554688,15248400
2024-12-12,MU,Micron Technology,101.4000015258789,101.9800033569336,97.76000213623047,98.23999786376953,97.73594665527344,19334900
2024-12-13,MU,Micron Technology,100.7699966430664,103.19999694824219,99.66999816894531,102.5,101.97407531738281,23926000
2024-12-16,MU,Micron Technology,105.61000061035156,111.12999725341797,104.54000091552734,108.26000213623047,107.70452880859375,42741200
2024-12-17,MU,Micron Technology,109.75,110.48999786376953,107.68000030517578,108.5999984741211,108.04278564453125,35811500
2024-12-18,MU,Micron Technology,110.25,112.04000091552734,102.7300033569336,103.9000015258789,103.36689758300781,63024300
2024-12-19,MU,Micron Technology,90.08000183105469,91.0,84.61000061035156,87.08999633789062,86.64314270019531,91396800
2024-12-20,MU,Micron Technology,85.41000366210938,90.25,83.54000091552734,90.12000274658203,89.65760803222656,49578400
2024-12-23,MU,Micron Technology,90.0,91.0999984741211,88.4000015258789,89.72000122070312,89.25965881347656,26041500
2024-12-24,MU,Micron Technology,89.58000183105469,89.69999694824219,88.2300033569336,89.27999877929688,88.82190704345703,13021300
2024-12-26,MU,Micron Technology,88.5,90.62999725341797,88.0999984741211,89.81999969482422,89.35914611816406,14468200
2024-12-27,MU,Micron Technology,89.0,89.48999786376953,87.58000183105469,88.62999725341797,88.17525482177734,19422600
2024-12-30,MU,Micron Technology,86.98999786376953,87.05000305175781,84.58000183105469,85.30999755859375,84.9825439453125,22022900
2024-12-31,MU,Micron Technology,85.44000244140625,86.4000015258789,84.08999633789062,84.16000366210938,83.83697509765625,18691500
2025-01-02,MU,Micron Technology,84.9800033569336,87.6500015258789,84.73999786376953,87.33000183105469,86.99480438232422,18860000
2025-01-03,MU,Micron Technology,87.94999694824219,90.19999694824219,87.51000213623047,89.87000274658203,89.52506256103516,17484600
2025-01-06,MU,Micron Technology,95.56999969482422,101.5199966430664,95.4800033569336,99.26000213623047,98.87899017333984,42903300
2025-01-07,MU,Micron Technology,103.41000366210938,106.73999786376953,101.16000366210938,101.91000366210938,101.51883697509766,53570000
2025-01-08,MU,Micron Technology,102.81999969482422,103.4800033569336,98.30000305175781,99.41000366210938,99.02842712402344,33516900
2025-01-10,MU,Micron Technology,98.12000274658203,100.77999877929688,96.87000274658203,99.33999633789062,98.95869445800781,20512600
2025-01-13,MU,Micron Technology,95.83999633789062,96.0,92.87999725341797,95.05999755859375,94.69512939453125,22699100
2025-01-14,MU,Micron Technology,97.05000305175781,97.41000366210938,95.37999725341797,97.36000061035156,96.98629760742188,18613400
2025-01-15,MU,Micron Technology,99.44000244140625,103.93000030517578,99.3499984741211,103.19000244140625,102.7939224243164,27568100
2025-01-16,MU,Micron Technology,104.31999969482422,104.80000305175781,101.87000274658203,102.5999984741211,102.20618438720703,16243800
2025-01-17,MU,Micron Technology,104.63999938964844,105.87999725341797,102.5,105.75,105.34408569335938,18908900
2025-01-21,MU,Micron Technology,105.43000030517578,110.23999786376953,105.2300033569336,109.37999725341797,108.96015167236328,23533600
2025-01-22,MU,Micron Technology,109.16999816894531,110.66999816894531,107.76000213623047,109.2300033569336,108.81073760986328,20004300
2025-01-23,MU,Micron Technology,104.79000091552734,106.18000030517578,103.3499984741211,104.83999633789062,104.43758392333984,22677600
2025-01-24,MU,Micron Technology,105.5,105.72000122070312,102.72000122070312,103.19000244140625,102.7939224243164,19743800
2025-01-27,MU,Micron Technology,94.86000061035156,96.0999984741211,88.36000061035156,91.11000061035156,90.76029205322266,50696200
2025-01-28,MU,Micron Technology,92.61000061035156,93.44999694824219,88.04000091552734,88.25,87.91126251220703,34793600
2025-01-29,MU,Micron Technology,89.87999725341797,90.44999694824219,87.76000213623047,89.01000213623047,88.66835021972656,25342800
2025-01-30,MU,Micron Technology,90.66000366210938,93.16000366210938,90.30000305175781,92.5,92.14495086669922,22497100
2025-01-31,MU,Micron Technology,91.6500015258789,94.2699966430664,91.13999938964844,91.23999786376953,90.88978576660156,20492100
2025-02-03,MU,Micron Technology,88.6500015258789,91.4000015258789,88.0199966430664,89.91999816894531,89.57485961914062,18607900
2025-02-04,MU,Micron Technology,89.05000305175781,91.44999694824219,88.80000305175781,90.66000366210938,90.31201934814453,12827500
2025-02-05,MU,Micron Technology,90.38999938964844,93.6500015258789,90.22000122070312,93.5999984741211,93.24072265625,15660000
2025-02-06,MU,Micron Technology,94.87999725341797,96.61000061035156,93.58000183105469,94.54000091552734,94.17711639404297,16141100
2025-02-07,MU,Micron Technology,95.58999633789062,95.93000030517578,91.58999633789062,92.30000305175781,91.94572448730469,15602800
2025-02-10,MU,Micron Technology,93.19000244140625,96.26000213623047,93.16999816894531,95.93000030517578,95.56178283691406,16217900
2025-02-11,MU,Micron Technology,94.25,95.83999633789062,93.55999755859375,94.08000183105469,93.7188949584961,12124000
2025-02-12,MU,Micron Technology,89.5999984741211,92.63999938964844,87.3499984741211,91.68000030517578,91.32809448242188,22874700
2025-02-13,MU,Micron Technology,92.05999755859375,96.06999969482422,92.0199966430664,95.66000366210938,95.2928237915039,16579900
2025-02-14,MU,Micron Technology,98.41000366210938,100.69999694824219,98.0,99.5199966430664,99.13800048828125,21284500
2025-02-18,MU,Micron Technology,102.63999938964844,107.87999725341797,102.05000305175781,106.79000091552734,106.38009643554688,29641900
2025-02-19,MU,Micron Technology,105.76000213623047,107.19000244140625,103.62000274658203,104.36000061035156,103.95942687988281,17875900
2025-02-20,MU,Micron Technology,103.9800033569336,104.8499984741211,102.33999633789062,103.18000030517578,102.78394317626953,14488000
2025-02-21,MU,Micron Technology,103.63999938964844,103.66000366210938,97.75,98.83999633789062,98.46060943603516,18650800
2025-02-24,MU,Micron Technology,100.22000122070312,100.69999694824219,95.27999877929688,95.41000366210938,95.04379272460938,14883700
2025-02-25,MU,Micron Technology,95.5,95.93000030517578,92.76000213623047,93.22000122070312,92.86219024658203,18608200
2025-02-26,MU,Micron Technology,96.0,99.72000122070312,95.5,97.70999908447266,97.33494567871094,21335200
2025-02-27,MU,Micron Technology,97.83999633789062,99.88999938964844,91.48999786376953,91.81999969482422,91.46755981445312,22386300
2025-02-28,MU,Micron Technology,91.0,94.45999908447266,89.87000274658203,93.62999725341797,93.2706069946289,23359100
2025-03-03,MU,Micron Technology,95.80999755859375,96.19999694824219,89.38999938964844,90.54000091552734,90.19247436523438,20281800
2025-03-04,MU,Micron Technology,90.19999694824219,93.58999633789062,86.80000305175781,91.19999694824219,90.84994506835938,23611500
2025-03-05,MU,Micron Technology,92.1500015258789,95.05000305175781,90.43000030517578,94.33999633789062,93.97789001464844,14010300
2025-03-06,MU,Micron Technology,90.93000030517578,93.29000091552734,89.02999877929688,89.2699966430664,88.92733764648438,18708100
2025-03-07,MU,Micron Technology,90.29000091552734,93.33999633789062,89.48999786376953,92.95999908447266,92.60318756103516,19133900
2025-03-10,MU,Micron Technology,89.58999633789062,91.37000274658203,85.76000213623047,87.08000183105469,86.74576568603516,21897900
2025-03-11,MU,Micron Technology,87.9000015258789,91.0999984741211,86.06999969482422,89.05000305175781,88.70820617675781,21962100
2025-03-12,MU,Micron Technology,92.47000122070312,96.98999786376953,92.23999786376953,95.63999938964844,95.27288818359375,23584700
2025-03-13,MU,Micron Technology,94.25,98.12000274658203,94.0,94.87999725341797,94.51581573486328,18824700
2025-03-14,MU,Micron Technology,98.75,102.77999877929688,98.75,100.79000091552734,100.40312957763672,24623600
2025-03-17,MU,Micron Technology,101.05999755859375,104.44999694824219,100.95999908447266,103.11000061035156,102.71422576904297,17095100
2025-03-18,MU,Micron Technology,101.9000015258789,103.30999755859375,100.29000091552734,101.72000122070312,101.32955932617188,18434100
2025-03-19,MU,Micron Technology,100.81999969482422,103.5999984741211,100.48999786376953,102.05999755859375,101.66825866699219,16633100
2025-03-20,MU,Micron Technology,101.58000183105469,104.69000244140625,101.3499984741211,103.0,102.60464477539062,29204400
2025-03-21,MU,Micron Technology,98.19999694824219,98.5,93.69999694824219,94.72000122070312,94.35643768310547,63239600
2025-03-24,MU,Micron Technology,96.0999984741211,98.41999816894531,95.33000183105469,96.94000244140625,96.56791687011719,35406600
2025-03-25,MU,Micron Technology,96.18000030517578,96.37999725341797,93.25,94.18000030517578,93.8185043334961,22191700
2025-03-26,MU,Micron Technology,96.0,96.63999938964844,90.97000122070312,92.12999725341797,91.77637481689453,27107200
2025-03-27,MU,Micron Technology,91.08999633789062,92.20999908447266,89.61000061035156,91.16000366210938,90.81011199951172,15658700
2025-03-28,MU,Micron Technology,90.47000122070312,90.88999938964844,87.5999984741211,88.44000244140625,88.10053253173828,17118000
2025-03-31,MU,Micron Technology,86.0,87.08999633789062,84.0999984741211,86.88999938964844,86.669189453125,21089500
2025-04-01,MU,Micron Technology,88.52999877929688,88.88999938964844,86.25,88.70999908447266,88.48455810546875,15337100
2025-04-02,MU,Micron Technology,87.12999725341797,89.93000030517578,86.69999694824219,88.5999984741211,88.37483215332031,14520400
2025-04-03,MU,Micron Technology,82.91999816894531,83.3499984741211,74.20999908447266,74.33999633789062,74.15106964111328,44839500
2025-04-04,MU,Micron Technology,70.6500015258789,71.33999633789062,63.86000061035156,64.72000122070312,64.55552673339844,50737700
2025-04-07,MU,Micron Technology,63.939998626708984,72.45999908447266,61.540000915527344,68.37000274658203,68.19625091552734,50181800
2025-04-08,MU,Micron Technology,71.5999984741211,72.97000122070312,63.52000045776367,65.54000091552734,65.37344360351562,40822100
2025-04-09,MU,Micron Technology,66.19999694824219,78.55999755859375,63.70000076293945,77.87000274658203,77.6720962524414,63132600
2025-04-10,MU,Micron Technology,72.5,73.05000305175781,67.5,70.05000305175781,69.87197875976562,44882300
2025-04-11,MU,Micron Technology,69.04000091552734,70.16999816894531,66.83000183105469,69.55000305175781,69.37326049804688,30807800
2025-04-14,MU,Micron Technology,74.66999816894531,74.77999877929688,69.97000122070312,71.0199966430664,70.83952331542969,32634700
2025-04-15,MU,Micron Technology,71.12000274658203,72.80000305175781,70.55000305175781,71.04000091552734,70.85946655273438,19132700
2025-04-16,MU,Micron Technology,67.93000030517578,70.44999694824219,67.16999816894531,69.33000183105469,69.15381622314453,28475000
2025-04-17,MU,Micron Technology,70.44000244140625,70.4800033569336,67.0,68.80000305175781,68.62515258789062,20694100
2025-04-21,MU,Micron Technology,67.76000213623047,68.0,65.6500015258789,66.73999786376953,66.57038879394531,19826100
2025-04-22,MU,Micron Technology,67.54000091552734,70.4000015258789,67.44000244140625,70.20999908447266,70.03157043457031,20351200
2025-04-23,MU,Micron Technology,73.69000244140625,75.4000015258789,72.5,72.93000030517578,72.74465942382812,26385500
2025-04-24,MU,Micron Technology,74.56999969482422,77.58999633789062,73.5999984741211,77.41999816894531,77.22325134277344,23875600
2025-04-25,MU,Micron Technology,77.55000305175781,80.30000305175781,76.9000015258789,79.77999877929688,79.57725524902344,19746200
2025-04-28,MU,Micron Technology,78.7699966430664,79.61000061035156,76.91999816894531,78.55999755859375,78.36035919189453,16882400
2025-04-29,MU,Micron Technology,77.94000244140625,78.19000244140625,76.47000122070312,76.87999725341797,76.68460845947266,17098000
2025-04-30,MU,Micron Technology,73.62000274658203,77.1500015258789,73.5,76.94999694824219,76.75444793701172,19779300
2025-05-01,MU,Micron Technology,79.4000015258789,79.88999938964844,77.63999938964844,77.7699966430664,77.57234954833984,15349200
2025-05-02,MU,Micron Technology,79.58000183105469,81.66999816894531,79.0999984741211,80.72000122070312,80.5148696899414,18899700
2025-05-05,MU,Micron Technology,79.41000366210938,81.1500015258789,79.05000305175781,80.41999816894531,80.21561431884766,12513600
2025-05-06,MU,Micron Technology,79.04000091552734,81.22000122070312,78.54000091552734,80.51000213623047,80.3053970336914,13173800
2025-05-07,MU,Micron Technology,80.98999786376953,82.87000274658203,80.19999694824219,82.62000274658203,82.4100341796875,14889700
2025-05-08,MU,Micron Technology,84.25,86.20999908447266,83.36000061035156,85.1500015258789,84.93360900878906,17580500
2025-05-09,MU,Micron Technology,85.56999969482422,86.2699966430664,84.68000030517578,85.86000061035156,85.64179992675781,13017600
2025-05-12,MU,Micron Technology,92.80999755859375,94.19999694824219,91.94999694824219,92.29000091552734,92.05546569824219,27765300
2025-05-13,MU,Micron Technology,92.55000305175781,97.41000366210938,92.55000305175781,96.93000030517578,96.68365478515625,28009100
2025-05-14,MU,Micron Technology,96.30000305175781,97.6500015258789,94.31999969482422,95.31999969482422,95.07776641845703,28044400
2025-05-15,MU,Micron Technology,94.01000213623047,95.61000061035156,92.16999816894531,95.44999694824219,95.20743560791016,24196100
2025-05-16,MU,Micron Technology,95.9000015258789,98.19000244140625,95.69999694824219,98.0,97.7509536743164,22609300
2025-05-19,MU,Micron Technology,95.70999908447266,99.0199966430664,95.69999694824219,98.6500015258789,98.39929962158203,14380100
2025-05-20,MU,Micron Technology,97.91999816894531,98.62999725341797,96.97000122070312,98.0999984741211,97.85070037841797,12331300
2025-05-21,MU,Micron Technology,97.16000366210938,98.81999969482422,95.26000213623047,95.83999633789062,95.596435546875,15764300
2025-05-22,MU,Micron Technology,95.41000366210938,97.22000122070312,94.37000274658203,94.83000183105469,94.58900451660156,13245200
2025-05-23,MU,Micron Technology,92.26000213623047,93.83999633789062,90.93000030517578,93.37000274658203,93.13272094726562,16545000
2025-05-27,MU,Micron Technology,95.18000030517578,96.69999694824219,94.19000244140625,96.37999725341797,96.13505554199219,17612600
2025-05-28,MU,Micron Technology,96.69999694824219,97.20999908447266,95.5999984741211,96.18000030517578,95.9355697631836,10500300
2025-05-29,MU,Micron Technology,98.58999633789062,99.62999725341797,96.11000061035156,96.80000305175781,96.55399322509766,14628700
2025-05-30,MU,Micron Technology,96.04000091552734,96.61000061035156,92.22000122070312,94.45999908447266,94.2199478149414,23758200
2025-06-02,MU,Micron Technology,94.58000183105469,99.23999786376953,94.4000015258789,98.18000030517578,97.93048858642578,16850300
2025-06-03,MU,Micron Technology,98.36000061035156,102.93000030517578,96.95999908447266,102.25,101.99015045166016,22757600
2025-06-04,MU,Micron Technology,102.37999725341797,103.91000366210938,101.69999694824219,103.25,102.98761749267578,14595900
2025-06-05,MU,Micron Technology,106.30000305175781,109.02999877929688,105.52999877929688,106.29000091552734,106.01988220214844,28833700
2025-06-06,MU,Micron Technology,108.08000183105469,111.05000305175781,108.04000091552734,108.55999755859375,108.28410339355469,20710100
2025-06-09,MU,Micron Technology,109.51000213623047,112.52999877929688,108.58000183105469,110.94999694824219,110.66804504394531,20159700
2025-06-10,MU,Micron Technology,111.52999877929688,114.91999816894531,111.2300033569336,114.13999938964844,113.84993743896484,22949400
2025-06-11,MU,Micron Technology,115.5999984741211,117.26000213623047,114.7300033569336,116.02999877929688,115.7351303100586,21614100
2025-06-12,MU,Micron Technology,114.11000061035156,116.4800033569336,113.5199966430664,116.18000030517578,115.88475036621094,17076500
2025-06-13,MU,Micron Technology,113.80000305175781,117.0999984741211,113.66000366210938,115.5999984741211,115.30622100830078,17453000
2025-06-16,MU,Micron Technology,117.80999755859375,120.95999908447266,117.31999969482422,119.83999633789062,119.53543090820312,21374100
2025-06-17,MU,Micron Technology,119.5999984741211,123.51000213623047,119.3499984741211,120.33999633789062,120.03416442871094,20837700
2025-06-18,MU,Micron Technology,120.45999908447266,122.9800033569336,120.18000030517578,121.81999969482422,121.51042175292969,20180000
2025-06-20,MU,Micron Technology,122.7699966430664,124.16000366210938,120.37999725341797,123.5999984741211,123.28589630126953,29290400
2025-06-23,MU,Micron Technology,123.66999816894531,124.51000213623047,119.80999755859375,122.08000183105469,121.7697525024414,23399200
2025-06-24,MU,Micron Technology,125.11000061035156,128.10000610351562,124.95999908447266,127.91000366210938,127.58494567871094,26420600
2025-06-25,MU,Micron Technology,126.61000061035156,127.5,125.62000274658203,127.25,126.9266128540039,39407000
2025-06-26,MU,Micron Technology,129.52999877929688,129.85000610351562,123.79000091552734,126.0,125.6797866821289,62678100
2025-06-27,MU,Micron Technology,125.13999938964844,127.54000091552734,123.38999938964844,124.76000213623047,124.44294738769531,36888600
2025-06-30,MU,Micron Technology,124.9000015258789,125.08000183105469,121.8499984741211,123.25,122.93678283691406,22799700
2025-07-01,MU,Micron Technology,122.3499984741211,123.98999786376953,119.08000183105469,120.88999938964844,120.58277893066406,24825800
2025-07-02,MU,Micron Technology,120.5,123.0,118.05999755859375,121.73999786376953,121.43061065673828,29303800
2025-07-03,MU,Micron Technology,122.33000183105469,123.62999725341797,121.83000183105469,122.29000091552734,121.97921752929688,13247900
2025-07-07,MU,Micron Technology,121.18000030517578,121.51000213623047,118.91000366210938,119.91999816894531,119.72782897949219,19148400
2025-07-08,MU,Micron Technology,122.44999694824219,125.44999694824219,121.94999694824219,124.41999816894531,124.22061157226562,26238200
2025-07-09,MU,Micron Technology,124.81999969482422,126.1500015258789,121.27999877929688,122.23999786376953,122.04411315917969,20464000
2025-07-10,MU,Micron Technology,124.27999877929688,124.3499984741211,122.0199966430664,123.11000061035156,122.91272735595703,15378400
2025-07-11,MU,Micron Technology,122.12999725341797,124.80999755859375,121.23999786376953,124.52999877929688,124.3304443359375,15820600
2025-07-14,MU,Micron Technology,120.37999725341797,120.44000244140625,117.0199966430664,118.61000061035156,118.41993713378906,32117700
2025-07-15,MU,Micron Technology,120.94000244140625,121.38999938964844,119.12000274658203,120.11000061035156,119.91752624511719,24958900
2025-07-16,MU,Micron Technology,119.02999877929688,119.08999633789062,114.80999755859375,116.43000030517578,116.2434310913086,30614800
2025-07-17,MU,Micron Technology,113.93000030517578,114.19999694824219,110.94999694824219,113.26000213623047,113.07850646972656,34702400
2025-07-18,MU,Micron Technology,114.23999786376953,114.80000305175781,113.27999877929688,114.38999938964844,114.20669555664062,19349900
2025-07-21,MU,Micron Technology,113.58999633789062,115.91999816894531,112.66999816894531,113.2300033569336,113.0485610961914,22189800
2025-07-22,MU,Micron Technology,112.86000061035156,113.0,108.12999725341797,109.22000122070312,109.04498291015625,27917600
2025-07-23,MU,Micron Technology,109.44000244140625,110.29000091552734,108.87999725341797,109.83000183105469,109.65400695800781,17810000
2025-07-24,MU,Micron Technology,111.05999755859375,112.7300033569336,110.25,111.7300033569336,111.55095672607422,20293100
2025-07-25,MU,Micron Technology,110.98999786376953,111.5,108.83000183105469,111.26000213623047,111.08171081542969,16372300
2025-07-28,MU,Micron Technology,111.72000122070312,112.0,109.86000061035156,111.25,111.07173156738281,12932300
2025-07-29,MU,Micron Technology,112.05000305175781,113.54000091552734,110.66999816894531,111.95999908447266,111.78058624267578,16653300
2025-07-30,MU,Micron Technology,112.5999984741211,114.88999938964844,112.41000366210938,114.73999786376953,114.5561294555664,16378800
2025-07-31,MU,Micron Technology,112.19000244140625,112.2699966430664,106.94000244140625,109.13999938964844,108.96510314941406,29224300
2025-08-01,MU,Micron Technology,105.48999786376953,106.5,103.37999725341797,104.87999725341797,104.71192932128906,24003300
2025-08-04,MU,Micron Technology,106.0199966430664,107.87999725341797,105.45999908447266,107.7699966430664,107.59730529785156,14780600
2025-08-05,MU,Micron Technology,109.30000305175781,110.63999938964844,106.83000183105469,109.05999755859375,108.8852310180664,17836000
2025-08-06,MU,Micron Technology,107.9000015258789,108.95999908447266,106.75,108.77999877929688,108.60568237304688,13021900
2025-08-07,MU,Micron Technology,114.13999938964844,115.27999877929688,110.79000091552734,111.87000274658203,111.69074249267578,18986500
2025-08-08,MU,Micron Technology,112.16999816894531,119.33000183105469,111.66999816894531,118.88999938964844,118.69949340820312,28962200
2025-08-11,MU,Micron Technology,124.97000122070312,127.27999877929688,121.6500015258789,123.72000122070312,123.52174377441406,35065800
2025-08-12,MU,Micron Technology,124.69999694824219,128.5500030517578,123.04000091552734,127.75,127.54528045654297,25961200
2025-08-13,MU,Micron Technology,127.58000183105469,128.60000610351562,123.3499984741211,124.2699966430664,124.07086181640625,18438200
2025-08-14,MU,Micron Technology,123.19999694824219,125.73999786376953,121.4000015258789,125.29000091552734,125.0892333984375,12235900
2025-08-15,MU,Micron Technology,123.16999816894531,123.37999725341797,119.44000244140625,120.87000274658203,120.67631530761719,18986700
2025-08-18,MU,Micron Technology,121.3499984741211,123.68000030517578,120.66000366210938,123.55000305175781,123.35202026367188,12208800
2025-08-19,MU,Micron Technology,122.94000244140625,124.23999786376953,121.30999755859375,122.05000305175781,121.85443115234375,11491200
2025-08-20,MU,Micron Technology,118.69999694824219,118.91000366210938,113.45999908447266,117.20999908447266,117.02217864990234,25795000
2025-08-21,MU,Micron Technology,117.0,117.7300033569336,115.61000061035156,115.79000091552734,115.60445404052734,13174900
2025-08-22,MU,Micron Technology,117.6500015258789,120.69999694824219,116.51000213623047,117.68000030517578,117.49142456054688,17038300
2025-08-25,MU,Micron Technology,117.68000030517578,118.08000183105469,116.0999984741211,116.41999816894531,116.23342895507812,8674800
2025-08-26,MU,Micron Technology,116.08999633789062,118.36000061035156,115.80999755859375,116.5,116.31331634521484,12584300
2025-08-27,MU,Micron Technology,116.8499984741211,118.7300033569336,116.44000244140625,117.75,117.56130981445312,15349300
2025-08-28,MU,Micron Technology,118.87999725341797,122.56999969482422,118.7300033569336,122.0,121.80449676513672,17295500
2025-08-29,MU,Micron Technology,122.5999984741211,122.7699966430664,118.05999755859375,119.01000213623047,118.81929016113281,16774000
2025-09-02,MU,Micron Technology,115.86000061035156,118.55999755859375,114.25,118.4800033569336,118.2901382446289,13771900
2025-09-03,MU,Micron Technology,119.36000061035156,119.44000244140625,117.30000305175781,118.72000122070312,118.5297622680664,14101300
2025-09-04,MU,Micron Technology,118.8499984741211,124.41000366210938,118.5199966430664,124.20999908447266,124.01094818115234,18589100
2025-09-05,MU,Micron Technology,127.7699966430664,131.41000366210938,125.66000366210938,131.3699951171875,131.15948486328125,28416000
2025-09-08,MU,Micron Technology,130.5500030517578,132.25999450683594,128.39999389648438,131.4600067138672,131.2493438720703,19492600
2025-09-09,MU,Micron Technology,131.75999450683594,138.0,131.55999755859375,135.24000549316406,135.02328491210938,20705000
2025-09-10,MU,Micron Technology,140.02000427246094,142.24000549316406,138.33999633789062,140.0,139.77565002441406,25791300
2025-09-11,MU,Micron Technology,147.72000122070312,156.25999450683594,147.61000061035156,150.57000732421875,150.3287353515625,52446400
2025-09-12,MU,Micron Technology,153.5500030517578,158.27999877929688,153.2100067138672,157.22999572753906,156.97802734375,32288300
2025-09-15,MU,Micron Technology,156.9600067138672,160.33999633789062,156.5500030517578,157.77000427246094,157.51719665527344,20101400
2025-09-16,MU,Micron Technology,157.97999572753906,159.55999755859375,157.1699981689453,158.82000732421875,158.5655059814453,16911600
2025-09-17,MU,Micron Technology,157.41000366210938,160.58999633789062,155.25999450683594,159.99000549316406,159.733642578125,18843600
2025-09-18,MU,Micron Technology,162.99000549316406,170.4499969482422,162.60000610351562,168.88999938964844,168.61936950683594,28212800
2025-09-19,MU,Micron Technology,162.75,163.6999969482422,159.3800048828125,162.72999572753906,162.46923828125,37309900
2025-09-22,MU,Micron Technology,164.3800048828125,167.25999450683594,161.58999633789062,164.6199951171875,164.356201171875,25851200
2025-09-23,MU,Micron Technology,165.67999267578125,168.99000549316406,165.22999572753906,166.41000366210938,166.14334106445312,43316500
2025-09-24,MU,Micron Technology,165.0800018310547,166.0,158.3000030517578,161.7100067138672,161.45086669921875,57096400
2025-09-25,MU,Micron Technology,157.38999938964844,158.9499969482422,154.64999389648438,156.8300018310547,156.57867431640625,32209200
2025-09-26,MU,Micron Technology,158.52000427246094,158.9199981689453,155.17999267578125,157.27000427246094,157.01797485351562,24045000
2025-09-29,MU,Micron Technology,160.0,165.8000030517578,159.97000122070312,163.89999389648438,163.63735961914062,26506500
2025-09-30,MU,Micron Technology,164.11000061035156,168.9499969482422,163.9600067138672,167.32000732421875,167.0518798828125,20092500
2025-10-01,MU,Micron Technology,165.60000610351562,182.38999938964844,165.5,182.14999389648438,181.85809326171875,41674800
2025-10-02,MU,Micron Technology,184.9600067138672,186.17999267578125,181.2100067138672,183.75,183.45555114746094,25122200
2025-10-03,MU,Micron Technology,185.2100067138672,191.85000610351562,184.9199981689453,187.8300018310547,187.64645385742188,29399300
2025-10-06,MU,Micron Technology,195.00999450683594,201.0,189.42999267578125,190.9600067138672,190.7733917236328,36392300
2025-10-07,MU,Micron Technology,194.85000610351562,195.3000030517578,183.24000549316406,185.69000244140625,185.50856018066406,27828200
2025-10-08,MU,Micron Technology,188.99000549316406,196.9499969482422,188.8000030517578,196.5399932861328,196.34793090820312,26833900
2025-10-09,MU,Micron Technology,192.97000122070312,196.6199951171875,189.5,192.3300018310547,192.14205932617188,19721500
2025-10-10,MU,Micron Technology,192.9600067138672,193.44000244140625,179.61000061035156,181.60000610351562,181.42254638671875,26990300
2025-10-13,MU,Micron Technology,190.7899932861328,193.39999389648438,187.99000549316406,192.77000427246094,192.5816192626953,20928400
2025-10-14,MU,Micron Technology,186.9600067138672,192.4600067138672,186.25,187.05999755859375,186.877197265625,15912400
2025-10-15,MU,Micron Technology,192.47999572753906,192.8800048828125,187.4199981689453,191.94000244140625,191.75244140625,17793100
2025-10-16,MU,Micron Technology,199.9600067138672,206.33999633789062,195.1999969482422,202.52999877929688,202.3320770263672,42041300
2025-10-17,MU,Micron Technology,199.27999877929688,203.38999938964844,195.5500030517578,202.3800048828125,202.18222045898438,23283100
2025-10-20,MU,Micron Technology,209.66000366210938,214.75,205.5,206.77000427246094,206.5679473876953,23268400
2025-10-21,MU,Micron Technology,204.3000030517578,205.8699951171875,200.83999633789062,202.2899932861328,202.09230041503906,13717300
2025-10-22,MU,Micron Technology,202.25,205.5800018310547,192.39999389648438,198.47000122070312,198.27606201171875,21949800
2025-10-23,MU,Micron Technology,196.6999969482422,209.0,195.1999969482422,206.7100067138672,206.5080108642578,19397900
2025-10-24,MU,Micron Technology,212.38999938964844,219.82000732421875,209.97999572753906,219.02000427246094,218.8059844970703,25821800
2025-10-27,MU,Micron Technology,224.80999755859375,224.97999572753906,215.74000549316406,220.10000610351562,219.88491821289062,23873100
2025-10-28,MU,Micron Technology,218.92999267578125,222.89999389648438,217.55999755859375,221.91000366210938,221.6931610107422,14957500
2025-10-29,MU,Micron Technology,229.05999755859375,232.39999389648438,226.10000610351562,226.6300048828125,226.40853881835938,23217300
2025-10-30,MU,Micron Technology,226.10000610351562,227.39999389648438,220.74000549316406,224.00999450683594,223.79107666015625,14795100
2025-10-31,MU,Micron Technology,227.75,231.25,218.82000732421875,223.77000427246094,223.55133056640625,16320000
2025-11-03,MU,Micron Technology,233.8800048828125,237.6199951171875,231.8000030517578,234.6999969482422,234.47064208984375,21199300
2025-11-04,MU,Micron Technology,222.13999938964844,228.6699981689453,217.39999389648438,218.02999877929688,217.8169403076172,23696200
2025-11-05,MU,Micron Technology,225.6699981689453,239.8800048828125,224.72999572753906,237.5,237.2678985595703,28617400
2025-11-06,MU,Micron Technology,237.83999633789062,246.41000366210938,234.8800048828125,238.3300018310547,238.0970916748047,32016800
2025-11-07,MU,Micron Technology,234.02999877929688,242.5500030517578,226.39999389648438,237.9199981689453,237.6875,30613800
2025-11-10,MU,Micron Technology,247.9600067138672,257.07000732421875,247.80999755859375,253.3000030517578,253.05245971679688,27870600
2025-11-11,MU,Micron Technology,248.33999633789062,249.99000549316406,238.7899932861328,241.11000061035156,240.8743896484375,22622500
2025-11-12,MU,Micron Technology,244.89999389648438,249.19000244140625,240.83999633789062,244.89999389648438,244.66067504882812,17263100
2025-11-13,MU,Micron Technology,243.60000610351562,249.5,230.16000366210938,236.9499969482422,236.71844482421875,32324600
2025-11-14,MU,Micron Technology,231.4499969482422,255.1699981689453,231.22999572753906,246.8300018310547,246.58877563476562,36171100
2025-11-17,MU,Micron Technology,246.9199981689453,260.5799865722656,239.4600067138672,241.9499969482422,241.7135772705078,30304400
2025-11-18,MU,Micron Technology,235.47999572753906,238.92999267578125,225.52000427246094,228.5,228.27670288085938,33843900
2025-11-19,MU,Micron Technology,226.91000366210938,234.35000610351562,216.36000061035156,225.9199981689453,225.69921875,35256600
2025-11-20,MU,Micron Technology,230.24000549316406,230.60000610351562,199.60000610351562,201.3699951171875,201.1732177734375,47420700
2025-11-21,MU,Micron Technology,204.52999877929688,212.0,192.58999633789062,207.3699951171875,207.16734313964844,36679700
2025-11-24,MU,Micron Technology,213.41000366210938,226.11000061035156,212.36000061035156,223.92999267578125,223.71115112304688,33052800
2025-11-25,MU,Micron Technology,219.22000122070312,226.19000244140625,216.0,224.52999877929688,224.31057739257812,17441600
2025-11-26,MU,Micron Technology,229.6199951171875,233.8300018310547,226.0,230.25999450683594,230.03497314453125,17817600
2025-11-28,MU,Micron Technology,235.6199951171875,238.10000610351562,233.47000122070312,236.47999572753906,236.2489013671875,12914700
2025-12-01,MU,Micron Technology,232.2899932861328,242.36000061035156,231.5,240.4600067138672,240.22503662109375,18238200
2025-12-02,MU,Micron Technology,238.75,244.3699951171875,234.3300018310547,239.49000549316406,239.25596618652344,18166200
2025-12-03,MU,Micron Technology,236.38999938964844,237.8000030517578,228.08999633789062,234.16000366210938,233.93118286132812,19188200
2025-12-04,MU,Micron Technology,230.27999877929688,234.16000366210938,223.3300018310547,226.64999389648438,226.4285125732422,23513900
2025-12-05,MU,Micron Technology,228.9499969482422,240.57000732421875,226.69000244140625,237.22000122070312,236.98818969726562,21161000
2025-12-08,MU,Micron Technology,243.49000549316406,249.22999572753906,241.61000061035156,246.9199981689453,246.6787109375,20495400
2025-12-09,MU,Micron Technology,244.49000549316406,255.50999450683594,242.8300018310547,252.4199981689453,252.17333984375,17067100
2025-12-10,MU,Micron Technology,255.1300048828125,264.75,250.5800018310547,263.7099914550781,263.4522705078125,21960700
2025-12-11,MU,Micron Technology,261.5299987792969,262.8500061035156,251.5500030517578,258.4599914550781,258.2074279785156,18867000
2025-12-12,MU,Micron Technology,255.6699981689453,255.82000732421875,239.32000732421875,241.13999938964844,240.90435791015625,25936900
2025-12-15,MU,Micron Technology,247.11000061035156,250.11000061035156,236.0,237.5,237.2678985595703,27483600
2025-12-16,MU,Micron Technology,235.8000030517578,239.39999389648438,230.5800018310547,232.50999450683594,232.28277587890625,22577300
2025-12-17,MU,Micron Technology,236.55999755859375,237.4499969482422,221.69000244140625,225.52000427246094,225.29962158203125,41957100
2025-12-18,MU,Micron Technology,256.5299987792969,263.6499938964844,245.0,248.5500030517578,248.30711364746094,65006100
2025-12-19,MU,Micron Technology,251.75,268.3800048828125,251.75,265.9200134277344,265.66015625,62312100
2025-12-22,MU,Micron Technology,277.1499938964844,279.989990234375,268.2900085449219,276.5899963378906,276.3197021484375,30961900
2025-12-23,MU,Micron Technology,275.9200134277344,281.8599853515625,272.32000732421875,276.2699890136719,276.0,20767600
2025-12-24,MU,Micron Technology,278.0,289.29998779296875,277.25,286.67999267578125,286.39984130859375,18592600
2025-12-26,MU,Micron Technology,290.8399963378906,290.8699951171875,283.4200134277344,284.7900085449219,284.51171875,17878500
2025-12-29,MU,Micron Technology,280.3299865722656,294.5,278.5,294.3699951171875,294.2011413574219,26642900
2025-12-30,MU,Micron Technology,294.70001220703125,298.8299865722656,292.010009765625,292.6300048828125,292.4621276855469,23056400
2025-12-31,MU,Micron Technology,293.1700134277344,293.1700134277344,284.17999267578125,285.4100036621094,285.24627685546875,17573800
2026-01-02,MU,Micron Technology,295.1300048828125,315.6000061035156,294.8599853515625,315.4200134277344,315.2391052246094,42604300
2026-01-05,MU,Micron Technology,325.1300048828125,325.5299987792969,309.54998779296875,312.1499938964844,311.970947265625,34608600
2026-01-06,MU,Micron Technology,318.2799987792969,344.54998779296875,318.05999755859375,343.42999267578125,343.23297119140625,48732400
2026-01-07,MU,Micron Technology,340.7099914550781,346.29998779296875,337.17999267578125,339.54998779296875,339.355224609375,32781100
2026-01-08,MU,Micron Technology,342.8999938964844,343.6600036621094,321.3599853515625,327.0199890136719,326.8323974609375,33897700
2026-01-09,MU,Micron Technology,332.75,345.79998779296875,326.19000244140625,345.0899963378906,344.89202880859375,33387500
2026-01-12,MU,Micron Technology,340.54998779296875,348.4700012207031,339.32000732421875,345.8699951171875,345.6716003417969,23152600
2026-01-13,MU,Micron Technology,346.2699890136719,351.2300109863281,335.2200012207031,338.1300048828125,337.93603515625,23881300
2026-01-14,MU,Micron Technology,334.8399963378906,339.1000061035156,328.20001220703125,333.3500061035156,333.1587829589844,20277200
2026-01-15,MU,Micron Technology,345.3299865722656,347.7699890136719,336.2699890136719,336.6300048828125,336.4369201660156,25370200
2026-01-16,MU,Micron Technology,353.1000061035156,365.80999755859375,352.0400085449219,362.75,362.5419006347656,47901900
2026-01-20,MU,Micron Technology,364.67999267578125,381.55999755859375,361.3500061035156,365.0,364.7906188964844,49744900
2026-01-21,MU,Micron Technology,372.8500061035156,394.20001220703125,366.7300109863281,389.1099853515625,388.88677978515625,56712800
2026-01-22,MU,Micron Technology,396.6400146484375,397.7799987792969,376.9200134277344,397.5799865722656,397.3519287109375,39607600
2026-01-23,MU,Micron Technology,397.1600036621094,412.42999267578125,390.739990234375,399.6499938964844,399.4207458496094,35404200
2026-01-26,MU,Micron Technology,395.5,398.0,384.29998779296875,389.0899963378906,388.8667907714844,29193900
2026-01-27,MU,Micron Technology,404.6099853515625,416.45001220703125,399.6000061035156,410.239990234375,410.0046691894531,36212100
2026-01-28,MU,Micron Technology,422.44000244140625,438.94000244140625,417.0,435.2799987792969,435.03033447265625,42725700
2026-01-29,MU,Micron Technology,439.3699951171875,444.7099914550781,417.70001220703125,435.7900085449219,435.5400390625,42675700
2026-01-30,MU,Micron Technology,446.4700012207031,455.5,407.1300048828125,414.8800048828125,414.6419982910156,51022900
2026-02-02,MU,Micron Technology,412.17999267578125,442.42999267578125,410.0,437.79998779296875,437.5488586425781,37771200
2026-02-03,MU,Micron Technology,442.1600036621094,442.29998779296875,407.5299987792969,419.44000244140625,419.1993713378906,42763300
2026-02-04,MU,Micron Technology,410.5899963378906,413.0,363.8999938964844,379.3999938964844,379.1823425292969,58074900
2026-02-05,MU,Micron Technology,369.6199951171875,390.92999267578125,366.0,382.8900146484375,382.6703796386719,38899500
2026-02-06,MU,Micron Technology,377.9700012207031,396.6499938964844,372.8699951171875,394.69000244140625,394.4635925292969,37196000
2026-02-09,MU,Micron Technology,380.69000244140625,391.80999755859375,370.67999267578125,383.5,383.280029296875,31009600
2026-02-10,MU,Micron Technology,375.989990234375,382.7900085449219,366.05999755859375,373.25,373.035888671875,35433800
2026-02-11,MU,Micron Technology,395.3900146484375,414.1600036621094,386.57000732421875,410.3399963378906,410.1046142578125,48475000
2026-02-12,MU,Micron Technology,422.25,438.7699890136719,411.1600036621094,413.9700012207031,413.7325439453125,45639100
2026-02-13,MU,Micron Technology,405.19000244140625,420.8800048828125,392.7099914550781,411.6600036621094,411.42388916015625,33807600
2026-02-17,MU,Micron Technology,400.95001220703125,413.6600036621094,395.29998779296875,399.7799987792969,399.5506591796875,28549500
2026-02-18,MU,Micron Technology,399.5,427.8500061035156,394.6000061035156,420.95001220703125,420.70855712890625,32306600
2026-02-19,MU,Micron Technology,415.80999755859375,420.32000732421875,407.739990234375,417.3500061035156,417.110595703125,21651300
2026-02-20,MU,Micron Technology,415.17999267578125,430.57000732421875,415.1499938964844,428.1700134277344,427.92437744140625,29894900
2026-02-23,MU,Micron Technology,422.30999755859375,431.70001220703125,415.29998779296875,420.9700012207031,420.728515625,25426600
2026-02-24,MU,Micron Technology,429.2200012207031,436.2699890136719,411.2799987792969,418.010009765625,417.7702331542969,33389200
2026-02-25,MU,Micron Technology,426.5,436.8900146484375,423.0,429.0,428.75390625,27296300
2026-02-26,MU,Micron Technology,424.8399963378906,434.0,401.9599914550781,415.55999755859375,415.3216247558594,35433500
2026-02-27,MU,Micron Technology,401.80999755859375,417.9599914550781,401.17999267578125,412.3699951171875,412.1334533691406,28653900
2026-03-02,MU,Micron Technology,401.4700012207031,417.6099853515625,397.0,412.6700134277344,412.4333190917969,30049200
2026-03-03,MU,Micron Technology,386.54998779296875,390.0899963378906,374.54998779296875,379.67999267578125,379.4621887207031,39010900
2026-03-04,MU,Micron Technology,393.6400146484375,407.8800048828125,387.6099853515625,400.7699890136719,400.5400695800781,32644900
2026-03-05,MU,Micron Technology,398.6000061035156,404.5299987792969,380.29998779296875,397.04998779296875,396.8222351074219,29960100
2026-03-06,MU,Micron Technology,380.1400146484375,391.17999267578125,367.45001220703125,370.29998779296875,370.08758544921875,34458800
2026-03-09,MU,Micron Technology,363.9599914550781,390.0,357.6700134277344,389.32000732421875,389.0966796875,35547200
2026-03-10,MU,Micron Technology,394.010009765625,415.30999755859375,393.6400146484375,403.1099853515625,402.8787536621094,33745400
2026-03-11,MU,Micron Technology,410.7699890136719,422.75,405.7900085449219,418.69000244140625,418.4498291015625,30191400
2026-03-12,MU,Micron Technology,410.0,413.7300109863281,396.6700134277344,405.3500061035156,405.1174621582031,31720900
2026-03-13,MU,Micron Technology,413.75,429.3500061035156,413.0,426.1300048828125,425.88555908203125,39261000
2026-03-16,MU,Micron Technology,446.1600036621094,454.8599853515625,437.75,441.79998779296875,441.54656982421875,43067600
2026-03-17,MU,Micron Technology,452.5400085449219,462.7300109863281,445.1400146484375,461.69000244140625,461.4251708984375,43017900
2026-03-18,MU,Micron Technology,464.760009765625,471.3399963378906,458.29998779296875,461.7300109863281,461.46514892578125,58973700
2026-03-19,MU,Micron Technology,424.9700012207031,457.2200012207031,421.1099853515625,444.2699890136719,444.01513671875,74591900
2026-03-20,MU,Micron Technology,443.9200134277344,449.1000061035156,415.3599853515625,422.8999938964844,422.65740966796875,64224900
2026-03-23,MU,Micron Technology,426.1499938964844,444.2699890136719,401.5199890136719,404.3500061035156,404.1180419921875,54807300
2026-03-24,MU,Micron Technology,401.2799987792969,404.9800109863281,388.9100036621094,395.5299987792969,395.3031005859375,44975100
2026-03-25,MU,Micron Technology,383.0,388.9200134277344,371.3800048828125,382.0899963378906,381.8708190917969,55328700
2026-03-26,MU,Micron Technology,370.0199890136719,374.25,350.0,355.4599914550781,355.256103515625,54515900
2026-03-27,MU,Micron Technology,359.8599853515625,368.70001220703125,354.05999755859375,357.2200012207031,357.01507568359375,45806700
2026-03-30,MU,Micron Technology,362.6600036621094,362.80999755859375,318.3999938964844,321.79998779296875,321.75048828125,73833200
2026-03-31,MU,Micron Technology,321.6700134277344,337.8399963378906,311.489990234375,337.8399963378906,337.7880554199219,73551800
2026-04-01,MU,Micron Technology,348.9100036621094,377.8900146484375,343.0,367.8500061035156,367.7934265136719,74429800
2026-04-02,MU,Micron Technology,341.3399963378906,366.94000244140625,340.20001220703125,366.239990234375,366.18365478515625,51498700
2026-04-06,MU,Micron Technology,373.79998779296875,385.0799865722656,370.6099853515625,377.760009765625,377.701904296875,41414900
2026-04-07,MU,Micron Technology,374.1300048828125,379.25,364.1000061035156,377.5799865722656,377.52191162109375,40224100
2026-04-08,MU,Micron Technology,415.1300048828125,416.0,398.8800048828125,406.7300109863281,406.6674499511719,49216600
2026-04-09,MU,Micron Technology,407.6099853515625,423.94000244140625,398.44000244140625,421.510009765625,421.4451904296875,43101000
2026-04-10,MU,Micron Technology,420.2900085449219,423.8599853515625,410.04998779296875,420.5899963378906,420.52532958984375,36377600
2026-04-13,MU,Micron Technology,416.4700012207031,426.8800048828125,408.5,426.55999755859375,426.4944152832031,37015800
2026-04-14,MU,Micron Technology,434.3500061035156,465.7799987792969,424.8599853515625,465.6600036621094,465.5884094238281,52534900
2026-04-15,MU,Micron Technology,457.6300048828125,463.95001220703125,439.32000732421875,456.2300109863281,456.15985107421875,40370100
2026-04-16,MU,Micron Technology,452.9599914550781,462.3399963378906,444.3800048828125,457.2300109863281,457.1596984863281,33626400
2026-04-17,MU,Micron Technology,466.8500061035156,470.9700012207031,452.20001220703125,455.07000732421875,455.0000305175781,33405000
2026-04-20,MU,Micron Technology,458.25,464.55999755859375,435.8999938964844,448.4200134277344,448.3510437011719,32013600
2026-04-21,MU,Micron Technology,451.32000732421875,457.82000732421875,441.29998779296875,449.3800048828125,449.3109130859375,27734000
2026-04-22,MU,Micron Technology,462.92999267578125,491.9800109863281,458.55999755859375,487.4800109863281,487.4050598144531,45998100
2026-04-23,MU,Micron Technology,482.2799987792969,493.6199951171875,471.79998779296875,481.7200012207031,481.64593505859375,38178000
2026-04-24,MU,Micron Technology,495.9200134277344,506.989990234375,489.3599853515625,496.7200012207031,496.64361572265625,35379600
2026-04-27,MU,Micron Technology,510.55999755859375,531.3599853515625,510.0199890136719,524.5599975585938,524.4793090820312,41298800
2026-04-28,MU,Micron Technology,503.5400085449219,518.8300170898438,488.2300109863281,504.2900085449219,504.21246337890625,44816600
2026-04-29,MU,Micron Technology,526.0,531.02001953125,508.79998779296875,518.4600219726562,518.3803100585938,36248500
2026-04-30,MU,Micron Technology,529.739990234375,535.5,502.5799865722656,517.1599731445312,517.0804443359375,36554400
2026-05-01,MU,Micron Technology,511.7799987792969,545.9099731445312,510.2099914550781,542.2100219726562,542.1266479492188,40215300
2026-05-04,MU,Micron Technology,560.5999755859375,592.7999877929688,557.760009765625,576.4500122070312,576.3613891601562,46043700
2026-05-05,MU,Micron Technology,609.780029296875,651.739990234375,605.469970703125,640.2000122070312,640.1015625,64268500
2026-05-06,MU,Micron Technology,660.3699951171875,667.6699829101562,627.5800170898438,666.5900268554688,666.487548828125,55725800
2026-05-07,MU,Micron Technology,649.8300170898438,683.0900268554688,635.4199829101562,646.6300048828125,646.5305786132812,47527500
2026-05-08,MU,Micron Technology,676.4500122070312,747.2100219726562,676.2100219726562,746.8099975585938,746.6951293945312,65130900
2026-05-11,MU,Micron Technology,792.97998046875,818.6699829101562,768.0,795.3300170898438,795.2077026367188,70972900
2026-05-12,MU,Micron Technology,774.7000122070312,782.760009765625,706.5999755859375,766.5800170898438,766.462158203125,73743000
2026-05-13,MU,Micron Technology,813.1599731445312,814.9500122070312,779.469970703125,803.6300048828125,803.5064086914062,54875100
2026-05-14,MU,Micron Technology,787.6199951171875,812.0,775.6300048828125,776.010009765625,775.8906860351562,42142700
2026-05-15,MU,Micron Technology,732.5700073242188,749.5900268554688,719.0,724.6599731445312,724.5485229492188,48519000
2026-05-18,MU,Micron Technology,750.4600219726562,757.0,663.25,681.5399780273438,681.4351806640625,60042500
2026-05-19,MU,Micron Technology,665.5800170898438,725.9500122070312,652.2100219726562,698.739990234375,698.632568359375,61792100
2026-05-20,MU,Micron Technology,734.9600219726562,735.6799926757812,700.6599731445312,731.989990234375,731.87744140625,48827400
2026-05-21,MU,Micron Technology,736.3599853515625,764.9000244140625,732.2000122070312,762.0999755859375,761.9827880859375,42461500
2026-05-22,MU,Micron Technology,756.8200073242188,780.2000122070312,747.2000122070312,751.0,750.884521484375,36002900
2026-05-26,MU,Micron Technology,820.5,916.7999877929688,820.2999877929688,895.8800048828125,895.7422485351562,76560800
2026-05-27,MU,Micron Technology,955.6599731445312,956.1599731445312,888.1500244140625,928.4099731445312,928.2672119140625,72295700
2026-05-28,MU,Micron Technology,929.8300170898438,949.489990234375,904.780029296875,923.52001953125,923.3779907226562,49694300
2026-05-29,MU,Micron Technology,957.0,981.0,940.510009765625,971.0,970.8507080078125,60498600
2026-06-01,MU,Micron Technology,1009.719970703125,1046.969970703125,1009.5,1035.5,1035.3408203125,46552100
2026-06-02,MU,Micron Technology,1050.0,1076.56005859375,1017.2000122070312,1064.0999755859375,1063.936279296875,47555400
2026-06-03,MU,Micron Technology,1079.010009765625,1089.2900390625,1038.5,1079.5699462890625,1079.4039306640625,40324200
2026-06-04,MU,Micron Technology,1007.0999755859375,1036.3699951171875,971.6799926757812,996.0,995.8468627929688,54917200
2026-06-05,MU,Micron Technology,944.4000244140625,961.8900146484375,864.010009765625,864.010009765625,863.8771362304688,77250500
2026-06-08,MU,Micron Technology,938.27001953125,962.9500122070312,916.5,949.280029296875,949.134033203125,54097800
2026-06-09,MU,Micron Technology,988.1799926757812,989.1500244140625,854.3499755859375,935.8900146484375,935.74609375,73448600
2026-06-10,MU,Micron Technology,905.1300048828125,957.47998046875,883.25,891.8800048828125,891.7428588867188,55712600
2026-06-11,MU,Micron Technology,904.3699951171875,996.77001953125,895.5,995.8699951171875,995.7168579101562,59418900
2026-06-12,MU,Micron Technology,971.8099975585938,1012.6199951171875,960.1900024414062,981.6099853515625,981.4590454101562,40785200
2026-06-15,MU,Micron Technology,1055.8900146484375,1097.469970703125,1051.5,1087.989990234375,1087.8226318359375,44994600
2026-06-16,MU,Micron Technology,1099.699951171875,1110.4000244140625,1020.0,1020.760009765625,1020.60302734375,45499800
2026-06-17,MU,Micron Technology,1061.300048828125,1093.6700439453125,1014.1400146484375,1043.18994140625,1043.029541015625,46149200
2026-06-18,MU,Micron Technology,1108.0699462890625,1149.4300537109375,1092.7900390625,1133.989990234375,1133.8155517578125,64642500
2026-06-22,MU,Micron Technology,1196.219970703125,1213.56005859375,1168.5699462890625,1211.3800048828125,1211.1937255859375,53140800
2026-06-23,MU,Micron Technology,1080.0,1125.0,1038.5,1051.77001953125,1051.6082763671875,60243300
2026-06-24,MU,Micron Technology,1082.219970703125,1083.3199462890625,991.0999755859375,1048.510009765625,1048.3487548828125,68935700
2026-06-25,MU,Micron Technology,1233.0,1255.0,1136.31005859375,1213.56005859375,1213.3734130859375,82143900
2026-06-26,MU,Micron Technology,1139.0799560546875,1198.7099609375,1121.3599853515625,1132.3299560546875,1132.1558837890625,86405300
2026-06-29,MU,Micron Technology,1128.699951171875,1148.7900390625,1023.6500244140625,1145.280029296875,1145.1038818359375,60694100
2026-06-30,MU,Micron Technology,1144.72998046875,1168.6800537109375,1124.6600341796875,1154.2900390625,1154.112548828125,42152600
2026-07-01,MU,Micron Technology,1082.010009765625,1097.0,1032.199951171875,1032.280029296875,1032.121337890625,51328100
2026-07-02,MU,Micron Technology,1041.5,1064.6400146484375,950.280029296875,975.5599975585938,975.4099731445312,61316900
2026-07-06,MU,Micron Technology,1007.0,1019.0,980.8499755859375,984.75,984.75,37115800
2026-07-07,MU,Micron Technology,923.010009765625,942.02001953125,891.6599731445312,938.3800048828125,938.3800048828125,52367500
2026-07-08,MU,Micron Technology,902.6400146484375,959.0,900.4099731445312,948.7999877929688,948.7999877929688,42979000
2026-07-09,MU,Micron Technology,1016.510009765625,1035.5,987.1300048828125,991.6400146484375,991.6400146484375,41110700
2026-07-10,MU,Micron Technology,964.97998046875,998.0,954.1300048828125,979.2999877929688,979.2999877929688,31768100
2026-07-13,MU,Micron Technology,929.0,943.5,902.5999755859375,937.0,937.0,35536200
2026-07-14,MU,Micron Technology,988.3800048828125,994.7999877929688,950.0700073242188,983.1199951171875,983.1199951171875,30835200
2026-07-15,MU,Micron Technology,975.8099975585938,978.4000244140625,873.6300048828125,904.280029296875,904.280029296875,54779200
2026-07-16,MU,Micron Technology,866.77001953125,887.7100219726562,840.510009765625,853.2000122070312,853.2000122070312,46718000
2026-07-17,MU,Micron Technology,822.530029296875,903.9600219726562,804.0,848.9500122070312,848.9500122070312,63346300
2026-07-20,MU,Micron Technology,885.5700073242188,901.0,858.9000244140625,865.4600219726562,865.4600219726562,37705200
2026-07-21,MU,Micron Technology,925.3499755859375,982.8800048828125,916.5700073242188,970.8200073242188,970.8200073242188,49369000
2026-07-22,MU,Micron Technology,938.25,982.6199951171875,936.0599975585938,959.47998046875,959.47998046875,31588600
2026-07-23,MU,Micron Technology,975.1300048828125,1011.77001953125,964.4000244140625,990.2100219726562,990.2100219726562,40196300
2026-07-24,MU,Micron Technology,959.030029296875,967.1400146484375,904.0,920.9500122070312,920.9500122070312,40803100
2026-07-27,MU,Micron Technology,932.4500122070312,935.0,854.7899780273438,900.2000122070312,900.2000122070312,47591200
2026-07-28,MU,Micron Technology,839.6099853515625,848.3599853515625,789.0900268554688,820.530029296875,820.530029296875,61039300
2026-07-29,MU,Micron Technology,833.0,841.7999877929688,737.8800048828125,739.0,739.0,69846000
2026-07-30,MU,Micron Technology,793.1400146484375,882.5,789.0,874.6599731445312,874.6599731445312,63075300
2026-07-31,MU,Micron Technology,919.6500244140625,930.8800048828125,818.0,823.030029296875,823.030029296875,54538600
2026-08-03,MU,Micron Technology,786.3599853515625,836.6199951171875,770.0999755859375,829.5,829.5,42607100
2026-08-04,MU,Micron Technology,866.8200073242188,902.4299926757812,858.5,892.6699829101562,892.6699829101562,37478600
2026-08-05,MU,Micron Technology,885.2999877929688,928.97998046875,881.2000122070312,893.1900024414062,893.1900024414062,34720300
2026-08-06,MU,Micron Technology,843.1099853515625,913.3300170898438,827.0,881.469970703125,881.469970703125,35784100
2026-08-07,MU,Micron Technology,903.5999755859375,904.7999877929688,847.02001953125,877.5700073242188,877.5700073242188,34568500
2026-08-10,MU,Micron Technology,863.6699829101562,894.989990234375,854.4000244140625,861.0,861.0,27818600
2026-08-11,MU,Micron Technology,871.7999877929688,879.0,844.6199951171875,868.52001953125,868.52001953125,29438300
2026-08-12,MU,Micron Technology,912.9400024414062,935.7999877929688,899.5399780273438,911.2899780273438,911.2899780273438,36804900
2026-08-13,MU,Micron Technology,912.8900146484375,978.0,906.5,949.8300170898438,949.8300170898438,36704700
2026-08-14,MU,Micron Technology,979.3200073242188,984.0,956.2000122070312,971.6599731445312,971.6599731445312,27881100
2026-08-17,MU,Micron Technology,999.5499877929688,1036.1300048828125,995.260009765625,1011.75,1011.75,33430500
2026-08-18,MU,Micron Technology,957.0999755859375,978.6699829101562,926.6400146484375,940.760009765625,940.760009765625,37306000
2026-08-19,MU,Micron Technology,959.3599853515625,960.0,915.1799926757812,937.1099853515625,937.1099853515625,26901900
2026-08-20,MU,Micron Technology,935.010009765625,977.280029296875,929.0700073242188,974.3300170898438,974.3300170898438,25212200
2026-08-21,MU,Micron Technology,989.6799926757812,989.9600219726562,958.260009765625,966.780029296875,966.780029296875,21823400
2026-08-24,MU,Micron Technology,934.780029296875,936.4500122070312,887.6099853515625,910.4299926757812,910.4299926757812,30012600
2026-08-25,MU,Micron Technology,928.97998046875,946.6699829101562,916.2999877929688,932.969970703125,932.969970703125,19163200
2026-08-26,MU,Micron Technology,925.739990234375,945.75,924.5999755859375,938.4000244140625,938.4000244140625,18721700
2026-08-27,MU,Micron Technology,967.010009765625,968.7100219726562,906.8900146484375,935.3900146484375,935.3900146484375,28838500
2026-08-28,MU,Micron Technology,919.2899780273438,946.7999877929688,909.0900268554688,932.8599853515625,932.8599853515625,22890100
2026-08-31,MU,Micron Technology,931.3900146484375,959.969970703125,930.7899780273438,958.72998046875,958.72998046875,22569500
2026-09-01,MU,Micron Technology,941.1300048828125,969.4400024414062,922.3900146484375,933.4400024414062,933.4400024414062,27762200
2026-09-02,MU,Micron Technology,930.8300170898438,958.0,927.1599731445312,956.0800170898438,956.0800170898438,21440500
2026-09-03,MU,Micron Technology,956.9099731445312,959.760009765625,918.8800048828125,958.1599731445312,958.1599731445312,24175900
2026-09-04,MU,Micron Technology,971.3400268554688,1017.77001953125,969.0,1016.5900268554688,1016.5900268554688,35249500
2026-09-08,MU,Micron Technology,1036.4000244140625,1041.0699462890625,997.6199951171875,1000.260009765625,1000.260009765625,26604900
2026-09-09,MU,Micron Technology,998.8099975585938,1042.4000244140625,992.2899780273438,1027.77001953125,1027.77001953125,23812000
2026-09-10,MU,Micron Technology,997.0,999.0,973.5,977.4099731445312,977.4099731445312,26230400
2026-09-11,MU,Micron Technology,993.2000122070312,993.989990234375,967.3800048828125,975.260009765625,975.260009765625,21740300
2026-09-14,MU,Micron Technology,906.030029296875,932.2100219726562,902.5999755859375,924.030029296875,924.030029296875,27141900
2026-09-15,MU,Micron Technology,937.5,944.9400024414062,920.1300048828125,927.5999755859375,927.5999755859375,20434700
2026-09-16,MU,Micron Technology,934.22998046875,941.2000122070312,917.6400146484375,926.5499877929688,926.5499877929688,20213000
2026-09-17,MU,Micron Technology,954.5700073242188,986.2000122070312,953.5,977.5,977.5,22091600
2026-09-18,MU,Micron Technology,984.719970703125,1016.4400024414062,977.8300170898438,1015.7999877929688,1015.7999877929688,35803500
