Date,Ticker,Company,Open,High,Low,Close,Adj Close,Volume
2016-09-19,QCOM,Qualcomm,63.130001068115234,63.38999938964844,62.7599983215332,62.86000061035156,47.99065399169922,6759900
2016-09-20,QCOM,Qualcomm,63.27000045776367,63.29999923706055,62.529998779296875,62.70000076293945,47.86848449707031,5471400
2016-09-21,QCOM,Qualcomm,63.099998474121094,63.63999938964844,62.90999984741211,63.56999969482422,48.5327033996582,7488600
2016-09-22,QCOM,Qualcomm,63.709999084472656,64.0,63.36000061035156,63.52000045776367,48.4945182800293,7895700
2016-09-23,QCOM,Qualcomm,63.0,63.56999969482422,62.66999816894531,62.75,47.906673431396484,7794700
2016-09-26,QCOM,Qualcomm,62.4900016784668,62.560001373291016,61.86000061035156,62.310001373291016,47.57073974609375,6207400
2016-09-27,QCOM,Qualcomm,62.529998779296875,63.36000061035156,62.439998626708984,63.310001373291016,48.33420944213867,5228300
2016-09-28,QCOM,Qualcomm,63.22999954223633,63.689998626708984,63.0,63.45000076293945,48.44108963012695,5251900
2016-09-29,QCOM,Qualcomm,63.279998779296875,68.83000183105469,62.709999084472656,67.44999694824219,51.49488830566406,43098800
2016-09-30,QCOM,Qualcomm,68.4000015258789,70.4000015258789,68.1500015258789,68.5,52.2965087890625,34879500
2016-10-03,QCOM,Qualcomm,68.08000183105469,69.27999877929688,66.87000274658203,67.11000061035156,51.235321044921875,10153600
2016-10-04,QCOM,Qualcomm,67.69999694824219,67.69999694824219,66.55999755859375,66.68000030517578,50.90704345703125,9746400
2016-10-05,QCOM,Qualcomm,66.83999633789062,67.41999816894531,66.55000305175781,66.83999633789062,51.02919006347656,6362000
2016-10-06,QCOM,Qualcomm,66.80000305175781,69.31999969482422,66.2300033569336,67.54000091552734,51.56361389160156,12957200
2016-10-07,QCOM,Qualcomm,67.52999877929688,68.33000183105469,67.48999786376953,68.19000244140625,52.05986022949219,8398100
2016-10-10,QCOM,Qualcomm,68.33999633789062,68.58000183105469,67.05999755859375,67.25,51.34220504760742,7029800
2016-10-11,QCOM,Qualcomm,67.0,67.08999633789062,65.44999694824219,66.08999633789062,50.45659637451172,8910600
2016-10-12,QCOM,Qualcomm,66.48999786376953,66.48999786376953,65.05999755859375,66.05999755859375,50.43368911743164,6615700
2016-10-13,QCOM,Qualcomm,65.55000305175781,66.05999755859375,64.30000305175781,65.69999694824219,50.158851623535156,7236600
2016-10-14,QCOM,Qualcomm,65.94000244140625,66.58999633789062,65.44999694824219,65.69999694824219,50.158851623535156,6743100
2016-10-17,QCOM,Qualcomm,65.52999877929688,65.70999908447266,65.08999633789062,65.19000244140625,49.769493103027344,6348200
2016-10-18,QCOM,Qualcomm,66.18000030517578,66.22000122070312,65.56999969482422,66.0999984741211,50.464229583740234,5966900
2016-10-19,QCOM,Qualcomm,65.87999725341797,66.06999969482422,65.30999755859375,65.79000091552734,50.22757339477539,5414700
2016-10-20,QCOM,Qualcomm,65.4800033569336,68.16999816894531,65.4800033569336,67.33999633789062,51.41090774536133,13579000
2016-10-21,QCOM,Qualcomm,67.11000061035156,69.44000244140625,66.69999694824219,67.93000030517578,51.86136245727539,19676600
2016-10-24,QCOM,Qualcomm,68.4000015258789,68.44999694824219,67.4800033569336,68.05999755859375,51.96059799194336,6669600
2016-10-25,QCOM,Qualcomm,67.9000015258789,68.25,67.4800033569336,67.70999908447266,51.693397521972656,5370000
2016-10-26,QCOM,Qualcomm,67.30999755859375,68.62000274658203,67.25,68.19999694824219,52.067481994628906,9241200
2016-10-27,QCOM,Qualcomm,70.80000305175781,71.62000274658203,70.0,70.08999633789062,53.51041030883789,33941700
2016-10-28,QCOM,Qualcomm,70.5199966430664,70.52999877929688,67.66000366210938,68.4000015258789,52.220176696777344,17952700
2016-10-31,QCOM,Qualcomm,69.0,69.51000213623047,68.68000030517578,68.72000122070312,52.4644660949707,10108300
2016-11-01,QCOM,Qualcomm,69.0,69.3499984741211,67.54000091552734,68.33999633789062,52.17435836791992,8910100
2016-11-02,QCOM,Qualcomm,68.45999908447266,68.5999984741211,67.02999877929688,67.08999633789062,51.22003936767578,15183000
2016-11-03,QCOM,Qualcomm,67.69000244140625,68.56999969482422,65.93000030517578,66.94999694824219,51.11317443847656,15642500
2016-11-04,QCOM,Qualcomm,65.73999786376953,67.41000366210938,65.73999786376953,66.7300033569336,50.945220947265625,8584300
2016-11-07,QCOM,Qualcomm,67.72000122070312,68.58000183105469,67.38999938964844,68.45999908447266,52.265987396240234,9205300
2016-11-08,QCOM,Qualcomm,68.22000122070312,68.70999908447266,67.62999725341797,68.2699966430664,52.12092971801758,6696600
2016-11-09,QCOM,Qualcomm,66.62999725341797,68.08999633789062,66.25,67.87999725341797,51.82318115234375,11604400
2016-11-10,QCOM,Qualcomm,67.80999755859375,68.20999908447266,64.31999969482422,66.30999755859375,50.62456512451172,17774400
2016-11-11,QCOM,Qualcomm,65.87000274658203,67.0,65.83999633789062,66.87999725341797,51.05972671508789,10239800
2016-11-14,QCOM,Qualcomm,67.41999816894531,67.41999816894531,65.93000030517578,65.93000030517578,50.334434509277344,8256800
2016-11-15,QCOM,Qualcomm,66.26000213623047,67.16000366210938,65.94999694824219,66.7699966430664,50.97575759887695,9615200
2016-11-16,QCOM,Qualcomm,66.70999908447266,66.70999908447266,65.6500015258789,66.30000305175781,50.61692428588867,9552200
2016-11-17,QCOM,Qualcomm,66.44000244140625,66.7699966430664,66.16000366210938,66.66999816894531,50.8994026184082,6982500
2016-11-18,QCOM,Qualcomm,66.68000030517578,67.45999908447266,65.94000244140625,67.30999755859375,51.38801574707031,9889300
2016-11-21,QCOM,Qualcomm,66.86000061035156,67.19999694824219,66.1500015258789,67.0999984741211,51.22768783569336,7868900
2016-11-22,QCOM,Qualcomm,67.56999969482422,68.5999984741211,67.04000091552734,68.30999755859375,52.151458740234375,9803600
2016-11-23,QCOM,Qualcomm,68.33000183105469,68.5,67.75,68.12999725341797,52.01404571533203,4820300
2016-11-25,QCOM,Qualcomm,68.16000366210938,68.41999816894531,67.70999908447266,68.29000091552734,52.13620376586914,4200100
2016-11-28,QCOM,Qualcomm,67.41999816894531,67.69999694824219,66.80000305175781,67.0999984741211,51.62837600708008,8225200
2016-11-29,QCOM,Qualcomm,67.2300033569336,67.54000091552734,66.62999725341797,66.7699966430664,51.37446975708008,6544900
2016-11-30,QCOM,Qualcomm,66.80000305175781,68.30999755859375,66.5,68.12999725341797,52.42088317871094,12470000
2016-12-01,QCOM,Qualcomm,67.72000122070312,67.91999816894531,63.779998779296875,64.16000366210938,49.366275787353516,16563900
2016-12-02,QCOM,Qualcomm,63.95000076293945,66.33000183105469,63.95000076293945,65.83999633789062,50.65890121459961,9687000
2016-12-05,QCOM,Qualcomm,66.37999725341797,66.94000244140625,65.69000244140625,66.36000061035156,51.058998107910156,8708200
2016-12-06,QCOM,Qualcomm,66.6500015258789,67.4800033569336,66.5,67.44999694824219,51.89767074584961,6701800
2016-12-07,QCOM,Qualcomm,67.3499984741211,68.33999633789062,66.95999908447266,68.33999633789062,52.582454681396484,7202700
2016-12-08,QCOM,Qualcomm,68.41999816894531,69.18000030517578,68.37000274658203,68.55000305175781,52.744041442871094,5552600
2016-12-09,QCOM,Qualcomm,68.61000061035156,68.88999938964844,67.80000305175781,68.5199966430664,52.72096252441406,5551800
2016-12-12,QCOM,Qualcomm,68.37000274658203,68.6500015258789,67.91999816894531,68.47000122070312,52.682491302490234,5615200
2016-12-13,QCOM,Qualcomm,68.72000122070312,70.23999786376953,68.48999786376953,69.33999633789062,53.35187911987305,8494200
2016-12-14,QCOM,Qualcomm,68.63999938964844,69.18000030517578,67.3499984741211,67.55999755859375,51.98230743408203,9957700
2016-12-15,QCOM,Qualcomm,68.0999984741211,68.7699966430664,67.30999755859375,68.02999877929688,52.343929290771484,7162400
2016-12-16,QCOM,Qualcomm,68.48999786376953,68.48999786376953,66.30000305175781,66.45999908447266,51.135955810546875,18155600
2016-12-19,QCOM,Qualcomm,66.79000091552734,67.43000030517578,66.63999938964844,67.0199966430664,51.56682205200195,7884700
2016-12-20,QCOM,Qualcomm,67.37999725341797,67.55999755859375,66.7699966430664,66.91000366210938,51.482181549072266,6685400
2016-12-21,QCOM,Qualcomm,67.06999969482422,67.3499984741211,66.81999969482422,67.16000366210938,51.67454147338867,5211400
2016-12-22,QCOM,Qualcomm,67.63999938964844,67.75,66.45999908447266,66.76000213623047,51.366764068603516,5900200
2016-12-23,QCOM,Qualcomm,66.88999938964844,66.94000244140625,66.5199966430664,66.86000061035156,51.44369888305664,3088100
2016-12-27,QCOM,Qualcomm,67.13999938964844,67.58000183105469,67.05999755859375,67.25,51.7437858581543,3028200
2016-12-28,QCOM,Qualcomm,66.6500015258789,67.06999969482422,65.69999694824219,65.75,50.58964538574219,6547200
2016-12-29,QCOM,Qualcomm,65.5,66.08000183105469,65.41999816894531,66.04000091552734,50.81279373168945,3700800
2016-12-30,QCOM,Qualcomm,66.25,66.3499984741211,65.04000091552734,65.19999694824219,50.16647720336914,5941900
2017-01-03,QCOM,Qualcomm,65.86000061035156,66.13999938964844,64.5999984741211,65.4000015258789,50.32035827636719,9519800
2017-01-04,QCOM,Qualcomm,65.66999816894531,65.94999694824219,65.26000213623047,65.47000122070312,50.37421798706055,6221700
2017-01-05,QCOM,Qualcomm,65.22000122070312,65.9800033569336,65.05000305175781,65.55000305175781,50.43576431274414,5998900
2017-01-06,QCOM,Qualcomm,65.4800033569336,65.87000274658203,64.86000061035156,65.52999877929688,50.420379638671875,6749400
2017-01-09,QCOM,Qualcomm,65.52999877929688,66.2699966430664,65.48999786376953,65.6500015258789,50.51271438598633,4769200
2017-01-10,QCOM,Qualcomm,65.94999694824219,66.16000366210938,65.56999969482422,65.62999725341797,50.4973258972168,6076000
2017-01-11,QCOM,Qualcomm,65.75,66.11000061035156,65.41999816894531,66.0999984741211,50.858951568603516,8349800
2017-01-12,QCOM,Qualcomm,65.3499984741211,66.18000030517578,65.05000305175781,66.12000274658203,50.874332427978516,6113600
2017-01-13,QCOM,Qualcomm,66.25,67.08000183105469,66.16000366210938,66.87999725341797,51.45909881591797,6177400
2017-01-17,QCOM,Qualcomm,66.70999908447266,66.97000122070312,63.150001525878906,64.19000244140625,49.38935089111328,22426300
2017-01-18,QCOM,Qualcomm,64.66999816894531,66.08999633789062,63.810001373291016,65.12999725341797,50.11261749267578,15883200
2017-01-19,QCOM,Qualcomm,64.97000122070312,65.4000015258789,64.36000061035156,64.44000244140625,49.58169937133789,9429200
2017-01-20,QCOM,Qualcomm,65.19000244140625,65.73999786376953,62.619998931884766,62.880001068115234,48.38139724731445,20936900
2017-01-23,QCOM,Qualcomm,58.66999816894531,58.66999816894531,53.77000045776367,54.880001068115234,42.22602462768555,94436000
2017-01-24,QCOM,Qualcomm,55.02000045776367,55.77000045776367,54.70000076293945,55.0,42.31834030151367,41751800
2017-01-25,QCOM,Qualcomm,56.099998474121094,56.97999954223633,55.5,56.900001525878906,43.78024673461914,27307900
2017-01-26,QCOM,Qualcomm,55.349998474121094,55.4900016784668,53.5,54.04999923706055,41.58738708496094,37888200
2017-01-27,QCOM,Qualcomm,54.650001525878906,54.7599983215332,54.0,54.2400016784668,41.73358154296875,23474400
2017-01-30,QCOM,Qualcomm,54.38999938964844,54.400001525878906,53.54999923706055,53.61000061035156,41.248844146728516,14853900
2017-01-31,QCOM,Qualcomm,53.61000061035156,53.63999938964844,52.83000183105469,53.43000030517578,41.1103515625,13995400
2017-02-01,QCOM,Qualcomm,53.63999938964844,53.81999969482422,52.86000061035156,53.150001525878906,40.8948974609375,16102100
2017-02-02,QCOM,Qualcomm,52.95000076293945,53.099998474121094,52.369998931884766,52.65999984741211,40.517887115478516,14481200
2017-02-03,QCOM,Qualcomm,52.95000076293945,53.220001220703125,52.75,52.97999954223633,40.76409912109375,10965300
2017-02-06,QCOM,Qualcomm,53.310001373291016,53.40999984741211,52.81999969482422,52.880001068115234,40.68716049194336,8215100
2017-02-07,QCOM,Qualcomm,53.220001220703125,53.279998779296875,52.7599983215332,53.27000045776367,40.987239837646484,10374100
2017-02-08,QCOM,Qualcomm,53.38999938964844,53.38999938964844,52.720001220703125,52.88999938964844,40.694854736328125,9229000
2017-02-09,QCOM,Qualcomm,52.90999984741211,53.099998474121094,52.7599983215332,52.880001068115234,40.68716049194336,7615100
2017-02-10,QCOM,Qualcomm,53.099998474121094,54.279998779296875,52.93000030517578,54.0,41.54891586303711,14042200
2017-02-13,QCOM,Qualcomm,54.58000183105469,55.130001068115234,54.2599983215332,54.93000030517578,42.26448059082031,14516200
2017-02-14,QCOM,Qualcomm,55.43000030517578,55.52000045776367,54.81999969482422,55.47999954223633,42.68766403198242,13072000
2017-02-15,QCOM,Qualcomm,55.630001068115234,56.5,55.4900016784668,56.4900016784668,43.46477508544922,14149200
2017-02-16,QCOM,Qualcomm,56.58000183105469,56.900001525878906,56.45000076293945,56.880001068115234,43.764854431152344,11622900
2017-02-17,QCOM,Qualcomm,56.849998474121094,56.939998626708984,56.04999923706055,56.459999084472656,43.44169235229492,12456600
2017-02-21,QCOM,Qualcomm,56.83000183105469,57.189998626708984,56.58000183105469,56.75,43.66484069824219,9878200
2017-02-22,QCOM,Qualcomm,56.779998779296875,57.099998474121094,56.47999954223633,57.099998474121094,43.934139251708984,8711500
2017-02-23,QCOM,Qualcomm,57.0099983215332,57.310001373291016,56.77000045776367,57.13999938964844,43.96490478515625,10152800
2017-02-24,QCOM,Qualcomm,57.02000045776367,57.22999954223633,56.5,57.220001220703125,44.02646255493164,10644800
2017-02-27,QCOM,Qualcomm,56.560001373291016,56.97999954223633,56.310001373291016,56.72999954223633,44.057525634765625,7127600
2017-02-28,QCOM,Qualcomm,56.4900016784668,56.52000045776367,55.88999938964844,56.47999954223633,43.86337661743164,10388200
2017-03-01,QCOM,Qualcomm,56.93000030517578,57.08000183105469,56.27000045776367,57.0099983215332,44.27497100830078,11082400
2017-03-02,QCOM,Qualcomm,56.95000076293945,57.150001525878906,56.2400016784668,56.369998931884766,43.777950286865234,8451700
2017-03-03,QCOM,Qualcomm,56.52000045776367,56.56999969482422,56.0,56.439998626708984,43.832313537597656,6971400
2017-03-06,QCOM,Qualcomm,56.27000045776367,56.560001373291016,56.06999969482422,56.45000076293945,43.84008026123047,7241600
2017-03-07,QCOM,Qualcomm,56.599998474121094,56.81999969482422,56.189998626708984,56.72999954223633,44.057525634765625,7131700
2017-03-08,QCOM,Qualcomm,56.91999816894531,58.08000183105469,56.79999923706055,57.77000045776367,44.86522674560547,13201700
2017-03-09,QCOM,Qualcomm,57.650001525878906,58.099998474121094,57.400001525878906,57.970001220703125,45.02053451538086,9875600
2017-03-10,QCOM,Qualcomm,58.36000061035156,58.790000915527344,58.29999923706055,58.63999938964844,45.54087829589844,9752000
2017-03-13,QCOM,Qualcomm,59.029998779296875,59.040000915527344,58.20000076293945,58.459999084472656,45.40107345581055,7737900
2017-03-14,QCOM,Qualcomm,58.380001068115234,58.380001068115234,57.720001220703125,58.220001220703125,45.214683532714844,6276900
2017-03-15,QCOM,Qualcomm,58.41999816894531,58.75,58.18000030517578,58.52000045776367,45.44767379760742,9029500
2017-03-16,QCOM,Qualcomm,58.29999923706055,58.72999954223633,58.15999984741211,58.349998474121094,45.31564712524414,7206200
2017-03-17,QCOM,Qualcomm,58.56999969482422,58.61000061035156,57.5099983215332,57.54999923706055,44.6943473815918,20057800
2017-03-20,QCOM,Qualcomm,57.790000915527344,58.06999969482422,57.59000015258789,57.810001373291016,44.896270751953125,7498200
2017-03-21,QCOM,Qualcomm,57.93000030517578,58.099998474121094,56.7400016784668,56.79999923706055,44.11188507080078,10092600
2017-03-22,QCOM,Qualcomm,56.72999954223633,57.130001068115234,56.099998474121094,57.040000915527344,44.29827880859375,9129700
2017-03-23,QCOM,Qualcomm,57.15999984741211,57.27000045776367,56.59000015258789,56.810001373291016,44.119659423828125,7718700
2017-03-24,QCOM,Qualcomm,57.470001220703125,57.470001220703125,56.63999938964844,56.91999816894531,44.20508575439453,5621400
2017-03-27,QCOM,Qualcomm,56.720001220703125,56.939998626708984,56.47999954223633,56.65999984741211,44.00315856933594,4726300
2017-03-28,QCOM,Qualcomm,56.66999816894531,57.61000061035156,56.66999816894531,57.380001068115234,44.56232833862305,5953500
2017-03-29,QCOM,Qualcomm,57.09000015258789,57.369998931884766,56.86000061035156,57.36000061035156,44.54679489135742,4042600
2017-03-30,QCOM,Qualcomm,57.36000061035156,57.650001525878906,57.189998626708984,57.20000076293945,44.42253875732422,6359000
2017-03-31,QCOM,Qualcomm,57.459999084472656,57.689998626708984,56.970001220703125,57.34000015258789,44.53126907348633,10065000
2017-04-03,QCOM,Qualcomm,57.2599983215332,57.34000015258789,56.040000915527344,56.5,43.87891387939453,11343500
2017-04-04,QCOM,Qualcomm,56.29999923706055,56.90999984741211,56.25,56.68000030517578,44.01869583129883,7123900
2017-04-05,QCOM,Qualcomm,56.79999923706055,57.529998779296875,56.41999816894531,56.470001220703125,43.85559844970703,7857700
2017-04-06,QCOM,Qualcomm,56.439998626708984,56.72999954223633,56.13999938964844,56.529998779296875,43.90220642089844,5757800
2017-04-07,QCOM,Qualcomm,56.58000183105469,56.599998474121094,56.189998626708984,56.31999969482422,43.739112854003906,5229800
2017-04-10,QCOM,Qualcomm,56.43000030517578,56.810001373291016,56.27000045776367,56.52000045776367,43.894439697265625,6039800
2017-04-11,QCOM,Qualcomm,56.31999969482422,56.36000061035156,54.720001220703125,55.349998474121094,42.98579788208008,17301800
2017-04-12,QCOM,Qualcomm,54.63999938964844,54.650001525878906,53.119998931884766,53.38999938964844,41.463619232177734,24822200
2017-04-13,QCOM,Qualcomm,53.130001068115234,53.68000030517578,52.779998779296875,52.790000915527344,40.99765396118164,17014400
2017-04-17,QCOM,Qualcomm,52.9900016784668,53.130001068115234,52.75,52.88999938964844,41.0753173828125,10471700
2017-04-18,QCOM,Qualcomm,52.599998474121094,52.97999954223633,52.38999938964844,52.66999816894531,40.90446472167969,11262800
2017-04-19,QCOM,Qualcomm,53.0,53.099998474121094,52.29999923706055,52.61000061035156,40.85786819458008,15441500
2017-04-20,QCOM,Qualcomm,53.220001220703125,53.400001525878906,51.400001525878906,52.65999984741211,40.89669418334961,24664600
2017-04-21,QCOM,Qualcomm,52.77000045776367,52.79999923706055,52.209999084472656,52.5,40.772438049316406,10951500
2017-04-24,QCOM,Qualcomm,53.0099983215332,53.25,52.75,52.810001373291016,41.01318359375,10784400
2017-04-25,QCOM,Qualcomm,53.16999816894531,53.4900016784668,52.959999084472656,53.0,41.16073989868164,11688700
2017-04-26,QCOM,Qualcomm,53.20000076293945,53.29999923706055,52.90999984741211,53.040000915527344,41.191810607910156,7373800
2017-04-27,QCOM,Qualcomm,53.2400016784668,53.34000015258789,52.90999984741211,53.209999084472656,41.32384490966797,6956200
2017-04-28,QCOM,Qualcomm,51.79999923706055,53.95000076293945,51.04999923706055,53.7400016784668,41.73545455932617,34374100
2017-05-01,QCOM,Qualcomm,53.650001525878906,53.70000076293945,53.099998474121094,53.599998474121094,41.626708984375,12987700
2017-05-02,QCOM,Qualcomm,53.650001525878906,53.72999954223633,52.900001525878906,53.290000915527344,41.38596725463867,10445400
2017-05-03,QCOM,Qualcomm,53.40999984741211,54.77000045776367,53.25,54.4900016784668,42.31790542602539,18428300
2017-05-04,QCOM,Qualcomm,54.72999954223633,55.0,54.5,54.90999984741211,42.64408493041992,11993400
2017-05-05,QCOM,Qualcomm,54.93000030517578,55.0,54.70000076293945,54.93000030517578,42.65961456298828,9108800
2017-05-08,QCOM,Qualcomm,54.9900016784668,55.0,54.560001373291016,54.619998931884766,42.41885757446289,7033400
2017-05-09,QCOM,Qualcomm,54.689998626708984,55.189998626708984,54.630001068115234,55.150001525878906,42.830474853515625,8332900
2017-05-10,QCOM,Qualcomm,55.220001220703125,55.43000030517578,54.86000061035156,55.33000183105469,42.970252990722656,8517700
2017-05-11,QCOM,Qualcomm,55.25,55.29999923706055,54.40999984741211,54.68000030517578,42.46546936035156,13514700
2017-05-12,QCOM,Qualcomm,54.5,55.349998474121094,54.400001525878906,55.31999969482422,42.96250915527344,9107600
2017-05-15,QCOM,Qualcomm,55.08000183105469,55.4900016784668,55.08000183105469,55.400001525878906,43.024627685546875,10686100
2017-05-16,QCOM,Qualcomm,55.38999938964844,55.97999954223633,55.099998474121094,55.95000076293945,43.45177459716797,9599300
2017-05-17,QCOM,Qualcomm,55.63999938964844,56.08000183105469,55.29999923706055,55.36000061035156,42.99357223510742,14811300
2017-05-18,QCOM,Qualcomm,55.58000183105469,56.310001373291016,55.02000045776367,56.119998931884766,43.58378601074219,13125300
2017-05-19,QCOM,Qualcomm,56.4900016784668,57.790000915527344,56.20000076293945,57.66999816894531,44.78755187988281,16643800
2017-05-22,QCOM,Qualcomm,58.38999938964844,59.540000915527344,58.380001068115234,59.279998779296875,46.03789520263672,20771500
2017-05-23,QCOM,Qualcomm,59.380001068115234,59.88999938964844,59.130001068115234,59.220001220703125,45.99131393432617,14223400
2017-05-24,QCOM,Qualcomm,59.279998779296875,59.619998931884766,58.56999969482422,58.63999938964844,45.54087829589844,8592600
2017-05-25,QCOM,Qualcomm,58.650001525878906,58.95000076293945,58.2599983215332,58.45000076293945,45.393306732177734,9556500
2017-05-26,QCOM,Qualcomm,57.65999984741211,57.97999954223633,57.369998931884766,57.52000045776367,45.11096954345703,8261900
2017-05-30,QCOM,Qualcomm,57.279998779296875,57.7400016784668,57.16999816894531,57.34000015258789,44.96980285644531,11553700
2017-05-31,QCOM,Qualcomm,57.2599983215332,57.72999954223633,57.0,57.27000045776367,44.9149055480957,14082600
2017-06-01,QCOM,Qualcomm,57.45000076293945,58.650001525878906,57.349998474121094,58.619998931884766,45.97365951538086,11560100
2017-06-02,QCOM,Qualcomm,58.88999938964844,58.959999084472656,58.349998474121094,58.58000183105469,45.94229507446289,9538000
2017-06-05,QCOM,Qualcomm,58.5,59.04999923706055,58.47999954223633,58.86000061035156,46.161895751953125,7960800
2017-06-06,QCOM,Qualcomm,58.599998474121094,58.90999984741211,58.18000030517578,58.20000076293945,45.644287109375,7871500
2017-06-07,QCOM,Qualcomm,58.29999923706055,58.4900016784668,57.130001068115234,57.529998779296875,45.118812561035156,10126500
2017-06-08,QCOM,Qualcomm,57.77000045776367,58.150001525878906,57.61000061035156,58.119998931884766,45.5815315246582,10322200
2017-06-09,QCOM,Qualcomm,58.369998931884766,58.4900016784668,56.7400016784668,57.04999923706055,44.742366790771484,13624800
2017-06-12,QCOM,Qualcomm,56.52000045776367,57.68000030517578,56.47999954223633,57.4900016784668,45.08745193481445,9985100
2017-06-13,QCOM,Qualcomm,57.95000076293945,58.06999969482422,57.5,57.540000915527344,45.12665557861328,7111500
2017-06-14,QCOM,Qualcomm,57.70000076293945,57.970001220703125,56.66999816894531,57.0099983215332,44.71099853515625,6740000
2017-06-15,QCOM,Qualcomm,56.41999816894531,57.16999816894531,56.400001525878906,56.93000030517578,44.64826583862305,5416600
2017-06-16,QCOM,Qualcomm,56.97999954223633,57.0099983215332,56.349998474121094,56.81999969482422,44.56198501586914,14555600
2017-06-19,QCOM,Qualcomm,56.959999084472656,57.65999984741211,56.90999984741211,57.61000061035156,45.18156051635742,7166200
2017-06-20,QCOM,Qualcomm,57.459999084472656,57.61000061035156,56.5099983215332,56.790000915527344,44.538455963134766,8181600
2017-06-21,QCOM,Qualcomm,56.790000915527344,56.84000015258789,56.119998931884766,56.33000183105469,44.17770004272461,8324900
2017-06-22,QCOM,Qualcomm,56.2400016784668,56.75,56.060001373291016,56.470001220703125,44.28749465942383,5560100
2017-06-23,QCOM,Qualcomm,56.63999938964844,57.439998626708984,56.56999969482422,56.90999984741211,44.632568359375,11847900
2017-06-26,QCOM,Qualcomm,57.09000015258789,57.689998626708984,56.209999084472656,56.560001373291016,44.358089447021484,7339100
2017-06-27,QCOM,Qualcomm,56.290000915527344,56.33000183105469,55.40999984741211,55.43000030517578,43.47185516357422,6814400
2017-06-28,QCOM,Qualcomm,55.400001525878906,56.31999969482422,55.18000030517578,56.15999984741211,44.04437255859375,7542400
2017-06-29,QCOM,Qualcomm,55.93000030517578,55.93000030517578,54.54999923706055,55.08000183105469,43.19737243652344,8456900
2017-06-30,QCOM,Qualcomm,55.599998474121094,55.630001068115234,55.029998779296875,55.220001220703125,43.307159423828125,8781900
2017-07-03,QCOM,Qualcomm,55.529998779296875,56.02000045776367,54.91999816894531,54.95000076293945,43.09540557861328,4379600
2017-07-05,QCOM,Qualcomm,55.0099983215332,55.560001373291016,54.779998779296875,55.45000076293945,43.48754119873047,6823800
2017-07-06,QCOM,Qualcomm,55.02000045776367,55.22999954223633,54.7400016784668,54.790000915527344,42.96992492675781,5663000
2017-07-07,QCOM,Qualcomm,55.040000915527344,55.72999954223633,54.869998931884766,55.349998474121094,43.40911102294922,5356000
2017-07-10,QCOM,Qualcomm,55.369998931884766,55.88999938964844,55.189998626708984,55.63999938964844,43.636558532714844,5098100
2017-07-11,QCOM,Qualcomm,55.630001068115234,55.630001068115234,55.02000045776367,55.33000183105469,43.39344024658203,6124900
2017-07-12,QCOM,Qualcomm,55.790000915527344,56.310001373291016,55.720001220703125,56.20000076293945,44.07575225830078,6126800
2017-07-13,QCOM,Qualcomm,56.380001068115234,56.52000045776367,56.16999816894531,56.22999954223633,44.09927749633789,6219200
2017-07-14,QCOM,Qualcomm,56.5,56.93000030517578,56.150001525878906,56.810001373291016,44.55414581298828,4440100
2017-07-17,QCOM,Qualcomm,56.72999954223633,56.91999816894531,56.38999938964844,56.459999084472656,44.2796516418457,5123600
2017-07-18,QCOM,Qualcomm,56.34000015258789,56.380001068115234,56.0,56.290000915527344,44.146324157714844,7441000
2017-07-19,QCOM,Qualcomm,56.459999084472656,56.939998626708984,56.0099983215332,56.779998779296875,44.53062057495117,8783700
2017-07-20,QCOM,Qualcomm,55.11000061035156,55.43000030517578,53.459999084472656,53.970001220703125,42.32682418823242,35943900
2017-07-21,QCOM,Qualcomm,53.65999984741211,54.0,53.369998931884766,53.84000015258789,42.224876403808594,12113100
2017-07-24,QCOM,Qualcomm,53.75,53.880001068115234,53.09000015258789,53.220001220703125,41.73863220214844,8832200
2017-07-25,QCOM,Qualcomm,53.20000076293945,53.650001525878906,53.06999969482422,53.27000045776367,41.77783966064453,7112100
2017-07-26,QCOM,Qualcomm,53.290000915527344,53.349998474121094,52.7400016784668,53.13999938964844,41.67588424682617,7581500
2017-07-27,QCOM,Qualcomm,53.08000183105469,53.369998931884766,52.22999954223633,52.4900016784668,41.16612243652344,14069200
2017-07-28,QCOM,Qualcomm,52.27000045776367,52.9900016784668,52.27000045776367,52.880001068115234,41.47198486328125,6644300
2017-07-31,QCOM,Qualcomm,53.099998474121094,53.29999923706055,52.75,53.189998626708984,41.71510696411133,11302700
2017-08-01,QCOM,Qualcomm,53.29999923706055,53.43000030517578,52.90999984741211,53.40999984741211,41.887638092041016,9372100
2017-08-02,QCOM,Qualcomm,53.29999923706055,53.38999938964844,52.779998779296875,53.16999816894531,41.69942092895508,23084000
2017-08-03,QCOM,Qualcomm,53.15999984741211,53.34000015258789,52.75,52.95000076293945,41.52687072753906,8643500
2017-08-04,QCOM,Qualcomm,53.0,53.0,52.5099983215332,52.619998931884766,41.26807403564453,8677900
2017-08-07,QCOM,Qualcomm,52.5,52.849998474121094,52.4900016784668,52.70000076293945,41.3308219909668,6561800
2017-08-08,QCOM,Qualcomm,52.54999923706055,53.33000183105469,52.209999084472656,52.290000915527344,41.00926208496094,10462200
2017-08-09,QCOM,Qualcomm,52.04999923706055,52.79999923706055,52.0,52.77000045776367,41.38570785522461,8085300
2017-08-10,QCOM,Qualcomm,52.540000915527344,52.75,52.11000061035156,52.34000015258789,41.048484802246094,10768000
2017-08-11,QCOM,Qualcomm,52.38999938964844,53.130001068115234,52.290000915527344,52.720001220703125,41.346492767333984,5894200
2017-08-14,QCOM,Qualcomm,53.040000915527344,53.63999938964844,52.90999984741211,53.54999923706055,41.99742126464844,8118200
2017-08-15,QCOM,Qualcomm,53.65999984741211,54.08000183105469,53.349998474121094,53.869998931884766,42.248409271240234,7876300
2017-08-16,QCOM,Qualcomm,54.060001373291016,54.099998474121094,53.2599983215332,53.310001373291016,41.80921173095703,7414900
2017-08-17,QCOM,Qualcomm,53.189998626708984,53.40999984741211,52.27000045776367,52.27000045776367,40.993587493896484,6589400
2017-08-18,QCOM,Qualcomm,52.2599983215332,52.41999816894531,51.900001525878906,51.91999816894531,40.71909713745117,6696400
2017-08-21,QCOM,Qualcomm,52.0,52.08000183105469,51.5,51.97999954223633,40.76613998413086,5205700
2017-08-22,QCOM,Qualcomm,52.209999084472656,52.619998931884766,52.209999084472656,52.349998474121094,41.05632019042969,4443300
2017-08-23,QCOM,Qualcomm,52.29999923706055,52.40999984741211,51.779998779296875,52.22999954223633,40.96220397949219,5259300
2017-08-24,QCOM,Qualcomm,52.369998931884766,52.709999084472656,52.2599983215332,52.4900016784668,41.16612243652344,6198600
2017-08-25,QCOM,Qualcomm,52.779998779296875,52.849998474121094,52.02000045776367,52.029998779296875,40.805362701416016,8684700
2017-08-28,QCOM,Qualcomm,51.77000045776367,51.810001373291016,51.459999084472656,51.810001373291016,41.08289337158203,4519000
2017-08-29,QCOM,Qualcomm,51.310001373291016,51.86000061035156,51.279998779296875,51.810001373291016,41.08289337158203,4980900
2017-08-30,QCOM,Qualcomm,52.22999954223633,52.290000915527344,51.560001373291016,52.119998931884766,41.328704833984375,4876200
2017-08-31,QCOM,Qualcomm,52.2599983215332,52.59000015258789,52.119998931884766,52.27000045776367,41.44765853881836,8215800
2017-09-01,QCOM,Qualcomm,52.529998779296875,52.77000045776367,51.93000030517578,52.04999923706055,41.27318572998047,5301300
2017-09-05,QCOM,Qualcomm,51.86000061035156,51.900001525878906,49.83000183105469,50.029998779296875,39.671424865722656,17811100
2017-09-06,QCOM,Qualcomm,50.189998626708984,50.77000045776367,49.83000183105469,50.45000076293945,40.00447082519531,16206900
2017-09-07,QCOM,Qualcomm,50.560001373291016,50.689998626708984,50.25,50.380001068115234,39.948951721191406,10035500
2017-09-08,QCOM,Qualcomm,50.349998474121094,50.45000076293945,48.91999816894531,49.63999938964844,39.3621826171875,12809400
2017-09-11,QCOM,Qualcomm,49.939998626708984,50.66999816894531,49.90999984741211,50.56999969482422,40.099632263183594,7473500
2017-09-12,QCOM,Qualcomm,50.599998474121094,51.06999969482422,50.52000045776367,50.900001525878906,40.361305236816406,4526800
2017-09-13,QCOM,Qualcomm,50.79999923706055,51.11000061035156,50.720001220703125,51.0099983215332,40.448524475097656,6191400
2017-09-14,QCOM,Qualcomm,50.970001220703125,51.59000015258789,50.66999816894531,51.47999954223633,40.821205139160156,7741300
2017-09-15,QCOM,Qualcomm,51.95000076293945,52.290000915527344,51.439998626708984,52.189998626708984,41.38420486450195,13177900
2017-09-18,QCOM,Qualcomm,52.2400016784668,52.369998931884766,51.959999084472656,52.25,41.431793212890625,6002700
2017-09-19,QCOM,Qualcomm,52.400001525878906,52.5,52.060001373291016,52.29999923706055,41.471439361572266,5825200
2017-09-20,QCOM,Qualcomm,52.43000030517578,52.52000045776367,51.47999954223633,51.97999954223633,41.217689514160156,8400300
2017-09-21,QCOM,Qualcomm,51.86000061035156,52.20000076293945,51.709999084472656,52.029998779296875,41.25735092163086,5750600
2017-09-22,QCOM,Qualcomm,51.81999969482422,52.22999954223633,51.779998779296875,52.09000015258789,41.30491256713867,4105100
2017-09-25,QCOM,Qualcomm,51.900001525878906,52.290000915527344,51.61000061035156,51.619998931884766,40.932228088378906,8178400
2017-09-26,QCOM,Qualcomm,51.75,51.869998931884766,50.849998474121094,51.130001068115234,40.54368591308594,9378800
2017-09-27,QCOM,Qualcomm,51.43000030517578,51.61000061035156,51.150001525878906,51.54999923706055,40.8767204284668,8200600
2017-09-28,QCOM,Qualcomm,51.380001068115234,52.040000915527344,51.310001373291016,51.75,41.035308837890625,5732900
2017-09-29,QCOM,Qualcomm,51.90999984741211,52.040000915527344,51.619998931884766,51.84000015258789,41.10667037963867,5371200
2017-10-02,QCOM,Qualcomm,52.09000015258789,52.15999984741211,51.70000076293945,51.880001068115234,41.138389587402344,4439200
2017-10-03,QCOM,Qualcomm,51.9900016784668,52.220001220703125,51.650001525878906,52.02000045776367,41.249420166015625,4378000
2017-10-04,QCOM,Qualcomm,51.93000030517578,52.119998931884766,51.66999816894531,51.959999084472656,41.20183563232422,4587700
2017-10-05,QCOM,Qualcomm,52.16999816894531,52.43000030517578,51.959999084472656,52.349998474121094,41.51108169555664,5179100
2017-10-06,QCOM,Qualcomm,52.15999984741211,52.630001068115234,52.15999984741211,52.4900016784668,41.62210464477539,4795300
2017-10-09,QCOM,Qualcomm,52.68000030517578,52.97999954223633,52.380001068115234,52.880001068115234,41.93135452270508,5817500
2017-10-10,QCOM,Qualcomm,52.95000076293945,53.900001525878906,52.900001525878906,53.869998931884766,42.71637725830078,8761700
2017-10-11,QCOM,Qualcomm,53.790000915527344,54.380001068115234,53.65999984741211,54.119998931884766,42.914608001708984,9427300
2017-10-12,QCOM,Qualcomm,53.880001068115234,54.18000030517578,52.959999084472656,53.0,42.026512145996094,7062300
2017-10-13,QCOM,Qualcomm,53.380001068115234,53.380001068115234,52.7400016784668,52.81999969482422,41.88376235961914,7005600
2017-10-16,QCOM,Qualcomm,52.97999954223633,53.0,52.310001373291016,52.380001068115234,41.534873962402344,5930900
2017-10-17,QCOM,Qualcomm,52.31999969482422,52.439998626708984,51.849998474121094,52.40999984741211,41.55866241455078,7662900
2017-10-18,QCOM,Qualcomm,52.540000915527344,52.66999816894531,52.02000045776367,52.209999084472656,41.40007019042969,6032600
2017-10-19,QCOM,Qualcomm,52.029998779296875,52.400001525878906,52.0099983215332,52.290000915527344,41.4635009765625,6825200
2017-10-20,QCOM,Qualcomm,52.5099983215332,52.59000015258789,51.939998626708984,52.02000045776367,41.249420166015625,8845000
2017-10-23,QCOM,Qualcomm,52.29999923706055,53.779998779296875,52.130001068115234,53.38999938964844,42.33576202392578,9775400
2017-10-24,QCOM,Qualcomm,53.439998626708984,54.439998626708984,53.400001525878906,54.25,43.0177001953125,11415700
2017-10-25,QCOM,Qualcomm,53.97999954223633,54.43000030517578,53.47999954223633,53.84000015258789,42.69257736206055,7581500
2017-10-26,QCOM,Qualcomm,54.099998474121094,54.38999938964844,53.66999816894531,53.79999923706055,42.660865783691406,5270800
2017-10-27,QCOM,Qualcomm,53.70000076293945,54.70000076293945,53.36000061035156,54.56999969482422,43.27143478393555,8962400
2017-10-30,QCOM,Qualcomm,54.15999984741211,54.77000045776367,54.08000183105469,54.65999984741211,43.342803955078125,7081500
2017-10-31,QCOM,Qualcomm,52.2599983215332,52.4900016784668,50.02000045776367,51.0099983215332,40.448524475097656,29914100
2017-11-01,QCOM,Qualcomm,51.470001220703125,53.4900016784668,50.5099983215332,53.459999084472656,42.39126968383789,15624400
2017-11-02,QCOM,Qualcomm,53.599998474121094,55.68000030517578,53.599998474121094,54.84000015258789,43.48554992675781,17337800
2017-11-03,QCOM,Qualcomm,54.7599983215332,64.98999786376953,54.209999084472656,61.810001373291016,49.01242446899414,80964500
2017-11-06,QCOM,Qualcomm,64.54000091552734,65.33000183105469,62.150001525878906,62.52000045776367,49.57540512084961,58900800
2017-11-07,QCOM,Qualcomm,62.52000045776367,64.16000366210938,62.45000076293945,64.0999984741211,50.828269958496094,23424600
2017-11-08,QCOM,Qualcomm,64.20999908447266,65.79000091552734,64.20999908447266,65.48999786376953,51.93046951293945,26515400
2017-11-09,QCOM,Qualcomm,64.91000366210938,65.33000183105469,63.93000030517578,64.5999984741211,51.22475814819336,15954900
2017-11-10,QCOM,Qualcomm,64.36000061035156,65.0999984741211,63.91999816894531,64.56999969482422,51.200965881347656,9626200
2017-11-13,QCOM,Qualcomm,64.95999908447266,66.81999969482422,64.75,66.48999786376953,52.72343063354492,24411600
2017-11-14,QCOM,Qualcomm,66.16000366210938,66.80000305175781,65.55000305175781,66.0,52.334877014160156,14036700
2017-11-15,QCOM,Qualcomm,65.55000305175781,66.4800033569336,65.23999786376953,65.61000061035156,52.0256233215332,10565400
2017-11-16,QCOM,Qualcomm,65.7699966430664,66.54000091552734,65.43000030517578,66.11000061035156,52.422115325927734,12339800
2017-11-17,QCOM,Qualcomm,66.37000274658203,66.94999694824219,66.0,66.72000122070312,52.905826568603516,13334000
2017-11-20,QCOM,Qualcomm,66.18000030517578,66.8499984741211,65.94999694824219,66.47000122070312,52.707584381103516,9749400
2017-11-21,QCOM,Qualcomm,65.3499984741211,66.93000030517578,65.2699966430664,66.66999816894531,52.86615753173828,11215800
2017-11-22,QCOM,Qualcomm,66.37000274658203,68.26000213623047,66.23999786376953,68.12999725341797,54.023868560791016,15489400
2017-11-24,QCOM,Qualcomm,68.51000213623047,69.27999877929688,68.44999694824219,68.91000366210938,54.642372131347656,9233500
2017-11-27,QCOM,Qualcomm,68.5999984741211,68.91999816894531,68.04000091552734,68.13999938964844,54.031803131103516,20404600
2017-11-28,QCOM,Qualcomm,67.58999633789062,68.41000366210938,67.22000122070312,68.37999725341797,54.67952346801758,12861300
2017-11-29,QCOM,Qualcomm,68.0999984741211,68.19999694824219,66.02999877929688,66.5199966430664,53.19218826293945,17022200
2017-11-30,QCOM,Qualcomm,66.51000213623047,67.0999984741211,65.72000122070312,66.33999633789062,53.048248291015625,15555600
2017-12-01,QCOM,Qualcomm,65.19999694824219,66.12000274658203,64.5999984741211,65.48999786376953,52.36854934692383,15851100
2017-12-04,QCOM,Qualcomm,65.5999984741211,65.69999694824219,63.79999923706055,64.55999755859375,51.6248779296875,17325100
2017-12-05,QCOM,Qualcomm,64.8499984741211,65.02999877929688,64.4000015258789,64.69000244140625,51.72883224487305,9661200
2017-12-06,QCOM,Qualcomm,64.63999938964844,65.68000030517578,64.36000061035156,64.9800033569336,51.96074676513672,6952300
2017-12-07,QCOM,Qualcomm,65.20999908447266,65.55000305175781,64.7699966430664,65.2300033569336,52.1606559753418,8755000
2017-12-08,QCOM,Qualcomm,65.5999984741211,65.5999984741211,63.880001068115234,64.23999786376953,51.368995666503906,9371900
2017-12-11,QCOM,Qualcomm,64.05999755859375,65.26000213623047,64.0,65.18000030517578,52.12066650390625,12185000
2017-12-12,QCOM,Qualcomm,64.87999725341797,65.11000061035156,64.55000305175781,64.86000061035156,51.86478042602539,7021200
2017-12-13,QCOM,Qualcomm,64.9800033569336,65.43000030517578,64.83000183105469,64.9000015258789,51.89677429199219,6490400
2017-12-14,QCOM,Qualcomm,64.86000061035156,65.16999816894531,64.55000305175781,64.69999694824219,51.736839294433594,7122000
2017-12-15,QCOM,Qualcomm,65.33000183105469,65.41999816894531,64.5,64.76000213623047,51.784820556640625,18833000
2017-12-18,QCOM,Qualcomm,64.93000030517578,65.45999908447266,64.80000305175781,65.37999725341797,52.28058624267578,7440900
2017-12-19,QCOM,Qualcomm,65.11000061035156,65.4800033569336,64.43000030517578,64.5,51.57691192626953,7130000
2017-12-20,QCOM,Qualcomm,64.55999755859375,65.16999816894531,64.33000183105469,64.5999984741211,51.65687561035156,6933600
2017-12-21,QCOM,Qualcomm,64.75,64.95999908447266,64.33999633789062,64.38999938964844,51.488956451416016,5451100
2017-12-22,QCOM,Qualcomm,64.30999755859375,64.9800033569336,64.30000305175781,64.7300033569336,51.76082992553711,4444300
2017-12-26,QCOM,Qualcomm,64.48999786376953,64.94000244140625,64.19999694824219,64.30000305175781,51.4169807434082,4236500
2017-12-27,QCOM,Qualcomm,64.31999969482422,64.63999938964844,64.18000030517578,64.54000091552734,51.60890579223633,4899600
2017-12-28,QCOM,Qualcomm,64.69000244140625,64.7300033569336,64.3499984741211,64.37999725341797,51.48094940185547,2451300
2017-12-29,QCOM,Qualcomm,64.36000061035156,64.6500015258789,64.0,64.0199966430664,51.19306945800781,6631800
2018-01-02,QCOM,Qualcomm,64.37999725341797,65.33000183105469,64.16999816894531,65.19999694824219,52.13665771484375,6329600
2018-01-03,QCOM,Qualcomm,65.22000122070312,66.05999755859375,64.69000244140625,65.94000244140625,52.72840118408203,6844200
2018-01-04,QCOM,Qualcomm,66.18000030517578,66.52999877929688,65.91000366210938,66.02999877929688,52.80036926269531,5060100
2018-01-05,QCOM,Qualcomm,66.04000091552734,66.5999984741211,65.5,66.47000122070312,53.1522102355957,5421800
2018-01-08,QCOM,Qualcomm,66.25,66.52999877929688,65.94000244140625,66.2699966430664,52.99227523803711,4266900
2018-01-09,QCOM,Qualcomm,65.63999938964844,65.86000061035156,64.94000244140625,65.2699966430664,52.192630767822266,7632300
2018-01-10,QCOM,Qualcomm,65.4800033569336,65.73999786376953,64.87999725341797,65.26000213623047,52.184627532958984,6569300
2018-01-11,QCOM,Qualcomm,65.19999694824219,65.5,65.13999938964844,65.43000030517578,52.32057571411133,4233100
2018-01-12,QCOM,Qualcomm,65.61000061035156,65.9000015258789,65.08000183105469,65.37999725341797,52.28058624267578,5007200
2018-01-16,QCOM,Qualcomm,66.2300033569336,68.6500015258789,66.02999877929688,68.25,54.5755729675293,24478800
2018-01-17,QCOM,Qualcomm,68.5199966430664,68.9000015258789,67.23999786376953,68.0199966430664,54.39162826538086,12559100
2018-01-18,QCOM,Qualcomm,67.75,68.18000030517578,67.48999786376953,68.05000305175781,54.415645599365234,6797900
2018-01-19,QCOM,Qualcomm,68.04000091552734,68.25,67.75,68.04000091552734,54.40766525268555,8864300
2018-01-22,QCOM,Qualcomm,67.80999755859375,68.75,67.70999908447266,68.66999816894531,54.91142272949219,8566200
2018-01-23,QCOM,Qualcomm,68.5999984741211,68.9000015258789,68.23999786376953,68.33999633789062,54.647525787353516,7825600
2018-01-24,QCOM,Qualcomm,68.19999694824219,68.29000091552734,67.37999725341797,67.9800033569336,54.359657287597656,12383100
2018-01-25,QCOM,Qualcomm,68.13999938964844,68.37000274658203,67.29000091552734,67.41999816894531,53.9118537902832,9122200
2018-01-26,QCOM,Qualcomm,67.94000244140625,68.52999877929688,67.5999984741211,68.52999877929688,54.79947280883789,7919000
2018-01-29,QCOM,Qualcomm,68.16000366210938,68.30000305175781,67.23999786376953,67.31999969482422,53.831905364990234,9745300
2018-01-30,QCOM,Qualcomm,67.43000030517578,67.91000366210938,66.7300033569336,66.98999786376953,53.5680046081543,8059500
2018-01-31,QCOM,Qualcomm,67.55000305175781,68.37999725341797,67.45999908447266,68.25,54.5755729675293,13915600
2018-02-01,QCOM,Qualcomm,67.0,68.3499984741211,66.31999969482422,66.80000305175781,53.41608810424805,16838500
2018-02-02,QCOM,Qualcomm,66.18000030517578,67.04000091552734,65.86000061035156,66.06999969482422,52.83234405517578,10971700
2018-02-05,QCOM,Qualcomm,66.30000305175781,66.55000305175781,60.5,61.72999954223633,49.361907958984375,35996000
2018-02-06,QCOM,Qualcomm,62.310001373291016,64.52999877929688,62.20000076293945,64.4000015258789,51.4969482421875,24458700
2018-02-07,QCOM,Qualcomm,64.22000122070312,66.12000274658203,64.0199966430664,65.04000091552734,52.00872039794922,15021200
2018-02-08,QCOM,Qualcomm,64.62999725341797,65.06999969482422,62.400001525878906,62.41999816894531,49.91365432739258,13451600
2018-02-09,QCOM,Qualcomm,62.95000076293945,64.31999969482422,61.459999084472656,63.9900016784668,51.169097900390625,23095000
2018-02-12,QCOM,Qualcomm,64.88999938964844,65.69999694824219,64.38999938964844,65.66000366210938,52.504493713378906,13692100
2018-02-13,QCOM,Qualcomm,65.2300033569336,65.76000213623047,64.9800033569336,65.69999694824219,52.53648376464844,7695900
2018-02-14,QCOM,Qualcomm,65.1500015258789,66.80000305175781,65.0999984741211,66.58999633789062,53.24815368652344,10370900
2018-02-15,QCOM,Qualcomm,66.37999725341797,66.37999725341797,63.86000061035156,65.27999877929688,52.20062255859375,15548400
2018-02-16,QCOM,Qualcomm,64.7699966430664,65.83000183105469,64.5999984741211,64.8499984741211,51.85677719116211,11760300
2018-02-20,QCOM,Qualcomm,63.0099983215332,64.13999938964844,61.86000061035156,63.9900016784668,51.169097900390625,27494600
2018-02-21,QCOM,Qualcomm,63.119998931884766,63.86000061035156,62.650001525878906,63.400001525878906,50.69731903076172,14895600
2018-02-22,QCOM,Qualcomm,63.150001525878906,63.58000183105469,62.029998779296875,62.18000030517578,49.721744537353516,11722300
2018-02-23,QCOM,Qualcomm,62.810001373291016,63.31999969482422,62.029998779296875,63.31999969482422,50.63332748413086,6762200
2018-02-26,QCOM,Qualcomm,64.55000305175781,67.36000061035156,64.19000244140625,66.9800033569336,53.56003952026367,27374300
2018-02-27,QCOM,Qualcomm,67.0,67.62999725341797,66.01000213623047,66.33999633789062,53.503570556640625,14326000
2018-02-28,QCOM,Qualcomm,66.69999694824219,66.72000122070312,64.91000366210938,65.0,52.4228515625,9582100
2018-03-01,QCOM,Qualcomm,65.02999877929688,66.23999786376953,64.33000183105469,64.95999908447266,52.39059066772461,10799200
2018-03-02,QCOM,Qualcomm,64.30999755859375,64.8499984741211,64.02999877929688,64.73999786376953,52.21315002441406,10612700
2018-03-05,QCOM,Qualcomm,64.33999633789062,65.5999984741211,63.540000915527344,64.01000213623047,51.62440490722656,15445500
2018-03-06,QCOM,Qualcomm,63.5,63.54999923706055,61.060001373291016,62.13999938964844,50.116241455078125,23450400
2018-03-07,QCOM,Qualcomm,61.4900016784668,62.61000061035156,61.43000030517578,62.4900016784668,50.398529052734375,12602400
2018-03-08,QCOM,Qualcomm,62.650001525878906,62.7400016784668,61.56999969482422,61.81999969482422,49.8581657409668,8902100
2018-03-09,QCOM,Qualcomm,62.36000061035156,63.060001373291016,62.119998931884766,63.029998779296875,50.83403396606445,7655300
2018-03-12,QCOM,Qualcomm,63.04999923706055,63.47999954223633,62.29999923706055,62.810001373291016,50.65659713745117,15801300
2018-03-13,QCOM,Qualcomm,59.77000045776367,61.400001525878906,59.130001068115234,59.70000076293945,48.14836883544922,38572700
2018-03-14,QCOM,Qualcomm,59.900001525878906,60.380001068115234,57.900001525878906,60.119998931884766,48.48710250854492,29759100
2018-03-15,QCOM,Qualcomm,60.029998779296875,60.279998779296875,59.560001373291016,59.88999938964844,48.301605224609375,10494300
2018-03-16,QCOM,Qualcomm,60.599998474121094,61.4900016784668,60.47999954223633,60.619998931884766,48.89035415649414,25574500
2018-03-19,QCOM,Qualcomm,60.189998626708984,60.349998474121094,57.900001525878906,58.369998931884766,47.075706481933594,14131400
2018-03-20,QCOM,Qualcomm,58.9900016784668,59.09000015258789,57.95000076293945,58.2599983215332,46.987003326416016,10615400
2018-03-21,QCOM,Qualcomm,57.5,58.279998779296875,56.77000045776367,56.810001373291016,45.817569732666016,12231900
2018-03-22,QCOM,Qualcomm,56.2400016784668,56.83000183105469,55.52000045776367,55.58000183105469,44.825565338134766,13554600
2018-03-23,QCOM,Qualcomm,55.630001068115234,55.79999923706055,53.650001525878906,53.65999984741211,43.27707290649414,14713300
2018-03-26,QCOM,Qualcomm,54.58000183105469,56.13999938964844,54.25,56.130001068115234,45.26914978027344,12093900
2018-03-27,QCOM,Qualcomm,56.59000015258789,57.2400016784668,54.540000915527344,54.84000015258789,44.2287483215332,12243200
2018-03-28,QCOM,Qualcomm,54.810001373291016,55.970001220703125,54.459999084472656,54.70000076293945,44.1158447265625,12925500
2018-03-29,QCOM,Qualcomm,55.040000915527344,55.93000030517578,54.619998931884766,55.40999984741211,44.68846130371094,8482500
2018-04-02,QCOM,Qualcomm,55.099998474121094,55.2400016784668,53.06999969482422,53.810001373291016,43.39805221557617,16469600
2018-04-03,QCOM,Qualcomm,54.290000915527344,55.04999923706055,53.619998931884766,54.779998779296875,44.180362701416016,7930700
2018-04-04,QCOM,Qualcomm,53.79999923706055,55.119998931884766,53.41999816894531,54.9900016784668,44.3497314453125,7496700
2018-04-05,QCOM,Qualcomm,55.4900016784668,55.5,54.439998626708984,55.040000915527344,44.39006042480469,5823300
2018-04-06,QCOM,Qualcomm,54.41999816894531,54.77000045776367,53.11000061035156,53.119998931884766,42.841556549072266,8322200
2018-04-09,QCOM,Qualcomm,53.52000045776367,54.88999938964844,53.34000015258789,53.43000030517578,43.09157943725586,7608500
2018-04-10,QCOM,Qualcomm,54.58000183105469,55.0099983215332,54.220001220703125,54.77000045776367,44.172298431396484,12009000
2018-04-11,QCOM,Qualcomm,54.189998626708984,55.06999969482422,54.150001525878906,55.0099983215332,44.36585235595703,6205300
2018-04-12,QCOM,Qualcomm,55.470001220703125,55.650001525878906,55.02000045776367,55.20000076293945,44.519107818603516,7412700
2018-04-13,QCOM,Qualcomm,56.61000061035156,56.790000915527344,55.41999816894531,55.72999954223633,44.94654083251953,12588200
2018-04-16,QCOM,Qualcomm,55.939998626708984,55.9900016784668,54.56999969482422,54.77000045776367,44.172298431396484,7850500
2018-04-17,QCOM,Qualcomm,54.9900016784668,55.68000030517578,54.779998779296875,55.349998474121094,44.64006042480469,7089700
2018-04-18,QCOM,Qualcomm,55.13999938964844,55.619998931884766,54.880001068115234,55.22999954223633,44.54328536987305,4796800
2018-04-19,QCOM,Qualcomm,54.0,54.13999938964844,52.5,52.56999969482422,42.39798355102539,19179500
2018-04-20,QCOM,Qualcomm,52.810001373291016,52.88999938964844,51.31999969482422,51.439998626708984,41.48662567138672,11838200
2018-04-23,QCOM,Qualcomm,51.5,51.810001373291016,50.27000045776367,50.529998779296875,40.75271224975586,10961500
2018-04-24,QCOM,Qualcomm,50.880001068115234,51.290000915527344,49.380001068115234,49.939998626708984,40.27687454223633,11670000
2018-04-25,QCOM,Qualcomm,50.0,50.439998626708984,48.869998931884766,49.75,40.1236457824707,9619200
2018-04-26,QCOM,Qualcomm,49.52000045776367,50.59000015258789,48.560001373291016,50.470001220703125,40.704322814941406,13684000
2018-04-27,QCOM,Qualcomm,50.75,51.36000061035156,50.4900016784668,51.11000061035156,41.22049331665039,9443100
2018-04-30,QCOM,Qualcomm,51.25,51.81999969482422,51.0,51.0099983215332,41.13982391357422,9469600
2018-05-01,QCOM,Qualcomm,50.7599983215332,51.04999923706055,50.040000915527344,50.81999969482422,40.98660659790039,6780500
2018-05-02,QCOM,Qualcomm,51.2400016784668,51.25,49.91999816894531,50.2599983215332,40.53495407104492,8143000
2018-05-03,QCOM,Qualcomm,49.9900016784668,50.540000915527344,49.310001373291016,50.310001373291016,40.575286865234375,8609200
2018-05-04,QCOM,Qualcomm,50.18000030517578,52.599998474121094,49.91999816894531,52.4900016784668,42.33346176147461,9880600
2018-05-07,QCOM,Qualcomm,52.58000183105469,53.27000045776367,52.52000045776367,53.0099983215332,42.75283432006836,9571700
2018-05-08,QCOM,Qualcomm,53.040000915527344,53.27000045776367,52.11000061035156,52.86000061035156,42.63187026977539,9930000
2018-05-09,QCOM,Qualcomm,52.86000061035156,53.33000183105469,52.20000076293945,53.16999816894531,42.88188552856445,7016100
2018-05-10,QCOM,Qualcomm,54.45000076293945,55.06999969482422,53.95000076293945,54.970001220703125,44.33359146118164,12267200
2018-05-11,QCOM,Qualcomm,54.7599983215332,55.790000915527344,54.619998931884766,55.22999954223633,44.54328536987305,9639100
2018-05-14,QCOM,Qualcomm,57.33000183105469,57.79999923706055,56.34000015258789,56.7400016784668,45.7611198425293,15400300
2018-05-15,QCOM,Qualcomm,56.5,56.61000061035156,55.220001220703125,55.63999938964844,44.87394714355469,12050500
2018-05-16,QCOM,Qualcomm,55.7599983215332,56.810001373291016,55.66999816894531,56.70000076293945,45.72885513305664,8675600
2018-05-17,QCOM,Qualcomm,56.4900016784668,57.380001068115234,56.38999938964844,56.95000076293945,45.93048095703125,11450700
2018-05-18,QCOM,Qualcomm,56.93000030517578,57.9900016784668,56.400001525878906,57.5099983215332,46.38212585449219,11999700
2018-05-21,QCOM,Qualcomm,57.68000030517578,58.27000045776367,56.77000045776367,57.709999084472656,46.54342269897461,14286400
2018-05-22,QCOM,Qualcomm,57.90999984741211,58.36000061035156,57.06999969482422,57.38999938964844,46.28534698486328,9432500
2018-05-23,QCOM,Qualcomm,56.90999984741211,58.86000061035156,56.83000183105469,58.81999969482422,47.438636779785156,11322500
2018-05-24,QCOM,Qualcomm,58.58000183105469,59.25,58.04999923706055,59.08000183105469,47.648345947265625,12487200
2018-05-25,QCOM,Qualcomm,58.849998474121094,60.0,58.810001373291016,59.959999084472656,48.358062744140625,11501500
2018-05-29,QCOM,Qualcomm,59.5,59.599998474121094,57.70000076293945,58.22999954223633,47.4534912109375,14696300
2018-05-30,QCOM,Qualcomm,58.40999984741211,58.650001525878906,57.65999984741211,58.38999938964844,47.58386993408203,9146000
2018-05-31,QCOM,Qualcomm,58.0,58.56999969482422,57.7599983215332,58.119998931884766,47.36384963989258,12813200
2018-06-01,QCOM,Qualcomm,58.34000015258789,58.72999954223633,58.0099983215332,58.61000061035156,47.763160705566406,8869700
2018-06-04,QCOM,Qualcomm,58.619998931884766,58.869998931884766,57.95000076293945,58.709999084472656,47.84464645385742,9696700
2018-06-05,QCOM,Qualcomm,58.86000061035156,59.599998474121094,58.7599983215332,58.97999954223633,48.0646858215332,6562700
2018-06-06,QCOM,Qualcomm,59.2599983215332,59.849998474121094,59.11000061035156,59.84000015258789,48.765525817871094,6236700
2018-06-07,QCOM,Qualcomm,62.0,62.650001525878906,60.220001220703125,60.63999938964844,49.417476654052734,14786100
2018-06-08,QCOM,Qualcomm,60.25,60.619998931884766,59.810001373291016,60.2599983215332,49.1077995300293,7035300
2018-06-11,QCOM,Qualcomm,60.16999816894531,60.41999816894531,59.81999969482422,59.93000030517578,48.838863372802734,7369500
2018-06-12,QCOM,Qualcomm,60.11000061035156,60.380001068115234,59.54999923706055,59.790000915527344,48.72477340698242,7153500
2018-06-13,QCOM,Qualcomm,59.66999816894531,60.22999954223633,59.119998931884766,59.220001220703125,48.260276794433594,9676300
2018-06-14,QCOM,Qualcomm,59.290000915527344,59.70000076293945,58.95000076293945,59.459999084472656,48.455848693847656,8372900
2018-06-15,QCOM,Qualcomm,59.869998931884766,59.95000076293945,58.91999816894531,59.86000061035156,48.78183364868164,13804900
2018-06-18,QCOM,Qualcomm,59.310001373291016,59.369998931884766,58.91999816894531,59.20000076293945,48.24396896362305,6946600
2018-06-19,QCOM,Qualcomm,58.279998779296875,58.7400016784668,57.849998474121094,58.70000076293945,47.83650588989258,7958300
2018-06-20,QCOM,Qualcomm,59.18000030517578,59.20000076293945,58.310001373291016,58.790000915527344,47.90985870361328,6526400
2018-06-21,QCOM,Qualcomm,59.209999084472656,59.209999084472656,58.38999938964844,58.75,47.877254486083984,6605400
2018-06-22,QCOM,Qualcomm,58.779998779296875,59.099998474121094,58.43000030517578,58.5,47.67352294921875,8074100
2018-06-25,QCOM,Qualcomm,58.09000015258789,58.13999938964844,56.61000061035156,57.04999923706055,46.49187088012695,8635900
2018-06-26,QCOM,Qualcomm,57.08000183105469,57.150001525878906,56.310001373291016,56.45000076293945,46.00291061401367,8934700
2018-06-27,QCOM,Qualcomm,56.54999923706055,57.529998779296875,55.13999938964844,55.16999816894531,44.95979690551758,11832400
2018-06-28,QCOM,Qualcomm,55.119998931884766,56.459999084472656,55.09000015258789,55.900001525878906,45.5546989440918,11723600
2018-06-29,QCOM,Qualcomm,56.130001068115234,56.86000061035156,56.08000183105469,56.119998931884766,45.73398208618164,11274000
2018-07-02,QCOM,Qualcomm,55.400001525878906,56.220001220703125,55.119998931884766,56.18000030517578,45.78288650512695,7299900
2018-07-03,QCOM,Qualcomm,56.40999984741211,56.529998779296875,55.25,55.33000183105469,45.090187072753906,3618900
2018-07-05,QCOM,Qualcomm,55.70000076293945,57.43000030517578,55.650001525878906,57.380001068115234,46.76079559326172,11728300
2018-07-06,QCOM,Qualcomm,57.459999084472656,58.06999969482422,57.029998779296875,57.84000015258789,47.13566589355469,8806200
2018-07-09,QCOM,Qualcomm,58.060001373291016,58.310001373291016,57.22999954223633,58.040000915527344,47.29865646362305,4577100
2018-07-10,QCOM,Qualcomm,58.060001373291016,58.470001220703125,57.95000076293945,58.369998931884766,47.567562103271484,6848900
2018-07-11,QCOM,Qualcomm,57.43000030517578,58.0099983215332,56.7400016784668,57.29999923706055,46.695587158203125,8702000
2018-07-12,QCOM,Qualcomm,57.849998474121094,58.4900016784668,57.310001373291016,58.31999969482422,47.526832580566406,8426400
2018-07-13,QCOM,Qualcomm,58.25,58.779998779296875,58.18000030517578,58.38999938964844,47.58386993408203,5266100
2018-07-16,QCOM,Qualcomm,58.41999816894531,58.84000015258789,58.060001373291016,58.349998474121094,47.5512809753418,5907100
2018-07-17,QCOM,Qualcomm,57.91999816894531,58.90999984741211,57.619998931884766,58.90999984741211,48.00764465332031,7560300
2018-07-18,QCOM,Qualcomm,59.0,59.0,58.369998931884766,58.7599983215332,47.88539123535156,6795100
2018-07-19,QCOM,Qualcomm,58.709999084472656,59.59000015258789,58.650001525878906,59.310001373291016,48.3336067199707,8150200
2018-07-20,QCOM,Qualcomm,58.97999954223633,59.18000030517578,58.400001525878906,58.61000061035156,47.763160705566406,10859700
2018-07-23,QCOM,Qualcomm,58.400001525878906,59.209999084472656,57.81999969482422,59.08000183105469,48.14619064331055,8011800
2018-07-24,QCOM,Qualcomm,59.349998474121094,59.619998931884766,58.45000076293945,58.849998474121094,47.95873260498047,6637600
2018-07-25,QCOM,Qualcomm,58.54999923706055,59.5,57.7599983215332,59.41999816894531,48.423255920410156,13143100
2018-07-26,QCOM,Qualcomm,63.04999923706055,63.7599983215332,61.2599983215332,63.58000183105469,51.81336975097656,31025100
2018-07-27,QCOM,Qualcomm,63.220001220703125,63.5099983215332,62.220001220703125,62.689998626708984,51.08808135986328,13488800
2018-07-30,QCOM,Qualcomm,62.650001525878906,62.97999954223633,61.93000030517578,62.040000915527344,50.55837631225586,9547700
2018-07-31,QCOM,Qualcomm,63.83000183105469,64.66000366210938,63.5,64.08999633789062,52.22898864746094,22350800
2018-08-01,QCOM,Qualcomm,63.54999923706055,64.87000274658203,63.54999923706055,64.3499984741211,52.44086837768555,10706200
2018-08-02,QCOM,Qualcomm,63.959999084472656,65.04000091552734,63.63999938964844,64.7699966430664,52.783145904541016,10618500
2018-08-03,QCOM,Qualcomm,64.73999786376953,65.61000061035156,64.66999816894531,65.4000015258789,53.29656219482422,7809400
2018-08-06,QCOM,Qualcomm,65.86000061035156,66.0199966430664,65.33000183105469,65.7300033569336,53.56547546386719,10878400
2018-08-07,QCOM,Qualcomm,65.93000030517578,65.93000030517578,65.25,65.44000244140625,53.329139709472656,7810900
2018-08-08,QCOM,Qualcomm,65.20999908447266,65.55000305175781,65.12000274658203,65.16000366210938,53.10096740722656,7912200
2018-08-09,QCOM,Qualcomm,65.0999984741211,65.30000305175781,64.91999816894531,65.08000183105469,53.0357666015625,6629700
2018-08-10,QCOM,Qualcomm,64.6500015258789,64.94000244140625,64.48999786376953,64.81999969482422,52.82388687133789,8736000
2018-08-13,QCOM,Qualcomm,65.1500015258789,65.2300033569336,64.6500015258789,64.83999633789062,52.84017562866211,7092400
2018-08-14,QCOM,Qualcomm,65.08999633789062,65.62000274658203,64.7699966430664,65.43000030517578,53.32099533081055,7844200
2018-08-15,QCOM,Qualcomm,65.13999938964844,65.81999969482422,64.55000305175781,65.68000030517578,53.52473449707031,13524800
2018-08-16,QCOM,Qualcomm,65.86000061035156,66.0999984741211,65.52999877929688,65.76000213623047,53.589935302734375,9958800
2018-08-17,QCOM,Qualcomm,65.5,66.19000244140625,65.12000274658203,66.05999755859375,53.83439636230469,15170500
2018-08-20,QCOM,Qualcomm,66.33000183105469,66.58999633789062,65.73999786376953,66.16000366210938,53.915897369384766,13966900
2018-08-21,QCOM,Qualcomm,66.08999633789062,66.77999877929688,66.02999877929688,66.55000305175781,54.23372268676758,12181400
2018-08-22,QCOM,Qualcomm,66.22000122070312,67.08000183105469,66.20999908447266,66.83999633789062,54.47004318237305,13860300
2018-08-23,QCOM,Qualcomm,66.9800033569336,67.29000091552734,66.80000305175781,66.86000061035156,54.48634338378906,12038100
2018-08-24,QCOM,Qualcomm,67.0,67.36000061035156,66.94000244140625,67.1500015258789,54.72267150878906,16001400
2018-08-27,QCOM,Qualcomm,67.37000274658203,67.4800033569336,67.22000122070312,67.33999633789062,54.87752151489258,12578000
2018-08-28,QCOM,Qualcomm,68.55999755859375,70.48999786376953,67.91999816894531,69.77999877929688,56.86595916748047,24952700
2018-08-29,QCOM,Qualcomm,69.66999816894531,70.06999969482422,69.13999938964844,69.19999694824219,56.39329528808594,11874300
2018-08-30,QCOM,Qualcomm,68.97000122070312,69.16000366210938,68.0,68.13999938964844,55.529457092285156,12027500
2018-08-31,QCOM,Qualcomm,67.98999786376953,69.0,67.94000244140625,68.70999908447266,55.99398422241211,11166900
2018-09-04,QCOM,Qualcomm,68.73999786376953,70.11000061035156,68.70999908447266,69.9800033569336,57.5482292175293,13024100
2018-09-05,QCOM,Qualcomm,69.80000305175781,71.06999969482422,69.30999755859375,70.88999938964844,58.29655838012695,15310700
2018-09-06,QCOM,Qualcomm,70.8499984741211,71.3499984741211,70.19000244140625,70.36000061035156,57.86071014404297,11997700
2018-09-07,QCOM,Qualcomm,69.83999633789062,70.62000274658203,69.61000061035156,70.37999725341797,57.87716293334961,24421900
2018-09-10,QCOM,Qualcomm,70.66999816894531,72.75,70.5,72.31999969482422,59.472530364990234,14636000
2018-09-11,QCOM,Qualcomm,71.83999633789062,72.66000366210938,71.80999755859375,72.51000213623047,59.628780364990234,9501100
2018-09-12,QCOM,Qualcomm,72.08999633789062,72.5,70.0199966430664,71.75,59.00381088256836,12638300
2018-09-13,QCOM,Qualcomm,73.68000030517578,75.36000061035156,73.4800033569336,74.61000061035156,61.3557243347168,24617700
2018-09-14,QCOM,Qualcomm,74.52999877929688,76.04000091552734,74.41000366210938,75.08999633789062,61.750431060791016,13450700
2018-09-17,QCOM,Qualcomm,74.83999633789062,75.27999877929688,73.11000061035156,73.23999786376953,60.229087829589844,11558300
2018-09-18,QCOM,Qualcomm,73.80000305175781,76.5,73.51000213623047,74.72000122070312,61.4461555480957,11692000
2018-09-19,QCOM,Qualcomm,75.37000274658203,75.37000274658203,73.7699966430664,74.05999755859375,60.903404235839844,12383200
2018-09-20,QCOM,Qualcomm,74.4800033569336,75.11000061035156,74.20999908447266,74.5999984741211,61.347469329833984,12013900
2018-09-21,QCOM,Qualcomm,74.83000183105469,74.87000274658203,73.12999725341797,73.69999694824219,60.607364654541016,23465400
2018-09-24,QCOM,Qualcomm,73.08000183105469,73.8499984741211,72.80000305175781,73.58000183105469,60.50868606567383,15446100
2018-09-25,QCOM,Qualcomm,72.63999938964844,73.56999969482422,72.58000183105469,72.73999786376953,59.81792068481445,20741900
2018-09-26,QCOM,Qualcomm,72.68000030517578,73.26000213623047,71.58000183105469,71.76000213623047,59.011993408203125,11306000
2018-09-27,QCOM,Qualcomm,72.18000030517578,72.68000030517578,71.47000122070312,71.70999908447266,58.97087097167969,12498300
2018-09-28,QCOM,Qualcomm,71.51000213623047,73.26000213623047,71.25,72.02999877929688,59.234039306640625,20080800
2018-10-01,QCOM,Qualcomm,72.45999908447266,73.43000030517578,72.0999984741211,72.5999984741211,59.702781677246094,9340200
2018-10-02,QCOM,Qualcomm,72.4000015258789,73.91000366210938,72.2699966430664,73.3499984741211,60.31953430175781,9221200
2018-10-03,QCOM,Qualcomm,73.58999633789062,73.88999938964844,72.58999633789062,72.63999938964844,59.735652923583984,7079800
2018-10-04,QCOM,Qualcomm,72.0,72.69999694824219,71.86000061035156,72.37999725341797,59.5218620300293,8599500
2018-10-05,QCOM,Qualcomm,72.38999938964844,72.66000366210938,70.55000305175781,71.20999908447266,58.55970764160156,23411300
2018-10-08,QCOM,Qualcomm,70.77999877929688,71.5999984741211,70.55999755859375,70.93000030517578,58.3294563293457,10104600
2018-10-09,QCOM,Qualcomm,70.76000213623047,70.95999908447266,70.08999633789062,70.12999725341797,57.67155838012695,10329200
2018-10-10,QCOM,Qualcomm,68.7699966430664,69.55999755859375,66.62000274658203,66.7300033569336,54.87557601928711,22296800
2018-10-11,QCOM,Qualcomm,66.3499984741211,66.98999786376953,63.61000061035156,64.29000091552734,52.86903381347656,25852600
2018-10-12,QCOM,Qualcomm,65.55000305175781,65.6500015258789,63.27000045776367,64.29000091552734,52.86903381347656,15760900
2018-10-15,QCOM,Qualcomm,64.2300033569336,65.19999694824219,64.01000213623047,64.16999816894531,52.77035140991211,12314700
2018-10-16,QCOM,Qualcomm,64.77999877929688,66.38999938964844,64.62000274658203,66.12000274658203,54.37393569946289,15931400
2018-10-17,QCOM,Qualcomm,66.37999725341797,66.61000061035156,65.29000091552734,66.0999984741211,54.35749053955078,14779100
2018-10-18,QCOM,Qualcomm,65.68000030517578,66.31999969482422,64.87000274658203,65.1500015258789,53.576255798339844,12218600
2018-10-19,QCOM,Qualcomm,65.44999694824219,66.20999908447266,65.0,65.36000061035156,53.74895095825195,10673000
2018-10-22,QCOM,Qualcomm,65.69000244140625,66.5999984741211,65.22000122070312,66.12000274658203,54.37393569946289,12890400
2018-10-23,QCOM,Qualcomm,63.65999984741211,66.91999816894531,63.56999969482422,66.37999725341797,54.58773422241211,13441000
2018-10-24,QCOM,Qualcomm,65.87000274658203,66.38999938964844,62.5,62.619998931884766,51.49570083618164,23384300
2018-10-25,QCOM,Qualcomm,63.810001373291016,63.83000183105469,62.349998474121094,63.20000076293945,51.97266387939453,20385700
2018-10-26,QCOM,Qualcomm,61.5,63.63999938964844,61.18000030517578,62.47999954223633,51.38058090209961,17049300
2018-10-29,QCOM,Qualcomm,63.5,63.689998626708984,61.27000045776367,62.16999816894531,51.12564468383789,14778300
2018-10-30,QCOM,Qualcomm,62.36000061035156,63.720001220703125,62.16999816894531,63.18000030517578,51.956214904785156,18865300
2018-10-31,QCOM,Qualcomm,62.90999984741211,63.52000045776367,62.06999969482422,62.88999938964844,51.71773147583008,12917500
2018-11-01,QCOM,Qualcomm,63.20000076293945,64.30999755859375,62.880001068115234,63.709999084472656,52.39207077026367,11003900
2018-11-02,QCOM,Qualcomm,63.939998626708984,63.959999084472656,62.34000015258789,63.33000183105469,52.0795783996582,13707900
2018-11-05,QCOM,Qualcomm,63.08000183105469,63.79999923706055,62.65999984741211,63.470001220703125,52.1947021484375,13373800
2018-11-06,QCOM,Qualcomm,63.349998474121094,64.33999633789062,62.40999984741211,63.630001068115234,52.32627868652344,8774100
2018-11-07,QCOM,Qualcomm,63.5,63.75,62.279998779296875,63.209999084472656,51.980899810791016,18493500
2018-11-08,QCOM,Qualcomm,58.0,60.150001525878906,57.599998474121094,58.04999923706055,47.7375602722168,32155200
2018-11-09,QCOM,Qualcomm,57.779998779296875,58.2400016784668,56.189998626708984,56.720001220703125,46.643829345703125,21745200
2018-11-12,QCOM,Qualcomm,56.369998931884766,56.5,54.43000030517578,54.4900016784668,44.80997848510742,24447800
2018-11-13,QCOM,Qualcomm,54.7400016784668,55.4900016784668,54.04999923706055,54.15999984741211,44.538612365722656,20883800
2018-11-14,QCOM,Qualcomm,54.84000015258789,54.88999938964844,53.66999816894531,53.939998626708984,44.3576774597168,14071900
2018-11-15,QCOM,Qualcomm,53.83000183105469,55.540000915527344,53.529998779296875,55.38999938964844,45.55009841918945,18856300
2018-11-16,QCOM,Qualcomm,55.119998931884766,57.040000915527344,54.9900016784668,55.880001068115234,45.95304870605469,57303300
2018-11-19,QCOM,Qualcomm,55.849998474121094,56.619998931884766,54.869998931884766,54.900001525878906,45.14714431762695,20321400
2018-11-20,QCOM,Qualcomm,54.20000076293945,55.43000030517578,54.06999969482422,54.91999816894531,45.16358947753906,20658300
2018-11-21,QCOM,Qualcomm,55.209999084472656,56.5,55.18000030517578,55.27000045776367,45.45142364501953,13015500
2018-11-23,QCOM,Qualcomm,54.77000045776367,55.75,54.75,55.25,45.43496322631836,4671900
2018-11-26,QCOM,Qualcomm,55.790000915527344,56.380001068115234,55.18000030517578,55.72999954223633,45.829689025878906,10373700
2018-11-27,QCOM,Qualcomm,55.59000015258789,56.22999954223633,55.349998474121094,55.56999969482422,45.6981086730957,9719000
2018-11-28,QCOM,Qualcomm,55.88999938964844,56.720001220703125,54.689998626708984,56.650001525878906,46.58626174926758,17483500
2018-11-29,QCOM,Qualcomm,57.88999938964844,59.04999923706055,57.77000045776367,58.11000061035156,47.786903381347656,26949000
2018-11-30,QCOM,Qualcomm,58.220001220703125,58.470001220703125,57.02000045776367,58.2599983215332,47.91025161743164,18197800
2018-12-03,QCOM,Qualcomm,60.5099983215332,60.5099983215332,58.400001525878906,59.13999938964844,48.633914947509766,17114500
2018-12-04,QCOM,Qualcomm,58.9900016784668,59.47999954223633,57.220001220703125,57.72999954223633,47.47440719604492,15836500
2018-12-06,QCOM,Qualcomm,56.0099983215332,57.209999084472656,55.689998626708984,57.11000061035156,47.474403381347656,18203300
2018-12-07,QCOM,Qualcomm,56.61000061035156,57.119998931884766,55.72999954223633,55.9900016784668,46.543373107910156,17054700
2018-12-10,QCOM,Qualcomm,57.77000045776367,58.25,56.63999938964844,57.2400016784668,47.58247756958008,20484900
2018-12-11,QCOM,Qualcomm,58.45000076293945,58.65999984741211,56.83000183105469,57.349998474121094,47.67390823364258,13116300
2018-12-12,QCOM,Qualcomm,58.439998626708984,58.58000183105469,57.529998779296875,57.720001220703125,47.981483459472656,13246500
2018-12-13,QCOM,Qualcomm,58.13999938964844,58.380001068115234,57.560001373291016,58.09000015258789,48.289058685302734,8949900
2018-12-14,QCOM,Qualcomm,57.560001373291016,59.0,57.36000061035156,57.619998931884766,47.89836120605469,13551000
2018-12-17,QCOM,Qualcomm,57.59000015258789,58.34000015258789,56.66999816894531,57.0,47.38295364379883,16648200
2018-12-18,QCOM,Qualcomm,57.689998626708984,58.540000915527344,57.400001525878906,57.779998779296875,48.03135681152344,12384200
2018-12-19,QCOM,Qualcomm,57.540000915527344,58.5,56.060001373291016,56.689998626708984,47.12525177001953,17376400
2018-12-20,QCOM,Qualcomm,57.220001220703125,57.939998626708984,56.060001373291016,56.369998931884766,46.85926055908203,21742300
2018-12-21,QCOM,Qualcomm,56.2599983215332,57.279998779296875,54.689998626708984,54.849998474121094,45.595703125,38202300
2018-12-24,QCOM,Qualcomm,53.70000076293945,54.88999938964844,53.56999969482422,53.650001525878906,44.598175048828125,8275000
2018-12-26,QCOM,Qualcomm,54.25,56.0,53.5099983215332,55.959999084472656,46.518428802490234,18451600
2018-12-27,QCOM,Qualcomm,55.540000915527344,56.38999938964844,54.77000045776367,56.09000015258789,46.62649154663086,15804800
2018-12-28,QCOM,Qualcomm,56.33000183105469,57.529998779296875,56.2400016784668,56.810001373291016,47.22502136230469,12749600
2018-12-31,QCOM,Qualcomm,57.119998931884766,57.40999984741211,56.279998779296875,56.90999984741211,47.30813980102539,8877000
2019-01-02,QCOM,Qualcomm,56.20000076293945,58.0,55.91999816894531,57.400001525878906,47.715476989746094,9896600
2019-01-03,QCOM,Qualcomm,55.95000076293945,56.84000015258789,55.52000045776367,55.70000076293945,46.30229187011719,14422200
2019-01-04,QCOM,Qualcomm,56.5,56.83000183105469,55.209999084472656,56.599998474121094,47.05044174194336,14177300
2019-01-07,QCOM,Qualcomm,56.38999938964844,57.15999984741211,55.95000076293945,56.439998626708984,46.917442321777344,12352000
2019-01-08,QCOM,Qualcomm,56.709999084472656,56.880001068115234,55.61000061035156,55.95000076293945,46.51011657714844,12110000
2019-01-09,QCOM,Qualcomm,56.2599983215332,57.11000061035156,56.13999938964844,56.61000061035156,47.05876159667969,10971000
2019-01-10,QCOM,Qualcomm,56.189998626708984,56.9900016784668,56.099998474121094,56.79999923706055,47.21669387817383,10958200
2019-01-11,QCOM,Qualcomm,56.470001220703125,58.16999816894531,56.33000183105469,57.5,47.79859924316406,12024300
2019-01-14,QCOM,Qualcomm,57.02000045776367,57.650001525878906,56.369998931884766,57.29999923706055,47.632347106933594,9449400
2019-01-15,QCOM,Qualcomm,57.31999969482422,57.400001525878906,55.560001373291016,55.72999954223633,46.32722091674805,17423400
2019-01-16,QCOM,Qualcomm,55.75,56.08000183105469,55.15999984741211,55.27000045776367,45.94485092163086,13856000
2019-01-17,QCOM,Qualcomm,54.970001220703125,55.20000076293945,54.369998931884766,54.77000045776367,45.529205322265625,18365000
2019-01-18,QCOM,Qualcomm,55.38999938964844,55.900001525878906,54.9900016784668,55.27000045776367,45.94485092163086,28020000
2019-01-22,QCOM,Qualcomm,54.970001220703125,54.9900016784668,53.939998626708984,54.290000915527344,45.13018798828125,17867500
2019-01-23,QCOM,Qualcomm,52.91999816894531,53.56999969482422,51.220001220703125,51.77000045776367,43.03536605834961,33788600
2019-01-24,QCOM,Qualcomm,51.95000076293945,51.97999954223633,50.40999984741211,50.810001373291016,42.237335205078125,32782700
2019-01-25,QCOM,Qualcomm,50.93000030517578,52.029998779296875,50.279998779296875,51.29999923706055,42.644657135009766,19516200
2019-01-28,QCOM,Qualcomm,50.31999969482422,51.290000915527344,50.2400016784668,50.63999938964844,42.09602355957031,24457600
2019-01-29,QCOM,Qualcomm,50.4900016784668,50.84000015258789,49.34000015258789,49.400001525878906,41.06523513793945,26266600
2019-01-30,QCOM,Qualcomm,49.68000030517578,50.869998931884766,49.209999084472656,50.16999816894531,41.705326080322266,18124100
2019-01-31,QCOM,Qualcomm,51.20000076293945,51.279998779296875,49.099998474121094,49.52000045776367,41.16498565673828,24736300
2019-02-01,QCOM,Qualcomm,49.58000183105469,50.279998779296875,49.400001525878906,49.61000061035156,41.23979568481445,15533200
2019-02-04,QCOM,Qualcomm,49.709999084472656,49.79999923706055,49.470001220703125,49.689998626708984,41.306304931640625,10880000
2019-02-05,QCOM,Qualcomm,49.72999954223633,51.08000183105469,49.720001220703125,50.72999954223633,42.17083740234375,15454200
2019-02-06,QCOM,Qualcomm,50.939998626708984,51.63999938964844,50.93000030517578,51.099998474121094,42.47840118408203,11052900
2019-02-07,QCOM,Qualcomm,50.83000183105469,51.119998931884766,50.27000045776367,50.54999923706055,42.02119827270508,10623300
2019-02-08,QCOM,Qualcomm,50.2400016784668,50.68000030517578,49.90999984741211,50.290000915527344,41.805057525634766,12461200
2019-02-11,QCOM,Qualcomm,50.54999923706055,51.29999923706055,50.380001068115234,50.83000183105469,42.25396728515625,9971800
2019-02-12,QCOM,Qualcomm,51.29999923706055,52.18000030517578,51.02000045776367,51.65999984741211,42.94392395019531,16637600
2019-02-13,QCOM,Qualcomm,52.0,52.4900016784668,51.560001373291016,51.59000015258789,42.8857421875,11004000
2019-02-14,QCOM,Qualcomm,51.5,51.77000045776367,51.09000015258789,51.56999969482422,42.869102478027344,17895000
2019-02-15,QCOM,Qualcomm,52.08000183105469,52.36000061035156,51.599998474121094,51.97999954223633,43.209938049316406,12239500
2019-02-19,QCOM,Qualcomm,52.0,52.47999954223633,51.75,52.0099983215332,43.234867095947266,8258400
2019-02-20,QCOM,Qualcomm,52.25,52.91999816894531,52.13999938964844,52.45000076293945,43.60062789916992,12863700
2019-02-21,QCOM,Qualcomm,52.5,52.59000015258789,51.900001525878906,52.349998474121094,43.51750946044922,7826200
2019-02-22,QCOM,Qualcomm,52.689998626708984,53.150001525878906,52.63999938964844,53.119998931884766,44.157588958740234,13394500
2019-02-25,QCOM,Qualcomm,53.779998779296875,53.970001220703125,52.900001525878906,52.9900016784668,44.049522399902344,15341700
2019-02-26,QCOM,Qualcomm,53.08000183105469,53.220001220703125,52.279998779296875,53.029998779296875,44.0827751159668,11366700
2019-02-27,QCOM,Qualcomm,52.95000076293945,53.130001068115234,52.27000045776367,53.040000915527344,44.09108352661133,10426200
2019-02-28,QCOM,Qualcomm,53.0,53.7599983215332,52.709999084472656,53.38999938964844,44.38204574584961,19000200
2019-03-01,QCOM,Qualcomm,54.0,54.400001525878906,53.709999084472656,54.20000076293945,45.05537414550781,12659000
2019-03-04,QCOM,Qualcomm,54.58000183105469,54.70000076293945,53.2599983215332,53.779998779296875,44.706233978271484,14021700
2019-03-05,QCOM,Qualcomm,53.900001525878906,54.22999954223633,53.70000076293945,53.939998626708984,44.8392333984375,10092800
2019-03-06,QCOM,Qualcomm,53.88999938964844,55.459999084472656,53.72999954223633,54.79999923706055,46.08384704589844,20521300
2019-03-07,QCOM,Qualcomm,54.83000183105469,55.04999923706055,53.61000061035156,54.029998779296875,45.43631362915039,13667300
2019-03-08,QCOM,Qualcomm,53.45000076293945,53.630001068115234,53.029998779296875,53.529998779296875,45.015846252441406,10117100
2019-03-11,QCOM,Qualcomm,53.720001220703125,54.75,53.650001525878906,54.349998474121094,45.70541763305664,10738800
2019-03-12,QCOM,Qualcomm,54.65999984741211,55.310001373291016,54.540000915527344,54.84000015258789,46.11748504638672,9575300
2019-03-13,QCOM,Qualcomm,55.029998779296875,55.939998626708984,55.0,55.38999938964844,46.580013275146484,9198900
2019-03-14,QCOM,Qualcomm,55.529998779296875,55.869998931884766,55.25,55.400001525878906,46.58842086791992,7306100
2019-03-15,QCOM,Qualcomm,55.0,57.34000015258789,54.91999816894531,56.599998474121094,47.59754180908203,27985600
2019-03-18,QCOM,Qualcomm,56.619998931884766,57.189998626708984,56.439998626708984,56.83000183105469,47.79096603393555,13089300
2019-03-19,QCOM,Qualcomm,57.16999816894531,57.68000030517578,56.779998779296875,56.970001220703125,47.90869903564453,9363700
2019-03-20,QCOM,Qualcomm,57.029998779296875,57.689998626708984,56.75,57.15999984741211,48.068477630615234,8804800
2019-03-21,QCOM,Qualcomm,57.22999954223633,58.279998779296875,57.20000076293945,57.77000045776367,48.581451416015625,19542700
2019-03-22,QCOM,Qualcomm,57.68000030517578,58.09000015258789,56.75,56.81999969482422,47.78255081176758,10243500
2019-03-25,QCOM,Qualcomm,56.58000183105469,56.939998626708984,56.06999969482422,56.63999938964844,47.63118362426758,6929600
2019-03-26,QCOM,Qualcomm,57.150001525878906,58.38999938964844,56.66999816894531,58.0,48.774864196777344,16051800
2019-03-27,QCOM,Qualcomm,57.349998474121094,57.66999816894531,56.31999969482422,56.90999984741211,47.858245849609375,11934400
2019-03-28,QCOM,Qualcomm,57.029998779296875,57.38999938964844,56.34000015258789,56.54999923706055,47.55550003051758,11064300
2019-03-29,QCOM,Qualcomm,57.0,57.560001373291016,56.939998626708984,57.029998779296875,47.95915222167969,8529100
2019-04-01,QCOM,Qualcomm,57.63999938964844,58.150001525878906,57.11000061035156,57.810001373291016,48.61509323120117,12066500
2019-04-02,QCOM,Qualcomm,57.97999954223633,58.529998779296875,57.65999984741211,58.09000015258789,48.85055923461914,7614500
2019-04-03,QCOM,Qualcomm,58.20000076293945,58.290000915527344,57.18000030517578,57.68000030517578,48.505760192871094,11563400
2019-04-04,QCOM,Qualcomm,57.75,58.61000061035156,57.689998626708984,57.86000061035156,48.65714645385742,9905100
2019-04-05,QCOM,Qualcomm,57.97999954223633,58.189998626708984,57.689998626708984,57.9900016784668,48.766456604003906,12332600
2019-04-08,QCOM,Qualcomm,57.790000915527344,58.4900016784668,57.5099983215332,57.7599983215332,48.57304000854492,8942400
2019-04-09,QCOM,Qualcomm,57.56999969482422,57.65999984741211,57.029998779296875,57.439998626708984,48.30393981933594,11713400
2019-04-10,QCOM,Qualcomm,57.709999084472656,57.86000061035156,56.099998474121094,56.33000183105469,47.370487213134766,15976500
2019-04-11,QCOM,Qualcomm,56.439998626708984,56.900001525878906,55.790000915527344,55.900001525878906,47.008888244628906,13903800
2019-04-12,QCOM,Qualcomm,56.279998779296875,57.16999816894531,56.06999969482422,56.95000076293945,47.891876220703125,13483500
2019-04-15,QCOM,Qualcomm,57.13999938964844,57.66999816894531,57.029998779296875,57.18000030517578,48.085296630859375,10712500
2019-04-16,QCOM,Qualcomm,57.459999084472656,71.02999877929688,57.290000915527344,70.44999694824219,59.24465560913086,86755900
2019-04-17,QCOM,Qualcomm,78.81999969482422,82.5199966430664,76.48999786376953,79.08000183105469,66.50201416015625,156019300
2019-04-18,QCOM,Qualcomm,78.72000122070312,80.19999694824219,78.0199966430664,79.88999938964844,67.18317413330078,41621200
2019-04-22,QCOM,Qualcomm,79.83000183105469,82.5,79.33999633789062,81.97000122070312,68.93234252929688,33292500
2019-04-23,QCOM,Qualcomm,83.9000015258789,87.95999908447266,83.2699966430664,86.72000122070312,72.92683410644531,56973700
2019-04-24,QCOM,Qualcomm,87.04000091552734,88.62999725341797,85.30000305175781,86.83000183105469,73.01935577392578,40290400
2019-04-25,QCOM,Qualcomm,86.16999816894531,86.31999969482422,84.5199966430664,85.06999969482422,71.53929901123047,20732200
2019-04-26,QCOM,Qualcomm,84.51000213623047,86.76000213623047,84.20999908447266,86.63999938964844,72.85955047607422,18860600
2019-04-29,QCOM,Qualcomm,86.4000015258789,87.9800033569336,85.83999633789062,87.25,73.37255096435547,17930000
2019-04-30,QCOM,Qualcomm,86.9800033569336,87.45999908447266,86.05000305175781,86.12999725341797,72.4306869506836,17582400
2019-05-01,QCOM,Qualcomm,87.16999816894531,88.22000122070312,86.1500015258789,86.37000274658203,72.63251495361328,28211500
2019-05-02,QCOM,Qualcomm,87.5,90.33999633789062,86.1500015258789,87.13999938964844,73.280029296875,40342000
2019-05-03,QCOM,Qualcomm,87.76000213623047,89.81999969482422,87.05999755859375,89.29000091552734,75.08805847167969,21068400
2019-05-06,QCOM,Qualcomm,86.33000183105469,88.69999694824219,86.13999938964844,88.25,74.2134780883789,15682100
2019-05-07,QCOM,Qualcomm,87.19999694824219,88.1500015258789,84.77999877929688,85.19999694824219,71.64859771728516,21579500
2019-05-08,QCOM,Qualcomm,84.8499984741211,85.72000122070312,84.11000061035156,84.54000091552734,71.09356689453125,15500700
2019-05-09,QCOM,Qualcomm,83.37000274658203,84.83999633789062,82.26000213623047,83.77999877929688,70.45447540283203,14516000
2019-05-10,QCOM,Qualcomm,83.37999725341797,86.33000183105469,83.3499984741211,85.83999633789062,72.1867904663086,15955600
2019-05-13,QCOM,Qualcomm,83.23999786376953,84.8499984741211,82.98999786376953,83.88999938964844,70.54696655273438,16689000
2019-05-14,QCOM,Qualcomm,84.2699966430664,86.44000244140625,84.0,86.12999725341797,72.4306869506836,14353700
2019-05-15,QCOM,Qualcomm,85.55000305175781,87.0,84.88999938964844,86.26000213623047,72.54000854492188,11784800
2019-05-16,QCOM,Qualcomm,83.79000091552734,84.80000305175781,82.12999725341797,82.80999755859375,69.63876342773438,22498800
2019-05-17,QCOM,Qualcomm,80.48999786376953,83.12000274658203,80.0,81.5,68.53709411621094,19523400
2019-05-20,QCOM,Qualcomm,77.94999694824219,78.33000183105469,76.06999969482422,76.62000274658203,64.43328857421875,32679300
2019-05-21,QCOM,Qualcomm,78.91000366210938,79.04000091552734,77.22000122070312,77.75,65.38353729248047,17282200
2019-05-22,QCOM,Qualcomm,69.12999725341797,71.73999786376953,67.97000122070312,69.30999755859375,58.28598403930664,66150700
2019-05-23,QCOM,Qualcomm,67.0199966430664,68.2699966430664,65.9000015258789,68.26000213623047,57.402976989746094,31820700
2019-05-24,QCOM,Qualcomm,68.93000030517578,69.1500015258789,65.97000122070312,66.20999908447266,55.67903518676758,21420000
2019-05-28,QCOM,Qualcomm,66.63999938964844,67.70999908447266,65.23999786376953,65.37000274658203,54.97264099121094,22667300
2019-05-29,QCOM,Qualcomm,65.36000061035156,66.1500015258789,64.76000213623047,65.76000213623047,55.300628662109375,16312600
2019-05-30,QCOM,Qualcomm,65.97000122070312,67.06999969482422,65.93000030517578,66.58999633789062,55.998592376708984,11554600
2019-05-31,QCOM,Qualcomm,65.77999877929688,67.83999633789062,65.52999877929688,66.81999969482422,56.1920166015625,15060300
2019-06-03,QCOM,Qualcomm,67.08999633789062,68.12999725341797,66.27999877929688,66.66000366210938,56.057464599609375,13620700
2019-06-04,QCOM,Qualcomm,67.61000061035156,68.5,66.69999694824219,68.44999694824219,57.56276321411133,15866700
2019-06-05,QCOM,Qualcomm,68.04000091552734,68.33000183105469,65.83000183105469,67.0199966430664,56.875370025634766,11779200
2019-06-06,QCOM,Qualcomm,66.91999816894531,67.97000122070312,66.2699966430664,67.58999633789062,57.35908508300781,10781700
2019-06-07,QCOM,Qualcomm,67.69000244140625,68.77999877929688,67.30000305175781,68.69000244140625,58.292579650878906,10495600
2019-06-10,QCOM,Qualcomm,69.0,71.45999908447266,69.0,70.54000091552734,59.862579345703125,15229200
2019-06-11,QCOM,Qualcomm,71.58000183105469,72.22000122070312,70.2699966430664,71.23999786376953,60.45659637451172,11839500
2019-06-12,QCOM,Qualcomm,69.52999877929688,70.37000274658203,69.19999694824219,69.58999633789062,59.05634307861328,9396200
2019-06-13,QCOM,Qualcomm,69.97000122070312,70.48999786376953,69.37999725341797,69.93000030517578,59.34488296508789,6790500
2019-06-14,QCOM,Qualcomm,68.3499984741211,69.12000274658203,67.9000015258789,68.72000122070312,58.31802749633789,12119500
2019-06-17,QCOM,Qualcomm,69.08999633789062,69.9800033569336,68.9000015258789,69.11000061035156,58.64900588989258,9411100
2019-06-18,QCOM,Qualcomm,69.69000244140625,72.38999938964844,69.66999816894531,71.95999908447266,61.06761932373047,14508000
2019-06-19,QCOM,Qualcomm,72.37000274658203,72.62000274658203,70.80000305175781,71.80000305175781,60.93184280395508,11999300
2019-06-20,QCOM,Qualcomm,73.19000244140625,73.66999816894531,72.2300033569336,72.73999786376953,61.72953796386719,9871800
2019-06-21,QCOM,Qualcomm,72.30999755859375,73.16999816894531,72.30999755859375,72.72000122070312,61.71258544921875,15244500
2019-06-24,QCOM,Qualcomm,72.97000122070312,73.44999694824219,72.19999694824219,73.16000366210938,62.08597183227539,8893000
2019-06-25,QCOM,Qualcomm,73.2300033569336,74.13999938964844,72.5199966430664,72.55000305175781,61.56831741333008,8953400
2019-06-26,QCOM,Qualcomm,73.76000213623047,75.69000244140625,73.6500015258789,74.94999694824219,63.60502624511719,13808000
2019-06-27,QCOM,Qualcomm,75.33999633789062,75.9000015258789,75.16999816894531,75.43000030517578,64.01237487792969,11151900
2019-06-28,QCOM,Qualcomm,75.66000366210938,76.44000244140625,74.80999755859375,76.06999969482422,64.55550384521484,29217500
2019-07-01,QCOM,Qualcomm,80.66999816894531,80.76000213623047,77.08000183105469,77.5199966430664,65.78601837158203,17693000
2019-07-02,QCOM,Qualcomm,77.27999877929688,77.4800033569336,76.62000274658203,77.01000213623047,65.35321044921875,7075600
2019-07-03,QCOM,Qualcomm,77.06999969482422,77.2300033569336,76.05000305175781,76.62999725341797,65.03072357177734,5290400
2019-07-05,QCOM,Qualcomm,74.19999694824219,76.72000122070312,74.0999984741211,76.66000366210938,65.05620574951172,9220800
2019-07-08,QCOM,Qualcomm,75.9800033569336,77.02999877929688,75.93000030517578,76.62999725341797,65.03072357177734,7924900
2019-07-09,QCOM,Qualcomm,76.44000244140625,76.83999633789062,75.83999633789062,76.55000305175781,64.96283721923828,7506500
2019-07-10,QCOM,Qualcomm,76.83000183105469,76.91000366210938,74.08000183105469,74.36000061035156,63.10435485839844,15075700
2019-07-11,QCOM,Qualcomm,74.5199966430664,75.77999877929688,73.30000305175781,73.70999908447266,62.55271530151367,14298400
2019-07-12,QCOM,Qualcomm,74.25,74.9800033569336,73.66000366210938,74.9000015258789,63.562591552734375,8028100
2019-07-15,QCOM,Qualcomm,75.1500015258789,75.9000015258789,74.79000091552734,75.43000030517578,64.01237487792969,8898200
2019-07-16,QCOM,Qualcomm,75.11000061035156,76.5,74.55000305175781,75.66999816894531,64.2160415649414,9909600
2019-07-17,QCOM,Qualcomm,78.56999969482422,79.4000015258789,75.70999908447266,75.76000213623047,64.29240417480469,20602300
2019-07-18,QCOM,Qualcomm,74.97000122070312,75.3499984741211,74.05000305175781,74.37000274658203,63.11281204223633,12580800
2019-07-19,QCOM,Qualcomm,74.41999816894531,75.70999908447266,74.41999816894531,75.0,63.6474609375,14477400
2019-07-22,QCOM,Qualcomm,75.05999755859375,76.62000274658203,75.05999755859375,75.94999694824219,64.45364379882812,9645800
2019-07-23,QCOM,Qualcomm,75.33999633789062,75.58999633789062,73.30999755859375,74.12000274658203,62.90065383911133,14420400
2019-07-24,QCOM,Qualcomm,74.01000213623047,76.41999816894531,73.68000030517578,75.87000274658203,64.3857650756836,14012700
2019-07-25,QCOM,Qualcomm,75.83999633789062,76.13999938964844,75.0999984741211,75.3499984741211,63.9444580078125,7299500
2019-07-26,QCOM,Qualcomm,75.11000061035156,75.8499984741211,74.8499984741211,75.22000122070312,63.83415222167969,8262500
2019-07-29,QCOM,Qualcomm,75.16000366210938,76.31999969482422,74.66999816894531,74.97000122070312,63.62199020385742,8237500
2019-07-30,QCOM,Qualcomm,74.58000183105469,75.06999969482422,74.36000061035156,74.80999755859375,63.48622131347656,7397900
2019-07-31,QCOM,Qualcomm,74.83000183105469,75.27999877929688,72.76000213623047,73.16000366210938,62.08597183227539,14052800
2019-08-01,QCOM,Qualcomm,68.87999725341797,73.70999908447266,68.25,71.19999694824219,60.422637939453125,29729800
2019-08-02,QCOM,Qualcomm,70.44000244140625,71.52999877929688,70.01000213623047,71.1500015258789,60.38023376464844,12649400
2019-08-05,QCOM,Qualcomm,69.97000122070312,70.83999633789062,68.55999755859375,68.80000305175781,58.385948181152344,13071800
2019-08-06,QCOM,Qualcomm,69.5199966430664,69.93000030517578,67.37999725341797,68.16999816894531,57.85130310058594,13189900
2019-08-07,QCOM,Qualcomm,67.26000213623047,69.5999984741211,67.12000274658203,69.4000015258789,58.89510726928711,8934900
2019-08-08,QCOM,Qualcomm,69.55999755859375,71.3499984741211,69.3499984741211,71.26000213623047,60.47357177734375,8367900
2019-08-09,QCOM,Qualcomm,70.51000213623047,72.19000244140625,70.19000244140625,71.5,60.6772346496582,8702200
2019-08-12,QCOM,Qualcomm,71.0,71.4800033569336,69.7300033569336,69.80000305175781,59.23455810546875,7364300
2019-08-13,QCOM,Qualcomm,69.88999938964844,72.47000122070312,69.30999755859375,72.18000030517578,61.25430679321289,10134800
2019-08-14,QCOM,Qualcomm,70.63999938964844,71.88999938964844,70.55000305175781,70.87999725341797,60.15108108520508,10336900
2019-08-15,QCOM,Qualcomm,71.44000244140625,72.19000244140625,70.58999633789062,71.16000366210938,60.38870620727539,9107000
2019-08-16,QCOM,Qualcomm,71.8499984741211,73.41000366210938,71.7300033569336,73.27999877929688,62.18779373168945,10090600
2019-08-19,QCOM,Qualcomm,74.58000183105469,75.52999877929688,74.13999938964844,74.87000274658203,63.537139892578125,9688400
2019-08-20,QCOM,Qualcomm,74.56999969482422,76.44000244140625,74.33000183105469,76.06999969482422,64.55550384521484,9387300
2019-08-21,QCOM,Qualcomm,76.5,77.19000244140625,75.98999786376953,76.69999694824219,65.09014129638672,11004100
2019-08-22,QCOM,Qualcomm,76.91000366210938,77.94999694824219,76.5999984741211,77.1500015258789,65.4720230102539,7198800
2019-08-23,QCOM,Qualcomm,76.12000274658203,79.0999984741211,73.22000122070312,73.5199966430664,62.391483306884766,16479400
2019-08-26,QCOM,Qualcomm,74.9000015258789,75.08999633789062,72.5199966430664,72.91000366210938,61.87382125854492,11153800
2019-08-27,QCOM,Qualcomm,73.68000030517578,74.37999725341797,73.19999694824219,73.97000122070312,62.77337646484375,7303100
2019-08-28,QCOM,Qualcomm,73.79000091552734,74.87999725341797,72.91000366210938,74.3499984741211,63.09583282470703,5678500
2019-08-29,QCOM,Qualcomm,75.22000122070312,77.02999877929688,75.22000122070312,76.44999694824219,64.87796020507812,7348400
2019-08-30,QCOM,Qualcomm,77.18000030517578,78.05000305175781,77.0,77.7699966430664,65.9981689453125,8465300
2019-09-03,QCOM,Qualcomm,76.7699966430664,76.98999786376953,74.69999694824219,75.12000274658203,63.74928665161133,7580700
2019-09-04,QCOM,Qualcomm,75.98999786376953,77.12000274658203,75.62999725341797,77.08999633789062,65.42108917236328,4923700
2019-09-05,QCOM,Qualcomm,77.88999938964844,80.44000244140625,77.88999938964844,78.98999786376953,67.03350067138672,13480300
2019-09-06,QCOM,Qualcomm,78.95999908447266,79.08000183105469,78.44000244140625,78.83999633789062,66.90620422363281,5128000
2019-09-09,QCOM,Qualcomm,79.04000091552734,79.44999694824219,77.97000122070312,78.20999908447266,66.37156677246094,6885100
2019-09-10,QCOM,Qualcomm,78.02999877929688,78.87999725341797,77.33999633789062,78.70999908447266,66.79589080810547,9373900
2019-09-11,QCOM,Qualcomm,78.16999816894531,79.91000366210938,78.12000274658203,79.9000015258789,68.3440933227539,6575700
2019-09-12,QCOM,Qualcomm,80.05000305175781,80.05000305175781,78.58000183105469,79.08000183105469,67.6427001953125,5847100
2019-09-13,QCOM,Qualcomm,79.18000030517578,79.54000091552734,78.37000274658203,78.41000366210938,67.0696029663086,5343700
2019-09-16,QCOM,Qualcomm,77.58000183105469,78.48999786376953,76.91000366210938,78.04000091552734,66.75311279296875,3756500
2019-09-17,QCOM,Qualcomm,77.61000061035156,78.79000091552734,77.51000213623047,78.69000244140625,67.30909729003906,4400800
2019-09-18,QCOM,Qualcomm,78.69000244140625,79.06999969482422,77.63999938964844,78.9000015258789,67.48873901367188,5147500
2019-09-19,QCOM,Qualcomm,79.23999786376953,80.0,78.20999908447266,78.2300033569336,66.91563415527344,5180900
2019-09-20,QCOM,Qualcomm,78.19999694824219,78.69999694824219,76.16999816894531,76.44000244140625,65.38451385498047,9122000
2019-09-23,QCOM,Qualcomm,76.66999816894531,77.91000366210938,76.05999755859375,77.23999786376953,66.06881713867188,5815700
2019-09-24,QCOM,Qualcomm,78.08000183105469,78.30000305175781,74.62999725341797,75.2300033569336,64.3495101928711,10177800
2019-09-25,QCOM,Qualcomm,75.02999877929688,77.48999786376953,74.87999725341797,77.26000213623047,66.08592224121094,5571600
2019-09-26,QCOM,Qualcomm,77.16000366210938,77.69000244140625,75.94000244140625,77.3499984741211,66.16287994384766,3760300
2019-09-27,QCOM,Qualcomm,77.01000213623047,78.19999694824219,76.20999908447266,76.62999725341797,65.54703521728516,5013200
2019-09-30,QCOM,Qualcomm,76.88999938964844,76.94999694824219,76.0199966430664,76.27999877929688,65.24767303466797,4775800
2019-10-01,QCOM,Qualcomm,77.05999755859375,78.05999755859375,74.97000122070312,75.47000122070312,64.5548095703125,7043700
2019-10-02,QCOM,Qualcomm,75.26000213623047,75.70999908447266,73.7699966430664,73.98999786376953,63.28885269165039,5997500
2019-10-03,QCOM,Qualcomm,73.93000030517578,75.83000183105469,73.16000366210938,75.7300033569336,64.77720642089844,5419400
2019-10-04,QCOM,Qualcomm,76.31999969482422,77.55999755859375,75.83999633789062,77.48999786376953,66.28266143798828,4893600
2019-10-07,QCOM,Qualcomm,77.01000213623047,77.55000305175781,76.2699966430664,76.33999633789062,65.2989730834961,4215500
2019-10-08,QCOM,Qualcomm,75.5199966430664,75.81999969482422,72.80999755859375,72.8499984741211,62.31373977661133,8489600
2019-10-09,QCOM,Qualcomm,73.91000366210938,74.80000305175781,73.55999755859375,74.3499984741211,63.5967903137207,5137500
2019-10-10,QCOM,Qualcomm,74.3499984741211,75.97000122070312,74.16999816894531,74.97000122070312,64.12712097167969,5580600
2019-10-11,QCOM,Qualcomm,76.19000244140625,77.81999969482422,76.01000213623047,76.69999694824219,65.60690307617188,7280800
2019-10-14,QCOM,Qualcomm,76.6500015258789,77.37000274658203,76.27999877929688,76.30000305175781,65.26476287841797,4545300
2019-10-15,QCOM,Qualcomm,76.87999725341797,77.9800033569336,76.27999877929688,77.81999969482422,66.56493377685547,5222500
2019-10-16,QCOM,Qualcomm,77.48999786376953,78.31999969482422,77.27999877929688,78.2300033569336,66.91563415527344,6218000
2019-10-17,QCOM,Qualcomm,78.69999694824219,79.95999908447266,78.4000015258789,78.97000122070312,67.54859924316406,5916700
2019-10-18,QCOM,Qualcomm,78.62000274658203,79.22000122070312,77.66999816894531,77.68000030517578,66.4451675415039,6107000
2019-10-21,QCOM,Qualcomm,78.37999725341797,79.08999633789062,78.01000213623047,78.9800033569336,67.55715942382812,5119800
2019-10-22,QCOM,Qualcomm,78.93000030517578,79.06999969482422,78.23999786376953,78.47000122070312,67.12092590332031,4944500
2019-10-23,QCOM,Qualcomm,77.20999908447266,78.12999725341797,76.87000274658203,77.23999786376953,66.06881713867188,5785700
2019-10-24,QCOM,Qualcomm,78.05999755859375,79.0199966430664,77.58999633789062,78.98999786376953,67.56571960449219,5271200
2019-10-25,QCOM,Qualcomm,79.0,80.2300033569336,78.91000366210938,80.16999816894531,68.57504272460938,6712300
2019-10-28,QCOM,Qualcomm,80.55000305175781,83.12999725341797,80.54000091552734,83.05000305175781,71.03851318359375,9949800
2019-10-29,QCOM,Qualcomm,82.75,82.8499984741211,81.44000244140625,81.66000366210938,69.84957122802734,4993600
2019-10-30,QCOM,Qualcomm,82.0999984741211,82.25,80.8499984741211,81.44000244140625,69.661376953125,3971000
2019-10-31,QCOM,Qualcomm,81.44000244140625,81.47000122070312,79.83999633789062,80.44000244140625,68.8060073852539,5693700
2019-11-01,QCOM,Qualcomm,81.58999633789062,83.6500015258789,81.25,83.58000183105469,71.49186706542969,8620300
2019-11-04,QCOM,Qualcomm,84.54000091552734,85.87000274658203,84.30999755859375,85.08999633789062,72.7834701538086,8389200
2019-11-05,QCOM,Qualcomm,85.19999694824219,85.73999786376953,84.7300033569336,85.45999908447266,73.09994506835938,7280000
2019-11-06,QCOM,Qualcomm,85.33999633789062,85.61000061035156,84.22000122070312,84.62999725341797,72.38998413085938,9755300
2019-11-07,QCOM,Qualcomm,89.83000183105469,92.5,88.31999969482422,89.9800033569336,76.96625518798828,30254000
2019-11-08,QCOM,Qualcomm,89.9800033569336,94.11000061035156,89.5999984741211,94.02999877929688,80.43048095703125,16371300
2019-11-11,QCOM,Qualcomm,91.70999908447266,92.5199966430664,90.88999938964844,91.83999633789062,78.55720520019531,11297700
2019-11-12,QCOM,Qualcomm,92.18000030517578,92.25,90.16999816894531,90.97000122070312,77.81305694580078,9332100
2019-11-13,QCOM,Qualcomm,90.69999694824219,91.9000015258789,89.62000274658203,90.47000122070312,77.38539123535156,9353200
2019-11-14,QCOM,Qualcomm,90.30999755859375,90.58000183105469,89.43000030517578,90.4800033569336,77.39392852783203,8793600
2019-11-15,QCOM,Qualcomm,92.5999984741211,93.94000244140625,90.58000183105469,90.80999755859375,77.67619323730469,25490200
2019-11-18,QCOM,Qualcomm,90.80999755859375,91.9800033569336,89.27999877929688,90.4800033569336,77.39392852783203,10360500
2019-11-19,QCOM,Qualcomm,91.25,91.38999938964844,86.68000030517578,87.95999908447266,75.23838806152344,18091300
2019-11-20,QCOM,Qualcomm,87.81999969482422,88.36000061035156,85.30999755859375,85.62000274658203,73.23683166503906,13045100
2019-11-21,QCOM,Qualcomm,84.79000091552734,86.30000305175781,84.55000305175781,85.11000061035156,72.80059051513672,10180400
2019-11-22,QCOM,Qualcomm,85.29000091552734,85.81999969482422,84.52999877929688,84.88999938964844,72.6124038696289,6166700
2019-11-25,QCOM,Qualcomm,85.76000213623047,86.29000091552734,85.08000183105469,85.29000091552734,72.95455932617188,8964100
2019-11-26,QCOM,Qualcomm,85.25,85.55000305175781,84.13999938964844,84.62999725341797,72.38998413085938,11584500
2019-11-27,QCOM,Qualcomm,85.16000366210938,85.30999755859375,84.47000122070312,84.80000305175781,72.53541564941406,5215000
2019-11-29,QCOM,Qualcomm,84.51000213623047,85.0999984741211,83.41999816894531,83.55000305175781,71.4662094116211,3882400
2019-12-02,QCOM,Qualcomm,83.9800033569336,84.29000091552734,82.30999755859375,82.44999694824219,70.52529907226562,7668800
2019-12-03,QCOM,Qualcomm,81.37999725341797,81.38999938964844,79.80999755859375,80.58000183105469,68.92575073242188,11126100
2019-12-04,QCOM,Qualcomm,80.91999816894531,82.44000244140625,80.44999694824219,82.08000183105469,70.75321197509766,8477400
2019-12-05,QCOM,Qualcomm,82.6500015258789,83.44000244140625,81.77999877929688,82.58999633789062,71.19278717041016,6358300
2019-12-06,QCOM,Qualcomm,83.44999694824219,84.25,83.41999816894531,83.81999969482422,72.25309753417969,6860400
2019-12-09,QCOM,Qualcomm,84.0,85.30000305175781,83.83999633789062,84.91999816894531,73.20128631591797,8382900
2019-12-10,QCOM,Qualcomm,85.04000091552734,85.33000183105469,83.69000244140625,84.12000274658203,72.51168823242188,8082200
2019-12-11,QCOM,Qualcomm,84.83999633789062,87.0999984741211,84.76000213623047,86.98999786376953,74.98562622070312,9571500
2019-12-12,QCOM,Qualcomm,86.83999633789062,89.2300033569336,86.37000274658203,89.05000305175781,76.76136016845703,12164600
2019-12-13,QCOM,Qualcomm,88.91000366210938,89.69999694824219,87.55999755859375,87.83000183105469,75.70973205566406,12269100
2019-12-16,QCOM,Qualcomm,89.27999877929688,90.45999908447266,88.3499984741211,88.43000030517578,76.22689819335938,8719100
2019-12-17,QCOM,Qualcomm,89.0,89.04000091552734,87.68000030517578,88.31999969482422,76.1321029663086,7485900
2019-12-18,QCOM,Qualcomm,88.54000091552734,88.6500015258789,87.58999633789062,87.9800033569336,75.83903503417969,5860600
2019-12-19,QCOM,Qualcomm,88.36000061035156,88.69999694824219,87.62000274658203,88.48999786376953,76.27861785888672,7471400
2019-12-20,QCOM,Qualcomm,88.81999969482422,89.8499984741211,88.18000030517578,88.8499984741211,76.58897399902344,17538000
2019-12-23,QCOM,Qualcomm,89.01000213623047,89.33000183105469,88.25,88.44999694824219,76.24414825439453,7274700
2019-12-24,QCOM,Qualcomm,88.62000274658203,88.80999755859375,87.9800033569336,88.7699966430664,76.52000427246094,2435200
2019-12-26,QCOM,Qualcomm,88.91999816894531,88.95999908447266,88.0,88.4000015258789,76.2010498046875,5070000
2019-12-27,QCOM,Qualcomm,88.9000015258789,88.94999694824219,88.08999633789062,88.80000305175781,76.54586029052734,5808900
2019-12-30,QCOM,Qualcomm,88.70999908447266,88.77999877929688,87.30999755859375,88.43000030517578,76.22689819335938,6543100
2019-12-31,QCOM,Qualcomm,87.98999786376953,88.7699966430664,87.87999725341797,88.2300033569336,76.05452728271484,5173400
2020-01-02,QCOM,Qualcomm,89.05000305175781,89.80999755859375,88.08000183105469,88.69000244140625,76.4510498046875,8413900
2020-01-03,QCOM,Qualcomm,87.26000213623047,87.63999938964844,86.44000244140625,87.0199966430664,75.01148986816406,8340300
2020-01-06,QCOM,Qualcomm,85.91000366210938,86.55000305175781,85.54000091552734,86.51000213623047,74.57186889648438,8381400
2020-01-07,QCOM,Qualcomm,87.04000091552734,89.48999786376953,86.91000366210938,88.97000122070312,76.69239044189453,8377400
2020-01-08,QCOM,Qualcomm,88.9000015258789,89.47000122070312,87.91999816894531,88.70999908447266,76.46826171875,7619900
2020-01-09,QCOM,Qualcomm,89.66000366210938,90.72000122070312,88.83000183105469,89.91000366210938,77.502685546875,9155500
2020-01-10,QCOM,Qualcomm,90.51000213623047,92.38999938964844,89.87000274658203,90.26000213623047,77.80438995361328,9668300
2020-01-13,QCOM,Qualcomm,91.05000305175781,92.7300033569336,90.55000305175781,90.97000122070312,78.41641235351562,10367800
2020-01-14,QCOM,Qualcomm,91.12999725341797,91.61000061035156,90.29000091552734,90.55999755859375,78.06297302246094,7800100
2020-01-15,QCOM,Qualcomm,90.75,91.18000030517578,89.25,89.66999816894531,77.29583740234375,7259100
2020-01-16,QCOM,Qualcomm,90.22000122070312,92.2300033569336,89.81999969482422,91.79000091552734,79.12325286865234,9295500
2020-01-17,QCOM,Qualcomm,93.0,96.16999816894531,92.94999694824219,95.91000366210938,82.67472076416016,23694400
2020-01-21,QCOM,Qualcomm,95.33000183105469,95.72000122070312,93.41999816894531,94.54000091552734,81.49375915527344,10868500
2020-01-22,QCOM,Qualcomm,95.26000213623047,95.38999938964844,92.70999908447266,92.97000122070312,80.14042663574219,8342300
2020-01-23,QCOM,Qualcomm,92.8499984741211,92.94999694824219,91.45999908447266,92.0,79.30427551269531,11282000
2020-01-24,QCOM,Qualcomm,92.68000030517578,93.25,88.83000183105469,89.6500015258789,77.27857971191406,9471700
2020-01-27,QCOM,Qualcomm,87.30000305175781,88.22000122070312,86.44999694824219,87.05000305175781,75.037353515625,9240200
2020-01-28,QCOM,Qualcomm,88.1500015258789,89.54000091552734,87.38999938964844,89.1500015258789,76.84754180908203,9187000
2020-01-29,QCOM,Qualcomm,88.66000366210938,89.0199966430664,87.3499984741211,88.2300033569336,76.05452728271484,8158500
2020-01-30,QCOM,Qualcomm,87.30999755859375,87.86000061035156,86.19000244140625,87.77999877929688,75.6666030883789,8379400
2020-01-31,QCOM,Qualcomm,87.05000305175781,87.16999816894531,85.04000091552734,85.30999755859375,73.53746795654297,9503600
2020-02-03,QCOM,Qualcomm,85.55000305175781,86.58000183105469,85.16000366210938,86.4800033569336,74.54601287841797,7792700
2020-02-04,QCOM,Qualcomm,88.25,88.94999694824219,87.37000274658203,88.93000030517578,76.65792083740234,9236400
2020-02-05,QCOM,Qualcomm,90.98999786376953,91.13999938964844,89.2699966430664,90.91000366210938,78.36469268798828,14220900
2020-02-06,QCOM,Qualcomm,88.05999755859375,90.77999877929688,86.19000244140625,90.61000061035156,78.1060791015625,21059000
2020-02-07,QCOM,Qualcomm,89.62000274658203,90.02999877929688,87.37999725341797,87.41999816894531,75.35627746582031,10725100
2020-02-10,QCOM,Qualcomm,86.77999877929688,88.63999938964844,86.5,88.5999984741211,76.37345123291016,7481300
2020-02-11,QCOM,Qualcomm,89.37000274658203,91.47000122070312,88.9000015258789,90.0,77.58025360107422,9452800
2020-02-12,QCOM,Qualcomm,91.6500015258789,92.44000244140625,91.29000091552734,91.72000122070312,79.06291198730469,9824200
2020-02-13,QCOM,Qualcomm,91.02999877929688,91.37999725341797,89.77999877929688,90.02999877929688,77.60612487792969,8428300
2020-02-14,QCOM,Qualcomm,90.55000305175781,90.80000305175781,88.79000091552734,89.5999984741211,77.23545837402344,6256500
2020-02-18,QCOM,Qualcomm,87.83000183105469,89.0,87.52999877929688,88.02999877929688,75.88211822509766,7248100
2020-02-19,QCOM,Qualcomm,88.91999816894531,90.62000274658203,88.6500015258789,90.55999755859375,78.06297302246094,7820900
2020-02-20,QCOM,Qualcomm,90.80999755859375,91.87999725341797,88.68000030517578,89.47000122070312,77.12340545654297,9754900
2020-02-21,QCOM,Qualcomm,88.55999755859375,89.02999877929688,86.33000183105469,87.02999877929688,75.02011108398438,12257600
2020-02-24,QCOM,Qualcomm,83.9000015258789,84.83000183105469,82.70999908447266,83.31999969482422,71.82208251953125,12158500
2020-02-25,QCOM,Qualcomm,83.94000244140625,84.4000015258789,79.63999938964844,80.22000122070312,69.14989471435547,14725000
2020-02-26,QCOM,Qualcomm,81.0,82.02999877929688,79.08999633789062,79.66000366210938,68.66717529296875,13125000
2020-02-27,QCOM,Qualcomm,77.12999725341797,78.19000244140625,75.33000183105469,75.94000244140625,65.46050262451172,17898300
2020-02-28,QCOM,Qualcomm,73.76000213623047,79.80999755859375,73.33999633789062,78.30000305175781,67.49484252929688,20843300
2020-03-02,QCOM,Qualcomm,79.0199966430664,80.70999908447266,77.12999725341797,80.55999755859375,69.44296264648438,15043400
2020-03-03,QCOM,Qualcomm,80.81999969482422,82.6500015258789,77.83000183105469,78.55999755859375,67.71894073486328,16356200
2020-03-04,QCOM,Qualcomm,79.12000274658203,81.91000366210938,78.05000305175781,81.80000305175781,71.07273864746094,9894900
2020-03-05,QCOM,Qualcomm,79.45999908447266,81.37000274658203,78.69999694824219,79.16999816894531,68.78764343261719,9396200
2020-03-06,QCOM,Qualcomm,76.33000183105469,78.08000183105469,75.83000183105469,77.47000122070312,67.31059265136719,11536500
2020-03-09,QCOM,Qualcomm,72.4000015258789,76.0999984741211,71.83000183105469,72.63999938964844,63.11398696899414,13898500
2020-03-10,QCOM,Qualcomm,74.80000305175781,79.04000091552734,74.16000366210938,78.88999938964844,68.54435729980469,13615600
2020-03-11,QCOM,Qualcomm,76.29000091552734,77.79000091552734,73.72000122070312,74.62000274658203,64.8343505859375,13376500
2020-03-12,QCOM,Qualcomm,69.5199966430664,72.52999877929688,67.0,67.0199966430664,58.23099899291992,19386200
2020-03-13,QCOM,Qualcomm,71.18000030517578,76.66999816894531,67.26000213623047,75.80999755859375,65.86827850341797,15971400
2020-03-16,QCOM,Qualcomm,68.27999877929688,71.16999816894531,64.45999908447266,64.4800033569336,56.024105072021484,16134700
2020-03-17,QCOM,Qualcomm,65.91000366210938,69.80999755859375,62.20000076293945,68.86000061035156,59.8297004699707,16864500
2020-03-18,QCOM,Qualcomm,63.560001373291016,65.55999755859375,58.0,61.189998626708984,53.1655387878418,18381200
2020-03-19,QCOM,Qualcomm,61.119998931884766,67.55000305175781,59.040000915527344,65.0,56.47590255737305,17127400
2020-03-20,QCOM,Qualcomm,65.02999877929688,67.9800033569336,60.790000915527344,60.90999984741211,52.92226791381836,16591500
2020-03-23,QCOM,Qualcomm,61.54999923706055,64.86000061035156,59.11000061035156,62.529998779296875,54.32981491088867,14920300
2020-03-24,QCOM,Qualcomm,66.0,67.62000274658203,62.189998626708984,65.45999908447266,56.875579833984375,18966800
2020-03-25,QCOM,Qualcomm,65.9000015258789,66.95999908447266,62.459999084472656,63.08000183105469,54.80768966674805,15969800
2020-03-26,QCOM,Qualcomm,64.0,69.66000366210938,63.25,68.9800033569336,59.9339714050293,15820300
2020-03-27,QCOM,Qualcomm,66.5,69.12000274658203,65.93000030517578,66.58999633789062,57.85738754272461,9739100
2020-03-30,QCOM,Qualcomm,67.19000244140625,69.5,66.05999755859375,69.02999877929688,59.977413177490234,9880800
2020-03-31,QCOM,Qualcomm,69.30000305175781,70.36000061035156,66.66000366210938,67.6500015258789,58.778385162353516,13213900
2020-04-01,QCOM,Qualcomm,65.0,68.69999694824219,65.0,65.9000015258789,57.25788879394531,14167900
2020-04-02,QCOM,Qualcomm,65.87000274658203,68.26000213623047,65.30999755859375,68.0199966430664,59.099849700927734,15432900
2020-04-03,QCOM,Qualcomm,67.68000030517578,68.69000244140625,64.55000305175781,65.2300033569336,56.675743103027344,8600700
2020-04-06,QCOM,Qualcomm,68.5,71.37000274658203,67.6500015258789,70.94999694824219,61.6456298828125,12153100
2020-04-07,QCOM,Qualcomm,73.66000366210938,74.9000015258789,70.86000061035156,72.7300033569336,63.19218826293945,11285600
2020-04-08,QCOM,Qualcomm,73.69999694824219,74.37999725341797,72.41999816894531,73.33000183105469,63.7135124206543,10695600
2020-04-09,QCOM,Qualcomm,74.62000274658203,74.83999633789062,70.0,71.58000183105469,62.1930046081543,15459400
2020-04-13,QCOM,Qualcomm,71.70999908447266,73.51000213623047,71.44000244140625,73.30000305175781,63.68745422363281,7896500
2020-04-14,QCOM,Qualcomm,75.0,77.66999816894531,74.97000122070312,77.55000305175781,67.3801040649414,11314100
2020-04-15,QCOM,Qualcomm,75.86000061035156,76.33999633789062,74.02999877929688,75.98999786376953,66.024658203125,9951700
2020-04-16,QCOM,Qualcomm,76.86000061035156,77.69000244140625,75.37999725341797,76.8499984741211,66.77189636230469,8819700
2020-04-17,QCOM,Qualcomm,77.31999969482422,78.25,75.4800033569336,76.16999816894531,66.18108367919922,9926000
2020-04-20,QCOM,Qualcomm,75.0199966430664,76.2300033569336,74.0999984741211,74.30999755859375,64.56498718261719,7217700
2020-04-21,QCOM,Qualcomm,73.30999755859375,73.97000122070312,71.75,71.83999633789062,62.41889190673828,9273800
2020-04-22,QCOM,Qualcomm,73.79000091552734,75.33999633789062,72.75,74.68000030517578,64.88646697998047,7365300
2020-04-23,QCOM,Qualcomm,75.0,76.16999816894531,73.76000213623047,73.80999755859375,64.13057708740234,7673800
2020-04-24,QCOM,Qualcomm,73.91999816894531,76.11000061035156,73.66000366210938,76.04000091552734,66.06812286376953,6071300
2020-04-27,QCOM,Qualcomm,76.58999633789062,77.81999969482422,75.48999786376953,75.9800033569336,66.01598358154297,7219500
2020-04-28,QCOM,Qualcomm,77.11000061035156,77.77999877929688,75.16000366210938,75.29000091552734,65.4164810180664,6250500
2020-04-29,QCOM,Qualcomm,77.16999816894531,79.23999786376953,76.83000183105469,78.97000122070312,68.6138687133789,11950200
2020-04-30,QCOM,Qualcomm,80.2699966430664,80.87000274658203,77.27999877929688,78.66999816894531,68.35322570800781,17113500
2020-05-01,QCOM,Qualcomm,76.8499984741211,77.58999633789062,74.68000030517578,75.63999938964844,65.72057342529297,9742100
2020-05-04,QCOM,Qualcomm,75.16000366210938,75.94000244140625,74.08999633789062,75.68000030517578,65.75532531738281,7202400
2020-05-05,QCOM,Qualcomm,76.75,78.80999755859375,76.55999755859375,77.62999725341797,67.44959259033203,7540800
2020-05-06,QCOM,Qualcomm,78.80999755859375,80.13999938964844,78.5199966430664,78.87000274658203,68.52700805664062,8179700
2020-05-07,QCOM,Qualcomm,79.69999694824219,80.16999816894531,78.26000213623047,78.83000183105469,68.49224090576172,7291800
2020-05-08,QCOM,Qualcomm,79.69999694824219,81.08999633789062,79.36000061035156,80.55999755859375,69.9953842163086,7887200
2020-05-11,QCOM,Qualcomm,80.29000091552734,81.2699966430664,79.54000091552734,80.4800033569336,69.92586517333984,6604600
2020-05-12,QCOM,Qualcomm,81.29000091552734,81.79000091552734,78.4000015258789,78.41999816894531,68.13599395751953,7318100
2020-05-13,QCOM,Qualcomm,78.86000061035156,79.51000213623047,76.75,78.0,67.77108001708984,9584800
2020-05-14,QCOM,Qualcomm,77.5,80.0,76.47000122070312,79.87000274658203,69.39585876464844,9956800
2020-05-15,QCOM,Qualcomm,74.66999816894531,77.69999694824219,74.37000274658203,75.7699966430664,65.83353424072266,29597800
2020-05-18,QCOM,Qualcomm,77.2699966430664,80.18000030517578,77.20999908447266,79.94000244140625,69.45668029785156,13191000
2020-05-19,QCOM,Qualcomm,79.75,80.1500015258789,78.0,78.08999633789062,67.84928131103516,8118400
2020-05-20,QCOM,Qualcomm,79.95999908447266,81.95999908447266,79.69000244140625,80.62999725341797,70.05619049072266,11379200
2020-05-21,QCOM,Qualcomm,79.47000122070312,80.08999633789062,77.87000274658203,78.0,67.77108001708984,8141500
2020-05-22,QCOM,Qualcomm,78.26000213623047,78.76000213623047,77.29000091552734,78.69999694824219,68.3792953491211,5530400
2020-05-26,QCOM,Qualcomm,80.19000244140625,80.56999969482422,77.77999877929688,78.0199966430664,67.78846740722656,10067300
2020-05-27,QCOM,Qualcomm,78.2699966430664,79.31999969482422,76.16000366210938,79.29000091552734,68.89192199707031,9125900
2020-05-28,QCOM,Qualcomm,80.23999786376953,81.4800033569336,77.7300033569336,78.11000061035156,67.86665344238281,11161700
2020-05-29,QCOM,Qualcomm,78.69999694824219,81.19999694824219,77.9000015258789,80.87999725341797,70.27339935302734,10558700
2020-06-01,QCOM,Qualcomm,79.88999938964844,80.4800033569336,79.23999786376953,79.7300033569336,69.27420806884766,6474800
2020-06-02,QCOM,Qualcomm,79.93000030517578,84.87999725341797,79.91000366210938,84.62999725341797,73.53160095214844,13255300
2020-06-03,QCOM,Qualcomm,84.94999694824219,85.94999694824219,83.62000274658203,84.11000061035156,73.64546203613281,13029300
2020-06-04,QCOM,Qualcomm,83.94999694824219,86.69999694824219,83.94999694824219,86.04000091552734,75.33534240722656,12109000
2020-06-05,QCOM,Qualcomm,88.0,89.4800033569336,87.81999969482422,88.55000305175781,77.53304290771484,11882100
2020-06-08,QCOM,Qualcomm,89.0,91.5,88.33999633789062,91.37000274658203,80.002197265625,9748300
2020-06-09,QCOM,Qualcomm,90.2300033569336,90.38999938964844,89.05999755859375,89.75,78.5837631225586,7327700
2020-06-10,QCOM,Qualcomm,90.25,92.13999938964844,90.02999877929688,91.01000213623047,79.6869888305664,9079700
2020-06-11,QCOM,Qualcomm,88.62000274658203,89.05999755859375,83.91000366210938,84.0199966430664,73.566650390625,15241700
2020-06-12,QCOM,Qualcomm,86.25,87.13999938964844,83.52999877929688,85.23999786376953,74.63485717773438,10113200
2020-06-15,QCOM,Qualcomm,83.66999816894531,86.56999969482422,83.0999984741211,86.38999938964844,75.64178466796875,9852600
2020-06-16,QCOM,Qualcomm,89.9000015258789,90.44000244140625,87.76000213623047,89.5199966430664,78.38236236572266,12639800
2020-06-17,QCOM,Qualcomm,90.68000030517578,91.08999633789062,89.30000305175781,89.94000244140625,78.75011444091797,7620300
2020-06-18,QCOM,Qualcomm,89.8499984741211,90.48999786376953,89.02999877929688,89.91999816894531,78.73258209228516,5709500
2020-06-19,QCOM,Qualcomm,89.87000274658203,90.25,87.54000091552734,88.80999755859375,77.76069641113281,23213800
2020-06-22,QCOM,Qualcomm,88.72000122070312,89.44000244140625,87.61000061035156,89.12999725341797,78.04087829589844,8028000
2020-06-23,QCOM,Qualcomm,90.13999938964844,90.61000061035156,89.11000061035156,89.3499984741211,78.23350524902344,7778700
2020-06-24,QCOM,Qualcomm,89.16999816894531,89.83000183105469,87.41999816894531,89.13999938964844,78.04963684082031,8208800
2020-06-25,QCOM,Qualcomm,88.69999694824219,89.45999908447266,87.31999969482422,88.95999908447266,77.89202880859375,7062600
2020-06-26,QCOM,Qualcomm,89.06999969482422,89.7300033569336,87.54000091552734,88.0199966430664,77.06897735595703,9126500
2020-06-29,QCOM,Qualcomm,88.20999908447266,89.1500015258789,86.68000030517578,89.01000213623047,77.93580627441406,5870400
2020-06-30,QCOM,Qualcomm,89.19999694824219,91.93000030517578,89.0,91.20999908447266,79.86209106445312,9378500
2020-07-01,QCOM,Qualcomm,91.01000213623047,91.30000305175781,89.58000183105469,89.77999877929688,78.61001586914062,6990600
2020-07-02,QCOM,Qualcomm,91.08999633789062,92.5,90.80000305175781,91.87000274658203,80.44000244140625,8317300
2020-07-06,QCOM,Qualcomm,93.20999908447266,93.75,92.0999984741211,92.91999816894531,81.35935974121094,6933100
2020-07-07,QCOM,Qualcomm,92.97000122070312,93.55000305175781,91.91000366210938,92.13999938964844,80.67640686035156,6722400
2020-07-08,QCOM,Qualcomm,93.2699966430664,93.5999984741211,92.33999633789062,93.52999877929688,81.89347076416016,6692700
2020-07-09,QCOM,Qualcomm,93.94999694824219,93.94999694824219,91.44000244140625,93.25,81.64830017089844,6287700
2020-07-10,QCOM,Qualcomm,93.0,93.5199966430664,91.55999755859375,92.51000213623047,81.0003662109375,5687600
2020-07-13,QCOM,Qualcomm,93.30000305175781,94.12999725341797,91.19999694824219,91.33000183105469,79.9671859741211,7606400
2020-07-14,QCOM,Qualcomm,90.86000061035156,92.62000274658203,89.19999694824219,92.37999725341797,80.88653564453125,6571000
2020-07-15,QCOM,Qualcomm,92.93000030517578,92.93000030517578,91.01000213623047,92.55000305175781,81.03538513183594,6154100
2020-07-16,QCOM,Qualcomm,91.26000213623047,91.75,90.68000030517578,91.19999694824219,79.85334777832031,6178700
2020-07-17,QCOM,Qualcomm,91.68000030517578,92.45999908447266,91.0,92.2300033569336,80.75519561767578,5985700
2020-07-20,QCOM,Qualcomm,92.19000244140625,93.2699966430664,91.30000305175781,93.16999816894531,81.57823944091797,5407500
2020-07-21,QCOM,Qualcomm,93.55000305175781,93.8499984741211,91.80999755859375,92.30999755859375,80.82523345947266,7098600
2020-07-22,QCOM,Qualcomm,92.73999786376953,93.29000091552734,91.66999816894531,92.5999984741211,81.07917785644531,4366400
2020-07-23,QCOM,Qualcomm,92.91000366210938,92.97000122070312,89.2300033569336,89.66999816894531,78.51374053955078,9438500
2020-07-24,QCOM,Qualcomm,89.20999908447266,90.29000091552734,87.51000213623047,88.88999938964844,77.83076477050781,9520000
2020-07-27,QCOM,Qualcomm,90.0199966430664,92.83999633789062,89.26000213623047,92.69999694824219,81.16670227050781,8021700
2020-07-28,QCOM,Qualcomm,92.16999816894531,92.58999633789062,90.56999969482422,91.44999694824219,80.07222747802734,5818400
2020-07-29,QCOM,Qualcomm,92.08000183105469,93.62000274658203,91.73999786376953,93.02999877929688,81.45567321777344,11453000
2020-07-30,QCOM,Qualcomm,102.41999816894531,107.69000244140625,100.69999694824219,107.19000244140625,93.85394287109375,42122500
2020-07-31,QCOM,Qualcomm,105.66000366210938,107.75,104.51000213623047,105.61000061035156,92.47052001953125,16765100
2020-08-03,QCOM,Qualcomm,107.4000015258789,113.0,107.02999877929688,109.58999633789062,95.95536041259766,18899400
2020-08-04,QCOM,Qualcomm,109.48999786376953,111.0199966430664,108.66000366210938,110.94999694824219,97.1461410522461,10205400
2020-08-05,QCOM,Qualcomm,111.0,112.45999908447266,110.08000183105469,111.38999938964844,97.53143310546875,7967400
2020-08-06,QCOM,Qualcomm,111.2300033569336,111.36000061035156,109.93000030517578,111.05999755859375,97.24247741699219,6392200
2020-08-07,QCOM,Qualcomm,110.01000213623047,111.05000305175781,106.0,108.25,94.78205871582031,11155900
2020-08-10,QCOM,Qualcomm,108.5999984741211,108.98999786376953,105.72000122070312,106.36000061035156,93.12721252441406,10087100
2020-08-11,QCOM,Qualcomm,106.19999694824219,112.01000213623047,104.73999786376953,108.83000183105469,95.28990936279297,17803000
2020-08-12,QCOM,Qualcomm,110.38999938964844,116.25,109.6500015258789,115.79000091552734,101.38397216796875,18664700
2020-08-13,QCOM,Qualcomm,116.19999694824219,116.19999694824219,112.7699966430664,113.41000366210938,99.30009460449219,9958400
2020-08-14,QCOM,Qualcomm,113.30000305175781,114.5199966430664,112.56999969482422,113.73999786376953,99.58904266357422,6641000
2020-08-17,QCOM,Qualcomm,113.29000091552734,114.48999786376953,110.62999725341797,112.18000030517578,98.22310638427734,10283000
2020-08-18,QCOM,Qualcomm,112.91000366210938,113.37999725341797,111.5199966430664,112.02999877929688,98.0918197631836,6387000
2020-08-19,QCOM,Qualcomm,112.33000183105469,113.47000122070312,110.75,111.04000091552734,97.22496795654297,7747600
2020-08-20,QCOM,Qualcomm,110.0,110.9800033569336,109.66999816894531,110.66000366210938,96.89221954345703,7200300
2020-08-21,QCOM,Qualcomm,110.2300033569336,113.1500015258789,109.94999694824219,113.0,98.94110107421875,8546900
2020-08-24,QCOM,Qualcomm,114.37000274658203,116.0,113.2699966430664,115.91000366210938,101.48905181884766,10235000
2020-08-25,QCOM,Qualcomm,116.11000061035156,117.0999984741211,114.44000244140625,115.94999694824219,101.52408599853516,6208000
2020-08-26,QCOM,Qualcomm,116.25,116.55000305175781,115.16999816894531,116.04000091552734,101.6028823852539,7487400
2020-08-27,QCOM,Qualcomm,116.43000030517578,118.18000030517578,115.3499984741211,116.0199966430664,101.58536529541016,8206200
2020-08-28,QCOM,Qualcomm,116.70999908447266,118.26000213623047,116.16999816894531,118.19999694824219,103.49413299560547,6280300
2020-08-31,QCOM,Qualcomm,118.33000183105469,121.05999755859375,118.12000274658203,119.0999984741211,104.28219604492188,9694600
2020-09-01,QCOM,Qualcomm,121.08000183105469,122.56999969482422,119.51000213623047,122.01000213623047,106.83013153076172,9091900
2020-09-02,QCOM,Qualcomm,123.26000213623047,123.93000030517578,121.80999755859375,123.18000030517578,108.43220520019531,9167700
2020-09-03,QCOM,Qualcomm,121.30000305175781,121.70999908447266,115.5999984741211,116.43000030517578,102.49036407470703,13560800
2020-09-04,QCOM,Qualcomm,115.69000244140625,117.81999969482422,112.37999725341797,115.97000122070312,102.08544921875,11064300
2020-09-08,QCOM,Qualcomm,111.94000244140625,113.87999725341797,109.62000274658203,109.7699966430664,96.62774658203125,10245200
2020-09-09,QCOM,Qualcomm,113.4800033569336,115.7699966430664,112.30000305175781,114.0199966430664,100.368896484375,9708400
2020-09-10,QCOM,Qualcomm,115.1500015258789,115.80999755859375,111.56999969482422,112.44000244140625,98.97806549072266,6166300
2020-09-11,QCOM,Qualcomm,113.37999725341797,114.8499984741211,112.4000015258789,113.41999816894531,99.84073638916016,6740200
2020-09-14,QCOM,Qualcomm,115.23999786376953,115.43000030517578,112.6500015258789,113.45999908447266,99.8759536743164,5397300
2020-09-15,QCOM,Qualcomm,114.94000244140625,117.80999755859375,114.79000091552734,116.58000183105469,102.62242126464844,8773700
2020-09-16,QCOM,Qualcomm,118.0,118.0,114.54000091552734,114.55999755859375,100.84425354003906,6340100
2020-09-17,QCOM,Qualcomm,111.91999816894531,115.69999694824219,111.0,114.87999725341797,101.12593078613281,7418100
2020-09-18,QCOM,Qualcomm,115.04000091552734,115.43000030517578,109.80000305175781,110.69000244140625,97.43759155273438,15443200
2020-09-21,QCOM,Qualcomm,109.16000366210938,112.13999938964844,108.30000305175781,111.91999816894531,98.52033233642578,8197600
2020-09-22,QCOM,Qualcomm,112.61000061035156,114.25,110.41999816894531,113.81999969482422,100.1928482055664,6911200
2020-09-23,QCOM,Qualcomm,113.63999938964844,113.93000030517578,110.06999969482422,110.56999969482422,97.33196258544922,6553300
2020-09-24,QCOM,Qualcomm,109.38999938964844,113.29000091552734,109.23999786376953,112.19000244140625,98.75801086425781,6849000
2020-09-25,QCOM,Qualcomm,113.55000305175781,115.75,111.80000305175781,114.5,100.79143524169922,11718000
2020-09-28,QCOM,Qualcomm,115.95999908447266,118.73999786376953,114.91999816894531,118.47000122070312,104.28611755371094,9043600
2020-09-29,QCOM,Qualcomm,118.13999938964844,119.25,117.19999694824219,117.37999725341797,103.32662200927734,5655700
2020-09-30,QCOM,Qualcomm,117.5,119.26000213623047,116.91999816894531,117.68000030517578,103.59071350097656,5829700
2020-10-01,QCOM,Qualcomm,119.93000030517578,120.20999908447266,117.69999694824219,119.5199966430664,105.21040344238281,5316800
2020-10-02,QCOM,Qualcomm,116.77999877929688,118.66000366210938,115.43000030517578,115.47000122070312,101.64530944824219,5834300
2020-10-05,QCOM,Qualcomm,116.9000015258789,120.6500015258789,116.7300033569336,120.5199966430664,106.09068298339844,5835900
2020-10-06,QCOM,Qualcomm,120.44999694824219,122.5199966430664,119.0999984741211,119.54000091552734,105.22801971435547,7637000
2020-10-07,QCOM,Qualcomm,121.23999786376953,123.36000061035156,120.6500015258789,123.02999877929688,108.30017852783203,7410300
2020-10-08,QCOM,Qualcomm,124.0,124.43000030517578,121.83999633789062,122.33999633789062,107.69276428222656,4757500
2020-10-09,QCOM,Qualcomm,123.93000030517578,125.88999938964844,122.79000091552734,124.87000274658203,109.91988372802734,11073400
2020-10-12,QCOM,Qualcomm,127.69999694824219,127.69999694824219,124.94999694824219,126.69000244140625,111.52198028564453,7893800
2020-10-13,QCOM,Qualcomm,127.47000122070312,128.17999267578125,125.4000015258789,127.45999908447266,112.19979095458984,7605700
2020-10-14,QCOM,Qualcomm,129.0800018310547,132.4199981689453,128.92999267578125,129.8800048828125,114.3300552368164,13177100
2020-10-15,QCOM,Qualcomm,127.30000305175781,129.13999938964844,126.6500015258789,128.5800018310547,113.18571472167969,7376600
2020-10-16,QCOM,Qualcomm,129.6999969482422,130.19000244140625,127.73999786376953,129.02999877929688,113.58182525634766,6625400
2020-10-19,QCOM,Qualcomm,130.1300048828125,131.9600067138672,127.69999694824219,128.4199981689453,113.04485321044922,5765800
2020-10-20,QCOM,Qualcomm,129.17999267578125,129.3300018310547,127.51000213623047,128.3000030517578,112.939208984375,4409800
2020-10-21,QCOM,Qualcomm,128.0399932861328,130.4199981689453,126.37000274658203,128.5500030517578,113.15928649902344,4344000
2020-10-22,QCOM,Qualcomm,129.50999450683594,129.58999633789062,126.86000061035156,128.3800048828125,113.0096435546875,3895100
2020-10-23,QCOM,Qualcomm,128.58999633789062,129.10000610351562,127.0999984741211,128.8800048828125,113.44979095458984,3943100
2020-10-26,QCOM,Qualcomm,127.52999877929688,128.6699981689453,124.4000015258789,126.19999694824219,111.09064483642578,6065900
2020-10-27,QCOM,Qualcomm,126.51000213623047,126.95999908447266,125.19000244140625,125.91000366210938,110.83538818359375,5825500
2020-10-28,QCOM,Qualcomm,123.5,123.81999969482422,121.05000305175781,121.58000183105469,107.0237808227539,8234800
2020-10-29,QCOM,Qualcomm,122.05999755859375,127.69000244140625,121.88999938964844,126.44000244140625,111.30191040039062,7053300
2020-10-30,QCOM,Qualcomm,123.68000030517578,125.25,121.5999984741211,123.36000061035156,108.59066009521484,7811200
2020-11-02,QCOM,Qualcomm,124.5,126.16999816894531,122.41000366210938,123.97000122070312,109.12763977050781,5860300
2020-11-03,QCOM,Qualcomm,125.44000244140625,126.91999816894531,124.69000244140625,125.44999694824219,110.4304428100586,5832800
2020-11-04,QCOM,Qualcomm,129.32000732421875,129.57000732421875,126.06999969482422,128.97000122070312,113.52899932861328,12608900
2020-11-05,QCOM,Qualcomm,145.82000732421875,148.8000030517578,141.8300018310547,145.41000366210938,128.00071716308594,27910900
2020-11-06,QCOM,Qualcomm,146.00999450683594,146.22999572753906,143.9600067138672,145.00999450683594,127.64862823486328,7278500
2020-11-09,QCOM,Qualcomm,149.41000366210938,149.41000366210938,142.44000244140625,142.61000061035156,125.53593444824219,10666300
2020-11-10,QCOM,Qualcomm,140.14999389648438,143.1699981689453,138.52999877929688,140.11000061035156,123.33526611328125,12019900
2020-11-11,QCOM,Qualcomm,144.5,148.08999633789062,144.0,147.69000244140625,130.0077362060547,10222700
2020-11-12,QCOM,Qualcomm,147.57000732421875,148.50999450683594,143.07000732421875,143.91000366210938,126.68032836914062,8580700
2020-11-13,QCOM,Qualcomm,145.5399932861328,146.25,143.22999572753906,144.25999450683594,126.9884033203125,5899200
2020-11-16,QCOM,Qualcomm,145.1999969482422,149.25,144.5500030517578,149.07000732421875,131.22251892089844,7598500
2020-11-17,QCOM,Qualcomm,149.02000427246094,149.85000610351562,147.17999267578125,148.74000549316406,130.93202209472656,7438600
2020-11-18,QCOM,Qualcomm,149.24000549316406,153.3300018310547,146.91000366210938,147.0500030517578,129.44439697265625,12124500
2020-11-19,QCOM,Qualcomm,146.55999755859375,149.3000030517578,145.4600067138672,147.52999877929688,129.86688232421875,7743700
2020-11-20,QCOM,Qualcomm,148.27999877929688,149.10000610351562,145.94000244140625,146.02999877929688,128.5465087890625,5551900
2020-11-23,QCOM,Qualcomm,142.35000610351562,147.0,141.8800048828125,143.82000732421875,126.60111236572266,11649400
2020-11-24,QCOM,Qualcomm,143.38999938964844,146.3300018310547,141.11000061035156,145.92999267578125,128.4584503173828,10800800
2020-11-25,QCOM,Qualcomm,145.9499969482422,147.49000549316406,144.0399932861328,144.0800018310547,126.82994842529297,6398900
2020-11-27,QCOM,Qualcomm,145.49000549316406,146.42999267578125,143.6999969482422,143.8300018310547,126.60990142822266,3878000
2020-11-30,QCOM,Qualcomm,144.6300048828125,147.2899932861328,144.0500030517578,147.1699981689453,129.5500030517578,8712500
2020-12-01,QCOM,Qualcomm,148.7899932861328,152.38999938964844,147.7899932861328,151.25999450683594,133.15029907226562,11906100
2020-12-02,QCOM,Qualcomm,150.50999450683594,151.49000549316406,149.6199951171875,149.97999572753906,132.5933380126953,7800300
2020-12-03,QCOM,Qualcomm,151.0399932861328,152.77000427246094,149.63999938964844,149.91000366210938,132.531494140625,6355300
2020-12-04,QCOM,Qualcomm,150.3000030517578,158.08999633789062,150.0,157.6199951171875,139.34767150878906,12759900
2020-12-07,QCOM,Qualcomm,158.5500030517578,158.97000122070312,156.7100067138672,158.02000427246094,139.70132446289062,7009300
2020-12-08,QCOM,Qualcomm,157.4600067138672,159.2899932861328,155.8699951171875,158.8000030517578,140.39089965820312,6088300
2020-12-09,QCOM,Qualcomm,158.60000610351562,161.07000732421875,155.5500030517578,156.02000427246094,137.9331817626953,7947200
2020-12-10,QCOM,Qualcomm,154.4199981689453,157.85000610351562,152.72999572753906,155.75,137.69447326660156,7522200
2020-12-11,QCOM,Qualcomm,149.24000549316406,150.27000427246094,141.88999938964844,144.27999877929688,127.55413055419922,25923100
2020-12-14,QCOM,Qualcomm,144.89999389648438,147.75,143.3300018310547,146.2899932861328,129.33108520507812,12258500
2020-12-15,QCOM,Qualcomm,149.3699951171875,149.9199981689453,147.10000610351562,148.36000061035156,131.1611785888672,6616400
2020-12-16,QCOM,Qualcomm,149.13999938964844,150.44000244140625,146.7100067138672,149.74000549316406,132.38116455078125,6610900
2020-12-17,QCOM,Qualcomm,150.8699951171875,151.22999572753906,148.3800048828125,149.52999877929688,132.19552612304688,7039000
2020-12-18,QCOM,Qualcomm,150.7899932861328,150.7899932861328,146.1199951171875,147.4199981689453,130.33013916015625,13288300
2020-12-21,QCOM,Qualcomm,145.00999450683594,147.36000061035156,144.41000366210938,146.8000030517578,129.78201293945312,7024600
2020-12-22,QCOM,Qualcomm,146.61000061035156,147.02999877929688,144.72000122070312,146.33999633789062,129.37535095214844,5751500
2020-12-23,QCOM,Qualcomm,147.6300048828125,151.5399932861328,146.8699951171875,146.9600067138672,129.92344665527344,5186700
2020-12-24,QCOM,Qualcomm,147.8000030517578,148.89999389648438,147.1999969482422,148.7899932861328,131.54129028320312,2120200
2020-12-28,QCOM,Qualcomm,150.6199951171875,151.07000732421875,147.44000244140625,147.74000549316406,130.613037109375,4576600
2020-12-29,QCOM,Qualcomm,148.97000122070312,148.99000549316406,147.02999877929688,148.49000549316406,131.27609252929688,3543800
2020-12-30,QCOM,Qualcomm,149.1199951171875,151.61000061035156,148.9199981689453,149.9499969482422,132.5668182373047,3965600
2020-12-31,QCOM,Qualcomm,150.32000732421875,152.55999755859375,150.10000610351562,152.33999633789062,134.67977905273438,4941700
2021-01-04,QCOM,Qualcomm,153.00999450683594,155.14999389648438,147.13999938964844,148.5,131.28492736816406,9827000
2021-01-05,QCOM,Qualcomm,148.64999389648438,152.6999969482422,148.5,152.42999267578125,134.7593231201172,8507200
2021-01-06,QCOM,Qualcomm,151.52999877929688,153.8699951171875,149.47000122070312,151.19000244140625,133.66310119628906,7174600
2021-01-07,QCOM,Qualcomm,152.3300018310547,156.4199981689453,152.25999450683594,155.6999969482422,137.6502685546875,8482300
2021-01-08,QCOM,Qualcomm,157.22999572753906,157.52999877929688,154.5399932861328,156.63999938964844,138.48126220703125,6252400
2021-01-11,QCOM,Qualcomm,156.10000610351562,158.1300048828125,154.9199981689453,156.11000061035156,138.01271057128906,5147800
2021-01-12,QCOM,Qualcomm,156.63999938964844,156.8699951171875,153.9600067138672,154.4499969482422,136.54518127441406,4385700
2021-01-13,QCOM,Qualcomm,155.19000244140625,157.92999267578125,153.64999389648438,157.4199981689453,139.17086791992188,5479900
2021-01-14,QCOM,Qualcomm,159.39999389648438,163.17999267578125,158.5,160.85000610351562,142.20321655273438,10102400
2021-01-15,QCOM,Qualcomm,160.77000427246094,160.86000061035156,156.8800048828125,157.08999633789062,138.87911987304688,8607400
2021-01-19,QCOM,Qualcomm,158.94000244140625,164.10000610351562,158.4499969482422,163.77000427246094,144.78475952148438,8209000
2021-01-20,QCOM,Qualcomm,164.72000122070312,167.94000244140625,164.44000244140625,164.60000610351562,145.51852416992188,7943300
2021-01-21,QCOM,Qualcomm,165.80999755859375,166.49000549316406,163.33999633789062,164.75,145.65113830566406,6295700
2021-01-22,QCOM,Qualcomm,164.0,164.27000427246094,161.52000427246094,162.4199981689453,143.59124755859375,5062300
2021-01-25,QCOM,Qualcomm,164.32000732421875,167.0500030517578,161.72999572753906,164.39999389648438,145.34170532226562,5370800
2021-01-26,QCOM,Qualcomm,164.1999969482422,164.64999389648438,160.91000366210938,162.5500030517578,143.70620727539062,6554200
2021-01-27,QCOM,Qualcomm,158.49000549316406,160.72999572753906,152.69000244140625,153.6699981689453,135.8555908203125,9854000
2021-01-28,QCOM,Qualcomm,156.27999877929688,158.97000122070312,153.11000061035156,155.5500030517578,137.5176239013672,8087400
2021-01-29,QCOM,Qualcomm,160.25,160.63999938964844,154.75,156.27999877929688,138.16302490234375,9502100
2021-02-01,QCOM,Qualcomm,157.3699951171875,162.39999389648438,156.49000549316406,161.5800018310547,142.8485870361328,8265100
2021-02-02,QCOM,Qualcomm,164.50999450683594,165.3800048828125,161.3000030517578,164.77999877929688,145.67764282226562,6926500
2021-02-03,QCOM,Qualcomm,167.5800018310547,167.5800018310547,161.8000030517578,162.3000030517578,143.48516845703125,14156700
2021-02-04,QCOM,Qualcomm,150.17999267578125,151.77999877929688,145.1999969482422,147.97000122070312,130.8163604736328,46141800
2021-02-05,QCOM,Qualcomm,148.85000610351562,148.89999389648438,144.6199951171875,145.83999633789062,128.93333435058594,24695400
2021-02-08,QCOM,Qualcomm,147.10000610351562,147.60000610351562,145.3000030517578,147.3800048828125,130.29476928710938,12181600
2021-02-09,QCOM,Qualcomm,147.5500030517578,148.5,145.89999389648438,146.11000061035156,129.17198181152344,11681300
2021-02-10,QCOM,Qualcomm,147.6199951171875,147.75,144.3699951171875,145.5,128.63272094726562,11701300
2021-02-11,QCOM,Qualcomm,145.77999877929688,146.57000732421875,143.52999877929688,145.55999755859375,128.6857452392578,11600200
2021-02-12,QCOM,Qualcomm,145.57000732421875,151.39999389648438,144.8699951171875,147.97999572753906,130.82518005371094,9155200
2021-02-16,QCOM,Qualcomm,149.0,149.74000549316406,146.05999755859375,147.16000366210938,130.1002960205078,10211900
2021-02-17,QCOM,Qualcomm,145.82000732421875,146.88999938964844,143.4199981689453,144.75,127.9696273803711,11937200
2021-02-18,QCOM,Qualcomm,143.5399932861328,144.6999969482422,142.9600067138672,143.91000366210938,127.22706604003906,8404400
2021-02-19,QCOM,Qualcomm,144.77999877929688,145.85000610351562,143.49000549316406,144.94000244140625,128.1376190185547,10012500
2021-02-22,QCOM,Qualcomm,142.25,144.1199951171875,139.0800018310547,139.4600067138672,123.29292297363281,12763900
2021-02-23,QCOM,Qualcomm,136.3800048828125,138.47999572753906,134.44000244140625,137.1199951171875,121.22416687011719,14425300
2021-02-24,QCOM,Qualcomm,136.39999389648438,141.17999267578125,135.08999633789062,141.10000610351562,124.74279022216797,13146200
2021-02-25,QCOM,Qualcomm,139.55999755859375,140.8300018310547,135.02000427246094,135.52999877929688,119.8185043334961,12701100
2021-02-26,QCOM,Qualcomm,136.75999450683594,138.14999389648438,134.6999969482422,136.19000244140625,120.40200805664062,11772600
2021-03-01,QCOM,Qualcomm,137.5,139.6300048828125,136.4600067138672,139.49000549316406,123.31942749023438,9421400
2021-03-02,QCOM,Qualcomm,140.0,140.10000610351562,136.77000427246094,137.0399932861328,121.15345001220703,8693200
2021-03-03,QCOM,Qualcomm,135.60000610351562,136.17999267578125,131.5399932861328,131.66000366210938,116.95186614990234,14862700
2021-03-04,QCOM,Qualcomm,132.35000610351562,134.1999969482422,126.58000183105469,127.80000305175781,113.52306365966797,15831100
2021-03-05,QCOM,Qualcomm,130.9199981689453,131.1699981689453,125.4000015258789,129.75,115.2552490234375,13292000
2021-03-08,QCOM,Qualcomm,129.0,129.77000427246094,122.98999786376953,123.19999694824219,109.43695831298828,15256100
2021-03-09,QCOM,Qualcomm,127.38999938964844,129.9199981689453,126.33000183105469,129.11000061035156,114.68673706054688,13130200
2021-03-10,QCOM,Qualcomm,130.6699981689453,131.10000610351562,127.63999938964844,127.87000274658203,113.58525085449219,12492300
2021-03-11,QCOM,Qualcomm,131.00999450683594,133.24000549316406,130.00999450683594,131.74000549316406,117.02291870117188,11920200
2021-03-12,QCOM,Qualcomm,129.89999389648438,130.3300018310547,127.62000274658203,129.97999572753906,115.45951080322266,9365700
2021-03-15,QCOM,Qualcomm,130.05999755859375,131.75999450683594,129.1199951171875,131.63999938964844,116.93408203125,7807200
2021-03-16,QCOM,Qualcomm,132.88999938964844,135.44000244140625,132.2899932861328,133.64999389648438,118.71955871582031,10434700
2021-03-17,QCOM,Qualcomm,131.30999755859375,135.60000610351562,129.67999267578125,133.9199981689453,118.95938110351562,10781500
2021-03-18,QCOM,Qualcomm,132.44000244140625,133.60000610351562,129.66000366210938,129.75,115.2552490234375,9579000
2021-03-19,QCOM,Qualcomm,129.7899932861328,132.47999572753906,129.1699981689453,131.02000427246094,116.38335418701172,17599900
2021-03-22,QCOM,Qualcomm,132.9600067138672,135.5500030517578,132.60000610351562,134.08999633789062,119.11038208007812,9036900
2021-03-23,QCOM,Qualcomm,134.0,134.35000610351562,131.41000366210938,132.52000427246094,117.71578979492188,7425700
2021-03-24,QCOM,Qualcomm,132.99000549316406,133.05999755859375,127.11000061035156,127.18000030517578,112.97232818603516,10962300
2021-03-25,QCOM,Qualcomm,126.66000366210938,127.63999938964844,124.38999938964844,127.27999877929688,113.0611572265625,10460800
2021-03-26,QCOM,Qualcomm,127.05999755859375,133.35000610351562,127.04000091552734,132.99000549316406,118.1332778930664,11071600
2021-03-29,QCOM,Qualcomm,132.5399932861328,133.33999633789062,129.77000427246094,131.27000427246094,116.60543060302734,9750100
2021-03-30,QCOM,Qualcomm,130.1699981689453,131.24000549316406,129.07000732421875,130.11000061035156,115.57501220703125,7097300
2021-03-31,QCOM,Qualcomm,130.9600067138672,133.52000427246094,130.57000732421875,132.58999633789062,117.77796173095703,8361300
2021-04-01,QCOM,Qualcomm,134.5,138.42999267578125,133.60000610351562,137.7899932861328,122.39704132080078,14069600
2021-04-05,QCOM,Qualcomm,139.0399932861328,140.5,138.22999572753906,140.3300018310547,124.6532974243164,12562800
2021-04-06,QCOM,Qualcomm,139.85000610351562,140.22999572753906,137.63999938964844,138.05999755859375,122.63691711425781,9100000
2021-04-07,QCOM,Qualcomm,138.3300018310547,139.9499969482422,137.39999389648438,139.42999267578125,123.85384368896484,6958500
2021-04-08,QCOM,Qualcomm,140.0,140.3699951171875,138.80999755859375,140.33999633789062,124.66215515136719,7304900
2021-04-09,QCOM,Qualcomm,139.89999389648438,140.67999267578125,138.8800048828125,140.57000732421875,124.86652374267578,6033200
2021-04-12,QCOM,Qualcomm,138.86000061035156,139.88999938964844,136.0500030517578,137.44000244140625,122.0861587524414,10355500
2021-04-13,QCOM,Qualcomm,138.3800048828125,138.77000427246094,135.75,137.3000030517578,121.96180725097656,9225200
2021-04-14,QCOM,Qualcomm,137.0800018310547,137.83999633789062,133.91000366210938,134.75,119.69666290283203,9967800
2021-04-15,QCOM,Qualcomm,136.0,137.99000549316406,135.57000732421875,137.83999633789062,122.44144439697266,11733200
2021-04-16,QCOM,Qualcomm,137.6199951171875,139.00999450683594,136.64999389648438,138.2100067138672,122.77013397216797,6583900
2021-04-19,QCOM,Qualcomm,136.89999389648438,137.0500030517578,134.08999633789062,135.25,120.14080047607422,8728900
2021-04-20,QCOM,Qualcomm,134.5500030517578,134.77999877929688,132.7899932861328,133.39999389648438,118.49744415283203,7473700
2021-04-21,QCOM,Qualcomm,132.82000732421875,136.3699951171875,132.5,136.19000244140625,120.97582244873047,7237900
2021-04-22,QCOM,Qualcomm,135.3699951171875,135.9600067138672,132.47000122070312,132.97000122070312,118.11551666259766,8345100
2021-04-23,QCOM,Qualcomm,133.74000549316406,136.11000061035156,133.5399932861328,135.42999267578125,120.3006820678711,7666600
2021-04-26,QCOM,Qualcomm,135.3300018310547,139.69000244140625,135.1199951171875,138.9600067138672,123.43635559082031,9715400
2021-04-27,QCOM,Qualcomm,138.7100067138672,139.3800048828125,136.97999572753906,138.00999450683594,122.59244537353516,9284500
2021-04-28,QCOM,Qualcomm,138.1699981689453,138.27000427246094,135.75,136.57000732421875,121.31332397460938,13118100
2021-04-29,QCOM,Qualcomm,145.00999450683594,145.3000030517578,140.6699981689453,142.67999267578125,126.74076080322266,20502100
2021-04-30,QCOM,Qualcomm,141.07000732421875,142.08999633789062,138.25999450683594,138.8000030517578,123.2942123413086,11374600
2021-05-03,QCOM,Qualcomm,139.6999969482422,139.75999450683594,136.8699951171875,137.42999267578125,122.07725524902344,7920300
2021-05-04,QCOM,Qualcomm,136.0,136.0,132.4199981689453,134.1199951171875,119.13700866699219,11996300
2021-05-05,QCOM,Qualcomm,136.0800018310547,136.4499969482422,134.11000061035156,134.64999389648438,119.60782623291016,6285500
2021-05-06,QCOM,Qualcomm,134.49000549316406,136.5399932861328,133.10000610351562,136.0,120.80701446533203,8352500
2021-05-07,QCOM,Qualcomm,136.94000244140625,138.69000244140625,136.2899932861328,137.85000610351562,122.45035552978516,6893700
2021-05-10,QCOM,Qualcomm,136.02000427246094,136.67999267578125,128.82000732421875,128.94000244140625,114.53572082519531,19537200
2021-05-11,QCOM,Qualcomm,125.25,128.55999755859375,124.7699966430664,128.3699951171875,114.02940368652344,11948000
2021-05-12,QCOM,Qualcomm,126.02999877929688,127.12999725341797,123.68000030517578,124.62000274658203,110.69831848144531,13529600
2021-05-13,QCOM,Qualcomm,127.12000274658203,128.47999572753906,125.87000274658203,127.11000061035156,112.9101791381836,10633000
2021-05-14,QCOM,Qualcomm,128.6300048828125,131.4199981689453,127.80999755859375,130.14999389648438,115.61054229736328,9391100
2021-05-17,QCOM,Qualcomm,129.2899932861328,129.8300018310547,127.70999908447266,129.8000030517578,115.29963684082031,5917400
2021-05-18,QCOM,Qualcomm,130.63999938964844,131.24000549316406,128.7899932861328,128.91000366210938,114.50904083251953,8651100
2021-05-19,QCOM,Qualcomm,127.19000244140625,130.8300018310547,126.44999694824219,130.66000366210938,116.0635757446289,8112900
2021-05-20,QCOM,Qualcomm,131.52999877929688,133.27999877929688,131.4600067138672,132.63999938964844,117.82238006591797,9208400
2021-05-21,QCOM,Qualcomm,132.13999938964844,132.69000244140625,130.49000549316406,131.4600067138672,116.77422332763672,8674000
2021-05-24,QCOM,Qualcomm,131.3300018310547,134.0,131.3300018310547,132.91000366210938,118.06221008300781,8229300
2021-05-25,QCOM,Qualcomm,133.5399932861328,134.3000030517578,132.8000030517578,133.75,118.8083724975586,7271400
2021-05-26,QCOM,Qualcomm,133.8699951171875,134.52000427246094,132.22000122070312,133.08999633789062,118.22209167480469,6663300
2021-05-27,QCOM,Qualcomm,132.72999572753906,134.63999938964844,132.7100067138672,133.63999938964844,118.71065521240234,7379300
2021-05-28,QCOM,Qualcomm,134.14999389648438,135.63999938964844,133.9499969482422,134.5399932861328,119.51007843017578,7042200
2021-06-01,QCOM,Qualcomm,135.10000610351562,136.07000732421875,133.52999877929688,133.94000244140625,118.97716522216797,7059600
2021-06-02,QCOM,Qualcomm,133.17999267578125,134.72999572753906,132.47000122070312,133.82000732421875,119.47711181640625,6026000
2021-06-03,QCOM,Qualcomm,132.64999389648438,133.38999938964844,131.4199981689453,131.77999877929688,117.65576171875,6644000
2021-06-04,QCOM,Qualcomm,132.52999877929688,135.0500030517578,132.1999969482422,134.33999633789062,119.94141387939453,7416700
2021-06-07,QCOM,Qualcomm,133.6999969482422,133.77000427246094,132.63999938964844,133.32000732421875,119.03072357177734,5563300
2021-06-08,QCOM,Qualcomm,134.05999755859375,135.38999938964844,133.0,134.1999969482422,119.8163833618164,9657900
2021-06-09,QCOM,Qualcomm,135.10000610351562,135.35000610351562,132.7899932861328,132.88999938964844,118.64678955078125,6717200
2021-06-10,QCOM,Qualcomm,133.0500030517578,135.10000610351562,132.5800018310547,134.22000122070312,119.83426666259766,5522300
2021-06-11,QCOM,Qualcomm,133.8000030517578,134.64999389648438,133.64999389648438,134.6199951171875,120.19136810302734,6529900
2021-06-14,QCOM,Qualcomm,135.1999969482422,137.30999755859375,134.7899932861328,137.30999755859375,122.59307098388672,7912600
2021-06-15,QCOM,Qualcomm,137.13999938964844,137.3800048828125,135.22999572753906,135.5800018310547,121.04847717285156,5723600
2021-06-16,QCOM,Qualcomm,136.47000122070312,137.0500030517578,133.66000366210938,134.9499969482422,120.48601531982422,7404700
2021-06-17,QCOM,Qualcomm,134.30999755859375,136.6199951171875,134.08999633789062,135.35000610351562,120.8431167602539,6618300
2021-06-18,QCOM,Qualcomm,134.5500030517578,134.5800018310547,132.24000549316406,133.0,118.7450180053711,12753600
2021-06-21,QCOM,Qualcomm,133.0500030517578,135.10000610351562,132.66000366210938,133.9600067138672,119.60213470458984,6371400
2021-06-22,QCOM,Qualcomm,134.22000122070312,135.30999755859375,133.2899932861328,135.0800018310547,120.60206604003906,5976400
2021-06-23,QCOM,Qualcomm,134.88999938964844,136.22999572753906,134.80999755859375,135.52000427246094,120.99494934082031,6613800
2021-06-24,QCOM,Qualcomm,136.6199951171875,138.50999450683594,136.35000610351562,137.9199981689453,123.13770294189453,7941700
2021-06-25,QCOM,Qualcomm,138.4499969482422,139.47000122070312,136.97000122070312,137.64999389648438,122.89661407470703,7949200
2021-06-28,QCOM,Qualcomm,138.22999572753906,140.1699981689453,137.97999572753906,139.72000122070312,124.7447738647461,6645500
2021-06-29,QCOM,Qualcomm,139.6300048828125,142.9499969482422,139.25,142.6199951171875,127.33392333984375,6885400
2021-06-30,QCOM,Qualcomm,142.35000610351562,143.6300048828125,141.83999633789062,142.92999267578125,127.61070251464844,6449700
2021-07-01,QCOM,Qualcomm,142.91000366210938,143.02000427246094,140.35000610351562,140.8000030517578,125.7090072631836,6094100
2021-07-02,QCOM,Qualcomm,141.99000549316406,142.67999267578125,141.25,142.5800018310547,127.29817962646484,5399100
2021-07-06,QCOM,Qualcomm,143.0,143.17999267578125,139.67999267578125,141.19000244140625,126.05723571777344,7095200
2021-07-07,QCOM,Qualcomm,142.24000549316406,142.36000061035156,139.05999755859375,139.97000122070312,124.96798706054688,5034900
2021-07-08,QCOM,Qualcomm,137.72000122070312,138.8699951171875,135.60000610351562,138.2899932861328,123.468017578125,7501100
2021-07-09,QCOM,Qualcomm,137.88999938964844,141.72999572753906,137.80999755859375,141.42999267578125,126.27146911621094,7356800
2021-07-12,QCOM,Qualcomm,141.39999389648438,143.02000427246094,141.1999969482422,142.47000122070312,127.20001983642578,6786500
2021-07-13,QCOM,Qualcomm,142.44000244140625,142.66000366210938,140.4199981689453,141.17999267578125,126.04825592041016,5657600
2021-07-14,QCOM,Qualcomm,143.5,146.33999633789062,142.5,143.75,128.34283447265625,11305700
2021-07-15,QCOM,Qualcomm,144.1199951171875,144.13999938964844,140.72000122070312,141.4600067138672,126.29826354980469,6667400
2021-07-16,QCOM,Qualcomm,141.8699951171875,142.50999450683594,139.52999877929688,139.7100067138672,124.73584747314453,5914300
2021-07-19,QCOM,Qualcomm,138.32000732421875,138.89999389648438,136.80999755859375,138.7899932861328,123.9144287109375,9371300
2021-07-20,QCOM,Qualcomm,139.02000427246094,140.4199981689453,137.1999969482422,139.5500030517578,124.59300231933594,6020400
2021-07-21,QCOM,Qualcomm,139.64999389648438,142.22000122070312,139.64999389648438,142.1699981689453,126.93215942382812,6161900
2021-07-22,QCOM,Qualcomm,142.0,142.85000610351562,141.5,142.44000244140625,127.17322540283203,3862600
2021-07-23,QCOM,Qualcomm,143.4499969482422,144.99000549316406,142.02999877929688,144.8800048828125,129.3517303466797,6310400
2021-07-26,QCOM,Qualcomm,143.9499969482422,144.3800048828125,142.24000549316406,143.5,128.11959838867188,6253900
2021-07-27,QCOM,Qualcomm,142.49000549316406,143.0,138.2100067138672,140.92999267578125,125.82508087158203,7575800
2021-07-28,QCOM,Qualcomm,141.27000427246094,142.91000366210938,140.13999938964844,142.44000244140625,127.17322540283203,9303400
2021-07-29,QCOM,Qualcomm,146.5,151.52000427246094,146.41000366210938,150.99000549316406,134.80682373046875,19446900
2021-07-30,QCOM,Qualcomm,149.1999969482422,150.41000366210938,148.36000061035156,149.8000030517578,133.74440002441406,8404800
2021-08-02,QCOM,Qualcomm,150.0,152.27999877929688,148.2100067138672,148.86000061035156,132.9051055908203,10823800
2021-08-03,QCOM,Qualcomm,148.91000366210938,149.5800018310547,146.55999755859375,147.9499969482422,132.0926513671875,6223400
2021-08-04,QCOM,Qualcomm,148.02000427246094,149.1999969482422,147.3300018310547,148.22000122070312,132.333740234375,5556400
2021-08-05,QCOM,Qualcomm,147.24000549316406,147.47000122070312,144.57000732421875,146.8300018310547,131.09268188476562,7169200
2021-08-06,QCOM,Qualcomm,146.1300048828125,148.22999572753906,145.9199981689453,146.27999877929688,130.60166931152344,5733300
2021-08-09,QCOM,Qualcomm,146.7899932861328,147.72000122070312,145.75,146.9199981689453,131.1730499267578,4966600
2021-08-10,QCOM,Qualcomm,147.32000732421875,147.5,142.39999389648438,145.8699951171875,130.23561096191406,4197100
2021-08-11,QCOM,Qualcomm,146.05999755859375,146.7899932861328,144.39999389648438,146.67999267578125,130.9587860107422,6216000
2021-08-12,QCOM,Qualcomm,147.75999450683594,148.0,146.38999938964844,147.14999389648438,131.37840270996094,5777700
2021-08-13,QCOM,Qualcomm,147.0,149.30999755859375,146.92999267578125,148.63999938964844,132.708740234375,5764000
2021-08-16,QCOM,Qualcomm,148.39999389648438,149.0800018310547,146.72000122070312,148.1300048828125,132.2533721923828,4410800
2021-08-17,QCOM,Qualcomm,146.9499969482422,147.0,143.57000732421875,144.41000366210938,128.9320831298828,7256800
2021-08-18,QCOM,Qualcomm,143.83999633789062,144.66000366210938,141.97999572753906,142.17999267578125,126.94110107421875,6546500
2021-08-19,QCOM,Qualcomm,140.64999389648438,141.4499969482422,138.9600067138672,140.61000061035156,125.53936767578125,8661000
2021-08-20,QCOM,Qualcomm,140.61000061035156,142.25999450683594,140.3000030517578,142.08999633789062,126.86075592041016,6141000
2021-08-23,QCOM,Qualcomm,142.64999389648438,144.61000061035156,142.35000610351562,144.13999938964844,128.69102478027344,6936900
2021-08-24,QCOM,Qualcomm,144.58999633789062,145.58999633789062,143.83999633789062,144.4600067138672,128.9767303466797,7066800
2021-08-25,QCOM,Qualcomm,144.4600067138672,145.42999267578125,143.47000122070312,143.8699951171875,128.449951171875,5721600
2021-08-26,QCOM,Qualcomm,143.19000244140625,143.75999450683594,141.6199951171875,142.3800048828125,127.11963653564453,6825100
2021-08-27,QCOM,Qualcomm,142.1999969482422,144.9499969482422,141.9199981689453,144.85000610351562,129.32493591308594,6274500
2021-08-30,QCOM,Qualcomm,145.58999633789062,147.86000061035156,145.55999755859375,145.94000244140625,130.2981414794922,5263600
2021-08-31,QCOM,Qualcomm,146.8000030517578,147.52999877929688,144.55999755859375,146.69000244140625,130.9677276611328,7820500
2021-09-01,QCOM,Qualcomm,146.83999633789062,148.10000610351562,146.22000122070312,146.4499969482422,131.36239624023438,6451400
2021-09-02,QCOM,Qualcomm,146.6999969482422,146.88999938964844,144.50999450683594,145.1199951171875,130.16943359375,6006700
2021-09-03,QCOM,Qualcomm,145.1199951171875,145.99000549316406,144.22999572753906,144.6300048828125,129.72987365722656,5505800
2021-09-07,QCOM,Qualcomm,144.67999267578125,144.75999450683594,143.1199951171875,143.75,128.9405517578125,6361200
2021-09-08,QCOM,Qualcomm,143.36000061035156,143.6199951171875,141.49000549316406,142.52000427246094,127.8372573852539,5981300
2021-09-09,QCOM,Qualcomm,142.47000122070312,143.5399932861328,141.4499969482422,141.5800018310547,126.99409484863281,6190800
2021-09-10,QCOM,Qualcomm,143.1300048828125,146.0,142.5399932861328,142.67999267578125,127.98075866699219,6263300
2021-09-13,QCOM,Qualcomm,144.02000427246094,144.72999572753906,142.02999877929688,143.41000366210938,128.6355743408203,4312800
2021-09-14,QCOM,Qualcomm,144.47000122070312,144.80999755859375,140.6199951171875,141.13999938964844,126.59944152832031,6442100
2021-09-15,QCOM,Qualcomm,140.80999755859375,141.0,137.52000427246094,138.24000549316406,123.99821472167969,11289100
2021-09-16,QCOM,Qualcomm,137.32000732421875,138.9600067138672,137.32000732421875,138.39999389648438,124.14170837402344,6719900
2021-09-17,QCOM,Qualcomm,137.80999755859375,138.0,133.13999938964844,133.60000610351562,119.8362045288086,14550500
2021-09-20,QCOM,Qualcomm,131.47000122070312,133.1199951171875,130.61000061035156,132.75999450683594,119.08275604248047,9647100
2021-09-21,QCOM,Qualcomm,133.58999633789062,133.91000366210938,131.27999877929688,131.75,118.17681121826172,6175300
2021-09-22,QCOM,Qualcomm,132.58999633789062,133.49000549316406,131.97999572753906,133.00999450683594,119.3070068359375,5163000
2021-09-23,QCOM,Qualcomm,133.75,135.16000366210938,133.22000122070312,133.91000366210938,120.11428833007812,5918900
2021-09-24,QCOM,Qualcomm,133.11000061035156,134.5500030517578,132.8000030517578,133.8800048828125,120.08739471435547,4554600
2021-09-27,QCOM,Qualcomm,132.42999267578125,134.0399932861328,132.02000427246094,133.47999572753906,119.72856903076172,4319500
2021-09-28,QCOM,Qualcomm,131.75,132.74000549316406,129.6999969482422,129.89999389648438,116.51741790771484,8851700
2021-09-29,QCOM,Qualcomm,130.58999633789062,131.4499969482422,128.88999938964844,129.27999877929688,115.96128845214844,7037200
2021-09-30,QCOM,Qualcomm,130.35000610351562,131.0800018310547,128.6999969482422,128.97999572753906,115.69217681884766,6976800
2021-10-01,QCOM,Qualcomm,129.8000030517578,130.02000427246094,126.47000122070312,128.7100067138672,115.45000457763672,6863700
2021-10-04,QCOM,Qualcomm,128.9199981689453,129.7899932861328,125.91999816894531,126.68000030517578,113.62911987304688,8470300
2021-10-05,QCOM,Qualcomm,126.12999725341797,128.77000427246094,125.69000244140625,127.52999877929688,114.39156341552734,9244300
2021-10-06,QCOM,Qualcomm,126.55000305175781,128.27000427246094,126.06999969482422,128.05999755859375,114.86695098876953,8513700
2021-10-07,QCOM,Qualcomm,129.25999450683594,130.72000122070312,127.58999633789062,127.83999633789062,114.66960144042969,8010600
2021-10-08,QCOM,Qualcomm,128.58999633789062,128.58999633789062,126.20999908447266,126.55000305175781,113.51253509521484,6920500
2021-10-11,QCOM,Qualcomm,126.05999755859375,127.2300033569336,124.87999725341797,124.94000244140625,112.06838989257812,6288200
2021-10-12,QCOM,Qualcomm,125.37999725341797,125.47000122070312,122.16999816894531,122.94999694824219,110.28340148925781,10531500
2021-10-13,QCOM,Qualcomm,125.19999694824219,126.31999969482422,123.5199966430664,125.04000091552734,112.15809631347656,12373800
2021-10-14,QCOM,Qualcomm,126.16000366210938,129.3000030517578,125.98999786376953,128.66000366210938,115.40516662597656,10637900
2021-10-15,QCOM,Qualcomm,129.02000427246094,130.47999572753906,128.67999267578125,130.1999969482422,116.7864990234375,7609700
2021-10-18,QCOM,Qualcomm,129.32000732421875,130.27000427246094,128.24000549316406,130.1199951171875,116.7147216796875,5290000
2021-10-19,QCOM,Qualcomm,131.02000427246094,132.8000030517578,130.32000732421875,132.5,118.84954071044922,7330700
2021-10-20,QCOM,Qualcomm,132.5,133.00999450683594,131.25999450683594,132.16000366210938,118.5445785522461,4804100
2021-10-21,QCOM,Qualcomm,132.0,133.25999450683594,131.39999389648438,133.0500030517578,119.34288024902344,4579200
2021-10-22,QCOM,Qualcomm,132.89999389648438,133.69000244140625,131.42999267578125,131.6199951171875,118.06019592285156,5216200
2021-10-25,QCOM,Qualcomm,131.82000732421875,133.1699981689453,131.3000030517578,131.92999267578125,118.33824920654297,4876300
2021-10-26,QCOM,Qualcomm,132.89999389648438,133.7899932861328,131.07000732421875,131.94000244140625,118.34725189208984,5802200
2021-10-27,QCOM,Qualcomm,131.94000244140625,132.36000061035156,130.50999450683594,131.1999969482422,117.68347930908203,5090400
2021-10-28,QCOM,Qualcomm,131.99000549316406,133.8300018310547,131.8699951171875,133.69000244140625,119.91696166992188,5016700
2021-10-29,QCOM,Qualcomm,132.86000061035156,133.67999267578125,132.4499969482422,133.0399932861328,119.33392333984375,5251100
2021-11-01,QCOM,Qualcomm,132.44000244140625,134.8699951171875,132.44000244140625,134.80999755859375,120.92157745361328,6903000
2021-11-02,QCOM,Qualcomm,134.5500030517578,135.72999572753906,134.1199951171875,135.22999572753906,121.29830932617188,7321900
2021-11-03,QCOM,Qualcomm,135.75,138.85000610351562,135.0399932861328,138.47999572753906,124.21344757080078,13216000
2021-11-04,QCOM,Qualcomm,156.32000732421875,159.5800018310547,153.3000030517578,156.11000061035156,140.02719116210938,48321500
2021-11-05,QCOM,Qualcomm,157.07000732421875,168.5500030517578,155.91000366210938,163.02999877929688,146.23426818847656,27226600
2021-11-08,QCOM,Qualcomm,163.2100067138672,167.7100067138672,161.27999877929688,165.85000610351562,148.76373291015625,14541400
2021-11-09,QCOM,Qualcomm,166.50999450683594,169.52000427246094,164.3800048828125,166.74000549316406,149.5620880126953,12353900
2021-11-10,QCOM,Qualcomm,165.08999633789062,166.1199951171875,159.02999877929688,159.8000030517578,143.3370361328125,11327100
2021-11-11,QCOM,Qualcomm,161.8000030517578,165.55999755859375,161.38999938964844,164.4199981689453,147.48109436035156,7624200
2021-11-12,QCOM,Qualcomm,165.0,166.02000427246094,164.3300018310547,164.94000244140625,147.94749450683594,7371000
2021-11-15,QCOM,Qualcomm,166.5,169.94000244140625,165.80999755859375,168.50999450683594,151.1497344970703,12350200
2021-11-16,QCOM,Qualcomm,168.11000061035156,183.72999572753906,167.05999755859375,181.80999755859375,163.07952880859375,33338200
2021-11-17,QCOM,Qualcomm,180.7899932861328,186.3300018310547,178.6300048828125,183.5399932861328,164.6312713623047,21678900
2021-11-18,QCOM,Qualcomm,185.24000549316406,188.72000122070312,182.75,186.32000732421875,167.12484741210938,15542600
2021-11-19,QCOM,Qualcomm,184.69000244140625,186.60000610351562,182.3000030517578,185.0,165.94088745117188,11889100
2021-11-22,QCOM,Qualcomm,181.11000061035156,188.77000427246094,180.97999572753906,181.39999389648438,162.71176147460938,16062800
2021-11-23,QCOM,Qualcomm,180.33999633789062,181.3300018310547,177.02000427246094,180.94000244140625,162.2991485595703,10696200
2021-11-24,QCOM,Qualcomm,179.52000427246094,180.77999877929688,177.3300018310547,180.7100067138672,162.09280395507812,7886200
2021-11-26,QCOM,Qualcomm,175.6699981689453,180.25,175.05999755859375,175.74000549316406,157.6348876953125,7835900
2021-11-29,QCOM,Qualcomm,179.47999572753906,184.07000732421875,179.0,183.74000549316406,164.8107147216797,10440500
2021-11-30,QCOM,Qualcomm,183.22000122070312,186.80999755859375,180.33999633789062,180.55999755859375,161.9582977294922,19309200
2021-12-01,QCOM,Qualcomm,180.88999938964844,183.14999389648438,175.32000732421875,175.6300048828125,158.13172912597656,10637700
2021-12-02,QCOM,Qualcomm,172.08999633789062,177.88999938964844,171.2100067138672,177.02999877929688,159.39224243164062,13101400
2021-12-03,QCOM,Qualcomm,178.0399932861328,180.27000427246094,173.7100067138672,176.50999450683594,158.9240264892578,12111800
2021-12-06,QCOM,Qualcomm,176.8800048828125,176.97999572753906,172.27000427246094,175.4499969482422,157.9696807861328,8577500
2021-12-07,QCOM,Qualcomm,179.07000732421875,184.77999877929688,178.5,183.72000122070312,165.41574096679688,9910100
2021-12-08,QCOM,Qualcomm,183.00999450683594,183.72000122070312,180.77999877929688,182.6300048828125,164.4342803955078,4799400
2021-12-09,QCOM,Qualcomm,181.77000427246094,187.83999633789062,181.50999450683594,182.25999450683594,164.1011505126953,9398900
2021-12-10,QCOM,Qualcomm,185.5500030517578,185.5500030517578,181.14999389648438,183.8800048828125,165.55978393554688,6854800
2021-12-13,QCOM,Qualcomm,186.85000610351562,191.3000030517578,183.11000061035156,183.32000732421875,165.05555725097656,16346800
2021-12-14,QCOM,Qualcomm,181.1999969482422,183.89999389648438,179.41000366210938,181.97999572753906,163.84906005859375,8542800
2021-12-15,QCOM,Qualcomm,183.97000122070312,189.77999877929688,179.97999572753906,189.27999877929688,170.42176818847656,11082000
2021-12-16,QCOM,Qualcomm,190.3000030517578,192.67999267578125,176.11000061035156,178.14999389648438,160.40065002441406,14873000
2021-12-17,QCOM,Qualcomm,175.72999572753906,180.1199951171875,175.02000427246094,176.8000030517578,159.1851806640625,16232300
2021-12-20,QCOM,Qualcomm,174.2899932861328,177.0800018310547,173.4600067138672,176.6699981689453,159.0681610107422,6306400
2021-12-21,QCOM,Qualcomm,179.3800048828125,180.14999389648438,174.22000122070312,179.5800018310547,161.68820190429688,7702400
2021-12-22,QCOM,Qualcomm,179.0,181.52000427246094,177.6300048828125,181.3800048828125,163.30886840820312,5227200
2021-12-23,QCOM,Qualcomm,181.52999877929688,183.7100067138672,181.3800048828125,182.74000549316406,164.5333251953125,4918900
2021-12-27,QCOM,Qualcomm,183.2100067138672,186.41000366210938,183.02000427246094,186.3300018310547,167.7656707763672,4865900
2021-12-28,QCOM,Qualcomm,186.58999633789062,186.72999572753906,183.49000549316406,184.82000732421875,166.40611267089844,5399400
2021-12-29,QCOM,Qualcomm,184.67999267578125,187.38999938964844,184.55999755859375,186.1999969482422,167.64862060546875,5417200
2021-12-30,QCOM,Qualcomm,185.8800048828125,186.52000427246094,182.30999755859375,182.72999572753906,164.52432250976562,4108400
2021-12-31,QCOM,Qualcomm,183.30999755859375,185.14999389648438,182.60000610351562,182.8699951171875,164.6504364013672,4113300
2022-01-03,QCOM,Qualcomm,182.91000366210938,186.8800048828125,182.24000549316406,186.2100067138672,167.65762329101562,5990200
2022-01-04,QCOM,Qualcomm,187.0,188.92999267578125,181.00999450683594,187.22999572753906,168.57601928710938,8484200
2022-01-05,QCOM,Qualcomm,186.5,193.5800018310547,184.72999572753906,186.5,167.9187469482422,17141200
2022-01-06,QCOM,Qualcomm,184.52000427246094,188.47000122070312,183.0,185.9499969482422,167.42352294921875,9117700
2022-01-07,QCOM,Qualcomm,186.60000610351562,188.36000061035156,180.1199951171875,180.41000366210938,162.4355010986328,7386200
2022-01-10,QCOM,Qualcomm,178.27000427246094,180.0,173.75999450683594,179.67999267578125,161.77822875976562,11159300
2022-01-11,QCOM,Qualcomm,179.19000244140625,185.64999389648438,177.22000122070312,185.39999389648438,166.92832946777344,9591000
2022-01-12,QCOM,Qualcomm,186.60000610351562,189.4600067138672,185.19000244140625,186.4199981689453,167.84669494628906,7317500
2022-01-13,QCOM,Qualcomm,188.6999969482422,191.5800018310547,183.2899932861328,183.88999938964844,165.5687713623047,10190900
2022-01-14,QCOM,Qualcomm,182.8000030517578,190.08999633789062,182.00999450683594,188.69000244140625,169.89053344726562,9587300
2022-01-18,QCOM,Qualcomm,185.8699951171875,186.0,178.27000427246094,178.86000061035156,161.03993225097656,10471200
2022-01-19,QCOM,Qualcomm,180.57000732421875,181.2100067138672,172.27000427246094,172.47000122070312,155.28656005859375,10082700
2022-01-20,QCOM,Qualcomm,174.52999877929688,174.99000549316406,166.2899932861328,166.5,149.91134643554688,9468500
2022-01-21,QCOM,Qualcomm,166.24000549316406,172.0399932861328,164.57000732421875,164.92999267578125,148.497802734375,11898700
2022-01-24,QCOM,Qualcomm,162.17999267578125,170.82000732421875,158.60000610351562,170.07000732421875,153.12570190429688,17489100
2022-01-25,QCOM,Qualcomm,166.1699981689453,170.32000732421875,161.1999969482422,165.4499969482422,148.9659881591797,10708500
2022-01-26,QCOM,Qualcomm,168.5800018310547,174.5500030517578,163.89999389648438,167.0,150.361572265625,10492200
2022-01-27,QCOM,Qualcomm,169.30999755859375,171.4499969482422,160.61000061035156,161.1999969482422,145.139404296875,10743000
2022-01-28,QCOM,Qualcomm,162.00999450683594,166.94000244140625,157.3800048828125,166.80999755859375,150.1904754638672,10320800
2022-01-31,QCOM,Qualcomm,167.05999755859375,175.9499969482422,165.8000030517578,175.75999450683594,158.24876403808594,11273500
2022-02-01,QCOM,Qualcomm,176.44000244140625,177.42999267578125,173.11000061035156,177.1300048828125,159.48228454589844,9724600
2022-02-02,QCOM,Qualcomm,180.94000244140625,188.63999938964844,180.25999450683594,188.1999969482422,169.44937133789062,25646300
2022-02-03,QCOM,Qualcomm,180.8000030517578,192.10000610351562,177.2899932861328,179.10000610351562,161.25604248046875,36120200
2022-02-04,QCOM,Qualcomm,178.99000549316406,182.41000366210938,176.80999755859375,179.47000122070312,161.58912658691406,15708400
2022-02-07,QCOM,Qualcomm,179.6699981689453,180.64999389648438,174.44000244140625,175.08999633789062,157.64553833007812,10376300
2022-02-08,QCOM,Qualcomm,174.30999755859375,179.2899932861328,173.97999572753906,178.58999633789062,160.7968292236328,10163900
2022-02-09,QCOM,Qualcomm,181.39999389648438,184.0,178.9499969482422,183.9499969482422,165.62274169921875,9666900
2022-02-10,QCOM,Qualcomm,179.39999389648438,181.99000549316406,173.4499969482422,174.07000732421875,156.72711181640625,14362200
2022-02-11,QCOM,Qualcomm,174.6999969482422,175.47999572753906,163.5500030517578,164.63999938964844,148.2366943359375,13572000
2022-02-14,QCOM,Qualcomm,165.35000610351562,167.85000610351562,162.47999572753906,165.1300048828125,148.67784118652344,8381700
2022-02-15,QCOM,Qualcomm,169.0,173.9600067138672,168.25,173.0,155.76373291015625,11100000
2022-02-16,QCOM,Qualcomm,170.67999267578125,173.2100067138672,168.25999450683594,172.60000610351562,155.40362548828125,8340600
2022-02-17,QCOM,Qualcomm,169.8800048828125,170.77000427246094,166.6999969482422,166.8000030517578,150.18148803710938,8878900
2022-02-18,QCOM,Qualcomm,167.47000122070312,170.4499969482422,164.24000549316406,167.63999938964844,150.93780517578125,9591700
2022-02-22,QCOM,Qualcomm,164.05999755859375,169.9600067138672,163.60000610351562,165.88999938964844,149.36215209960938,9835500
2022-02-23,QCOM,Qualcomm,166.64999389648438,169.16000366210938,161.32000732421875,161.6199951171875,145.51759338378906,9749000
2022-02-24,QCOM,Qualcomm,156.88999938964844,168.36000061035156,155.7899932861328,167.97999572753906,151.243896484375,12567000
2022-02-25,QCOM,Qualcomm,167.61000061035156,171.08999633789062,165.60000610351562,170.92999267578125,153.89996337890625,7350200
2022-02-28,QCOM,Qualcomm,168.3000030517578,172.99000549316406,168.1999969482422,171.99000549316406,154.85438537597656,10638900
2022-03-01,QCOM,Qualcomm,170.9600067138672,171.83999633789062,161.72000122070312,163.69000244140625,147.38133239746094,10723300
2022-03-02,QCOM,Qualcomm,165.25,170.49000549316406,164.35000610351562,169.25,153.02304077148438,7299400
2022-03-03,QCOM,Qualcomm,170.6699981689453,170.8300018310547,164.5,165.35000610351562,149.49697875976562,8553900
2022-03-04,QCOM,Qualcomm,163.85000610351562,166.07000732421875,159.88999938964844,162.25999450683594,146.70323181152344,9057300
2022-03-07,QCOM,Qualcomm,162.32000732421875,163.16000366210938,150.0,150.10000610351562,135.7091064453125,13416100
2022-03-08,QCOM,Qualcomm,150.66000366210938,158.33999633789062,147.8800048828125,150.75999450683594,136.3058319091797,11878400
2022-03-09,QCOM,Qualcomm,156.00999450683594,158.47999572753906,154.1699981689453,157.11000061035156,142.04702758789062,9276800
2022-03-10,QCOM,Qualcomm,154.0399932861328,155.3000030517578,150.3300018310547,154.7100067138672,139.87710571289062,8888800
2022-03-11,QCOM,Qualcomm,157.9499969482422,158.32000732421875,152.02000427246094,152.33999633789062,137.73431396484375,7394400
2022-03-14,QCOM,Qualcomm,150.8000030517578,151.2899932861328,140.47000122070312,141.2899932861328,127.74373626708984,16154200
2022-03-15,QCOM,Qualcomm,142.5,144.42999267578125,139.0500030517578,144.2100067138672,130.38381958007812,13893000
2022-03-16,QCOM,Qualcomm,146.97000122070312,151.55999755859375,143.57000732421875,150.4499969482422,136.02552795410156,11727700
2022-03-17,QCOM,Qualcomm,149.19000244140625,152.94000244140625,146.5800018310547,152.8300018310547,138.17733764648438,8602900
2022-03-18,QCOM,Qualcomm,152.52000427246094,156.02999877929688,149.00999450683594,153.99000549316406,139.2261199951172,18454200
2022-03-21,QCOM,Qualcomm,153.99000549316406,157.7100067138672,152.80999755859375,155.58999633789062,140.6727294921875,8986400
2022-03-22,QCOM,Qualcomm,155.4499969482422,159.94000244140625,154.77000427246094,157.61000061035156,142.49908447265625,7220500
2022-03-23,QCOM,Qualcomm,156.11000061035156,157.2100067138672,152.5800018310547,152.8699951171875,138.21347045898438,7245600
2022-03-24,QCOM,Qualcomm,154.3000030517578,158.55999755859375,153.58999633789062,158.4600067138672,143.26759338378906,9261000
2022-03-25,QCOM,Qualcomm,157.97000122070312,158.4600067138672,155.17999267578125,157.97000122070312,142.82455444335938,7198700
2022-03-28,QCOM,Qualcomm,156.5,158.5,154.0500030517578,158.4499969482422,143.25851440429688,9470800
2022-03-29,QCOM,Qualcomm,161.2100067138672,161.3000030517578,156.64999389648438,161.07000732421875,145.6273193359375,10212400
2022-03-30,QCOM,Qualcomm,159.38999938964844,160.27000427246094,151.7899932861328,152.72999572753906,138.08689880371094,14777800
2022-03-31,QCOM,Qualcomm,152.88999938964844,155.13999938964844,151.02999877929688,152.82000732421875,138.16830444335938,13364200
2022-04-01,QCOM,Qualcomm,151.94000244140625,152.8699951171875,142.55999755859375,146.99000549316406,132.8972625732422,19762100
2022-04-04,QCOM,Qualcomm,147.74000549316406,154.1300048828125,146.66000366210938,153.80999755859375,139.0634002685547,12116000
2022-04-05,QCOM,Qualcomm,151.80999755859375,152.00999450683594,145.27000427246094,145.4600067138672,131.5139617919922,15946100
2022-04-06,QCOM,Qualcomm,142.89999389648438,143.0,137.4600067138672,139.27999877929688,125.92647552490234,21054200
2022-04-07,QCOM,Qualcomm,139.7899932861328,141.49000549316406,136.9199981689453,139.22000122070312,125.87223052978516,10201200
2022-04-08,QCOM,Qualcomm,138.5399932861328,139.9600067138672,136.36000061035156,136.69000244140625,123.58475494384766,12992500
2022-04-11,QCOM,Qualcomm,134.2899932861328,137.61000061035156,133.69000244140625,135.36000061035156,122.38228607177734,11210400
2022-04-12,QCOM,Qualcomm,137.9199981689453,140.16000366210938,135.5,136.08999633789062,123.04229736328125,10591300
2022-04-13,QCOM,Qualcomm,137.5399932861328,142.58999633789062,136.47999572753906,140.5,127.02949523925781,10440800
2022-04-14,QCOM,Qualcomm,141.0500030517578,141.55999755859375,136.67999267578125,136.91000366210938,123.78367614746094,8002600
2022-04-18,QCOM,Qualcomm,135.6199951171875,140.35000610351562,135.55999755859375,139.32000732421875,125.96265411376953,8785700
2022-04-19,QCOM,Qualcomm,138.8300018310547,141.39999389648438,137.5399932861328,141.0500030517578,127.52677154541016,7213800
2022-04-20,QCOM,Qualcomm,143.2100067138672,144.80999755859375,140.05999755859375,140.33999633789062,126.88478088378906,7731600
2022-04-21,QCOM,Qualcomm,142.33999633789062,143.63999938964844,135.25999450683594,136.11000061035156,123.06037902832031,8576500
2022-04-22,QCOM,Qualcomm,136.1300048828125,137.3300018310547,132.64999389648438,132.80999755859375,120.0767593383789,8315100
2022-04-25,QCOM,Qualcomm,131.32000732421875,136.80999755859375,130.91000366210938,136.55999755859375,123.46725463867188,9673200
2022-04-26,QCOM,Qualcomm,135.02000427246094,136.35000610351562,132.6300048828125,133.5,120.70060729980469,9262800
2022-04-27,QCOM,Qualcomm,130.82000732421875,138.11000061035156,130.66000366210938,135.10000610351562,122.14723205566406,13855900
2022-04-28,QCOM,Qualcomm,142.8699951171875,151.1999969482422,139.1300048828125,148.19000244140625,133.98219299316406,31111100
2022-04-29,QCOM,Qualcomm,145.80999755859375,147.5,139.52000427246094,139.69000244140625,126.29714965820312,13693100
2022-05-02,QCOM,Qualcomm,140.60000610351562,145.66000366210938,139.16000366210938,145.27000427246094,131.34214782714844,13320900
2022-05-03,QCOM,Qualcomm,144.7100067138672,145.69000244140625,142.75999450683594,144.25999450683594,130.42901611328125,7556800
2022-05-04,QCOM,Qualcomm,144.5800018310547,149.5,140.35000610351562,149.0500030517578,134.759765625,11038100
2022-05-05,QCOM,Qualcomm,146.97999572753906,146.97999572753906,139.17999267578125,141.63999938964844,128.06019592285156,14561400
2022-05-06,QCOM,Qualcomm,141.25,144.10000610351562,137.8800048828125,140.5800018310547,127.10182189941406,10080600
2022-05-09,QCOM,Qualcomm,137.99000549316406,140.11000061035156,134.05999755859375,134.9199981689453,121.98448944091797,11668100
2022-05-10,QCOM,Qualcomm,139.5,139.8000030517578,134.6300048828125,136.80999755859375,123.69329071044922,8841200
2022-05-11,QCOM,Qualcomm,135.02999877929688,138.2899932861328,131.88999938964844,132.3000030517578,119.61566925048828,11530900
2022-05-12,QCOM,Qualcomm,131.0,133.05999755859375,127.81999969482422,131.77000427246094,119.1364974975586,10749800
2022-05-13,QCOM,Qualcomm,134.2899932861328,135.99000549316406,132.5,134.92999267578125,121.99351501464844,9280700
2022-05-16,QCOM,Qualcomm,133.97999572753906,135.97999572753906,132.0,133.91000366210938,121.0713119506836,6378800
2022-05-17,QCOM,Qualcomm,137.25,140.0,136.6999969482422,139.69000244140625,126.29714965820312,9094100
2022-05-18,QCOM,Qualcomm,136.8300018310547,137.27999877929688,129.8800048828125,130.4499969482422,117.94303131103516,11992700
2022-05-19,QCOM,Qualcomm,130.4499969482422,133.38999938964844,129.47999572753906,130.57000732421875,118.051513671875,8419500
2022-05-20,QCOM,Qualcomm,132.8800048828125,133.2899932861328,125.86000061035156,131.60000610351562,118.98275756835938,11370100
2022-05-23,QCOM,Qualcomm,129.9499969482422,132.42999267578125,128.14999389648438,132.1199951171875,119.45291137695312,10023400
2022-05-24,QCOM,Qualcomm,130.33999633789062,130.33999633789062,126.05000305175781,128.52999877929688,116.2071304321289,9157100
2022-05-25,QCOM,Qualcomm,127.80000305175781,132.07000732421875,127.25,131.22999572753906,118.64824676513672,9766000
2022-05-26,QCOM,Qualcomm,130.00999450683594,136.0,129.86000061035156,134.83999633789062,121.91214752197266,7932800
2022-05-27,QCOM,Qualcomm,136.10000610351562,140.13999938964844,136.10000610351562,139.75999450683594,126.36045837402344,9180800
2022-05-31,QCOM,Qualcomm,139.5,143.97000122070312,137.44000244140625,143.22000122070312,129.48870849609375,16007300
2022-06-01,QCOM,Qualcomm,142.5500030517578,143.91000366210938,138.1699981689453,140.02000427246094,127.26194763183594,8514300
2022-06-02,QCOM,Qualcomm,140.25999450683594,146.25,139.6999969482422,146.1999969482422,132.8788299560547,9589500
2022-06-03,QCOM,Qualcomm,142.17999267578125,143.44000244140625,140.61000061035156,141.22000122070312,128.35260009765625,7458900
2022-06-06,QCOM,Qualcomm,144.9499969482422,144.97000122070312,139.9199981689453,140.44000244140625,127.64369201660156,7238700
2022-06-07,QCOM,Qualcomm,139.1300048828125,142.14999389648438,138.49000549316406,141.88999938964844,128.9615478515625,6062800
2022-06-08,QCOM,Qualcomm,140.75,141.75999450683594,137.4499969482422,138.9600067138672,126.29853057861328,6773000
2022-06-09,QCOM,Qualcomm,137.77000427246094,140.44000244140625,136.69000244140625,136.7100067138672,124.25354766845703,7153200
2022-06-10,QCOM,Qualcomm,134.75,136.05999755859375,132.4199981689453,133.1999969482422,121.06333923339844,8544700
2022-06-13,QCOM,Qualcomm,130.58999633789062,131.35000610351562,126.5999984741211,128.66000366210938,116.9370346069336,12320900
2022-06-14,QCOM,Qualcomm,130.2100067138672,131.92999267578125,128.82000732421875,130.25999450683594,118.39122009277344,6794700
2022-06-15,QCOM,Qualcomm,131.6699981689453,133.27999877929688,128.2100067138672,131.02999877929688,119.09107971191406,7860000
2022-06-16,QCOM,Qualcomm,126.26000213623047,126.6500015258789,119.02999877929688,120.81999969482422,109.81137084960938,16422800
2022-06-17,QCOM,Qualcomm,121.41999816894531,122.83000183105469,118.36000061035156,120.98999786376953,109.96587371826172,17273400
2022-06-21,QCOM,Qualcomm,123.7699966430664,126.12000274658203,123.72000122070312,124.38999938964844,113.05608367919922,9208500
2022-06-22,QCOM,Qualcomm,121.80000305175781,123.66000366210938,120.36000061035156,122.16000366210938,111.02925872802734,9081000
2022-06-23,QCOM,Qualcomm,122.75,122.93000030517578,118.2300033569336,120.08999633789062,109.14788055419922,7908900
2022-06-24,QCOM,Qualcomm,122.37999725341797,125.37000274658203,121.76000213623047,125.0999984741211,113.7013931274414,8128000
2022-06-27,QCOM,Qualcomm,126.19999694824219,130.0399932861328,125.44000244140625,127.18000030517578,115.59187316894531,9947300
2022-06-28,QCOM,Qualcomm,129.77999877929688,136.4499969482422,126.5999984741211,131.60000610351562,119.60911560058594,27081900
2022-06-29,QCOM,Qualcomm,130.0800018310547,131.57000732421875,126.9000015258789,130.22999572753906,118.36397552490234,9973300
2022-06-30,QCOM,Qualcomm,127.61000061035156,130.08999633789062,125.33000183105469,127.73999786376953,116.100830078125,9277900
2022-07-01,QCOM,Qualcomm,125.75,126.76000213623047,122.0999984741211,123.52999877929688,112.2744369506836,7672800
2022-07-05,QCOM,Qualcomm,121.0999984741211,126.16999816894531,120.36000061035156,125.83000183105469,114.36487579345703,8113100
2022-07-06,QCOM,Qualcomm,126.05999755859375,128.22999572753906,125.05999755859375,127.05999755859375,115.48281860351562,6038400
2022-07-07,QCOM,Qualcomm,130.64999389648438,134.7100067138672,130.25999450683594,134.39999389648438,122.15402221679688,9408100
2022-07-08,QCOM,Qualcomm,132.52000427246094,136.38999938964844,131.6199951171875,136.00999450683594,123.61730194091797,8393200
2022-07-11,QCOM,Qualcomm,133.58999633789062,134.60000610351562,131.32000732421875,132.24000549316406,120.19081115722656,5887200
2022-07-12,QCOM,Qualcomm,133.74000549316406,135.35000610351562,131.9600067138672,132.9499969482422,120.83610534667969,5991300
2022-07-13,QCOM,Qualcomm,130.5500030517578,136.77999877929688,130.52000427246094,135.63999938964844,123.28102111816406,7200200
2022-07-14,QCOM,Qualcomm,134.94000244140625,142.35000610351562,133.85000610351562,141.89999389648438,128.9706573486328,10718700
2022-07-15,QCOM,Qualcomm,143.75999450683594,145.47999572753906,142.02999877929688,144.3699951171875,131.21556091308594,11880500
2022-07-18,QCOM,Qualcomm,145.97000122070312,146.42999267578125,140.82000732421875,141.69000244140625,128.77976989746094,7856600
2022-07-19,QCOM,Qualcomm,144.13999938964844,148.47000122070312,143.17999267578125,147.3699951171875,133.94223022460938,9686500
2022-07-20,QCOM,Qualcomm,147.42999267578125,152.3300018310547,146.6199951171875,151.7100067138672,137.88677978515625,8517400
2022-07-21,QCOM,Qualcomm,152.8800048828125,155.9199981689453,150.6300048828125,155.86000061035156,141.65866088867188,8060400
2022-07-22,QCOM,Qualcomm,155.66000366210938,156.66000366210938,152.35000610351562,153.6999969482422,139.6954345703125,7200100
2022-07-25,QCOM,Qualcomm,152.8000030517578,154.0399932861328,151.6699981689453,153.25,139.28646850585938,4928900
2022-07-26,QCOM,Qualcomm,152.6199951171875,152.6999969482422,149.80999755859375,149.97000122070312,136.30535888671875,5941800
2022-07-27,QCOM,Qualcomm,151.52999877929688,154.8000030517578,150.5500030517578,153.4199981689453,139.4409637451172,12863000
2022-07-28,QCOM,Qualcomm,149.77999877929688,149.99000549316406,143.0,146.4499969482422,133.1060791015625,17051000
2022-07-29,QCOM,Qualcomm,144.60000610351562,145.30999755859375,140.6699981689453,145.05999755859375,131.8427276611328,11749400
2022-08-01,QCOM,Qualcomm,144.30999755859375,149.4600067138672,144.07000732421875,147.42999267578125,133.99679565429688,7611400
2022-08-02,QCOM,Qualcomm,145.69000244140625,149.39999389648438,144.83999633789062,147.02999877929688,133.63319396972656,5946400
2022-08-03,QCOM,Qualcomm,147.66000366210938,150.33999633789062,146.58999633789062,149.16000366210938,135.569091796875,6890200
2022-08-04,QCOM,Qualcomm,148.67999267578125,151.16000366210938,147.7100067138672,151.00999450683594,137.25057983398438,6254700
2022-08-05,QCOM,Qualcomm,148.57000732421875,151.27999877929688,147.6699981689453,150.2100067138672,136.5234832763672,5041300
2022-08-08,QCOM,Qualcomm,149.80999755859375,151.19000244140625,146.5500030517578,147.80999755859375,134.3421173095703,5553300
2022-08-09,QCOM,Qualcomm,145.58999633789062,146.5,141.30999755859375,142.50999450683594,129.52503967285156,6770800
2022-08-10,QCOM,Qualcomm,145.85000610351562,147.17999267578125,143.69000244140625,146.99000549316406,133.59686279296875,6840000
2022-08-11,QCOM,Qualcomm,148.30999755859375,151.63999938964844,147.02000427246094,147.8300018310547,134.3603515625,6243200
2022-08-12,QCOM,Qualcomm,148.0,151.47000122070312,147.17999267578125,151.2899932861328,137.50506591796875,4967500
2022-08-15,QCOM,Qualcomm,150.32000732421875,152.6999969482422,148.39999389648438,152.1300048828125,138.26853942871094,4502900
2022-08-16,QCOM,Qualcomm,151.4499969482422,152.49000549316406,148.85000610351562,150.02999877929688,136.35986328125,5270800
2022-08-17,QCOM,Qualcomm,148.22999572753906,149.6300048828125,146.36000061035156,148.52999877929688,134.9965362548828,5169600
2022-08-18,QCOM,Qualcomm,148.07000732421875,152.91000366210938,147.75999450683594,151.3800048828125,137.58688354492188,7808200
2022-08-19,QCOM,Qualcomm,149.2899932861328,150.3800048828125,146.89999389648438,147.60000610351562,134.1512908935547,5400300
2022-08-22,QCOM,Qualcomm,145.3000030517578,145.80999755859375,141.10000610351562,141.61000061035156,128.7070770263672,6736800
2022-08-23,QCOM,Qualcomm,142.08999633789062,143.61000061035156,140.55999755859375,140.72000122070312,127.89813995361328,4499300
2022-08-24,QCOM,Qualcomm,140.25,141.7100067138672,138.61000061035156,141.30999755859375,128.4344024658203,5113100
2022-08-25,QCOM,Qualcomm,142.33999633789062,147.0,142.02000427246094,146.25,132.92430114746094,5618800
2022-08-26,QCOM,Qualcomm,146.16000366210938,147.36000061035156,138.0500030517578,138.3800048828125,125.7713851928711,7918600
2022-08-29,QCOM,Qualcomm,137.80999755859375,139.1300048828125,136.11000061035156,137.0800018310547,124.58979797363281,6852300
2022-08-30,QCOM,Qualcomm,137.8000030517578,138.3000030517578,132.94000244140625,134.41000366210938,122.16310119628906,6147400
2022-08-31,QCOM,Qualcomm,133.7899932861328,134.1699981689453,131.3000030517578,132.27000427246094,120.89266204833984,8701100
2022-09-01,QCOM,Qualcomm,129.97999572753906,130.1300048828125,126.08000183105469,129.9199981689453,118.74480438232422,8716300
2022-09-02,QCOM,Qualcomm,131.63999938964844,132.6699981689453,127.55999755859375,128.47999572753906,117.42864990234375,6121400
2022-09-06,QCOM,Qualcomm,128.83999633789062,129.52000427246094,126.20999908447266,126.66999816894531,115.77436065673828,6674200
2022-09-07,QCOM,Qualcomm,127.47000122070312,129.77999877929688,126.37000274658203,128.60000610351562,117.538330078125,5340100
2022-09-08,QCOM,Qualcomm,127.47000122070312,129.8000030517578,125.9000015258789,128.85000610351562,117.76685333251953,6618800
2022-09-09,QCOM,Qualcomm,130.67999267578125,132.61000061035156,130.30999755859375,132.0500030517578,120.69156646728516,5097300
2022-09-12,QCOM,Qualcomm,133.0,134.22000122070312,132.32000732421875,133.0,121.55989074707031,7081300
2022-09-13,QCOM,Qualcomm,128.3800048828125,129.89999389648438,124.48999786376953,124.93000030517578,114.18401336669922,9610900
2022-09-14,QCOM,Qualcomm,126.2699966430664,127.9000015258789,125.5,127.52999877929688,116.56037902832031,7509300
2022-09-15,QCOM,Qualcomm,126.69999694824219,128.0800018310547,124.2300033569336,124.9800033569336,114.22972869873047,7459600
2022-09-16,QCOM,Qualcomm,124.12000274658203,125.73999786376953,123.05000305175781,124.94999694824219,114.20230102539062,13818500
2022-09-19,QCOM,Qualcomm,123.62000274658203,127.18000030517578,123.41000366210938,126.6500015258789,115.75608825683594,5922700
2022-09-20,QCOM,Qualcomm,125.73999786376953,126.55000305175781,123.88999938964844,124.7699966430664,114.03779602050781,5672700
2022-09-21,QCOM,Qualcomm,125.44000244140625,129.7899932861328,124.5,124.62000274658203,113.90068054199219,8123700
2022-09-22,QCOM,Qualcomm,124.75,125.16000366210938,122.47000122070312,123.68000030517578,113.04154205322266,8753000
2022-09-23,QCOM,Qualcomm,122.33999633789062,122.68000030517578,119.05000305175781,121.19000244140625,110.76571655273438,10681300
2022-09-26,QCOM,Qualcomm,121.54000091552734,123.18000030517578,119.58999633789062,119.73999786376953,109.44043731689453,6424600
2022-09-27,QCOM,Qualcomm,121.55999755859375,122.68000030517578,118.75,120.33999633789062,109.98883819580078,5544400
2022-09-28,QCOM,Qualcomm,118.58000183105469,120.44999694824219,117.77999877929688,118.93000030517578,108.70011138916016,11321200
2022-09-29,QCOM,Qualcomm,117.27999877929688,117.47000122070312,113.45999908447266,114.83999633789062,104.9619369506836,12125800
2022-09-30,QCOM,Qualcomm,113.76000213623047,116.27999877929688,112.91999816894531,112.9800033569336,103.26191711425781,7568100
2022-10-03,QCOM,Qualcomm,114.98999786376953,118.31999969482422,113.66999816894531,117.22000122070312,107.13720703125,7481700
2022-10-04,QCOM,Qualcomm,120.4000015258789,122.44999694824219,120.31999969482422,122.37000274658203,111.8442153930664,6637200
2022-10-05,QCOM,Qualcomm,120.87999725341797,125.55999755859375,120.52999877929688,124.88999938964844,114.1474609375,7070300
2022-10-06,QCOM,Qualcomm,124.51000213623047,127.20999908447266,124.4000015258789,125.27999877929688,114.50390625,6238600
2022-10-07,QCOM,Qualcomm,122.62000274658203,124.11000061035156,120.31999969482422,120.91000366210938,110.50980377197266,8618500
2022-10-10,QCOM,Qualcomm,120.58999633789062,121.04000091552734,113.44999694824219,114.5999984741211,104.74256134033203,9512600
2022-10-11,QCOM,Qualcomm,112.0,112.48999786376953,108.6500015258789,110.02999877929688,100.565673828125,10758800
2022-10-12,QCOM,Qualcomm,110.31999969482422,110.80000305175781,108.37999725341797,108.63999938964844,99.29521179199219,6987900
2022-10-13,QCOM,Qualcomm,105.37999725341797,115.19999694824219,104.66000366210938,112.86000061035156,103.15222930908203,10455000
2022-10-14,QCOM,Qualcomm,114.62999725341797,114.98999786376953,109.79000091552734,109.94999694824219,100.4925308227539,7989800
2022-10-17,QCOM,Qualcomm,113.91999816894531,114.4800033569336,110.61000061035156,111.58999633789062,101.99147033691406,7886400
2022-10-18,QCOM,Qualcomm,114.94999694824219,116.08999633789062,109.54000091552734,111.20999908447266,101.64417266845703,8908900
2022-10-19,QCOM,Qualcomm,110.86000061035156,113.66999816894531,110.75,112.8499984741211,103.14309692382812,5620200
2022-10-20,QCOM,Qualcomm,113.16999816894531,116.08999633789062,111.72000122070312,111.9800033569336,102.34794616699219,7736400
2022-10-21,QCOM,Qualcomm,111.75,115.98999786376953,111.0199966430664,115.73999786376953,105.78450012207031,7490100
2022-10-24,QCOM,Qualcomm,116.33999633789062,117.0199966430664,114.23999786376953,116.37999725341797,106.36946105957031,6525700
2022-10-25,QCOM,Qualcomm,116.56999969482422,119.94000244140625,116.2300033569336,119.16999816894531,108.91947174072266,6205100
2022-10-26,QCOM,Qualcomm,118.04000091552734,120.73999786376953,116.16000366210938,118.11000061035156,107.95064544677734,7342300
2022-10-27,QCOM,Qualcomm,119.31999969482422,120.5999984741211,114.37999725341797,114.69999694824219,104.8339614868164,8937200
2022-10-28,QCOM,Qualcomm,114.16999816894531,119.44999694824219,112.33000183105469,119.20999908447266,108.95602416992188,9418700
2022-10-31,QCOM,Qualcomm,118.12999725341797,118.37999725341797,115.4000015258789,117.66000366210938,107.53936767578125,6870800
2022-11-01,QCOM,Qualcomm,119.73999786376953,120.62999725341797,116.75,117.33000183105469,107.23773956298828,5749100
2022-11-02,QCOM,Qualcomm,118.70999908447266,118.79000091552734,112.25,112.5,102.82320404052734,13936300
2022-11-03,QCOM,Qualcomm,104.37999725341797,106.5,101.93000030517578,103.87999725341797,94.94466400146484,24706100
2022-11-04,QCOM,Qualcomm,106.61000061035156,107.5,104.33000183105469,106.69000244140625,97.5129623413086,11977900
2022-11-07,QCOM,Qualcomm,107.4800033569336,110.27999877929688,106.26000213623047,110.08999633789062,100.62049102783203,7570800
2022-11-08,QCOM,Qualcomm,111.56999969482422,114.88999938964844,109.91999816894531,112.54000091552734,102.85977172851562,9383600
2022-11-09,QCOM,Qualcomm,111.45999908447266,113.51000213623047,110.2699966430664,110.43000030517578,100.93125915527344,9581300
2022-11-10,QCOM,Qualcomm,115.91000366210938,121.0,114.52999877929688,120.68000030517578,110.29960632324219,11673200
2022-11-11,QCOM,Qualcomm,118.98999786376953,122.16000366210938,118.98999786376953,121.43000030517578,110.9850845336914,9433800
2022-11-14,QCOM,Qualcomm,120.73999786376953,123.20999908447266,120.26000213623047,120.80000305175781,110.40927124023438,6971000
2022-11-15,QCOM,Qualcomm,125.6500015258789,128.1300048828125,123.41999816894531,126.0199966430664,115.18026733398438,12470200
2022-11-16,QCOM,Qualcomm,123.19999694824219,123.83999633789062,119.95999908447266,120.7300033569336,110.34529113769531,9561700
2022-11-17,QCOM,Qualcomm,118.94999694824219,123.12000274658203,118.70999908447266,122.86000061035156,112.29206085205078,7273700
2022-11-18,QCOM,Qualcomm,124.04000091552734,124.48999786376953,122.12999725341797,123.8499984741211,113.19691467285156,6436600
2022-11-21,QCOM,Qualcomm,121.08999633789062,122.5,120.0999984741211,120.19999694824219,109.86088562011719,8204200
2022-11-22,QCOM,Qualcomm,120.83999633789062,123.79000091552734,120.02999877929688,123.6500015258789,113.01412963867188,7010200
2022-11-23,QCOM,Qualcomm,123.54000091552734,127.04000091552734,123.29000091552734,125.1500015258789,114.38509368896484,5481500
2022-11-25,QCOM,Qualcomm,124.86000061035156,125.36000061035156,123.4000015258789,123.44999694824219,112.8313217163086,3153800
2022-11-28,QCOM,Qualcomm,122.16000366210938,123.44999694824219,118.8499984741211,119.54000091552734,109.25764465332031,7087500
2022-11-29,QCOM,Qualcomm,120.13999938964844,121.37000274658203,118.31999969482422,118.37999725341797,108.19741821289062,6277600
2022-11-30,QCOM,Qualcomm,118.75,126.5999984741211,118.06999969482422,126.48999786376953,116.34696197509766,12776700
2022-12-01,QCOM,Qualcomm,126.72000122070312,128.1999969482422,125.68000030517578,126.80999755859375,116.64128875732422,7924800
2022-12-02,QCOM,Qualcomm,123.70999908447266,125.81999969482422,123.12000274658203,125.66000366210938,115.5835189819336,6122200
2022-12-05,QCOM,Qualcomm,124.58000183105469,125.47000122070312,122.43000030517578,123.30000305175781,113.41275024414062,6091600
2022-12-06,QCOM,Qualcomm,122.81999969482422,123.0,118.56999969482422,119.77999877929688,110.17501831054688,5968000
2022-12-07,QCOM,Qualcomm,118.5,120.31999969482422,117.76000213623047,118.20999908447266,108.73091888427734,5427100
2022-12-08,QCOM,Qualcomm,118.9800033569336,122.3499984741211,118.18000030517578,121.75,111.987060546875,7347600
2022-12-09,QCOM,Qualcomm,120.41000366210938,121.4000015258789,118.8499984741211,119.05000305175781,109.5035629272461,6036000
2022-12-12,QCOM,Qualcomm,116.05999755859375,121.25,116.05999755859375,121.20999908447266,111.49034881591797,9008400
2022-12-13,QCOM,Qualcomm,126.9800033569336,127.94999694824219,121.81999969482422,123.48999786376953,113.58750915527344,9712700
2022-12-14,QCOM,Qualcomm,124.2300033569336,126.58000183105469,120.0999984741211,121.70999908447266,111.95026397705078,9444100
2022-12-15,QCOM,Qualcomm,120.25,120.5199966430664,116.08000183105469,116.63999938964844,107.28680419921875,10207800
2022-12-16,QCOM,Qualcomm,116.08000183105469,116.66000366210938,113.3499984741211,114.52999877929688,105.34600830078125,12733900
2022-12-19,QCOM,Qualcomm,114.01000213623047,115.16000366210938,111.51000213623047,112.61000061035156,103.5799789428711,7720200
2022-12-20,QCOM,Qualcomm,111.4000015258789,112.77999877929688,111.0999984741211,112.0999984741211,103.1108627319336,6260200
2022-12-21,QCOM,Qualcomm,112.76000213623047,114.95999908447266,112.69000244140625,114.58999633789062,105.40119171142578,5843800
2022-12-22,QCOM,Qualcomm,112.56999969482422,112.58999633789062,107.37999725341797,110.68000030517578,101.80473327636719,12051400
2022-12-23,QCOM,Qualcomm,109.69999694824219,110.91999816894531,108.20999908447266,110.83999633789062,101.95188903808594,5356700
2022-12-27,QCOM,Qualcomm,109.75,110.69000244140625,108.88999938964844,109.45999908447266,100.68257141113281,6158100
2022-12-28,QCOM,Qualcomm,108.87000274658203,110.2699966430664,106.81999969482422,106.97000122070312,98.3922348022461,5395600
2022-12-29,QCOM,Qualcomm,108.3499984741211,110.66000366210938,108.11000061035156,109.83999633789062,101.03208923339844,6668600
2022-12-30,QCOM,Qualcomm,107.97000122070312,110.05999755859375,107.22000122070312,109.94000244140625,101.12408447265625,5642300
2023-01-03,QCOM,Qualcomm,111.3499984741211,111.73999786376953,107.12999725341797,107.19999694824219,98.60379791259766,8110400
2023-01-04,QCOM,Qualcomm,109.80000305175781,112.2300033569336,108.80999755859375,111.52999877929688,102.58657836914062,7614200
2023-01-05,QCOM,Qualcomm,109.93000030517578,110.91999816894531,109.12999725341797,109.4000015258789,100.62738037109375,7546000
2023-01-06,QCOM,Qualcomm,110.95999908447266,115.9800033569336,110.05000305175781,115.33999633789062,106.09104919433594,10259300
2023-01-09,QCOM,Qualcomm,116.7300033569336,118.8499984741211,113.54000091552734,114.61000061035156,105.41958618164062,10291800
2023-01-10,QCOM,Qualcomm,114.0199966430664,116.97000122070312,113.72000122070312,116.91000366210938,107.5351791381836,6384800
2023-01-11,QCOM,Qualcomm,117.44000244140625,118.5,115.16999816894531,118.38999938964844,108.8965072631836,7374400
2023-01-12,QCOM,Qualcomm,119.23999786376953,122.37999725341797,117.6500015258789,121.58999633789062,111.8398666381836,9527600
2023-01-13,QCOM,Qualcomm,119.81999969482422,121.41999816894531,119.72000122070312,120.23999786376953,110.5981216430664,8040400
2023-01-17,QCOM,Qualcomm,119.73999786376953,121.31999969482422,119.0199966430664,120.27999877929688,110.63492584228516,6179500
2023-01-18,QCOM,Qualcomm,121.62000274658203,123.98999786376953,121.01000213623047,122.04000091552734,112.2538070678711,10960400
2023-01-19,QCOM,Qualcomm,121.05999755859375,121.0999984741211,117.41999816894531,117.58000183105469,108.15143585205078,8716200
2023-01-20,QCOM,Qualcomm,118.41999816894531,122.95999908447266,117.33999633789062,122.9000015258789,113.04484558105469,8895000
2023-01-23,QCOM,Qualcomm,126.54000091552734,132.05999755859375,125.81999969482422,131.02999877929688,120.52290344238281,13419500
2023-01-24,QCOM,Qualcomm,130.5500030517578,132.97000122070312,130.14999389648438,130.6999969482422,120.21935272216797,7952400
2023-01-25,QCOM,Qualcomm,128.4499969482422,131.5399932861328,127.69999694824219,131.1699981689453,120.65167999267578,6880300
2023-01-26,QCOM,Qualcomm,134.41000366210938,134.85000610351562,131.16000366210938,133.9600067138672,123.21795654296875,7413600
2023-01-27,QCOM,Qualcomm,131.49000549316406,134.88999938964844,131.4199981689453,133.39999389648438,122.70283508300781,6581900
2023-01-30,QCOM,Qualcomm,131.0500030517578,132.39999389648438,130.14999389648438,131.6300048828125,121.0748062133789,9854300
2023-01-31,QCOM,Qualcomm,131.32000732421875,133.63999938964844,131.32000732421875,133.2100067138672,122.52811431884766,7125100
2023-02-01,QCOM,Qualcomm,132.67999267578125,139.94000244140625,132.67999267578125,138.4600067138672,127.35710144042969,10500600
2023-02-02,QCOM,Qualcomm,138.4600067138672,139.16000366210938,134.8000030517578,135.85000610351562,124.95641326904297,17673200
2023-02-03,QCOM,Qualcomm,131.16000366210938,138.39999389648438,128.57000732421875,135.02000427246094,124.1929702758789,13187300
2023-02-06,QCOM,Qualcomm,132.27000427246094,134.8800048828125,131.86000061035156,132.92999267578125,122.27053833007812,6830500
2023-02-07,QCOM,Qualcomm,133.14999389648438,137.3800048828125,132.3300018310547,136.6300048828125,125.67382049560547,7664200
2023-02-08,QCOM,Qualcomm,135.30999755859375,136.27999877929688,131.75999450683594,132.1699981689453,121.57150268554688,7151700
2023-02-09,QCOM,Qualcomm,133.88999938964844,135.22999572753906,129.9199981689453,130.52999877929688,120.06300354003906,5717500
2023-02-10,QCOM,Qualcomm,129.2899932861328,129.94000244140625,127.62000274658203,128.99000549316406,118.646484375,5319200
2023-02-13,QCOM,Qualcomm,129.4600067138672,131.42999267578125,128.38999938964844,130.83999633789062,120.34812927246094,5550400
2023-02-14,QCOM,Qualcomm,129.1999969482422,132.8800048828125,128.36000061035156,132.33999633789062,121.72785949707031,5579900
2023-02-15,QCOM,Qualcomm,130.60000610351562,133.3300018310547,130.3000030517578,133.07000732421875,122.39932250976562,3501100
2023-02-16,QCOM,Qualcomm,130.75,132.58999633789062,129.9499969482422,130.16000366210938,119.7226791381836,5788400
2023-02-17,QCOM,Qualcomm,129.5,129.80999755859375,126.95999908447266,127.72000122070312,117.47831726074219,6022500
2023-02-21,QCOM,Qualcomm,125.45999908447266,127.62000274658203,123.55000305175781,123.69999694824219,113.78068542480469,8164400
2023-02-22,QCOM,Qualcomm,124.31999969482422,124.97000122070312,122.91999816894531,123.94999694824219,114.0106430053711,5517800
2023-02-23,QCOM,Qualcomm,126.61000061035156,127.2300033569336,123.66999816894531,126.19999694824219,116.08021545410156,6440200
2023-02-24,QCOM,Qualcomm,124.23999786376953,124.70999908447266,123.18000030517578,124.33999633789062,114.36935424804688,7357200
2023-02-27,QCOM,Qualcomm,126.5,126.5999984741211,123.04000091552734,123.41999816894531,113.52313232421875,7787200
2023-02-28,QCOM,Qualcomm,123.62000274658203,125.0999984741211,122.91999816894531,123.52999877929688,113.62432098388672,6491800
2023-03-01,QCOM,Qualcomm,123.77999877929688,125.47000122070312,122.9800033569336,123.68000030517578,114.45721435546875,5530600
2023-03-02,QCOM,Qualcomm,122.16000366210938,124.26000213623047,120.86000061035156,123.77999877929688,114.54974365234375,5258900
2023-03-03,QCOM,Qualcomm,123.98999786376953,124.20999908447266,121.66999816894531,123.5999984741211,114.38317108154297,7052100
2023-03-06,QCOM,Qualcomm,124.27999877929688,125.16999816894531,122.02999877929688,122.41000366210938,113.28190612792969,7031300
2023-03-07,QCOM,Qualcomm,122.4800033569336,122.5,118.27999877929688,119.19000244140625,110.3020248413086,8879700
2023-03-08,QCOM,Qualcomm,119.55000305175781,121.75,119.3499984741211,121.19999694824219,112.16212463378906,7633900
2023-03-09,QCOM,Qualcomm,121.27999877929688,121.91999816894531,116.94000244140625,117.22000122070312,108.47891998291016,8055500
2023-03-10,QCOM,Qualcomm,117.54000091552734,118.2300033569336,114.52999877929688,115.19000244140625,106.60029602050781,6884500
2023-03-13,QCOM,Qualcomm,113.76000213623047,116.23999786376953,113.27999877929688,114.43000030517578,105.89697265625,7673700
2023-03-14,QCOM,Qualcomm,116.41000366210938,117.05999755859375,113.91999816894531,116.55000305175781,107.85889434814453,8312100
2023-03-15,QCOM,Qualcomm,115.25,116.18000030517578,113.13999938964844,115.48999786376953,106.87792205810547,8596900
2023-03-16,QCOM,Qualcomm,117.0,120.83000183105469,115.91000366210938,120.51000213623047,111.5235824584961,11207800
2023-03-17,QCOM,Qualcomm,120.77999877929688,122.87000274658203,119.1500015258789,120.7300033569336,111.72718811035156,12304100
2023-03-20,QCOM,Qualcomm,120.7699966430664,122.0199966430664,119.80999755859375,121.81999969482422,112.73589324951172,5945000
2023-03-21,QCOM,Qualcomm,122.98999786376953,125.06999969482422,122.1500015258789,123.80000305175781,114.56825256347656,6900600
2023-03-22,QCOM,Qualcomm,124.0,126.23999786376953,121.87000274658203,121.97000122070312,112.87471771240234,7072700
2023-03-23,QCOM,Qualcomm,123.94000244140625,127.0,122.0999984741211,124.1500015258789,114.89215850830078,7353800
2023-03-24,QCOM,Qualcomm,123.62999725341797,124.93000030517578,122.25,124.76000213623047,115.45665740966797,6987200
2023-03-27,QCOM,Qualcomm,125.73999786376953,126.05999755859375,123.31999969482422,123.5999984741211,114.38317108154297,4818000
2023-03-28,QCOM,Qualcomm,123.5999984741211,123.68000030517578,120.20999908447266,121.33999633789062,112.29168701171875,5272100
2023-03-29,QCOM,Qualcomm,123.41999816894531,125.95999908447266,123.25,125.08999633789062,115.7620620727539,6410100
2023-03-30,QCOM,Qualcomm,127.08000183105469,128.19000244140625,126.43000030517578,127.4000015258789,117.8998031616211,8156400
2023-03-31,QCOM,Qualcomm,126.6500015258789,127.97000122070312,126.29000091552734,127.58000183105469,118.0663833618164,6222400
2023-04-03,QCOM,Qualcomm,126.98999786376953,127.56999969482422,123.61000061035156,124.73999786376953,115.43816375732422,6367800
2023-04-04,QCOM,Qualcomm,124.93000030517578,125.22000122070312,121.80999755859375,122.30000305175781,113.18011474609375,6962700
2023-04-05,QCOM,Qualcomm,121.41999816894531,123.22000122070312,121.25,123.04000091552734,113.86492156982422,6920900
2023-04-06,QCOM,Qualcomm,122.33999633789062,123.8499984741211,121.05000305175781,123.0,113.82789611816406,5260600
2023-04-10,QCOM,Qualcomm,122.08999633789062,124.58000183105469,121.68000030517578,124.29000091552734,115.02172088623047,5243700
2023-04-11,QCOM,Qualcomm,125.25,125.25,123.16999816894531,123.56999969482422,114.35540008544922,5001400
2023-04-12,QCOM,Qualcomm,124.41000366210938,124.5,120.1500015258789,120.2699966430664,111.3014907836914,5288300
2023-04-13,QCOM,Qualcomm,120.05000305175781,121.66000366210938,119.12000274658203,121.12999725341797,112.09734344482422,6077100
2023-04-14,QCOM,Qualcomm,120.87000274658203,121.91999816894531,118.76000213623047,120.16000366210938,111.19969177246094,4833100
2023-04-17,QCOM,Qualcomm,119.12999725341797,119.83999633789062,118.16999816894531,119.37999725341797,110.47783660888672,6370200
2023-04-18,QCOM,Qualcomm,120.33999633789062,120.80000305175781,117.41000366210938,118.36000061035156,109.53392028808594,4829900
2023-04-19,QCOM,Qualcomm,117.25,118.69000244140625,116.44999694824219,118.54000091552734,109.70049285888672,4241900
2023-04-20,QCOM,Qualcomm,117.29000091552734,119.9000015258789,117.12000274658203,118.63999938964844,109.79303741455078,5125000
2023-04-21,QCOM,Qualcomm,117.87000274658203,118.19000244140625,116.55000305175781,117.76000213623047,108.97865295410156,4980700
2023-04-24,QCOM,Qualcomm,117.81999969482422,117.83000183105469,116.56999969482422,117.3499984741211,108.59922790527344,4097900
2023-04-25,QCOM,Qualcomm,116.73999786376953,116.83999633789062,113.68000030517578,114.05000305175781,105.5453109741211,7045200
2023-04-26,QCOM,Qualcomm,114.29000091552734,115.0999984741211,113.20999908447266,114.16000366210938,105.64710998535156,4671100
2023-04-27,QCOM,Qualcomm,113.87999725341797,114.30999755859375,112.1500015258789,113.91999816894531,105.42501068115234,6945700
2023-04-28,QCOM,Qualcomm,115.0999984741211,116.9000015258789,113.7300033569336,116.80000305175781,108.09024047851562,8652500
2023-05-01,QCOM,Qualcomm,117.20999908447266,117.58000183105469,115.51000213623047,115.83999633789062,107.20183563232422,6208500
2023-05-02,QCOM,Qualcomm,116.12999725341797,117.05999755859375,114.44000244140625,116.11000061035156,107.45169830322266,7081200
2023-05-03,QCOM,Qualcomm,116.66000366210938,116.81999969482422,112.5999984741211,112.83000183105469,104.4162826538086,11491700
2023-05-04,QCOM,Qualcomm,104.02999877929688,107.12000274658203,103.5,106.58000183105469,98.63235473632812,22117500
2023-05-05,QCOM,Qualcomm,108.20999908447266,109.2699966430664,105.7699966430664,108.77999877929688,100.66828155517578,10745600
2023-05-08,QCOM,Qualcomm,108.37999725341797,108.83000183105469,106.87000274658203,108.30999755859375,100.23332977294922,6694400
2023-05-09,QCOM,Qualcomm,107.0,107.43000030517578,105.30000305175781,105.7699966430664,97.88275146484375,7804100
2023-05-10,QCOM,Qualcomm,107.0,107.4800033569336,105.13999938964844,106.45999908447266,98.52130126953125,7980100
2023-05-11,QCOM,Qualcomm,106.29000091552734,106.51000213623047,103.68000030517578,104.05999755859375,96.30026245117188,10630500
2023-05-12,QCOM,Qualcomm,104.47000122070312,104.73999786376953,102.61000061035156,103.62000274658203,95.89307403564453,7635900
2023-05-15,QCOM,Qualcomm,103.76000213623047,106.4000015258789,102.88999938964844,106.27999877929688,98.35472106933594,7444900
2023-05-16,QCOM,Qualcomm,105.66999816894531,106.4800033569336,103.72000122070312,103.79000091552734,96.0503921508789,7027000
2023-05-17,QCOM,Qualcomm,104.19000244140625,105.44999694824219,103.58000183105469,104.80999755859375,96.99432373046875,9504700
2023-05-18,QCOM,Qualcomm,104.80999755859375,107.12000274658203,104.80999755859375,106.95999908447266,98.98399353027344,9142000
2023-05-19,QCOM,Qualcomm,106.94999694824219,107.12000274658203,105.5199966430664,105.86000061035156,97.96603393554688,5783200
2023-05-22,QCOM,Qualcomm,103.66999816894531,105.87000274658203,103.25,105.27999877929688,97.4292984008789,7912400
2023-05-23,QCOM,Qualcomm,104.06999969482422,105.63999938964844,103.47000122070312,103.55999755859375,95.8375473022461,7452500
2023-05-24,QCOM,Qualcomm,102.08000183105469,103.13999938964844,101.58000183105469,103.0199966430664,95.33780670166016,8193700
2023-05-25,QCOM,Qualcomm,101.93000030517578,104.11000061035156,101.47000122070312,104.0199966430664,96.26323699951172,11677400
2023-05-26,QCOM,Qualcomm,104.94000244140625,111.27999877929688,104.81999969482422,110.3499984741211,102.1212158203125,15969900
2023-05-30,QCOM,Qualcomm,114.5,116.69000244140625,112.61000061035156,116.0,107.34991455078125,18291800
2023-05-31,QCOM,Qualcomm,113.55999755859375,114.0,111.5999984741211,113.41000366210938,105.68186950683594,14924000
2023-06-01,QCOM,Qualcomm,114.55999755859375,116.55999755859375,112.30999755859375,115.83000183105469,107.93696594238281,8616500
2023-06-02,QCOM,Qualcomm,117.23999786376953,117.4000015258789,114.69000244140625,115.62000274658203,107.74128723144531,7873400
2023-06-05,QCOM,Qualcomm,115.43000030517578,115.91999816894531,112.63999938964844,112.7300033569336,105.0482177734375,7769300
2023-06-06,QCOM,Qualcomm,112.58000183105469,116.79000091552734,112.23999786376953,116.36000061035156,108.43085479736328,7594500
2023-06-07,QCOM,Qualcomm,116.62999725341797,117.16000366210938,114.48999786376953,115.18000030517578,107.33126831054688,7555400
2023-06-08,QCOM,Qualcomm,115.5999984741211,116.63999938964844,114.0999984741211,116.3499984741211,108.42151641845703,5793400
2023-06-09,QCOM,Qualcomm,117.48999786376953,120.8499984741211,117.37999725341797,119.11000061035156,110.99346160888672,13807000
2023-06-12,QCOM,Qualcomm,121.04000091552734,122.30999755859375,119.7699966430664,122.13999938964844,113.81698608398438,9675100
2023-06-13,QCOM,Qualcomm,124.27999877929688,125.4000015258789,122.75,124.43000030517578,115.9509506225586,8873200
2023-06-14,QCOM,Qualcomm,124.3499984741211,124.43000030517578,121.5,123.4000015258789,114.99112701416016,7324600
2023-06-15,QCOM,Qualcomm,121.58000183105469,124.69000244140625,121.04000091552734,123.61000061035156,115.18681335449219,8132600
2023-06-16,QCOM,Qualcomm,124.58999633789062,124.9800033569336,122.0999984741211,122.68000030517578,114.3201904296875,12905700
2023-06-20,QCOM,Qualcomm,121.94000244140625,122.37000274658203,118.70999908447266,119.81999969482422,111.65507507324219,8667400
2023-06-21,QCOM,Qualcomm,118.61000061035156,119.0199966430664,115.66999816894531,115.76000213623047,107.87174987792969,7925400
2023-06-22,QCOM,Qualcomm,116.01000213623047,116.68000030517578,114.91000366210938,116.4000015258789,108.46812438964844,7283000
2023-06-23,QCOM,Qualcomm,114.08999633789062,115.27999877929688,113.02999877929688,113.43000030517578,105.70051574707031,11958500
2023-06-26,QCOM,Qualcomm,114.55999755859375,117.61000061035156,114.30000305175781,116.62999725341797,108.68245697021484,9377000
2023-06-27,QCOM,Qualcomm,116.73999786376953,119.94000244140625,115.6500015258789,119.79000091552734,111.62711334228516,7308900
2023-06-28,QCOM,Qualcomm,117.0199966430664,118.0999984741211,116.58000183105469,117.54000091552734,109.53044128417969,6384800
2023-06-29,QCOM,Qualcomm,117.55999755859375,118.1500015258789,116.87999725341797,118.05999755859375,110.01499938964844,5138500
2023-06-30,QCOM,Qualcomm,119.5999984741211,119.86000061035156,118.37999725341797,119.04000091552734,110.92822265625,6565100
2023-07-03,QCOM,Qualcomm,119.2699966430664,120.4800033569336,118.45999908447266,120.08999633789062,111.90668487548828,2662000
2023-07-05,QCOM,Qualcomm,119.0199966430664,119.05000305175781,117.0999984741211,117.12999725341797,109.14838409423828,6249200
2023-07-06,QCOM,Qualcomm,115.16000366210938,116.19999694824219,113.62000274658203,115.22000122070312,107.3685302734375,7544600
2023-07-07,QCOM,Qualcomm,115.37000274658203,117.7300033569336,114.76000213623047,115.94000244140625,108.03947448730469,6108400
2023-07-10,QCOM,Qualcomm,116.47000122070312,118.27999877929688,116.47000122070312,117.12000274658203,109.1390609741211,6037000
2023-07-11,QCOM,Qualcomm,117.80000305175781,117.87000274658203,114.88999938964844,116.87000274658203,108.90609741210938,5784000
2023-07-12,QCOM,Qualcomm,117.55999755859375,119.2300033569336,117.0999984741211,118.68000030517578,110.5927505493164,8371300
2023-07-13,QCOM,Qualcomm,120.0,123.41999816894531,119.87999725341797,123.12000274658203,114.7302017211914,9823000
2023-07-14,QCOM,Qualcomm,123.0,123.18000030517578,121.12999725341797,122.55999755859375,114.20835876464844,7892200
2023-07-17,QCOM,Qualcomm,122.33000183105469,124.45999908447266,120.76000213623047,123.4000015258789,114.99112701416016,6125000
2023-07-18,QCOM,Qualcomm,122.31999969482422,123.2300033569336,121.26000213623047,122.86000061035156,114.48790740966797,7481200
2023-07-19,QCOM,Qualcomm,125.33999633789062,127.0999984741211,124.30000305175781,124.41999816894531,115.94161987304688,8866700
2023-07-20,QCOM,Qualcomm,123.5199966430664,124.5999984741211,120.2300033569336,120.72000122070312,112.49375915527344,9148600
2023-07-21,QCOM,Qualcomm,121.93000030517578,126.66000366210938,121.37999725341797,124.72000122070312,116.2211685180664,23704100
2023-07-24,QCOM,Qualcomm,124.72000122070312,125.5999984741211,123.16999816894531,124.0999984741211,115.64342498779297,5859300
2023-07-25,QCOM,Qualcomm,124.19999694824219,125.9800033569336,124.19999694824219,125.06999969482422,116.54731750488281,5592100
2023-07-26,QCOM,Qualcomm,123.19999694824219,125.23999786376953,122.33999633789062,124.0199966430664,115.56886291503906,5291800
2023-07-27,QCOM,Qualcomm,126.55999755859375,127.7699966430664,124.91999816894531,125.8499984741211,117.27417755126953,7917900
2023-07-28,QCOM,Qualcomm,128.3000030517578,129.9199981689453,127.55999755859375,129.47999572753906,120.65679168701172,11762200
2023-07-31,QCOM,Qualcomm,129.99000549316406,132.97000122070312,129.10000610351562,132.1699981689453,123.16351318359375,11029600
2023-08-01,QCOM,Qualcomm,131.9199981689453,132.38999938964844,130.24000549316406,132.0800018310547,123.07962799072266,7128700
2023-08-02,QCOM,Qualcomm,130.1999969482422,131.5800018310547,128.8300018310547,129.27000427246094,120.46113586425781,13711100
2023-08-03,QCOM,Qualcomm,116.97000122070312,119.11000061035156,114.88999938964844,118.69999694824219,110.61139678955078,29239600
2023-08-04,QCOM,Qualcomm,117.76000213623047,122.0,117.76000213623047,121.5,113.22059631347656,12658700
2023-08-07,QCOM,Qualcomm,122.20999908447266,122.73999786376953,117.91999816894531,119.33999633789062,111.20777893066406,7706500
2023-08-08,QCOM,Qualcomm,117.0,117.87999725341797,115.95999908447266,117.66000366210938,109.64227294921875,8934600
2023-08-09,QCOM,Qualcomm,117.2300033569336,118.11000061035156,116.5199966430664,116.56999969482422,108.62653350830078,5642500
2023-08-10,QCOM,Qualcomm,117.68000030517578,118.38999938964844,115.06999969482422,115.61000061035156,107.7319564819336,6224500
2023-08-11,QCOM,Qualcomm,114.12999725341797,115.45999908447266,113.72000122070312,114.61000061035156,106.80009460449219,5712500
2023-08-14,QCOM,Qualcomm,113.87999725341797,114.5199966430664,112.80999755859375,114.0199966430664,106.25028991699219,8537500
2023-08-15,QCOM,Qualcomm,113.33999633789062,113.51000213623047,111.4000015258789,111.68000030517578,104.06977081298828,6843600
2023-08-16,QCOM,Qualcomm,111.3499984741211,111.91999816894531,110.05000305175781,110.1500015258789,102.64403533935547,6426700
2023-08-17,QCOM,Qualcomm,110.19000244140625,111.12999725341797,109.66000366210938,110.08000183105469,102.57879638671875,6250500
2023-08-18,QCOM,Qualcomm,108.81999969482422,110.5199966430664,108.5,110.0999984741211,102.59741973876953,6384700
2023-08-21,QCOM,Qualcomm,109.83999633789062,110.95999908447266,109.0,110.68000030517578,103.13790130615234,6539800
2023-08-22,QCOM,Qualcomm,111.47000122070312,111.83999633789062,109.13999938964844,109.47000122070312,102.01036071777344,4587000
2023-08-23,QCOM,Qualcomm,109.33999633789062,111.52999877929688,108.8499984741211,111.16999816894531,103.59451293945312,6873900
2023-08-24,QCOM,Qualcomm,112.16000366210938,112.56999969482422,108.16000366210938,108.51000213623047,101.11577606201172,8698100
2023-08-25,QCOM,Qualcomm,108.88999938964844,110.5199966430664,107.76000213623047,110.31999969482422,102.80243682861328,6669900
2023-08-28,QCOM,Qualcomm,111.30000305175781,112.19000244140625,110.62000274658203,111.68000030517578,104.06977081298828,4316400
2023-08-29,QCOM,Qualcomm,110.5199966430664,113.98999786376953,110.5199966430664,113.77999877929688,106.02667236328125,6971400
2023-08-30,QCOM,Qualcomm,112.55999755859375,113.45999908447266,111.66999816894531,113.2699966430664,106.29879760742188,6490300
2023-08-31,QCOM,Qualcomm,112.43000030517578,115.16000366210938,112.43000030517578,114.52999877929688,107.48125457763672,7962500
2023-09-01,QCOM,Qualcomm,115.69999694824219,115.69999694824219,114.41000366210938,115.38999938964844,108.28833770751953,5310700
2023-09-05,QCOM,Qualcomm,114.91000366210938,117.05999755859375,114.91000366210938,116.55000305175781,109.37694549560547,7294800
2023-09-06,QCOM,Qualcomm,116.0,116.72000122070312,113.62999725341797,114.68000030517578,107.62201690673828,7411900
2023-09-07,QCOM,Qualcomm,110.5999984741211,110.69999694824219,106.06999969482422,106.4000015258789,99.85163116455078,17947800
2023-09-08,QCOM,Qualcomm,106.16999816894531,107.06999969482422,105.51000213623047,106.13999938964844,99.60762786865234,9819300
2023-09-11,QCOM,Qualcomm,111.2699966430664,111.83999633789062,108.81999969482422,110.27999877929688,103.49284362792969,18771700
2023-09-12,QCOM,Qualcomm,109.58000183105469,112.73999786376953,109.51000213623047,111.2300033569336,104.38436126708984,9250100
2023-09-13,QCOM,Qualcomm,111.58000183105469,113.5999984741211,111.52999877929688,112.63999938964844,105.70758819580078,8131500
2023-09-14,QCOM,Qualcomm,113.7699966430664,114.73999786376953,113.0,114.04000091552734,107.02142333984375,7138100
2023-09-15,QCOM,Qualcomm,113.97000122070312,115.19000244140625,112.45999908447266,113.13999938964844,106.17680358886719,12247400
2023-09-18,QCOM,Qualcomm,112.88999938964844,113.83000183105469,112.45999908447266,112.75,105.81082153320312,5065100
2023-09-19,QCOM,Qualcomm,112.19999694824219,112.33999633789062,109.91000366210938,110.72000122070312,103.90574645996094,5658800
2023-09-20,QCOM,Qualcomm,111.73999786376953,111.80000305175781,109.16000366210938,109.22000122070312,102.49807739257812,7073800
2023-09-21,QCOM,Qualcomm,107.9800033569336,109.58999633789062,107.8499984741211,107.95999908447266,101.31561279296875,7007200
2023-09-22,QCOM,Qualcomm,108.7699966430664,109.77999877929688,107.36000061035156,107.68000030517578,101.0528564453125,6965500
2023-09-25,QCOM,Qualcomm,106.83999633789062,110.4800033569336,106.70999908447266,110.43000030517578,103.63359832763672,6782500
2023-09-26,QCOM,Qualcomm,109.8499984741211,110.63999938964844,109.33999633789062,109.72000122070312,102.96730041503906,6559800
2023-09-27,QCOM,Qualcomm,110.7300033569336,110.80999755859375,107.43000030517578,109.19000244140625,102.46991729736328,7225000
2023-09-28,QCOM,Qualcomm,109.76000213623047,111.91000366210938,109.18000030517578,111.0999984741211,104.26235961914062,4851300
2023-09-29,QCOM,Qualcomm,111.87999725341797,112.2300033569336,110.63999938964844,111.05999755859375,104.22481536865234,4869300
2023-10-02,QCOM,Qualcomm,110.4000015258789,111.79000091552734,109.5999984741211,111.0999984741211,104.26235961914062,5751500
2023-10-03,QCOM,Qualcomm,110.80999755859375,112.26000213623047,109.37999725341797,110.19000244140625,103.40835571289062,7750700
2023-10-04,QCOM,Qualcomm,110.80000305175781,111.06999969482422,108.80000305175781,109.8499984741211,103.08930206298828,7189400
2023-10-05,QCOM,Qualcomm,109.69999694824219,110.45999908447266,108.94999694824219,109.80000305175781,103.04237365722656,5089700
2023-10-06,QCOM,Qualcomm,110.87000274658203,111.33000183105469,108.05000305175781,110.87999725341797,104.05590057373047,7930600
2023-10-09,QCOM,Qualcomm,110.31999969482422,111.9800033569336,109.4800033569336,111.80000305175781,104.9192886352539,4714500
2023-10-10,QCOM,Qualcomm,111.5,112.98999786376953,110.43000030517578,112.30999755859375,105.39788818359375,6253000
2023-10-11,QCOM,Qualcomm,112.27999877929688,112.63999938964844,109.58000183105469,111.12000274658203,104.2811279296875,6378600
2023-10-12,QCOM,Qualcomm,111.9800033569336,112.20999908447266,110.31999969482422,111.45999908447266,104.60021209716797,5371700
2023-10-13,QCOM,Qualcomm,111.72000122070312,111.97000122070312,108.54000091552734,108.66000366210938,101.97251892089844,6035600
2023-10-16,QCOM,Qualcomm,109.08999633789062,111.08000183105469,108.94999694824219,110.51000213623047,103.70867156982422,6254700
2023-10-17,QCOM,Qualcomm,108.80999755859375,112.2699966430664,108.0199966430664,112.19999694824219,105.2946548461914,7334000
2023-10-18,QCOM,Qualcomm,111.05999755859375,112.11000061035156,110.02999877929688,110.9800033569336,104.14974975585938,7174500
2023-10-19,QCOM,Qualcomm,112.38999938964844,114.4000015258789,110.83999633789062,111.27999877929688,104.43128204345703,10511500
2023-10-20,QCOM,Qualcomm,111.5199966430664,111.61000061035156,108.62999725341797,108.62999725341797,101.94437408447266,7756500
2023-10-23,QCOM,Qualcomm,107.94000244140625,110.56999969482422,107.68000030517578,108.66000366210938,101.97251892089844,6679200
2023-10-24,QCOM,Qualcomm,109.30000305175781,110.33000183105469,108.44000244140625,109.38999938964844,102.65758514404297,8578600
2023-10-25,QCOM,Qualcomm,108.80999755859375,109.29000091552734,104.43000030517578,104.77999877929688,98.33131408691406,8571600
2023-10-26,QCOM,Qualcomm,104.75,106.47000122070312,104.33000183105469,105.62000274658203,99.11964416503906,8705200
2023-10-27,QCOM,Qualcomm,106.9000015258789,107.88999938964844,105.83999633789062,106.45999908447266,99.90794372558594,7292000
2023-10-30,QCOM,Qualcomm,106.70999908447266,109.33000183105469,106.18000030517578,107.83000183105469,101.19361877441406,6634000
2023-10-31,QCOM,Qualcomm,108.30000305175781,109.20999908447266,106.69000244140625,108.98999786376953,102.2822265625,6485500
2023-11-01,QCOM,Qualcomm,109.16999816894531,111.19000244140625,108.69999694824219,110.88999938964844,104.06529235839844,12809900
2023-11-02,QCOM,Qualcomm,117.97000122070312,119.08000183105469,114.44999694824219,117.36000061035156,110.1370849609375,22106100
2023-11-03,QCOM,Qualcomm,117.94999694824219,120.0999984741211,117.36000061035156,119.5199966430664,112.16414642333984,10670100
2023-11-06,QCOM,Qualcomm,120.0,120.55999755859375,118.37999725341797,119.93000030517578,112.54891967773438,7756400
2023-11-07,QCOM,Qualcomm,119.8499984741211,121.08000183105469,119.16999816894531,120.72000122070312,113.29031372070312,7898400
2023-11-08,QCOM,Qualcomm,121.4000015258789,122.05999755859375,119.1500015258789,120.05999755859375,112.6709213256836,7681900
2023-11-09,QCOM,Qualcomm,121.12000274658203,122.43000030517578,119.8499984741211,120.0999984741211,112.70844268798828,9002700
2023-11-10,QCOM,Qualcomm,121.9000015258789,124.80999755859375,120.97000122070312,124.20999908447266,116.56549835205078,12191600
2023-11-13,QCOM,Qualcomm,124.0,124.55000305175781,122.62999725341797,123.8499984741211,116.22765350341797,7959200
2023-11-14,QCOM,Qualcomm,127.33999633789062,128.22000122070312,126.08000183105469,127.36000061035156,119.52163696289062,11255400
2023-11-15,QCOM,Qualcomm,127.91999816894531,129.72999572753906,127.55999755859375,128.9199981689453,120.9856185913086,7789100
2023-11-16,QCOM,Qualcomm,129.08999633789062,130.3699951171875,128.30999755859375,128.6999969482422,120.77915954589844,11655700
2023-11-17,QCOM,Qualcomm,129.3000030517578,129.7899932861328,128.4199981689453,129.47000122070312,121.50177764892578,6543300
2023-11-20,QCOM,Qualcomm,129.44000244140625,130.1199951171875,129.02000427246094,129.50999450683594,121.53931427001953,7148600
2023-11-21,QCOM,Qualcomm,126.88999938964844,127.47000122070312,125.75,127.0199966430664,119.20255279541016,14641800
2023-11-22,QCOM,Qualcomm,127.88999938964844,129.50999450683594,127.16000366210938,127.5,119.65303039550781,6647400
2023-11-24,QCOM,Qualcomm,128.22999572753906,128.22999572753906,127.55999755859375,127.75,119.88764953613281,3708200
2023-11-27,QCOM,Qualcomm,127.2699966430664,129.02000427246094,126.79000091552734,128.1999969482422,120.30994415283203,8586400
2023-11-28,QCOM,Qualcomm,127.19999694824219,127.30999755859375,125.66999816894531,126.58999633789062,118.79902648925781,8817900
2023-11-29,QCOM,Qualcomm,129.24000549316406,130.60000610351562,127.62000274658203,127.91000366210938,120.80121612548828,10608300
2023-11-30,QCOM,Qualcomm,129.27000427246094,129.39999389648438,127.48999786376953,129.0500030517578,121.87786102294922,11731800
2023-12-01,QCOM,Qualcomm,129.05999755859375,130.27000427246094,128.50999450683594,129.6699981689453,122.4634017944336,8866500
2023-12-04,QCOM,Qualcomm,129.3300018310547,130.0500030517578,128.02999877929688,129.9499969482422,122.72782135009766,7485000
2023-12-05,QCOM,Qualcomm,129.08999633789062,130.85000610351562,128.9499969482422,130.75,123.48336029052734,6231600
2023-12-06,QCOM,Qualcomm,131.97999572753906,132.13999938964844,129.66000366210938,129.9600067138672,122.73729705810547,6912400
2023-12-07,QCOM,Qualcomm,131.3300018310547,133.3300018310547,130.38999938964844,132.94000244140625,125.55167388916016,7815700
2023-12-08,QCOM,Qualcomm,131.22000122070312,133.97000122070312,131.17999267578125,132.97000122070312,125.58000946044922,7678600
2023-12-11,QCOM,Qualcomm,134.50999450683594,136.60000610351562,134.07000732421875,136.10000610351562,128.5360565185547,11010700
2023-12-12,QCOM,Qualcomm,135.97999572753906,137.22999572753906,135.5,136.67999267578125,129.08380126953125,7380400
2023-12-13,QCOM,Qualcomm,136.3800048828125,138.99000549316406,136.0800018310547,138.8000030517578,131.08599853515625,7507700
2023-12-14,QCOM,Qualcomm,139.60000610351562,142.75999450683594,139.60000610351562,141.5,133.6359405517578,11468900
2023-12-15,QCOM,Qualcomm,142.0500030517578,143.49000549316406,141.3800048828125,143.1300048828125,135.17535400390625,25053500
2023-12-18,QCOM,Qualcomm,142.50999450683594,143.1199951171875,141.2899932861328,141.64999389648438,133.777587890625,7832100
2023-12-19,QCOM,Qualcomm,142.02999877929688,143.42999267578125,141.44000244140625,143.22999572753906,135.269775390625,5658400
2023-12-20,QCOM,Qualcomm,141.97000122070312,142.97999572753906,140.36000061035156,140.44000244140625,132.63485717773438,7264800
2023-12-21,QCOM,Qualcomm,141.8000030517578,142.69000244140625,140.99000549316406,142.44000244140625,134.52366638183594,8361600
2023-12-22,QCOM,Qualcomm,143.25,144.39999389648438,142.75,143.49000549316406,135.5153350830078,4659200
2023-12-26,QCOM,Qualcomm,144.1699981689453,146.0500030517578,143.9600067138672,145.4600067138672,137.37586975097656,4381200
2023-12-27,QCOM,Qualcomm,145.85000610351562,146.22000122070312,145.0399932861328,145.72000122070312,137.6213836669922,4470300
2023-12-28,QCOM,Qualcomm,146.17999267578125,146.88999938964844,145.72999572753906,145.86000061035156,137.75360107421875,4928800
2023-12-29,QCOM,Qualcomm,145.41000366210938,145.6199951171875,143.7899932861328,144.6300048828125,136.5919952392578,4839300
2024-01-02,QCOM,Qualcomm,142.19000244140625,142.1999969482422,138.77999877929688,140.22999572753906,132.4365234375,8495800
2024-01-03,QCOM,Qualcomm,138.88999938964844,138.88999938964844,136.99000549316406,137.60000610351562,129.9526824951172,8133300
2024-01-04,QCOM,Qualcomm,135.44000244140625,137.3300018310547,134.94000244140625,136.1699981689453,128.60215759277344,6770300
2024-01-05,QCOM,Qualcomm,136.16000366210938,138.07000732421875,135.85000610351562,136.72999572753906,129.13101196289062,6827300
2024-01-08,QCOM,Qualcomm,136.99000549316406,139.14999389648438,136.63999938964844,139.02999877929688,131.30322265625,7729400
2024-01-09,QCOM,Qualcomm,137.5399932861328,140.9499969482422,137.13999938964844,139.88999938964844,132.11541748046875,5856900
2024-01-10,QCOM,Qualcomm,139.88999938964844,140.02999877929688,137.7899932861328,139.30999755859375,131.567626953125,5652500
2024-01-11,QCOM,Qualcomm,139.0,139.9499969482422,136.02999877929688,139.02999877929688,131.30322265625,7374900
2024-01-12,QCOM,Qualcomm,142.1199951171875,142.66000366210938,139.16000366210938,140.1999969482422,132.4081573486328,6546600
2024-01-16,QCOM,Qualcomm,140.0,141.22999572753906,137.97999572753906,141.1199951171875,133.27703857421875,7483000
2024-01-17,QCOM,Qualcomm,139.6199951171875,139.6300048828125,137.35000610351562,139.32000732421875,131.57708740234375,6584700
2024-01-18,QCOM,Qualcomm,143.14999389648438,145.64999389648438,142.3300018310547,145.2899932861328,137.21527099609375,12893000
2024-01-19,QCOM,Qualcomm,147.25999450683594,152.77000427246094,146.74000549316406,151.9600067138672,143.5146026611328,16193900
2024-01-22,QCOM,Qualcomm,152.75,154.57000732421875,151.8699951171875,152.8699951171875,144.37399291992188,10456100
2024-01-23,QCOM,Qualcomm,152.8699951171875,153.74000549316406,151.41000366210938,153.5,144.96902465820312,6232300
2024-01-24,QCOM,Qualcomm,154.7899932861328,156.32000732421875,153.89999389648438,154.3699951171875,145.79066467285156,8331900
2024-01-25,QCOM,Qualcomm,157.60000610351562,157.97999572753906,153.6699981689453,154.47000122070312,145.88510131835938,7740900
2024-01-26,QCOM,Qualcomm,152.2100067138672,152.97999572753906,150.3800048828125,150.72000122070312,142.34352111816406,7744700
2024-01-29,QCOM,Qualcomm,150.39999389648438,151.24000549316406,148.4199981689453,149.63999938964844,141.3235321044922,10770700
2024-01-30,QCOM,Qualcomm,148.0,148.8000030517578,145.57000732421875,145.97999572753906,137.86692810058594,9132800
2024-01-31,QCOM,Qualcomm,145.33999633789062,150.16000366210938,144.33999633789062,148.50999450683594,140.25634765625,21184200
2024-02-01,QCOM,Qualcomm,140.8699951171875,143.91000366210938,140.08999633789062,141.11000061035156,133.26760864257812,22810600
2024-02-02,QCOM,Qualcomm,140.64999389648438,142.13999938964844,139.25999450683594,141.69000244140625,133.8153533935547,10442700
2024-02-05,QCOM,Qualcomm,141.86000061035156,144.64999389648438,141.2100067138672,144.02999877929688,136.02532958984375,8032600
2024-02-06,QCOM,Qualcomm,144.5,144.80999755859375,142.42999267578125,144.10000610351562,136.09144592285156,7286300
2024-02-07,QCOM,Qualcomm,145.16000366210938,145.9499969482422,143.6300048828125,145.88999938964844,137.78196716308594,7361900
2024-02-08,QCOM,Qualcomm,146.85000610351562,148.61000061035156,146.2899932861328,148.17999267578125,139.94467163085938,9448700
2024-02-09,QCOM,Qualcomm,149.0,153.39999389648438,148.35000610351562,151.0,142.6079559326172,11981500
2024-02-12,QCOM,Qualcomm,150.3800048828125,154.75999450683594,150.25,153.10000610351562,144.5912322998047,11806300
2024-02-13,QCOM,Qualcomm,150.0,151.25,148.41000366210938,150.0399932861328,141.70130920410156,8976300
2024-02-14,QCOM,Qualcomm,151.30999755859375,154.38999938964844,151.0500030517578,153.94000244140625,145.3845672607422,8715100
2024-02-15,QCOM,Qualcomm,155.0,157.1699981689453,154.49000549316406,155.97999572753906,147.31117248535156,9372400
2024-02-16,QCOM,Qualcomm,157.47000122070312,157.75999450683594,152.60000610351562,152.69000244140625,144.2040557861328,8429100
2024-02-20,QCOM,Qualcomm,151.88999938964844,152.89999389648438,149.8699951171875,151.9600067138672,143.5146026611328,8745500
2024-02-21,QCOM,Qualcomm,149.8300018310547,152.0500030517578,148.89999389648438,152.00999450683594,143.56182861328125,9760300
2024-02-22,QCOM,Qualcomm,154.77000427246094,155.50999450683594,152.32000732421875,154.75,146.14956665039062,11407500
2024-02-23,QCOM,Qualcomm,155.6999969482422,156.91000366210938,154.3300018310547,154.91000366210938,146.30064392089844,5953300
2024-02-26,QCOM,Qualcomm,156.0,157.47999572753906,155.7899932861328,157.02999877929688,148.30279541015625,6307600
2024-02-27,QCOM,Qualcomm,157.75,159.1999969482422,157.49000549316406,158.3000030517578,149.50222778320312,6021400
2024-02-28,QCOM,Qualcomm,156.0,156.5399932861328,154.9600067138672,155.85000610351562,147.93603515625,5211000
2024-02-29,QCOM,Qualcomm,156.8699951171875,158.1999969482422,156.17999267578125,157.7899932861328,149.7775115966797,8321400
2024-03-01,QCOM,Qualcomm,159.38999938964844,164.0,158.07000732421875,163.08999633789062,154.8083953857422,10405700
2024-03-04,QCOM,Qualcomm,165.1199951171875,167.8300018310547,164.72000122070312,166.55999755859375,158.10214233398438,11865100
2024-03-05,QCOM,Qualcomm,164.72999572753906,165.58999633789062,160.22999572753906,161.4499969482422,153.25167846679688,9608800
2024-03-06,QCOM,Qualcomm,164.82000732421875,169.25,164.3300018310547,167.88999938964844,159.36465454101562,12230500
2024-03-07,QCOM,Qualcomm,169.60000610351562,177.58999633789062,169.42999267578125,175.72000122070312,166.7970428466797,14495100
2024-03-08,QCOM,Qualcomm,174.82000732421875,175.47000122070312,170.5399932861328,170.57000732421875,161.9085693359375,11318000
2024-03-11,QCOM,Qualcomm,169.0,171.97999572753906,168.1199951171875,171.1199951171875,162.43063354492188,7256300
2024-03-12,QCOM,Qualcomm,172.91000366210938,173.89999389648438,170.5800018310547,173.0800018310547,164.29110717773438,7642200
2024-03-13,QCOM,Qualcomm,171.22000122070312,171.5,168.60000610351562,169.25,160.6555633544922,8730500
2024-03-14,QCOM,Qualcomm,169.60000610351562,169.9499969482422,166.7100067138672,168.4499969482422,159.89622497558594,8151000
2024-03-15,QCOM,Qualcomm,167.10000610351562,168.77000427246094,165.85000610351562,167.1999969482422,158.7096710205078,16414600
2024-03-18,QCOM,Qualcomm,170.91000366210938,171.4600067138672,166.35000610351562,166.9199981689453,158.44387817382812,6653700
2024-03-19,QCOM,Qualcomm,166.08999633789062,166.4600067138672,163.6300048828125,164.10000610351562,155.76710510253906,7404400
2024-03-20,QCOM,Qualcomm,164.10000610351562,168.1699981689453,163.8300018310547,167.6699981689453,159.1558074951172,5995800
2024-03-21,QCOM,Qualcomm,170.74000549316406,172.9199981689453,169.6300048828125,170.85000610351562,162.1743621826172,8497500
2024-03-22,QCOM,Qualcomm,169.5500030517578,171.89999389648438,169.3000030517578,170.10000610351562,161.46243286132812,5645500
2024-03-25,QCOM,Qualcomm,167.8800048828125,168.77000427246094,166.97000122070312,167.52000427246094,159.01344299316406,5682500
2024-03-26,QCOM,Qualcomm,168.0500030517578,169.4199981689453,167.0,167.07000732421875,158.5862579345703,5289900
2024-03-27,QCOM,Qualcomm,169.4499969482422,169.47999572753906,166.97000122070312,169.1300048828125,160.54168701171875,6309700
2024-03-28,QCOM,Qualcomm,169.10000610351562,169.88999938964844,167.97999572753906,169.3000030517578,160.7030487060547,5324000
2024-04-01,QCOM,Qualcomm,168.27000427246094,172.8000030517578,168.2100067138672,171.72000122070312,163.0001678466797,6679100
2024-04-02,QCOM,Qualcomm,170.47000122070312,171.39999389648438,169.27999877929688,171.0399932861328,162.3546905517578,7436300
2024-04-03,QCOM,Qualcomm,170.0,173.9600067138672,169.3300018310547,173.91000366210938,165.07894897460938,6943200
2024-04-04,QCOM,Qualcomm,175.0,175.9499969482422,169.41000366210938,169.75999450683594,161.13967895507812,9031200
2024-04-05,QCOM,Qualcomm,170.17999267578125,172.24000549316406,169.7100067138672,171.52999877929688,162.81980895996094,5863300
2024-04-08,QCOM,Qualcomm,172.92999267578125,174.38999938964844,172.36000061035156,173.6199951171875,164.8036651611328,4812000
2024-04-09,QCOM,Qualcomm,175.27000427246094,175.99000549316406,173.3699951171875,175.57000732421875,166.65469360351562,5028500
2024-04-10,QCOM,Qualcomm,172.4199981689453,173.7100067138672,170.07000732421875,170.86000061035156,162.18382263183594,6177400
2024-04-11,QCOM,Qualcomm,171.6699981689453,175.6300048828125,170.5,175.1300048828125,166.23699951171875,6262600
2024-04-12,QCOM,Qualcomm,172.27999877929688,173.38999938964844,170.9600067138672,171.2899932861328,162.5919952392578,8216700
2024-04-15,QCOM,Qualcomm,174.27000427246094,174.3800048828125,168.5800018310547,169.83999633789062,161.2156219482422,6570600
2024-04-16,QCOM,Qualcomm,169.5,169.57000732421875,167.4499969482422,168.5800018310547,160.01962280273438,6390100
2024-04-17,QCOM,Qualcomm,169.22000122070312,170.19000244140625,163.77000427246094,164.32000732421875,155.9759521484375,8082000
2024-04-18,QCOM,Qualcomm,162.36000061035156,164.10000610351562,159.86000061035156,161.44000244140625,153.2421875,9209400
2024-04-19,QCOM,Qualcomm,161.2899932861328,161.38999938964844,156.33999633789062,157.6300048828125,149.6256561279297,10292200
2024-04-22,QCOM,Qualcomm,158.0399932861328,161.63999938964844,157.16000366210938,160.17999267578125,152.046142578125,7848700
2024-04-23,QCOM,Qualcomm,160.9600067138672,162.25999450683594,159.67999267578125,161.35000610351562,153.15676879882812,6616700
2024-04-24,QCOM,Qualcomm,163.8699951171875,165.92999267578125,162.0,163.6300048828125,155.32098388671875,6130500
2024-04-25,QCOM,Qualcomm,164.0800018310547,164.6300048828125,161.72999572753906,163.3000030517578,155.00772094726562,6230700
2024-04-26,QCOM,Qualcomm,162.89999389648438,166.52000427246094,162.50999450683594,165.66000366210938,157.2478790283203,7141300
2024-04-29,QCOM,Qualcomm,165.1999969482422,169.27000427246094,165.1999969482422,169.1999969482422,160.60812377929688,6623900
2024-04-30,QCOM,Qualcomm,169.22999572753906,169.24000549316406,165.80999755859375,165.85000610351562,157.42823791503906,6914200
2024-05-01,QCOM,Qualcomm,164.50999450683594,169.63999938964844,163.7899932861328,164.11000061035156,155.776611328125,13113600
2024-05-02,QCOM,Qualcomm,175.47000122070312,181.69000244140625,175.2899932861328,180.10000610351562,170.95465087890625,25894800
2024-05-03,QCOM,Qualcomm,182.24000549316406,183.19000244140625,177.8000030517578,179.63999938964844,170.51800537109375,10043900
2024-05-06,QCOM,Qualcomm,181.91000366210938,182.39999389648438,180.39999389648438,181.85000610351562,172.6157684326172,6980100
2024-05-07,QCOM,Qualcomm,182.4499969482422,184.30999755859375,179.22000122070312,180.14999389648438,171.00210571289062,8011100
2024-05-08,QCOM,Qualcomm,176.72999572753906,180.7899932861328,176.6199951171875,180.5500030517578,171.3817596435547,6242600
2024-05-09,QCOM,Qualcomm,181.0,181.7100067138672,179.44000244140625,180.5399932861328,171.37229919433594,5513500
2024-05-10,QCOM,Qualcomm,182.0,183.5500030517578,181.24000549316406,182.0800018310547,172.83407592773438,4702500
2024-05-13,QCOM,Qualcomm,183.17999267578125,184.72999572753906,182.89999389648438,184.2100067138672,174.8559112548828,6384800
2024-05-14,QCOM,Qualcomm,184.50999450683594,189.2899932861328,184.49000549316406,188.97000122070312,179.37420654296875,7713400
2024-05-15,QCOM,Qualcomm,190.00999450683594,196.0800018310547,190.0,194.61000061035156,184.72779846191406,11349100
2024-05-16,QCOM,Qualcomm,195.0,195.6300048828125,192.77999877929688,193.27000427246094,183.4558868408203,8173400
2024-05-17,QCOM,Qualcomm,192.89999389648438,195.44000244140625,191.8699951171875,193.86000061035156,184.0159149169922,5799700
2024-05-20,QCOM,Qualcomm,194.0,199.99000549316406,193.27999877929688,197.75999450683594,187.7178497314453,8879700
2024-05-21,QCOM,Qualcomm,196.00999450683594,201.97999572753906,195.75999450683594,200.85000610351562,190.65097045898438,11498800
2024-05-22,QCOM,Qualcomm,202.92999267578125,204.83999633789062,201.6999969482422,202.92999267578125,192.6253204345703,11170100
2024-05-23,QCOM,Qualcomm,205.8800048828125,207.9499969482422,199.4199981689453,201.75999450683594,191.51473999023438,14475100
2024-05-24,QCOM,Qualcomm,203.88999938964844,211.3000030517578,203.55999755859375,210.36000061035156,199.6780548095703,13809900
2024-05-28,QCOM,Qualcomm,217.22999572753906,217.42999267578125,211.3000030517578,213.0800018310547,202.25990295410156,12485400
2024-05-29,QCOM,Qualcomm,208.64999389648438,210.66000366210938,206.6999969482422,208.25999450683594,197.6846923828125,12552500
2024-05-30,QCOM,Qualcomm,208.0,209.3699951171875,203.82000732421875,204.8000030517578,195.1970672607422,12245300
2024-05-31,QCOM,Qualcomm,208.0,209.0500030517578,198.7100067138672,204.0500030517578,194.4822235107422,15064900
2024-06-03,QCOM,Qualcomm,209.55999755859375,210.97999572753906,202.41000366210938,205.91000366210938,196.2550048828125,12419500
2024-06-04,QCOM,Qualcomm,205.91000366210938,206.22999572753906,201.66000366210938,204.3699951171875,194.7872314453125,6629100
2024-06-05,QCOM,Qualcomm,206.92999267578125,212.5,205.3699951171875,211.89999389648438,201.9641571044922,11626300
2024-06-06,QCOM,Qualcomm,211.89999389648438,212.24000549316406,208.7899932861328,209.44000244140625,199.61949157714844,7597200
2024-06-07,QCOM,Qualcomm,209.72999572753906,209.8000030517578,204.88999938964844,206.6199951171875,196.93173217773438,5714400
2024-06-10,QCOM,Qualcomm,205.2899932861328,210.5800018310547,204.55999755859375,209.35000610351562,199.53372192382812,6465100
2024-06-11,QCOM,Qualcomm,207.14999389648438,209.4499969482422,204.77999877929688,208.52000427246094,198.74261474609375,8197500
2024-06-12,QCOM,Qualcomm,212.5,215.6199951171875,210.8800048828125,215.38999938964844,205.29052734375,9502800
2024-06-13,QCOM,Qualcomm,216.36000061035156,218.36000061035156,213.00999450683594,217.80999755859375,207.5970458984375,10102800
2024-06-14,QCOM,Qualcomm,217.63999938964844,218.0500030517578,213.64999389648438,215.3300018310547,205.23330688476562,6438200
2024-06-17,QCOM,Qualcomm,217.08999633789062,222.6699981689453,213.39999389648438,222.22000122070312,211.80027770996094,12109100
2024-06-18,QCOM,Qualcomm,226.82000732421875,230.6300048828125,226.0,227.08999633789062,216.44190979003906,22037500
2024-06-20,QCOM,Qualcomm,224.1999969482422,225.89999389648438,212.83999633789062,215.47000122070312,205.36676025390625,18701200
2024-06-21,QCOM,Qualcomm,211.75999450683594,215.47000122070312,209.41000366210938,212.52999877929688,202.56459045410156,22286500
2024-06-24,QCOM,Qualcomm,206.91000366210938,207.02999877929688,200.24000549316406,200.83999633789062,191.42274475097656,16087700
2024-06-25,QCOM,Qualcomm,203.13999938964844,203.14999389648438,199.1699981689453,202.1699981689453,192.6903839111328,11974900
2024-06-26,QCOM,Qualcomm,200.30999755859375,201.14999389648438,195.6999969482422,197.3300018310547,188.0773468017578,10023800
2024-06-27,QCOM,Qualcomm,196.8699951171875,198.57000732421875,193.83999633789062,195.14999389648438,185.9995574951172,11936600
2024-06-28,QCOM,Qualcomm,196.0,203.94000244140625,195.61000061035156,199.17999267578125,189.84056091308594,15547500
2024-07-01,QCOM,Qualcomm,199.47000122070312,200.6699981689453,196.0800018310547,200.02999877929688,190.65072631835938,6800600
2024-07-02,QCOM,Qualcomm,198.25,200.47999572753906,197.08999633789062,200.16000366210938,190.77464294433594,5632900
2024-07-03,QCOM,Qualcomm,202.67999267578125,204.86000061035156,200.44000244140625,203.80999755859375,194.2534942626953,4996200
2024-07-05,QCOM,Qualcomm,205.85000610351562,206.75,203.97999572753906,205.75,196.10252380371094,6375200
2024-07-08,QCOM,Qualcomm,207.24000549316406,210.44000244140625,206.14999389648438,207.88999938964844,198.14218139648438,6920400
2024-07-09,QCOM,Qualcomm,206.47999572753906,208.5500030517578,204.66000366210938,207.1199951171875,197.4082794189453,5272600
2024-07-10,QCOM,Qualcomm,208.74000549316406,209.24000549316406,206.55999755859375,208.8000030517578,199.009521484375,5159400
2024-07-11,QCOM,Qualcomm,210.02000427246094,210.1300048828125,199.77000427246094,199.85000610351562,190.4791717529297,8602200
2024-07-12,QCOM,Qualcomm,201.66000366210938,206.0800018310547,200.25,202.42999267578125,192.93817138671875,7217200
2024-07-15,QCOM,Qualcomm,203.0,209.24000549316406,202.7899932861328,208.17999267578125,198.4185791015625,7463700
2024-07-16,QCOM,Qualcomm,210.0,211.08999633789062,206.6199951171875,209.63999938964844,199.81011962890625,5998500
2024-07-17,QCOM,Qualcomm,199.72999572753906,200.0,190.55999755859375,191.60000610351562,182.6160125732422,16156200
2024-07-18,QCOM,Qualcomm,193.77999877929688,193.89999389648438,186.9499969482422,191.4600067138672,182.4825897216797,9960600
2024-07-19,QCOM,Qualcomm,191.69000244140625,193.08999633789062,185.75999450683594,186.2100067138672,177.47874450683594,9195700
2024-07-22,QCOM,Qualcomm,191.0,195.5,189.0500030517578,194.97000122070312,185.8280029296875,7590000
2024-07-23,QCOM,Qualcomm,194.1999969482422,196.24000549316406,192.14999389648438,193.35000610351562,184.28395080566406,5796700
2024-07-24,QCOM,Qualcomm,189.33999633789062,189.61000061035156,180.69000244140625,181.07000732421875,172.57977294921875,13295300
2024-07-25,QCOM,Qualcomm,179.6199951171875,180.24000549316406,173.27000427246094,175.38999938964844,167.16607666015625,12700100
2024-07-26,QCOM,Qualcomm,179.00999450683594,181.3000030517578,177.57000732421875,180.0500030517578,171.60757446289062,6567800
2024-07-29,QCOM,Qualcomm,181.5,182.63999938964844,177.85000610351562,178.63999938964844,170.26370239257812,6051600
2024-07-30,QCOM,Qualcomm,179.33999633789062,179.39999389648438,166.77000427246094,166.94000244140625,159.11227416992188,15338900
2024-07-31,QCOM,Qualcomm,175.5800018310547,181.0800018310547,173.41000366210938,180.9499969482422,172.46536254882812,19222200
2024-08-01,QCOM,Qualcomm,171.75999450683594,176.97000122070312,161.3300018310547,164.0,156.3101348876953,24795000
2024-08-02,QCOM,Qualcomm,160.52000427246094,164.25999450683594,157.52999877929688,159.30999755859375,151.8400421142578,16618900
2024-08-05,QCOM,Qualcomm,153.27000427246094,162.82000732421875,151.38999938964844,157.9499969482422,150.54383850097656,12733900
2024-08-06,QCOM,Qualcomm,158.4199981689453,163.6300048828125,156.5,158.72000122070312,151.27774047851562,9301000
2024-08-07,QCOM,Qualcomm,163.5800018310547,164.32000732421875,155.5,156.1199951171875,148.7996368408203,9266900
2024-08-08,QCOM,Qualcomm,160.74000549316406,165.58999633789062,157.8699951171875,164.9499969482422,157.2156219482422,9590900
2024-08-09,QCOM,Qualcomm,164.07000732421875,165.88999938964844,161.97999572753906,164.47999572753906,156.76763916015625,4824600
2024-08-12,QCOM,Qualcomm,160.55999755859375,163.38999938964844,157.4199981689453,162.88999938964844,155.252197265625,8548000
2024-08-13,QCOM,Qualcomm,164.3000030517578,169.55999755859375,163.27999877929688,169.47000122070312,161.52365112304688,11102100
2024-08-14,QCOM,Qualcomm,170.63999938964844,171.25999450683594,164.72000122070312,167.14999389648438,159.3124237060547,7208200
2024-08-15,QCOM,Qualcomm,171.75,174.63999938964844,170.61000061035156,173.33999633789062,165.2122039794922,10752100
2024-08-16,QCOM,Qualcomm,172.2899932861328,173.3800048828125,170.6300048828125,172.17999267578125,164.10658264160156,5435700
2024-08-19,QCOM,Qualcomm,171.57000732421875,174.32000732421875,168.74000549316406,174.25999450683594,166.0890655517578,6708100
2024-08-20,QCOM,Qualcomm,173.86000061035156,175.42999267578125,171.14999389648438,172.11000061035156,164.0398712158203,6222400
2024-08-21,QCOM,Qualcomm,172.99000549316406,174.8699951171875,172.0800018310547,174.22000122070312,166.05093383789062,6309500
2024-08-22,QCOM,Qualcomm,174.3000030517578,174.58999633789062,168.3800048828125,169.0,161.07569885253906,6743500
2024-08-23,QCOM,Qualcomm,171.75999450683594,174.6199951171875,170.6300048828125,173.5,165.36468505859375,6823600
2024-08-26,QCOM,Qualcomm,171.97000122070312,172.3800048828125,168.52999877929688,169.49000549316406,161.54270935058594,7437600
2024-08-27,QCOM,Qualcomm,169.1699981689453,174.44000244140625,168.27000427246094,173.92999267578125,165.7745361328125,6498800
2024-08-28,QCOM,Qualcomm,174.3800048828125,175.72000122070312,169.6300048828125,171.85000610351562,163.7920684814453,6534600
2024-08-29,QCOM,Qualcomm,173.4199981689453,176.36000061035156,168.92999267578125,169.49000549316406,161.54270935058594,12514200
2024-08-30,QCOM,Qualcomm,172.2899932861328,175.4600067138672,170.8000030517578,175.3000030517578,167.08029174804688,11110800
2024-09-03,QCOM,Qualcomm,171.88999938964844,172.16000366210938,162.0,163.24000549316406,155.58578491210938,11620300
2024-09-04,QCOM,Qualcomm,163.0,168.24000549316406,162.6300048828125,165.3300018310547,157.57778930664062,6737000
2024-09-05,QCOM,Qualcomm,163.0800018310547,165.8000030517578,161.85000610351562,163.6999969482422,156.8305206298828,5600000
2024-09-06,QCOM,Qualcomm,162.74000549316406,163.19000244140625,157.1300048828125,158.19000244140625,151.5517578125,10703000
2024-09-09,QCOM,Qualcomm,161.08999633789062,162.3699951171875,158.57000732421875,160.77000427246094,154.0234832763672,7494900
2024-09-10,QCOM,Qualcomm,160.0,162.05999755859375,157.67999267578125,161.67999267578125,154.89527893066406,7918100
2024-09-11,QCOM,Qualcomm,162.36000061035156,166.89999389648438,159.25,166.55999755859375,159.57049560546875,8275400
2024-09-12,QCOM,Qualcomm,165.8800048828125,166.30999755859375,162.89999389648438,164.97999572753906,158.05677795410156,6039200
2024-09-13,QCOM,Qualcomm,165.80999755859375,168.3000030517578,165.44000244140625,167.72999572753906,160.69139099121094,4049900
2024-09-16,QCOM,Qualcomm,164.92999267578125,167.33999633789062,163.7899932861328,166.61000061035156,159.618408203125,6510000
2024-09-17,QCOM,Qualcomm,168.8800048828125,169.5,166.0800018310547,168.6999969482422,161.62069702148438,5828000
2024-09-18,QCOM,Qualcomm,169.52000427246094,172.4199981689453,167.6999969482422,168.3000030517578,161.2374725341797,5877600
2024-09-19,QCOM,Qualcomm,174.4199981689453,176.8000030517578,172.49000549316406,173.9199981689453,166.62164306640625,10900000
2024-09-20,QCOM,Qualcomm,172.69000244140625,173.07000732421875,164.3000030517578,168.9199981689453,161.8314666748047,27546400
2024-09-23,QCOM,Qualcomm,168.4199981689453,169.97999572753906,165.35000610351562,165.9600067138672,158.99571228027344,9810000
2024-09-24,QCOM,Qualcomm,167.4199981689453,169.36000061035156,165.97999572753906,166.9499969482422,159.94410705566406,9666800
2024-09-25,QCOM,Qualcomm,166.27999877929688,168.58999633789062,165.75999450683594,168.27000427246094,161.20875549316406,5095500
2024-09-26,QCOM,Qualcomm,174.91000366210938,175.75,166.77999877929688,172.66000366210938,165.41452026367188,8475000
2024-09-27,QCOM,Qualcomm,173.0,173.4499969482422,169.8300018310547,170.1300048828125,162.99069213867188,5880700
2024-09-30,QCOM,Qualcomm,171.3699951171875,172.22999572753906,167.75,170.0500030517578,162.91404724121094,8099700
2024-10-01,QCOM,Qualcomm,169.8000030517578,170.2899932861328,164.0800018310547,165.77999877929688,158.8232421875,8277600
2024-10-02,QCOM,Qualcomm,166.14999389648438,169.75,165.14999389648438,168.32000732421875,161.25665283203125,4484600
2024-10-03,QCOM,Qualcomm,165.9499969482422,169.52999877929688,165.66000366210938,168.9199981689453,161.8314666748047,6260200
2024-10-04,QCOM,Qualcomm,172.5500030517578,172.8000030517578,166.47999572753906,168.89999389648438,161.8123016357422,6586500
2024-10-07,QCOM,Qualcomm,167.63999938964844,168.72000122070312,165.74000549316406,166.94000244140625,159.93455505371094,4359300
2024-10-08,QCOM,Qualcomm,164.86000061035156,167.72000122070312,163.66000366210938,166.33999633789062,159.35972595214844,7843500
2024-10-09,QCOM,Qualcomm,165.9499969482422,170.3000030517578,164.6699981689453,170.22000122070312,163.07691955566406,5486500
2024-10-10,QCOM,Qualcomm,167.22999572753906,168.75,165.3300018310547,168.52000427246094,161.4482421875,5048000
2024-10-11,QCOM,Qualcomm,168.0,170.42999267578125,166.8699951171875,169.97999572753906,162.84698486328125,3801400
2024-10-14,QCOM,Qualcomm,171.33999633789062,178.8699951171875,170.89999389648438,178.0399932861328,170.56875610351562,9933600
2024-10-15,QCOM,Qualcomm,177.22000122070312,179.8300018310547,172.75,174.08999633789062,166.7845001220703,12910400
2024-10-16,QCOM,Qualcomm,174.6199951171875,174.6699981689453,170.22000122070312,171.47999572753906,164.28404235839844,6495700
2024-10-17,QCOM,Qualcomm,175.6199951171875,175.6199951171875,171.02000427246094,171.10000610351562,163.91998291015625,6093200
2024-10-18,QCOM,Qualcomm,172.11000061035156,172.5800018310547,169.4199981689453,170.9199981689453,163.74754333496094,6432700
2024-10-21,QCOM,Qualcomm,169.63999938964844,170.1699981689453,166.07000732421875,169.00999450683594,161.9176788330078,7297700
2024-10-22,QCOM,Qualcomm,169.00999450683594,173.47999572753906,168.22999572753906,173.17999267578125,165.91268920898438,7313000
2024-10-23,QCOM,Qualcomm,169.33999633789062,172.63999938964844,164.3000030517578,166.60000610351562,159.60882568359375,9788200
2024-10-24,QCOM,Qualcomm,166.61000061035156,168.94000244140625,165.52999877929688,168.10000610351562,161.04588317871094,4933400
2024-10-25,QCOM,Qualcomm,170.27999877929688,173.17999267578125,169.80999755859375,170.27000427246094,163.12481689453125,5496600
2024-10-28,QCOM,Qualcomm,169.4199981689453,173.14999389648438,169.3699951171875,172.22000122070312,164.9929962158203,5024600
2024-10-29,QCOM,Qualcomm,172.1999969482422,176.57000732421875,171.25999450683594,176.0,168.61436462402344,6427700
2024-10-30,QCOM,Qualcomm,169.9199981689453,171.74000549316406,167.52999877929688,167.6199951171875,160.5860137939453,8819700
2024-10-31,QCOM,Qualcomm,167.6199951171875,167.77999877929688,162.0800018310547,162.77000427246094,155.9395294189453,10261200
2024-11-01,QCOM,Qualcomm,163.0800018310547,166.0800018310547,162.77000427246094,165.27000427246094,158.3346405029297,6498100
2024-11-04,QCOM,Qualcomm,165.05999755859375,167.5,163.63999938964844,165.17999267578125,158.24842834472656,4949800
2024-11-05,QCOM,Qualcomm,165.0,167.58999633789062,164.25,165.91000366210938,158.94778442382812,5373200
2024-11-06,QCOM,Qualcomm,169.25,178.4499969482422,168.6699981689453,172.99000549316406,165.73069763183594,17661900
2024-11-07,QCOM,Qualcomm,180.27000427246094,182.10000610351562,171.6300048828125,172.91000366210938,165.65402221679688,23586300
2024-11-08,QCOM,Qualcomm,172.08999633789062,173.49000549316406,168.75,170.91000366210938,163.7379608154297,10736600
2024-11-11,QCOM,Qualcomm,170.0,170.7899932861328,166.08999633789062,168.2899932861328,161.22789001464844,7829500
2024-11-12,QCOM,Qualcomm,167.0500030517578,167.3300018310547,161.86000061035156,163.41000366210938,156.55271911621094,8483300
2024-11-13,QCOM,Qualcomm,162.7899932861328,162.94000244140625,159.75,160.4199981689453,153.68817138671875,7921700
2024-11-14,QCOM,Qualcomm,162.9499969482422,164.91000366210938,161.8699951171875,163.97000122070312,157.08920288085938,7012600
2024-11-15,QCOM,Qualcomm,163.0,164.3300018310547,159.60000610351562,160.5,153.76480102539062,9737000
2024-11-18,QCOM,Qualcomm,162.60000610351562,165.13999938964844,162.0,164.5,157.59695434570312,7814200
2024-11-19,QCOM,Qualcomm,164.02999877929688,166.22999572753906,162.64999389648438,164.7100067138672,157.79812622070312,6176800
2024-11-20,QCOM,Qualcomm,164.0,164.1999969482422,152.9499969482422,154.27000427246094,147.79623413085938,14483000
2024-11-21,QCOM,Qualcomm,155.16000366210938,156.94000244140625,153.58999633789062,155.4600067138672,148.93629455566406,10685800
2024-11-22,QCOM,Qualcomm,154.7899932861328,156.8800048828125,153.72999572753906,156.7899932861328,150.2104949951172,5709300
2024-11-25,QCOM,Qualcomm,158.94000244140625,159.64999389648438,157.22000122070312,158.82000732421875,152.15530395507812,9189800
2024-11-26,QCOM,Qualcomm,159.75,161.47000122070312,156.08999633789062,156.92999267578125,150.3446044921875,9489900
2024-11-27,QCOM,Qualcomm,156.92999267578125,157.64999389648438,154.4600067138672,156.39999389648438,149.83685302734375,6337900
2024-11-29,QCOM,Qualcomm,158.11000061035156,161.52000427246094,157.75,158.52999877929688,151.8774871826172,6112000
2024-12-02,QCOM,Qualcomm,158.3800048828125,163.3699951171875,158.3800048828125,163.02999877929688,156.18862915039062,9812700
2024-12-03,QCOM,Qualcomm,161.5,163.86000061035156,161.32000732421875,162.5800018310547,155.75753784179688,6961400
2024-12-04,QCOM,Qualcomm,164.47999572753906,165.0,162.24000549316406,163.33999633789062,156.4856414794922,6721600
2024-12-05,QCOM,Qualcomm,162.58999633789062,164.4499969482422,159.92999267578125,160.38999938964844,154.46324157714844,7279800
2024-12-06,QCOM,Qualcomm,160.38999938964844,160.38999938964844,157.24000549316406,159.50999450683594,153.61572265625,9918400
2024-12-09,QCOM,Qualcomm,157.47999572753906,162.92999267578125,157.47000122070312,160.74000549316406,154.80030822753906,9481200
2024-12-10,QCOM,Qualcomm,160.77000427246094,161.49000549316406,156.0399932861328,156.4600067138672,150.67845153808594,8683600
2024-12-11,QCOM,Qualcomm,157.2899932861328,160.4600067138672,156.97000122070312,159.8300018310547,153.92391967773438,7081800
2024-12-12,QCOM,Qualcomm,158.6699981689453,159.4600067138672,156.9199981689453,158.24000549316406,152.39266967773438,5796100
2024-12-13,QCOM,Qualcomm,158.24000549316406,159.67999267578125,156.6199951171875,158.52999877929688,152.67196655273438,8886700
2024-12-16,QCOM,Qualcomm,158.16000366210938,158.7100067138672,154.02000427246094,157.88999938964844,152.05560302734375,9951100
2024-12-17,QCOM,Qualcomm,156.49000549316406,159.97999572753906,156.49000549316406,157.9199981689453,152.08448791503906,7187400
2024-12-18,QCOM,Qualcomm,158.25,161.16000366210938,152.32000732421875,153.0500030517578,147.3944549560547,10295200
2024-12-19,QCOM,Qualcomm,154.02999877929688,155.47000122070312,150.05999755859375,150.39999389648438,144.8423614501953,8414800
2024-12-20,QCOM,Qualcomm,149.5800018310547,154.57000732421875,149.42999267578125,152.88999938964844,147.24037170410156,17347100
2024-12-23,QCOM,Qualcomm,155.66000366210938,158.69000244140625,154.5500030517578,158.24000549316406,152.39266967773438,8863200
2024-12-24,QCOM,Qualcomm,158.63999938964844,159.39999389648438,157.5399932861328,159.36000061035156,153.47129821777344,2839600
2024-12-26,QCOM,Qualcomm,157.39999389648438,159.55999755859375,157.35000610351562,158.52999877929688,152.67196655273438,3846900
2024-12-27,QCOM,Qualcomm,157.19000244140625,157.75,155.52000427246094,157.24000549316406,151.4296417236328,7232500
2024-12-30,QCOM,Qualcomm,155.22999572753906,156.1300048828125,153.8000030517578,154.5800018310547,148.867919921875,5356000
2024-12-31,QCOM,Qualcomm,154.72000122070312,155.83999633789062,153.2100067138672,153.6199951171875,147.94338989257812,4423300
2025-01-02,QCOM,Qualcomm,155.00999450683594,157.50999450683594,152.7899932861328,153.63999938964844,147.96267700195312,5009100
2025-01-03,QCOM,Qualcomm,155.4199981689453,158.44000244140625,154.49000549316406,157.8300018310547,151.99781799316406,5885800
2025-01-06,QCOM,Qualcomm,159.3300018310547,165.6699981689453,159.3300018310547,159.85000610351562,153.94317626953125,9599800
2025-01-07,QCOM,Qualcomm,162.0,163.4499969482422,159.25,160.52000427246094,154.58843994140625,7666000
2025-01-08,QCOM,Qualcomm,160.0500030517578,160.19000244140625,156.94000244140625,159.0800018310547,153.20162963867188,7731900
2025-01-10,QCOM,Qualcomm,157.6999969482422,158.27999877929688,155.5500030517578,156.97999572753906,151.17922973632812,6236800
2025-01-13,QCOM,Qualcomm,155.22000122070312,157.3699951171875,154.8000030517578,157.1300048828125,151.32366943359375,5714700
2025-01-14,QCOM,Qualcomm,160.13999938964844,161.00999450683594,156.55999755859375,159.52999877929688,153.63499450683594,6476500
2025-01-15,QCOM,Qualcomm,162.10000610351562,165.4499969482422,162.08999633789062,164.41000366210938,158.3346710205078,9284000
2025-01-16,QCOM,Qualcomm,165.35000610351562,165.83999633789062,161.27999877929688,161.42999267578125,155.4647979736328,7188900
2025-01-17,QCOM,Qualcomm,165.3800048828125,165.61000061035156,163.10000610351562,164.55999755859375,158.47915649414062,8097500
2025-01-21,QCOM,Qualcomm,166.0,168.67999267578125,165.35000610351562,167.27000427246094,161.08900451660156,7380500
2025-01-22,QCOM,Qualcomm,168.32000732421875,172.08999633789062,168.19000244140625,170.24000549316406,163.94923400878906,7281700
2025-01-23,QCOM,Qualcomm,170.3800048828125,174.3800048828125,169.3800048828125,174.36000061035156,167.91700744628906,7172300
2025-01-24,QCOM,Qualcomm,175.10000610351562,175.1999969482422,171.94000244140625,172.11000061035156,165.75015258789062,5825800
2025-01-27,QCOM,Qualcomm,172.10000610351562,172.1999969482422,167.27999877929688,171.17999267578125,164.85450744628906,15632600
2025-01-28,QCOM,Qualcomm,170.22000122070312,173.49000549316406,169.80999755859375,171.5500030517578,165.2108154296875,8720200
2025-01-29,QCOM,Qualcomm,171.5500030517578,173.49000549316406,170.22000122070312,171.7100067138672,165.36495971679688,5118900
2025-01-30,QCOM,Qualcomm,172.33999633789062,173.5399932861328,170.97000122070312,171.92999267578125,165.5767822265625,6010600
2025-01-31,QCOM,Qualcomm,172.50999450683594,176.7899932861328,172.2899932861328,172.92999267578125,166.53981018066406,7800500
2025-02-03,QCOM,Qualcomm,168.8800048828125,172.5800018310547,168.05999755859375,170.24000549316406,163.94923400878906,7447100
2025-02-04,QCOM,Qualcomm,168.5,173.7899932861328,168.5,173.0399932861328,166.64576721191406,5457900
2025-02-05,QCOM,Qualcomm,173.0,177.0,169.89999389648438,175.86000061035156,169.361572265625,15197800
2025-02-06,QCOM,Qualcomm,167.83999633789062,169.49000549316406,165.39999389648438,169.32000732421875,163.06321716308594,16293500
2025-02-07,QCOM,Qualcomm,169.8300018310547,171.3000030517578,166.05999755859375,167.9600067138672,161.75350952148438,7841700
2025-02-10,QCOM,Qualcomm,169.72999572753906,171.8000030517578,169.0,171.36000061035156,165.02786254882812,6237700
2025-02-11,QCOM,Qualcomm,169.64999389648438,172.6999969482422,169.11000061035156,171.99000549316406,165.63458251953125,6588100
2025-02-12,QCOM,Qualcomm,169.5500030517578,170.92999267578125,168.24000549316406,170.2899932861328,163.99737548828125,5505700
2025-02-13,QCOM,Qualcomm,170.19000244140625,172.36000061035156,169.47000122070312,172.14999389648438,165.7886505126953,6362200
2025-02-14,QCOM,Qualcomm,172.60000610351562,172.82000732421875,171.0399932861328,172.22999572753906,165.86570739746094,4691300
2025-02-18,QCOM,Qualcomm,173.25999450683594,173.72000122070312,171.24000549316406,173.63999938964844,167.22360229492188,7292600
2025-02-19,QCOM,Qualcomm,173.99000549316406,176.5,173.35000610351562,175.22000122070312,168.74522399902344,6849600
2025-02-20,QCOM,Qualcomm,176.0,176.38999938964844,172.89999389648438,173.6999969482422,167.28138732910156,6316400
2025-02-21,QCOM,Qualcomm,174.97999572753906,175.42999267578125,165.2100067138672,165.42999267578125,159.3169708251953,12531900
2025-02-24,QCOM,Qualcomm,165.91000366210938,166.58999633789062,160.99000549316406,161.10000610351562,155.14700317382812,9827800
2025-02-25,QCOM,Qualcomm,161.66000366210938,163.3300018310547,159.44000244140625,161.22000122070312,155.2625732421875,8244900
2025-02-26,QCOM,Qualcomm,161.8300018310547,164.13999938964844,160.92999267578125,162.10000610351562,156.11004638671875,9161900
2025-02-27,QCOM,Qualcomm,162.33999633789062,163.25,154.10000610351562,154.44000244140625,148.73309326171875,10807200
2025-02-28,QCOM,Qualcomm,155.10000610351562,157.30999755859375,153.39999389648438,157.1699981689453,151.36221313476562,10149500
2025-03-03,QCOM,Qualcomm,158.99000549316406,160.0800018310547,152.52000427246094,153.6199951171875,147.94338989257812,9601900
2025-03-04,QCOM,Qualcomm,155.27000427246094,157.1999969482422,151.35000610351562,154.4600067138672,148.7523651123047,8956800
2025-03-05,QCOM,Qualcomm,155.0399932861328,159.14999389648438,153.02999877929688,158.49000549316406,152.63343811035156,6786900
2025-03-06,QCOM,Qualcomm,154.11000061035156,157.8800048828125,154.08999633789062,156.0399932861328,151.084228515625,7808100
2025-03-07,QCOM,Qualcomm,155.22000122070312,161.82000732421875,155.22000122070312,161.22000122070312,156.09974670410156,8727600
2025-03-10,QCOM,Qualcomm,157.35000610351562,159.25999450683594,152.61000061035156,154.97999572753906,150.0579071044922,10139900
2025-03-11,QCOM,Qualcomm,154.85000610351562,156.22999572753906,150.86000061035156,153.10000610351562,148.23760986328125,8692900
2025-03-12,QCOM,Qualcomm,154.2100067138672,155.86000061035156,151.9199981689453,152.8000030517578,147.94715881347656,7117400
2025-03-13,QCOM,Qualcomm,152.60000610351562,155.6300048828125,150.4199981689453,151.94000244140625,147.11444091796875,5861700
2025-03-14,QCOM,Qualcomm,153.55999755859375,156.9499969482422,153.5399932861328,156.5800018310547,151.60708618164062,5309400
2025-03-17,QCOM,Qualcomm,155.60000610351562,158.72000122070312,155.44000244140625,157.9499969482422,152.93359375,5781000
2025-03-18,QCOM,Qualcomm,157.9499969482422,159.72999572753906,155.9199981689453,156.2899932861328,151.32630920410156,6898400
2025-03-19,QCOM,Qualcomm,156.42999267578125,160.50999450683594,155.05999755859375,158.25999450683594,153.23373413085938,5871000
2025-03-20,QCOM,Qualcomm,158.0,159.1199951171875,156.52000427246094,157.9499969482422,152.93359375,5089300
2025-03-21,QCOM,Qualcomm,154.97999572753906,157.4199981689453,153.55999755859375,156.82000732421875,151.8394775390625,10949300
2025-03-24,QCOM,Qualcomm,160.0,161.0,158.8000030517578,160.0800018310547,154.99594116210938,6033400
2025-03-25,QCOM,Qualcomm,159.8800048828125,161.47000122070312,159.4199981689453,160.14999389648438,155.06370544433594,3978200
2025-03-26,QCOM,Qualcomm,159.4499969482422,160.80999755859375,156.85000610351562,158.38999938964844,153.35963439941406,5960300
2025-03-27,QCOM,Qualcomm,158.2100067138672,159.25,155.75,157.97000122070312,152.95297241210938,6102000
2025-03-28,QCOM,Qualcomm,156.9199981689453,157.63999938964844,151.55999755859375,152.72000122070312,147.8697052001953,8918000
2025-03-31,QCOM,Qualcomm,150.80999755859375,153.85000610351562,147.8800048828125,153.61000061035156,148.73143005371094,8613600
2025-04-01,QCOM,Qualcomm,152.38999938964844,153.32000732421875,150.25999450683594,153.0500030517578,148.18922424316406,5708900
2025-04-02,QCOM,Qualcomm,150.7899932861328,155.4600067138672,150.3699951171875,154.0800018310547,149.18649291992188,5377200
2025-04-03,QCOM,Qualcomm,147.0,147.39999389648438,138.55999755859375,139.4199981689453,134.9921112060547,16465000
2025-04-04,QCOM,Qualcomm,134.33999633789062,135.86000061035156,126.68000030517578,127.45999908447266,123.41194152832031,19018600
2025-04-07,QCOM,Qualcomm,124.58999633789062,137.1999969482422,120.80000305175781,129.72000122070312,125.60015869140625,17938300
2025-04-08,QCOM,Qualcomm,131.1300048828125,135.2899932861328,121.73999786376953,124.66000366210938,120.70086669921875,14965900
2025-04-09,QCOM,Qualcomm,125.16000366210938,144.86000061035156,124.19000244140625,143.58999633789062,139.0296630859375,21242600
2025-04-10,QCOM,Qualcomm,137.00999450683594,139.05999755859375,129.2899932861328,134.39999389648438,130.13153076171875,14898800
2025-04-11,QCOM,Qualcomm,134.0,140.64999389648438,131.11000061035156,139.25,134.82749938964844,10955300
2025-04-14,QCOM,Qualcomm,142.75,143.11000061035156,136.8300018310547,139.19000244140625,134.76939392089844,6930300
2025-04-15,QCOM,Qualcomm,139.4600067138672,140.83999633789062,138.02999877929688,138.60000610351562,134.1981201171875,6346800
2025-04-16,QCOM,Qualcomm,133.67999267578125,137.30999755859375,131.7899932861328,135.74000549316406,131.42898559570312,10417200
2025-04-17,QCOM,Qualcomm,137.3800048828125,138.14999389648438,135.7100067138672,136.66000366210938,132.3197479248047,7135900
2025-04-21,QCOM,Qualcomm,134.72999572753906,136.5500030517578,133.36000061035156,136.13999938964844,131.8162841796875,8128300
2025-04-22,QCOM,Qualcomm,136.75,139.10000610351562,136.49000549316406,138.74000549316406,134.3336944580078,8228000
2025-04-23,QCOM,Qualcomm,142.5800018310547,143.8800048828125,139.77999877929688,140.4600067138672,135.99908447265625,9073500
2025-04-24,QCOM,Qualcomm,142.77999877929688,147.82000732421875,141.99000549316406,147.2100067138672,142.53469848632812,8810600
2025-04-25,QCOM,Qualcomm,146.0800018310547,149.1999969482422,146.0800018310547,148.55999755859375,143.84181213378906,5145600
2025-04-28,QCOM,Qualcomm,148.17999267578125,149.3000030517578,145.44000244140625,147.6199951171875,142.93165588378906,5743500
2025-04-29,QCOM,Qualcomm,146.66000366210938,148.25999450683594,145.52000427246094,146.8800048828125,142.2151641845703,6692000
2025-04-30,QCOM,Qualcomm,145.1999969482422,148.85000610351562,143.8800048828125,148.4600067138672,143.74497985839844,10851900
2025-05-01,QCOM,Qualcomm,138.7899932861328,138.9600067138672,134.8699951171875,135.2100067138672,130.9158172607422,22836600
2025-05-02,QCOM,Qualcomm,137.85000610351562,141.41000366210938,137.2899932861328,139.80999755859375,135.3697052001953,13185600
2025-05-05,QCOM,Qualcomm,138.3000030517578,140.77000427246094,138.2899932861328,139.44000244140625,135.01145935058594,7165300
2025-05-06,QCOM,Qualcomm,137.82000732421875,140.8000030517578,137.4600067138672,139.89999389648438,135.45684814453125,6957900
2025-05-07,QCOM,Qualcomm,140.3800048828125,144.6999969482422,140.25,144.3000030517578,139.71710205078125,10196400
2025-05-08,QCOM,Qualcomm,145.63999938964844,147.5,143.88999938964844,145.10000610351562,140.49169921875,8489100
2025-05-09,QCOM,Qualcomm,145.66000366210938,146.97999572753906,144.60000610351562,145.17999267578125,140.5691680908203,6217100
2025-05-12,QCOM,Qualcomm,154.0800018310547,154.36000061035156,149.8300018310547,152.1199951171875,147.2887420654297,11414600
2025-05-13,QCOM,Qualcomm,152.00999450683594,153.2899932861328,150.9600067138672,151.33999633789062,146.5335235595703,10160900
2025-05-14,QCOM,Qualcomm,151.92999267578125,153.27000427246094,150.42999267578125,152.97999572753906,148.1214141845703,6971200
2025-05-15,QCOM,Qualcomm,151.7100067138672,153.38999938964844,150.17999267578125,152.61000061035156,147.76319885253906,6941200
2025-05-16,QCOM,Qualcomm,152.8699951171875,153.05999755859375,151.3000030517578,152.5,147.65667724609375,6668000
2025-05-19,QCOM,Qualcomm,150.5500030517578,153.82000732421875,150.11000061035156,153.6999969482422,148.8185577392578,7241100
2025-05-20,QCOM,Qualcomm,153.0399932861328,153.88999938964844,151.92999267578125,153.82000732421875,148.9347686767578,5269500
2025-05-21,QCOM,Qualcomm,153.5800018310547,156.1300048828125,150.8300018310547,151.30999755859375,146.50448608398438,9684500
2025-05-22,QCOM,Qualcomm,151.38999938964844,151.5800018310547,147.22000122070312,147.3699951171875,142.68959045410156,9539100
2025-05-23,QCOM,Qualcomm,143.4199981689453,146.49000549316406,141.77000427246094,145.3800048828125,140.7628173828125,8994600
2025-05-27,QCOM,Qualcomm,147.5500030517578,149.35000610351562,146.42999267578125,148.6300048828125,143.90957641601562,9788800
2025-05-28,QCOM,Qualcomm,148.82000732421875,149.49000549316406,147.36000061035156,147.60000610351562,142.9123077392578,7032300
2025-05-29,QCOM,Qualcomm,149.86000061035156,150.5,147.24000549316406,148.33999633789062,143.6287841796875,5980700
2025-05-30,QCOM,Qualcomm,148.0,148.02000427246094,143.47999572753906,145.1999969482422,140.58851623535156,13755600
2025-06-02,QCOM,Qualcomm,144.8000030517578,147.2100067138672,144.47999572753906,146.6300048828125,141.97311401367188,6419500
2025-06-03,QCOM,Qualcomm,146.7100067138672,149.77999877929688,145.50999450683594,148.94000244140625,144.20973205566406,6164100
2025-06-04,QCOM,Qualcomm,150.0,150.0500030517578,147.3800048828125,149.0500030517578,144.31622314453125,7143800
2025-06-05,QCOM,Qualcomm,148.8000030517578,150.0800018310547,147.0,147.55999755859375,143.7318115234375,5605500
2025-06-06,QCOM,Qualcomm,149.8000030517578,150.58999633789062,149.0500030517578,149.24000549316406,145.36822509765625,5794700
2025-06-09,QCOM,Qualcomm,151.80999755859375,156.1199951171875,151.1699981689453,155.41000366210938,151.37814331054688,10589400
2025-06-10,QCOM,Qualcomm,156.19000244140625,159.50999450683594,155.07000732421875,159.1300048828125,155.0016632080078,9068400
2025-06-11,QCOM,Qualcomm,160.0,162.13999938964844,157.6999969482422,159.47999572753906,155.34255981445312,8859900
2025-06-12,QCOM,Qualcomm,159.0,159.61000061035156,157.9499969482422,158.6999969482422,154.58279418945312,5689400
2025-06-13,QCOM,Qualcomm,156.33999633789062,157.1699981689453,154.44000244140625,154.72000122070312,150.7060546875,8446400
2025-06-16,QCOM,Qualcomm,157.02999877929688,158.4499969482422,155.63999938964844,156.8699951171875,152.80027770996094,8686300
2025-06-17,QCOM,Qualcomm,156.64999389648438,157.5800018310547,154.38999938964844,154.4600067138672,150.4528045654297,7146900
2025-06-18,QCOM,Qualcomm,155.0,156.10000610351562,153.14999389648438,153.6300048828125,149.64434814453125,6708700
2025-06-20,QCOM,Qualcomm,154.22999572753906,155.1199951171875,150.6300048828125,151.32000732421875,147.39425659179688,15501900
2025-06-23,QCOM,Qualcomm,151.22999572753906,153.52000427246094,149.67999267578125,153.13999938964844,149.16705322265625,6860700
2025-06-24,QCOM,Qualcomm,154.72999572753906,156.3000030517578,154.14999389648438,155.7100067138672,151.67037963867188,7692700
2025-06-25,QCOM,Qualcomm,156.10000610351562,156.52999877929688,154.58999633789062,155.92999267578125,151.88465881347656,5280100
2025-06-26,QCOM,Qualcomm,156.5,158.4199981689453,155.91000366210938,158.19000244140625,154.08602905273438,6278200
2025-06-27,QCOM,Qualcomm,158.64999389648438,161.10000610351562,157.57000732421875,158.5399932861328,154.4269561767578,22100300
2025-06-30,QCOM,Qualcomm,158.38999938964844,159.86000061035156,157.8000030517578,159.25999450683594,155.12828063964844,7988200
2025-07-01,QCOM,Qualcomm,158.22000122070312,161.64999389648438,157.97999572753906,159.39999389648438,155.26463317871094,8942300
2025-07-02,QCOM,Qualcomm,159.67999267578125,162.7899932861328,158.8000030517578,162.32000732421875,158.10890197753906,8916400
2025-07-03,QCOM,Qualcomm,163.0399932861328,163.9600067138672,162.08999633789062,162.2100067138672,158.00173950195312,4280800
2025-07-07,QCOM,Qualcomm,161.11000061035156,161.49000549316406,157.57000732421875,158.08999633789062,153.98861694335938,7187400
2025-07-08,QCOM,Qualcomm,159.47000122070312,161.8300018310547,158.61000061035156,159.4499969482422,155.31333923339844,6879100
2025-07-09,QCOM,Qualcomm,159.39999389648438,161.47999572753906,158.25,159.35000610351562,155.2159423828125,4190100
2025-07-10,QCOM,Qualcomm,158.99000549316406,160.2899932861328,157.7899932861328,159.08999633789062,154.96267700195312,5674400
2025-07-11,QCOM,Qualcomm,159.0,159.1699981689453,157.14999389648438,157.4600067138672,153.37498474121094,5907700
2025-07-14,QCOM,Qualcomm,156.4199981689453,156.5,153.47999572753906,154.2899932861328,150.28720092773438,7382600
2025-07-15,QCOM,Qualcomm,156.2899932861328,156.7100067138672,154.1199951171875,154.3000030517578,150.2969512939453,6467300
2025-07-16,QCOM,Qualcomm,154.3000030517578,154.5,151.5399932861328,154.07000732421875,150.0729217529297,7106700
2025-07-17,QCOM,Qualcomm,153.0,153.52999877929688,151.8000030517578,152.61000061035156,148.6508026123047,7018600
2025-07-18,QCOM,Qualcomm,153.0399932861328,155.42999267578125,152.72999572753906,154.8000030517578,150.78396606445312,7433900
2025-07-21,QCOM,Qualcomm,154.9199981689453,159.92999267578125,154.91000366210938,158.97000122070312,154.84579467773438,7662300
2025-07-22,QCOM,Qualcomm,158.9600067138672,159.0399932861328,156.1699981689453,157.99000549316406,153.8912353515625,6951600
2025-07-23,QCOM,Qualcomm,158.58999633789062,160.0399932861328,156.92999267578125,159.8800048828125,155.73219299316406,7296200
2025-07-24,QCOM,Qualcomm,158.35000610351562,159.08999633789062,156.7899932861328,158.83999633789062,154.71917724609375,5014800
2025-07-25,QCOM,Qualcomm,158.89999389648438,159.1999969482422,157.41000366210938,158.39999389648438,154.2905731201172,4808200
2025-07-28,QCOM,Qualcomm,159.75999450683594,161.9600067138672,159.16000366210938,161.0500030517578,156.87184143066406,9627300
2025-07-29,QCOM,Qualcomm,162.0399932861328,163.60000610351562,161.13999938964844,162.0800018310547,157.8751220703125,9460900
2025-07-30,QCOM,Qualcomm,163.0,163.27000427246094,158.0,159.05999755859375,154.93345642089844,14382500
2025-07-31,QCOM,Qualcomm,153.11000061035156,156.8000030517578,145.5800018310547,146.75999450683594,142.95257568359375,24440100
2025-08-01,QCOM,Qualcomm,146.4600067138672,149.1699981689453,145.7899932861328,148.19000244140625,144.345458984375,12706700
2025-08-04,QCOM,Qualcomm,148.50999450683594,150.7899932861328,147.07000732421875,147.50999450683594,143.68310546875,8150200
2025-08-05,QCOM,Qualcomm,148.52000427246094,148.64999389648438,145.6699981689453,146.7100067138672,142.90386962890625,7794500
2025-08-06,QCOM,Qualcomm,146.64999389648438,146.7100067138672,144.11000061035156,145.83999633789062,142.05641174316406,8475700
2025-08-07,QCOM,Qualcomm,148.32000732421875,148.32000732421875,144.80999755859375,145.89999389648438,142.11485290527344,6753500
2025-08-08,QCOM,Qualcomm,146.35000610351562,148.02000427246094,145.69000244140625,147.55999755859375,143.7318115234375,5028700
2025-08-11,QCOM,Qualcomm,148.57000732421875,151.05999755859375,147.7100067138672,147.97000122070312,144.13116455078125,6215900
2025-08-12,QCOM,Qualcomm,148.7899932861328,153.89999389648438,148.57000732421875,153.72999572753906,149.74172973632812,9304100
2025-08-13,QCOM,Qualcomm,153.97000122070312,157.11000061035156,153.6300048828125,156.58999633789062,152.5275421142578,7103300
2025-08-14,QCOM,Qualcomm,154.89999389648438,158.64999389648438,154.89999389648438,158.08999633789062,153.98861694335938,6294800
2025-08-15,QCOM,Qualcomm,158.0399932861328,159.25999450683594,156.69000244140625,157.85000610351562,153.75486755371094,7583700
2025-08-18,QCOM,Qualcomm,157.77999877929688,159.75,157.24000549316406,158.89999389648438,154.77760314941406,4774400
2025-08-19,QCOM,Qualcomm,159.07000732421875,159.42999267578125,156.0500030517578,156.25,152.19635009765625,6396500
2025-08-20,QCOM,Qualcomm,156.38999938964844,156.63999938964844,153.4600067138672,155.44000244140625,151.40737915039062,7151700
2025-08-21,QCOM,Qualcomm,154.82000732421875,155.1999969482422,153.0500030517578,154.1300048828125,150.13136291503906,4997300
2025-08-22,QCOM,Qualcomm,154.8300018310547,159.88999938964844,154.55999755859375,158.00999450683594,153.9106903076172,7711500
2025-08-25,QCOM,Qualcomm,157.61000061035156,158.0500030517578,155.39999389648438,156.4199981689453,152.3619384765625,4653000
2025-08-26,QCOM,Qualcomm,157.66000366210938,159.9600067138672,157.41000366210938,159.1699981689453,155.0406036376953,9173000
2025-08-27,QCOM,Qualcomm,158.36000061035156,159.97000122070312,157.8000030517578,159.77000427246094,155.6250457763672,4549900
2025-08-28,QCOM,Qualcomm,159.91000366210938,161.22000122070312,159.02999877929688,160.8000030517578,156.62832641601562,8156300
2025-08-29,QCOM,Qualcomm,159.52999877929688,161.60000610351562,159.39999389648438,160.72999572753906,156.5601348876953,9949100
2025-09-02,QCOM,Qualcomm,157.82000732421875,158.94000244140625,154.60000610351562,158.77999877929688,154.6607208251953,7520300
2025-09-03,QCOM,Qualcomm,159.39999389648438,159.57000732421875,156.05999755859375,157.27999877929688,153.1996307373047,6336400
2025-09-04,QCOM,Qualcomm,156.1999969482422,159.86000061035156,154.47000122070312,159.7100067138672,156.45191955566406,7781200
2025-09-05,QCOM,Qualcomm,160.0800018310547,163.49000549316406,159.14999389648438,159.83999633789062,156.57925415039062,7954200
2025-09-08,QCOM,Qualcomm,160.2899932861328,160.2899932861328,158.00999450683594,160.24000549316406,156.97109985351562,7019700
2025-09-09,QCOM,Qualcomm,160.3699951171875,161.60000610351562,157.57000732421875,158.66000366210938,155.42330932617188,6126000
2025-09-10,QCOM,Qualcomm,158.6199951171875,159.2100067138672,156.61000061035156,158.9499969482422,155.7073974609375,8256900
2025-09-11,QCOM,Qualcomm,159.19000244140625,162.07000732421875,157.9600067138672,161.50999450683594,158.21519470214844,8360200
2025-09-12,QCOM,Qualcomm,161.3300018310547,162.3300018310547,159.5800018310547,161.8300018310547,158.52867126464844,5430600
2025-09-15,QCOM,Qualcomm,161.39999389648438,162.67999267578125,160.2100067138672,161.22000122070312,157.9311065673828,5604800
2025-09-16,QCOM,Qualcomm,161.82000732421875,165.0,161.5,164.13999938964844,160.79153442382812,7997500
2025-09-17,QCOM,Qualcomm,164.67999267578125,166.3699951171875,163.22999572753906,165.25999450683594,161.88868713378906,6057800
2025-09-18,QCOM,Qualcomm,166.8800048828125,168.86000061035156,166.22999572753906,168.1300048828125,164.7001495361328,10421200
2025-09-19,QCOM,Qualcomm,169.1699981689453,169.5800018310547,166.2899932861328,166.85000610351562,163.44625854492188,19444400
2025-09-22,QCOM,Qualcomm,166.85000610351562,170.22000122070312,165.9199981689453,169.72000122070312,166.25770568847656,6196600
2025-09-23,QCOM,Qualcomm,169.82000732421875,170.85000610351562,168.3000030517578,169.52999877929688,166.0715789794922,5468400
2025-09-24,QCOM,Qualcomm,169.0500030517578,174.44000244140625,168.6699981689453,173.5500030517578,170.0095672607422,9213700
2025-09-25,QCOM,Qualcomm,171.2100067138672,171.97000122070312,167.94000244140625,169.67999267578125,166.218505859375,8093700
2025-09-26,QCOM,Qualcomm,169.67999267578125,170.92999267578125,168.1300048828125,169.1999969482422,165.74830627441406,4846000
2025-09-29,QCOM,Qualcomm,169.1999969482422,169.83999633789062,164.75999450683594,165.3000030517578,161.9278564453125,7523100
2025-09-30,QCOM,Qualcomm,165.63999938964844,166.83999633789062,164.8800048828125,166.36000061035156,162.96624755859375,5593300
2025-10-01,QCOM,Qualcomm,165.8000030517578,166.77000427246094,164.49000549316406,166.49000549316406,163.09361267089844,6153000
2025-10-02,QCOM,Qualcomm,167.75,169.5399932861328,167.17999267578125,168.85000610351562,165.40545654296875,5499500
2025-10-03,QCOM,Qualcomm,168.85000610351562,171.75,168.74000549316406,169.17999267578125,165.7287139892578,5137900
2025-10-06,QCOM,Qualcomm,170.5399932861328,170.8800048828125,167.72000122070312,168.6199951171875,165.1801300048828,8265800
2025-10-07,QCOM,Qualcomm,169.89999389648438,171.97999572753906,165.13999938964844,165.4600067138672,162.08460998535156,7147500
2025-10-08,QCOM,Qualcomm,166.24000549316406,168.5500030517578,163.88999938964844,167.77000427246094,164.3474884033203,7302200
2025-10-09,QCOM,Qualcomm,167.3699951171875,167.61000061035156,163.22999572753906,165.66000366210938,162.28053283691406,6928400
2025-10-10,QCOM,Qualcomm,164.82000732421875,165.08999633789062,153.35000610351562,153.58999633789062,150.45675659179688,15818600
2025-10-13,QCOM,Qualcomm,155.9499969482422,162.38999938964844,155.77999877929688,161.77999877929688,158.47967529296875,10311000
2025-10-14,QCOM,Qualcomm,159.3000030517578,164.27000427246094,159.25999450683594,161.74000549316406,158.4405059814453,8675200
2025-10-15,QCOM,Qualcomm,164.24000549316406,164.24000549316406,160.30999755859375,162.97000122070312,159.6454315185547,7334100
2025-10-16,QCOM,Qualcomm,164.49000549316406,165.19000244140625,162.2100067138672,164.0800018310547,160.73275756835938,5686700
2025-10-17,QCOM,Qualcomm,162.86000061035156,163.7899932861328,161.6699981689453,163.4499969482422,160.11561584472656,4833100
2025-10-20,QCOM,Qualcomm,163.33999633789062,167.64999389648438,162.05999755859375,167.0399932861328,163.63235473632812,8194100
2025-10-21,QCOM,Qualcomm,166.8000030517578,169.24000549316406,166.1999969482422,168.8300018310547,165.38587951660156,6176100
2025-10-22,QCOM,Qualcomm,167.49000549316406,169.77999877929688,166.02000427246094,169.27000427246094,165.81689453125,10083800
2025-10-23,QCOM,Qualcomm,168.3300018310547,171.25,167.8800048828125,170.02999877929688,166.56138610839844,6546400
2025-10-24,QCOM,Qualcomm,171.69000244140625,172.4199981689453,168.47000122070312,168.94000244140625,165.49362182617188,6256000
2025-10-27,QCOM,Qualcomm,168.9499969482422,205.9499969482422,168.82000732421875,187.67999267578125,183.85133361816406,81799300
2025-10-28,QCOM,Qualcomm,183.92999267578125,185.91000366210938,179.41000366210938,181.02999877929688,177.33697509765625,20323100
2025-10-29,QCOM,Qualcomm,182.0,183.49000549316406,178.1999969482422,178.6699981689453,175.02513122558594,11614600
2025-10-30,QCOM,Qualcomm,178.67999267578125,179.8800048828125,177.19000244140625,177.25999450683594,173.64389038085938,7862900
2025-10-31,QCOM,Qualcomm,178.52000427246094,182.14999389648438,176.8300018310547,180.89999389648438,177.20962524414062,9452800
2025-11-03,QCOM,Qualcomm,182.9499969482422,183.4499969482422,179.08999633789062,180.72000122070312,177.0333251953125,8535100
2025-11-04,QCOM,Qualcomm,177.47999572753906,179.33999633789062,172.2899932861328,172.83999633789062,169.31405639648438,12323600
2025-11-05,QCOM,Qualcomm,174.75999450683594,183.42999267578125,174.32000732421875,179.72000122070312,176.0537109375,18845500
2025-11-06,QCOM,Qualcomm,177.8000030517578,178.50999450683594,170.05999755859375,173.1999969482422,169.66671752929688,16184700
2025-11-07,QCOM,Qualcomm,172.72999572753906,174.25,168.25,170.88999938964844,167.40383911132812,10614700
2025-11-10,QCOM,Qualcomm,173.75999450683594,174.8000030517578,169.5,171.57000732421875,168.06997680664062,10129300
2025-11-11,QCOM,Qualcomm,171.0,175.97999572753906,171.0,173.97999572753906,170.43080139160156,8419100
2025-11-12,QCOM,Qualcomm,175.0,177.4199981689453,174.8800048828125,176.6699981689453,173.06593322753906,8785800
2025-11-13,QCOM,Qualcomm,176.6300048828125,178.8300018310547,173.02999877929688,174.5,170.94020080566406,9526100
2025-11-14,QCOM,Qualcomm,171.77999877929688,175.69000244140625,171.39999389648438,173.97999572753906,170.43080139160156,7949900
2025-11-17,QCOM,Qualcomm,172.8000030517578,174.83999633789062,165.1699981689453,166.75,163.34829711914062,10211100
2025-11-18,QCOM,Qualcomm,164.88999938964844,166.7899932861328,161.38999938964844,165.05999755859375,161.69276428222656,11073200
2025-11-19,QCOM,Qualcomm,164.69000244140625,167.50999450683594,164.11000061035156,166.11000061035156,162.72134399414062,8176500
2025-11-20,QCOM,Qualcomm,167.1300048828125,168.8800048828125,158.85000610351562,159.58999633789062,156.33438110351562,12075400
2025-11-21,QCOM,Qualcomm,160.75,165.27000427246094,159.10000610351562,163.3000030517578,159.9686737060547,10815000
2025-11-24,QCOM,Qualcomm,164.3699951171875,166.94000244140625,163.72000122070312,165.05999755859375,161.69276428222656,12070100
2025-11-25,QCOM,Qualcomm,163.99000549316406,164.97000122070312,161.8699951171875,163.3000030517578,159.9686737060547,7758100
2025-11-26,QCOM,Qualcomm,164.1199951171875,166.25,163.14999389648438,165.13999938964844,161.7711181640625,7967700
2025-11-28,QCOM,Qualcomm,165.02999877929688,168.19000244140625,164.1300048828125,168.08999633789062,164.6609649658203,5068800
2025-12-01,QCOM,Qualcomm,165.91000366210938,169.02999877929688,165.5,168.0399932861328,164.61196899414062,6818300
2025-12-02,QCOM,Qualcomm,168.75,171.1699981689453,167.63999938964844,170.6999969482422,167.2177276611328,9159100
2025-12-03,QCOM,Qualcomm,170.89999389648438,175.08999633789062,170.35000610351562,175.07000732421875,171.4985809326172,7624300
2025-12-04,QCOM,Qualcomm,174.3300018310547,174.92999267578125,173.22999572753906,174.35000610351562,171.66595458984375,7245000
2025-12-05,QCOM,Qualcomm,174.74000549316406,177.25,174.5,174.80999755859375,172.11886596679688,8400100
2025-12-08,QCOM,Qualcomm,174.74000549316406,175.5,173.72000122070312,175.30999755859375,172.6111602783203,6690200
2025-12-09,QCOM,Qualcomm,174.5,176.35000610351562,172.32000732421875,176.0,173.29055786132812,7719100
2025-12-10,QCOM,Qualcomm,175.80999755859375,183.44000244140625,175.25,182.2100067138672,179.40496826171875,11100100
2025-12-11,QCOM,Qualcomm,181.3699951171875,181.63999938964844,178.08999633789062,181.27000427246094,178.47943115234375,6319200
2025-12-12,QCOM,Qualcomm,181.25,183.11000061035156,177.8699951171875,178.2899932861328,175.54527282714844,8865800
2025-12-15,QCOM,Qualcomm,179.72000122070312,180.30999755859375,176.38999938964844,179.25999450683594,176.5003662109375,6954700
2025-12-16,QCOM,Qualcomm,179.19000244140625,179.19000244140625,174.80999755859375,176.1199951171875,173.40869140625,7136000
2025-12-17,QCOM,Qualcomm,176.1199951171875,177.47999572753906,172.0500030517578,172.33999633789062,169.6868896484375,8501900
2025-12-18,QCOM,Qualcomm,175.7100067138672,177.0800018310547,173.52999877929688,174.19000244140625,171.5084228515625,8967500
2025-12-19,QCOM,Qualcomm,174.44000244140625,177.19000244140625,174.1999969482422,175.25,172.55209350585938,25223500
2025-12-22,QCOM,Qualcomm,177.55999755859375,178.32000732421875,173.89999389648438,174.22000122070312,171.53794860839844,6422100
2025-12-23,QCOM,Qualcomm,173.61000061035156,175.27000427246094,173.50999450683594,174.75,172.05978393554688,4690400
2025-12-24,QCOM,Qualcomm,175.0399932861328,175.49000549316406,174.4199981689453,174.77000427246094,172.07949829101562,1645300
2025-12-26,QCOM,Qualcomm,175.0,175.5,174.35000610351562,174.80999755859375,172.11886596679688,2442800
2025-12-29,QCOM,Qualcomm,174.00999450683594,175.19000244140625,172.7899932861328,173.42999267578125,170.76010131835938,3978400
2025-12-30,QCOM,Qualcomm,174.05999755859375,174.39999389648438,173.33999633789062,173.64999389648438,170.97671508789062,3429300
2025-12-31,QCOM,Qualcomm,173.61000061035156,173.77999877929688,171.00999450683594,171.0500030517578,168.416748046875,4682600
2026-01-02,QCOM,Qualcomm,173.8000030517578,174.67999267578125,172.1999969482422,172.97999572753906,170.31703186035156,6532200
2026-01-05,QCOM,Qualcomm,175.4600067138672,178.85000610351562,174.00999450683594,176.30999755859375,173.5957794189453,8972200
2026-01-06,QCOM,Qualcomm,177.2100067138672,184.4499969482422,176.6199951171875,182.4499969482422,179.6412353515625,11033900
2026-01-07,QCOM,Qualcomm,182.38999938964844,184.07000732421875,177.11000061035156,180.19000244140625,177.41604614257812,9853000
2026-01-08,QCOM,Qualcomm,178.8000030517578,184.30999755859375,176.1999969482422,181.8699951171875,179.07017517089844,8353500
2026-01-09,QCOM,Qualcomm,178.1199951171875,179.44000244140625,174.8000030517578,177.77999877929688,175.0431365966797,9662200
2026-01-12,QCOM,Qualcomm,175.8800048828125,175.8800048828125,169.24000549316406,169.27000427246094,166.66416931152344,13657600
2026-01-13,QCOM,Qualcomm,166.97999572753906,168.35000610351562,164.97000122070312,165.2899932861328,162.74542236328125,9993300
2026-01-14,QCOM,Qualcomm,163.69000244140625,164.74000549316406,162.35000610351562,164.5399932861328,162.0069580078125,7959900
2026-01-15,QCOM,Qualcomm,166.4499969482422,166.5,161.02999877929688,161.38999938964844,158.90545654296875,9241600
2026-01-16,QCOM,Qualcomm,161.38999938964844,161.6999969482422,159.2100067138672,159.4199981689453,156.96578979492188,11990800
2026-01-20,QCOM,Qualcomm,154.9499969482422,157.72000122070312,153.25,154.07000732421875,151.69815063476562,11971400
2026-01-21,QCOM,Qualcomm,156.3300018310547,157.52999877929688,154.6199951171875,156.3699951171875,153.96273803710938,9181900
2026-01-22,QCOM,Qualcomm,158.47000122070312,159.42999267578125,156.80999755859375,157.8000030517578,155.3707275390625,7450300
2026-01-23,QCOM,Qualcomm,157.0399932861328,157.97999572753906,154.85000610351562,155.82000732421875,153.42123413085938,7106700
2026-01-26,QCOM,Qualcomm,154.8000030517578,156.1999969482422,154.3000030517578,154.52000427246094,152.14122009277344,8004200
2026-01-27,QCOM,Qualcomm,156.3300018310547,156.74000549316406,152.66000366210938,153.0399932861328,150.6840057373047,8354600
2026-01-28,QCOM,Qualcomm,152.0,154.0,150.39999389648438,152.6999969482422,150.34922790527344,8539000
2026-01-29,QCOM,Qualcomm,153.08999633789062,153.22999572753906,149.72999572753906,152.22000122070312,149.8766326904297,9142900
2026-01-30,QCOM,Qualcomm,149.9600067138672,153.07000732421875,149.8300018310547,151.58999633789062,149.25631713867188,9577200
2026-02-02,QCOM,Qualcomm,150.97000122070312,153.63999938964844,150.82000732421875,152.6199951171875,150.2704620361328,9099100
2026-02-03,QCOM,Qualcomm,150.72000122070312,150.72000122070312,144.3000030517578,147.17999267578125,144.91421508789062,11966400
2026-02-04,QCOM,Qualcomm,148.7100067138672,153.47000122070312,148.1699981689453,148.88999938964844,146.59788513183594,19249300
2026-02-05,QCOM,Qualcomm,132.9199981689453,139.3300018310547,132.72999572753906,136.3000030517578,134.20172119140625,30229600
2026-02-06,QCOM,Qualcomm,136.8699951171875,139.14999389648438,135.27999877929688,137.33999633789062,135.2257080078125,15036800
2026-02-09,QCOM,Qualcomm,137.10000610351562,139.94000244140625,136.5,138.92999267578125,136.7912139892578,11022700
2026-02-10,QCOM,Qualcomm,138.14999389648438,140.41000366210938,136.7899932861328,140.08999633789062,137.93336486816406,9762900
2026-02-11,QCOM,Qualcomm,140.02999877929688,142.38999938964844,139.11000061035156,141.0399932861328,138.8687286376953,9379300
2026-02-12,QCOM,Qualcomm,140.86000061035156,141.5,136.74000549316406,138.47000122070312,136.33831787109375,12416600
2026-02-13,QCOM,Qualcomm,137.1199951171875,141.47999572753906,136.74000549316406,140.6999969482422,138.5339813232422,13134400
2026-02-17,QCOM,Qualcomm,141.0,143.5,140.00999450683594,142.6300048828125,140.43426513671875,10670700
2026-02-18,QCOM,Qualcomm,143.5,144.47999572753906,140.72000122070312,143.24000549316406,141.03488159179688,9944500
2026-02-19,QCOM,Qualcomm,141.8800048828125,142.32000732421875,139.89999389648438,141.27000427246094,139.09519958496094,8219400
2026-02-20,QCOM,Qualcomm,140.30999755859375,144.07000732421875,140.10000610351562,142.8800048828125,140.680419921875,10265100
2026-02-23,QCOM,Qualcomm,141.97000122070312,144.05999755859375,139.63999938964844,140.41000366210938,138.24844360351562,8260100
2026-02-24,QCOM,Qualcomm,142.55999755859375,146.3699951171875,142.05999755859375,144.77999877929688,142.55117797851562,11085700
2026-02-25,QCOM,Qualcomm,145.60000610351562,146.02999877929688,144.02000427246094,145.82000732421875,143.57518005371094,7358300
2026-02-26,QCOM,Qualcomm,145.9199981689453,146.94000244140625,144.52000427246094,145.58999633789062,143.34869384765625,8642100
2026-02-27,QCOM,Qualcomm,142.86000061035156,143.91000366210938,141.35000610351562,142.36000061035156,140.16842651367188,12439900
2026-03-02,QCOM,Qualcomm,137.8300018310547,142.00999450683594,136.88999938964844,141.02999877929688,138.85890197753906,8963900
2026-03-03,QCOM,Qualcomm,138.27000427246094,139.1999969482422,136.3000030517578,138.1300048828125,136.00355529785156,10372400
2026-03-04,QCOM,Qualcomm,138.22000122070312,139.88999938964844,137.4199981689453,139.50999450683594,137.3623046875,9309800
2026-03-05,QCOM,Qualcomm,137.58999633789062,139.66000366210938,135.8000030517578,137.0,135.7570037841797,8981000
2026-03-06,QCOM,Qualcomm,134.1699981689453,137.17999267578125,133.4199981689453,135.69000244140625,134.45887756347656,9197000
2026-03-09,QCOM,Qualcomm,133.49000549316406,138.5800018310547,132.4600067138672,138.11000061035156,136.85693359375,12304600
2026-03-10,QCOM,Qualcomm,134.6999969482422,136.75,132.16000366210938,135.1999969482422,133.97332763671875,10447300
2026-03-11,QCOM,Qualcomm,136.4499969482422,138.1999969482422,133.9600067138672,134.1199951171875,132.9031219482422,7830500
2026-03-12,QCOM,Qualcomm,133.47000122070312,134.8699951171875,130.61000061035156,131.14999389648438,129.96006774902344,9162800
2026-03-13,QCOM,Qualcomm,131.14999389648438,133.4199981689453,129.22000122070312,129.82000732421875,128.64215087890625,7786700
2026-03-16,QCOM,Qualcomm,131.07000732421875,131.8699951171875,128.94000244140625,129.38999938964844,128.21604919433594,10132900
2026-03-17,QCOM,Qualcomm,133.52000427246094,134.0500030517578,131.17999267578125,131.58999633789062,130.3960723876953,10544300
2026-03-18,QCOM,Qualcomm,130.72999572753906,132.74000549316406,129.92999267578125,130.47000122070312,129.28623962402344,9894300
2026-03-19,QCOM,Qualcomm,129.13999938964844,132.67999267578125,128.89999389648438,131.27999877929688,130.08889770507812,9846700
2026-03-20,QCOM,Qualcomm,131.30999755859375,132.75,129.77999877929688,129.89999389648438,128.72142028808594,78568000
2026-03-23,QCOM,Qualcomm,133.14999389648438,133.97000122070312,127.41000366210938,128.35000610351562,127.18548583984375,11431600
2026-03-24,QCOM,Qualcomm,128.33999633789062,129.17999267578125,127.30999755859375,128.6699981689453,127.50257110595703,8409200
2026-03-25,QCOM,Qualcomm,130.16000366210938,131.92999267578125,129.9499969482422,130.35000610351562,129.16734313964844,6669400
2026-03-26,QCOM,Qualcomm,128.7899932861328,132.33999633789062,128.30999755859375,130.5399932861328,129.3555908203125,11912500
2026-03-27,QCOM,Qualcomm,129.88999938964844,130.0399932861328,126.68000030517578,127.11000061035156,125.95672607421875,8964900
2026-03-30,QCOM,Qualcomm,127.44999694824219,128.60000610351562,126.33999633789062,127.06999969482422,125.91709899902344,11555900
2026-03-31,QCOM,Qualcomm,128.39999389648438,129.2899932861328,125.77999877929688,128.77999877929688,127.61157989501953,12219800
2026-04-01,QCOM,Qualcomm,128.0,130.22999572753906,126.9800033569336,127.27999877929688,126.12518310546875,10210700
2026-04-02,QCOM,Qualcomm,125.2300033569336,127.0,124.01000213623047,126.80000305175781,125.64954376220703,8575300
2026-04-06,QCOM,Qualcomm,126.55999755859375,127.43000030517578,123.70999908447266,125.7300033569336,124.5892562866211,8038600
2026-04-07,QCOM,Qualcomm,125.06999969482422,125.41000366210938,121.98999786376953,124.06999969482422,122.9443130493164,8840400
2026-04-08,QCOM,Qualcomm,128.64999389648438,128.88999938964844,125.62000274658203,127.51000213623047,126.35310363769531,12535800
2026-04-09,QCOM,Qualcomm,127.26000213623047,128.58999633789062,126.80000305175781,127.75,126.59092712402344,9352700
2026-04-10,QCOM,Qualcomm,128.8000030517578,130.61000061035156,127.8499984741211,128.05999755859375,126.89810943603516,8427400
2026-04-13,QCOM,Qualcomm,128.0,131.30999755859375,126.45999908447266,131.24000549316406,130.0492706298828,8615000
2026-04-14,QCOM,Qualcomm,132.1999969482422,132.94000244140625,131.0500030517578,132.83999633789062,131.63473510742188,7608300
2026-04-15,QCOM,Qualcomm,133.44000244140625,134.33999633789062,132.27999877929688,133.0500030517578,131.84283447265625,9691500
2026-04-16,QCOM,Qualcomm,131.7899932861328,135.6999969482422,131.7899932861328,134.47000122070312,133.2499542236328,8163700
2026-04-17,QCOM,Qualcomm,136.69000244140625,136.97000122070312,134.41000366210938,136.1999969482422,134.96424865722656,9667600
2026-04-20,QCOM,Qualcomm,136.41000366210938,138.5,136.0800018310547,137.52000427246094,136.27227783203125,7953800
2026-04-21,QCOM,Qualcomm,138.1199951171875,138.25999450683594,135.0500030517578,135.55999755859375,134.33006286621094,11874600
2026-04-22,QCOM,Qualcomm,136.63999938964844,137.49000549316406,135.5500030517578,136.07000732421875,134.83544921875,9432700
2026-04-23,QCOM,Qualcomm,136.0,136.99000549316406,132.0500030517578,133.9499969482422,132.7346649169922,10164900
2026-04-24,QCOM,Qualcomm,145.61000061035156,151.5399932861328,143.5800018310547,148.85000610351562,147.49949645996094,29449600
2026-04-27,QCOM,Qualcomm,156.30999755859375,161.0,147.0500030517578,150.25999450683594,148.8966827392578,41744000
2026-04-28,QCOM,Qualcomm,145.0800018310547,151.5,144.0,150.0,148.6390380859375,22921300
2026-04-29,QCOM,Qualcomm,151.4499969482422,157.2899932861328,151.0,156.0,154.58460998535156,37571200
2026-04-30,QCOM,Qualcomm,172.0500030517578,186.88999938964844,163.55999755859375,179.5800018310547,177.95066833496094,61132700
2026-05-01,QCOM,Qualcomm,179.1300048828125,179.99000549316406,171.14999389648438,177.00999450683594,175.40399169921875,21111500
2026-05-04,QCOM,Qualcomm,177.22000122070312,180.49000549316406,166.8300018310547,168.3800048828125,166.852294921875,23117400
2026-05-05,QCOM,Qualcomm,167.64999389648438,187.22000122070312,164.7899932861328,186.5500030517578,184.85743713378906,34274900
2026-05-06,QCOM,Qualcomm,195.17999267578125,197.5,188.22000122070312,192.57000732421875,190.82281494140625,30145000
2026-05-07,QCOM,Qualcomm,190.6699981689453,223.66000366210938,187.63999938964844,202.5500030517578,200.71226501464844,51092200
2026-05-08,QCOM,Qualcomm,213.0,228.0500030517578,208.6300048828125,219.08999633789062,217.10218811035156,37850000
2026-05-11,QCOM,Qualcomm,232.00999450683594,247.89999389648438,231.1999969482422,237.52999877929688,235.3748779296875,45474000
2026-05-12,QCOM,Qualcomm,229.83999633789062,230.0,202.0,210.30999755859375,208.40185546875,38590100
2026-05-13,QCOM,Qualcomm,216.6300048828125,219.49000549316406,207.14999389648438,213.1699981689453,211.23590087890625,26226300
2026-05-14,QCOM,Qualcomm,208.50999450683594,209.52999877929688,199.66000366210938,200.0800018310547,198.26467895507812,24883900
2026-05-15,QCOM,Qualcomm,201.64999389648438,207.39999389648438,199.16000366210938,201.49000549316406,199.66188049316406,25876800
2026-05-18,QCOM,Qualcomm,206.77000427246094,210.8000030517578,193.5800018310547,203.63999938964844,201.79237365722656,21082500
2026-05-19,QCOM,Qualcomm,196.86000061035156,201.5,191.02000427246094,195.61000061035156,193.83523559570312,19605200
2026-05-20,QCOM,Qualcomm,197.0,203.58999633789062,194.0,202.50999450683594,200.67262268066406,19037500
2026-05-21,QCOM,Qualcomm,202.77999877929688,214.00999450683594,197.60000610351562,213.41000366210938,211.47372436523438,28163700
2026-05-22,QCOM,Qualcomm,214.42999267578125,243.0,214.1699981689453,238.16000366210938,235.99917602539062,30375700
2026-05-26,QCOM,Qualcomm,240.72000122070312,258.0,235.8000030517578,248.82000732421875,246.56246948242188,30646400
2026-05-27,QCOM,Qualcomm,245.42999267578125,248.27000427246094,224.17999267578125,233.39999389648438,231.2823486328125,25694700
2026-05-28,QCOM,Qualcomm,236.0,249.4600067138672,231.52000427246094,243.2899932861328,241.08261108398438,21118400
2026-05-29,QCOM,Qualcomm,250.19000244140625,259.9200134277344,247.50999450683594,251.02000427246094,248.74249267578125,28781800
2026-06-01,QCOM,Qualcomm,233.3300018310547,238.02000427246094,226.80999755859375,228.99000549316406,226.91238403320312,21185200
2026-06-02,QCOM,Qualcomm,232.0,245.19000244140625,226.0500030517578,240.83999633789062,238.65484619140625,18508500
2026-06-03,QCOM,Qualcomm,235.02000427246094,255.08999633789062,233.02000427246094,250.00999450683594,247.7416534423828,19467000
2026-06-04,QCOM,Qualcomm,239.4499969482422,246.6999969482422,235.32000732421875,242.57000732421875,241.2569580078125,14185600
2026-06-05,QCOM,Qualcomm,237.64999389648438,238.44000244140625,215.0,215.94000244140625,214.77110290527344,24189200
2026-06-08,QCOM,Qualcomm,221.02999877929688,221.92999267578125,214.6300048828125,217.77000427246094,216.59120178222656,17180600
2026-06-09,QCOM,Qualcomm,216.4600067138672,219.63999938964844,192.6699981689453,205.4199981689453,204.30804443359375,29906300
2026-06-10,QCOM,Qualcomm,199.4600067138672,204.89999389648438,190.10000610351562,191.1999969482422,190.16502380371094,18426600
2026-06-11,QCOM,Qualcomm,190.9199981689453,203.83999633789062,190.75,202.9600067138672,201.8613739013672,18933100
2026-06-12,QCOM,Qualcomm,201.85000610351562,215.00999450683594,200.10000610351562,211.72000122070312,210.57394409179688,14123700
2026-06-15,QCOM,Qualcomm,219.77000427246094,226.4600067138672,216.27999877929688,220.80999755859375,219.61474609375,13993800
2026-06-16,QCOM,Qualcomm,225.8300018310547,231.19000244140625,213.8000030517578,214.07000732421875,212.91123962402344,19629600
2026-06-17,QCOM,Qualcomm,219.0399932861328,221.32000732421875,212.67999267578125,212.97000122070312,211.8171844482422,11955800
2026-06-18,QCOM,Qualcomm,220.7100067138672,229.4199981689453,214.72999572753906,226.11000061035156,224.88604736328125,47081500
2026-06-22,QCOM,Qualcomm,222.92999267578125,233.44000244140625,215.5,221.89999389648438,220.69883728027344,18203400
2026-06-23,QCOM,Qualcomm,207.33999633789062,209.17999267578125,198.44000244140625,204.1300048828125,203.02503967285156,23781900
2026-06-24,QCOM,Qualcomm,202.57000732421875,202.97000122070312,191.02000427246094,197.41000366210938,196.34141540527344,25519600
2026-06-25,QCOM,Qualcomm,219.42999267578125,219.42999267578125,199.82000732421875,204.89999389648438,203.79086303710938,34793200
2026-06-26,QCOM,Qualcomm,201.6999969482422,208.86000061035156,186.17999267578125,189.38999938964844,188.3648223876953,37128900
2026-06-29,QCOM,Qualcomm,193.02999877929688,194.58999633789062,183.5800018310547,188.72000122070312,187.69845581054688,21599500
2026-06-30,QCOM,Qualcomm,188.99000549316406,193.5,183.5,184.7899932861328,183.7897186279297,22056100
2026-07-01,QCOM,Qualcomm,183.58999633789062,190.99000549316406,181.60000610351562,181.9199981689453,180.9352569580078,23313200
2026-07-02,QCOM,Qualcomm,182.1699981689453,185.8000030517578,172.1199951171875,176.25,175.2959442138672,18661200
2026-07-06,QCOM,Qualcomm,178.1300048828125,188.6699981689453,177.10000610351562,186.47999572753906,185.47056579589844,15510500
2026-07-07,QCOM,Qualcomm,179.0,185.8800048828125,179.0,182.97000122070312,181.9795684814453,16253600
2026-07-08,QCOM,Qualcomm,180.52000427246094,187.1199951171875,180.50999450683594,186.55999755859375,185.55014038085938,10306800
2026-07-09,QCOM,Qualcomm,192.47000122070312,196.08999633789062,187.44000244140625,191.11000061035156,190.0755157470703,12895200
2026-07-10,QCOM,Qualcomm,187.50999450683594,190.19000244140625,185.72000122070312,189.16000366210938,188.1360626220703,7064000
2026-07-13,QCOM,Qualcomm,185.05999755859375,188.16000366210938,181.80999755859375,183.97999572753906,182.98410034179688,13007300
2026-07-14,QCOM,Qualcomm,189.3300018310547,189.99000549316406,177.4499969482422,178.10000610351562,177.1359405517578,13090400
2026-07-15,QCOM,Qualcomm,180.0,180.7100067138672,174.75999450683594,177.97999572753906,177.01658630371094,9440900
2026-07-16,QCOM,Qualcomm,173.0800018310547,173.9600067138672,168.99000549316406,170.61000061035156,169.6864776611328,15951600
2026-07-17,QCOM,Qualcomm,166.63999938964844,172.38999938964844,164.77000427246094,171.77999877929688,170.8501434326172,16291100
2026-07-20,QCOM,Qualcomm,175.5500030517578,176.25,169.89999389648438,170.32000732421875,169.39805603027344,9649600
2026-07-21,QCOM,Qualcomm,175.49000549316406,175.49000549316406,170.13999938964844,173.5,172.5608367919922,13243200
2026-07-22,QCOM,Qualcomm,170.7100067138672,178.64999389648438,170.60000610351562,175.6300048828125,174.67930603027344,7777600
2026-07-23,QCOM,Qualcomm,171.17999267578125,173.9499969482422,168.30999755859375,171.11000061035156,170.18377685546875,10827500
2026-07-24,QCOM,Qualcomm,169.69000244140625,171.10000610351562,165.77000427246094,166.97000122070312,166.06617736816406,9998000
2026-07-27,QCOM,Qualcomm,169.77000427246094,171.19000244140625,165.2899932861328,170.0399932861328,169.1195526123047,12487100
2026-07-28,QCOM,Qualcomm,164.89999389648438,167.9199981689453,162.16000366210938,162.8800048828125,161.99832153320312,16147500
2026-07-29,QCOM,Qualcomm,162.5800018310547,164.55999755859375,155.0,155.67999267578125,154.83729553222656,19240700
2026-07-30,QCOM,Qualcomm,146.5500030517578,154.16000366210938,146.0,151.60000610351562,150.77938842773438,24336800
2026-07-31,QCOM,Qualcomm,152.9600067138672,153.72999572753906,146.14999389648438,147.61000061035156,146.81097412109375,13811200
2026-08-03,QCOM,Qualcomm,146.1999969482422,151.67999267578125,142.88999938964844,151.57000732421875,150.7495574951172,13700700
2026-08-04,QCOM,Qualcomm,156.97999572753906,163.47999572753906,155.30999755859375,162.6699981689453,161.78945922851562,16351500
2026-08-05,QCOM,Qualcomm,161.3000030517578,162.8000030517578,157.10000610351562,157.52999877929688,156.67727661132812,9725700
2026-08-06,QCOM,Qualcomm,155.4199981689453,162.60000610351562,155.22000122070312,160.38999938964844,159.5218048095703,7232800
2026-08-07,QCOM,Qualcomm,163.07000732421875,167.99000549316406,162.3000030517578,167.86000061035156,166.9513702392578,9723300
2026-08-10,QCOM,Qualcomm,168.16000366210938,168.8699951171875,162.0800018310547,162.1699981689453,161.2921600341797,9260000
2026-08-11,QCOM,Qualcomm,163.75,164.61000061035156,161.42999267578125,162.67999267578125,161.7993927001953,6326700
2026-08-12,QCOM,Qualcomm,166.88999938964844,166.94000244140625,161.07000732421875,163.07000732421875,162.1873016357422,7731700
2026-08-13,QCOM,Qualcomm,163.33999633789062,166.77000427246094,162.50999450683594,164.7899932861328,163.89797973632812,7716600
2026-08-14,QCOM,Qualcomm,165.6300048828125,166.97000122070312,163.17999267578125,165.7899932861328,164.89256286621094,5807700
2026-08-17,QCOM,Qualcomm,166.25,166.33999633789062,161.4499969482422,162.17999267578125,161.30210876464844,8967700
2026-08-18,QCOM,Qualcomm,157.88999938964844,161.80999755859375,156.72999572753906,160.19000244140625,159.32289123535156,11069500
2026-08-19,QCOM,Qualcomm,163.02999877929688,166.5,160.19000244140625,161.91000366210938,161.0335693359375,8099500
2026-08-20,QCOM,Qualcomm,163.14999389648438,165.11000061035156,159.41000366210938,160.74000549316406,159.86990356445312,8509900
2026-08-21,QCOM,Qualcomm,162.9199981689453,163.3300018310547,159.1699981689453,160.75,159.87985229492188,8517400
2026-08-24,QCOM,Qualcomm,159.39999389648438,160.24000549316406,156.22999572753906,158.52999877929688,157.67185974121094,10514800
2026-08-25,QCOM,Qualcomm,160.33999633789062,161.7899932861328,159.0800018310547,160.55999755859375,159.6908721923828,11420600
2026-08-26,QCOM,Qualcomm,160.10000610351562,163.8699951171875,159.88999938964844,163.72000122070312,162.83377075195312,10480300
2026-08-27,QCOM,Qualcomm,165.16000366210938,166.9499969482422,161.9199981689453,164.77999877929688,163.88803100585938,15065100
2026-08-28,QCOM,Qualcomm,164.58999633789062,165.49000549316406,161.89999389648438,164.19000244140625,163.30123901367188,7752100
2026-08-31,QCOM,Qualcomm,164.7899932861328,171.3800048828125,164.19000244140625,170.47999572753906,169.5571746826172,12734600
2026-09-01,QCOM,Qualcomm,165.47000122070312,167.2899932861328,162.2100067138672,166.61000061035156,165.7081298828125,8900900
2026-09-02,QCOM,Qualcomm,166.0399932861328,170.60000610351562,165.0800018310547,169.9600067138672,169.04000854492188,7525300
2026-09-03,QCOM,Qualcomm,168.5,170.02999877929688,164.8800048828125,168.57000732421875,168.57000732421875,6992000
2026-09-04,QCOM,Qualcomm,169.97999572753906,170.6300048828125,167.0399932861328,168.74000549316406,168.74000549316406,8531400
2026-09-08,QCOM,Qualcomm,180.39999389648438,183.49000549316406,172.0399932861328,174.08999633789062,174.08999633789062,26129200
2026-09-09,QCOM,Qualcomm,174.72000122070312,180.86000061035156,173.32000732421875,176.39999389648438,176.39999389648438,14802000
2026-09-10,QCOM,Qualcomm,172.1300048828125,182.39999389648438,171.0,176.8800048828125,176.8800048828125,15597700
2026-09-11,QCOM,Qualcomm,178.25,185.4600067138672,175.74000549316406,181.97000122070312,181.97000122070312,11546600
2026-09-14,QCOM,Qualcomm,170.77999877929688,181.7100067138672,170.50999450683594,180.14999389648438,180.14999389648438,13784800
2026-09-15,QCOM,Qualcomm,180.5399932861328,190.05999755859375,180.5399932861328,187.8000030517578,187.8000030517578,13852600
2026-09-16,QCOM,Qualcomm,189.1699981689453,191.27999877929688,183.3699951171875,184.83999633789062,184.83999633789062,9718600
2026-09-17,QCOM,Qualcomm,190.35000610351562,191.91000366210938,187.75999450683594,188.7100067138672,188.7100067138672,12318000
2026-09-18,QCOM,Qualcomm,191.33999633789062,192.1199951171875,175.97000122070312,177.72000122070312,177.72000122070312,54480300
