Date,Ticker,Company,Open,High,Low,Close,Adj Close,Volume
2016-09-19,TSM,Taiwan Semiconductor,29.90999984741211,30.1200008392334,29.8700008392334,29.93000030517578,23.731338500976562,7696400
2016-09-20,TSM,Taiwan Semiconductor,30.15999984741211,30.239999771118164,29.889999389648438,29.899999618530273,23.70755386352539,5763300
2016-09-21,TSM,Taiwan Semiconductor,30.09000015258789,30.559999465942383,30.049999237060547,30.5,24.183286666870117,8097200
2016-09-22,TSM,Taiwan Semiconductor,30.760000228881836,30.950000762939453,30.510000228881836,30.65999984741211,24.310150146484375,5329000
2016-09-23,TSM,Taiwan Semiconductor,30.649999618530273,30.670000076293945,30.020000457763672,30.1200008392334,23.88199234008789,7959800
2016-09-26,TSM,Taiwan Semiconductor,30.020000457763672,30.06999969482422,29.709999084472656,29.84000015258789,23.659976959228516,4363300
2016-09-27,TSM,Taiwan Semiconductor,29.799999237060547,30.43000030517578,29.649999618530273,30.399999618530273,24.1039981842041,5707200
2016-09-28,TSM,Taiwan Semiconductor,30.469999313354492,30.5,30.1299991607666,30.329999923706055,24.048492431640625,4125100
2016-09-29,TSM,Taiwan Semiconductor,30.309999465942383,30.649999618530273,30.170000076293945,30.399999618530273,24.1039981842041,5985800
2016-09-30,TSM,Taiwan Semiconductor,30.290000915527344,30.68000030517578,30.229999542236328,30.59000015258789,24.254650115966797,5725700
2016-10-03,TSM,Taiwan Semiconductor,30.639999389648438,30.809999465942383,30.56999969482422,30.719999313354492,24.35772705078125,4198500
2016-10-04,TSM,Taiwan Semiconductor,30.81999969482422,30.920000076293945,30.360000610351562,30.389999389648438,24.096067428588867,5104800
2016-10-05,TSM,Taiwan Semiconductor,30.670000076293945,30.709999084472656,30.5,30.530000686645508,24.207075119018555,6205000
2016-10-06,TSM,Taiwan Semiconductor,30.700000762939453,30.809999465942383,30.3799991607666,30.770000457763672,24.397369384765625,4099900
2016-10-07,TSM,Taiwan Semiconductor,30.8799991607666,31.209999084472656,30.649999618530273,31.18000030517578,24.722454071044922,5753400
2016-10-10,TSM,Taiwan Semiconductor,31.190000534057617,31.479999542236328,31.15999984741211,31.280000686645508,24.801746368408203,7810500
2016-10-11,TSM,Taiwan Semiconductor,30.989999771118164,30.989999771118164,30.510000228881836,30.729999542236328,24.36564826965332,10157600
2016-10-12,TSM,Taiwan Semiconductor,30.899999618530273,31.40999984741211,30.700000762939453,31.350000381469727,24.857250213623047,9587000
2016-10-13,TSM,Taiwan Semiconductor,30.93000030517578,30.93000030517578,29.520000457763672,30.530000686645508,24.207075119018555,17323000
2016-10-14,TSM,Taiwan Semiconductor,31.059999465942383,31.270000457763672,30.56999969482422,30.65999984741211,24.310150146484375,9822900
2016-10-17,TSM,Taiwan Semiconductor,30.520000457763672,30.760000228881836,30.3799991607666,30.56999969482422,24.238788604736328,7598400
2016-10-18,TSM,Taiwan Semiconductor,30.90999984741211,30.979999542236328,30.690000534057617,30.860000610351562,24.468727111816406,5487500
2016-10-19,TSM,Taiwan Semiconductor,30.950000762939453,31.040000915527344,30.65999984741211,30.979999542236328,24.56387710571289,6733000
2016-10-20,TSM,Taiwan Semiconductor,30.93000030517578,31.149999618530273,30.799999237060547,31.059999465942383,24.627309799194336,7329800
2016-10-21,TSM,Taiwan Semiconductor,30.920000076293945,31.139999389648438,30.760000228881836,31.079999923706055,24.643169403076172,3817100
2016-10-24,TSM,Taiwan Semiconductor,31.139999389648438,31.40999984741211,31.079999923706055,31.40999984741211,24.904821395874023,3768900
2016-10-25,TSM,Taiwan Semiconductor,31.399999618530273,31.6200008392334,31.3799991607666,31.549999237060547,25.015827178955078,3214700
2016-10-26,TSM,Taiwan Semiconductor,31.190000534057617,31.43000030517578,31.06999969482422,31.209999084472656,24.746240615844727,4121500
2016-10-27,TSM,Taiwan Semiconductor,31.229999542236328,31.260000228881836,30.75,30.770000457763672,24.397369384765625,6243200
2016-10-28,TSM,Taiwan Semiconductor,30.940000534057617,31.100000381469727,30.760000228881836,30.770000457763672,24.397369384765625,5210800
2016-10-31,TSM,Taiwan Semiconductor,30.93000030517578,31.1299991607666,30.84000015258789,31.100000381469727,24.65902328491211,3212300
2016-11-01,TSM,Taiwan Semiconductor,31.1200008392334,31.200000762939453,30.479999542236328,30.709999084472656,24.34980010986328,5815800
2016-11-02,TSM,Taiwan Semiconductor,30.670000076293945,30.729999542236328,30.239999771118164,30.389999389648438,24.096067428588867,5274700
2016-11-03,TSM,Taiwan Semiconductor,30.350000381469727,30.5,30.18000030517578,30.280000686645508,24.00885009765625,4890800
2016-11-04,TSM,Taiwan Semiconductor,30.209999084472656,30.450000762939453,30.020000457763672,30.239999771118164,23.977136611938477,4431900
2016-11-07,TSM,Taiwan Semiconductor,30.719999313354492,31.3799991607666,30.68000030517578,31.350000381469727,24.857250213623047,3981800
2016-11-08,TSM,Taiwan Semiconductor,31.200000762939453,31.5,31.010000228881836,31.34000015258789,24.849319458007812,4077100
2016-11-09,TSM,Taiwan Semiconductor,30.639999389648438,30.989999771118164,30.309999465942383,30.59000015258789,24.254650115966797,8996700
2016-11-10,TSM,Taiwan Semiconductor,30.549999237060547,30.549999237060547,29.3700008392334,29.440000534057617,23.342817306518555,10104300
2016-11-11,TSM,Taiwan Semiconductor,29.059999465942383,30.079999923706055,28.760000228881836,29.93000030517578,23.731338500976562,7506800
2016-11-14,TSM,Taiwan Semiconductor,29.280000686645508,29.600000381469727,28.809999465942383,28.850000381469727,22.87501335144043,8551400
2016-11-15,TSM,Taiwan Semiconductor,29.309999465942383,29.440000534057617,28.770000457763672,29.200000762939453,23.152524948120117,11135600
2016-11-16,TSM,Taiwan Semiconductor,29.09000015258789,29.899999618530273,29.09000015258789,29.860000610351562,23.67583465576172,8802600
2016-11-17,TSM,Taiwan Semiconductor,30.0,30.020000457763672,29.350000381469727,29.469999313354492,23.36660385131836,7065100
2016-11-18,TSM,Taiwan Semiconductor,29.43000030517578,29.56999969482422,29.190000534057617,29.469999313354492,23.36660385131836,5136600
2016-11-21,TSM,Taiwan Semiconductor,29.600000381469727,29.739999771118164,29.459999084472656,29.649999618530273,23.509326934814453,4477100
2016-11-22,TSM,Taiwan Semiconductor,29.969999313354492,30.149999618530273,29.770000457763672,29.90999984741211,23.71548080444336,8937500
2016-11-23,TSM,Taiwan Semiconductor,29.899999618530273,30.1299991607666,29.739999771118164,29.889999389648438,23.699617385864258,4017500
2016-11-25,TSM,Taiwan Semiconductor,29.75,29.809999465942383,29.610000610351562,29.65999984741211,23.517261505126953,2101800
2016-11-28,TSM,Taiwan Semiconductor,29.709999084472656,29.940000534057617,29.540000915527344,29.65999984741211,23.517261505126953,5435000
2016-11-29,TSM,Taiwan Semiconductor,29.579999923706055,29.75,29.139999389648438,29.549999237060547,23.43004035949707,9254600
2016-11-30,TSM,Taiwan Semiconductor,29.549999237060547,29.81999969482422,29.399999618530273,29.690000534057617,23.54104232788086,6403400
2016-12-01,TSM,Taiwan Semiconductor,29.5,29.520000457763672,28.34000015258789,28.549999237060547,22.63714027404785,12499600
2016-12-02,TSM,Taiwan Semiconductor,28.520000457763672,28.8700008392334,28.389999389648438,28.860000610351562,22.882938385009766,5195800
2016-12-05,TSM,Taiwan Semiconductor,28.940000534057617,29.290000915527344,28.8700008392334,29.020000457763672,23.00979995727539,3953100
2016-12-06,TSM,Taiwan Semiconductor,29.309999465942383,29.610000610351562,29.200000762939453,29.510000228881836,23.398324966430664,4336200
2016-12-07,TSM,Taiwan Semiconductor,29.479999542236328,29.940000534057617,29.25,29.93000030517578,23.731338500976562,3911600
2016-12-08,TSM,Taiwan Semiconductor,30.270000457763672,30.270000457763672,29.860000610351562,30.040000915527344,23.818559646606445,4094600
2016-12-09,TSM,Taiwan Semiconductor,30.31999969482422,30.6299991607666,29.959999084472656,30.1200008392334,23.88199234008789,4387400
2016-12-12,TSM,Taiwan Semiconductor,29.969999313354492,29.969999313354492,29.6299991607666,29.899999618530273,23.70755386352539,3428000
2016-12-13,TSM,Taiwan Semiconductor,30.059999465942383,30.639999389648438,30.030000686645508,30.360000610351562,24.072284698486328,5857700
2016-12-14,TSM,Taiwan Semiconductor,30.260000228881836,30.389999389648438,29.850000381469727,29.8700008392334,23.683765411376953,6108400
2016-12-15,TSM,Taiwan Semiconductor,30.15999984741211,30.290000915527344,30.030000686645508,30.15999984741211,23.9137020111084,5073300
2016-12-16,TSM,Taiwan Semiconductor,30.049999237060547,30.079999923706055,29.389999389648438,29.479999542236328,23.374534606933594,6662100
2016-12-19,TSM,Taiwan Semiconductor,29.489999771118164,29.540000915527344,29.170000076293945,29.270000457763672,23.208032608032227,6157000
2016-12-20,TSM,Taiwan Semiconductor,29.350000381469727,29.559999465942383,29.139999389648438,29.309999465942383,23.23974609375,5570800
2016-12-21,TSM,Taiwan Semiconductor,29.229999542236328,29.280000686645508,28.90999984741211,29.139999389648438,23.104948043823242,6267500
2016-12-22,TSM,Taiwan Semiconductor,28.989999771118164,29.0,28.5,28.739999771118164,22.78778839111328,7455900
2016-12-23,TSM,Taiwan Semiconductor,28.780000686645508,29.1299991607666,28.690000534057617,29.049999237060547,23.03359031677246,4853500
2016-12-27,TSM,Taiwan Semiconductor,29.0,29.229999542236328,29.0,29.100000381469727,23.0732364654541,3083000
2016-12-28,TSM,Taiwan Semiconductor,29.260000228881836,29.31999969482422,29.040000915527344,29.1200008392334,23.089096069335938,3663300
2016-12-29,TSM,Taiwan Semiconductor,28.989999771118164,29.15999984741211,28.809999465942383,29.1299991607666,23.097023010253906,5323900
2016-12-30,TSM,Taiwan Semiconductor,29.200000762939453,29.229999542236328,28.6200008392334,28.75,22.79572296142578,4862800
2017-01-03,TSM,Taiwan Semiconductor,29.25,29.510000228881836,29.059999465942383,29.309999465942383,23.23974609375,6280300
2017-01-04,TSM,Taiwan Semiconductor,29.389999389648438,29.459999084472656,29.200000762939453,29.299999237060547,23.2318115234375,4391800
2017-01-05,TSM,Taiwan Semiconductor,29.530000686645508,29.90999984741211,29.520000457763672,29.799999237060547,23.628263473510742,4775700
2017-01-06,TSM,Taiwan Semiconductor,29.739999771118164,29.850000381469727,29.459999084472656,29.6299991607666,23.493467330932617,4878700
2017-01-09,TSM,Taiwan Semiconductor,29.790000915527344,30.139999389648438,29.719999313354492,30.040000915527344,23.818559646606445,8371700
2017-01-10,TSM,Taiwan Semiconductor,30.040000915527344,30.299999237060547,29.899999618530273,30.06999969482422,23.842344284057617,7582000
2017-01-11,TSM,Taiwan Semiconductor,29.780000686645508,30.200000762939453,29.719999313354492,30.170000076293945,23.921630859375,7467300
2017-01-12,TSM,Taiwan Semiconductor,29.31999969482422,29.860000610351562,28.979999542236328,29.290000915527344,23.223886489868164,13032200
2017-01-13,TSM,Taiwan Semiconductor,29.5,29.649999618530273,29.219999313354492,29.440000534057617,23.342817306518555,9811100
2017-01-17,TSM,Taiwan Semiconductor,29.610000610351562,29.649999618530273,29.459999084472656,29.6200008392334,23.485536575317383,7679800
2017-01-18,TSM,Taiwan Semiconductor,29.549999237060547,29.68000030517578,29.440000534057617,29.489999771118164,23.382461547851562,7692800
2017-01-19,TSM,Taiwan Semiconductor,29.489999771118164,29.690000534057617,29.389999389648438,29.6299991607666,23.493467330932617,8493200
2017-01-20,TSM,Taiwan Semiconductor,29.6200008392334,30.260000228881836,29.56999969482422,30.06999969482422,23.842344284057617,7399400
2017-01-23,TSM,Taiwan Semiconductor,30.309999465942383,30.489999771118164,30.209999084472656,30.329999923706055,24.048492431640625,6959800
2017-01-24,TSM,Taiwan Semiconductor,30.530000686645508,30.899999618530273,30.510000228881836,30.81999969482422,24.437013626098633,7213600
2017-01-25,TSM,Taiwan Semiconductor,31.100000381469727,31.329999923706055,30.940000534057617,31.309999465942383,24.825531005859375,8025800
2017-01-26,TSM,Taiwan Semiconductor,31.260000228881836,31.450000762939453,31.010000228881836,31.110000610351562,24.666950225830078,8308700
2017-01-27,TSM,Taiwan Semiconductor,31.170000076293945,31.350000381469727,31.0,31.25,24.7779541015625,5982200
2017-01-30,TSM,Taiwan Semiconductor,31.06999969482422,31.200000762939453,30.940000534057617,31.190000534057617,24.730382919311523,7253100
2017-01-31,TSM,Taiwan Semiconductor,31.040000915527344,31.15999984741211,30.729999542236328,30.90999984741211,24.508371353149414,6263100
2017-02-01,TSM,Taiwan Semiconductor,31.239999771118164,31.309999465942383,30.84000015258789,31.079999923706055,24.643169403076172,5036900
2017-02-02,TSM,Taiwan Semiconductor,30.709999084472656,30.889999389648438,30.6200008392334,30.780000686645508,24.40529441833496,5794800
2017-02-03,TSM,Taiwan Semiconductor,30.959999084472656,31.079999923706055,30.799999237060547,30.969999313354492,24.555946350097656,5249100
2017-02-06,TSM,Taiwan Semiconductor,30.950000762939453,30.950000762939453,30.700000762939453,30.8700008392334,24.476654052734375,3523700
2017-02-07,TSM,Taiwan Semiconductor,30.90999984741211,30.969999313354492,30.5,30.520000457763672,24.19915008544922,6209500
2017-02-08,TSM,Taiwan Semiconductor,30.690000534057617,30.700000762939453,30.290000915527344,30.329999923706055,24.048492431640625,7776600
2017-02-09,TSM,Taiwan Semiconductor,30.329999923706055,30.5,30.170000076293945,30.209999084472656,23.953350067138672,8547000
2017-02-10,TSM,Taiwan Semiconductor,30.440000534057617,30.809999465942383,30.350000381469727,30.709999084472656,24.34980010986328,6749400
2017-02-13,TSM,Taiwan Semiconductor,30.940000534057617,31.799999237060547,30.940000534057617,31.690000534057617,25.126834869384766,10203800
2017-02-14,TSM,Taiwan Semiconductor,31.469999313354492,31.469999313354492,31.110000610351562,31.329999923706055,24.841386795043945,5208600
2017-02-15,TSM,Taiwan Semiconductor,31.5,31.799999237060547,31.5,31.75,25.174402236938477,4577200
2017-02-16,TSM,Taiwan Semiconductor,31.719999313354492,32.4900016784668,31.6299991607666,32.31999969482422,25.62635612487793,13197100
2017-02-17,TSM,Taiwan Semiconductor,32.099998474121094,32.380001068115234,32.02000045776367,32.34000015258789,25.642213821411133,7518200
2017-02-21,TSM,Taiwan Semiconductor,32.38999938964844,32.470001220703125,32.16999816894531,32.33000183105469,25.63428497314453,5475400
2017-02-22,TSM,Taiwan Semiconductor,32.20000076293945,32.20000076293945,31.90999984741211,32.06999969482422,25.428133010864258,5296200
2017-02-23,TSM,Taiwan Semiconductor,32.150001525878906,32.150001525878906,31.729999542236328,31.75,25.174402236938477,5291200
2017-02-24,TSM,Taiwan Semiconductor,31.610000610351562,31.920000076293945,31.469999313354492,31.920000076293945,25.309200286865234,3687100
2017-02-27,TSM,Taiwan Semiconductor,31.81999969482422,31.81999969482422,31.479999542236328,31.530000686645508,24.99997329711914,5841900
2017-02-28,TSM,Taiwan Semiconductor,31.59000015258789,31.68000030517578,31.399999618530273,31.469999313354492,24.952402114868164,6040800
2017-03-01,TSM,Taiwan Semiconductor,31.420000076293945,31.600000381469727,31.260000228881836,31.579999923706055,25.039615631103516,4910300
2017-03-02,TSM,Taiwan Semiconductor,31.190000534057617,31.239999771118164,30.790000915527344,30.8700008392334,24.476654052734375,8561100
2017-03-03,TSM,Taiwan Semiconductor,30.8700008392334,30.920000076293945,30.540000915527344,30.850000381469727,24.460800170898438,6120700
2017-03-06,TSM,Taiwan Semiconductor,30.799999237060547,30.940000534057617,30.709999084472656,30.850000381469727,24.460800170898438,5467400
2017-03-07,TSM,Taiwan Semiconductor,31.010000228881836,31.399999618530273,30.959999084472656,31.309999465942383,24.825531005859375,7014000
2017-03-08,TSM,Taiwan Semiconductor,31.469999313354492,31.520000457763672,31.200000762939453,31.219999313354492,24.75417137145996,4528500
2017-03-09,TSM,Taiwan Semiconductor,30.889999389648438,31.059999465942383,30.719999313354492,30.979999542236328,24.56387710571289,6120700
2017-03-10,TSM,Taiwan Semiconductor,30.8700008392334,31.079999923706055,30.81999969482422,31.059999465942383,24.627309799194336,5655300
2017-03-13,TSM,Taiwan Semiconductor,31.270000457763672,31.56999969482422,31.239999771118164,31.5,24.976181030273438,3965700
2017-03-14,TSM,Taiwan Semiconductor,31.3799991607666,31.469999313354492,31.200000762939453,31.209999084472656,24.746240615844727,5967200
2017-03-15,TSM,Taiwan Semiconductor,31.3799991607666,32.029998779296875,31.34000015258789,31.90999984741211,25.301267623901367,4571400
2017-03-16,TSM,Taiwan Semiconductor,32.25,32.470001220703125,32.20000076293945,32.40999984741211,25.697711944580078,6489000
2017-03-17,TSM,Taiwan Semiconductor,32.599998474121094,32.7599983215332,32.439998626708984,32.59000015258789,25.840435028076172,6199800
2017-03-20,TSM,Taiwan Semiconductor,32.79999923706055,33.11000061035156,32.709999084472656,32.849998474121094,26.046588897705078,5126700
2017-03-21,TSM,Taiwan Semiconductor,33.2400016784668,33.529998779296875,32.439998626708984,32.47999954223633,25.75321388244629,9159900
2017-03-22,TSM,Taiwan Semiconductor,32.56999969482422,32.849998474121094,32.47999954223633,32.689998626708984,25.91972541809082,6713500
2017-03-23,TSM,Taiwan Semiconductor,32.470001220703125,32.65999984741211,32.369998931884766,32.560001373291016,25.816650390625,5909900
2017-03-24,TSM,Taiwan Semiconductor,32.72999954223633,33.099998474121094,32.61000061035156,32.810001373291016,26.014875411987305,5899900
2017-03-27,TSM,Taiwan Semiconductor,32.849998474121094,33.2599983215332,32.779998779296875,33.16999816894531,26.300315856933594,5661500
2017-03-28,TSM,Taiwan Semiconductor,33.36000061035156,33.43000030517578,33.130001068115234,33.349998474121094,26.443038940429688,4527000
2017-03-29,TSM,Taiwan Semiconductor,32.95000076293945,32.970001220703125,32.77000045776367,32.93000030517578,26.110021591186523,4083900
2017-03-30,TSM,Taiwan Semiconductor,32.84000015258789,33.150001525878906,32.779998779296875,33.06999969482422,26.221027374267578,3890600
2017-03-31,TSM,Taiwan Semiconductor,32.70000076293945,32.939998626708984,32.56999969482422,32.84000015258789,26.03866195678711,4853500
2017-04-03,TSM,Taiwan Semiconductor,32.939998626708984,33.0,32.709999084472656,32.88999938964844,26.078306198120117,4283100
2017-04-04,TSM,Taiwan Semiconductor,32.79999923706055,32.95000076293945,32.77000045776367,32.86000061035156,26.054521560668945,3756600
2017-04-05,TSM,Taiwan Semiconductor,33.060001373291016,33.33000183105469,32.869998931884766,32.900001525878906,26.08623504638672,5112900
2017-04-06,TSM,Taiwan Semiconductor,32.880001068115234,32.939998626708984,32.72999954223633,32.86000061035156,26.054521560668945,3990800
2017-04-07,TSM,Taiwan Semiconductor,32.86000061035156,33.040000915527344,32.77000045776367,32.869998931884766,26.062448501586914,3366300
2017-04-10,TSM,Taiwan Semiconductor,32.869998931884766,32.869998931884766,32.41999816894531,32.52000045776367,25.784934997558594,4937100
2017-04-11,TSM,Taiwan Semiconductor,32.689998626708984,32.689998626708984,31.979999542236328,32.400001525878906,25.689788818359375,6293800
2017-04-12,TSM,Taiwan Semiconductor,32.470001220703125,32.63999938964844,32.02000045776367,32.279998779296875,25.594636917114258,6136500
2017-04-13,TSM,Taiwan Semiconductor,32.099998474121094,32.45000076293945,31.81999969482422,31.829999923706055,25.23783302307129,8781700
2017-04-17,TSM,Taiwan Semiconductor,32.040000915527344,32.06999969482422,31.770000457763672,32.029998779296875,25.396419525146484,6918900
2017-04-18,TSM,Taiwan Semiconductor,31.760000228881836,31.860000610351562,31.6299991607666,31.790000915527344,25.206119537353516,5468600
2017-04-19,TSM,Taiwan Semiconductor,31.920000076293945,31.950000762939453,31.489999771118164,31.610000610351562,25.06340217590332,4739200
2017-04-20,TSM,Taiwan Semiconductor,31.770000457763672,31.8700008392334,31.639999389648438,31.790000915527344,25.206119537353516,4237700
2017-04-21,TSM,Taiwan Semiconductor,32.09000015258789,32.13999938964844,31.950000762939453,32.08000183105469,25.43606185913086,4530400
2017-04-24,TSM,Taiwan Semiconductor,32.58000183105469,32.79999923706055,32.4900016784668,32.70000076293945,25.927661895751953,5717000
2017-04-25,TSM,Taiwan Semiconductor,32.7599983215332,33.18000030517578,32.75,33.06999969482422,26.221027374267578,5614300
2017-04-26,TSM,Taiwan Semiconductor,33.060001373291016,33.11000061035156,32.81999969482422,33.0,26.1655216217041,6027700
2017-04-27,TSM,Taiwan Semiconductor,33.11000061035156,33.29999923706055,33.0099983215332,33.02000045776367,26.181386947631836,5625600
2017-04-28,TSM,Taiwan Semiconductor,33.150001525878906,33.25,33.040000915527344,33.06999969482422,26.221027374267578,5250500
2017-05-01,TSM,Taiwan Semiconductor,33.15999984741211,33.40999984741211,33.13999938964844,33.400001525878906,26.482685089111328,4015100
2017-05-02,TSM,Taiwan Semiconductor,33.56999969482422,33.9900016784668,33.56999969482422,33.93000030517578,26.90291404724121,5989300
2017-05-03,TSM,Taiwan Semiconductor,33.880001068115234,34.290000915527344,33.84000015258789,34.290000915527344,27.1883544921875,6660700
2017-05-04,TSM,Taiwan Semiconductor,34.189998626708984,34.189998626708984,33.970001220703125,34.13999938964844,27.069425582885742,5697300
2017-05-05,TSM,Taiwan Semiconductor,34.15999984741211,34.439998626708984,34.029998779296875,34.41999816894531,27.291439056396484,5249800
2017-05-08,TSM,Taiwan Semiconductor,34.70000076293945,35.099998474121094,34.630001068115234,34.97999954223633,27.735454559326172,6906900
2017-05-09,TSM,Taiwan Semiconductor,35.130001068115234,35.459999084472656,35.130001068115234,35.40999984741211,28.076396942138672,7297900
2017-05-10,TSM,Taiwan Semiconductor,35.27000045776367,35.630001068115234,35.08000183105469,35.40999984741211,28.076396942138672,9936700
2017-05-11,TSM,Taiwan Semiconductor,35.619998931884766,35.79999923706055,35.369998931884766,35.560001373291016,28.19533348083496,6648900
2017-05-12,TSM,Taiwan Semiconductor,35.5,35.52000045776367,35.25,35.369998931884766,28.044687271118164,4905000
2017-05-15,TSM,Taiwan Semiconductor,35.36000061035156,35.38999938964844,34.880001068115234,35.060001373291016,27.798892974853516,9784700
2017-05-16,TSM,Taiwan Semiconductor,35.0099983215332,35.029998779296875,34.79999923706055,35.029998779296875,27.775094985961914,6046200
2017-05-17,TSM,Taiwan Semiconductor,34.79999923706055,34.810001373291016,34.38999938964844,34.41999816894531,27.291439056396484,8128100
2017-05-18,TSM,Taiwan Semiconductor,34.439998626708984,34.9900016784668,34.40999984741211,34.900001525878906,27.672027587890625,8303700
2017-05-19,TSM,Taiwan Semiconductor,35.08000183105469,35.22999954223633,34.939998626708984,35.20000076293945,27.909894943237305,7283300
2017-05-22,TSM,Taiwan Semiconductor,35.38999938964844,35.5099983215332,35.2599983215332,35.400001525878906,28.068470001220703,5914200
2017-05-23,TSM,Taiwan Semiconductor,35.38999938964844,35.4900016784668,35.29999923706055,35.400001525878906,28.068470001220703,6612800
2017-05-24,TSM,Taiwan Semiconductor,35.41999816894531,35.59000015258789,35.34000015258789,35.52000045776367,28.16361427307129,7812500
2017-05-25,TSM,Taiwan Semiconductor,35.65999984741211,35.790000915527344,35.4900016784668,35.56999969482422,28.203264236450195,4514900
2017-05-26,TSM,Taiwan Semiconductor,35.54999923706055,35.58000183105469,35.33000183105469,35.5099983215332,28.155689239501953,3109800
2017-05-30,TSM,Taiwan Semiconductor,35.68000030517578,35.810001373291016,35.47999954223633,35.779998779296875,28.369770050048828,4219300
2017-05-31,TSM,Taiwan Semiconductor,35.31999969482422,35.36000061035156,35.099998474121094,35.36000061035156,28.036754608154297,7663100
2017-06-01,TSM,Taiwan Semiconductor,35.70000076293945,35.91999816894531,35.529998779296875,35.88999938964844,28.456993103027344,6016100
2017-06-02,TSM,Taiwan Semiconductor,35.90999984741211,36.22999954223633,35.849998474121094,36.18000030517578,28.68692398071289,5779200
2017-06-05,TSM,Taiwan Semiconductor,36.560001373291016,36.66999816894531,36.29999923706055,36.38999938964844,28.85343360900879,4819600
2017-06-06,TSM,Taiwan Semiconductor,36.380001068115234,36.58000183105469,36.2400016784668,36.43000030517578,28.885143280029297,5028000
2017-06-07,TSM,Taiwan Semiconductor,36.59000015258789,36.709999084472656,36.380001068115234,36.459999084472656,28.9089412689209,6537700
2017-06-08,TSM,Taiwan Semiconductor,36.75,36.900001525878906,36.540000915527344,36.83000183105469,29.20231056213379,7593900
2017-06-09,TSM,Taiwan Semiconductor,36.58000183105469,36.70000076293945,35.20000076293945,35.790000915527344,28.377696990966797,12040100
2017-06-12,TSM,Taiwan Semiconductor,35.790000915527344,35.790000915527344,35.0099983215332,35.2400016784668,27.941608428955078,11057000
2017-06-13,TSM,Taiwan Semiconductor,35.459999084472656,35.59000015258789,35.25,35.560001373291016,28.19533348083496,4969400
2017-06-14,TSM,Taiwan Semiconductor,35.470001220703125,35.77000045776367,35.369998931884766,35.650001525878906,28.266695022583008,7016400
2017-06-15,TSM,Taiwan Semiconductor,35.11000061035156,35.470001220703125,35.0099983215332,35.439998626708984,28.100181579589844,4623300
2017-06-16,TSM,Taiwan Semiconductor,35.869998931884766,35.95000076293945,35.720001220703125,35.869998931884766,28.441131591796875,7432400
2017-06-19,TSM,Taiwan Semiconductor,36.130001068115234,36.36000061035156,36.06999969482422,36.209999084472656,28.710712432861328,4523700
2017-06-20,TSM,Taiwan Semiconductor,36.52000045776367,36.7400016784668,36.119998931884766,36.130001068115234,28.64729118347168,4987400
2017-06-21,TSM,Taiwan Semiconductor,36.209999084472656,36.779998779296875,36.209999084472656,36.709999084472656,29.107162475585938,6329400
2017-06-22,TSM,Taiwan Semiconductor,36.720001220703125,36.91999816894531,36.630001068115234,36.709999084472656,29.107162475585938,6273400
2017-06-23,TSM,Taiwan Semiconductor,36.720001220703125,36.779998779296875,36.540000915527344,36.72999954223633,29.123010635375977,5558600
2017-06-26,TSM,Taiwan Semiconductor,36.439998626708984,36.52000045776367,35.91999816894531,36.130001068115234,29.580692291259766,10127200
2017-06-27,TSM,Taiwan Semiconductor,35.790000915527344,35.790000915527344,34.970001220703125,35.09000015258789,28.72922134399414,8081100
2017-06-28,TSM,Taiwan Semiconductor,35.27000045776367,35.38999938964844,34.75,35.349998474121094,28.94208526611328,8306200
2017-06-29,TSM,Taiwan Semiconductor,35.22999954223633,35.22999954223633,34.529998779296875,34.810001373291016,28.499969482421875,7332200
2017-06-30,TSM,Taiwan Semiconductor,34.84000015258789,35.09000015258789,34.70000076293945,34.959999084472656,28.622777938842773,5177500
2017-07-03,TSM,Taiwan Semiconductor,35.040000915527344,35.16999816894531,34.83000183105469,34.880001068115234,28.55727767944336,4470600
2017-07-05,TSM,Taiwan Semiconductor,35.08000183105469,35.08000183105469,34.630001068115234,34.81999969482422,28.508161544799805,9222200
2017-07-06,TSM,Taiwan Semiconductor,34.5,34.63999938964844,34.310001373291016,34.5,28.246158599853516,6493700
2017-07-07,TSM,Taiwan Semiconductor,34.54999923706055,34.66999816894531,34.47999954223633,34.630001068115234,28.35260009765625,7937800
2017-07-10,TSM,Taiwan Semiconductor,34.61000061035156,35.15999984741211,34.54999923706055,35.0,28.655527114868164,7779700
2017-07-11,TSM,Taiwan Semiconductor,35.43000030517578,35.43000030517578,35.04999923706055,35.380001068115234,28.966644287109375,9300800
2017-07-12,TSM,Taiwan Semiconductor,35.650001525878906,35.79999923706055,35.5,35.689998626708984,29.22044563293457,9211200
2017-07-13,TSM,Taiwan Semiconductor,35.459999084472656,36.15999984741211,35.459999084472656,36.150001525878906,29.59706687927246,9943900
2017-07-14,TSM,Taiwan Semiconductor,36.130001068115234,36.349998474121094,35.97999954223633,36.25,29.678939819335938,7196600
2017-07-17,TSM,Taiwan Semiconductor,36.029998779296875,36.060001373291016,35.63999938964844,35.90999984741211,29.400575637817383,4649800
2017-07-18,TSM,Taiwan Semiconductor,35.880001068115234,36.040000915527344,35.720001220703125,35.869998931884766,29.36781120300293,6185300
2017-07-19,TSM,Taiwan Semiconductor,36.060001373291016,36.41999816894531,36.060001373291016,36.40999984741211,29.8099422454834,7033800
2017-07-20,TSM,Taiwan Semiconductor,36.40999984741211,36.40999984741211,36.08000183105469,36.099998474121094,29.556129455566406,6996600
2017-07-21,TSM,Taiwan Semiconductor,36.060001373291016,36.060001373291016,35.70000076293945,35.849998474121094,29.351444244384766,5023500
2017-07-24,TSM,Taiwan Semiconductor,36.11000061035156,36.220001220703125,36.0099983215332,36.220001220703125,29.654367446899414,6842100
2017-07-25,TSM,Taiwan Semiconductor,36.0099983215332,36.25,35.970001220703125,36.099998474121094,29.556129455566406,5276300
2017-07-26,TSM,Taiwan Semiconductor,36.099998474121094,36.25,35.939998626708984,36.220001220703125,29.654367446899414,4342200
2017-07-27,TSM,Taiwan Semiconductor,36.540000915527344,36.61000061035156,35.959999084472656,36.18000030517578,29.621625900268555,7243100
2017-07-28,TSM,Taiwan Semiconductor,36.04999923706055,36.06999969482422,35.70000076293945,35.86000061035156,29.359638214111328,3678400
2017-07-31,TSM,Taiwan Semiconductor,36.029998779296875,36.400001525878906,35.849998474121094,35.959999084472656,29.441511154174805,7757600
2017-08-01,TSM,Taiwan Semiconductor,35.95000076293945,35.9900016784668,35.709999084472656,35.84000015258789,29.343257904052734,5437300
2017-08-02,TSM,Taiwan Semiconductor,36.400001525878906,36.470001220703125,35.86000061035156,36.06999969482422,29.53156852722168,6064600
2017-08-03,TSM,Taiwan Semiconductor,36.11000061035156,36.11000061035156,35.650001525878906,35.790000915527344,29.302330017089844,3919800
2017-08-04,TSM,Taiwan Semiconductor,35.93000030517578,36.08000183105469,35.7599983215332,36.029998779296875,29.498811721801758,4071400
2017-08-07,TSM,Taiwan Semiconductor,36.2599983215332,36.81999969482422,36.2599983215332,36.790000915527344,30.121055603027344,4860200
2017-08-08,TSM,Taiwan Semiconductor,36.709999084472656,36.959999084472656,36.63999938964844,36.70000076293945,30.047374725341797,3301200
2017-08-09,TSM,Taiwan Semiconductor,36.20000076293945,36.470001220703125,36.029998779296875,36.459999084472656,29.85087013244629,3153700
2017-08-10,TSM,Taiwan Semiconductor,36.0,36.029998779296875,35.34000015258789,35.34000015258789,28.93389892578125,5605400
2017-08-11,TSM,Taiwan Semiconductor,35.52000045776367,36.20000076293945,35.43000030517578,36.13999938964844,29.58888053894043,4291100
2017-08-14,TSM,Taiwan Semiconductor,36.029998779296875,36.099998474121094,35.849998474121094,36.04999923706055,29.51519012451172,3875600
2017-08-15,TSM,Taiwan Semiconductor,36.189998626708984,36.4900016784668,36.09000015258789,36.41999816894531,29.818126678466797,3820400
2017-08-16,TSM,Taiwan Semiconductor,36.20000076293945,36.439998626708984,36.13999938964844,36.34000015258789,29.752628326416016,3232000
2017-08-17,TSM,Taiwan Semiconductor,36.29999923706055,36.34000015258789,35.77000045776367,35.790000915527344,29.302330017089844,3324000
2017-08-18,TSM,Taiwan Semiconductor,36.0,36.099998474121094,35.61000061035156,35.86000061035156,29.359638214111328,3692800
2017-08-21,TSM,Taiwan Semiconductor,35.90999984741211,36.0099983215332,35.630001068115234,35.97999954223633,29.457876205444336,3588100
2017-08-22,TSM,Taiwan Semiconductor,36.470001220703125,36.66999816894531,36.34000015258789,36.52000045776367,29.899993896484375,3202300
2017-08-23,TSM,Taiwan Semiconductor,36.470001220703125,36.599998474121094,36.369998931884766,36.58000183105469,29.949119567871094,2956400
2017-08-24,TSM,Taiwan Semiconductor,36.779998779296875,36.93000030517578,36.58000183105469,36.83000183105469,30.15380096435547,4544500
2017-08-25,TSM,Taiwan Semiconductor,36.93000030517578,37.060001373291016,36.75,36.849998474121094,30.170162200927734,2975200
2017-08-28,TSM,Taiwan Semiconductor,36.59000015258789,36.869998931884766,36.56999969482422,36.77000045776367,30.104673385620117,2199900
2017-08-29,TSM,Taiwan Semiconductor,36.52000045776367,36.970001220703125,36.5,36.880001068115234,30.194732666015625,2997700
2017-08-30,TSM,Taiwan Semiconductor,36.880001068115234,37.08000183105469,36.79999923706055,36.93000030517578,30.23567771911621,2838900
2017-08-31,TSM,Taiwan Semiconductor,36.95000076293945,36.97999954223633,36.70000076293945,36.970001220703125,30.268423080444336,4288600
2017-09-01,TSM,Taiwan Semiconductor,37.0,37.2400016784668,36.90999984741211,37.220001220703125,30.473108291625977,4100000
2017-09-05,TSM,Taiwan Semiconductor,37.25,37.400001525878906,36.650001525878906,36.849998474121094,30.170162200927734,7123000
2017-09-06,TSM,Taiwan Semiconductor,37.060001373291016,37.369998931884766,37.0,37.27000045776367,30.514034271240234,4187700
2017-09-07,TSM,Taiwan Semiconductor,37.2400016784668,37.540000915527344,37.18000030517578,37.540000915527344,30.735088348388672,3597500
2017-09-08,TSM,Taiwan Semiconductor,37.56999969482422,37.68000030517578,37.349998474121094,37.5,30.702350616455078,5581800
2017-09-11,TSM,Taiwan Semiconductor,37.38999938964844,37.880001068115234,37.349998474121094,37.84000015258789,30.980714797973633,6920100
2017-09-12,TSM,Taiwan Semiconductor,37.849998474121094,37.939998626708984,37.650001525878906,37.86000061035156,30.99709129333496,3524500
2017-09-13,TSM,Taiwan Semiconductor,37.66999816894531,37.790000915527344,37.4900016784668,37.529998779296875,30.72690200805664,4983400
2017-09-14,TSM,Taiwan Semiconductor,37.5,37.72999954223633,37.369998931884766,37.380001068115234,30.604097366333008,5799000
2017-09-15,TSM,Taiwan Semiconductor,37.52000045776367,37.66999816894531,37.400001525878906,37.650001525878906,30.825159072875977,7245600
2017-09-18,TSM,Taiwan Semiconductor,37.869998931884766,38.119998931884766,37.83000183105469,38.06999969482422,31.169015884399414,6179600
2017-09-19,TSM,Taiwan Semiconductor,38.18000030517578,38.43000030517578,38.130001068115234,38.29999923706055,31.357337951660156,6559400
2017-09-20,TSM,Taiwan Semiconductor,38.36000061035156,38.38999938964844,37.439998626708984,37.81999969482422,30.964338302612305,7961100
2017-09-21,TSM,Taiwan Semiconductor,37.790000915527344,38.33000183105469,37.66999816894531,38.2400016784668,31.308216094970703,8458000
2017-09-22,TSM,Taiwan Semiconductor,37.70000076293945,37.83000183105469,37.59000015258789,37.77000045776367,30.923412322998047,4529900
2017-09-25,TSM,Taiwan Semiconductor,37.5,37.5,36.86000061035156,37.06999969482422,30.35030174255371,5895000
2017-09-26,TSM,Taiwan Semiconductor,37.09000015258789,37.31999969482422,36.93000030517578,37.13999938964844,30.407604217529297,5995400
2017-09-27,TSM,Taiwan Semiconductor,37.290000915527344,37.36000061035156,37.0099983215332,37.25,30.49766731262207,4802700
2017-09-28,TSM,Taiwan Semiconductor,36.959999084472656,37.099998474121094,36.790000915527344,37.04999923706055,30.33392333984375,7618700
2017-09-29,TSM,Taiwan Semiconductor,37.2599983215332,37.599998474121094,37.2599983215332,37.54999923706055,30.743282318115234,3818500
2017-10-02,TSM,Taiwan Semiconductor,37.83000183105469,38.18000030517578,37.77000045776367,38.130001068115234,31.218151092529297,5096200
2017-10-03,TSM,Taiwan Semiconductor,38.36000061035156,38.470001220703125,38.25,38.439998626708984,31.471952438354492,3727100
2017-10-04,TSM,Taiwan Semiconductor,38.25,38.34000015258789,38.130001068115234,38.27000045776367,31.332773208618164,2717200
2017-10-05,TSM,Taiwan Semiconductor,38.65999984741211,38.849998474121094,38.38999938964844,38.459999084472656,31.488327026367188,4456400
2017-10-06,TSM,Taiwan Semiconductor,38.40999984741211,38.47999954223633,38.209999084472656,38.459999084472656,31.488327026367188,3086100
2017-10-09,TSM,Taiwan Semiconductor,38.599998474121094,38.810001373291016,38.5,38.77000045776367,31.742137908935547,1963500
2017-10-10,TSM,Taiwan Semiconductor,39.11000061035156,39.15999984741211,38.81999969482422,38.970001220703125,31.9058780670166,4112000
2017-10-11,TSM,Taiwan Semiconductor,39.79999923706055,40.38999938964844,39.68000030517578,40.349998474121094,33.03572082519531,9015400
2017-10-12,TSM,Taiwan Semiconductor,40.4900016784668,40.65999984741211,40.31999969482422,40.439998626708984,33.10942077636719,5524100
2017-10-13,TSM,Taiwan Semiconductor,40.70000076293945,40.86000061035156,40.630001068115234,40.81999969482422,33.4205207824707,3913100
2017-10-16,TSM,Taiwan Semiconductor,40.880001068115234,40.91999816894531,40.650001525878906,40.88999938964844,33.47783660888672,2707000
2017-10-17,TSM,Taiwan Semiconductor,40.83000183105469,41.25,40.540000915527344,41.25,33.77259063720703,7582200
2017-10-18,TSM,Taiwan Semiconductor,41.400001525878906,41.720001220703125,40.93000030517578,41.5,33.97726058959961,6653200
2017-10-19,TSM,Taiwan Semiconductor,41.02000045776367,41.290000915527344,40.5,41.06999969482422,33.62520980834961,5710500
2017-10-20,TSM,Taiwan Semiconductor,41.02000045776367,41.119998931884766,40.83000183105469,41.119998931884766,33.6661491394043,5251600
2017-10-23,TSM,Taiwan Semiconductor,41.369998931884766,41.47999954223633,41.11000061035156,41.209999084472656,33.73983383178711,5092400
2017-10-24,TSM,Taiwan Semiconductor,41.2599983215332,41.380001068115234,40.970001220703125,41.31999969482422,33.82990264892578,4251600
2017-10-25,TSM,Taiwan Semiconductor,41.29999923706055,41.40999984741211,40.70000076293945,41.15999984741211,33.69889831542969,3360000
2017-10-26,TSM,Taiwan Semiconductor,41.18000030517578,41.34000015258789,41.06999969482422,41.20000076293945,33.73164749145508,3651500
2017-10-27,TSM,Taiwan Semiconductor,41.47999954223633,42.18000030517578,41.41999816894531,42.150001525878906,34.50944137573242,4822800
2017-10-30,TSM,Taiwan Semiconductor,42.36000061035156,42.65999984741211,42.08000183105469,42.130001068115234,34.49306869506836,5200800
2017-10-31,TSM,Taiwan Semiconductor,42.18000030517578,42.52000045776367,42.099998474121094,42.33000183105469,34.65681838989258,3704500
2017-11-01,TSM,Taiwan Semiconductor,42.47999954223633,42.5,41.86000061035156,42.099998474121094,34.46849822998047,4235700
2017-11-02,TSM,Taiwan Semiconductor,42.09000015258789,42.2400016784668,41.95000076293945,42.150001525878906,34.50944137573242,3255800
2017-11-03,TSM,Taiwan Semiconductor,41.900001525878906,42.22999954223633,41.59000015258789,42.189998626708984,34.54218673706055,6140900
2017-11-06,TSM,Taiwan Semiconductor,42.189998626708984,42.47999954223633,42.08000183105469,42.43000030517578,34.738685607910156,5650500
2017-11-07,TSM,Taiwan Semiconductor,42.63999938964844,42.709999084472656,42.2599983215332,42.5099983215332,34.80418395996094,2761600
2017-11-08,TSM,Taiwan Semiconductor,42.41999816894531,42.540000915527344,42.209999084472656,42.43000030517578,34.738685607910156,2378400
2017-11-09,TSM,Taiwan Semiconductor,42.13999938964844,42.220001220703125,41.290000915527344,41.63999938964844,34.09189224243164,4680100
2017-11-10,TSM,Taiwan Semiconductor,41.790000915527344,41.81999969482422,41.59000015258789,41.720001220703125,34.157386779785156,5333900
2017-11-13,TSM,Taiwan Semiconductor,41.720001220703125,42.0099983215332,41.5099983215332,42.0099983215332,34.394813537597656,2222000
2017-11-14,TSM,Taiwan Semiconductor,41.779998779296875,41.88999938964844,41.5099983215332,41.86000061035156,34.27200698852539,2799400
2017-11-15,TSM,Taiwan Semiconductor,41.38999938964844,41.650001525878906,41.279998779296875,41.540000915527344,34.010013580322266,3417300
2017-11-16,TSM,Taiwan Semiconductor,41.75,42.2400016784668,41.75,42.099998474121094,34.46849822998047,3304500
2017-11-17,TSM,Taiwan Semiconductor,42.2400016784668,42.41999816894531,41.970001220703125,42.06999969482422,34.443946838378906,3702000
2017-11-20,TSM,Taiwan Semiconductor,42.06999969482422,42.279998779296875,41.959999084472656,42.209999084472656,34.55856704711914,4455300
2017-11-21,TSM,Taiwan Semiconductor,42.619998931884766,42.869998931884766,42.54999923706055,42.58000183105469,34.86150360107422,3668500
2017-11-22,TSM,Taiwan Semiconductor,42.59000015258789,42.7400016784668,42.290000915527344,42.40999984741211,34.722320556640625,2768600
2017-11-24,TSM,Taiwan Semiconductor,42.66999816894531,43.02000045776367,42.61000061035156,42.9900016784668,35.197166442871094,1499700
2017-11-27,TSM,Taiwan Semiconductor,41.66999816894531,41.68000030517578,41.060001373291016,41.09000015258789,33.64158630371094,8188400
2017-11-28,TSM,Taiwan Semiconductor,41.029998779296875,41.220001220703125,40.810001373291016,40.93000030517578,33.51059341430664,4864800
2017-11-29,TSM,Taiwan Semiconductor,40.880001068115234,40.90999984741211,39.2400016784668,39.40999984741211,32.2661247253418,11796100
2017-11-30,TSM,Taiwan Semiconductor,39.599998474121094,39.7400016784668,39.16999816894531,39.599998474121094,32.42167663574219,9357100
2017-12-01,TSM,Taiwan Semiconductor,39.95000076293945,39.9900016784668,39.0,39.70000076293945,32.50354766845703,7192200
2017-12-04,TSM,Taiwan Semiconductor,40.04999923706055,40.130001068115234,39.29999923706055,39.38999938964844,32.249752044677734,7109000
2017-12-05,TSM,Taiwan Semiconductor,39.20000076293945,39.52000045776367,38.93000030517578,39.20000076293945,32.09419250488281,4504000
2017-12-06,TSM,Taiwan Semiconductor,38.959999084472656,39.09000015258789,38.52000045776367,38.68000030517578,31.66845703125,8622000
2017-12-07,TSM,Taiwan Semiconductor,38.75,39.029998779296875,38.61000061035156,39.0099983215332,31.938629150390625,11285400
2017-12-08,TSM,Taiwan Semiconductor,39.380001068115234,39.54999923706055,38.95000076293945,39.0,31.93044662475586,5071600
2017-12-11,TSM,Taiwan Semiconductor,39.189998626708984,39.58000183105469,39.18000030517578,39.369998931884766,32.23336410522461,5272500
2017-12-12,TSM,Taiwan Semiconductor,39.220001220703125,39.380001068115234,39.08000183105469,39.29999923706055,32.176063537597656,5488100
2017-12-13,TSM,Taiwan Semiconductor,39.470001220703125,39.4900016784668,39.220001220703125,39.290000915527344,32.167884826660156,4227100
2017-12-14,TSM,Taiwan Semiconductor,39.5,39.650001525878906,39.31999969482422,39.400001525878906,32.2579460144043,4737600
2017-12-15,TSM,Taiwan Semiconductor,39.400001525878906,39.619998931884766,39.25,39.5,32.33981704711914,7156400
2017-12-18,TSM,Taiwan Semiconductor,39.380001068115234,39.470001220703125,39.20000076293945,39.400001525878906,32.2579460144043,5746900
2017-12-19,TSM,Taiwan Semiconductor,39.209999084472656,39.40999984741211,39.119998931884766,39.34000015258789,32.20880889892578,4454900
2017-12-20,TSM,Taiwan Semiconductor,39.380001068115234,39.61000061035156,39.16999816894531,39.439998626708984,32.290687561035156,6330100
2017-12-21,TSM,Taiwan Semiconductor,39.560001373291016,39.65999984741211,39.20000076293945,39.22999954223633,32.11875534057617,3563100
2017-12-22,TSM,Taiwan Semiconductor,39.599998474121094,39.630001068115234,39.29999923706055,39.630001068115234,32.44625473022461,2523600
2017-12-26,TSM,Taiwan Semiconductor,39.310001373291016,39.310001373291016,38.810001373291016,38.95000076293945,31.889509201049805,2861500
2017-12-27,TSM,Taiwan Semiconductor,39.0,39.11000061035156,38.880001068115234,39.08000183105469,31.995943069458008,3092900
2017-12-28,TSM,Taiwan Semiconductor,39.5099983215332,39.88999938964844,39.400001525878906,39.7400016784668,32.536293029785156,4279500
2017-12-29,TSM,Taiwan Semiconductor,39.849998474121094,40.220001220703125,39.650001525878906,39.650001525878906,32.46261978149414,3870900
2018-01-02,TSM,Taiwan Semiconductor,40.5099983215332,41.04999923706055,40.41999816894531,41.02000045776367,33.58428192138672,4984000
2018-01-03,TSM,Taiwan Semiconductor,41.59000015258789,41.810001373291016,41.439998626708984,41.709999084472656,34.14919662475586,6963200
2018-01-04,TSM,Taiwan Semiconductor,41.91999816894531,42.0,41.45000076293945,41.4900016784668,33.96907043457031,4876600
2018-01-05,TSM,Taiwan Semiconductor,41.88999938964844,42.56999969482422,41.790000915527344,42.459999084472656,34.76325607299805,5330800
2018-01-08,TSM,Taiwan Semiconductor,42.400001525878906,42.47999954223633,42.189998626708984,42.439998626708984,34.74686813354492,3538200
2018-01-09,TSM,Taiwan Semiconductor,42.4900016784668,42.5,42.130001068115234,42.18000030517578,34.53400802612305,5729900
2018-01-10,TSM,Taiwan Semiconductor,41.349998474121094,41.45000076293945,40.720001220703125,41.29999923706055,33.81352233886719,7102700
2018-01-11,TSM,Taiwan Semiconductor,41.220001220703125,41.400001525878906,40.95000076293945,41.029998779296875,33.592464447021484,5701800
2018-01-12,TSM,Taiwan Semiconductor,41.040000915527344,41.29999923706055,40.7599983215332,41.189998626708984,33.72345733642578,5028000
2018-01-16,TSM,Taiwan Semiconductor,42.0099983215332,42.349998474121094,41.810001373291016,42.22999954223633,34.57493591308594,9081600
2018-01-17,TSM,Taiwan Semiconductor,42.65999984741211,43.27000045776367,42.5,43.130001068115234,35.311790466308594,7117700
2018-01-18,TSM,Taiwan Semiconductor,43.86000061035156,44.849998474121094,43.5,44.56999969482422,36.490760803222656,11866200
2018-01-19,TSM,Taiwan Semiconductor,45.06999969482422,45.540000915527344,44.58000183105469,44.66999816894531,36.57263946533203,6543700
2018-01-22,TSM,Taiwan Semiconductor,46.0,46.400001525878906,45.939998626708984,46.380001068115234,37.9726676940918,8335800
2018-01-23,TSM,Taiwan Semiconductor,46.47999954223633,46.56999969482422,46.060001373291016,46.279998779296875,37.89079666137695,5659600
2018-01-24,TSM,Taiwan Semiconductor,45.63999938964844,45.66999816894531,45.25,45.33000183105469,37.113006591796875,7400600
2018-01-25,TSM,Taiwan Semiconductor,45.709999084472656,45.779998779296875,45.040000915527344,45.099998474121094,36.9246940612793,7655700
2018-01-26,TSM,Taiwan Semiconductor,45.5,45.7400016784668,45.029998779296875,45.720001220703125,37.43231201171875,7057300
2018-01-29,TSM,Taiwan Semiconductor,45.470001220703125,45.689998626708984,45.20000076293945,45.400001525878906,37.170310974121094,11604400
2018-01-30,TSM,Taiwan Semiconductor,44.56999969482422,45.029998779296875,44.400001525878906,44.880001068115234,36.744571685791016,10224600
2018-01-31,TSM,Taiwan Semiconductor,45.43000030517578,45.79999923706055,45.119998931884766,45.310001373291016,37.09663009643555,6333300
2018-02-01,TSM,Taiwan Semiconductor,45.33000183105469,45.93000030517578,45.29999923706055,45.45000076293945,37.211246490478516,6706500
2018-02-02,TSM,Taiwan Semiconductor,45.0099983215332,45.31999969482422,44.45000076293945,44.5099983215332,36.44164276123047,12051800
2018-02-05,TSM,Taiwan Semiconductor,44.04999923706055,44.810001373291016,42.810001373291016,42.95000076293945,35.164424896240234,11748300
2018-02-06,TSM,Taiwan Semiconductor,42.27000045776367,43.70000076293945,42.099998474121094,43.59000015258789,35.688419342041016,13414100
2018-02-07,TSM,Taiwan Semiconductor,42.9900016784668,42.9900016784668,41.880001068115234,41.880001068115234,34.28837966918945,15239500
2018-02-08,TSM,Taiwan Semiconductor,42.11000061035156,42.119998931884766,40.36000061035156,40.36000061035156,33.043914794921875,11356000
2018-02-09,TSM,Taiwan Semiconductor,40.7400016784668,41.68000030517578,39.959999084472656,41.470001220703125,33.95270919799805,10588400
2018-02-12,TSM,Taiwan Semiconductor,42.029998779296875,42.790000915527344,41.959999084472656,42.529998779296875,34.82054901123047,6573300
2018-02-13,TSM,Taiwan Semiconductor,42.540000915527344,42.65999984741211,41.880001068115234,42.380001068115234,34.69774627685547,5831900
2018-02-14,TSM,Taiwan Semiconductor,42.16999816894531,43.09000015258789,41.91999816894531,43.04999923706055,35.24628829956055,6860100
2018-02-15,TSM,Taiwan Semiconductor,43.52000045776367,43.75,42.75,43.52000045776367,35.6310920715332,6116500
2018-02-16,TSM,Taiwan Semiconductor,43.349998474121094,43.959999084472656,43.310001373291016,43.47999954223633,35.59835433959961,4792100
2018-02-20,TSM,Taiwan Semiconductor,43.08000183105469,44.15999984741211,43.0,43.7400016784668,35.81122970581055,9291700
2018-02-21,TSM,Taiwan Semiconductor,43.65999984741211,43.81999969482422,42.869998931884766,42.88999938964844,35.11528778076172,6612600
2018-02-22,TSM,Taiwan Semiconductor,42.66999816894531,42.7400016784668,42.18000030517578,42.38999938964844,34.7059326171875,7984000
2018-02-23,TSM,Taiwan Semiconductor,43.38999938964844,43.900001525878906,43.11000061035156,43.900001525878906,35.942222595214844,7204900
2018-02-26,TSM,Taiwan Semiconductor,44.11000061035156,44.40999984741211,43.79999923706055,44.40999984741211,36.359771728515625,3897600
2018-02-27,TSM,Taiwan Semiconductor,44.04999923706055,44.29999923706055,43.61000061035156,43.619998931884766,35.712974548339844,5999100
2018-02-28,TSM,Taiwan Semiconductor,43.66999816894531,43.90999984741211,43.290000915527344,43.349998474121094,35.49191665649414,6400100
2018-03-01,TSM,Taiwan Semiconductor,43.349998474121094,43.560001373291016,42.310001373291016,42.720001220703125,34.97612380981445,7792400
2018-03-02,TSM,Taiwan Semiconductor,42.38999938964844,43.04999923706055,42.150001525878906,43.0099983215332,35.21354293823242,4819600
2018-03-05,TSM,Taiwan Semiconductor,43.04999923706055,43.7599983215332,42.869998931884766,43.4900016784668,35.60654067993164,5977200
2018-03-06,TSM,Taiwan Semiconductor,44.34000015258789,44.400001525878906,43.43000030517578,43.540000915527344,35.6474723815918,8632000
2018-03-07,TSM,Taiwan Semiconductor,43.310001373291016,44.279998779296875,43.18000030517578,44.20000076293945,36.187843322753906,4482900
2018-03-08,TSM,Taiwan Semiconductor,44.29999923706055,44.38999938964844,43.59000015258789,43.79999923706055,35.86034393310547,7092400
2018-03-09,TSM,Taiwan Semiconductor,44.04999923706055,44.599998474121094,43.52000045776367,44.59000015258789,36.507137298583984,8336200
2018-03-12,TSM,Taiwan Semiconductor,44.790000915527344,45.349998474121094,44.75,45.220001220703125,37.0229377746582,5176100
2018-03-13,TSM,Taiwan Semiconductor,45.5,45.75,44.90999984741211,44.9900016784668,36.83463668823242,5842300
2018-03-14,TSM,Taiwan Semiconductor,45.43000030517578,45.45000076293945,44.83000183105469,45.150001525878906,36.96562957763672,4300500
2018-03-15,TSM,Taiwan Semiconductor,45.099998474121094,45.650001525878906,44.88999938964844,45.310001373291016,37.09663009643555,3942200
2018-03-16,TSM,Taiwan Semiconductor,45.0,45.52000045776367,44.93000030517578,44.970001220703125,36.8182487487793,8125600
2018-03-19,TSM,Taiwan Semiconductor,44.720001220703125,44.869998931884766,44.189998626708984,44.599998474121094,36.51531982421875,5116500
2018-03-20,TSM,Taiwan Semiconductor,44.70000076293945,44.90999984741211,44.52000045776367,44.83000183105469,36.703636169433594,6404200
2018-03-21,TSM,Taiwan Semiconductor,44.56999969482422,44.849998474121094,44.25,44.70000076293945,36.597206115722656,7036400
2018-03-22,TSM,Taiwan Semiconductor,44.099998474121094,44.369998931884766,43.689998626708984,43.689998626708984,35.77027893066406,6318500
2018-03-23,TSM,Taiwan Semiconductor,43.630001068115234,43.70000076293945,42.58000183105469,42.58000183105469,34.86150360107422,5923500
2018-03-26,TSM,Taiwan Semiconductor,43.810001373291016,44.279998779296875,43.18000030517578,44.27000045776367,36.245140075683594,5395200
2018-03-27,TSM,Taiwan Semiconductor,44.720001220703125,44.84000015258789,43.130001068115234,43.290000915527344,35.44279861450195,6995000
2018-03-28,TSM,Taiwan Semiconductor,42.97999954223633,43.16999816894531,42.439998626708984,42.689998626708984,34.95154571533203,8563100
2018-03-29,TSM,Taiwan Semiconductor,43.0,43.91999816894531,42.959999084472656,43.7599983215332,35.82759094238281,7758900
2018-04-02,TSM,Taiwan Semiconductor,43.34000015258789,43.59000015258789,42.41999816894531,42.5,34.795997619628906,6361200
2018-04-03,TSM,Taiwan Semiconductor,44.27000045776367,44.279998779296875,43.029998779296875,43.47999954223633,35.59835433959961,6174500
2018-04-04,TSM,Taiwan Semiconductor,42.369998931884766,43.939998626708984,42.349998474121094,43.939998626708984,35.97496795654297,5497100
2018-04-05,TSM,Taiwan Semiconductor,44.029998779296875,44.22999954223633,43.13999938964844,43.31999969482422,35.46735763549805,6115100
2018-04-06,TSM,Taiwan Semiconductor,42.880001068115234,43.16999816894531,42.2599983215332,42.41999816894531,34.730499267578125,5133100
2018-04-09,TSM,Taiwan Semiconductor,43.09000015258789,44.040000915527344,42.90999984741211,43.06999969482422,35.26268005371094,6696400
2018-04-10,TSM,Taiwan Semiconductor,43.869998931884766,44.220001220703125,43.029998779296875,43.58000183105469,35.68021774291992,5682300
2018-04-11,TSM,Taiwan Semiconductor,43.25,43.790000915527344,43.25,43.380001068115234,35.516483306884766,4788000
2018-04-12,TSM,Taiwan Semiconductor,43.33000183105469,43.849998474121094,43.04999923706055,43.849998474121094,35.901275634765625,7574700
2018-04-13,TSM,Taiwan Semiconductor,43.689998626708984,43.7400016784668,42.560001373291016,42.650001525878906,34.91880416870117,5749900
2018-04-16,TSM,Taiwan Semiconductor,42.810001373291016,43.0099983215332,42.68000030517578,42.869998931884766,35.09892654418945,5206900
2018-04-17,TSM,Taiwan Semiconductor,42.09000015258789,42.36000061035156,41.77000045776367,42.310001373291016,34.64044952392578,9831100
2018-04-18,TSM,Taiwan Semiconductor,42.099998474121094,42.2599983215332,41.209999084472656,41.91999816894531,34.32112503051758,8947400
2018-04-19,TSM,Taiwan Semiconductor,39.93000030517578,40.08000183105469,39.11000061035156,39.529998779296875,32.3643684387207,27527000
2018-04-20,TSM,Taiwan Semiconductor,39.369998931884766,39.540000915527344,38.81999969482422,38.95000076293945,31.889509201049805,15313300
2018-04-23,TSM,Taiwan Semiconductor,38.959999084472656,39.08000183105469,38.529998779296875,38.75,31.72576332092285,11178300
2018-04-24,TSM,Taiwan Semiconductor,39.040000915527344,39.209999084472656,38.29999923706055,38.75,31.72576332092285,13004000
2018-04-25,TSM,Taiwan Semiconductor,38.36000061035156,38.4900016784668,38.02000045776367,38.16999816894531,31.25088882446289,12359200
2018-04-26,TSM,Taiwan Semiconductor,38.08000183105469,38.560001373291016,38.08000183105469,38.16999816894531,31.25088882446289,7685800
2018-04-27,TSM,Taiwan Semiconductor,38.7400016784668,38.7400016784668,37.9900016784668,38.16999816894531,31.25088882446289,8276100
2018-04-30,TSM,Taiwan Semiconductor,38.689998626708984,38.84000015258789,38.380001068115234,38.45000076293945,31.480138778686523,7968000
2018-05-01,TSM,Taiwan Semiconductor,38.34000015258789,38.939998626708984,38.2599983215332,38.93000030517578,31.873126983642578,5507000
2018-05-02,TSM,Taiwan Semiconductor,38.599998474121094,38.599998474121094,37.650001525878906,37.75,30.90703010559082,11522200
2018-05-03,TSM,Taiwan Semiconductor,37.54999923706055,38.189998626708984,37.29999923706055,38.099998474121094,31.193588256835938,7021400
2018-05-04,TSM,Taiwan Semiconductor,38.0,38.65999984741211,37.939998626708984,38.59000015258789,31.594764709472656,9474000
2018-05-07,TSM,Taiwan Semiconductor,38.45000076293945,38.650001525878906,38.2400016784668,38.45000076293945,31.480138778686523,4590100
2018-05-08,TSM,Taiwan Semiconductor,38.97999954223633,39.380001068115234,38.939998626708984,39.18000030517578,32.077816009521484,8116600
2018-05-09,TSM,Taiwan Semiconductor,39.369998931884766,39.459999084472656,39.15999984741211,39.349998474121094,32.217002868652344,5861400
2018-05-10,TSM,Taiwan Semiconductor,39.56999969482422,39.869998931884766,39.439998626708984,39.77000045776367,32.56087112426758,7957900
2018-05-11,TSM,Taiwan Semiconductor,40.040000915527344,40.18000030517578,39.63999938964844,39.90999984741211,32.67547607421875,4184400
2018-05-14,TSM,Taiwan Semiconductor,40.130001068115234,40.54999923706055,39.880001068115234,39.95000076293945,32.70823669433594,5014000
2018-05-15,TSM,Taiwan Semiconductor,39.36000061035156,39.400001525878906,38.959999084472656,39.29999923706055,32.176063537597656,5622800
2018-05-16,TSM,Taiwan Semiconductor,39.400001525878906,39.83000183105469,39.279998779296875,39.790000915527344,32.577239990234375,7671500
2018-05-17,TSM,Taiwan Semiconductor,39.06999969482422,39.2400016784668,38.66999816894531,38.959999084472656,31.89769172668457,7964200
2018-05-18,TSM,Taiwan Semiconductor,38.470001220703125,38.54999923706055,38.279998779296875,38.41999816894531,31.45557403564453,7783900
2018-05-21,TSM,Taiwan Semiconductor,39.34000015258789,39.70000076293945,39.119998931884766,39.470001220703125,32.31523895263672,7902200
2018-05-22,TSM,Taiwan Semiconductor,39.470001220703125,39.790000915527344,39.45000076293945,39.63999938964844,32.454429626464844,5752000
2018-05-23,TSM,Taiwan Semiconductor,39.13999938964844,39.650001525878906,39.09000015258789,39.650001525878906,32.46261978149414,4815400
2018-05-24,TSM,Taiwan Semiconductor,39.369998931884766,39.45000076293945,38.779998779296875,39.27000045776367,32.1515007019043,7930800
2018-05-25,TSM,Taiwan Semiconductor,39.099998474121094,39.4900016784668,38.93000030517578,39.29999923706055,32.176063537597656,5403000
2018-05-29,TSM,Taiwan Semiconductor,38.4900016784668,38.560001373291016,38.029998779296875,38.15999984741211,31.242721557617188,7198200
2018-05-30,TSM,Taiwan Semiconductor,38.29999923706055,38.400001525878906,38.06999969482422,38.34000015258789,31.390077590942383,8413400
2018-05-31,TSM,Taiwan Semiconductor,38.33000183105469,38.86000061035156,38.290000915527344,38.70000076293945,31.6848201751709,8129400
2018-06-01,TSM,Taiwan Semiconductor,38.9900016784668,39.20000076293945,38.79999923706055,39.20000076293945,32.09419250488281,5970000
2018-06-04,TSM,Taiwan Semiconductor,39.849998474121094,40.0,39.66999816894531,39.970001220703125,32.724609375,8927200
2018-06-05,TSM,Taiwan Semiconductor,39.70000076293945,39.86000061035156,39.400001525878906,39.540000915527344,32.372562408447266,6345900
2018-06-06,TSM,Taiwan Semiconductor,39.849998474121094,39.93000030517578,39.560001373291016,39.560001373291016,32.38893508911133,9829700
2018-06-07,TSM,Taiwan Semiconductor,39.560001373291016,39.939998626708984,39.459999084472656,39.52000045776367,32.356178283691406,8216900
2018-06-08,TSM,Taiwan Semiconductor,39.15999984741211,39.15999984741211,38.52000045776367,38.93000030517578,31.873126983642578,8081300
2018-06-11,TSM,Taiwan Semiconductor,39.0,39.150001525878906,38.7599983215332,38.7599983215332,31.733949661254883,4511600
2018-06-12,TSM,Taiwan Semiconductor,39.130001068115234,39.36000061035156,38.97999954223633,39.20000076293945,32.09419250488281,6582600
2018-06-13,TSM,Taiwan Semiconductor,39.72999954223633,39.88999938964844,39.04999923706055,39.04999923706055,31.971384048461914,9616600
2018-06-14,TSM,Taiwan Semiconductor,39.029998779296875,39.06999969482422,38.599998474121094,38.599998474121094,31.60295295715332,7636000
2018-06-15,TSM,Taiwan Semiconductor,38.81999969482422,38.939998626708984,38.54999923706055,38.689998626708984,31.6766414642334,11235700
2018-06-18,TSM,Taiwan Semiconductor,38.310001373291016,38.36000061035156,37.84000015258789,38.25,31.316402435302734,8921400
2018-06-19,TSM,Taiwan Semiconductor,37.70000076293945,37.970001220703125,37.349998474121094,37.560001373291016,30.751476287841797,9848900
2018-06-20,TSM,Taiwan Semiconductor,38.34000015258789,38.59000015258789,38.0099983215332,38.349998474121094,31.398269653320312,8668600
2018-06-21,TSM,Taiwan Semiconductor,37.869998931884766,38.0099983215332,37.54999923706055,37.619998931884766,30.80059242248535,9246700
2018-06-22,TSM,Taiwan Semiconductor,38.27000045776367,38.310001373291016,37.970001220703125,38.119998931884766,31.20995330810547,10338500
2018-06-25,TSM,Taiwan Semiconductor,36.29999923706055,36.560001373291016,36.04999923706055,36.5099983215332,30.985057830810547,10528100
2018-06-26,TSM,Taiwan Semiconductor,36.33000183105469,36.70000076293945,36.11000061035156,36.459999084472656,30.942628860473633,8817000
2018-06-27,TSM,Taiwan Semiconductor,36.25,36.31999969482422,35.5099983215332,35.5099983215332,30.13638687133789,8798100
2018-06-28,TSM,Taiwan Semiconductor,35.5,35.939998626708984,35.349998474121094,35.939998626708984,30.50132179260254,7199000
2018-06-29,TSM,Taiwan Semiconductor,36.54999923706055,36.77000045776367,36.439998626708984,36.560001373291016,31.027498245239258,8088200
2018-07-02,TSM,Taiwan Semiconductor,36.209999084472656,36.56999969482422,36.040000915527344,36.540000915527344,31.010528564453125,7365500
2018-07-03,TSM,Taiwan Semiconductor,36.38999938964844,36.61000061035156,36.349998474121094,36.38999938964844,30.88323211669922,6512600
2018-07-05,TSM,Taiwan Semiconductor,36.400001525878906,36.599998474121094,36.2400016784668,36.59000015258789,31.05295753479004,9230900
2018-07-06,TSM,Taiwan Semiconductor,36.81999969482422,37.349998474121094,36.7599983215332,37.27000045776367,31.630048751831055,7251600
2018-07-09,TSM,Taiwan Semiconductor,37.869998931884766,38.029998779296875,37.56999969482422,37.83000183105469,32.105308532714844,7124100
2018-07-10,TSM,Taiwan Semiconductor,37.470001220703125,37.95000076293945,37.470001220703125,37.93000030517578,32.190185546875,7211500
2018-07-11,TSM,Taiwan Semiconductor,37.33000183105469,37.349998474121094,36.900001525878906,36.970001220703125,31.37545394897461,7316200
2018-07-12,TSM,Taiwan Semiconductor,37.33000183105469,37.59000015258789,37.20000076293945,37.310001373291016,31.66400718688965,5275300
2018-07-13,TSM,Taiwan Semiconductor,37.540000915527344,37.79999923706055,37.47999954223633,37.77000045776367,32.05440139770508,4947500
2018-07-16,TSM,Taiwan Semiconductor,37.880001068115234,37.88999938964844,37.650001525878906,37.790000915527344,32.07136535644531,5399200
2018-07-17,TSM,Taiwan Semiconductor,37.5,38.119998931884766,37.349998474121094,38.040000915527344,32.28353500366211,6238500
2018-07-18,TSM,Taiwan Semiconductor,38.040000915527344,38.470001220703125,37.880001068115234,38.40999984741211,32.59754180908203,10532200
2018-07-19,TSM,Taiwan Semiconductor,39.439998626708984,40.38999938964844,38.619998931884766,39.810001373291016,33.78568649291992,17762300
2018-07-20,TSM,Taiwan Semiconductor,39.9900016784668,40.849998474121094,39.84000015258789,40.72999954223633,34.566463470458984,14481000
2018-07-23,TSM,Taiwan Semiconductor,40.81999969482422,40.97999954223633,40.630001068115234,40.7400016784668,34.574954986572266,6832800
2018-07-24,TSM,Taiwan Semiconductor,41.099998474121094,41.209999084472656,40.380001068115234,40.38999938964844,34.27792739868164,7018300
2018-07-25,TSM,Taiwan Semiconductor,40.529998779296875,40.900001525878906,40.310001373291016,40.88999938964844,34.70224380493164,7725700
2018-07-26,TSM,Taiwan Semiconductor,40.70000076293945,40.939998626708984,40.439998626708984,40.81999969482422,34.64283752441406,8476600
2018-07-27,TSM,Taiwan Semiconductor,40.939998626708984,41.91999816894531,40.939998626708984,41.45000076293945,35.177513122558594,9468500
2018-07-30,TSM,Taiwan Semiconductor,41.45000076293945,41.52000045776367,40.88999938964844,41.09000015258789,34.871986389160156,5174300
2018-07-31,TSM,Taiwan Semiconductor,41.2599983215332,41.58000183105469,41.09000015258789,41.209999084472656,34.97382736206055,4908300
2018-08-01,TSM,Taiwan Semiconductor,41.439998626708984,41.72999954223633,41.31999969482422,41.709999084472656,35.39815902709961,6115000
2018-08-02,TSM,Taiwan Semiconductor,41.099998474121094,41.650001525878906,41.0,41.54999923706055,35.26237487792969,4669300
2018-08-03,TSM,Taiwan Semiconductor,41.63999938964844,41.95000076293945,41.560001373291016,41.689998626708984,35.381187438964844,4575200
2018-08-06,TSM,Taiwan Semiconductor,41.20000076293945,41.41999816894531,41.0,41.06999969482422,34.855010986328125,7245800
2018-08-07,TSM,Taiwan Semiconductor,41.06999969482422,41.25,40.84000015258789,41.2400016784668,34.99929428100586,7494900
2018-08-08,TSM,Taiwan Semiconductor,41.560001373291016,42.11000061035156,41.45000076293945,41.970001220703125,35.61881637573242,5089600
2018-08-09,TSM,Taiwan Semiconductor,41.939998626708984,41.95000076293945,41.68000030517578,41.84000015258789,35.50849914550781,4513300
2018-08-10,TSM,Taiwan Semiconductor,41.29999923706055,41.29999923706055,40.790000915527344,41.029998779296875,34.82106399536133,7053200
2018-08-13,TSM,Taiwan Semiconductor,40.689998626708984,40.9900016784668,40.470001220703125,40.709999084472656,34.54949188232422,6708600
2018-08-14,TSM,Taiwan Semiconductor,41.0,41.189998626708984,40.869998931884766,40.90999984741211,34.71922302246094,5339100
2018-08-15,TSM,Taiwan Semiconductor,40.45000076293945,40.54999923706055,40.119998931884766,40.45000076293945,34.328834533691406,6052800
2018-08-16,TSM,Taiwan Semiconductor,40.45000076293945,40.72999954223633,40.369998931884766,40.40999984741211,34.29487991333008,5544000
2018-08-17,TSM,Taiwan Semiconductor,40.189998626708984,40.220001220703125,39.790000915527344,40.130001068115234,34.057254791259766,7897200
2018-08-20,TSM,Taiwan Semiconductor,40.02000045776367,40.2400016784668,39.900001525878906,40.099998474121094,34.03179931640625,4156700
2018-08-21,TSM,Taiwan Semiconductor,40.369998931884766,41.040000915527344,40.36000061035156,40.88999938964844,34.70224380493164,6075100
2018-08-22,TSM,Taiwan Semiconductor,40.849998474121094,41.04999923706055,40.540000915527344,40.900001525878906,34.710731506347656,5512700
2018-08-23,TSM,Taiwan Semiconductor,41.29999923706055,41.349998474121094,40.68000030517578,40.68000030517578,34.52402877807617,4126100
2018-08-24,TSM,Taiwan Semiconductor,40.93000030517578,41.40999984741211,40.83000183105469,41.2400016784668,34.99929428100586,4232000
2018-08-27,TSM,Taiwan Semiconductor,41.43000030517578,41.709999084472656,41.369998931884766,41.529998779296875,35.24541091918945,5733000
2018-08-28,TSM,Taiwan Semiconductor,42.38999938964844,42.7599983215332,42.25,42.349998474121094,35.941322326660156,10683500
2018-08-29,TSM,Taiwan Semiconductor,43.189998626708984,44.380001068115234,43.09000015258789,44.130001068115234,37.45195770263672,12278200
2018-08-30,TSM,Taiwan Semiconductor,44.349998474121094,44.4900016784668,43.40999984741211,43.459999084472656,36.88335418701172,7826200
2018-08-31,TSM,Taiwan Semiconductor,43.119998931884766,43.61000061035156,42.959999084472656,43.599998474121094,37.002159118652344,8782900
2018-09-04,TSM,Taiwan Semiconductor,43.2599983215332,44.119998931884766,43.189998626708984,44.11000061035156,37.43498229980469,8174900
2018-09-05,TSM,Taiwan Semiconductor,44.09000015258789,44.56999969482422,44.02000045776367,44.220001220703125,37.52833938598633,7262400
2018-09-06,TSM,Taiwan Semiconductor,43.939998626708984,44.06999969482422,43.58000183105469,44.04999923706055,37.384063720703125,10424900
2018-09-07,TSM,Taiwan Semiconductor,44.0,45.2400016784668,43.97999954223633,44.880001068115234,38.08845901489258,14256000
2018-09-10,TSM,Taiwan Semiconductor,45.0,45.060001373291016,44.52000045776367,44.619998931884766,37.86780548095703,6824900
2018-09-11,TSM,Taiwan Semiconductor,43.63999938964844,44.56999969482422,43.58000183105469,44.54999923706055,37.80838394165039,12509700
2018-09-12,TSM,Taiwan Semiconductor,43.91999816894531,44.29999923706055,43.81999969482422,43.939998626708984,37.29071044921875,10303700
2018-09-13,TSM,Taiwan Semiconductor,43.9900016784668,43.9900016784668,43.27000045776367,43.43000030517578,36.857879638671875,9624500
2018-09-14,TSM,Taiwan Semiconductor,44.02000045776367,44.560001373291016,43.95000076293945,44.40999984741211,37.6895866394043,5295400
2018-09-17,TSM,Taiwan Semiconductor,43.630001068115234,44.13999938964844,43.470001220703125,43.7599983215332,37.137943267822266,6210300
2018-09-18,TSM,Taiwan Semiconductor,43.5,44.09000015258789,43.349998474121094,43.560001373291016,36.96820831298828,8814200
2018-09-19,TSM,Taiwan Semiconductor,44.20000076293945,44.38999938964844,43.7400016784668,44.02000045776367,37.35860824584961,6393200
2018-09-20,TSM,Taiwan Semiconductor,44.25,44.43000030517578,43.900001525878906,44.16999816894531,37.48590850830078,4728000
2018-09-21,TSM,Taiwan Semiconductor,44.25,44.40999984741211,44.02000045776367,44.060001373291016,37.392547607421875,6668600
2018-09-24,TSM,Taiwan Semiconductor,43.84000015258789,44.939998626708984,43.790000915527344,44.88999938964844,38.096946716308594,8229100
2018-09-25,TSM,Taiwan Semiconductor,44.79999923706055,44.90999984741211,44.130001068115234,44.16999816894531,37.48590850830078,6678200
2018-09-26,TSM,Taiwan Semiconductor,44.25,44.72999954223633,44.25,44.27000045776367,37.570762634277344,4564300
2018-09-27,TSM,Taiwan Semiconductor,44.599998474121094,45.22999954223633,44.58000183105469,44.7599983215332,37.98661422729492,6711700
2018-09-28,TSM,Taiwan Semiconductor,44.5,44.619998931884766,43.970001220703125,44.15999984741211,37.477420806884766,7727700
2018-10-01,TSM,Taiwan Semiconductor,44.54999923706055,44.959999084472656,44.41999816894531,44.65999984741211,37.90175247192383,5029800
2018-10-02,TSM,Taiwan Semiconductor,43.75,43.9900016784668,43.45000076293945,43.619998931884766,37.019134521484375,5440300
2018-10-03,TSM,Taiwan Semiconductor,44.040000915527344,44.2400016784668,43.56999969482422,43.959999084472656,37.307674407958984,5631100
2018-10-04,TSM,Taiwan Semiconductor,43.06999969482422,43.08000183105469,41.970001220703125,42.43000030517578,36.009212493896484,7885000
2018-10-05,TSM,Taiwan Semiconductor,41.880001068115234,42.06999969482422,41.16999816894531,41.630001068115234,35.33027267456055,7921400
2018-10-08,TSM,Taiwan Semiconductor,40.7599983215332,41.16999816894531,40.400001525878906,40.959999084472656,34.761661529541016,7761800
2018-10-09,TSM,Taiwan Semiconductor,41.0,41.29999923706055,40.58000183105469,40.900001525878906,34.710731506347656,5678700
2018-10-10,TSM,Taiwan Semiconductor,40.349998474121094,40.439998626708984,39.349998474121094,39.349998474121094,33.395301818847656,12853500
2018-10-11,TSM,Taiwan Semiconductor,38.5,39.599998474121094,38.33000183105469,38.939998626708984,33.04733657836914,10209000
2018-10-12,TSM,Taiwan Semiconductor,40.13999938964844,40.58000183105469,39.189998626708984,39.65999984741211,33.65838623046875,7578600
2018-10-15,TSM,Taiwan Semiconductor,39.470001220703125,39.59000015258789,38.720001220703125,38.75,32.88609313964844,8209000
2018-10-16,TSM,Taiwan Semiconductor,39.84000015258789,40.060001373291016,39.400001525878906,40.0099983215332,33.955413818359375,10748100
2018-10-17,TSM,Taiwan Semiconductor,40.0,40.09000015258789,39.18000030517578,39.56999969482422,33.58200454711914,8173600
2018-10-18,TSM,Taiwan Semiconductor,39.79999923706055,39.95000076293945,38.459999084472656,38.540000915527344,32.70787048339844,9555600
2018-10-19,TSM,Taiwan Semiconductor,39.15999984741211,39.31999969482422,38.34000015258789,38.45000076293945,32.63148880004883,11266200
2018-10-22,TSM,Taiwan Semiconductor,39.189998626708984,39.22999954223633,38.540000915527344,38.720001220703125,32.86063003540039,8165700
2018-10-23,TSM,Taiwan Semiconductor,37.41999816894531,38.18000030517578,37.2599983215332,38.0,32.24958801269531,12350000
2018-10-24,TSM,Taiwan Semiconductor,37.560001373291016,37.560001373291016,36.43000030517578,36.47999954223633,30.9595947265625,13312400
2018-10-25,TSM,Taiwan Semiconductor,36.779998779296875,37.54999923706055,36.4900016784668,37.38999938964844,31.73189353942871,9927300
2018-10-26,TSM,Taiwan Semiconductor,36.54999923706055,37.290000915527344,36.13999938964844,36.66999816894531,31.120847702026367,11973200
2018-10-29,TSM,Taiwan Semiconductor,37.16999816894531,37.40999984741211,35.970001220703125,36.33000183105469,30.83230209350586,8269300
2018-10-30,TSM,Taiwan Semiconductor,36.84000015258789,37.79999923706055,36.66999816894531,37.779998779296875,32.0628776550293,12106400
2018-10-31,TSM,Taiwan Semiconductor,38.689998626708984,38.9900016784668,38.029998779296875,38.099998474121094,32.33445358276367,12610900
2018-11-01,TSM,Taiwan Semiconductor,38.779998779296875,39.08000183105469,38.38999938964844,39.04999923706055,33.14069747924805,14348600
2018-11-02,TSM,Taiwan Semiconductor,39.18000030517578,39.4900016784668,38.43000030517578,38.779998779296875,32.91154479980469,9736200
2018-11-05,TSM,Taiwan Semiconductor,38.720001220703125,38.81999969482422,38.310001373291016,38.47999954223633,32.65695571899414,8591900
2018-11-06,TSM,Taiwan Semiconductor,38.5,38.849998474121094,38.41999816894531,38.72999954223633,32.86912155151367,8578100
2018-11-07,TSM,Taiwan Semiconductor,39.290000915527344,39.29999923706055,38.720001220703125,39.18000030517578,33.25102233886719,6568700
2018-11-08,TSM,Taiwan Semiconductor,38.790000915527344,39.060001373291016,38.689998626708984,38.70000076293945,32.84365463256836,7953700
2018-11-09,TSM,Taiwan Semiconductor,38.09000015258789,38.38999938964844,37.810001373291016,38.06999969482422,32.308982849121094,5975400
2018-11-12,TSM,Taiwan Semiconductor,37.86000061035156,37.91999816894531,37.0099983215332,37.060001373291016,31.451831817626953,11666700
2018-11-13,TSM,Taiwan Semiconductor,37.38999938964844,38.119998931884766,37.2400016784668,37.400001525878906,31.740388870239258,15057100
2018-11-14,TSM,Taiwan Semiconductor,38.20000076293945,38.34000015258789,37.369998931884766,37.84000015258789,32.11379623413086,10404900
2018-11-15,TSM,Taiwan Semiconductor,38.06999969482422,38.56999969482422,37.88999938964844,38.52000045776367,32.69089126586914,10840400
2018-11-16,TSM,Taiwan Semiconductor,37.06999969482422,37.20000076293945,36.65999984741211,36.869998931884766,31.290590286254883,16382400
2018-11-19,TSM,Taiwan Semiconductor,36.63999938964844,36.68000030517578,35.959999084472656,36.04999923706055,30.59467315673828,15191700
2018-11-20,TSM,Taiwan Semiconductor,35.400001525878906,35.9900016784668,35.220001220703125,35.63999938964844,30.246719360351562,11673500
2018-11-21,TSM,Taiwan Semiconductor,36.41999816894531,36.720001220703125,36.13999938964844,36.16999816894531,30.69651985168457,7013100
2018-11-23,TSM,Taiwan Semiconductor,35.83000183105469,36.20000076293945,35.75,35.959999084472656,30.51829719543457,2320500
2018-11-26,TSM,Taiwan Semiconductor,36.709999084472656,36.88999938964844,36.470001220703125,36.84000015258789,31.2651309967041,7077300
2018-11-27,TSM,Taiwan Semiconductor,36.38999938964844,36.81999969482422,36.38999938964844,36.79999923706055,31.231184005737305,6870200
2018-11-28,TSM,Taiwan Semiconductor,37.27000045776367,38.02000045776367,37.06999969482422,38.0099983215332,32.25807571411133,8380200
2018-11-29,TSM,Taiwan Semiconductor,37.95000076293945,38.369998931884766,37.869998931884766,37.93000030517578,32.190185546875,7056600
2018-11-30,TSM,Taiwan Semiconductor,37.2400016784668,37.599998474121094,37.08000183105469,37.59000015258789,31.901636123657227,8734400
2018-12-03,TSM,Taiwan Semiconductor,38.81999969482422,39.0,38.380001068115234,38.72999954223633,32.86912155151367,7457600
2018-12-04,TSM,Taiwan Semiconductor,38.529998779296875,38.779998779296875,37.43000030517578,37.439998626708984,31.774333953857422,13321200
2018-12-06,TSM,Taiwan Semiconductor,35.70000076293945,36.86000061035156,35.61000061035156,36.86000061035156,31.282108306884766,12075700
2018-12-07,TSM,Taiwan Semiconductor,36.650001525878906,36.939998626708984,36.13999938964844,36.52000045776367,30.99355125427246,10802700
2018-12-10,TSM,Taiwan Semiconductor,36.310001373291016,36.83000183105469,36.08000183105469,36.43000030517578,30.91717529296875,12439100
2018-12-11,TSM,Taiwan Semiconductor,37.2400016784668,37.349998474121094,36.29999923706055,36.70000076293945,31.146320343017578,8635800
2018-12-12,TSM,Taiwan Semiconductor,37.61000061035156,37.70000076293945,37.27000045776367,37.380001068115234,31.723405838012695,8405400
2018-12-13,TSM,Taiwan Semiconductor,37.4900016784668,37.65999984741211,37.189998626708984,37.33000183105469,31.68097496032715,5825900
2018-12-14,TSM,Taiwan Semiconductor,36.79999923706055,37.11000061035156,36.529998779296875,36.529998779296875,31.002033233642578,5969600
2018-12-17,TSM,Taiwan Semiconductor,36.630001068115234,36.939998626708984,36.119998931884766,36.220001220703125,30.738941192626953,10733100
2018-12-18,TSM,Taiwan Semiconductor,36.61000061035156,37.0,36.61000061035156,36.7599983215332,31.19723129272461,7100400
2018-12-19,TSM,Taiwan Semiconductor,36.619998931884766,37.279998779296875,36.099998474121094,36.22999954223633,30.747434616088867,11786400
2018-12-20,TSM,Taiwan Semiconductor,36.40999984741211,36.75,35.540000915527344,35.880001068115234,30.45040512084961,12540400
2018-12-21,TSM,Taiwan Semiconductor,36.63999938964844,36.93000030517578,35.650001525878906,35.709999084472656,30.306119918823242,16981000
2018-12-24,TSM,Taiwan Semiconductor,35.560001373291016,35.88999938964844,35.27000045776367,35.290000915527344,29.949687957763672,6288500
2018-12-26,TSM,Taiwan Semiconductor,35.33000183105469,36.77000045776367,35.33000183105469,36.7599983215332,31.19723129272461,10063400
2018-12-27,TSM,Taiwan Semiconductor,36.20000076293945,36.79999923706055,35.959999084472656,36.779998779296875,31.214197158813477,8688600
2018-12-28,TSM,Taiwan Semiconductor,37.130001068115234,37.68000030517578,37.02000045776367,37.13999938964844,31.519725799560547,7369000
2018-12-31,TSM,Taiwan Semiconductor,37.43000030517578,37.59000015258789,36.77000045776367,36.90999984741211,31.324539184570312,4600600
2019-01-02,TSM,Taiwan Semiconductor,36.20000076293945,36.75,36.0,36.52000045776367,30.99355125427246,5273100
2019-01-03,TSM,Taiwan Semiconductor,35.34000015258789,35.52000045776367,34.27000045776367,34.36000061035156,29.16041374206543,15998000
2019-01-04,TSM,Taiwan Semiconductor,34.459999084472656,35.029998779296875,34.209999084472656,34.970001220703125,29.67811393737793,14178200
2019-01-07,TSM,Taiwan Semiconductor,35.0099983215332,35.470001220703125,34.970001220703125,35.22999954223633,29.898767471313477,6850800
2019-01-08,TSM,Taiwan Semiconductor,35.11000061035156,35.18000030517578,34.63999938964844,34.939998626708984,29.652647018432617,11462600
2019-01-09,TSM,Taiwan Semiconductor,35.33000183105469,35.959999084472656,35.33000183105469,35.61000061035156,30.22126007080078,11770300
2019-01-10,TSM,Taiwan Semiconductor,35.459999084472656,36.47999954223633,35.400001525878906,36.41999816894531,30.908689498901367,7894600
2019-01-11,TSM,Taiwan Semiconductor,36.45000076293945,36.77000045776367,36.2400016784668,36.61000061035156,31.069931030273438,7232700
2019-01-14,TSM,Taiwan Semiconductor,36.130001068115234,36.189998626708984,35.720001220703125,35.7599983215332,30.34855079650879,6146200
2019-01-15,TSM,Taiwan Semiconductor,36.040000915527344,36.22999954223633,35.79999923706055,36.040000915527344,30.5861873626709,10165800
2019-01-16,TSM,Taiwan Semiconductor,35.900001525878906,36.029998779296875,35.63999938964844,35.63999938964844,30.246719360351562,8727400
2019-01-17,TSM,Taiwan Semiconductor,34.91999816894531,36.54999923706055,34.83000183105469,36.290000915527344,30.798358917236328,21916900
2019-01-18,TSM,Taiwan Semiconductor,36.2400016784668,37.0099983215332,36.15999984741211,36.84000015258789,31.2651309967041,12905900
2019-01-22,TSM,Taiwan Semiconductor,36.5,36.7599983215332,36.099998474121094,36.369998931884766,30.866247177124023,13381700
2019-01-23,TSM,Taiwan Semiconductor,36.529998779296875,36.7400016784668,36.2400016784668,36.4900016784668,30.968090057373047,13918600
2019-01-24,TSM,Taiwan Semiconductor,36.880001068115234,37.63999938964844,36.779998779296875,37.63999938964844,31.944055557250977,14094100
2019-01-25,TSM,Taiwan Semiconductor,38.0,38.2599983215332,37.880001068115234,38.13999938964844,32.368408203125,16763700
2019-01-28,TSM,Taiwan Semiconductor,36.91999816894531,37.65999984741211,36.900001525878906,37.439998626708984,31.774333953857422,14086500
2019-01-29,TSM,Taiwan Semiconductor,37.290000915527344,37.290000915527344,36.29999923706055,36.33000183105469,30.83230209350586,10100800
2019-01-30,TSM,Taiwan Semiconductor,36.810001373291016,37.45000076293945,36.290000915527344,37.380001068115234,31.723405838012695,9281600
2019-01-31,TSM,Taiwan Semiconductor,37.310001373291016,38.099998474121094,37.310001373291016,37.619998931884766,31.927087783813477,7633400
2019-02-01,TSM,Taiwan Semiconductor,37.75,37.869998931884766,37.439998626708984,37.56999969482422,31.88465690612793,6438300
2019-02-04,TSM,Taiwan Semiconductor,37.5,38.0099983215332,37.380001068115234,37.939998626708984,32.19865417480469,7283800
2019-02-05,TSM,Taiwan Semiconductor,37.91999816894531,38.27000045776367,37.880001068115234,38.25,32.461761474609375,7314000
2019-02-06,TSM,Taiwan Semiconductor,38.41999816894531,38.81999969482422,38.310001373291016,38.7400016784668,32.87760925292969,8795200
2019-02-07,TSM,Taiwan Semiconductor,38.369998931884766,38.459999084472656,37.83000183105469,38.119998931884766,32.351417541503906,7916200
2019-02-08,TSM,Taiwan Semiconductor,37.709999084472656,37.91999816894531,37.5,37.790000915527344,32.07136535644531,7147200
2019-02-11,TSM,Taiwan Semiconductor,37.91999816894531,38.290000915527344,37.83000183105469,38.290000915527344,32.495704650878906,8860700
2019-02-12,TSM,Taiwan Semiconductor,38.63999938964844,38.77000045776367,38.439998626708984,38.63999938964844,32.792747497558594,8831200
2019-02-13,TSM,Taiwan Semiconductor,38.369998931884766,38.47999954223633,38.04999923706055,38.130001068115234,32.35991668701172,7155600
2019-02-14,TSM,Taiwan Semiconductor,37.91999816894531,38.209999084472656,37.7599983215332,38.060001373291016,32.30051040649414,7782800
2019-02-15,TSM,Taiwan Semiconductor,37.90999984741211,38.279998779296875,37.869998931884766,38.09000015258789,32.32596969604492,6257600
2019-02-19,TSM,Taiwan Semiconductor,38.220001220703125,38.65999984741211,38.099998474121094,38.459999084472656,32.63997268676758,8105700
2019-02-20,TSM,Taiwan Semiconductor,38.93000030517578,39.5099983215332,38.88999938964844,39.0,33.0982666015625,7178600
2019-02-21,TSM,Taiwan Semiconductor,39.06999969482422,39.18000030517578,38.79999923706055,38.97999954223633,33.08127975463867,4607300
2019-02-22,TSM,Taiwan Semiconductor,39.119998931884766,39.40999984741211,39.08000183105469,39.38999938964844,33.42924499511719,5117800
2019-02-25,TSM,Taiwan Semiconductor,39.869998931884766,39.91999816894531,39.47999954223633,39.58000183105469,33.59048843383789,5101500
2019-02-26,TSM,Taiwan Semiconductor,39.40999984741211,39.66999816894531,39.380001068115234,39.599998474121094,33.607460021972656,5587300
2019-02-27,TSM,Taiwan Semiconductor,39.5099983215332,39.59000015258789,39.060001373291016,39.45000076293945,33.480167388916016,8194900
2019-02-28,TSM,Taiwan Semiconductor,39.119998931884766,39.290000915527344,39.0,39.04999923706055,33.14069747924805,5705100
2019-03-01,TSM,Taiwan Semiconductor,39.36000061035156,39.52000045776367,39.20000076293945,39.38999938964844,33.42924499511719,5299200
2019-03-04,TSM,Taiwan Semiconductor,39.33000183105469,39.33000183105469,38.709999084472656,39.150001525878906,33.225555419921875,7081100
2019-03-05,TSM,Taiwan Semiconductor,38.95000076293945,39.22999954223633,38.65999984741211,39.02000045776367,33.1152229309082,7192400
2019-03-06,TSM,Taiwan Semiconductor,39.060001373291016,39.220001220703125,38.779998779296875,38.790000915527344,32.920047760009766,4433400
2019-03-07,TSM,Taiwan Semiconductor,38.77000045776367,38.880001068115234,38.369998931884766,38.630001068115234,32.784244537353516,4231300
2019-03-08,TSM,Taiwan Semiconductor,37.95000076293945,38.380001068115234,37.939998626708984,38.20000076293945,32.41933059692383,5066200
2019-03-11,TSM,Taiwan Semiconductor,38.22999954223633,38.689998626708984,38.20000076293945,38.63999938964844,32.792747497558594,6005400
2019-03-12,TSM,Taiwan Semiconductor,39.04999923706055,39.16999816894531,38.86000061035156,38.900001525878906,33.013389587402344,5580200
2019-03-13,TSM,Taiwan Semiconductor,39.220001220703125,39.439998626708984,39.02000045776367,39.209999084472656,33.276485443115234,6086400
2019-03-14,TSM,Taiwan Semiconductor,39.0,39.04999923706055,38.7400016784668,38.81999969482422,32.945491790771484,4935000
2019-03-15,TSM,Taiwan Semiconductor,39.40999984741211,40.06999969482422,39.40999984741211,39.650001525878906,33.64990234375,8871300
2019-03-18,TSM,Taiwan Semiconductor,39.86000061035156,39.97999954223633,39.63999938964844,39.849998474121094,33.81962966918945,6290900
2019-03-19,TSM,Taiwan Semiconductor,39.97999954223633,40.08000183105469,39.599998474121094,39.7599983215332,33.74325180053711,8033600
2019-03-20,TSM,Taiwan Semiconductor,39.77000045776367,40.150001525878906,39.63999938964844,39.849998474121094,33.81962966918945,5394000
2019-03-21,TSM,Taiwan Semiconductor,40.25,41.2400016784668,40.220001220703125,41.040000915527344,34.82954788208008,6509600
2019-03-22,TSM,Taiwan Semiconductor,40.84000015258789,41.02000045776367,40.34000015258789,40.43000030517578,34.31187057495117,6759100
2019-03-25,TSM,Taiwan Semiconductor,40.0,40.459999084472656,39.77000045776367,39.91999816894531,33.87904357910156,4901800
2019-03-26,TSM,Taiwan Semiconductor,40.11000061035156,40.630001068115234,40.06999969482422,40.400001525878906,34.286407470703125,5573500
2019-03-27,TSM,Taiwan Semiconductor,40.189998626708984,40.2599983215332,39.79999923706055,40.20000076293945,34.116668701171875,7660300
2019-03-28,TSM,Taiwan Semiconductor,40.2400016784668,40.540000915527344,40.20000076293945,40.34000015258789,34.23548126220703,6632700
2019-03-29,TSM,Taiwan Semiconductor,40.81999969482422,41.04999923706055,40.599998474121094,40.959999084472656,34.761661529541016,6116300
2019-04-01,TSM,Taiwan Semiconductor,41.08000183105469,41.369998931884766,40.7400016784668,41.369998931884766,35.109622955322266,6834200
2019-04-02,TSM,Taiwan Semiconductor,41.18000030517578,41.36000061035156,41.0,41.27000045776367,35.024749755859375,5580200
2019-04-03,TSM,Taiwan Semiconductor,41.599998474121094,41.959999084472656,41.5099983215332,41.790000915527344,35.466060638427734,6821100
2019-04-04,TSM,Taiwan Semiconductor,41.72999954223633,42.18000030517578,41.650001525878906,42.040000915527344,35.678218841552734,7610300
2019-04-05,TSM,Taiwan Semiconductor,42.34000015258789,42.34000015258789,42.060001373291016,42.22999954223633,35.83946990966797,4430600
2019-04-08,TSM,Taiwan Semiconductor,42.2400016784668,42.4900016784668,42.08000183105469,42.38999938964844,35.975257873535156,6830300
2019-04-09,TSM,Taiwan Semiconductor,42.2400016784668,42.29999923706055,42.029998779296875,42.209999084472656,35.822505950927734,5049900
2019-04-10,TSM,Taiwan Semiconductor,42.2599983215332,42.5,42.18000030517578,42.369998931884766,35.95829391479492,4040200
2019-04-11,TSM,Taiwan Semiconductor,42.09000015258789,42.20000076293945,41.95000076293945,42.099998474121094,35.72914123535156,5172200
2019-04-12,TSM,Taiwan Semiconductor,42.470001220703125,42.650001525878906,42.279998779296875,42.58000183105469,36.13652038574219,6555700
2019-04-15,TSM,Taiwan Semiconductor,42.58000183105469,42.77000045776367,42.459999084472656,42.61000061035156,36.1619758605957,5274400
2019-04-16,TSM,Taiwan Semiconductor,42.83000183105469,43.08000183105469,42.75,43.0099983215332,36.50143814086914,6639100
2019-04-17,TSM,Taiwan Semiconductor,43.900001525878906,44.459999084472656,43.86000061035156,44.38999938964844,37.672611236572266,15795700
2019-04-18,TSM,Taiwan Semiconductor,44.060001373291016,45.63999938964844,44.0,45.400001525878906,38.52976989746094,16569800
2019-04-22,TSM,Taiwan Semiconductor,44.790000915527344,45.15999984741211,44.59000015258789,45.150001525878906,38.31760025024414,10872000
2019-04-23,TSM,Taiwan Semiconductor,45.150001525878906,45.41999816894531,45.060001373291016,45.41999816894531,38.54673385620117,11437500
2019-04-24,TSM,Taiwan Semiconductor,45.08000183105469,45.59000015258789,44.939998626708984,45.40999984741211,38.53825378417969,10776800
2019-04-25,TSM,Taiwan Semiconductor,44.93000030517578,45.040000915527344,44.43000030517578,44.47999954223633,37.749000549316406,10149800
2019-04-26,TSM,Taiwan Semiconductor,43.650001525878906,44.0,43.31999969482422,43.939998626708984,37.29071044921875,12745000
2019-04-29,TSM,Taiwan Semiconductor,43.849998474121094,43.91999816894531,43.58000183105469,43.83000183105469,37.197357177734375,9272100
2019-04-30,TSM,Taiwan Semiconductor,43.400001525878906,43.939998626708984,43.2599983215332,43.81999969482422,37.188865661621094,11863900
2019-05-01,TSM,Taiwan Semiconductor,44.290000915527344,44.560001373291016,43.81999969482422,43.81999969482422,37.188865661621094,7319000
2019-05-02,TSM,Taiwan Semiconductor,43.86000061035156,44.470001220703125,43.75,44.400001525878906,37.68109893798828,10717200
2019-05-03,TSM,Taiwan Semiconductor,44.93000030517578,45.13999938964844,44.560001373291016,44.709999084472656,37.94417953491211,5479900
2019-05-06,TSM,Taiwan Semiconductor,43.31999969482422,43.81999969482422,43.209999084472656,43.7599983215332,37.137943267822266,10756400
2019-05-07,TSM,Taiwan Semiconductor,43.83000183105469,44.04999923706055,43.290000915527344,43.7599983215332,37.137943267822266,10225200
2019-05-08,TSM,Taiwan Semiconductor,43.52000045776367,44.0,43.459999084472656,43.70000076293945,37.08702850341797,8112600
2019-05-09,TSM,Taiwan Semiconductor,42.91999816894531,43.29999923706055,42.279998779296875,43.25,36.70512771606445,11229400
2019-05-10,TSM,Taiwan Semiconductor,42.86000061035156,43.09000015258789,42.189998626708984,42.83000183105469,36.34868621826172,8313900
2019-05-13,TSM,Taiwan Semiconductor,41.369998931884766,41.5099983215332,40.7400016784668,40.9900016784668,34.787132263183594,11046000
2019-05-14,TSM,Taiwan Semiconductor,41.59000015258789,42.08000183105469,41.400001525878906,41.970001220703125,35.61881637573242,7107800
2019-05-15,TSM,Taiwan Semiconductor,41.54999923706055,42.33000183105469,41.459999084472656,41.970001220703125,35.61881637573242,5347700
2019-05-16,TSM,Taiwan Semiconductor,41.630001068115234,41.63999938964844,41.220001220703125,41.529998779296875,35.24541091918945,9214700
2019-05-17,TSM,Taiwan Semiconductor,40.38999938964844,40.95000076293945,40.09000015258789,40.25,34.15910339355469,11271000
2019-05-20,TSM,Taiwan Semiconductor,39.25,39.29999923706055,38.52000045776367,38.65999984741211,32.80970764160156,13979700
2019-05-21,TSM,Taiwan Semiconductor,39.150001525878906,39.34000015258789,38.65999984741211,39.29999923706055,33.35286331176758,11806400
2019-05-22,TSM,Taiwan Semiconductor,39.20000076293945,39.38999938964844,38.88999938964844,38.900001525878906,33.013389587402344,12217600
2019-05-23,TSM,Taiwan Semiconductor,37.97999954223633,38.18000030517578,37.40999984741211,38.06999969482422,32.308982849121094,14708800
2019-05-24,TSM,Taiwan Semiconductor,38.41999816894531,38.7400016784668,38.20000076293945,38.20000076293945,32.41933059692383,10540700
2019-05-28,TSM,Taiwan Semiconductor,38.130001068115234,38.20000076293945,37.650001525878906,37.650001525878906,31.95254898071289,12484600
2019-05-29,TSM,Taiwan Semiconductor,37.459999084472656,37.75,37.18000030517578,37.689998626708984,31.986501693725586,13043000
2019-05-30,TSM,Taiwan Semiconductor,37.95000076293945,38.369998931884766,37.84000015258789,38.040000915527344,32.28353500366211,7351600
2019-05-31,TSM,Taiwan Semiconductor,38.27000045776367,38.970001220703125,38.25,38.349998474121094,32.54662322998047,9302700
2019-06-03,TSM,Taiwan Semiconductor,38.959999084472656,39.09000015258789,38.65999984741211,38.81999969482422,32.945491790771484,9618300
2019-06-04,TSM,Taiwan Semiconductor,38.63999938964844,39.099998474121094,38.41999816894531,39.060001373291016,33.14917755126953,6985600
2019-06-05,TSM,Taiwan Semiconductor,39.2400016784668,39.2599983215332,38.099998474121094,38.22999954223633,32.44478988647461,8219800
2019-06-06,TSM,Taiwan Semiconductor,38.18000030517578,38.59000015258789,37.91999816894531,38.439998626708984,32.62300109863281,6234000
2019-06-07,TSM,Taiwan Semiconductor,38.7400016784668,39.0,38.560001373291016,38.81999969482422,32.945491790771484,4456900
2019-06-10,TSM,Taiwan Semiconductor,39.4900016784668,40.130001068115234,39.45000076293945,39.619998931884766,33.62443161010742,8351800
2019-06-11,TSM,Taiwan Semiconductor,40.470001220703125,40.599998474121094,39.939998626708984,39.959999084472656,33.91298294067383,6100600
2019-06-12,TSM,Taiwan Semiconductor,40.0,40.189998626708984,39.45000076293945,39.459999084472656,33.48863983154297,6163200
2019-06-13,TSM,Taiwan Semiconductor,39.619998931884766,39.619998931884766,39.029998779296875,39.45000076293945,33.480167388916016,6646800
2019-06-14,TSM,Taiwan Semiconductor,38.630001068115234,38.70000076293945,37.83000183105469,37.84000015258789,32.11379623413086,11281500
2019-06-17,TSM,Taiwan Semiconductor,37.91999816894531,38.04999923706055,37.65999984741211,37.65999984741211,31.961036682128906,6500700
2019-06-18,TSM,Taiwan Semiconductor,38.27000045776367,39.41999816894531,38.220001220703125,39.209999084472656,33.276485443115234,12303200
2019-06-19,TSM,Taiwan Semiconductor,39.939998626708984,39.959999084472656,39.29999923706055,39.400001525878906,33.437740325927734,10217600
2019-06-20,TSM,Taiwan Semiconductor,40.45000076293945,40.720001220703125,40.13999938964844,40.5099983215332,34.37975311279297,10400000
2019-06-21,TSM,Taiwan Semiconductor,40.52000045776367,40.70000076293945,40.41999816894531,40.52000045776367,34.38823699951172,12766200
2019-06-24,TSM,Taiwan Semiconductor,39.560001373291016,40.06999969482422,39.439998626708984,39.97999954223633,35.033172607421875,6571000
2019-06-25,TSM,Taiwan Semiconductor,39.52000045776367,39.52000045776367,38.90999984741211,38.91999816894531,34.10433578491211,6790500
2019-06-26,TSM,Taiwan Semiconductor,39.380001068115234,39.380001068115234,38.97999954223633,39.08000183105469,34.244537353515625,9133300
2019-06-27,TSM,Taiwan Semiconductor,39.58000183105469,39.7599983215332,39.290000915527344,39.59000015258789,34.691429138183594,11375200
2019-06-28,TSM,Taiwan Semiconductor,39.72999954223633,39.72999954223633,39.119998931884766,39.16999816894531,34.323402404785156,7040000
2019-07-01,TSM,Taiwan Semiconductor,41.540000915527344,41.900001525878906,41.150001525878906,41.380001068115234,36.259952545166016,11046800
2019-07-02,TSM,Taiwan Semiconductor,41.189998626708984,41.310001373291016,40.7400016784668,40.79999923706055,35.751708984375,4445600
2019-07-03,TSM,Taiwan Semiconductor,40.349998474121094,40.369998931884766,40.0099983215332,40.33000183105469,35.339881896972656,3125000
2019-07-05,TSM,Taiwan Semiconductor,39.869998931884766,40.099998474121094,39.63999938964844,39.93000030517578,34.989376068115234,3149300
2019-07-08,TSM,Taiwan Semiconductor,39.56999969482422,39.689998626708984,39.2400016784668,39.31999969482422,34.4548454284668,6772300
2019-07-09,TSM,Taiwan Semiconductor,39.650001525878906,40.0099983215332,39.41999816894531,39.66999816894531,34.76154327392578,6577000
2019-07-10,TSM,Taiwan Semiconductor,40.83000183105469,41.13999938964844,40.54999923706055,40.709999084472656,35.6728515625,7945000
2019-07-11,TSM,Taiwan Semiconductor,41.13999938964844,41.189998626708984,40.83000183105469,40.900001525878906,35.83933639526367,6126600
2019-07-12,TSM,Taiwan Semiconductor,41.11000061035156,41.27000045776367,40.81999969482422,41.22999954223633,36.12852096557617,4695800
2019-07-15,TSM,Taiwan Semiconductor,41.75,41.93000030517578,41.65999984741211,41.81999969482422,36.6455192565918,5784300
2019-07-16,TSM,Taiwan Semiconductor,41.79999923706055,41.95000076293945,41.56999969482422,41.77000045776367,36.601688385009766,6529500
2019-07-17,TSM,Taiwan Semiconductor,41.68000030517578,41.90999984741211,41.52000045776367,41.630001068115234,36.479026794433594,5514600
2019-07-18,TSM,Taiwan Semiconductor,42.52000045776367,43.22999954223633,42.310001373291016,43.189998626708984,37.84598922729492,11257600
2019-07-19,TSM,Taiwan Semiconductor,43.08000183105469,44.02000045776367,43.06999969482422,43.83000183105469,38.40681076049805,11438800
2019-07-22,TSM,Taiwan Semiconductor,44.20000076293945,44.880001068115234,44.130001068115234,44.599998474121094,39.08152389526367,10035800
2019-07-23,TSM,Taiwan Semiconductor,44.540000915527344,44.58000183105469,44.2400016784668,44.41999816894531,38.92380905151367,6565800
2019-07-24,TSM,Taiwan Semiconductor,44.5,44.630001068115234,44.2400016784668,44.540000915527344,39.028961181640625,7130400
2019-07-25,TSM,Taiwan Semiconductor,44.209999084472656,44.2400016784668,43.619998931884766,43.619998931884766,38.222782135009766,6593900
2019-07-26,TSM,Taiwan Semiconductor,43.72999954223633,43.88999938964844,43.380001068115234,43.459999084472656,38.082584381103516,4399000
2019-07-29,TSM,Taiwan Semiconductor,43.52000045776367,43.95000076293945,43.400001525878906,43.939998626708984,38.503196716308594,4138600
2019-07-30,TSM,Taiwan Semiconductor,43.400001525878906,43.400001525878906,42.77000045776367,43.11000061035156,37.77589416503906,4938500
2019-07-31,TSM,Taiwan Semiconductor,43.029998779296875,43.16999816894531,42.04999923706055,42.630001068115234,37.35528564453125,7592300
2019-08-01,TSM,Taiwan Semiconductor,42.75,43.38999938964844,41.599998474121094,41.869998931884766,36.68932342529297,9662800
2019-08-02,TSM,Taiwan Semiconductor,41.150001525878906,41.779998779296875,41.0099983215332,41.650001525878906,36.49653625488281,9317000
2019-08-05,TSM,Taiwan Semiconductor,40.40999984741211,40.52000045776367,39.779998779296875,39.869998931884766,34.93678665161133,6668400
2019-08-06,TSM,Taiwan Semiconductor,41.18000030517578,41.5099983215332,40.88999938964844,41.2599983215332,36.15480041503906,8667700
2019-08-07,TSM,Taiwan Semiconductor,41.04999923706055,41.45000076293945,40.79999923706055,41.2599983215332,36.15480041503906,5484700
2019-08-08,TSM,Taiwan Semiconductor,41.849998474121094,42.18000030517578,41.75,41.900001525878906,36.715606689453125,7795900
2019-08-09,TSM,Taiwan Semiconductor,41.59000015258789,41.709999084472656,41.0,41.40999984741211,36.28623580932617,3480500
2019-08-12,TSM,Taiwan Semiconductor,41.04999923706055,41.27000045776367,40.849998474121094,40.959999084472656,35.89191436767578,3463500
2019-08-13,TSM,Taiwan Semiconductor,40.630001068115234,41.9900016784668,40.54999923706055,41.84000015258789,36.66304016113281,7697800
2019-08-14,TSM,Taiwan Semiconductor,40.849998474121094,41.09000015258789,40.25,40.43000030517578,35.427494049072266,9621800
2019-08-15,TSM,Taiwan Semiconductor,40.380001068115234,40.9900016784668,40.34000015258789,40.86000061035156,35.804290771484375,7690100
2019-08-16,TSM,Taiwan Semiconductor,41.18000030517578,41.72999954223633,41.150001525878906,41.540000915527344,36.400146484375,4845700
2019-08-19,TSM,Taiwan Semiconductor,42.15999984741211,42.209999084472656,41.650001525878906,41.779998779296875,36.610469818115234,3797600
2019-08-20,TSM,Taiwan Semiconductor,42.0,42.220001220703125,41.720001220703125,41.939998626708984,36.75066375732422,7540300
2019-08-21,TSM,Taiwan Semiconductor,42.40999984741211,42.63999938964844,42.290000915527344,42.58000183105469,37.31147766113281,3914600
2019-08-22,TSM,Taiwan Semiconductor,42.38999938964844,42.4900016784668,41.72999954223633,42.130001068115234,36.917152404785156,3145600
2019-08-23,TSM,Taiwan Semiconductor,41.939998626708984,42.150001525878906,40.86000061035156,40.95000076293945,35.8831672668457,7526900
2019-08-26,TSM,Taiwan Semiconductor,41.369998931884766,41.54999923706055,41.130001068115234,41.34000015258789,36.22489929199219,5519000
2019-08-27,TSM,Taiwan Semiconductor,41.54999923706055,41.68000030517578,41.27000045776367,41.349998474121094,36.23366165161133,4192800
2019-08-28,TSM,Taiwan Semiconductor,41.31999969482422,41.77000045776367,41.04999923706055,41.650001525878906,36.49653625488281,3586000
2019-08-29,TSM,Taiwan Semiconductor,42.34000015258789,42.56999969482422,42.22999954223633,42.279998779296875,37.048583984375,5171600
2019-08-30,TSM,Taiwan Semiconductor,42.709999084472656,42.88999938964844,42.36000061035156,42.630001068115234,37.35528564453125,5382200
2019-09-03,TSM,Taiwan Semiconductor,42.150001525878906,42.15999984741211,41.58000183105469,41.720001220703125,36.55788040161133,4748000
2019-09-04,TSM,Taiwan Semiconductor,42.61000061035156,43.150001525878906,42.38999938964844,43.150001525878906,37.81094741821289,4460900
2019-09-05,TSM,Taiwan Semiconductor,43.7599983215332,44.5099983215332,43.7599983215332,44.2400016784668,38.76607131958008,7698300
2019-09-06,TSM,Taiwan Semiconductor,44.0,44.040000915527344,43.689998626708984,43.709999084472656,38.30165481567383,4325300
2019-09-09,TSM,Taiwan Semiconductor,43.90999984741211,44.08000183105469,43.540000915527344,43.849998474121094,38.4243278503418,4677000
2019-09-10,TSM,Taiwan Semiconductor,43.599998474121094,44.099998474121094,43.36000061035156,44.099998474121094,38.643394470214844,5001600
2019-09-11,TSM,Taiwan Semiconductor,43.90999984741211,44.27000045776367,43.84000015258789,44.220001220703125,38.7485466003418,4016800
2019-09-12,TSM,Taiwan Semiconductor,44.290000915527344,44.459999084472656,43.93000030517578,44.06999969482422,38.61711502075195,6577900
2019-09-13,TSM,Taiwan Semiconductor,44.43000030517578,44.83000183105469,44.189998626708984,44.7400016784668,39.20421600341797,6231100
2019-09-16,TSM,Taiwan Semiconductor,44.529998779296875,44.7400016784668,44.4900016784668,44.599998474121094,39.08152389526367,3716300
2019-09-17,TSM,Taiwan Semiconductor,44.279998779296875,45.150001525878906,44.209999084472656,45.130001068115234,39.54594802856445,6110900
2019-09-18,TSM,Taiwan Semiconductor,45.16999816894531,45.20000076293945,44.61000061035156,45.040000915527344,39.467098236083984,4044800
2019-09-19,TSM,Taiwan Semiconductor,44.79999923706055,45.220001220703125,44.7599983215332,44.900001525878906,39.627716064453125,6422700
2019-09-20,TSM,Taiwan Semiconductor,44.77000045776367,44.900001525878906,43.869998931884766,43.869998931884766,38.71866226196289,7249200
2019-09-23,TSM,Taiwan Semiconductor,44.18000030517578,44.290000915527344,43.849998474121094,44.06999969482422,38.895179748535156,4347000
2019-09-24,TSM,Taiwan Semiconductor,44.400001525878906,44.54999923706055,44.060001373291016,44.119998931884766,38.93931198120117,7592200
2019-09-25,TSM,Taiwan Semiconductor,44.20000076293945,45.099998474121094,44.0,45.0099983215332,39.72480392456055,6719500
2019-09-26,TSM,Taiwan Semiconductor,45.099998474121094,46.5099983215332,45.099998474121094,46.459999084472656,41.004547119140625,15832500
2019-09-27,TSM,Taiwan Semiconductor,46.0,46.47999954223633,45.189998626708984,45.5099983215332,40.16609573364258,9610400
2019-09-30,TSM,Taiwan Semiconductor,46.56999969482422,46.7400016784668,46.119998931884766,46.47999954223633,41.022186279296875,8396900
2019-10-01,TSM,Taiwan Semiconductor,46.959999084472656,47.849998474121094,46.959999084472656,47.189998626708984,41.64881896972656,11575200
2019-10-02,TSM,Taiwan Semiconductor,46.709999084472656,46.939998626708984,46.33000183105469,46.43000030517578,40.97807312011719,5785200
2019-10-03,TSM,Taiwan Semiconductor,46.45000076293945,47.13999938964844,46.2400016784668,47.130001068115234,41.59586715698242,6091600
2019-10-04,TSM,Taiwan Semiconductor,47.029998779296875,47.45000076293945,46.779998779296875,47.41999816894531,41.85181427001953,5704200
2019-10-07,TSM,Taiwan Semiconductor,47.72999954223633,48.150001525878906,47.43000030517578,47.95000076293945,42.319580078125,11059000
2019-10-08,TSM,Taiwan Semiconductor,48.2599983215332,48.400001525878906,47.599998474121094,47.86000061035156,42.240150451660156,13089700
2019-10-09,TSM,Taiwan Semiconductor,48.20000076293945,49.060001373291016,48.16999816894531,48.68000030517578,42.963863372802734,11033100
2019-10-10,TSM,Taiwan Semiconductor,48.90999984741211,49.38999938964844,48.4900016784668,48.93000030517578,43.18450927734375,9566500
2019-10-11,TSM,Taiwan Semiconductor,49.45000076293945,49.790000915527344,49.33000183105469,49.41999816894531,43.616966247558594,7499100
2019-10-14,TSM,Taiwan Semiconductor,49.41999816894531,50.130001068115234,49.29999923706055,49.90999984741211,44.049434661865234,7974000
2019-10-15,TSM,Taiwan Semiconductor,50.20000076293945,50.63999938964844,50.11000061035156,50.38999938964844,44.47306442260742,9323200
2019-10-16,TSM,Taiwan Semiconductor,50.34000015258789,51.130001068115234,50.06999969482422,50.130001068115234,44.24360275268555,13615700
2019-10-17,TSM,Taiwan Semiconductor,51.13999938964844,51.209999084472656,49.2599983215332,49.75,43.90821838378906,12410200
2019-10-18,TSM,Taiwan Semiconductor,49.650001525878906,50.09000015258789,49.130001068115234,49.279998779296875,43.49341583251953,9169200
2019-10-21,TSM,Taiwan Semiconductor,49.529998779296875,50.11000061035156,49.33000183105469,50.0,44.12885665893555,6538900
2019-10-22,TSM,Taiwan Semiconductor,50.29999923706055,50.83000183105469,50.18000030517578,50.63999938964844,44.69371032714844,10697300
2019-10-23,TSM,Taiwan Semiconductor,50.099998474121094,50.400001525878906,49.91999816894531,50.16999816894531,44.278900146484375,7118800
2019-10-24,TSM,Taiwan Semiconductor,50.4900016784668,51.04999923706055,50.22999954223633,50.95000076293945,44.967315673828125,7006600
2019-10-25,TSM,Taiwan Semiconductor,50.79999923706055,51.22999954223633,50.689998626708984,51.130001068115234,45.12617492675781,6303500
2019-10-28,TSM,Taiwan Semiconductor,51.400001525878906,51.47999954223633,51.04999923706055,51.310001373291016,45.2850456237793,7725500
2019-10-29,TSM,Taiwan Semiconductor,51.5,51.84000015258789,51.439998626708984,51.470001220703125,45.42626190185547,5303900
2019-10-30,TSM,Taiwan Semiconductor,51.790000915527344,52.060001373291016,51.56999969482422,51.90999984741211,45.81460189819336,5198100
2019-10-31,TSM,Taiwan Semiconductor,51.88999938964844,51.93000030517578,51.349998474121094,51.630001068115234,45.567474365234375,5140800
2019-11-01,TSM,Taiwan Semiconductor,51.88999938964844,52.099998474121094,51.70000076293945,52.099998474121094,45.98228073120117,5226600
2019-11-04,TSM,Taiwan Semiconductor,53.54999923706055,53.790000915527344,53.119998931884766,53.4900016784668,47.20906066894531,7233400
2019-11-05,TSM,Taiwan Semiconductor,53.630001068115234,53.970001220703125,53.4900016784668,53.54999923706055,47.26200485229492,5287100
2019-11-06,TSM,Taiwan Semiconductor,53.70000076293945,53.75,53.099998474121094,53.63999938964844,47.3414421081543,4545100
2019-11-07,TSM,Taiwan Semiconductor,53.900001525878906,54.369998931884766,53.52000045776367,53.66999816894531,47.36793518066406,7890900
2019-11-08,TSM,Taiwan Semiconductor,53.529998779296875,53.529998779296875,52.529998779296875,52.83000183105469,46.62656784057617,6558400
2019-11-11,TSM,Taiwan Semiconductor,52.38999938964844,52.75,52.15999984741211,52.599998474121094,46.423561096191406,4046500
2019-11-12,TSM,Taiwan Semiconductor,52.689998626708984,52.689998626708984,52.029998779296875,52.150001525878906,46.02640914916992,8625100
2019-11-13,TSM,Taiwan Semiconductor,52.58000183105469,52.939998626708984,52.150001525878906,52.880001068115234,46.67068862915039,5336200
2019-11-14,TSM,Taiwan Semiconductor,52.5,52.72999954223633,52.130001068115234,52.47999954223633,46.317649841308594,5308600
2019-11-15,TSM,Taiwan Semiconductor,53.0099983215332,53.38999938964844,52.880001068115234,53.290000915527344,47.03254699707031,5986400
2019-11-18,TSM,Taiwan Semiconductor,53.38999938964844,53.959999084472656,53.38999938964844,53.41999816894531,47.147281646728516,4774400
2019-11-19,TSM,Taiwan Semiconductor,54.04999923706055,54.13999938964844,53.68000030517578,53.7599983215332,47.447349548339844,4731100
2019-11-20,TSM,Taiwan Semiconductor,53.54999923706055,53.779998779296875,53.209999084472656,53.5,47.21788787841797,5264800
2019-11-21,TSM,Taiwan Semiconductor,53.5,53.5099983215332,52.939998626708984,52.97999954223633,46.75894546508789,6037000
2019-11-22,TSM,Taiwan Semiconductor,52.91999816894531,53.15999984741211,52.7400016784668,52.790000915527344,46.59125518798828,4172300
2019-11-25,TSM,Taiwan Semiconductor,53.09000015258789,53.939998626708984,52.79999923706055,53.7599983215332,47.447349548339844,5021500
2019-11-26,TSM,Taiwan Semiconductor,53.5,53.790000915527344,53.380001068115234,53.630001068115234,47.332618713378906,5672800
2019-11-27,TSM,Taiwan Semiconductor,54.029998779296875,54.060001373291016,53.540000915527344,53.88999938964844,47.56208801269531,2786100
2019-11-29,TSM,Taiwan Semiconductor,53.060001373291016,53.15999984741211,52.79999923706055,53.09000015258789,46.856040954589844,3391700
2019-12-02,TSM,Taiwan Semiconductor,53.54999923706055,53.59000015258789,52.779998779296875,52.97999954223633,46.75894546508789,4475800
2019-12-03,TSM,Taiwan Semiconductor,52.41999816894531,52.93000030517578,52.18000030517578,52.779998779296875,46.58243179321289,5468100
2019-12-04,TSM,Taiwan Semiconductor,53.27000045776367,53.56999969482422,53.11000061035156,53.18000030517578,46.93546676635742,3905200
2019-12-05,TSM,Taiwan Semiconductor,53.619998931884766,54.540000915527344,53.4900016784668,54.400001525878906,48.01221466064453,7624300
2019-12-06,TSM,Taiwan Semiconductor,54.5,55.029998779296875,54.5,54.939998626708984,48.488792419433594,5429100
2019-12-09,TSM,Taiwan Semiconductor,55.04999923706055,55.189998626708984,54.31999969482422,54.459999084472656,48.06515121459961,6541900
2019-12-10,TSM,Taiwan Semiconductor,54.68000030517578,55.060001373291016,54.33000183105469,54.52000045776367,48.11811065673828,4364800
2019-12-11,TSM,Taiwan Semiconductor,55.040000915527344,56.20000076293945,55.029998779296875,55.900001525878906,49.33606719970703,11028000
2019-12-12,TSM,Taiwan Semiconductor,57.25,58.619998931884766,57.02000045776367,58.61000061035156,51.72785186767578,15788700
2019-12-13,TSM,Taiwan Semiconductor,59.04999923706055,59.52000045776367,58.25,58.25,51.410125732421875,9886900
2019-12-16,TSM,Taiwan Semiconductor,58.290000915527344,58.70000076293945,58.290000915527344,58.540000915527344,51.666072845458984,5779400
2019-12-17,TSM,Taiwan Semiconductor,59.709999084472656,59.709999084472656,58.779998779296875,59.22999954223633,52.27505874633789,8407500
2019-12-18,TSM,Taiwan Semiconductor,59.599998474121094,59.63999938964844,58.720001220703125,59.099998474121094,52.16031265258789,10021200
2019-12-19,TSM,Taiwan Semiconductor,58.5,58.5,57.880001068115234,57.959999084472656,51.511531829833984,7228700
2019-12-20,TSM,Taiwan Semiconductor,57.779998779296875,58.29999923706055,57.31999969482422,57.93000030517578,51.484867095947266,8043800
2019-12-23,TSM,Taiwan Semiconductor,58.029998779296875,58.34000015258789,57.95000076293945,58.220001220703125,51.74261474609375,4022000
2019-12-24,TSM,Taiwan Semiconductor,57.9900016784668,58.09000015258789,57.54999923706055,57.7599983215332,51.33378219604492,2692200
2019-12-26,TSM,Taiwan Semiconductor,57.79999923706055,58.349998474121094,57.7599983215332,58.25,51.76927185058594,2490400
2019-12-27,TSM,Taiwan Semiconductor,58.529998779296875,58.709999084472656,58.33000183105469,58.459999084472656,51.95590591430664,2847800
2019-12-30,TSM,Taiwan Semiconductor,58.65999984741211,58.689998626708984,57.619998931884766,57.849998474121094,51.41377258300781,3519900
2019-12-31,TSM,Taiwan Semiconductor,57.68000030517578,58.130001068115234,57.459999084472656,58.099998474121094,51.635963439941406,2950200
2020-01-02,TSM,Taiwan Semiconductor,59.599998474121094,60.119998931884766,59.599998474121094,60.040000915527344,53.36012268066406,8432600
2020-01-03,TSM,Taiwan Semiconductor,58.970001220703125,58.97999954223633,58.040000915527344,58.060001373291016,51.60041427612305,10546400
2020-01-06,TSM,Taiwan Semiconductor,57.599998474121094,57.689998626708984,57.130001068115234,57.38999938964844,51.00495529174805,8897200
2020-01-07,TSM,Taiwan Semiconductor,57.45000076293945,58.599998474121094,56.7400016784668,58.31999969482422,51.83148956298828,7444300
2020-01-08,TSM,Taiwan Semiconductor,58.189998626708984,58.97999954223633,58.11000061035156,58.75,52.21363830566406,5381500
2020-01-09,TSM,Taiwan Semiconductor,59.689998626708984,59.709999084472656,58.70000076293945,59.22999954223633,52.640235900878906,5112700
2020-01-10,TSM,Taiwan Semiconductor,59.70000076293945,59.70000076293945,58.77000045776367,58.86000061035156,52.31140899658203,4807700
2020-01-13,TSM,Taiwan Semiconductor,60.150001525878906,60.15999984741211,59.45000076293945,60.060001373291016,53.37789535522461,6613700
2020-01-14,TSM,Taiwan Semiconductor,60.15999984741211,60.63999938964844,59.91999816894531,60.31999969482422,53.608970642089844,6715200
2020-01-15,TSM,Taiwan Semiconductor,59.66999816894531,59.70000076293945,58.2599983215332,58.38999938964844,51.89369201660156,10075100
2020-01-16,TSM,Taiwan Semiconductor,59.20000076293945,59.689998626708984,58.29999923706055,58.75,52.21363830566406,11215700
2020-01-17,TSM,Taiwan Semiconductor,58.63999938964844,58.75,58.0099983215332,58.58000183105469,52.062557220458984,8125700
2020-01-21,TSM,Taiwan Semiconductor,57.9900016784668,59.0,57.470001220703125,58.2400016784668,51.7603874206543,9873700
2020-01-22,TSM,Taiwan Semiconductor,58.900001525878906,58.939998626708984,58.31999969482422,58.349998474121094,51.85814666748047,8124500
2020-01-23,TSM,Taiwan Semiconductor,57.86000061035156,58.06999969482422,56.619998931884766,57.47999954223633,51.0849494934082,9999200
2020-01-24,TSM,Taiwan Semiconductor,58.09000015258789,58.13999938964844,57.459999084472656,57.72999954223633,51.30712890625,10402200
2020-01-27,TSM,Taiwan Semiconductor,55.619998931884766,55.9900016784668,55.060001373291016,55.2599983215332,49.1119270324707,9675500
2020-01-28,TSM,Taiwan Semiconductor,55.72999954223633,57.119998931884766,55.47999954223633,57.09000015258789,50.73832321166992,8124400
2020-01-29,TSM,Taiwan Semiconductor,57.52000045776367,57.52000045776367,56.849998474121094,57.189998626708984,50.82720947265625,7693400
2020-01-30,TSM,Taiwan Semiconductor,55.08000183105469,56.040000915527344,55.060001373291016,55.79999923706055,49.59185028076172,10295700
2020-01-31,TSM,Taiwan Semiconductor,55.43000030517578,55.47999954223633,53.599998474121094,53.939998626708984,47.93878936767578,13467200
2020-02-03,TSM,Taiwan Semiconductor,54.349998474121094,54.939998626708984,54.13999938964844,54.77000045776367,48.67643356323242,9594300
2020-02-04,TSM,Taiwan Semiconductor,56.91999816894531,57.63999938964844,56.900001525878906,57.52000045776367,51.1204948425293,12746600
2020-02-05,TSM,Taiwan Semiconductor,58.099998474121094,58.150001525878906,57.16999816894531,57.91999816894531,51.475982666015625,6594400
2020-02-06,TSM,Taiwan Semiconductor,58.27000045776367,58.279998779296875,57.279998779296875,58.02000045776367,51.56486129760742,4236300
2020-02-07,TSM,Taiwan Semiconductor,57.13999938964844,57.13999938964844,56.060001373291016,56.20000076293945,49.94735336303711,6808400
2020-02-10,TSM,Taiwan Semiconductor,56.439998626708984,57.04999923706055,56.34000015258789,57.02000045776367,50.676116943359375,4281200
2020-02-11,TSM,Taiwan Semiconductor,57.95000076293945,58.900001525878906,57.810001373291016,58.65999984741211,52.133663177490234,6523200
2020-02-12,TSM,Taiwan Semiconductor,59.25,59.75,58.900001525878906,59.630001068115234,52.99573516845703,5962900
2020-02-13,TSM,Taiwan Semiconductor,59.130001068115234,59.70000076293945,58.7400016784668,59.33000183105469,52.72911834716797,6460100
2020-02-14,TSM,Taiwan Semiconductor,59.02000045776367,59.16999816894531,57.869998931884766,58.189998626708984,51.715946197509766,6932400
2020-02-18,TSM,Taiwan Semiconductor,56.099998474121094,56.560001373291016,55.630001068115234,56.18000030517578,49.929569244384766,10989000
2020-02-19,TSM,Taiwan Semiconductor,57.25,57.939998626708984,57.0,57.63999938964844,51.227134704589844,7866300
2020-02-20,TSM,Taiwan Semiconductor,56.939998626708984,57.040000915527344,55.810001373291016,56.47999954223633,50.196189880371094,7192900
2020-02-21,TSM,Taiwan Semiconductor,56.650001525878906,56.650001525878906,55.52000045776367,55.59000015258789,49.405216217041016,6816600
2020-02-24,TSM,Taiwan Semiconductor,53.54999923706055,54.689998626708984,53.18000030517578,54.119998931884766,48.09876251220703,9968800
2020-02-25,TSM,Taiwan Semiconductor,55.33000183105469,55.470001220703125,53.83000183105469,53.86000061035156,47.86768341064453,12670700
2020-02-26,TSM,Taiwan Semiconductor,54.4900016784668,55.40999984741211,54.380001068115234,55.029998779296875,48.90752410888672,10969300
2020-02-27,TSM,Taiwan Semiconductor,54.20000076293945,54.599998474121094,53.27000045776367,53.290000915527344,47.36111068725586,11878900
2020-02-28,TSM,Taiwan Semiconductor,51.349998474121094,54.04999923706055,51.0,53.84000015258789,47.849918365478516,13604500
2020-03-02,TSM,Taiwan Semiconductor,54.369998931884766,56.0099983215332,53.83000183105469,55.97999954223633,49.7518310546875,13797700
2020-03-03,TSM,Taiwan Semiconductor,56.29999923706055,56.369998931884766,54.040000915527344,54.880001068115234,48.77421569824219,14661800
2020-03-04,TSM,Taiwan Semiconductor,55.970001220703125,57.09000015258789,55.54999923706055,57.08000183105469,50.72944259643555,9878200
2020-03-05,TSM,Taiwan Semiconductor,56.11000061035156,56.38999938964844,55.25,55.72999954223633,49.52963638305664,10004200
2020-03-06,TSM,Taiwan Semiconductor,54.599998474121094,55.08000183105469,53.970001220703125,55.06999969482422,48.943077087402344,12971200
2020-03-09,TSM,Taiwan Semiconductor,51.54999923706055,54.13999938964844,51.060001373291016,51.83000183105469,46.06354904174805,13781100
2020-03-10,TSM,Taiwan Semiconductor,53.709999084472656,54.619998931884766,52.4900016784668,54.5099983215332,48.44537353515625,11698700
2020-03-11,TSM,Taiwan Semiconductor,53.11000061035156,53.560001373291016,52.09000015258789,52.2400016784668,46.42792510986328,14498000
2020-03-12,TSM,Taiwan Semiconductor,49.65999984741211,50.9900016784668,48.5099983215332,48.689998626708984,43.27288055419922,15942200
2020-03-13,TSM,Taiwan Semiconductor,51.900001525878906,52.459999084472656,49.290000915527344,52.22999954223633,46.419036865234375,14948700
2020-03-16,TSM,Taiwan Semiconductor,46.34000015258789,48.349998474121094,44.900001525878906,44.900001525878906,39.90456008911133,16628200
2020-03-17,TSM,Taiwan Semiconductor,45.75,48.560001373291016,45.029998779296875,48.540000915527344,43.13957977294922,13415700
2020-03-18,TSM,Taiwan Semiconductor,43.79999923706055,46.09000015258789,43.2599983215332,44.369998931884766,39.43351745605469,15018500
2020-03-19,TSM,Taiwan Semiconductor,43.7400016784668,45.18000030517578,42.70000076293945,43.88999938964844,39.37699508666992,11182600
2020-03-20,TSM,Taiwan Semiconductor,48.02000045776367,48.279998779296875,44.47999954223633,44.529998779296875,39.95119094848633,14157700
2020-03-23,TSM,Taiwan Semiconductor,45.119998931884766,45.61000061035156,43.52000045776367,45.2599983215332,40.60613250732422,10508600
2020-03-24,TSM,Taiwan Semiconductor,48.0,48.91999816894531,47.5,48.869998931884766,43.84492492675781,12216200
2020-03-25,TSM,Taiwan Semiconductor,49.29999923706055,50.04999923706055,48.04999923706055,49.0,43.96156311035156,9796600
2020-03-26,TSM,Taiwan Semiconductor,49.099998474121094,50.459999084472656,48.91999816894531,49.869998931884766,44.742103576660156,10577500
2020-03-27,TSM,Taiwan Semiconductor,47.22999954223633,48.09000015258789,46.5099983215332,46.90999984741211,42.086463928222656,12158500
2020-03-30,TSM,Taiwan Semiconductor,47.18000030517578,48.15999984741211,46.77000045776367,47.81999969482422,42.90289306640625,8428300
2020-03-31,TSM,Taiwan Semiconductor,47.79999923706055,49.029998779296875,47.65999984741211,47.790000915527344,42.875980377197266,9595700
2020-04-01,TSM,Taiwan Semiconductor,46.83000183105469,47.560001373291016,46.29999923706055,46.5099983215332,41.72758483886719,8755200
2020-04-02,TSM,Taiwan Semiconductor,46.91999816894531,48.220001220703125,46.61000061035156,48.130001068115234,43.181026458740234,6174700
2020-04-03,TSM,Taiwan Semiconductor,47.790000915527344,48.150001525878906,46.779998779296875,47.060001373291016,42.22105026245117,5486200
2020-04-06,TSM,Taiwan Semiconductor,48.630001068115234,50.099998474121094,48.5099983215332,49.970001220703125,44.831825256347656,7370300
2020-04-07,TSM,Taiwan Semiconductor,51.290000915527344,51.31999969482422,49.65999984741211,49.720001220703125,44.6075325012207,6568700
2020-04-08,TSM,Taiwan Semiconductor,50.209999084472656,50.599998474121094,49.540000915527344,50.27000045776367,45.10097122192383,6325900
2020-04-09,TSM,Taiwan Semiconductor,50.279998779296875,50.65999984741211,47.720001220703125,48.33000183105469,43.3604621887207,12274000
2020-04-13,TSM,Taiwan Semiconductor,48.7400016784668,49.09000015258789,47.959999084472656,48.75,43.73727035522461,9873200
2020-04-14,TSM,Taiwan Semiconductor,50.0,51.27000045776367,49.95000076293945,50.630001068115234,45.423954010009766,11068800
2020-04-15,TSM,Taiwan Semiconductor,49.7599983215332,49.970001220703125,49.040000915527344,49.65999984741211,44.55369567871094,9398100
2020-04-16,TSM,Taiwan Semiconductor,51.810001373291016,53.13999938964844,51.68000030517578,52.400001525878906,47.0119514465332,18615900
2020-04-17,TSM,Taiwan Semiconductor,54.130001068115234,54.189998626708984,53.0,53.689998626708984,48.169315338134766,11288500
2020-04-20,TSM,Taiwan Semiconductor,53.0,53.81999969482422,52.560001373291016,52.59000015258789,47.18241500854492,9901700
2020-04-21,TSM,Taiwan Semiconductor,51.599998474121094,51.810001373291016,50.52000045776367,51.369998931884766,46.087860107421875,13102500
2020-04-22,TSM,Taiwan Semiconductor,52.47999954223633,53.11000061035156,52.40999984741211,52.95000076293945,47.505409240722656,8255500
2020-04-23,TSM,Taiwan Semiconductor,52.810001373291016,53.130001068115234,52.2599983215332,52.63999938964844,47.22727584838867,7619900
2020-04-24,TSM,Taiwan Semiconductor,52.599998474121094,52.88999938964844,52.0,52.72999954223633,47.308021545410156,5701800
2020-04-27,TSM,Taiwan Semiconductor,53.150001525878906,53.75,52.970001220703125,53.5099983215332,48.0078125,5812300
2020-04-28,TSM,Taiwan Semiconductor,53.5099983215332,53.72999954223633,52.68000030517578,52.7599983215332,47.33493423461914,8561100
2020-04-29,TSM,Taiwan Semiconductor,53.75,54.689998626708984,53.43000030517578,54.47999954223633,48.878074645996094,8565500
2020-04-30,TSM,Taiwan Semiconductor,54.20000076293945,54.40999984741211,52.959999084472656,53.130001068115234,47.666900634765625,6337900
2020-05-01,TSM,Taiwan Semiconductor,52.47999954223633,52.560001373291016,51.09000015258789,51.099998474121094,45.84562301635742,10238700
2020-05-04,TSM,Taiwan Semiconductor,51.790000915527344,52.18000030517578,51.279998779296875,52.150001525878906,46.78765869140625,7514000
2020-05-05,TSM,Taiwan Semiconductor,52.209999084472656,52.58000183105469,51.58000183105469,51.709999084472656,46.39290237426758,7780700
2020-05-06,TSM,Taiwan Semiconductor,52.11000061035156,52.619998931884766,52.0,52.130001068115234,46.769710540771484,8206700
2020-05-07,TSM,Taiwan Semiconductor,52.95000076293945,52.97999954223633,52.099998474121094,52.33000183105469,46.94915771484375,5493400
2020-05-08,TSM,Taiwan Semiconductor,52.619998931884766,53.34000015258789,52.470001220703125,52.90999984741211,47.469512939453125,6086000
2020-05-11,TSM,Taiwan Semiconductor,52.61000061035156,52.83000183105469,52.380001068115234,52.400001525878906,47.0119514465332,6459300
2020-05-12,TSM,Taiwan Semiconductor,52.63999938964844,52.63999938964844,51.08000183105469,51.099998474121094,45.84562301635742,8584500
2020-05-13,TSM,Taiwan Semiconductor,51.90999984741211,52.02000045776367,50.47999954223633,50.91999816894531,45.68413543701172,8611000
2020-05-14,TSM,Taiwan Semiconductor,50.43000030517578,52.150001525878906,49.790000915527344,52.099998474121094,46.742801666259766,13695600
2020-05-15,TSM,Taiwan Semiconductor,50.560001373291016,51.04999923706055,49.380001068115234,49.79999923706055,44.67930221557617,17777200
2020-05-18,TSM,Taiwan Semiconductor,50.939998626708984,52.189998626708984,50.77000045776367,51.869998931884766,46.53645324707031,12726500
2020-05-19,TSM,Taiwan Semiconductor,51.349998474121094,51.459999084472656,50.79999923706055,50.810001373291016,45.585445404052734,12940300
2020-05-20,TSM,Taiwan Semiconductor,51.58000183105469,52.09000015258789,50.5,51.84000015258789,46.5095329284668,8406200
2020-05-21,TSM,Taiwan Semiconductor,52.099998474121094,52.209999084472656,50.689998626708984,50.75,45.531612396240234,7842600
2020-05-22,TSM,Taiwan Semiconductor,50.84000015258789,50.86000061035156,49.61000061035156,49.79999923706055,44.67930221557617,12462300
2020-05-26,TSM,Taiwan Semiconductor,51.29999923706055,51.400001525878906,50.790000915527344,50.81999969482422,45.59441375732422,8872000
2020-05-27,TSM,Taiwan Semiconductor,51.029998779296875,51.7400016784668,50.75,51.7400016784668,46.41982650756836,11405700
2020-05-28,TSM,Taiwan Semiconductor,51.459999084472656,51.619998931884766,50.099998474121094,50.279998779296875,45.10993957519531,8178700
2020-05-29,TSM,Taiwan Semiconductor,50.34000015258789,50.72999954223633,49.86000061035156,50.33000183105469,45.15480041503906,10918500
2020-06-01,TSM,Taiwan Semiconductor,50.90999984741211,51.279998779296875,50.540000915527344,51.029998779296875,45.7828254699707,6187300
2020-06-02,TSM,Taiwan Semiconductor,51.45000076293945,52.040000915527344,51.290000915527344,52.0099983215332,46.66205596923828,6063600
2020-06-03,TSM,Taiwan Semiconductor,52.63999938964844,53.25,52.41999816894531,53.060001373291016,47.60409164428711,8380200
2020-06-04,TSM,Taiwan Semiconductor,53.060001373291016,54.369998931884766,53.029998779296875,54.279998779296875,48.698638916015625,13269500
2020-06-05,TSM,Taiwan Semiconductor,55.5,56.34000015258789,55.060001373291016,55.20000076293945,49.524044036865234,9776100
2020-06-08,TSM,Taiwan Semiconductor,55.7400016784668,55.779998779296875,54.709999084472656,55.56999969482422,49.855995178222656,6302100
2020-06-09,TSM,Taiwan Semiconductor,55.290000915527344,56.630001068115234,54.95000076293945,56.61000061035156,50.78905487060547,9355100
2020-06-10,TSM,Taiwan Semiconductor,56.81999969482422,58.040000915527344,56.81999969482422,57.54999923706055,51.632389068603516,9194300
2020-06-11,TSM,Taiwan Semiconductor,55.849998474121094,56.40999984741211,55.0099983215332,55.040000915527344,49.3804931640625,9877100
2020-06-12,TSM,Taiwan Semiconductor,56.5,56.869998931884766,55.349998474121094,56.0,50.241783142089844,9838800
2020-06-15,TSM,Taiwan Semiconductor,54.709999084472656,56.119998931884766,54.52000045776367,56.02000045776367,50.259727478027344,7509700
2020-06-16,TSM,Taiwan Semiconductor,56.59000015258789,57.0,55.540000915527344,55.79999923706055,50.06235122680664,8827200
2020-06-17,TSM,Taiwan Semiconductor,56.150001525878906,56.81999969482422,55.88999938964844,56.599998474121094,50.78007888793945,8248700
2020-06-18,TSM,Taiwan Semiconductor,56.040000915527344,56.540000915527344,55.790000915527344,56.150001525878906,50.752967834472656,6831500
2020-06-19,TSM,Taiwan Semiconductor,56.47999954223633,56.5,55.27000045776367,55.310001373291016,49.993717193603516,6965100
2020-06-22,TSM,Taiwan Semiconductor,55.5,56.0,55.31999969482422,56.0,50.61738967895508,4480400
2020-06-23,TSM,Taiwan Semiconductor,56.63999938964844,57.15999984741211,56.529998779296875,56.7599983215332,51.30434036254883,7836500
2020-06-24,TSM,Taiwan Semiconductor,56.709999084472656,57.060001373291016,56.15999984741211,56.58000183105469,51.14163589477539,7080200
2020-06-25,TSM,Taiwan Semiconductor,56.560001373291016,57.09000015258789,55.95000076293945,57.040000915527344,51.557430267333984,4509600
2020-06-26,TSM,Taiwan Semiconductor,57.0,57.2599983215332,56.209999084472656,56.33000183105469,50.91567611694336,6229300
2020-06-29,TSM,Taiwan Semiconductor,56.34000015258789,56.40999984741211,55.65999984741211,56.38999938964844,50.96990966796875,5016600
2020-06-30,TSM,Taiwan Semiconductor,56.25,56.9900016784668,56.189998626708984,56.77000045776367,51.31337356567383,7158700
2020-07-01,TSM,Taiwan Semiconductor,56.970001220703125,57.470001220703125,56.7599983215332,56.81999969482422,51.35856628417969,6866500
2020-07-02,TSM,Taiwan Semiconductor,57.95000076293945,59.06999969482422,57.95000076293945,58.619998931884766,52.98556137084961,10021200
2020-07-06,TSM,Taiwan Semiconductor,60.66999816894531,62.130001068115234,60.560001373291016,61.880001068115234,55.93221664428711,12725600
2020-07-07,TSM,Taiwan Semiconductor,61.2599983215332,61.5,60.68000030517578,60.709999084472656,54.874671936035156,6672300
2020-07-08,TSM,Taiwan Semiconductor,61.63999938964844,62.7400016784668,61.5,62.59000015258789,56.573970794677734,8721900
2020-07-09,TSM,Taiwan Semiconductor,62.95000076293945,64.97000122070312,62.88999938964844,64.77999877929688,58.553462982177734,16903300
2020-07-10,TSM,Taiwan Semiconductor,64.47000122070312,64.55999755859375,63.189998626708984,63.849998474121094,57.712860107421875,10700000
2020-07-13,TSM,Taiwan Semiconductor,65.19999694824219,67.08000183105469,64.9800033569336,65.06999969482422,58.81559753417969,16667700
2020-07-14,TSM,Taiwan Semiconductor,66.0,67.02999877929688,65.33000183105469,66.95999908447266,60.52393341064453,10482700
2020-07-15,TSM,Taiwan Semiconductor,67.18000030517578,67.20999908447266,65.16000366210938,66.05999755859375,59.71044158935547,12432500
2020-07-16,TSM,Taiwan Semiconductor,65.37999725341797,66.62999725341797,64.31999969482422,66.58999633789062,60.18950271606445,15709400
2020-07-17,TSM,Taiwan Semiconductor,67.30999755859375,68.0,66.37000274658203,66.4000015258789,60.01776123046875,11716600
2020-07-20,TSM,Taiwan Semiconductor,66.69999694824219,66.9800033569336,65.80000305175781,66.88999938964844,60.46066665649414,6357300
2020-07-21,TSM,Taiwan Semiconductor,68.83999633789062,69.25,67.70999908447266,67.80999755859375,61.292232513427734,10619700
2020-07-22,TSM,Taiwan Semiconductor,68.0999984741211,68.9000015258789,68.02999877929688,68.52999877929688,61.94302749633789,7366100
2020-07-23,TSM,Taiwan Semiconductor,68.26000213623047,68.5,66.75,67.37000274658203,60.89452362060547,8559500
2020-07-24,TSM,Taiwan Semiconductor,71.4000015258789,76.88999938964844,71.3499984741211,73.9000015258789,66.79686737060547,41226800
2020-07-27,TSM,Taiwan Semiconductor,81.36000061035156,83.4000015258789,80.43000030517578,83.25,75.24815368652344,39899200
2020-07-28,TSM,Taiwan Semiconductor,79.3499984741211,79.58000183105469,76.48999786376953,76.91999816894531,69.5265884399414,31500100
2020-07-29,TSM,Taiwan Semiconductor,77.11000061035156,83.37000274658203,77.05999755859375,82.66999816894531,74.72391510009766,28304000
2020-07-30,TSM,Taiwan Semiconductor,80.01000213623047,81.27999877929688,78.61000061035156,79.93000030517578,72.24727630615234,16820300
2020-07-31,TSM,Taiwan Semiconductor,79.62999725341797,79.7699966430664,77.51000213623047,78.88999938964844,71.30724334716797,12021200
2020-08-03,TSM,Taiwan Semiconductor,77.7699966430664,79.1500015258789,77.41000366210938,78.94999694824219,71.36148071289062,10129800
2020-08-04,TSM,Taiwan Semiconductor,79.33000183105469,80.19000244140625,78.73999786376953,80.19000244140625,72.48230743408203,12569400
2020-08-05,TSM,Taiwan Semiconductor,80.9800033569336,84.0,80.56999969482422,81.62999725341797,73.78388214111328,14436300
2020-08-06,TSM,Taiwan Semiconductor,82.04000091552734,82.0999984741211,80.22000122070312,80.5199966430664,72.78057098388672,9838700
2020-08-07,TSM,Taiwan Semiconductor,80.48999786376953,80.79000091552734,79.41000366210938,80.02999877929688,72.3376693725586,8705800
2020-08-10,TSM,Taiwan Semiconductor,80.55000305175781,80.8499984741211,79.22000122070312,79.87000274658203,72.19303894042969,7421400
2020-08-11,TSM,Taiwan Semiconductor,79.08999633789062,79.19999694824219,77.94000244140625,77.94000244140625,70.44856262207031,7056300
2020-08-12,TSM,Taiwan Semiconductor,78.16000366210938,79.55000305175781,77.7300033569336,79.38999938964844,71.75918579101562,8354400
2020-08-13,TSM,Taiwan Semiconductor,79.0,79.0999984741211,77.83000183105469,78.30000305175781,70.77397155761719,6551800
2020-08-14,TSM,Taiwan Semiconductor,78.41999816894531,79.2300033569336,78.05000305175781,78.41000366210938,70.8733901977539,5611200
2020-08-17,TSM,Taiwan Semiconductor,79.80000305175781,80.88999938964844,79.66000366210938,80.19000244140625,72.48230743408203,8663900
2020-08-18,TSM,Taiwan Semiconductor,80.22000122070312,80.81999969482422,79.25,79.41000366210938,71.77726745605469,6804800
2020-08-19,TSM,Taiwan Semiconductor,79.01000213623047,79.2300033569336,78.25,78.54000091552734,70.99090576171875,7976800
2020-08-20,TSM,Taiwan Semiconductor,76.31999969482422,77.0999984741211,75.9800033569336,76.80999755859375,69.42718505859375,11457100
2020-08-21,TSM,Taiwan Semiconductor,78.0199966430664,78.7300033569336,77.86000061035156,78.33999633789062,70.81011962890625,7942300
2020-08-24,TSM,Taiwan Semiconductor,79.7300033569336,79.91000366210938,78.48999786376953,78.9000015258789,71.3162841796875,6405600
2020-08-25,TSM,Taiwan Semiconductor,79.8499984741211,80.4800033569336,79.47000122070312,80.04000091552734,72.3467025756836,6113100
2020-08-26,TSM,Taiwan Semiconductor,81.25,82.16999816894531,81.01000213623047,81.75,73.89234161376953,7821600
2020-08-27,TSM,Taiwan Semiconductor,82.18000030517578,82.30999755859375,80.16999816894531,80.5999984741211,72.8528823852539,8018200
2020-08-28,TSM,Taiwan Semiconductor,80.05999755859375,80.87999725341797,79.91000366210938,80.44000244140625,72.7082748413086,5699500
2020-08-31,TSM,Taiwan Semiconductor,79.0,79.76000213623047,78.69000244140625,79.25,71.63265228271484,9812900
2020-09-01,TSM,Taiwan Semiconductor,80.12000274658203,81.5999984741211,79.98999786376953,81.55000305175781,73.71157836914062,10193300
2020-09-02,TSM,Taiwan Semiconductor,81.3499984741211,82.70999908447266,79.87999725341797,82.16999816894531,74.27195739746094,12567800
2020-09-03,TSM,Taiwan Semiconductor,81.12000274658203,81.80999755859375,78.37999725341797,81.18000030517578,73.37712097167969,20090100
2020-09-04,TSM,Taiwan Semiconductor,80.5,81.47000122070312,77.41000366210938,78.91000366210938,71.32530975341797,13638700
2020-09-08,TSM,Taiwan Semiconductor,78.0199966430664,79.1500015258789,77.22000122070312,77.31999969482422,69.88814544677734,11553500
2020-09-09,TSM,Taiwan Semiconductor,78.62000274658203,79.69999694824219,78.55000305175781,79.4000015258789,71.76822662353516,7867500
2020-09-10,TSM,Taiwan Semiconductor,80.73999786376953,81.2300033569336,78.76000213623047,78.9000015258789,71.3162841796875,11241800
2020-09-11,TSM,Taiwan Semiconductor,80.01000213623047,80.30000305175781,78.5999984741211,78.81999969482422,71.24397277832031,7853500
2020-09-14,TSM,Taiwan Semiconductor,80.5,81.12000274658203,79.94999694824219,80.5,72.76249694824219,7091100
2020-09-15,TSM,Taiwan Semiconductor,81.55999755859375,86.79000091552734,81.37999725341797,85.8499984741211,77.59825134277344,21048400
2020-09-16,TSM,Taiwan Semiconductor,86.48999786376953,86.48999786376953,83.04000091552734,83.12999725341797,75.13970947265625,14492600
2020-09-17,TSM,Taiwan Semiconductor,81.0,82.29000091552734,80.61000061035156,81.91000366210938,74.41923522949219,10090200
2020-09-18,TSM,Taiwan Semiconductor,82.37000274658203,82.83999633789062,80.11000061035156,80.2300033569336,72.89286041259766,10528300
2020-09-21,TSM,Taiwan Semiconductor,79.80000305175781,80.6500015258789,79.08000183105469,80.58999633789062,73.21993255615234,8417100
2020-09-22,TSM,Taiwan Semiconductor,80.83000183105469,80.88999938964844,79.4000015258789,80.4800033569336,73.1199951171875,6375200
2020-09-23,TSM,Taiwan Semiconductor,79.69999694824219,79.93000030517578,77.88999938964844,77.91999816894531,70.79411315917969,9094700
2020-09-24,TSM,Taiwan Semiconductor,76.81999969482422,79.0,76.16999816894531,78.37999725341797,71.2120590209961,9940900
2020-09-25,TSM,Taiwan Semiconductor,78.16999816894531,78.91999816894531,77.38999938964844,78.87999725341797,71.66632843017578,6057500
2020-09-28,TSM,Taiwan Semiconductor,80.30999755859375,80.37000274658203,79.47000122070312,79.7699966430664,72.47489929199219,5999300
2020-09-29,TSM,Taiwan Semiconductor,79.69999694824219,81.23999786376953,79.30999755859375,80.51000213623047,73.14724731445312,6114600
2020-09-30,TSM,Taiwan Semiconductor,80.58999633789062,81.94000244140625,80.56999969482422,81.06999969482422,73.65605163574219,5878900
2020-10-01,TSM,Taiwan Semiconductor,82.05999755859375,82.72000122070312,81.73999786376953,82.62000274658203,75.06428527832031,6253800
2020-10-02,TSM,Taiwan Semiconductor,80.70999908447266,82.19999694824219,80.61000061035156,80.80000305175781,73.41073608398438,6145900
2020-10-05,TSM,Taiwan Semiconductor,81.55000305175781,84.62999725341797,81.55000305175781,84.54000091552734,76.80870819091797,10129100
2020-10-06,TSM,Taiwan Semiconductor,83.7699966430664,84.44999694824219,82.7699966430664,83.12000274658203,75.51856231689453,7795600
2020-10-07,TSM,Taiwan Semiconductor,84.77999877929688,87.0,84.77999877929688,86.91999816894531,78.97106170654297,11446400
2020-10-08,TSM,Taiwan Semiconductor,88.86000061035156,88.86000061035156,86.5199966430664,87.80000305175781,79.77057647705078,10920800
2020-10-09,TSM,Taiwan Semiconductor,88.33999633789062,88.80000305175781,87.63999938964844,88.77999877929688,80.66094207763672,7608800
2020-10-12,TSM,Taiwan Semiconductor,89.12000274658203,91.2699966430664,88.68000030517578,90.91000366210938,82.59616088867188,10022000
2020-10-13,TSM,Taiwan Semiconductor,90.5,90.6500015258789,89.43000030517578,89.63999938964844,81.44230651855469,8247000
2020-10-14,TSM,Taiwan Semiconductor,89.6500015258789,89.87999725341797,88.2699966430664,88.5999984741211,80.49740600585938,8159000
2020-10-15,TSM,Taiwan Semiconductor,87.29000091552734,89.48999786376953,87.19000244140625,88.1500015258789,80.08855438232422,10327900
2020-10-16,TSM,Taiwan Semiconductor,88.55000305175781,88.58999633789062,86.44000244140625,86.69999694824219,78.77117919921875,7457200
2020-10-19,TSM,Taiwan Semiconductor,88.33999633789062,89.62000274658203,87.29000091552734,87.55999755859375,79.55252838134766,7994500
2020-10-20,TSM,Taiwan Semiconductor,87.79000091552734,88.9800033569336,87.7699966430664,88.26000213623047,80.18852996826172,7357600
2020-10-21,TSM,Taiwan Semiconductor,88.0,88.87000274658203,87.56999969482422,87.63999938964844,79.62522888183594,7387600
2020-10-22,TSM,Taiwan Semiconductor,88.44000244140625,88.94000244140625,87.87999725341797,88.20999908447266,80.14308166503906,5656200
2020-10-23,TSM,Taiwan Semiconductor,88.25,88.44999694824219,87.43000030517578,88.30999755859375,80.23392486572266,4165400
2020-10-26,TSM,Taiwan Semiconductor,87.20999908447266,87.77999877929688,85.7699966430664,86.7300033569336,78.7984390258789,5568000
2020-10-27,TSM,Taiwan Semiconductor,86.95999908447266,87.22000122070312,85.9800033569336,86.70999908447266,78.78025817871094,5315800
2020-10-28,TSM,Taiwan Semiconductor,85.1500015258789,85.41000366210938,83.83999633789062,83.8499984741211,76.18180084228516,8727300
2020-10-29,TSM,Taiwan Semiconductor,84.2699966430664,85.33000183105469,84.0199966430664,84.88999938964844,77.12670135498047,5845600
2020-10-30,TSM,Taiwan Semiconductor,84.43000030517578,84.75,83.16000366210938,83.87000274658203,76.19998931884766,4963600
2020-11-02,TSM,Taiwan Semiconductor,84.5999984741211,85.95999908447266,84.52999877929688,85.70999908447266,77.87171936035156,6597100
2020-11-03,TSM,Taiwan Semiconductor,86.19000244140625,88.23999786376953,86.05999755859375,87.69000244140625,79.67064666748047,6274700
2020-11-04,TSM,Taiwan Semiconductor,88.72000122070312,89.7699966430664,88.45999908447266,89.44999694824219,81.2696762084961,7620800
2020-11-05,TSM,Taiwan Semiconductor,90.41999816894531,90.95999908447266,89.7699966430664,90.43000030517578,82.16004943847656,6670100
2020-11-06,TSM,Taiwan Semiconductor,89.80999755859375,91.5,89.05000305175781,91.41000366210938,83.0504150390625,6403000
2020-11-09,TSM,Taiwan Semiconductor,92.19999694824219,92.4800033569336,88.94000244140625,89.02999877929688,80.88807678222656,8978000
2020-11-10,TSM,Taiwan Semiconductor,88.4000015258789,88.80000305175781,86.69999694824219,87.66000366210938,79.64339447021484,8350100
2020-11-11,TSM,Taiwan Semiconductor,89.5,91.18000030517578,89.36000061035156,90.87999725341797,82.56889343261719,7707300
2020-11-12,TSM,Taiwan Semiconductor,90.87999725341797,91.88999938964844,89.77999877929688,89.81999969482422,81.60584259033203,7474600
2020-11-13,TSM,Taiwan Semiconductor,91.54000091552734,93.80999755859375,91.20999908447266,93.22000122070312,84.69491577148438,9170900
2020-11-16,TSM,Taiwan Semiconductor,96.41999816894531,102.44000244140625,96.36000061035156,99.2699966430664,90.19163513183594,18436200
2020-11-17,TSM,Taiwan Semiconductor,97.9800033569336,98.08999633789062,95.69000244140625,95.70999908447266,86.95719909667969,10843700
2020-11-18,TSM,Taiwan Semiconductor,98.5199966430664,98.80000305175781,96.37000274658203,96.93000030517578,88.06562042236328,8526600
2020-11-19,TSM,Taiwan Semiconductor,96.7699966430664,96.86000061035156,95.62000274658203,96.61000061035156,87.77488708496094,5542800
2020-11-20,TSM,Taiwan Semiconductor,96.66000366210938,97.19999694824219,95.30000305175781,95.33000183105469,86.61195373535156,5329800
2020-11-23,TSM,Taiwan Semiconductor,97.16000366210938,98.93000030517578,96.8499984741211,98.12999725341797,89.15587615966797,8802400
2020-11-24,TSM,Taiwan Semiconductor,98.48999786376953,98.58999633789062,96.0199966430664,96.63999938964844,87.80215454101562,7022800
2020-11-25,TSM,Taiwan Semiconductor,96.19999694824219,97.98999786376953,96.13999938964844,97.48999786376953,88.57442474365234,5194900
2020-11-27,TSM,Taiwan Semiconductor,98.54000091552734,99.2699966430664,98.05000305175781,98.73999786376953,89.71009063720703,4367100
2020-11-30,TSM,Taiwan Semiconductor,97.55999755859375,97.94999694824219,96.19999694824219,97.0199966430664,88.14737701416016,13840500
2020-12-01,TSM,Taiwan Semiconductor,98.69000244140625,104.30000305175781,98.5199966430664,100.86000061035156,91.63624572753906,16157300
2020-12-02,TSM,Taiwan Semiconductor,102.0,102.04000091552734,99.5199966430664,99.54000091552734,90.43693542480469,8676300
2020-12-03,TSM,Taiwan Semiconductor,101.05999755859375,101.19000244140625,99.43000030517578,99.5,90.40060424804688,7359000
2020-12-04,TSM,Taiwan Semiconductor,101.51000213623047,103.75,100.69999694824219,103.7300033569336,94.2437515258789,10824500
2020-12-07,TSM,Taiwan Semiconductor,106.0199966430664,107.61000061035156,104.97000122070312,106.38999938964844,96.6604995727539,11793000
2020-12-08,TSM,Taiwan Semiconductor,107.77999877929688,107.83999633789062,105.11000061035156,105.63999938964844,95.97908782958984,9876200
2020-12-09,TSM,Taiwan Semiconductor,106.01000213623047,106.5999984741211,103.51000213623047,104.41999816894531,94.87065124511719,8204100
2020-12-10,TSM,Taiwan Semiconductor,103.0,105.11000061035156,102.19999694824219,104.2300033569336,94.69803619384766,7135000
2020-12-11,TSM,Taiwan Semiconductor,104.01000213623047,105.12000274658203,103.22000122070312,104.02999877929688,94.51632690429688,7492600
2020-12-14,TSM,Taiwan Semiconductor,103.7699966430664,104.9000015258789,103.5,103.55999755859375,94.08931732177734,5878000
2020-12-15,TSM,Taiwan Semiconductor,105.68000030517578,106.37999725341797,104.41999816894531,105.08999633789062,95.47937774658203,7399900
2020-12-16,TSM,Taiwan Semiconductor,105.6500015258789,105.66999816894531,103.95999908447266,105.19999694824219,95.5793228149414,5986900
2020-12-17,TSM,Taiwan Semiconductor,104.9000015258789,105.31999969482422,103.8499984741211,103.9000015258789,94.7965087890625,7779300
2020-12-18,TSM,Taiwan Semiconductor,104.0,104.80000305175781,103.16000366210938,104.27999877929688,95.14320373535156,7417000
2020-12-21,TSM,Taiwan Semiconductor,103.55999755859375,104.95999908447266,103.31999969482422,104.83000183105469,95.64501190185547,6116400
2020-12-22,TSM,Taiwan Semiconductor,105.06999969482422,105.22000122070312,102.91000366210938,103.94000244140625,94.83300018310547,5597100
2020-12-23,TSM,Taiwan Semiconductor,104.66999816894531,104.87000274658203,103.5999984741211,103.76000213623047,94.66877746582031,3320800
2020-12-24,TSM,Taiwan Semiconductor,104.76000213623047,106.33999633789062,104.66999816894531,105.97000122070312,96.68515014648438,3172100
2020-12-28,TSM,Taiwan Semiconductor,107.5999984741211,108.16999816894531,105.94999694824219,106.1500015258789,96.8493881225586,5157000
2020-12-29,TSM,Taiwan Semiconductor,107.0,107.1500015258789,105.22000122070312,105.55999755859375,96.3110580444336,4602400
2020-12-30,TSM,Taiwan Semiconductor,107.69999694824219,109.69999694824219,107.4000015258789,108.9000015258789,99.35841369628906,9571800
2020-12-31,TSM,Taiwan Semiconductor,109.66000366210938,109.66999816894531,108.44000244140625,109.04000091552734,99.48614501953125,4909500
2021-01-04,TSM,Taiwan Semiconductor,111.47000122070312,114.0999984741211,110.44999694824219,111.69999694824219,101.91307067871094,11262100
2021-01-05,TSM,Taiwan Semiconductor,112.41000366210938,114.94999694824219,112.01000213623047,112.7699966430664,102.88932800292969,10583600
2021-01-06,TSM,Taiwan Semiconductor,113.8499984741211,116.38999938964844,112.55000305175781,115.61000061035156,105.48051452636719,10609300
2021-01-07,TSM,Taiwan Semiconductor,119.33999633789062,122.94000244140625,117.58999633789062,121.43000030517578,110.79055786132812,13556100
2021-01-08,TSM,Taiwan Semiconductor,125.91000366210938,126.29000091552734,116.9800033569336,118.69000244140625,108.29061889648438,18976800
2021-01-11,TSM,Taiwan Semiconductor,119.73999786376953,123.5999984741211,118.80000305175781,122.5999984741211,111.8580322265625,12006800
2021-01-12,TSM,Taiwan Semiconductor,125.16000366210938,125.19999694824219,121.68000030517578,123.0,112.22299194335938,14163200
2021-01-13,TSM,Taiwan Semiconductor,124.4000015258789,124.80000305175781,118.0,119.2300033569336,108.78333282470703,20650500
2021-01-14,TSM,Taiwan Semiconductor,123.44999694824219,134.64999389648438,121.66999816894531,126.44999694824219,115.3707275390625,37125400
2021-01-15,TSM,Taiwan Semiconductor,128.47000122070312,128.5399932861328,123.20999908447266,125.2300033569336,114.25761413574219,17343100
2021-01-19,TSM,Taiwan Semiconductor,130.58999633789062,134.0500030517578,128.44000244140625,131.3000030517578,119.79576110839844,20443800
2021-01-20,TSM,Taiwan Semiconductor,135.19000244140625,136.1300048828125,130.10000610351562,130.63999938964844,119.193603515625,17360700
2021-01-21,TSM,Taiwan Semiconductor,133.25,135.39999389648438,132.33999633789062,134.16000366210938,122.4051742553711,15460100
2021-01-22,TSM,Taiwan Semiconductor,130.0399932861328,131.25,128.80999755859375,129.13999938964844,117.82502746582031,19163200
2021-01-25,TSM,Taiwan Semiconductor,131.8300018310547,132.1699981689453,127.3499984741211,130.52000427246094,119.08412170410156,20469300
2021-01-26,TSM,Taiwan Semiconductor,129.0500030517578,129.32000732421875,126.25,126.6500015258789,115.55322265625,17084600
2021-01-27,TSM,Taiwan Semiconductor,124.94999694824219,125.0999984741211,121.5,121.73999786376953,111.07339477539062,16732700
2021-01-28,TSM,Taiwan Semiconductor,124.5,127.58000183105469,123.58000183105469,125.83000183105469,114.80504608154297,14148100
2021-01-29,TSM,Taiwan Semiconductor,124.0,124.36000061035156,120.55000305175781,121.5199966430664,110.87268829345703,15169200
2021-02-01,TSM,Taiwan Semiconductor,124.54000091552734,126.8499984741211,123.37999725341797,126.66000366210938,115.56232452392578,10179900
2021-02-02,TSM,Taiwan Semiconductor,129.47000122070312,130.25,127.44999694824219,128.44000244140625,117.18637084960938,9302400
2021-02-03,TSM,Taiwan Semiconductor,129.0,129.13999938964844,126.05999755859375,127.5,116.3287353515625,9676600
2021-02-04,TSM,Taiwan Semiconductor,127.5,128.1999969482422,125.97000122070312,128.14999389648438,116.92176055908203,7445100
2021-02-05,TSM,Taiwan Semiconductor,128.7899932861328,128.8800048828125,126.69999694824219,127.77999877929688,116.58418273925781,6226800
2021-02-08,TSM,Taiwan Semiconductor,128.6999969482422,133.25,128.6999969482422,132.5500030517578,120.93624877929688,11160000
2021-02-09,TSM,Taiwan Semiconductor,133.97999572753906,134.41000366210938,131.75,132.67999267578125,121.05484771728516,7929100
2021-02-10,TSM,Taiwan Semiconductor,134.1199951171875,136.0,132.50999450683594,133.69000244140625,121.97638702392578,12196300
2021-02-11,TSM,Taiwan Semiconductor,135.39999389648438,139.22999572753906,134.05999755859375,139.16000366210938,126.96711730957031,12347900
2021-02-12,TSM,Taiwan Semiconductor,138.9199981689453,139.80999755859375,137.16000366210938,138.05999755859375,125.9634780883789,11114100
2021-02-16,TSM,Taiwan Semiconductor,141.61000061035156,142.1999969482422,139.4199981689453,140.0500030517578,127.77908325195312,11833600
2021-02-17,TSM,Taiwan Semiconductor,139.2100067138672,139.63999938964844,136.10000610351562,136.27000427246094,124.33033752441406,12311200
2021-02-18,TSM,Taiwan Semiconductor,134.85000610351562,135.8800048828125,133.39999389648438,134.6300048828125,122.83401489257812,11614600
2021-02-19,TSM,Taiwan Semiconductor,136.14999389648438,137.9499969482422,135.72000122070312,136.66000366210938,124.68614196777344,10771900
2021-02-22,TSM,Taiwan Semiconductor,133.58999633789062,135.27999877929688,133.17999267578125,133.57000732421875,121.86688995361328,10363800
2021-02-23,TSM,Taiwan Semiconductor,129.10000610351562,131.74000549316406,125.37999725341797,129.10000610351562,117.78852844238281,18444700
2021-02-24,TSM,Taiwan Semiconductor,129.50999450683594,132.3800048828125,127.68000030517578,132.3000030517578,120.70814514160156,12782900
2021-02-25,TSM,Taiwan Semiconductor,131.52000427246094,131.5399932861328,125.72000122070312,126.0,114.96015167236328,13581200
2021-02-26,TSM,Taiwan Semiconductor,125.43000030517578,127.38999938964844,122.83000183105469,125.94000244140625,114.90540313720703,17281000
2021-03-01,TSM,Taiwan Semiconductor,129.6300048828125,130.3000030517578,127.23999786376953,129.1300048828125,117.81588745117188,9714900
2021-03-02,TSM,Taiwan Semiconductor,128.42999267578125,128.52000427246094,126.0,126.0,114.96015167236328,8274500
2021-03-03,TSM,Taiwan Semiconductor,126.72000122070312,127.76000213623047,122.70999908447266,122.88999938964844,112.12263488769531,10660300
2021-03-04,TSM,Taiwan Semiconductor,121.94999694824219,123.1500015258789,113.48999786376953,115.58999633789062,105.46222686767578,24454200
2021-03-05,TSM,Taiwan Semiconductor,120.9000015258789,121.30000305175781,115.37999725341797,120.80000305175781,110.21576690673828,17448700
2021-03-08,TSM,Taiwan Semiconductor,120.54000091552734,121.0,113.69999694824219,113.93000030517578,103.94769287109375,17246900
2021-03-09,TSM,Taiwan Semiconductor,117.06999969482422,118.4000015258789,115.33000183105469,116.37999725341797,106.18301391601562,17717100
2021-03-10,TSM,Taiwan Semiconductor,117.80000305175781,118.02999877929688,113.41000366210938,113.83000183105469,103.8564682006836,15240300
2021-03-11,TSM,Taiwan Semiconductor,118.23999786376953,120.80000305175781,117.06999969482422,120.58000183105469,110.01505279541016,15091600
2021-03-12,TSM,Taiwan Semiconductor,119.0,119.0,117.27999877929688,118.30000305175781,107.934814453125,8171000
2021-03-15,TSM,Taiwan Semiconductor,118.6500015258789,119.11000061035156,116.70999908447266,119.08000183105469,108.64644622802734,8935000
2021-03-16,TSM,Taiwan Semiconductor,119.72000122070312,121.25,118.0999984741211,119.3499984741211,108.89280700683594,10793400
2021-03-17,TSM,Taiwan Semiconductor,117.75,119.5199966430664,115.38999938964844,118.76000213623047,108.76276397705078,9890400
2021-03-18,TSM,Taiwan Semiconductor,118.0,118.33000183105469,114.0999984741211,114.5,104.86135864257812,10283800
2021-03-19,TSM,Taiwan Semiconductor,114.37999725341797,114.88999938964844,113.20999908447266,113.62999725341797,104.0645980834961,11536000
2021-03-22,TSM,Taiwan Semiconductor,114.79000091552734,118.33000183105469,114.79000091552734,117.18000030517578,107.31575012207031,9376400
2021-03-23,TSM,Taiwan Semiconductor,116.0999984741211,116.75,114.62000274658203,114.88999938964844,105.21853637695312,8977400
2021-03-24,TSM,Taiwan Semiconductor,112.47000122070312,114.69000244140625,108.8499984741211,108.95999908447266,99.78772735595703,24196100
2021-03-25,TSM,Taiwan Semiconductor,108.0,112.75,107.88999938964844,110.44999694824219,101.15230560302734,16772400
2021-03-26,TSM,Taiwan Semiconductor,112.0,116.69999694824219,111.19999694824219,116.55999755859375,106.74795532226562,12910900
2021-03-29,TSM,Taiwan Semiconductor,116.55000305175781,116.76000213623047,112.38999938964844,114.38999938964844,104.76062774658203,10863600
2021-03-30,TSM,Taiwan Semiconductor,115.27999877929688,116.08999633789062,114.29000091552734,115.06999969482422,105.38339233398438,8206200
2021-03-31,TSM,Taiwan Semiconductor,115.79000091552734,118.36000061035156,115.55999755859375,118.27999877929688,108.32315063476562,9806500
2021-04-01,TSM,Taiwan Semiconductor,122.80999755859375,124.87999725341797,121.63999938964844,124.80000305175781,114.29432678222656,17904000
2021-04-05,TSM,Taiwan Semiconductor,127.06999969482422,127.4000015258789,122.68000030517578,124.5,114.01956939697266,14113900
2021-04-06,TSM,Taiwan Semiconductor,124.0,124.01000213623047,121.54000091552734,122.44000244140625,112.13298797607422,13042300
2021-04-07,TSM,Taiwan Semiconductor,122.44000244140625,122.61000061035156,119.83999633789062,119.88999938964844,109.79763793945312,11193200
2021-04-08,TSM,Taiwan Semiconductor,121.37999725341797,123.81999969482422,121.37999725341797,123.43000030517578,113.03962707519531,10226700
2021-04-09,TSM,Taiwan Semiconductor,122.75,123.44000244140625,121.69999694824219,122.80000305175781,112.46267700195312,8315200
2021-04-12,TSM,Taiwan Semiconductor,122.20999908447266,122.45999908447266,119.23999786376953,120.9000015258789,110.72260284423828,9868400
2021-04-13,TSM,Taiwan Semiconductor,122.4000015258789,122.9000015258789,120.3499984741211,121.2699966430664,111.06146240234375,8384800
2021-04-14,TSM,Taiwan Semiconductor,121.98999786376953,122.43000030517578,120.5,120.83999633789062,110.66764068603516,9521900
2021-04-15,TSM,Taiwan Semiconductor,121.69999694824219,122.0,116.55999755859375,118.3499984741211,108.38726806640625,18709100
2021-04-16,TSM,Taiwan Semiconductor,119.19000244140625,120.5999984741211,117.8499984741211,118.83999633789062,108.83604431152344,9512100
2021-04-19,TSM,Taiwan Semiconductor,118.0,118.87999725341797,115.19999694824219,115.4000015258789,105.68560791015625,12630300
2021-04-20,TSM,Taiwan Semiconductor,116.05000305175781,116.77999877929688,114.55000305175781,114.94999694824219,105.27349090576172,9299200
2021-04-21,TSM,Taiwan Semiconductor,114.5,117.48999786376953,113.7699966430664,117.4000015258789,107.51725006103516,8472200
2021-04-22,TSM,Taiwan Semiconductor,117.5,117.5,114.41000366210938,115.31999969482422,105.61233520507812,7411800
2021-04-23,TSM,Taiwan Semiconductor,116.58000183105469,118.72000122070312,115.93000030517578,118.63999938964844,108.65286254882812,8380300
2021-04-26,TSM,Taiwan Semiconductor,120.0,121.54000091552734,119.4000015258789,121.5199966430664,111.29043579101562,8444000
2021-04-27,TSM,Taiwan Semiconductor,121.5,121.6500015258789,119.88999938964844,121.2699966430664,111.06146240234375,5491800
2021-04-28,TSM,Taiwan Semiconductor,120.0,120.41999816894531,118.7300033569336,119.66000366210938,109.58699798583984,6476500
2021-04-29,TSM,Taiwan Semiconductor,120.72000122070312,120.83000183105469,117.61000061035156,119.0999984741211,109.07413482666016,8831800
2021-04-30,TSM,Taiwan Semiconductor,118.01000213623047,118.18000030517578,116.6500015258789,116.73999786376953,106.91279602050781,7950700
2021-05-03,TSM,Taiwan Semiconductor,117.47000122070312,117.55000305175781,115.7300033569336,115.94000244140625,106.18014526367188,10229500
2021-05-04,TSM,Taiwan Semiconductor,115.0,115.81999969482422,113.73999786376953,115.36000061035156,105.64896392822266,9638300
2021-05-05,TSM,Taiwan Semiconductor,116.0,116.48999786376953,114.8499984741211,115.37999725341797,105.66728973388672,7059000
2021-05-06,TSM,Taiwan Semiconductor,115.30000305175781,117.63999938964844,114.45999908447266,117.0,107.15091705322266,8581700
2021-05-07,TSM,Taiwan Semiconductor,118.4000015258789,119.41999816894531,116.05000305175781,116.83000183105469,106.99522399902344,9614300
2021-05-10,TSM,Taiwan Semiconductor,114.9800033569336,115.37999725341797,112.2300033569336,112.30999755859375,102.85572052001953,12281200
2021-05-11,TSM,Taiwan Semiconductor,109.7300033569336,112.98999786376953,109.12999725341797,112.8499984741211,103.35027313232422,10007700
2021-05-12,TSM,Taiwan Semiconductor,109.3499984741211,110.08999633789062,108.05999755859375,108.20999908447266,99.10084533691406,15058900
2021-05-13,TSM,Taiwan Semiconductor,109.36000061035156,111.43000030517578,107.9000015258789,108.75,99.59540557861328,10552000
2021-05-14,TSM,Taiwan Semiconductor,110.61000061035156,112.83000183105469,110.23999786376953,112.45999908447266,102.99309539794922,8425200
2021-05-17,TSM,Taiwan Semiconductor,109.06999969482422,110.02999877929688,107.87000274658203,109.80000305175781,100.55702209472656,10688600
2021-05-18,TSM,Taiwan Semiconductor,113.0,113.4800033569336,110.73999786376953,110.83999633789062,101.50947570800781,7476600
2021-05-19,TSM,Taiwan Semiconductor,108.5,112.48999786376953,108.0,112.4000015258789,102.93814086914062,7280500
2021-05-20,TSM,Taiwan Semiconductor,112.38999938964844,113.72000122070312,112.0999984741211,113.27999877929688,103.74407196044922,6442500
2021-05-21,TSM,Taiwan Semiconductor,114.0,114.0,111.69000244140625,111.8499984741211,102.4344482421875,5979400
2021-05-24,TSM,Taiwan Semiconductor,112.26000213623047,114.54000091552734,112.12000274658203,113.62999725341797,104.0645980834961,6653600
2021-05-25,TSM,Taiwan Semiconductor,114.8499984741211,114.94000244140625,113.5999984741211,114.27999877929688,104.65987396240234,5331700
2021-05-26,TSM,Taiwan Semiconductor,114.0,116.0,114.0,116.0,106.23509216308594,6605100
2021-05-27,TSM,Taiwan Semiconductor,116.0,116.52999877929688,115.0,115.7699966430664,106.02445220947266,6513700
2021-05-28,TSM,Taiwan Semiconductor,116.30000305175781,117.83999633789062,115.94999694824219,117.36000061035156,107.48060607910156,5386500
2021-06-01,TSM,Taiwan Semiconductor,119.70999908447266,120.04000091552734,117.43000030517578,118.51000213623047,108.5338134765625,7596100
2021-06-02,TSM,Taiwan Semiconductor,118.9000015258789,119.44999694824219,117.91999816894531,118.94999694824219,108.93677520751953,5383400
2021-06-03,TSM,Taiwan Semiconductor,118.05000305175781,118.26000213623047,116.45999908447266,116.81999969482422,106.986083984375,4912200
2021-06-04,TSM,Taiwan Semiconductor,118.2300033569336,119.8499984741211,118.05000305175781,119.51000213623047,109.44963073730469,5352100
2021-06-07,TSM,Taiwan Semiconductor,118.13999938964844,118.75,117.56999969482422,118.22000122070312,108.26822662353516,6266000
2021-06-08,TSM,Taiwan Semiconductor,117.55000305175781,117.68000030517578,115.05999755859375,115.91999816894531,106.16182708740234,11564800
2021-06-09,TSM,Taiwan Semiconductor,116.0,117.6500015258789,115.97000122070312,117.12999725341797,107.26995849609375,6401600
2021-06-10,TSM,Taiwan Semiconductor,117.04000091552734,118.8499984741211,116.62999725341797,118.23999786376953,108.28652954101562,8566600
2021-06-11,TSM,Taiwan Semiconductor,118.29000091552734,118.41999816894531,117.16000366210938,118.25,108.29569244384766,6036600
2021-06-14,TSM,Taiwan Semiconductor,118.55000305175781,121.0,118.45999908447266,120.98999786376953,110.80504608154297,7610300
2021-06-15,TSM,Taiwan Semiconductor,120.3499984741211,122.0,119.2699966430664,119.44999694824219,109.3946762084961,8196900
2021-06-16,TSM,Taiwan Semiconductor,119.55000305175781,119.9000015258789,117.5,118.0199966430664,108.0850601196289,8059400
2021-06-17,TSM,Taiwan Semiconductor,117.68000030517578,120.23999786376953,117.58999633789062,119.12000274658203,109.51095581054688,7608100
2021-06-18,TSM,Taiwan Semiconductor,117.51000213623047,117.88999938964844,115.20999908447266,115.79000091552734,106.44954681396484,12532800
2021-06-21,TSM,Taiwan Semiconductor,115.37999725341797,115.4000015258789,113.0199966430664,114.13999938964844,104.93265533447266,11116200
2021-06-22,TSM,Taiwan Semiconductor,113.5,114.48999786376953,112.01000213623047,114.33000183105469,105.10733032226562,11792400
2021-06-23,TSM,Taiwan Semiconductor,116.19999694824219,117.41999816894531,115.80999755859375,116.05000305175781,106.6885986328125,8913700
2021-06-24,TSM,Taiwan Semiconductor,116.72000122070312,117.66999816894531,116.2699966430664,117.23999786376953,107.7825927734375,6772200
2021-06-25,TSM,Taiwan Semiconductor,117.44999694824219,117.93000030517578,116.52999877929688,116.52999877929688,107.12986755371094,6712800
2021-06-28,TSM,Taiwan Semiconductor,117.29000091552734,119.94999694824219,117.18000030517578,119.61000061035156,109.96141815185547,11026600
2021-06-29,TSM,Taiwan Semiconductor,119.4000015258789,120.29000091552734,118.41999816894531,120.2300033569336,110.53140258789062,7874900
2021-06-30,TSM,Taiwan Semiconductor,120.16000366210938,120.76000213623047,119.01000213623047,120.16000366210938,110.467041015625,7936400
2021-07-01,TSM,Taiwan Semiconductor,120.0999984741211,120.20999908447266,118.02999877929688,118.41999816894531,108.86740112304688,8295600
2021-07-02,TSM,Taiwan Semiconductor,118.75,119.18000030517578,118.41000366210938,118.91000366210938,109.31787872314453,5144300
2021-07-06,TSM,Taiwan Semiconductor,119.8499984741211,120.95999908447266,118.22000122070312,120.05000305175781,110.36592102050781,7181500
2021-07-07,TSM,Taiwan Semiconductor,120.63999938964844,121.05000305175781,118.20999908447266,118.25,108.71112060546875,7391800
2021-07-08,TSM,Taiwan Semiconductor,115.87000274658203,118.27999877929688,115.37999725341797,117.87000274658203,108.36177062988281,7565400
2021-07-09,TSM,Taiwan Semiconductor,118.0,120.79000091552734,117.62000274658203,120.55999755859375,110.83478546142578,8374200
2021-07-12,TSM,Taiwan Semiconductor,121.19000244140625,122.7300033569336,119.5199966430664,122.62999725341797,112.73780822753906,10668700
2021-07-13,TSM,Taiwan Semiconductor,123.19000244140625,125.4800033569336,122.12999725341797,123.9000015258789,113.90535736083984,13460200
2021-07-14,TSM,Taiwan Semiconductor,125.1500015258789,125.77999877929688,124.06999969482422,124.38999938964844,114.35580444335938,10587700
2021-07-15,TSM,Taiwan Semiconductor,120.12000274658203,120.69999694824219,116.87000274658203,117.52999877929688,108.04920959472656,23734500
2021-07-16,TSM,Taiwan Semiconductor,118.75,118.98999786376953,115.16999816894531,115.73999786376953,106.4035873413086,12110000
2021-07-19,TSM,Taiwan Semiconductor,114.0,115.62000274658203,113.2300033569336,115.3499984741211,106.0450439453125,9230200
2021-07-20,TSM,Taiwan Semiconductor,115.87999725341797,116.87000274658203,114.43000030517578,116.4000015258789,107.0103530883789,7108000
2021-07-21,TSM,Taiwan Semiconductor,116.2300033569336,117.87000274658203,115.93000030517578,117.87000274658203,108.36177062988281,5564700
2021-07-22,TSM,Taiwan Semiconductor,118.08999633789062,118.08999633789062,116.20999908447266,116.55999755859375,107.15743255615234,5746500
2021-07-23,TSM,Taiwan Semiconductor,117.6500015258789,117.6500015258789,115.33000183105469,116.79000091552734,107.368896484375,5773900
2021-07-26,TSM,Taiwan Semiconductor,115.79000091552734,116.0999984741211,114.87000274658203,115.6500015258789,106.32084655761719,6440600
2021-07-27,TSM,Taiwan Semiconductor,115.31999969482422,115.4000015258789,112.05000305175781,113.54000091552734,104.38105010986328,11127500
2021-07-28,TSM,Taiwan Semiconductor,113.94000244140625,115.51000213623047,113.87999725341797,115.06999969482422,105.78762817382812,6819700
2021-07-29,TSM,Taiwan Semiconductor,116.0,117.11000061035156,115.61000061035156,116.1500015258789,106.780517578125,7162000
2021-07-30,TSM,Taiwan Semiconductor,115.5,117.41999816894531,115.19000244140625,116.63999938964844,107.23098754882812,6482600
2021-08-02,TSM,Taiwan Semiconductor,117.5,118.37999725341797,116.66000366210938,116.86000061035156,107.43324279785156,6028800
2021-08-03,TSM,Taiwan Semiconductor,117.30999755859375,118.63999938964844,116.83999633789062,118.41000366210938,108.85821533203125,5874700
2021-08-04,TSM,Taiwan Semiconductor,118.43000030517578,119.55000305175781,118.27999877929688,118.73999786376953,109.16158294677734,4254000
2021-08-05,TSM,Taiwan Semiconductor,119.06999969482422,119.23999786376953,118.23999786376953,119.22000122070312,109.60287475585938,4452300
2021-08-06,TSM,Taiwan Semiconductor,118.37000274658203,118.5999984741211,117.44999694824219,118.20999908447266,108.67433166503906,4338100
2021-08-09,TSM,Taiwan Semiconductor,118.41999816894531,118.79000091552734,117.31999969482422,118.22000122070312,108.68354034423828,4280200
2021-08-10,TSM,Taiwan Semiconductor,118.5,119.05000305175781,114.08000183105469,116.36000061035156,106.97357940673828,5132800
2021-08-11,TSM,Taiwan Semiconductor,116.5,117.29000091552734,115.19999694824219,115.98999786376953,106.6334228515625,4490400
2021-08-12,TSM,Taiwan Semiconductor,115.55000305175781,115.94999694824219,114.44000244140625,115.69999694824219,106.3668212890625,6338400
2021-08-13,TSM,Taiwan Semiconductor,115.06999969482422,115.5199966430664,114.48999786376953,115.5,106.18295288085938,4593200
2021-08-16,TSM,Taiwan Semiconductor,115.0999984741211,115.4800033569336,114.0999984741211,114.62999725341797,105.38314056396484,5435900
2021-08-17,TSM,Taiwan Semiconductor,113.7300033569336,113.8499984741211,110.75,111.11000061035156,102.14708709716797,13398800
2021-08-18,TSM,Taiwan Semiconductor,111.73999786376953,113.0,110.37999725341797,110.44999694824219,101.54031372070312,9167300
2021-08-19,TSM,Taiwan Semiconductor,109.0,110.97000122070312,107.68000030517578,110.5199966430664,101.60468292236328,12146900
2021-08-20,TSM,Taiwan Semiconductor,109.13999938964844,109.70999908447266,107.7300033569336,108.12000274658203,99.39827728271484,13042000
2021-08-23,TSM,Taiwan Semiconductor,110.08000183105469,111.33000183105469,109.2699966430664,110.95999908447266,102.00917053222656,9533500
2021-08-24,TSM,Taiwan Semiconductor,111.81999969482422,113.06999969482422,111.80000305175781,112.11000061035156,103.06639862060547,6719800
2021-08-25,TSM,Taiwan Semiconductor,115.70999908447266,119.18000030517578,115.61000061035156,117.02999877929688,107.58952331542969,22106800
2021-08-26,TSM,Taiwan Semiconductor,117.9800033569336,118.45999908447266,116.3499984741211,118.0999984741211,108.57323455810547,9892100
2021-08-27,TSM,Taiwan Semiconductor,118.33000183105469,119.30000305175781,117.69000244140625,118.48999786376953,108.9317626953125,6827700
2021-08-30,TSM,Taiwan Semiconductor,118.87999725341797,119.5,118.47000122070312,118.98999786376953,109.39141845703125,6434200
2021-08-31,TSM,Taiwan Semiconductor,120.01000213623047,120.80000305175781,118.69999694824219,119.01000213623047,109.40982055664062,8424900
2021-09-01,TSM,Taiwan Semiconductor,120.22000122070312,121.36000061035156,119.55999755859375,120.45999908447266,110.74284362792969,8603900
2021-09-02,TSM,Taiwan Semiconductor,120.94000244140625,121.38999938964844,120.45999908447266,120.79000091552734,111.0462417602539,6866400
2021-09-03,TSM,Taiwan Semiconductor,121.58000183105469,124.4800033569336,121.26000213623047,123.97000122070312,113.96971130371094,10361400
2021-09-07,TSM,Taiwan Semiconductor,124.62000274658203,125.27999877929688,123.88999938964844,124.69999694824219,114.64082336425781,9739900
2021-09-08,TSM,Taiwan Semiconductor,122.97000122070312,123.13999938964844,121.2300033569336,121.88999938964844,112.0574951171875,7983300
2021-09-09,TSM,Taiwan Semiconductor,122.19000244140625,123.48999786376953,121.87999725341797,122.68000030517578,112.78377532958984,5101300
2021-09-10,TSM,Taiwan Semiconductor,123.0199966430664,124.33999633789062,122.88999938964844,122.97000122070312,113.05038452148438,5163900
2021-09-13,TSM,Taiwan Semiconductor,122.94000244140625,124.0999984741211,122.19999694824219,123.62000274658203,113.6479263305664,6622800
2021-09-14,TSM,Taiwan Semiconductor,123.62999725341797,123.62999725341797,122.4000015258789,123.08999633789062,113.16068267822266,5110500
2021-09-15,TSM,Taiwan Semiconductor,122.41000366210938,122.5,120.87999725341797,121.5,111.69895935058594,5566500
2021-09-16,TSM,Taiwan Semiconductor,120.0,121.12999725341797,119.3499984741211,120.79000091552734,111.50234985351562,7301400
2021-09-17,TSM,Taiwan Semiconductor,120.19000244140625,120.47000122070312,117.69000244140625,117.75,108.69608306884766,10722700
2021-09-20,TSM,Taiwan Semiconductor,115.19999694824219,116.01000213623047,113.55000305175781,114.69999694824219,105.88060760498047,8991000
2021-09-21,TSM,Taiwan Semiconductor,115.6500015258789,115.87000274658203,114.55000305175781,114.95999908447266,106.12059783935547,8182200
2021-09-22,TSM,Taiwan Semiconductor,115.2300033569336,116.23999786376953,114.91000366210938,115.87000274658203,106.96063995361328,5345600
2021-09-23,TSM,Taiwan Semiconductor,116.97000122070312,116.97000122070312,115.58999633789062,116.19000244140625,107.25603485107422,5484700
2021-09-24,TSM,Taiwan Semiconductor,116.0,116.55999755859375,115.52999877929688,115.63999938964844,106.74833679199219,4455900
2021-09-27,TSM,Taiwan Semiconductor,115.69999694824219,116.56999969482422,115.01000213623047,116.1500015258789,107.21910858154297,5198800
2021-09-28,TSM,Taiwan Semiconductor,114.33000183105469,115.04000091552734,111.8499984741211,111.9000015258789,103.29588317871094,9792300
2021-09-29,TSM,Taiwan Semiconductor,112.30000305175781,112.8499984741211,111.0199966430664,111.62000274658203,103.03742980957031,6522400
2021-09-30,TSM,Taiwan Semiconductor,112.43000030517578,113.3499984741211,111.6500015258789,111.6500015258789,103.06511688232422,6433400
2021-10-01,TSM,Taiwan Semiconductor,112.0,112.30000305175781,110.30000305175781,111.55999755859375,102.98202514648438,5315200
2021-10-04,TSM,Taiwan Semiconductor,111.0,111.43000030517578,108.5199966430664,109.0199966430664,100.6373291015625,8514500
2021-10-05,TSM,Taiwan Semiconductor,109.80000305175781,110.3499984741211,109.22000122070312,109.26000213623047,100.85889434814453,8039600
2021-10-06,TSM,Taiwan Semiconductor,108.44000244140625,109.5199966430664,107.58000183105469,109.33999633789062,100.9327392578125,7553600
2021-10-07,TSM,Taiwan Semiconductor,111.0,111.70999908447266,110.48999786376953,110.83000183105469,102.30817413330078,7821900
2021-10-08,TSM,Taiwan Semiconductor,110.9800033569336,111.06999969482422,109.51000213623047,110.04000091552734,101.57891845703125,5143400
2021-10-11,TSM,Taiwan Semiconductor,110.08000183105469,111.70999908447266,109.9000015258789,110.26000213623047,101.78199768066406,5318500
2021-10-12,TSM,Taiwan Semiconductor,110.47000122070312,111.02999877929688,108.55999755859375,109.19999694824219,100.80349731445312,9294600
2021-10-13,TSM,Taiwan Semiconductor,109.31999969482422,110.05000305175781,108.94999694824219,109.9800033569336,101.52352905273438,7845100
2021-10-14,TSM,Taiwan Semiconductor,114.13999938964844,114.73999786376953,111.16000366210938,112.55999755859375,103.90514373779297,16930500
2021-10-15,TSM,Taiwan Semiconductor,114.77999877929688,114.94999694824219,112.95999908447266,114.86000061035156,106.02830505371094,11558800
2021-10-18,TSM,Taiwan Semiconductor,113.41999816894531,115.3499984741211,113.41999816894531,115.33999633789062,106.47138977050781,6773800
2021-10-19,TSM,Taiwan Semiconductor,115.80000305175781,116.9800033569336,115.62999725341797,116.95999908447266,107.96682739257812,5406100
2021-10-20,TSM,Taiwan Semiconductor,116.87999725341797,117.02999877929688,115.55000305175781,115.58999633789062,106.7021484375,8205800
2021-10-21,TSM,Taiwan Semiconductor,115.01000213623047,116.3499984741211,114.61000061035156,116.29000091552734,107.34833526611328,4640300
2021-10-22,TSM,Taiwan Semiconductor,116.23999786376953,117.1500015258789,114.2300033569336,114.2300033569336,105.44672393798828,6283000
2021-10-25,TSM,Taiwan Semiconductor,114.4000015258789,114.55000305175781,113.11000061035156,113.63999938964844,104.90210723876953,6667700
2021-10-26,TSM,Taiwan Semiconductor,114.94000244140625,115.30000305175781,113.72000122070312,114.18000030517578,105.40059661865234,4852300
2021-10-27,TSM,Taiwan Semiconductor,114.02999877929688,115.05999755859375,113.70999908447266,113.75,105.00364685058594,5394500
2021-10-28,TSM,Taiwan Semiconductor,113.66000366210938,116.0199966430664,113.54000091552734,116.01000213623047,107.0898666381836,5714300
2021-10-29,TSM,Taiwan Semiconductor,114.06999969482422,114.19000244140625,113.22000122070312,113.69999694824219,104.95747375488281,7118900
2021-11-01,TSM,Taiwan Semiconductor,113.58000183105469,114.33999633789062,113.3499984741211,114.12000274658203,105.3451919555664,4955700
2021-11-02,TSM,Taiwan Semiconductor,113.58999633789062,114.80000305175781,113.54000091552734,114.11000061035156,105.33595275878906,4479700
2021-11-03,TSM,Taiwan Semiconductor,113.44000244140625,114.0999984741211,112.7300033569336,114.01000213623047,105.24365997314453,6073000
2021-11-04,TSM,Taiwan Semiconductor,113.37000274658203,117.8499984741211,112.41000366210938,117.79000091552734,108.73299407958984,14682800
2021-11-05,TSM,Taiwan Semiconductor,118.16999816894531,119.52999877929688,116.25,117.80000305175781,108.74224853515625,8668100
2021-11-08,TSM,Taiwan Semiconductor,118.38999938964844,122.25,117.05000305175781,120.91000366210938,111.61310577392578,15776300
2021-11-09,TSM,Taiwan Semiconductor,121.25,123.2699966430664,120.16999816894531,121.77999877929688,112.41620635986328,10874100
2021-11-10,TSM,Taiwan Semiconductor,119.5999984741211,120.80000305175781,117.68000030517578,118.19999694824219,109.11148071289062,9046100
2021-11-11,TSM,Taiwan Semiconductor,119.26000213623047,120.47000122070312,117.80000305175781,118.19000244140625,109.10224914550781,6994000
2021-11-12,TSM,Taiwan Semiconductor,118.38999938964844,118.81999969482422,117.2699966430664,118.69000244140625,109.56378936767578,6947200
2021-11-15,TSM,Taiwan Semiconductor,119.31999969482422,119.63999938964844,117.51000213623047,118.12000274658203,109.03764343261719,5157000
2021-11-16,TSM,Taiwan Semiconductor,117.69000244140625,118.37999725341797,117.16000366210938,118.08000183105469,109.00070190429688,5555100
2021-11-17,TSM,Taiwan Semiconductor,118.0,119.55000305175781,117.51000213623047,119.05999755859375,109.90535736083984,6391400
2021-11-18,TSM,Taiwan Semiconductor,119.97000122070312,123.55999755859375,119.80000305175781,123.38999938964844,113.90239715576172,13229700
2021-11-19,TSM,Taiwan Semiconductor,122.02999877929688,124.80000305175781,122.0199966430664,124.26000213623047,114.70551300048828,9071800
2021-11-22,TSM,Taiwan Semiconductor,123.5,128.08999633789062,123.20999908447266,124.75,115.1578369140625,16076100
2021-11-23,TSM,Taiwan Semiconductor,122.72000122070312,123.19999694824219,119.5199966430664,121.36000061035156,112.02850341796875,10984000
2021-11-24,TSM,Taiwan Semiconductor,120.0,120.87000274658203,118.4000015258789,120.70999908447266,111.4284896850586,6992600
2021-11-26,TSM,Taiwan Semiconductor,117.5,119.04000091552734,116.5199966430664,117.08999633789062,108.08683776855469,6766900
2021-11-29,TSM,Taiwan Semiconductor,118.36000061035156,119.87999725341797,117.9000015258789,119.27999877929688,110.10842895507812,7634000
2021-11-30,TSM,Taiwan Semiconductor,118.0999984741211,120.16999816894531,115.76000213623047,117.1500015258789,108.14222717285156,10561800
2021-12-01,TSM,Taiwan Semiconductor,119.22000122070312,123.51000213623047,119.22000122070312,120.62999725341797,111.35465240478516,12924400
2021-12-02,TSM,Taiwan Semiconductor,120.3499984741211,123.4000015258789,120.0199966430664,121.69999694824219,112.34235382080078,8425500
2021-12-03,TSM,Taiwan Semiconductor,121.0,121.8499984741211,117.9800033569336,119.33000183105469,110.15460205078125,7809000
2021-12-06,TSM,Taiwan Semiconductor,118.88999938964844,119.5,116.58000183105469,119.13999938964844,109.97920227050781,5681200
2021-12-07,TSM,Taiwan Semiconductor,120.54000091552734,122.58000183105469,120.26000213623047,122.31999969482422,112.91468811035156,7459200
2021-12-08,TSM,Taiwan Semiconductor,121.62999725341797,122.22000122070312,120.11000061035156,121.80000305175781,112.43468475341797,5795700
2021-12-09,TSM,Taiwan Semiconductor,121.18000030517578,122.08999633789062,119.48999786376953,119.5,110.3115234375,6103900
2021-12-10,TSM,Taiwan Semiconductor,120.0,120.79000091552734,118.23999786376953,119.12999725341797,109.969970703125,5973900
2021-12-13,TSM,Taiwan Semiconductor,118.86000061035156,119.02999877929688,116.38999938964844,116.41999816894531,107.46833801269531,5854300
2021-12-14,TSM,Taiwan Semiconductor,115.44000244140625,116.9800033569336,115.25,116.29000091552734,107.34833526611328,6267300
2021-12-15,TSM,Taiwan Semiconductor,116.79000091552734,120.51000213623047,116.4800033569336,120.4000015258789,111.142333984375,6700700
2021-12-16,TSM,Taiwan Semiconductor,120.33999633789062,120.75,116.13999938964844,116.56999969482422,108.05193328857422,9116100
2021-12-17,TSM,Taiwan Semiconductor,116.29000091552734,117.48999786376953,115.93000030517578,116.31999969482422,107.82019805908203,11725600
2021-12-20,TSM,Taiwan Semiconductor,115.91999816894531,116.62000274658203,113.91000366210938,114.94000244140625,106.54103088378906,6980800
2021-12-21,TSM,Taiwan Semiconductor,116.06999969482422,117.5,115.08000183105469,117.44000244140625,108.85836029052734,6122900
2021-12-22,TSM,Taiwan Semiconductor,116.91999816894531,121.44000244140625,116.83000183105469,121.30000305175781,112.4363021850586,9300100
2021-12-23,TSM,Taiwan Semiconductor,120.95999908447266,121.79000091552734,119.83999633789062,120.68000030517578,111.86161041259766,6512500
2021-12-27,TSM,Taiwan Semiconductor,121.22000122070312,123.26000213623047,121.19999694824219,122.69999694824219,113.7340087890625,6309900
2021-12-28,TSM,Taiwan Semiconductor,123.37999725341797,123.66000366210938,121.87000274658203,122.05999755859375,113.14075469970703,6321000
2021-12-29,TSM,Taiwan Semiconductor,121.80000305175781,123.1500015258789,120.97000122070312,121.41000366210938,112.53828430175781,5847700
2021-12-30,TSM,Taiwan Semiconductor,121.0,121.55000305175781,120.19000244140625,120.41999816894531,111.62061309814453,4187800
2021-12-31,TSM,Taiwan Semiconductor,121.3499984741211,121.75,120.22000122070312,120.30999755859375,111.51866149902344,3888200
2022-01-03,TSM,Taiwan Semiconductor,124.12999725341797,129.58999633789062,124.0,128.8000030517578,119.38825988769531,18592000
2022-01-04,TSM,Taiwan Semiconductor,130.8699951171875,135.5,130.3000030517578,133.39999389648438,123.65213012695312,25554900
2022-01-05,TSM,Taiwan Semiconductor,130.7100067138672,130.8800048828125,126.87999725341797,127.05999755859375,117.77540588378906,17891200
2022-01-06,TSM,Taiwan Semiconductor,127.0,129.0,124.80999755859375,128.47000122070312,119.08238983154297,16249000
2022-01-07,TSM,Taiwan Semiconductor,126.55000305175781,127.13999938964844,123.30999755859375,123.5,114.47554779052734,21248100
2022-01-10,TSM,Taiwan Semiconductor,125.11000061035156,125.87000274658203,123.26000213623047,125.01000213623047,115.87521362304688,11857700
2022-01-11,TSM,Taiwan Semiconductor,126.54000091552734,129.5500030517578,125.5,129.1699981689453,119.731201171875,12113100
2022-01-12,TSM,Taiwan Semiconductor,130.5,132.9199981689453,130.22000122070312,132.22999572753906,122.5676040649414,16389200
2022-01-13,TSM,Taiwan Semiconductor,140.75,145.0,138.9199981689453,139.19000244140625,129.01907348632812,52020000
2022-01-14,TSM,Taiwan Semiconductor,136.08999633789062,143.8800048828125,136.08999633789062,140.66000366210938,130.381591796875,28255300
2022-01-18,TSM,Taiwan Semiconductor,136.75,137.17999267578125,133.2899932861328,133.8300018310547,124.05073547363281,15191400
2022-01-19,TSM,Taiwan Semiconductor,134.6199951171875,135.89999389648438,130.94000244140625,131.00999450683594,121.43677520751953,11155100
2022-01-20,TSM,Taiwan Semiconductor,131.9199981689453,132.75,128.1999969482422,128.3300018310547,118.95260620117188,11421900
2022-01-21,TSM,Taiwan Semiconductor,127.08000183105469,127.9800033569336,124.2699966430664,124.52999877929688,115.4302749633789,15573700
2022-01-24,TSM,Taiwan Semiconductor,123.7699966430664,126.06999969482422,120.12999725341797,125.95999908447266,116.75580596923828,17083400
2022-01-25,TSM,Taiwan Semiconductor,125.48999786376953,125.81999969482422,121.69999694824219,122.4800033569336,113.53009033203125,11370500
2022-01-26,TSM,Taiwan Semiconductor,125.37999725341797,126.66999816894531,121.88999938964844,123.08000183105469,114.08621978759766,13592100
2022-01-27,TSM,Taiwan Semiconductor,124.0,124.13999938964844,116.02999877929688,116.37999725341797,107.8758316040039,18599800
2022-01-28,TSM,Taiwan Semiconductor,118.70999908447266,119.5999984741211,114.19000244140625,117.61000061035156,109.01594543457031,14005900
2022-01-31,TSM,Taiwan Semiconductor,119.5199966430664,122.7699966430664,118.80999755859375,122.62999725341797,113.66910552978516,10189100
2022-02-01,TSM,Taiwan Semiconductor,122.9000015258789,123.23999786376953,120.0999984741211,123.05000305175781,114.05843353271484,6956300
2022-02-02,TSM,Taiwan Semiconductor,126.2300033569336,126.47000122070312,122.55000305175781,124.1500015258789,115.07805633544922,8562900
2022-02-03,TSM,Taiwan Semiconductor,121.44999694824219,123.87999725341797,119.25,119.83999633789062,111.08300018310547,9926800
2022-02-04,TSM,Taiwan Semiconductor,120.44000244140625,121.83000183105469,119.38999938964844,121.0199966430664,112.17676544189453,5743200
2022-02-07,TSM,Taiwan Semiconductor,122.55999755859375,124.0999984741211,121.87999725341797,122.30999755859375,113.37248992919922,6562900
2022-02-08,TSM,Taiwan Semiconductor,122.0,123.86000061035156,121.61000061035156,123.70999908447266,114.67019653320312,7036200
2022-02-09,TSM,Taiwan Semiconductor,124.87999725341797,125.55000305175781,122.76000213623047,125.5199966430664,116.34793853759766,10979700
2022-02-10,TSM,Taiwan Semiconductor,124.80000305175781,128.66000366210938,124.36000061035156,124.70999908447266,115.59712219238281,10474900
2022-02-11,TSM,Taiwan Semiconductor,125.5,126.58000183105469,120.44999694824219,121.01000213623047,112.16749572753906,9845700
2022-02-14,TSM,Taiwan Semiconductor,119.94999694824219,121.55000305175781,118.0,119.7699966430664,111.01809692382812,8081800
2022-02-15,TSM,Taiwan Semiconductor,122.0199966430664,124.61000061035156,121.45999908447266,124.5199966430664,115.42100524902344,9248700
2022-02-16,TSM,Taiwan Semiconductor,123.13999938964844,124.29000091552734,121.56999969482422,123.5999984741211,114.56822967529297,5749500
2022-02-17,TSM,Taiwan Semiconductor,122.48999786376953,122.75,119.6500015258789,119.76000213623047,111.00884246826172,7976700
2022-02-18,TSM,Taiwan Semiconductor,120.5199966430664,120.69000244140625,118.44999694824219,119.30999755859375,110.59173583984375,8389000
2022-02-22,TSM,Taiwan Semiconductor,117.5,119.36000061035156,115.72000122070312,116.91000366210938,108.36710357666016,9793500
2022-02-23,TSM,Taiwan Semiconductor,118.55000305175781,119.43000030517578,115.76000213623047,115.9000015258789,107.430908203125,8114700
2022-02-24,TSM,Taiwan Semiconductor,108.0,111.9800033569336,104.37999725341797,111.87999725341797,103.70464324951172,27539100
2022-02-25,TSM,Taiwan Semiconductor,112.29000091552734,113.0,109.36000061035156,111.2300033569336,103.10214233398438,14258900
2022-02-28,TSM,Taiwan Semiconductor,109.37000274658203,109.7699966430664,105.0,107.01000213623047,99.19051361083984,26390800
2022-03-01,TSM,Taiwan Semiconductor,110.0,111.11000061035156,107.05000305175781,108.05000305175781,100.15452575683594,20377900
2022-03-02,TSM,Taiwan Semiconductor,108.4000015258789,109.97000122070312,107.86000061035156,109.61000061035156,101.60054016113281,13342400
2022-03-03,TSM,Taiwan Semiconductor,109.91000366210938,110.0,107.5999984741211,108.79000091552734,100.84043884277344,10841700
2022-03-04,TSM,Taiwan Semiconductor,107.0,108.12000274658203,103.80999755859375,105.05999755859375,97.38300323486328,22372100
2022-03-07,TSM,Taiwan Semiconductor,103.29000091552734,104.08999633789062,99.05999755859375,99.29000091552734,92.03463745117188,29422900
2022-03-08,TSM,Taiwan Semiconductor,100.20999908447266,103.11000061035156,98.62000274658203,100.0,92.69276428222656,25650000
2022-03-09,TSM,Taiwan Semiconductor,104.51000213623047,105.72000122070312,102.76000213623047,104.94999694824219,97.28103637695312,14348400
2022-03-10,TSM,Taiwan Semiconductor,104.19000244140625,105.52999877929688,102.5199966430664,103.95999908447266,96.3633804321289,11811000
2022-03-11,TSM,Taiwan Semiconductor,105.36000061035156,105.36000061035156,101.30000305175781,101.41000366210938,93.9997329711914,18116400
2022-03-14,TSM,Taiwan Semiconductor,101.5199966430664,101.86000061035156,99.06999969482422,99.30000305175781,92.04391479492188,17959400
2022-03-15,TSM,Taiwan Semiconductor,98.02999877929688,102.13999938964844,97.62000274658203,102.08999633789062,94.63003540039062,13415600
2022-03-16,TSM,Taiwan Semiconductor,102.98999786376953,105.79000091552734,102.80999755859375,105.69000244140625,98.43943786621094,20347100
2022-03-17,TSM,Taiwan Semiconductor,105.75,106.52999877929688,104.75,106.48999786376953,99.18456268310547,8042000
2022-03-18,TSM,Taiwan Semiconductor,105.70999908447266,107.04000091552734,104.88999938964844,106.72000122070312,99.39878845214844,10218200
2022-03-21,TSM,Taiwan Semiconductor,106.72000122070312,107.22000122070312,105.12999725341797,106.91999816894531,99.58506774902344,10366100
2022-03-22,TSM,Taiwan Semiconductor,106.38999938964844,107.95999908447266,106.2300033569336,107.04000091552734,99.69683837890625,10401200
2022-03-23,TSM,Taiwan Semiconductor,106.5,108.19000244140625,105.3499984741211,105.3499984741211,98.12277221679688,12905300
2022-03-24,TSM,Taiwan Semiconductor,106.77999877929688,107.9800033569336,105.83000183105469,107.91999816894531,100.5164566040039,10834000
2022-03-25,TSM,Taiwan Semiconductor,107.69000244140625,107.9800033569336,105.83999633789062,106.7300033569336,99.4081039428711,7432100
2022-03-28,TSM,Taiwan Semiconductor,105.62000274658203,106.72000122070312,104.61000061035156,106.33000183105469,99.03555297851562,8151200
2022-03-29,TSM,Taiwan Semiconductor,107.91999816894531,109.76000213623047,106.79000091552734,109.25,101.75521850585938,14076200
2022-03-30,TSM,Taiwan Semiconductor,107.79000091552734,109.33999633789062,106.51000213623047,106.7300033569336,99.4081039428711,15456300
2022-03-31,TSM,Taiwan Semiconductor,106.95999908447266,107.1500015258789,104.19000244140625,104.26000213623047,97.10755157470703,13021600
2022-04-01,TSM,Taiwan Semiconductor,105.7699966430664,105.94999694824219,102.20999908447266,102.79000091552734,95.73839569091797,12085100
2022-04-04,TSM,Taiwan Semiconductor,104.0199966430664,105.56999969482422,103.27999877929688,104.79000091552734,97.6011734008789,9077200
2022-04-05,TSM,Taiwan Semiconductor,104.4800033569336,104.5999984741211,102.11000061035156,102.5,95.4682846069336,12291000
2022-04-06,TSM,Taiwan Semiconductor,100.41999816894531,102.13999938964844,99.72000122070312,101.18000030517578,94.23884582519531,14902600
2022-04-07,TSM,Taiwan Semiconductor,100.41999816894531,101.2300033569336,99.6500015258789,100.5199966430664,93.6241226196289,12431000
2022-04-08,TSM,Taiwan Semiconductor,100.62000274658203,100.69999694824219,99.12000274658203,99.29000091552734,92.47850036621094,11796200
2022-04-11,TSM,Taiwan Semiconductor,98.22000122070312,98.37999725341797,96.91000366210938,97.56999969482422,90.8764877319336,12480500
2022-04-12,TSM,Taiwan Semiconductor,100.0,100.1500015258789,97.44000244140625,97.44000244140625,90.75542449951172,13291500
2022-04-13,TSM,Taiwan Semiconductor,99.80000305175781,102.22000122070312,99.5,101.5,94.5368881225586,15776800
2022-04-14,TSM,Taiwan Semiconductor,104.0,104.5,98.33000183105469,98.36000061035156,91.61229705810547,17828500
2022-04-18,TSM,Taiwan Semiconductor,97.94999694824219,99.83999633789062,97.47000122070312,98.7699966430664,91.99415588378906,10277400
2022-04-19,TSM,Taiwan Semiconductor,98.44000244140625,99.44999694824219,97.70999908447266,99.44999694824219,92.62752532958984,10103000
2022-04-20,TSM,Taiwan Semiconductor,100.4000015258789,101.0,98.9000015258789,99.01000213623047,92.21770477294922,8596900
2022-04-21,TSM,Taiwan Semiconductor,99.75,100.6500015258789,97.41000366210938,97.66000366210938,90.96033477783203,13038500
2022-04-22,TSM,Taiwan Semiconductor,97.02999877929688,97.79000091552734,95.36000061035156,95.68000030517578,89.11614990234375,11650100
2022-04-25,TSM,Taiwan Semiconductor,95.05000305175781,96.27999877929688,94.44999694824219,96.23999786376953,89.63773345947266,10654400
2022-04-26,TSM,Taiwan Semiconductor,94.94000244140625,95.0199966430664,92.7699966430664,92.7699966430664,86.40579223632812,14176000
2022-04-27,TSM,Taiwan Semiconductor,91.83999633789062,92.69000244140625,90.22000122070312,90.26000213623047,84.06797790527344,15846300
2022-04-28,TSM,Taiwan Semiconductor,92.16000366210938,96.19999694824219,91.77999877929688,95.22000122070312,88.6877212524414,15176200
2022-04-29,TSM,Taiwan Semiconductor,93.18000030517578,95.58999633789062,92.7699966430664,92.93000030517578,86.55481719970703,10629300
2022-05-02,TSM,Taiwan Semiconductor,92.5,94.2699966430664,91.23999786376953,93.76000213623047,87.3278579711914,8251900
2022-05-03,TSM,Taiwan Semiconductor,92.77999877929688,94.05000305175781,92.51000213623047,93.62999725341797,87.20677185058594,9511900
2022-05-04,TSM,Taiwan Semiconductor,93.91000366210938,96.06999969482422,91.91999816894531,95.98999786376953,89.40489196777344,9082500
2022-05-05,TSM,Taiwan Semiconductor,94.04000091552734,94.37999725341797,91.22000122070312,92.1500015258789,85.82833099365234,11517200
2022-05-06,TSM,Taiwan Semiconductor,91.4000015258789,92.87999725341797,90.2699966430664,91.62999725341797,85.3439712524414,7944900
2022-05-09,TSM,Taiwan Semiconductor,89.94000244140625,90.19000244140625,87.01000213623047,87.30000305175781,81.31103515625,11428600
2022-05-10,TSM,Taiwan Semiconductor,90.0199966430664,90.29000091552734,88.08999633789062,88.81999969482422,82.72676086425781,11690400
2022-05-11,TSM,Taiwan Semiconductor,88.87000274658203,90.56999969482422,87.80000305175781,87.83000183105469,81.80465698242188,11531300
2022-05-12,TSM,Taiwan Semiconductor,86.22000122070312,88.20999908447266,85.38999938964844,87.69000244140625,81.67428588867188,11592900
2022-05-13,TSM,Taiwan Semiconductor,88.87000274658203,91.36000061035156,88.16000366210938,90.95999908447266,84.71996307373047,11180600
2022-05-16,TSM,Taiwan Semiconductor,89.87000274658203,91.37000274658203,89.5,90.41000366210938,84.20769500732422,6729100
2022-05-17,TSM,Taiwan Semiconductor,93.30000305175781,93.48999786376953,92.37000274658203,93.31999969482422,86.91805267333984,7668800
2022-05-18,TSM,Taiwan Semiconductor,92.06999969482422,93.2300033569336,90.37000274658203,90.52999877929688,84.31947326660156,9610900
2022-05-19,TSM,Taiwan Semiconductor,89.83999633789062,92.0999984741211,89.55999755859375,90.20999908447266,84.02139282226562,7739000
2022-05-20,TSM,Taiwan Semiconductor,93.04000091552734,93.04000091552734,88.83000183105469,90.77999877929688,84.55230712890625,10469900
2022-05-23,TSM,Taiwan Semiconductor,91.0199966430664,91.91000366210938,90.6500015258789,91.5,85.222900390625,6920500
2022-05-24,TSM,Taiwan Semiconductor,89.5199966430664,89.80000305175781,88.5199966430664,88.72000122070312,82.63361358642578,8788600
2022-05-25,TSM,Taiwan Semiconductor,89.33000183105469,90.91999816894531,89.04000091552734,90.41000366210938,84.20769500732422,9113500
2022-05-26,TSM,Taiwan Semiconductor,89.41000366210938,91.37000274658203,89.04000091552734,91.0,84.75720977783203,9762700
2022-05-27,TSM,Taiwan Semiconductor,92.62000274658203,93.81999969482422,92.52999877929688,93.7699966430664,87.33717346191406,6279000
2022-05-31,TSM,Taiwan Semiconductor,95.54000091552734,96.29000091552734,94.51000213623047,95.30000305175781,88.7622299194336,9621700
2022-06-01,TSM,Taiwan Semiconductor,95.5999984741211,96.36000061035156,93.83000183105469,94.75,88.24994659423828,6152400
2022-06-02,TSM,Taiwan Semiconductor,93.98999786376953,96.37000274658203,93.62000274658203,96.33999633789062,89.73087310791016,6335000
2022-06-03,TSM,Taiwan Semiconductor,94.36000061035156,94.58000183105469,92.9000015258789,93.7699966430664,87.33717346191406,9137100
2022-06-06,TSM,Taiwan Semiconductor,95.0,95.54000091552734,92.87000274658203,93.11000061035156,86.72246551513672,9440200
2022-06-07,TSM,Taiwan Semiconductor,92.66999816894531,93.86000061035156,91.7699966430664,93.83999633789062,87.40237426757812,7360200
2022-06-08,TSM,Taiwan Semiconductor,94.0,94.93000030517578,93.13999938964844,93.47000122070312,87.05776977539062,6446300
2022-06-09,TSM,Taiwan Semiconductor,93.0,93.5,90.80000305175781,90.8499984741211,84.61751556396484,8086700
2022-06-10,TSM,Taiwan Semiconductor,90.54000091552734,90.72000122070312,88.62999725341797,88.68000030517578,82.59638214111328,10460400
2022-06-13,TSM,Taiwan Semiconductor,86.05999755859375,86.83000183105469,85.0199966430664,85.55000305175781,79.68108367919922,14603700
2022-06-14,TSM,Taiwan Semiconductor,86.73999786376953,87.87999725341797,86.29000091552734,87.19000244140625,81.20858764648438,10449600
2022-06-15,TSM,Taiwan Semiconductor,87.51000213623047,89.80999755859375,87.37000274658203,89.12999725341797,83.01551055908203,11742500
2022-06-16,TSM,Taiwan Semiconductor,85.22000122070312,85.93000030517578,83.98999786376953,84.5199966430664,79.13639068603516,10505200
2022-06-17,TSM,Taiwan Semiconductor,85.0,85.5999984741211,83.94999694824219,85.0,79.5858383178711,9735500
2022-06-21,TSM,Taiwan Semiconductor,86.0,87.75,86.0,86.94999694824219,81.4115982055664,9604000
2022-06-22,TSM,Taiwan Semiconductor,84.63999938964844,86.18000030517578,84.55000305175781,84.91000366210938,79.50155639648438,7868700
2022-06-23,TSM,Taiwan Semiconductor,84.12999725341797,84.2300033569336,82.76000213623047,84.12000274658203,78.76188659667969,10370300
2022-06-24,TSM,Taiwan Semiconductor,84.1500015258789,86.55000305175781,84.1500015258789,85.91999816894531,80.44720458984375,10670100
2022-06-27,TSM,Taiwan Semiconductor,86.91999816894531,87.0,85.58000183105469,85.86000061035156,80.39102935791016,7358000
2022-06-28,TSM,Taiwan Semiconductor,86.1500015258789,86.80999755859375,84.33999633789062,84.33999633789062,78.96784973144531,8289200
2022-06-29,TSM,Taiwan Semiconductor,84.43000030517578,84.61000061035156,83.33000183105469,83.6500015258789,78.3218002319336,7981300
2022-06-30,TSM,Taiwan Semiconductor,81.45999908447266,82.22000122070312,80.12000274658203,81.75,76.54281616210938,14201600
2022-07-01,TSM,Taiwan Semiconductor,79.04000091552734,79.22000122070312,76.18000030517578,77.0,72.09539031982422,19531700
2022-07-05,TSM,Taiwan Semiconductor,74.55000305175781,76.1500015258789,73.73999786376953,76.11000061035156,71.26206970214844,22253100
2022-07-06,TSM,Taiwan Semiconductor,74.29000091552734,76.30000305175781,73.77999877929688,75.55999755859375,70.74710083007812,11530500
2022-07-07,TSM,Taiwan Semiconductor,78.5999984741211,80.95999908447266,78.33999633789062,80.6500015258789,75.51290893554688,15847800
2022-07-08,TSM,Taiwan Semiconductor,79.91999816894531,82.16000366210938,79.76000213623047,81.51000213623047,76.31813049316406,10004200
2022-07-11,TSM,Taiwan Semiconductor,79.7699966430664,80.2699966430664,78.81999969482422,79.11000061035156,74.07099151611328,9519600
2022-07-12,TSM,Taiwan Semiconductor,81.16000366210938,81.4800033569336,78.93000030517578,79.0999984741211,74.06161499023438,10363700
2022-07-13,TSM,Taiwan Semiconductor,79.27999877929688,81.72000122070312,78.9000015258789,81.29000091552734,76.11213684082031,14706500
2022-07-14,TSM,Taiwan Semiconductor,82.94999694824219,84.04000091552734,80.51000213623047,83.66999816894531,78.34053802490234,23377000
2022-07-15,TSM,Taiwan Semiconductor,85.58000183105469,86.04000091552734,83.97000122070312,85.62999725341797,80.17566680908203,14061000
2022-07-18,TSM,Taiwan Semiconductor,86.05999755859375,86.08000183105469,83.37000274658203,83.58000183105469,78.25626373291016,11352500
2022-07-19,TSM,Taiwan Semiconductor,85.0,86.47000122070312,84.55999755859375,86.1500015258789,80.66256713867188,10673100
2022-07-20,TSM,Taiwan Semiconductor,85.18000030517578,86.75,85.11000061035156,86.55999755859375,81.04644775390625,11664800
2022-07-21,TSM,Taiwan Semiconductor,86.68000030517578,87.80000305175781,86.4000015258789,87.79000091552734,82.1980972290039,7135000
2022-07-22,TSM,Taiwan Semiconductor,87.41000366210938,87.7300033569336,85.80000305175781,86.31999969482422,80.82173919677734,8612100
2022-07-25,TSM,Taiwan Semiconductor,86.30000305175781,86.69999694824219,85.62999725341797,86.30000305175781,80.80301666259766,5960900
2022-07-26,TSM,Taiwan Semiconductor,84.76000213623047,85.19999694824219,83.8499984741211,84.41999816894531,79.04275512695312,6977700
2022-07-27,TSM,Taiwan Semiconductor,85.30999755859375,87.9000015258789,85.30999755859375,87.62999725341797,82.04827880859375,9399500
2022-07-28,TSM,Taiwan Semiconductor,87.12999725341797,88.62000274658203,86.44999694824219,88.61000061035156,82.96587371826172,10668200
2022-07-29,TSM,Taiwan Semiconductor,87.81999969482422,89.20999908447266,87.79000091552734,88.4800033569336,82.84415435791016,10366200
2022-08-01,TSM,Taiwan Semiconductor,85.30000305175781,86.88999938964844,84.30000305175781,86.30999755859375,80.8123550415039,20102600
2022-08-02,TSM,Taiwan Semiconductor,84.5199966430664,87.51000213623047,84.16999816894531,86.05000305175781,80.5689468383789,15541600
2022-08-03,TSM,Taiwan Semiconductor,85.95999908447266,86.7699966430664,84.55999755859375,86.51000213623047,80.99961853027344,20779400
2022-08-04,TSM,Taiwan Semiconductor,87.0,88.41999816894531,86.62000274658203,88.41999816894531,82.7879638671875,13472500
2022-08-05,TSM,Taiwan Semiconductor,88.02999877929688,90.9800033569336,88.01000213623047,89.7699966430664,84.0519790649414,13293500
2022-08-08,TSM,Taiwan Semiconductor,88.9800033569336,89.0999984741211,86.91000366210938,87.94000244140625,82.33854675292969,12120300
2022-08-09,TSM,Taiwan Semiconductor,86.94000244140625,87.13999938964844,84.44000244140625,85.20999908447266,79.78243255615234,13075000
2022-08-10,TSM,Taiwan Semiconductor,86.80999755859375,88.66999816894531,86.30999755859375,88.66999816894531,83.02204895019531,10704600
2022-08-11,TSM,Taiwan Semiconductor,89.95999908447266,91.0,89.30999755859375,89.5199966430664,83.81788635253906,11158800
2022-08-12,TSM,Taiwan Semiconductor,89.68000030517578,91.3499984741211,89.63999938964844,90.86000061035156,85.0725326538086,12098800
2022-08-15,TSM,Taiwan Semiconductor,90.01000213623047,91.94000244140625,90.0,91.56999969482422,85.7373275756836,15949500
2022-08-16,TSM,Taiwan Semiconductor,91.13999938964844,91.3499984741211,88.56999969482422,89.94999694824219,84.22050476074219,10566100
2022-08-17,TSM,Taiwan Semiconductor,89.0,89.7699966430664,88.4800033569336,89.19999694824219,83.51830291748047,9093100
2022-08-18,TSM,Taiwan Semiconductor,88.70999908447266,89.66999816894531,88.41999816894531,89.2699966430664,83.58383178710938,10947700
2022-08-19,TSM,Taiwan Semiconductor,88.5,88.58999633789062,87.0199966430664,87.19999694824219,81.64569091796875,9602800
2022-08-22,TSM,Taiwan Semiconductor,85.41000366210938,86.02999877929688,84.94000244140625,85.23999786376953,79.81053161621094,8054000
2022-08-23,TSM,Taiwan Semiconductor,85.16000366210938,86.5999984741211,84.98999786376953,86.02999877929688,80.55018615722656,8462500
2022-08-24,TSM,Taiwan Semiconductor,85.80000305175781,86.12999725341797,85.19999694824219,85.55999755859375,80.11014556884766,7085800
2022-08-25,TSM,Taiwan Semiconductor,86.33000183105469,87.58999633789062,86.01000213623047,87.56999969482422,81.99210357666016,6602100
2022-08-26,TSM,Taiwan Semiconductor,87.5,87.79000091552734,84.6500015258789,84.73999786376953,79.34236907958984,9381500
2022-08-29,TSM,Taiwan Semiconductor,83.91000366210938,84.31999969482422,82.77999877929688,82.8499984741211,77.57275390625,9639700
2022-08-30,TSM,Taiwan Semiconductor,83.77999877929688,83.9800033569336,81.7300033569336,82.79000091552734,77.51658630371094,8392300
2022-08-31,TSM,Taiwan Semiconductor,84.11000061035156,84.87000274658203,83.05999755859375,83.3499984741211,78.0409164428711,8887100
2022-09-01,TSM,Taiwan Semiconductor,81.44999694824219,81.83000183105469,80.12000274658203,81.63999938964844,76.43983459472656,11566000
2022-09-02,TSM,Taiwan Semiconductor,81.55000305175781,82.9800033569336,80.61000061035156,80.9000015258789,75.7469711303711,8850100
2022-09-06,TSM,Taiwan Semiconductor,81.02999877929688,81.02999877929688,79.5199966430664,80.02999877929688,74.93238067626953,12704400
2022-09-07,TSM,Taiwan Semiconductor,78.38999938964844,80.18000030517578,78.2300033569336,79.94999694824219,74.85748291015625,9843500
2022-09-08,TSM,Taiwan Semiconductor,79.01000213623047,80.73999786376953,78.7699966430664,80.23999786376953,75.12899780273438,8181700
2022-09-09,TSM,Taiwan Semiconductor,80.83000183105469,81.66000366210938,80.73999786376953,81.52999877929688,76.33683776855469,7084700
2022-09-12,TSM,Taiwan Semiconductor,81.97000122070312,82.5,81.76000213623047,82.1500015258789,76.9173583984375,7903000
2022-09-13,TSM,Taiwan Semiconductor,80.41999816894531,81.13999938964844,78.5199966430664,78.80999755859375,73.79010009765625,12835100
2022-09-14,TSM,Taiwan Semiconductor,79.73999786376953,80.16000366210938,78.9800033569336,79.66000366210938,74.58595275878906,8849600
2022-09-15,TSM,Taiwan Semiconductor,78.58000183105469,79.25,77.66999816894531,77.9800033569336,73.42589569091797,10533100
2022-09-16,TSM,Taiwan Semiconductor,77.11000061035156,78.0,76.91999816894531,77.88999938964844,73.3411636352539,10604500
2022-09-19,TSM,Taiwan Semiconductor,76.55000305175781,78.2300033569336,76.55000305175781,78.2300033569336,73.66131591796875,10378600
2022-09-20,TSM,Taiwan Semiconductor,77.54000091552734,78.44000244140625,77.51000213623047,78.1500015258789,73.58596801757812,8202800
2022-09-21,TSM,Taiwan Semiconductor,77.58000183105469,79.30999755859375,77.13999938964844,77.13999938964844,72.63494873046875,10869000
2022-09-22,TSM,Taiwan Semiconductor,76.44999694824219,76.75,75.36000061035156,75.62999725341797,71.21311950683594,10817900
2022-09-23,TSM,Taiwan Semiconductor,74.30000305175781,74.38999938964844,73.08999633789062,73.87000274658203,69.55592346191406,12685500
2022-09-26,TSM,Taiwan Semiconductor,73.47000122070312,74.19000244140625,72.91999816894531,73.01000213623047,68.74615478515625,13441500
2022-09-27,TSM,Taiwan Semiconductor,73.51000213623047,74.04000091552734,72.3499984741211,73.02999877929688,68.7649917602539,12430600
2022-09-28,TSM,Taiwan Semiconductor,71.11000061035156,72.29000091552734,70.69999694824219,72.12999725341797,67.91753387451172,12943600
2022-09-29,TSM,Taiwan Semiconductor,70.5199966430664,70.68000030517578,68.4800033569336,69.27999877929688,65.2339859008789,16120300
2022-09-30,TSM,Taiwan Semiconductor,67.80999755859375,69.6500015258789,67.73999786376953,68.55999755859375,64.55603790283203,10472400
2022-10-03,TSM,Taiwan Semiconductor,68.08000183105469,69.56999969482422,67.6500015258789,69.25,65.20573425292969,11945100
2022-10-04,TSM,Taiwan Semiconductor,70.80000305175781,72.93000030517578,70.72000122070312,72.80999755859375,68.5578384399414,14900700
2022-10-05,TSM,Taiwan Semiconductor,72.91999816894531,74.91000366210938,72.58000183105469,74.4800033569336,70.13031005859375,14037100
2022-10-06,TSM,Taiwan Semiconductor,73.97000122070312,74.91999816894531,73.86000061035156,74.3499984741211,70.00790405273438,11796800
2022-10-07,TSM,Taiwan Semiconductor,71.80999755859375,72.02999877929688,69.75,69.75,65.67654418945312,14758600
2022-10-10,TSM,Taiwan Semiconductor,69.8499984741211,69.87999725341797,67.01000213623047,67.44000244140625,63.501441955566406,16042200
2022-10-11,TSM,Taiwan Semiconductor,64.19999694824219,64.91000366210938,62.619998931884766,63.45000076293945,59.74446487426758,28699300
2022-10-12,TSM,Taiwan Semiconductor,63.599998474121094,64.2300033569336,63.369998931884766,64.11000061035156,60.36591720581055,16468700
2022-10-13,TSM,Taiwan Semiconductor,63.060001373291016,70.19999694824219,62.31999969482422,66.62000274658203,62.72933578491211,36639300
2022-10-14,TSM,Taiwan Semiconductor,67.26000213623047,67.44999694824219,63.779998779296875,63.91999816894531,60.187007904052734,19440900
2022-10-17,TSM,Taiwan Semiconductor,64.9800033569336,65.3499984741211,64.04000091552734,64.88999938964844,61.10037612915039,11280100
2022-10-18,TSM,Taiwan Semiconductor,65.9000015258789,66.11000061035156,62.779998779296875,63.709999084472656,59.98928451538086,16656100
2022-10-19,TSM,Taiwan Semiconductor,62.7400016784668,64.11000061035156,62.16999816894531,63.65999984741211,59.94219970703125,12385200
2022-10-20,TSM,Taiwan Semiconductor,63.75,65.27999877929688,63.380001068115234,63.58000183105469,59.86687469482422,11300900
2022-10-21,TSM,Taiwan Semiconductor,62.02000045776367,63.779998779296875,62.02000045776367,63.75,60.02695083618164,13699000
2022-10-24,TSM,Taiwan Semiconductor,60.58000183105469,61.619998931884766,59.68000030517578,61.290000915527344,57.71061325073242,25010800
2022-10-25,TSM,Taiwan Semiconductor,59.959999084472656,61.36000061035156,59.5099983215332,61.13999938964844,57.569366455078125,21700600
2022-10-26,TSM,Taiwan Semiconductor,60.86000061035156,61.97999954223633,60.43000030517578,60.84000015258789,57.286903381347656,14006000
2022-10-27,TSM,Taiwan Semiconductor,61.849998474121094,62.45000076293945,60.90999984741211,60.95000076293945,57.39047622680664,12937600
2022-10-28,TSM,Taiwan Semiconductor,60.77000045776367,62.029998779296875,60.06999969482422,62.0099983215332,58.38855743408203,11972300
2022-10-31,TSM,Taiwan Semiconductor,61.59000015258789,62.27000045776367,61.06999969482422,61.54999923706055,57.95542526245117,10802800
2022-11-01,TSM,Taiwan Semiconductor,63.2599983215332,63.43000030517578,61.58000183105469,61.58000183105469,57.98366928100586,11561900
2022-11-02,TSM,Taiwan Semiconductor,62.5,62.88999938964844,60.52000045776367,60.52000045776367,56.98558807373047,16547200
2022-11-03,TSM,Taiwan Semiconductor,60.0,60.88999938964844,59.43000030517578,60.279998779296875,56.75959777832031,11040900
2022-11-04,TSM,Taiwan Semiconductor,61.5099983215332,62.5,61.02000045776367,62.47999954223633,58.831111907958984,14662800
2022-11-07,TSM,Taiwan Semiconductor,62.619998931884766,62.93000030517578,61.970001220703125,62.7599983215332,59.09476089477539,8507100
2022-11-08,TSM,Taiwan Semiconductor,64.37000274658203,65.75,64.22000122070312,65.0199966430664,61.2227783203125,14102800
2022-11-09,TSM,Taiwan Semiconductor,66.52999877929688,66.5999984741211,64.94999694824219,65.0,61.203941345214844,15086800
2022-11-10,TSM,Taiwan Semiconductor,67.73999786376953,70.87000274658203,67.31999969482422,70.83999633789062,66.70289611816406,21367900
2022-11-11,TSM,Taiwan Semiconductor,72.73999786376953,74.5999984741211,72.37999725341797,73.83000183105469,69.51826477050781,15524700
2022-11-14,TSM,Taiwan Semiconductor,73.23999786376953,73.68000030517578,72.23999786376953,72.80000305175781,68.54843139648438,11575300
2022-11-15,TSM,Taiwan Semiconductor,81.91999816894531,82.93000030517578,80.01000213623047,80.45999908447266,75.76107025146484,48742400
2022-11-16,TSM,Taiwan Semiconductor,80.55999755859375,80.56999969482422,78.9000015258789,79.44999694824219,74.8100357055664,24006600
2022-11-17,TSM,Taiwan Semiconductor,79.30000305175781,82.94000244140625,78.69000244140625,81.4800033569336,76.72151184082031,24278400
2022-11-18,TSM,Taiwan Semiconductor,82.77999877929688,82.83999633789062,81.0,82.2699966430664,77.4653549194336,18578400
2022-11-21,TSM,Taiwan Semiconductor,80.80999755859375,81.02999877929688,79.47000122070312,79.93000030517578,75.26200103759766,18659700
2022-11-22,TSM,Taiwan Semiconductor,81.3499984741211,83.19000244140625,81.2300033569336,82.54000091552734,77.71958923339844,16504700
2022-11-23,TSM,Taiwan Semiconductor,82.44000244140625,82.94999694824219,81.7300033569336,81.97000122070312,77.1828842163086,14683800
2022-11-25,TSM,Taiwan Semiconductor,82.13999938964844,82.37000274658203,81.4000015258789,81.4000015258789,76.64617156982422,5908300
2022-11-28,TSM,Taiwan Semiconductor,80.2699966430664,81.08000183105469,78.88999938964844,79.22000122070312,74.5934829711914,13214200
2022-11-29,TSM,Taiwan Semiconductor,79.91000366210938,80.20999908447266,78.95999908447266,79.33000183105469,74.69705963134766,11502300
2022-11-30,TSM,Taiwan Semiconductor,80.62999725341797,83.43000030517578,80.47000122070312,82.9800033569336,78.1339111328125,21667300
2022-12-01,TSM,Taiwan Semiconductor,83.04000091552734,83.62999725341797,81.13999938964844,82.68000030517578,77.8514175415039,15975100
2022-12-02,TSM,Taiwan Semiconductor,81.80999755859375,82.16000366210938,81.1500015258789,81.5,76.74032592773438,10519800
2022-12-05,TSM,Taiwan Semiconductor,81.94000244140625,82.18000030517578,80.94999694824219,81.62000274658203,76.85332489013672,11523300
2022-12-06,TSM,Taiwan Semiconductor,81.4000015258789,81.44000244140625,79.16000366210938,79.55999755859375,74.91361999511719,13992100
2022-12-07,TSM,Taiwan Semiconductor,79.0,79.70999908447266,78.58999633789062,79.23999786376953,74.61231994628906,14925300
2022-12-08,TSM,Taiwan Semiconductor,79.44999694824219,80.97000122070312,79.0999984741211,80.80000305175781,76.08123016357422,11197500
2022-12-09,TSM,Taiwan Semiconductor,80.8499984741211,82.19000244140625,80.69000244140625,80.69000244140625,75.9776382446289,13787900
2022-12-12,TSM,Taiwan Semiconductor,79.79000091552734,80.43000030517578,78.80000305175781,80.43000030517578,75.7328109741211,11516600
2022-12-13,TSM,Taiwan Semiconductor,82.08999633789062,82.08999633789062,79.62999725341797,80.51000213623047,75.80814361572266,16938000
2022-12-14,TSM,Taiwan Semiconductor,80.81999969482422,81.51000213623047,79.5199966430664,80.0199966430664,75.34674835205078,17910000
2022-12-15,TSM,Taiwan Semiconductor,79.20999908447266,79.20999908447266,77.38999938964844,77.61000061035156,73.49170684814453,17080200
2022-12-16,TSM,Taiwan Semiconductor,77.61000061035156,78.05999755859375,76.2300033569336,76.30000305175781,72.25121307373047,11929100
2022-12-19,TSM,Taiwan Semiconductor,76.91999816894531,77.12000274658203,75.76000213623047,76.0999984741211,72.06182861328125,12561300
2022-12-20,TSM,Taiwan Semiconductor,75.11000061035156,76.19999694824219,74.9000015258789,75.62000274658203,71.60731506347656,12080600
2022-12-21,TSM,Taiwan Semiconductor,75.86000061035156,77.41999816894531,75.7699966430664,77.13999938964844,73.04663848876953,10806100
2022-12-22,TSM,Taiwan Semiconductor,76.27999877929688,76.43000030517578,74.0199966430664,75.27999877929688,71.28533935546875,13019700
2022-12-23,TSM,Taiwan Semiconductor,74.88999938964844,75.3499984741211,74.16999816894531,74.88999938964844,70.91605377197266,7452600
2022-12-27,TSM,Taiwan Semiconductor,74.33000183105469,74.73999786376953,74.16000366210938,74.31999969482422,70.37628936767578,8974800
2022-12-28,TSM,Taiwan Semiconductor,74.19000244140625,74.55000305175781,72.83999633789062,73.05999755859375,69.18315124511719,10275700
2022-12-29,TSM,Taiwan Semiconductor,74.3499984741211,76.04000091552734,74.1500015258789,76.0,71.9671401977539,11142500
2022-12-30,TSM,Taiwan Semiconductor,74.29000091552734,74.56999969482422,73.6500015258789,74.48999786376953,70.53728485107422,7784100
2023-01-03,TSM,Taiwan Semiconductor,75.8499984741211,75.97000122070312,73.7699966430664,74.02999877929688,70.1016845703125,9276200
2023-01-04,TSM,Taiwan Semiconductor,74.98999786376953,76.61000061035156,74.47000122070312,76.31999969482422,72.27017974853516,12316400
2023-01-05,TSM,Taiwan Semiconductor,76.0,76.44000244140625,75.33999633789062,75.7300033569336,71.71146392822266,10039200
2023-01-06,TSM,Taiwan Semiconductor,76.5,78.73999786376953,76.1500015258789,78.06999969482422,73.92731475830078,13744100
2023-01-09,TSM,Taiwan Semiconductor,80.55999755859375,81.22000122070312,80.05999755859375,80.30999755859375,76.04844665527344,22247600
2023-01-10,TSM,Taiwan Semiconductor,80.51000213623047,81.58000183105469,80.45999908447266,81.2699966430664,76.95750427246094,10269000
2023-01-11,TSM,Taiwan Semiconductor,81.56999969482422,81.88999938964844,80.62999725341797,81.77999877929688,77.4404525756836,11771400
2023-01-12,TSM,Taiwan Semiconductor,84.95999908447266,88.83000183105469,84.41999816894531,87.0,82.38345336914062,36086800
2023-01-13,TSM,Taiwan Semiconductor,85.41000366210938,87.0999984741211,84.9000015258789,86.80000305175781,82.19406127929688,18719900
2023-01-17,TSM,Taiwan Semiconductor,86.22000122070312,89.7300033569336,86.16000366210938,88.98999786376953,84.26785278320312,21850000
2023-01-18,TSM,Taiwan Semiconductor,90.4800033569336,91.22000122070312,89.36000061035156,89.47000122070312,84.72238159179688,19209800
2023-01-19,TSM,Taiwan Semiconductor,89.02999877929688,90.01000213623047,88.26000213623047,88.4000015258789,83.70916748046875,13651100
2023-01-20,TSM,Taiwan Semiconductor,90.0,91.02999877929688,89.19999694824219,91.02999877929688,86.19959259033203,14287200
2023-01-23,TSM,Taiwan Semiconductor,91.76000213623047,95.7300033569336,91.72000122070312,95.66000366210938,90.58393096923828,22875100
2023-01-24,TSM,Taiwan Semiconductor,95.79000091552734,98.0,91.55000305175781,94.55999755859375,89.54229736328125,11370500
2023-01-25,TSM,Taiwan Semiconductor,92.68000030517578,93.0,91.12000274658203,92.41000366210938,87.5063705444336,14147300
2023-01-26,TSM,Taiwan Semiconductor,93.88999938964844,94.27999877929688,92.63999938964844,93.44999694824219,88.49118041992188,15759400
2023-01-27,TSM,Taiwan Semiconductor,92.81999969482422,94.12000274658203,92.23999786376953,93.30000305175781,88.34916687011719,13646600
2023-01-30,TSM,Taiwan Semiconductor,92.8499984741211,94.25,92.58000183105469,93.12999725341797,88.18817138671875,14079800
2023-01-31,TSM,Taiwan Semiconductor,91.0,92.76000213623047,90.0,92.7300033569336,87.80939483642578,13342100
2023-02-01,TSM,Taiwan Semiconductor,93.0,95.7699966430664,92.56999969482422,94.73999786376953,89.71272277832031,16788500
2023-02-02,TSM,Taiwan Semiconductor,96.5999984741211,97.5,95.83999633789062,96.6500015258789,91.5213851928711,14925300
2023-02-03,TSM,Taiwan Semiconductor,95.04000091552734,96.94999694824219,94.30999755859375,94.66000366210938,89.63697814941406,12242200
2023-02-06,TSM,Taiwan Semiconductor,91.80000305175781,92.05000305175781,90.73999786376953,91.83000183105469,86.95716094970703,12425200
2023-02-07,TSM,Taiwan Semiconductor,91.77999877929688,94.69999694824219,91.68000030517578,94.55000305175781,89.53282165527344,15258900
2023-02-08,TSM,Taiwan Semiconductor,95.0199966430664,95.94000244140625,94.2300033569336,94.27999877929688,89.27713775634766,12899700
2023-02-09,TSM,Taiwan Semiconductor,96.0,98.56999969482422,95.62000274658203,96.69000244140625,91.55924987792969,16997400
2023-02-10,TSM,Taiwan Semiconductor,95.94999694824219,96.5,94.25,95.37000274658203,90.30931091308594,11511400
2023-02-13,TSM,Taiwan Semiconductor,95.47000122070312,96.38999938964844,94.91000366210938,96.11000061035156,91.0100326538086,7803500
2023-02-14,TSM,Taiwan Semiconductor,95.81999969482422,98.98999786376953,95.22000122070312,97.95999908447266,92.76187133789062,15345100
2023-02-15,TSM,Taiwan Semiconductor,92.33000183105469,93.68000030517578,90.7699966430664,92.76000213623047,87.83779907226562,30208300
2023-02-16,TSM,Taiwan Semiconductor,90.9800033569336,91.79000091552734,89.87999725341797,90.81999969482422,86.00074768066406,15568400
2023-02-17,TSM,Taiwan Semiconductor,89.97000122070312,90.30000305175781,88.94000244140625,90.0999984741211,85.31896209716797,11235300
2023-02-21,TSM,Taiwan Semiconductor,88.37999725341797,89.41999816894531,87.4800033569336,87.63999938964844,82.98949432373047,14007600
2023-02-22,TSM,Taiwan Semiconductor,87.75,88.08999633789062,86.66000366210938,86.83000183105469,82.22246551513672,10106400
2023-02-23,TSM,Taiwan Semiconductor,90.30000305175781,91.98999786376953,89.45999908447266,90.08000183105469,85.30001831054688,15468300
2023-02-24,TSM,Taiwan Semiconductor,88.08999633789062,88.1500015258789,87.23999786376953,88.11000061035156,83.43453979492188,8817600
2023-02-27,TSM,Taiwan Semiconductor,88.69999694824219,88.8499984741211,87.23999786376953,87.30000305175781,82.66753387451172,10609400
2023-02-28,TSM,Taiwan Semiconductor,87.13999938964844,88.1500015258789,86.9000015258789,87.06999969482422,82.44973754882812,7520400
2023-03-01,TSM,Taiwan Semiconductor,89.04000091552734,90.04000091552734,88.2699966430664,88.41999816894531,83.72809600830078,8176700
2023-03-02,TSM,Taiwan Semiconductor,87.63999938964844,89.33999633789062,87.12000274658203,89.02999877929688,84.30572509765625,9761600
2023-03-03,TSM,Taiwan Semiconductor,88.66999816894531,89.8499984741211,87.87999725341797,89.79000091552734,85.02540588378906,10844000
2023-03-06,TSM,Taiwan Semiconductor,90.08000183105469,91.33000183105469,89.51000213623047,89.58000183105469,84.8265380859375,9960000
2023-03-07,TSM,Taiwan Semiconductor,89.94999694824219,90.23999786376953,88.30000305175781,88.8499984741211,84.13526153564453,8761100
2023-03-08,TSM,Taiwan Semiconductor,88.3499984741211,90.83999633789062,88.13999938964844,90.83000183105469,86.01021575927734,8813000
2023-03-09,TSM,Taiwan Semiconductor,89.70999908447266,90.69000244140625,88.56999969482422,88.87999725341797,84.1636734008789,10354700
2023-03-10,TSM,Taiwan Semiconductor,88.02999877929688,89.16999816894531,87.19999694824219,87.25,82.62017822265625,11928800
2023-03-13,TSM,Taiwan Semiconductor,86.37999725341797,89.0,86.30999755859375,87.73999786376953,83.08418273925781,11847600
2023-03-14,TSM,Taiwan Semiconductor,88.02999877929688,89.62999725341797,87.70999908447266,89.29000091552734,84.55194854736328,11100100
2023-03-15,TSM,Taiwan Semiconductor,87.19999694824219,87.23999786376953,85.44000244140625,86.69999694824219,82.09935760498047,12171500
2023-03-16,TSM,Taiwan Semiconductor,85.94999694824219,89.47000122070312,85.81999969482422,89.30000305175781,85.00161743164062,13184600
2023-03-17,TSM,Taiwan Semiconductor,89.05999755859375,90.02999877929688,89.0,89.47000122070312,85.16342163085938,13287700
2023-03-20,TSM,Taiwan Semiconductor,89.20999908447266,90.37000274658203,88.66000366210938,90.04000091552734,85.70598602294922,8217500
2023-03-21,TSM,Taiwan Semiconductor,91.0,93.0,90.80000305175781,92.5,88.04756927490234,12299700
2023-03-22,TSM,Taiwan Semiconductor,93.5,95.02999877929688,92.54000091552734,92.62000274658203,88.16178894042969,12812400
2023-03-23,TSM,Taiwan Semiconductor,94.48999786376953,95.81999969482422,93.43000030517578,94.58999633789062,90.03697204589844,11169700
2023-03-24,TSM,Taiwan Semiconductor,93.94999694824219,94.18000030517578,92.08999633789062,92.79000091552734,88.3236083984375,7653700
2023-03-27,TSM,Taiwan Semiconductor,92.04000091552734,92.18000030517578,90.55000305175781,90.66000366210938,86.296142578125,9349800
2023-03-28,TSM,Taiwan Semiconductor,90.66000366210938,90.87000274658203,89.91999816894531,90.80999755859375,86.43891143798828,7521300
2023-03-29,TSM,Taiwan Semiconductor,91.76000213623047,93.22000122070312,91.44999694824219,92.76000213623047,88.29505920410156,9264000
2023-03-30,TSM,Taiwan Semiconductor,93.3499984741211,93.5199966430664,92.02999877929688,92.47000122070312,88.01902770996094,10232800
2023-03-31,TSM,Taiwan Semiconductor,91.23999786376953,93.26000213623047,91.12999725341797,93.0199966430664,88.54254150390625,8701800
2023-04-03,TSM,Taiwan Semiconductor,93.01000213623047,93.5999984741211,91.70999908447266,92.83999633789062,88.37120819091797,6863600
2023-04-04,TSM,Taiwan Semiconductor,93.04000091552734,93.27999877929688,91.72000122070312,92.16999816894531,87.73345947265625,6338400
2023-04-05,TSM,Taiwan Semiconductor,91.5999984741211,92.18000030517578,89.05000305175781,90.19999694824219,85.8582763671875,9171800
2023-04-06,TSM,Taiwan Semiconductor,89.66000366210938,90.91000366210938,89.4000015258789,90.23999786376953,85.89634704589844,5874500
2023-04-10,TSM,Taiwan Semiconductor,88.41999816894531,89.02999877929688,86.47000122070312,89.0199966430664,84.73507690429688,12232900
2023-04-11,TSM,Taiwan Semiconductor,88.63999938964844,89.83999633789062,88.47000122070312,89.23999786376953,84.94448852539062,11079200
2023-04-12,TSM,Taiwan Semiconductor,88.91000366210938,89.5,86.86000061035156,86.87000274658203,82.68856811523438,11299100
2023-04-13,TSM,Taiwan Semiconductor,86.55999755859375,87.62999725341797,85.97000122070312,87.05000305175781,82.85990142822266,7910500
2023-04-14,TSM,Taiwan Semiconductor,87.94999694824219,88.37000274658203,86.54000091552734,87.19999694824219,83.00269317626953,7656400
2023-04-17,TSM,Taiwan Semiconductor,87.75,88.05000305175781,87.16000366210938,87.98999786376953,83.75466918945312,8163600
2023-04-18,TSM,Taiwan Semiconductor,88.19999694824219,88.4000015258789,87.5,88.13999938964844,83.89744567871094,8468200
2023-04-19,TSM,Taiwan Semiconductor,86.2300033569336,87.37999725341797,86.04000091552734,87.2300033569336,83.03125762939453,11191300
2023-04-20,TSM,Taiwan Semiconductor,88.31999969482422,91.87999725341797,88.0999984741211,89.29000091552734,84.99209594726562,19206300
2023-04-21,TSM,Taiwan Semiconductor,87.77999877929688,87.91000366210938,85.27999877929688,85.37000274658203,81.26075744628906,13175400
2023-04-24,TSM,Taiwan Semiconductor,85.4000015258789,85.95999908447266,83.98999786376953,84.63999938964844,80.56591033935547,10567600
2023-04-25,TSM,Taiwan Semiconductor,83.2699966430664,83.4000015258789,82.26000213623047,82.29000091552734,78.32902526855469,13423700
2023-04-26,TSM,Taiwan Semiconductor,82.23999786376953,82.37999725341797,81.20999908447266,82.25,78.29096221923828,11583500
2023-04-27,TSM,Taiwan Semiconductor,82.9000015258789,83.86000061035156,82.16000366210938,83.66999816894531,79.64258575439453,10013700
2023-04-28,TSM,Taiwan Semiconductor,84.4800033569336,84.51000213623047,83.72000122070312,84.30000305175781,80.24227142333984,8262600
2023-05-01,TSM,Taiwan Semiconductor,84.30000305175781,84.69000244140625,83.9000015258789,83.9800033569336,79.93766784667969,4931100
2023-05-02,TSM,Taiwan Semiconductor,83.5,84.05000305175781,82.55000305175781,82.95999908447266,78.96675872802734,6875000
2023-05-03,TSM,Taiwan Semiconductor,82.62000274658203,83.76000213623047,82.44000244140625,82.69999694824219,78.71927642822266,7151600
2023-05-04,TSM,Taiwan Semiconductor,83.0,83.76000213623047,82.63999938964844,83.48999786376953,79.47125244140625,7290600
2023-05-05,TSM,Taiwan Semiconductor,84.30000305175781,85.56999969482422,83.75,84.97000122070312,80.88002014160156,6865000
2023-05-08,TSM,Taiwan Semiconductor,84.5,85.54000091552734,84.41000366210938,85.54000091552734,81.42259216308594,6746600
2023-05-09,TSM,Taiwan Semiconductor,85.25,85.4800033569336,84.30000305175781,85.05999755859375,80.9656753540039,7287800
2023-05-10,TSM,Taiwan Semiconductor,84.51000213623047,85.1500015258789,84.16999816894531,84.9000015258789,80.81340026855469,7442300
2023-05-11,TSM,Taiwan Semiconductor,84.13999938964844,84.13999938964844,82.52999877929688,83.43000030517578,79.41415405273438,8730900
2023-05-12,TSM,Taiwan Semiconductor,83.37999725341797,83.93000030517578,82.94999694824219,83.43000030517578,79.41415405273438,5069800
2023-05-15,TSM,Taiwan Semiconductor,83.33000183105469,85.66999816894531,83.2300033569336,85.66000366210938,81.53681945800781,8707300
2023-05-16,TSM,Taiwan Semiconductor,85.69000244140625,86.75,85.58999633789062,85.87999725341797,81.7462387084961,11283200
2023-05-17,TSM,Taiwan Semiconductor,88.30000305175781,91.80000305175781,88.05999755859375,90.87999725341797,86.50553894042969,23215600
2023-05-18,TSM,Taiwan Semiconductor,91.25,93.4000015258789,91.06999969482422,92.6500015258789,88.19035339355469,14879000
2023-05-19,TSM,Taiwan Semiconductor,92.12999725341797,92.79000091552734,91.55999755859375,92.58000183105469,88.12372589111328,9295200
2023-05-22,TSM,Taiwan Semiconductor,92.06999969482422,92.44000244140625,91.19999694824219,91.72000122070312,87.30511474609375,9259800
2023-05-23,TSM,Taiwan Semiconductor,91.0,91.33999633789062,90.33000183105469,90.44000244140625,86.08673095703125,7656700
2023-05-24,TSM,Taiwan Semiconductor,89.27999877929688,90.1500015258789,89.18000030517578,90.12999725341797,85.79165649414062,9443900
2023-05-25,TSM,Taiwan Semiconductor,97.05999755859375,102.37000274658203,96.9800033569336,100.94999694824219,96.0908432006836,60793200
2023-05-26,TSM,Taiwan Semiconductor,100.8499984741211,104.44000244140625,100.7300033569336,103.20999908447266,98.2420425415039,26135800
2023-05-30,TSM,Taiwan Semiconductor,103.79000091552734,105.23999786376953,101.52999877929688,101.9800033569336,97.07125854492188,25248000
2023-05-31,TSM,Taiwan Semiconductor,99.7300033569336,99.9800033569336,98.05999755859375,98.58999633789062,93.84442901611328,22206700
2023-06-01,TSM,Taiwan Semiconductor,98.68000030517578,100.58999633789062,98.5999984741211,98.83999633789062,94.08238983154297,14998500
2023-06-02,TSM,Taiwan Semiconductor,101.25,101.30000305175781,98.62000274658203,98.94000244140625,94.17760467529297,13085100
2023-06-05,TSM,Taiwan Semiconductor,98.01000213623047,98.80999755859375,94.25,98.05000305175781,93.33042907714844,10568500
2023-06-06,TSM,Taiwan Semiconductor,97.61000061035156,100.5999984741211,97.41999816894531,99.81999969482422,95.01522827148438,13827600
2023-06-07,TSM,Taiwan Semiconductor,101.37999725341797,103.0199966430664,99.54000091552734,100.29000091552734,95.46261596679688,14367500
2023-06-08,TSM,Taiwan Semiconductor,98.98999786376953,100.69999694824219,98.62999725341797,99.94000244140625,95.12944793701172,9074200
2023-06-09,TSM,Taiwan Semiconductor,102.69999694824219,104.68000030517578,102.25,102.80000305175781,97.8517837524414,14902400
2023-06-12,TSM,Taiwan Semiconductor,104.33999633789062,107.38999938964844,104.30999755859375,107.05999755859375,101.90674591064453,20568100
2023-06-13,TSM,Taiwan Semiconductor,110.0,110.69000244140625,106.73999786376953,106.80000305175781,101.65925598144531,17858600
2023-06-14,TSM,Taiwan Semiconductor,106.02999877929688,107.69999694824219,105.22000122070312,107.41000366210938,102.23989868164062,12862600
2023-06-15,TSM,Taiwan Semiconductor,106.2699966430664,106.66000366210938,105.06999969482422,105.18000030517578,100.53655242919922,11987900
2023-06-16,TSM,Taiwan Semiconductor,105.43000030517578,105.75,104.3499984741211,104.56999969482422,99.95349884033203,11430800
2023-06-20,TSM,Taiwan Semiconductor,104.18000030517578,104.87999725341797,103.06999969482422,103.9800033569336,99.38953399658203,9295500
2023-06-21,TSM,Taiwan Semiconductor,103.1500015258789,103.7300033569336,101.62000274658203,101.63999938964844,97.15283966064453,9340400
2023-06-22,TSM,Taiwan Semiconductor,101.41999816894531,103.43000030517578,101.33000183105469,103.12999725341797,98.57708740234375,8575900
2023-06-23,TSM,Taiwan Semiconductor,101.5199966430664,102.19000244140625,101.01000213623047,101.91000366210938,97.41092681884766,8919000
2023-06-26,TSM,Taiwan Semiconductor,102.0199966430664,103.04000091552734,100.08999633789062,100.11000061035156,95.69039154052734,8560000
2023-06-27,TSM,Taiwan Semiconductor,101.1500015258789,102.79000091552734,100.0199966430664,102.08000183105469,97.57341766357422,9732000
2023-06-28,TSM,Taiwan Semiconductor,100.5,101.87999725341797,100.22000122070312,100.91999816894531,96.46463012695312,8160900
2023-06-29,TSM,Taiwan Semiconductor,101.33999633789062,101.5199966430664,100.0199966430664,100.63999938964844,96.19698333740234,7383900
2023-06-30,TSM,Taiwan Semiconductor,101.4000015258789,101.88999938964844,100.41000366210938,100.91999816894531,96.46463012695312,11704600
2023-07-03,TSM,Taiwan Semiconductor,102.25,103.68000030517578,102.06999969482422,103.1500015258789,98.59619140625,5638400
2023-07-05,TSM,Taiwan Semiconductor,101.4000015258789,103.08999633789062,100.95999908447266,100.98999786376953,96.53152465820312,9010800
2023-07-06,TSM,Taiwan Semiconductor,99.0999984741211,99.55999755859375,98.5999984741211,99.41000366210938,95.02129364013672,9140800
2023-07-07,TSM,Taiwan Semiconductor,99.08000183105469,101.94000244140625,99.0,100.2300033569336,95.8050765991211,8036600
2023-07-10,TSM,Taiwan Semiconductor,100.25,100.75,99.4000015258789,99.7699966430664,95.36539459228516,8041600
2023-07-11,TSM,Taiwan Semiconductor,102.33000183105469,102.33000183105469,100.13999938964844,101.26000213623047,96.78961181640625,7677800
2023-07-12,TSM,Taiwan Semiconductor,102.83000183105469,104.43000030517578,102.76000213623047,103.9000015258789,99.3130874633789,10202000
2023-07-13,TSM,Taiwan Semiconductor,105.0,105.6500015258789,102.5199966430664,105.56999969482422,100.90935516357422,9265900
2023-07-14,TSM,Taiwan Semiconductor,106.0,107.30000305175781,104.86000061035156,105.13999938964844,100.49832153320312,9518300
2023-07-17,TSM,Taiwan Semiconductor,104.68000030517578,105.02999877929688,102.58999633789062,104.79000091552734,100.16377258300781,10722600
2023-07-18,TSM,Taiwan Semiconductor,103.69000244140625,103.7300033569336,102.01000213623047,103.1500015258789,98.59619140625,10343600
2023-07-19,TSM,Taiwan Semiconductor,103.9000015258789,104.79000091552734,102.56999969482422,103.05999755859375,98.51014709472656,11204800
2023-07-20,TSM,Taiwan Semiconductor,98.55000305175781,100.44999694824219,97.05000305175781,97.86000061035156,93.53972625732422,22810200
2023-07-21,TSM,Taiwan Semiconductor,97.87999725341797,97.98999786376953,96.33000183105469,97.25,92.95664978027344,15381200
2023-07-24,TSM,Taiwan Semiconductor,97.2699966430664,98.2699966430664,96.77999877929688,98.25,93.9124984741211,9054900
2023-07-25,TSM,Taiwan Semiconductor,99.5199966430664,100.88999938964844,99.11000061035156,100.31999969482422,95.89112091064453,9202200
2023-07-26,TSM,Taiwan Semiconductor,99.48999786376953,100.12999725341797,98.56999969482422,99.41000366210938,95.02129364013672,8993500
2023-07-27,TSM,Taiwan Semiconductor,101.5,101.76000213623047,98.91000366210938,99.3499984741211,94.96392822265625,8049800
2023-07-28,TSM,Taiwan Semiconductor,100.11000061035156,100.98999786376953,99.77999877929688,100.86000061035156,96.40727996826172,6758700
2023-07-31,TSM,Taiwan Semiconductor,99.18000030517578,99.77999877929688,98.41999816894531,99.1500015258789,94.77275848388672,8647900
2023-08-01,TSM,Taiwan Semiconductor,99.13999938964844,99.19000244140625,98.08999633789062,98.4000015258789,94.05587005615234,6428500
2023-08-02,TSM,Taiwan Semiconductor,97.5,97.5,95.20999908447266,95.69999694824219,91.47509002685547,9820900
2023-08-03,TSM,Taiwan Semiconductor,94.83999633789062,95.80999755859375,94.58000183105469,94.9800033569336,90.786865234375,8571700
2023-08-04,TSM,Taiwan Semiconductor,95.27999877929688,97.58000183105469,95.12999725341797,96.16000366210938,91.91477966308594,7562600
2023-08-07,TSM,Taiwan Semiconductor,96.7300033569336,96.94000244140625,95.2300033569336,96.3499984741211,92.09638977050781,6601400
2023-08-08,TSM,Taiwan Semiconductor,94.87999725341797,94.9000015258789,93.66999816894531,94.48999786376953,90.31849670410156,7659000
2023-08-09,TSM,Taiwan Semiconductor,95.83000183105469,95.8499984741211,93.70999908447266,93.9800033569336,89.83102416992188,6426900
2023-08-10,TSM,Taiwan Semiconductor,95.44999694824219,95.97000122070312,94.27999877929688,94.80000305175781,90.61483001708984,7459600
2023-08-11,TSM,Taiwan Semiconductor,93.5,93.5,91.97000122070312,91.98999786376953,87.9288558959961,10658400
2023-08-14,TSM,Taiwan Semiconductor,91.69000244140625,93.29000091552734,91.30000305175781,93.06999969482422,88.96118927001953,7489700
2023-08-15,TSM,Taiwan Semiconductor,92.5199966430664,92.70999908447266,91.48999786376953,91.68000030517578,87.6325454711914,6069500
2023-08-16,TSM,Taiwan Semiconductor,91.44000244140625,92.72000122070312,91.31999969482422,91.77999877929688,87.72813415527344,7439500
2023-08-17,TSM,Taiwan Semiconductor,92.91999816894531,92.91999816894531,91.3499984741211,91.63999938964844,87.59430694580078,7712500
2023-08-18,TSM,Taiwan Semiconductor,90.06999969482422,91.33000183105469,89.55999755859375,91.0999984741211,87.07816314697266,9066200
2023-08-21,TSM,Taiwan Semiconductor,90.5,92.91000366210938,90.5,92.55999755859375,88.47370910644531,8618300
2023-08-22,TSM,Taiwan Semiconductor,93.3499984741211,93.48999786376953,91.80999755859375,92.23999786376953,88.1678237915039,7059000
2023-08-23,TSM,Taiwan Semiconductor,93.79000091552734,95.0999984741211,93.23999786376953,94.22000122070312,90.06041717529297,10362600
2023-08-24,TSM,Taiwan Semiconductor,96.52999877929688,96.77999877929688,92.47000122070312,92.52999877929688,88.44502258300781,12254400
2023-08-25,TSM,Taiwan Semiconductor,92.25,93.41000366210938,91.41000366210938,93.0999984741211,88.98985290527344,10356000
2023-08-28,TSM,Taiwan Semiconductor,93.81999969482422,94.1500015258789,93.25,94.0,89.85012817382812,5174800
2023-08-29,TSM,Taiwan Semiconductor,93.7699966430664,95.62000274658203,93.51000213623047,95.08000183105469,90.88245391845703,8910300
2023-08-30,TSM,Taiwan Semiconductor,95.44999694824219,95.91999816894531,94.62999725341797,94.77999877929688,90.595703125,6073400
2023-08-31,TSM,Taiwan Semiconductor,93.33999633789062,94.4000015258789,93.2699966430664,93.56999969482422,89.4391098022461,8661200
2023-09-01,TSM,Taiwan Semiconductor,94.30000305175781,94.58000183105469,93.08999633789062,93.19000244140625,89.07588195800781,7094600
2023-09-05,TSM,Taiwan Semiconductor,93.4000015258789,95.05000305175781,92.87000274658203,94.5999984741211,90.42362976074219,6396500
2023-09-06,TSM,Taiwan Semiconductor,93.8499984741211,93.95999908447266,91.58999633789062,92.26000213623047,88.18695068359375,7933700
2023-09-07,TSM,Taiwan Semiconductor,90.06999969482422,90.29000091552734,88.43000030517578,90.05000305175781,86.07452392578125,14684400
2023-09-08,TSM,Taiwan Semiconductor,90.75,91.06999969482422,89.31999969482422,89.63999938964844,85.68260955810547,5820800
2023-09-11,TSM,Taiwan Semiconductor,90.0999984741211,90.38999938964844,89.16000366210938,89.5999984741211,85.6443862915039,7268600
2023-09-12,TSM,Taiwan Semiconductor,90.45999908447266,91.56999969482422,90.41999816894531,90.4800033569336,86.48552703857422,8242600
2023-09-13,TSM,Taiwan Semiconductor,90.5999984741211,91.88999938964844,90.4800033569336,91.22000122070312,87.19286346435547,5757800
2023-09-14,TSM,Taiwan Semiconductor,92.77999877929688,92.93000030517578,91.2699966430664,91.47000122070312,87.8855972290039,6506300
2023-09-15,TSM,Taiwan Semiconductor,90.51000213623047,91.13999938964844,88.86000061035156,89.25,85.75260925292969,19940500
2023-09-18,TSM,Taiwan Semiconductor,88.54000091552734,89.66999816894531,88.43000030517578,88.83000183105469,85.34906005859375,6647400
2023-09-19,TSM,Taiwan Semiconductor,88.44999694824219,88.83999633789062,87.79000091552734,88.16999816894531,84.71492004394531,7172100
2023-09-20,TSM,Taiwan Semiconductor,88.5199966430664,89.31999969482422,87.29000091552734,87.29000091552734,83.8694076538086,6935300
2023-09-21,TSM,Taiwan Semiconductor,86.04000091552734,86.13999938964844,85.3499984741211,85.36000061035156,82.0150375366211,10652500
2023-09-22,TSM,Taiwan Semiconductor,86.25,86.7699966430664,85.44999694824219,85.63999938964844,82.2840576171875,7967200
2023-09-25,TSM,Taiwan Semiconductor,85.38999938964844,86.23999786376953,85.0199966430664,86.23999786376953,82.86054992675781,8758000
2023-09-26,TSM,Taiwan Semiconductor,84.94999694824219,85.2300033569336,84.0199966430664,84.29000091552734,80.9869613647461,8877600
2023-09-27,TSM,Taiwan Semiconductor,85.16999816894531,85.55999755859375,84.0999984741211,85.44000244140625,82.09190368652344,7860700
2023-09-28,TSM,Taiwan Semiconductor,85.25,87.12999725341797,84.9800033569336,86.41000366210938,83.0239028930664,6647700
2023-09-29,TSM,Taiwan Semiconductor,87.75,88.02999877929688,86.69999694824219,86.9000015258789,83.49469757080078,7338300
2023-10-02,TSM,Taiwan Semiconductor,87.18000030517578,88.41999816894531,87.0199966430664,87.6500015258789,84.2153091430664,6305000
2023-10-03,TSM,Taiwan Semiconductor,87.0,87.31999969482422,85.05999755859375,85.41000366210938,82.0630874633789,8201700
2023-10-04,TSM,Taiwan Semiconductor,85.47000122070312,86.76000213623047,85.37999725341797,86.66999816894531,83.27369689941406,7658500
2023-10-05,TSM,Taiwan Semiconductor,86.83000183105469,87.94000244140625,86.52999877929688,87.02999877929688,83.61959838867188,6651700
2023-10-06,TSM,Taiwan Semiconductor,88.08999633789062,90.0199966430664,87.37999725341797,89.29000091552734,85.7910385131836,9777100
2023-10-09,TSM,Taiwan Semiconductor,88.80000305175781,89.33999633789062,88.04000091552734,88.98999786376953,85.5027847290039,4781300
2023-10-10,TSM,Taiwan Semiconductor,89.2699966430664,90.66000366210938,89.13999938964844,90.61000061035156,87.05929565429688,7182900
2023-10-11,TSM,Taiwan Semiconductor,91.26000213623047,92.01000213623047,90.62999725341797,92.0,88.39483642578125,8051700
2023-10-12,TSM,Taiwan Semiconductor,92.51000213623047,93.44000244140625,91.83999633789062,92.41999816894531,88.79837799072266,8897800
2023-10-13,TSM,Taiwan Semiconductor,92.75,92.94000244140625,90.19999694824219,90.45999908447266,86.91517639160156,7985100
2023-10-16,TSM,Taiwan Semiconductor,90.4800033569336,91.9000015258789,90.43000030517578,91.22000122070312,87.64539337158203,8791800
2023-10-17,TSM,Taiwan Semiconductor,89.80999755859375,91.69999694824219,88.5199966430664,91.0,87.43402099609375,7997100
2023-10-18,TSM,Taiwan Semiconductor,88.87999725341797,90.01000213623047,88.58000183105469,89.5999984741211,86.08888244628906,9982700
2023-10-19,TSM,Taiwan Semiconductor,93.08999633789062,94.76000213623047,92.36000061035156,92.91000366210938,89.2691879272461,22751600
2023-10-20,TSM,Taiwan Semiconductor,92.0,94.31999969482422,91.08999633789062,91.30999755859375,87.73188018798828,12197300
2023-10-23,TSM,Taiwan Semiconductor,89.9800033569336,92.26000213623047,89.16000366210938,91.11000061035156,87.53971862792969,8227900
2023-10-24,TSM,Taiwan Semiconductor,91.19999694824219,92.0,90.86000061035156,91.63999938964844,88.04891204833984,7374800
2023-10-25,TSM,Taiwan Semiconductor,90.80000305175781,90.8499984741211,86.68000030517578,87.63999938964844,84.20569610595703,13027100
2023-10-26,TSM,Taiwan Semiconductor,87.12000274658203,88.13999938964844,86.54000091552734,87.44999694824219,84.02314758300781,9377300
2023-10-27,TSM,Taiwan Semiconductor,87.54000091552734,87.77999877929688,85.88999938964844,85.98999786376953,82.6203384399414,12480700
2023-10-30,TSM,Taiwan Semiconductor,87.30999755859375,88.30000305175781,86.0,86.05999755859375,82.68760681152344,9785500
2023-10-31,TSM,Taiwan Semiconductor,86.1500015258789,86.43000030517578,84.94999694824219,86.30999755859375,82.92780303955078,9004900
2023-11-01,TSM,Taiwan Semiconductor,86.47000122070312,87.87000274658203,86.33999633789062,87.80000305175781,84.35942840576172,9508800
2023-11-02,TSM,Taiwan Semiconductor,90.4000015258789,91.05000305175781,89.47000122070312,90.4800033569336,86.93439483642578,11032600
2023-11-03,TSM,Taiwan Semiconductor,91.6500015258789,92.44999694824219,90.83999633789062,91.79000091552734,88.19306182861328,9226700
2023-11-06,TSM,Taiwan Semiconductor,92.0,92.61000061035156,91.29000091552734,92.5999984741211,88.97132110595703,8402700
2023-11-07,TSM,Taiwan Semiconductor,92.25,93.05000305175781,91.75,92.41000366210938,88.78878021240234,6241300
2023-11-08,TSM,Taiwan Semiconductor,93.33000183105469,93.44000244140625,91.93000030517578,92.0,88.39483642578125,6537700
2023-11-09,TSM,Taiwan Semiconductor,92.62999725341797,93.37000274658203,91.5999984741211,91.62000274658203,88.02973175048828,8166000
2023-11-10,TSM,Taiwan Semiconductor,94.04000091552734,97.75,93.61000061035156,97.44000244140625,93.62167358398438,19281700
2023-11-13,TSM,Taiwan Semiconductor,97.01000213623047,97.18000030517578,95.72000122070312,96.41999816894531,92.64163970947266,9526300
2023-11-14,TSM,Taiwan Semiconductor,98.0,99.69000244140625,97.94999694824219,98.91000366210938,95.0340576171875,13873200
2023-11-15,TSM,Taiwan Semiconductor,99.94999694824219,100.69999694824219,98.41999816894531,98.80000305175781,94.92837524414062,10422900
2023-11-16,TSM,Taiwan Semiconductor,98.23999786376953,99.0999984741211,97.91000366210938,98.54000091552734,94.6785659790039,8459000
2023-11-17,TSM,Taiwan Semiconductor,98.94000244140625,99.72000122070312,98.31999969482422,99.58000183105469,95.67780303955078,7243000
2023-11-20,TSM,Taiwan Semiconductor,99.9000015258789,100.58999633789062,99.54000091552734,99.95999908447266,96.04291534423828,6448900
2023-11-21,TSM,Taiwan Semiconductor,100.0,100.1500015258789,98.23999786376953,98.41000366210938,94.55366516113281,10112600
2023-11-22,TSM,Taiwan Semiconductor,98.72000122070312,99.6500015258789,97.94999694824219,98.6500015258789,94.78424835205078,7413500
2023-11-24,TSM,Taiwan Semiconductor,98.4800033569336,98.7300033569336,97.47000122070312,97.83000183105469,93.99638366699219,4297600
2023-11-27,TSM,Taiwan Semiconductor,97.41999816894531,97.55000305175781,96.41999816894531,97.20999908447266,93.40068817138672,6856100
2023-11-28,TSM,Taiwan Semiconductor,97.87000274658203,98.25,97.23999786376953,97.9800033569336,94.14051055908203,6358100
2023-11-29,TSM,Taiwan Semiconductor,99.0,99.7300033569336,98.5999984741211,98.87999725341797,95.00521850585938,7091100
2023-11-30,TSM,Taiwan Semiconductor,98.93000030517578,98.9800033569336,96.9000015258789,97.30999755859375,93.49674987792969,9681400
2023-12-01,TSM,Taiwan Semiconductor,97.69999694824219,98.77999877929688,97.0199966430664,98.55000305175781,94.68816375732422,7500400
2023-12-04,TSM,Taiwan Semiconductor,97.05000305175781,97.19999694824219,95.25,97.01000213623047,93.2085189819336,10619400
2023-12-05,TSM,Taiwan Semiconductor,96.45999908447266,97.0199966430664,95.87999725341797,96.69000244140625,92.90105438232422,8009600
2023-12-06,TSM,Taiwan Semiconductor,97.80000305175781,98.56999969482422,97.44999694824219,97.8499984741211,94.0156021118164,11262300
2023-12-07,TSM,Taiwan Semiconductor,97.95999908447266,99.63999938964844,97.88999938964844,99.29000091552734,95.399169921875,11373700
2023-12-08,TSM,Taiwan Semiconductor,99.12000274658203,100.37000274658203,98.94999694824219,100.3499984741211,96.41763305664062,10572500
2023-12-11,TSM,Taiwan Semiconductor,99.56999969482422,101.20999908447266,99.37000274658203,100.94999694824219,96.99413299560547,9482800
2023-12-12,TSM,Taiwan Semiconductor,100.1500015258789,101.6500015258789,99.94999694824219,101.5999984741211,97.61865234375,7378600
2023-12-13,TSM,Taiwan Semiconductor,101.4000015258789,102.68000030517578,100.91000366210938,102.12000274658203,98.1182632446289,8988800
2023-12-14,TSM,Taiwan Semiconductor,103.3499984741211,103.80999755859375,102.80000305175781,103.44999694824219,99.86457061767578,10074500
2023-12-15,TSM,Taiwan Semiconductor,103.5,104.76000213623047,102.38999938964844,102.54000091552734,98.98612213134766,16379200
2023-12-18,TSM,Taiwan Semiconductor,102.83999633789062,103.30999755859375,102.08000183105469,102.93000030517578,99.36260223388672,5660600
2023-12-19,TSM,Taiwan Semiconductor,103.23999786376953,103.9800033569336,103.08999633789062,103.87000274658203,100.27001953125,8498500
2023-12-20,TSM,Taiwan Semiconductor,102.69999694824219,103.08999633789062,99.94000244140625,100.04000091552734,96.57276153564453,10814100
2023-12-21,TSM,Taiwan Semiconductor,101.30000305175781,102.72000122070312,101.16000366210938,102.55000305175781,98.99576568603516,9068200
2023-12-22,TSM,Taiwan Semiconductor,102.93000030517578,103.58999633789062,102.70999908447266,103.1500015258789,99.5749740600586,5566400
2023-12-26,TSM,Taiwan Semiconductor,103.61000061035156,104.95999908447266,103.56999969482422,104.44999694824219,100.82991790771484,6407500
2023-12-27,TSM,Taiwan Semiconductor,105.05000305175781,105.37000274658203,104.08000183105469,104.6500015258789,101.02299499511719,5889700
2023-12-28,TSM,Taiwan Semiconductor,105.0,105.5199966430664,104.69999694824219,104.69999694824219,101.07123565673828,5335100
2023-12-29,TSM,Taiwan Semiconductor,104.72000122070312,104.97000122070312,103.66999816894531,104.0,100.39550018310547,4409600
2024-01-02,TSM,Taiwan Semiconductor,102.25,102.62000274658203,100.58999633789062,101.52999877929688,98.01111602783203,9020900
2024-01-03,TSM,Taiwan Semiconductor,100.33999633789062,101.25,99.66000366210938,100.16999816894531,96.69824981689453,6650600
2024-01-04,TSM,Taiwan Semiconductor,99.52999877929688,100.44000244140625,99.12000274658203,99.12999725341797,95.69429779052734,7996700
2024-01-05,TSM,Taiwan Semiconductor,99.0,100.63999938964844,98.80000305175781,99.61000061035156,96.15766906738281,7347300
2024-01-08,TSM,Taiwan Semiconductor,100.62999725341797,102.79000091552734,100.5,102.23999786376953,98.6965103149414,12455600
2024-01-09,TSM,Taiwan Semiconductor,101.05000305175781,101.97000122070312,100.20999908447266,101.88999938964844,98.35865020751953,7764000
2024-01-10,TSM,Taiwan Semiconductor,102.5199966430664,102.77999877929688,99.9800033569336,100.80000305175781,97.3064193725586,6975700
2024-01-11,TSM,Taiwan Semiconductor,101.69999694824219,102.16000366210938,99.98999786376953,101.22000122070312,97.71186828613281,7862700
2024-01-12,TSM,Taiwan Semiconductor,100.88999938964844,102.37999725341797,100.87000274658203,101.23999786376953,97.73116302490234,6519700
2024-01-16,TSM,Taiwan Semiconductor,100.52999877929688,102.3499984741211,100.19999694824219,101.66999816894531,98.14627838134766,11185500
2024-01-17,TSM,Taiwan Semiconductor,100.87000274658203,103.33000183105469,100.0,102.94999694824219,99.38190460205078,17649500
2024-01-18,TSM,Taiwan Semiconductor,111.19999694824219,113.38999938964844,109.4800033569336,113.02999877929688,109.112548828125,58783700
2024-01-19,TSM,Taiwan Semiconductor,113.22000122070312,115.1500015258789,111.0199966430664,114.19999694824219,110.24199676513672,37812600
2024-01-22,TSM,Taiwan Semiconductor,114.77999877929688,115.0999984741211,112.5199966430664,113.02999877929688,109.112548828125,17755500
2024-01-23,TSM,Taiwan Semiconductor,113.5199966430664,114.62000274658203,113.16000366210938,114.12999725341797,110.17442321777344,11667900
2024-01-24,TSM,Taiwan Semiconductor,115.33000183105469,118.8499984741211,114.61000061035156,116.5199966430664,112.48159790039062,21859200
2024-01-25,TSM,Taiwan Semiconductor,118.0199966430664,118.83999633789062,116.4800033569336,116.55999755859375,112.52021026611328,15485300
2024-01-26,TSM,Taiwan Semiconductor,116.9000015258789,118.04000091552734,116.30000305175781,117.26000213623047,113.19593811035156,10196400
2024-01-29,TSM,Taiwan Semiconductor,117.16999816894531,117.87000274658203,115.76000213623047,116.9800033569336,112.92564392089844,10042200
2024-01-30,TSM,Taiwan Semiconductor,116.36000061035156,118.01000213623047,115.55999755859375,116.05999755859375,112.03753662109375,11030800
2024-01-31,TSM,Taiwan Semiconductor,113.5,114.73999786376953,112.87999725341797,112.95999908447266,109.04496002197266,12853900
2024-02-01,TSM,Taiwan Semiconductor,113.80000305175781,114.02999877929688,112.61000061035156,113.38999938964844,109.46006774902344,8807600
2024-02-02,TSM,Taiwan Semiconductor,114.86000061035156,115.95999908447266,113.91999816894531,115.75,111.73827362060547,10044000
2024-02-05,TSM,Taiwan Semiconductor,117.12999725341797,119.54000091552734,116.58000183105469,118.79000091552734,114.67290496826172,13267600
2024-02-06,TSM,Taiwan Semiconductor,120.12000274658203,120.98999786376953,118.27999877929688,119.37999725341797,115.24246215820312,11503800
2024-02-07,TSM,Taiwan Semiconductor,120.01000213623047,125.0,120.0,124.9800033569336,120.64838409423828,18172500
2024-02-08,TSM,Taiwan Semiconductor,127.0,134.75,126.11000061035156,133.72999572753906,129.0950927734375,33367000
2024-02-09,TSM,Taiwan Semiconductor,134.5,135.1699981689453,130.58999633789062,133.11000061035156,128.49659729003906,16984200
2024-02-12,TSM,Taiwan Semiconductor,133.27000427246094,133.50999450683594,130.25999450683594,130.4600067138672,125.9384536743164,14203800
2024-02-13,TSM,Taiwan Semiconductor,127.93000030517578,129.9199981689453,126.4800033569336,127.55000305175781,123.1292953491211,14494000
2024-02-14,TSM,Taiwan Semiconductor,129.6300048828125,130.7899932861328,127.95999908447266,129.27000427246094,124.78971099853516,13069700
2024-02-15,TSM,Taiwan Semiconductor,130.8000030517578,131.1300048828125,128.35000610351562,129.02999877929688,124.55801391601562,12554000
2024-02-16,TSM,Taiwan Semiconductor,127.12999725341797,128.63999938964844,125.80999755859375,126.69000244140625,122.29911041259766,13104400
2024-02-20,TSM,Taiwan Semiconductor,126.88999938964844,127.05999755859375,124.1500015258789,125.33000183105469,120.98625946044922,12038800
2024-02-21,TSM,Taiwan Semiconductor,124.43000030517578,125.37999725341797,122.91000366210938,125.33999633789062,120.99589538574219,11469700
2024-02-22,TSM,Taiwan Semiconductor,129.69000244140625,131.47999572753906,129.0,129.07000732421875,124.59662628173828,17014100
2024-02-23,TSM,Taiwan Semiconductor,130.5,131.00999450683594,127.7300033569336,129.52999877929688,125.04069519042969,10123300
2024-02-26,TSM,Taiwan Semiconductor,130.02000427246094,131.22999572753906,128.55999755859375,130.63999938964844,126.11222076416016,9526700
2024-02-27,TSM,Taiwan Semiconductor,130.77000427246094,131.97000122070312,128.58999633789062,128.58999633789062,124.13323974609375,8851800
2024-02-28,TSM,Taiwan Semiconductor,128.5,128.5800018310547,126.6500015258789,127.37999725341797,122.9651870727539,6519100
2024-02-29,TSM,Taiwan Semiconductor,128.02999877929688,129.19000244140625,127.1500015258789,128.6699981689453,124.21048736572266,9369900
2024-03-01,TSM,Taiwan Semiconductor,130.1300048828125,136.64999389648438,130.10000610351562,133.89999389648438,129.2592010498047,24393000
2024-03-04,TSM,Taiwan Semiconductor,139.94000244140625,141.99000549316406,137.67999267578125,138.25999450683594,133.4680938720703,26544600
2024-03-05,TSM,Taiwan Semiconductor,137.1199951171875,137.42999267578125,133.72999572753906,134.97000122070312,130.29214477539062,13694700
2024-03-06,TSM,Taiwan Semiconductor,138.8000030517578,144.0,138.61000061035156,141.57000732421875,136.66339111328125,22292700
2024-03-07,TSM,Taiwan Semiconductor,144.89999389648438,151.60000610351562,144.14999389648438,149.1999969482422,144.02894592285156,34675700
2024-03-08,TSM,Taiwan Semiconductor,153.89999389648438,158.39999389648438,144.92999267578125,146.3699951171875,141.2969970703125,43856900
2024-03-11,TSM,Taiwan Semiconductor,143.6199951171875,144.39999389648438,138.92999267578125,139.02000427246094,134.2017822265625,29227100
2024-03-12,TSM,Taiwan Semiconductor,144.52000427246094,146.6999969482422,140.57000732421875,144.39999389648438,139.39527893066406,21218500
2024-03-13,TSM,Taiwan Semiconductor,143.0500030517578,143.22999572753906,141.3699951171875,142.13999938964844,137.21363830566406,12923100
2024-03-14,TSM,Taiwan Semiconductor,142.61000061035156,143.10000610351562,139.02000427246094,139.6199951171875,134.7809600830078,14961900
2024-03-15,TSM,Taiwan Semiconductor,135.44000244140625,137.6999969482422,134.6300048828125,136.97999572753906,132.2324981689453,22751200
2024-03-18,TSM,Taiwan Semiconductor,140.17999267578125,141.5399932861328,136.61000061035156,136.63999938964844,132.4398956298828,14732900
2024-03-19,TSM,Taiwan Semiconductor,135.3000030517578,136.27000427246094,133.02999877929688,134.8699951171875,130.72430419921875,17341100
2024-03-20,TSM,Taiwan Semiconductor,136.52999877929688,137.30999755859375,135.00999450683594,136.75,132.54649353027344,12750200
2024-03-21,TSM,Taiwan Semiconductor,142.5500030517578,142.60000610351562,139.0399932861328,139.4499969482422,135.1634979248047,17809400
2024-03-22,TSM,Taiwan Semiconductor,139.39999389648438,141.33999633789062,139.11000061035156,140.5399932861328,136.22003173828125,9944100
2024-03-25,TSM,Taiwan Semiconductor,140.16000366210938,141.67999267578125,139.25999450683594,140.22999572753906,135.91954040527344,9922200
2024-03-26,TSM,Taiwan Semiconductor,140.61000061035156,140.9600067138672,138.63999938964844,138.83999633789062,134.572265625,10786400
2024-03-27,TSM,Taiwan Semiconductor,138.86000061035156,139.27999877929688,135.14999389648438,136.69000244140625,132.48837280273438,13842800
2024-03-28,TSM,Taiwan Semiconductor,135.67999267578125,136.8000030517578,135.44000244140625,136.0500030517578,131.86801147460938,10019400
2024-04-01,TSM,Taiwan Semiconductor,137.2899932861328,142.9600067138672,137.0500030517578,141.49000549316406,137.1408233642578,14222700
2024-04-02,TSM,Taiwan Semiconductor,140.3800048828125,141.0399932861328,139.35000610351562,140.22000122070312,135.90985107421875,9869200
2024-04-03,TSM,Taiwan Semiconductor,138.5800018310547,142.92999267578125,138.38999938964844,142.0,137.6351318359375,9707500
2024-04-04,TSM,Taiwan Semiconductor,144.0,146.75,139.42999267578125,139.66000366210938,135.36708068847656,15759500
2024-04-05,TSM,Taiwan Semiconductor,140.0,142.0,138.9199981689453,141.36000061035156,137.01483154296875,8263600
2024-04-08,TSM,Taiwan Semiconductor,145.24000549316406,146.0,142.75999450683594,142.7899932861328,138.40084838867188,16307400
2024-04-09,TSM,Taiwan Semiconductor,146.25999450683594,148.1699981689453,142.9499969482422,145.39999389648438,140.93063354492188,18443400
2024-04-10,TSM,Taiwan Semiconductor,146.6300048828125,148.42999267578125,145.25999450683594,146.22000122070312,141.72543334960938,18861300
2024-04-11,TSM,Taiwan Semiconductor,147.1999969482422,147.55999755859375,144.1300048828125,147.1999969482422,142.6753387451172,11818800
2024-04-12,TSM,Taiwan Semiconductor,145.0,146.50999450683594,142.14999389648438,142.52000427246094,138.13917541503906,12024000
2024-04-15,TSM,Taiwan Semiconductor,145.02000427246094,145.47999572753906,139.8800048828125,140.13999938964844,135.8323211669922,13458800
2024-04-16,TSM,Taiwan Semiconductor,137.88999938964844,140.5399932861328,137.05999755859375,139.8000030517578,135.50274658203125,14218200
2024-04-17,TSM,Taiwan Semiconductor,141.1300048828125,142.57000732421875,137.36000061035156,139.02999877929688,134.7564239501953,18823200
2024-04-18,TSM,Taiwan Semiconductor,132.88999938964844,135.1300048828125,130.3000030517578,132.27000427246094,128.20423889160156,39306100
2024-04-19,TSM,Taiwan Semiconductor,129.3699951171875,131.5500030517578,126.63999938964844,127.69999694824219,123.77468872070312,28284000
2024-04-22,TSM,Taiwan Semiconductor,126.75,130.66000366210938,125.77999877929688,129.75,125.76167297363281,18556800
2024-04-23,TSM,Taiwan Semiconductor,131.36000061035156,133.7100067138672,130.66000366210938,133.42999267578125,129.3285675048828,12573800
2024-04-24,TSM,Taiwan Semiconductor,136.08999633789062,136.2899932861328,131.5399932861328,132.97000122070312,128.88270568847656,15558000
2024-04-25,TSM,Taiwan Semiconductor,130.0,137.83999633789062,128.86000061035156,136.5800018310547,132.38174438476562,18034300
2024-04-26,TSM,Taiwan Semiconductor,136.80999755859375,138.74000549316406,135.9499969482422,138.3000030517578,134.04885864257812,9453400
2024-04-29,TSM,Taiwan Semiconductor,138.0,138.64999389648438,135.91000366210938,138.5,134.2427215576172,9997100
2024-04-30,TSM,Taiwan Semiconductor,137.94000244140625,139.6999969482422,137.25999450683594,137.33999633789062,133.11839294433594,10980600
2024-05-01,TSM,Taiwan Semiconductor,137.4199981689453,139.42999267578125,133.2100067138672,134.94000244140625,130.7921600341797,12561800
2024-05-02,TSM,Taiwan Semiconductor,135.60000610351562,136.74000549316406,133.22000122070312,136.22999572753906,132.0425262451172,9261900
2024-05-03,TSM,Taiwan Semiconductor,138.89999389648438,142.11000061035156,138.75999450683594,141.55999755859375,137.20864868164062,13264300
2024-05-06,TSM,Taiwan Semiconductor,140.47000122070312,142.8300018310547,139.80999755859375,142.8300018310547,138.43960571289062,8601600
2024-05-07,TSM,Taiwan Semiconductor,141.8699951171875,142.2899932861328,140.50999450683594,141.11000061035156,136.7725067138672,8682900
2024-05-08,TSM,Taiwan Semiconductor,141.11000061035156,144.25999450683594,140.8000030517578,143.60000610351562,139.18594360351562,10202300
2024-05-09,TSM,Taiwan Semiconductor,142.94000244140625,143.35000610351562,141.1300048828125,142.7899932861328,138.40084838867188,8012700
2024-05-10,TSM,Taiwan Semiconductor,147.22000122070312,150.5,146.92999267578125,149.25999450683594,144.67198181152344,23671400
2024-05-13,TSM,Taiwan Semiconductor,148.02000427246094,148.44000244140625,146.3000030517578,146.41000366210938,141.90957641601562,8278700
2024-05-14,TSM,Taiwan Semiconductor,146.49000549316406,152.00999450683594,146.25,151.9499969482422,147.27928161621094,12316500
2024-05-15,TSM,Taiwan Semiconductor,153.36000061035156,156.0,152.72999572753906,155.5800018310547,150.79771423339844,14027100
2024-05-16,TSM,Taiwan Semiconductor,154.10000610351562,155.05999755859375,152.2100067138672,152.22999572753906,147.55067443847656,13394100
2024-05-17,TSM,Taiwan Semiconductor,154.0,154.0,150.83999633789062,151.67999267578125,147.017578125,7711200
2024-05-20,TSM,Taiwan Semiconductor,151.6699981689453,154.24000549316406,150.82000732421875,153.5500030517578,148.8301239013672,9261200
2024-05-21,TSM,Taiwan Semiconductor,152.3000030517578,153.99000549316406,151.9499969482422,153.6699981689453,148.94642639160156,7919400
2024-05-22,TSM,Taiwan Semiconductor,155.8800048828125,157.22999572753906,154.5399932861328,156.14999389648438,151.35020446777344,13455200
2024-05-23,TSM,Taiwan Semiconductor,159.17999267578125,160.77999877929688,155.8699951171875,157.08999633789062,152.26132202148438,20873000
2024-05-24,TSM,Taiwan Semiconductor,157.1999969482422,160.66000366210938,156.7100067138672,160.0,155.0818328857422,11908200
2024-05-28,TSM,Taiwan Semiconductor,159.67999267578125,160.3800048828125,157.60000610351562,159.41000366210938,154.50997924804688,13964400
2024-05-29,TSM,Taiwan Semiconductor,156.75,156.8800048828125,153.2100067138672,154.33999633789062,149.59580993652344,15780000
2024-05-30,TSM,Taiwan Semiconductor,153.58999633789062,154.0500030517578,151.88999938964844,152.9600067138672,148.2582550048828,9687800
2024-05-31,TSM,Taiwan Semiconductor,151.47999572753906,152.5,147.80999755859375,151.0399932861328,146.39724731445312,13782600
2024-06-03,TSM,Taiwan Semiconductor,155.1199951171875,157.14999389648438,152.4600067138672,154.9499969482422,150.18707275390625,12924400
2024-06-04,TSM,Taiwan Semiconductor,153.39999389648438,153.7899932861328,150.99000549316406,152.47000122070312,147.7833251953125,10066700
2024-06-05,TSM,Taiwan Semiconductor,158.58999633789062,163.72999572753906,157.9499969482422,162.9199981689453,157.91207885742188,23192600
2024-06-06,TSM,Taiwan Semiconductor,164.52000427246094,164.6999969482422,160.36000061035156,162.07000732421875,157.08822631835938,14819100
2024-06-07,TSM,Taiwan Semiconductor,163.57000732421875,166.1199951171875,161.9600067138672,164.38999938964844,159.33689880371094,14023300
2024-06-10,TSM,Taiwan Semiconductor,164.0,169.83999633789062,162.4199981689453,168.16000366210938,162.9910125732422,12418900
2024-06-11,TSM,Taiwan Semiconductor,168.17999267578125,168.41000366210938,163.7899932861328,165.7100067138672,160.6163330078125,11508600
2024-06-12,TSM,Taiwan Semiconductor,173.36000061035156,176.05999755859375,171.5399932861328,172.97999572753906,167.66287231445312,20309500
2024-06-13,TSM,Taiwan Semiconductor,172.9499969482422,174.07000732421875,170.50999450683594,172.91000366210938,168.12374877929688,15591800
2024-06-14,TSM,Taiwan Semiconductor,172.0,173.63999938964844,170.36000061035156,172.50999450683594,167.7348175048828,9192500
2024-06-17,TSM,Taiwan Semiconductor,177.83999633789062,178.6699981689453,173.47999572753906,177.24000549316406,172.33389282226562,18593700
2024-06-18,TSM,Taiwan Semiconductor,180.02000427246094,184.86000061035156,178.99000549316406,179.69000244140625,174.716064453125,27155100
2024-06-20,TSM,Taiwan Semiconductor,182.5800018310547,183.1699981689453,173.5,175.3800048828125,170.52536010742188,28403200
2024-06-21,TSM,Taiwan Semiconductor,172.7100067138672,177.47999572753906,172.2100067138672,173.9600067138672,169.14468383789062,20175600
2024-06-24,TSM,Taiwan Semiconductor,170.42999267578125,171.4199981689453,167.1199951171875,167.80999755859375,163.16490173339844,19741700
2024-06-25,TSM,Taiwan Semiconductor,169.9499969482422,172.63999938964844,169.00999450683594,172.60000610351562,167.8223114013672,13346800
2024-06-26,TSM,Taiwan Semiconductor,172.1199951171875,173.69000244140625,170.1999969482422,172.07000732421875,167.30699157714844,11901500
2024-06-27,TSM,Taiwan Semiconductor,173.7899932861328,175.47999572753906,171.14999389648438,171.6300048828125,166.87918090820312,10864600
2024-06-28,TSM,Taiwan Semiconductor,172.80999755859375,176.82000732421875,172.80999755859375,173.80999755859375,168.99884033203125,11216100
2024-07-01,TSM,Taiwan Semiconductor,174.24000549316406,175.3000030517578,170.4499969482422,172.3300018310547,167.55979919433594,10717000
2024-07-02,TSM,Taiwan Semiconductor,171.1300048828125,176.7100067138672,171.02999877929688,175.6999969482422,170.8365020751953,10655500
2024-07-03,TSM,Taiwan Semiconductor,177.99000549316406,182.49000549316406,177.8800048828125,182.49000549316406,177.4385528564453,11808700
2024-07-05,TSM,Taiwan Semiconductor,184.13999938964844,185.0800018310547,182.3000030517578,183.99000549316406,178.8970489501953,11372900
2024-07-08,TSM,Taiwan Semiconductor,190.0,192.8000030517578,185.1300048828125,186.6300048828125,181.46397399902344,22582400
2024-07-09,TSM,Taiwan Semiconductor,188.08999633789062,188.44000244140625,182.5,184.52000427246094,179.41236877441406,19935200
2024-07-10,TSM,Taiwan Semiconductor,188.27999877929688,191.4199981689453,186.6999969482422,191.0500030517578,185.76161193847656,19293500
2024-07-11,TSM,Taiwan Semiconductor,193.08999633789062,193.47000122070312,183.00999450683594,184.5,179.39292907714844,21584200
2024-07-12,TSM,Taiwan Semiconductor,183.07000732421875,190.3800048828125,182.75,187.35000610351562,182.16404724121094,19220300
2024-07-15,TSM,Taiwan Semiconductor,188.67999267578125,190.05999755859375,184.0800018310547,185.22000122070312,180.09298706054688,15683100
2024-07-16,TSM,Taiwan Semiconductor,188.27000427246094,189.58999633789062,185.02000427246094,186.0399932861328,180.89028930664062,16663300
2024-07-17,TSM,Taiwan Semiconductor,175.22000122070312,176.5800018310547,170.50999450683594,171.1999969482422,166.46107482910156,45052600
2024-07-18,TSM,Taiwan Semiconductor,175.5,178.69000244140625,164.50999450683594,171.8699951171875,167.11251831054688,52903600
2024-07-19,TSM,Taiwan Semiconductor,169.1699981689453,170.52000427246094,165.22000122070312,165.77000427246094,161.18138122558594,22585300
2024-07-22,TSM,Taiwan Semiconductor,166.61000061035156,170.8800048828125,166.17999267578125,169.35000610351562,164.6622772216797,21037200
2024-07-23,TSM,Taiwan Semiconductor,169.4199981689453,171.5399932861328,167.97000122070312,169.82000732421875,165.1192626953125,11690700
2024-07-24,TSM,Taiwan Semiconductor,165.08999633789062,165.4499969482422,159.58999633789062,159.8000030517578,155.3766326904297,19536600
2024-07-25,TSM,Taiwan Semiconductor,158.16000366210938,163.39999389648438,152.11000061035156,160.27999877929688,155.84335327148438,25731800
2024-07-26,TSM,Taiwan Semiconductor,164.3000030517578,164.58999633789062,159.19000244140625,161.94000244140625,157.4573974609375,13089200
2024-07-29,TSM,Taiwan Semiconductor,162.67999267578125,163.22999572753906,158.6300048828125,160.00999450683594,155.580810546875,12663100
2024-07-30,TSM,Taiwan Semiconductor,160.44000244140625,161.14999389648438,152.5500030517578,154.5399932861328,150.26223754882812,22018000
2024-07-31,TSM,Taiwan Semiconductor,163.77000427246094,166.64999389648438,162.07000732421875,165.8000030517578,161.21055603027344,19860400
2024-08-01,TSM,Taiwan Semiconductor,163.47999572753906,167.6699981689453,156.83999633789062,158.17999267578125,153.8014678955078,21095600
2024-08-02,TSM,Taiwan Semiconductor,151.25,153.86000061035156,146.88999938964844,149.86000061035156,145.71180725097656,31095300
2024-08-05,TSM,Taiwan Semiconductor,133.86000061035156,150.0,133.57000732421875,147.9499969482422,143.8546600341797,31193100
2024-08-06,TSM,Taiwan Semiconductor,150.44000244140625,157.7100067138672,147.72000122070312,155.38999938964844,151.0886993408203,24528100
2024-08-07,TSM,Taiwan Semiconductor,161.5500030517578,162.64999389648438,154.52000427246094,155.0399932861328,150.74838256835938,22379000
2024-08-08,TSM,Taiwan Semiconductor,159.27000427246094,164.75,155.5399932861328,164.5500030517578,159.99514770507812,18889600
2024-08-09,TSM,Taiwan Semiconductor,166.32000732421875,167.8000030517578,163.24000549316406,167.1199951171875,162.4940185546875,20519400
2024-08-12,TSM,Taiwan Semiconductor,166.0,169.52999877929688,165.5399932861328,167.6300048828125,162.98989868164062,14727300
2024-08-13,TSM,Taiwan Semiconductor,168.0,172.4499969482422,166.33999633789062,172.33999633789062,167.5695037841797,15243500
2024-08-14,TSM,Taiwan Semiconductor,171.8800048828125,172.50999450683594,167.19000244140625,169.97000122070312,165.26512145996094,11510300
2024-08-15,TSM,Taiwan Semiconductor,172.42999267578125,175.44000244140625,170.82000732421875,173.9600067138672,169.14468383789062,15393500
2024-08-16,TSM,Taiwan Semiconductor,173.38999938964844,175.0,172.25,174.5399932861328,169.70860290527344,10710000
2024-08-19,TSM,Taiwan Semiconductor,174.75999450683594,175.4499969482422,171.10000610351562,175.4499969482422,170.59344482421875,11511000
2024-08-20,TSM,Taiwan Semiconductor,175.39999389648438,175.39999389648438,169.85000610351562,172.0399932861328,167.27781677246094,13555500
2024-08-21,TSM,Taiwan Semiconductor,170.36000061035156,173.0800018310547,169.91000366210938,171.44000244140625,166.6944122314453,9434800
2024-08-22,TSM,Taiwan Semiconductor,172.0,173.27999877929688,166.05999755859375,166.44000244140625,161.83282470703125,13546100
2024-08-23,TSM,Taiwan Semiconductor,169.0,173.2899932861328,167.9199981689453,171.27999877929688,166.53883361816406,12189100
2024-08-26,TSM,Taiwan Semiconductor,170.3800048828125,171.0500030517578,167.82000732421875,169.07000732421875,164.3900146484375,9611300
2024-08-27,TSM,Taiwan Semiconductor,166.4199981689453,170.5800018310547,165.0399932861328,170.5500030517578,165.82907104492188,9186000
2024-08-28,TSM,Taiwan Semiconductor,171.32000732421875,172.47000122070312,166.1999969482422,169.1999969482422,164.51644897460938,10581400
2024-08-29,TSM,Taiwan Semiconductor,168.64999389648438,175.4199981689453,167.50999450683594,169.14999389648438,164.46780395507812,13213200
2024-08-30,TSM,Taiwan Semiconductor,170.05999755859375,172.22999572753906,168.75,171.6999969482422,166.94725036621094,9481400
2024-09-03,TSM,Taiwan Semiconductor,168.0,168.67999267578125,159.8000030517578,160.49000549316406,156.04754638671875,18464400
2024-09-04,TSM,Taiwan Semiconductor,159.3000030517578,163.8800048828125,158.9499969482422,160.8699951171875,156.4170379638672,11317400
2024-09-05,TSM,Taiwan Semiconductor,161.5399932861328,164.58999633789062,161.0500030517578,163.6999969482422,159.16868591308594,10260600
2024-09-06,TSM,Taiwan Semiconductor,164.88999938964844,165.41000366210938,156.00999450683594,156.82000732421875,152.47915649414062,14964400
2024-09-09,TSM,Taiwan Semiconductor,160.75999450683594,163.10000610351562,160.25,162.77999877929688,158.2741241455078,10339000
2024-09-10,TSM,Taiwan Semiconductor,162.88999938964844,162.88999938964844,157.69000244140625,162.42999267578125,157.93380737304688,11910800
2024-09-11,TSM,Taiwan Semiconductor,163.8000030517578,170.3800048828125,161.4199981689453,170.22999572753906,165.51791381835938,15059500
2024-09-12,TSM,Taiwan Semiconductor,170.60000610351562,172.14999389648438,169.0,171.42999267578125,167.29991149902344,13399900
2024-09-13,TSM,Taiwan Semiconductor,172.24000549316406,174.77000427246094,171.4499969482422,172.5,168.34413146972656,8787800
2024-09-16,TSM,Taiwan Semiconductor,169.91000366210938,170.55999755859375,166.77000427246094,169.0800018310547,165.0065460205078,12194300
2024-09-17,TSM,Taiwan Semiconductor,169.35000610351562,170.24000549316406,166.36000061035156,167.35000610351562,163.31822204589844,8629100
2024-09-18,TSM,Taiwan Semiconductor,168.4600067138672,171.60000610351562,167.0,167.27999877929688,163.2499237060547,9116000
2024-09-19,TSM,Taiwan Semiconductor,174.3800048828125,177.77999877929688,172.6300048828125,176.22000122070312,171.97451782226562,15855000
2024-09-20,TSM,Taiwan Semiconductor,174.8699951171875,176.02000427246094,173.64999389648438,174.0800018310547,169.8861083984375,18429800
2024-09-23,TSM,Taiwan Semiconductor,174.83999633789062,175.39999389648438,173.6999969482422,174.75999450683594,170.54971313476562,5794200
2024-09-24,TSM,Taiwan Semiconductor,179.5,182.77999877929688,177.0500030517578,181.97000122070312,177.58599853515625,14576100
2024-09-25,TSM,Taiwan Semiconductor,181.52000427246094,183.82000732421875,181.2100067138672,182.35000610351562,177.9568634033203,8280900
2024-09-26,TSM,Taiwan Semiconductor,188.5,189.3300018310547,183.8000030517578,186.8300018310547,182.3289337158203,15103400
2024-09-27,TSM,Taiwan Semiconductor,185.83999633789062,185.94000244140625,177.39999389648438,177.97000122070312,173.68238830566406,17908400
2024-09-30,TSM,Taiwan Semiconductor,174.27000427246094,176.82000732421875,171.92999267578125,173.6699981689453,169.4859619140625,13540200
2024-10-01,TSM,Taiwan Semiconductor,175.30999755859375,175.99000549316406,170.77999877929688,172.07000732421875,167.9245147705078,11850200
2024-10-02,TSM,Taiwan Semiconductor,172.9600067138672,176.97000122070312,170.7899932861328,175.8000030517578,171.5646514892578,11164400
2024-10-03,TSM,Taiwan Semiconductor,175.8000030517578,180.7899932861328,175.1199951171875,179.47999572753906,175.15597534179688,12555000
2024-10-04,TSM,Taiwan Semiconductor,179.6999969482422,181.22999572753906,177.5500030517578,181.16000366210938,176.79554748535156,9993800
2024-10-07,TSM,Taiwan Semiconductor,181.60000610351562,185.0,180.92999267578125,184.50999450683594,180.06480407714844,12054200
2024-10-08,TSM,Taiwan Semiconductor,184.9600067138672,186.5399932861328,182.02999877929688,186.0500030517578,181.56771850585938,10394200
2024-10-09,TSM,Taiwan Semiconductor,187.8000030517578,188.0,182.25999450683594,187.13999938964844,182.63143920898438,11925000
2024-10-10,TSM,Taiwan Semiconductor,185.86000061035156,187.0800018310547,184.39999389648438,185.77999877929688,181.30421447753906,6443800
2024-10-11,TSM,Taiwan Semiconductor,188.1699981689453,191.49000549316406,188.00999450683594,190.80999755859375,186.21302795410156,12163900
2024-10-14,TSM,Taiwan Semiconductor,190.61000061035156,194.25,190.5,192.2100067138672,187.57931518554688,11714400
2024-10-15,TSM,Taiwan Semiconductor,192.9600067138672,193.6199951171875,184.25,187.1300048828125,182.62168884277344,21812700
2024-10-16,TSM,Taiwan Semiconductor,189.77999877929688,190.00999450683594,186.66000366210938,187.47999572753906,182.9632568359375,18689200
2024-10-17,TSM,Taiwan Semiconductor,203.35000610351562,212.60000610351562,201.97000122070312,205.83999633789062,200.8809356689453,62274700
2024-10-18,TSM,Taiwan Semiconductor,205.9499969482422,205.9499969482422,200.75999450683594,200.77999877929688,195.94284057617188,21030800
2024-10-21,TSM,Taiwan Semiconductor,200.80999755859375,203.44000244140625,199.66000366210938,201.9499969482422,197.0846405029297,14820000
2024-10-22,TSM,Taiwan Semiconductor,199.07000732421875,200.1699981689453,197.11000061035156,198.47999572753906,193.69822692871094,11165100
2024-10-23,TSM,Taiwan Semiconductor,196.67999267578125,203.1300048828125,196.22999572753906,200.86000061035156,196.02090454101562,16535700
2024-10-24,TSM,Taiwan Semiconductor,198.9600067138672,200.5,197.41000366210938,197.92999267578125,193.16148376464844,9935800
2024-10-25,TSM,Taiwan Semiconductor,200.25,205.1999969482422,200.0,203.44000244140625,198.53875732421875,13434900
2024-10-28,TSM,Taiwan Semiconductor,199.25999450683594,199.74000549316406,194.52000427246094,194.67999267578125,189.9897918701172,20135300
2024-10-29,TSM,Taiwan Semiconductor,194.38999938964844,198.7899932861328,193.60000610351562,196.94000244140625,192.19534301757812,13779100
2024-10-30,TSM,Taiwan Semiconductor,194.3800048828125,195.4499969482422,192.61000061035156,194.47999572753906,189.7946014404297,10007800
2024-10-31,TSM,Taiwan Semiconductor,192.86000061035156,192.86000061035156,187.66000366210938,190.5399932861328,185.94952392578125,13062700
2024-11-01,TSM,Taiwan Semiconductor,194.1999969482422,198.1699981689453,192.5500030517578,192.9499969482422,188.30148315429688,12691200
2024-11-04,TSM,Taiwan Semiconductor,193.6999969482422,194.36000061035156,190.60000610351562,191.55999755859375,186.9449462890625,10917300
2024-11-05,TSM,Taiwan Semiconductor,193.5800018310547,198.33999633789062,193.49000549316406,195.75999450683594,191.0437774658203,10339200
2024-11-06,TSM,Taiwan Semiconductor,192.0399932861328,194.25999450683594,188.5,193.22000122070312,188.56497192382812,19834900
2024-11-07,TSM,Taiwan Semiconductor,196.30999755859375,202.00999450683594,196.25,201.19000244140625,196.3429412841797,14865200
2024-11-08,TSM,Taiwan Semiconductor,203.88999938964844,206.61000061035156,200.02000427246094,201.1999969482422,196.35272216796875,13112100
2024-11-11,TSM,Taiwan Semiconductor,197.9600067138672,198.1999969482422,191.49000549316406,194.0500030517578,189.37498474121094,16610000
2024-11-12,TSM,Taiwan Semiconductor,193.8300018310547,194.0,189.72000122070312,191.77000427246094,187.14990234375,11819000
2024-11-13,TSM,Taiwan Semiconductor,192.44000244140625,192.47999572753906,186.5,186.66000366210938,182.1630096435547,13882200
2024-11-14,TSM,Taiwan Semiconductor,188.39999389648438,192.66000366210938,187.5399932861328,188.5,183.95867919921875,11453900
2024-11-15,TSM,Taiwan Semiconductor,188.17999267578125,188.8000030517578,184.80999755859375,186.00999450683594,181.52867126464844,9834800
2024-11-18,TSM,Taiwan Semiconductor,184.35000610351562,188.0,183.49000549316406,187.47999572753906,182.9632568359375,10681500
2024-11-19,TSM,Taiwan Semiconductor,189.1300048828125,190.02000427246094,188.02000427246094,189.6699981689453,185.1005096435547,9390100
2024-11-20,TSM,Taiwan Semiconductor,188.85000610351562,188.85000610351562,184.05999755859375,188.36000061035156,183.8220672607422,10624500
2024-11-21,TSM,Taiwan Semiconductor,189.41000366210938,192.3000030517578,186.74000549316406,191.24000549316406,186.63267517089844,18137300
2024-11-22,TSM,Taiwan Semiconductor,192.9499969482422,193.0,189.42999267578125,190.0800018310547,185.50062561035156,8838900
2024-11-25,TSM,Taiwan Semiconductor,188.08999633789062,188.25,183.7100067138672,185.0800018310547,180.62109375,14380000
2024-11-26,TSM,Taiwan Semiconductor,185.39999389648438,185.89999389648438,182.3300018310547,183.83999633789062,179.41094970703125,10186600
2024-11-27,TSM,Taiwan Semiconductor,182.0,182.4499969482422,178.0500030517578,181.19000244140625,176.82481384277344,9895200
2024-11-29,TSM,Taiwan Semiconductor,181.50999450683594,186.9499969482422,181.17999267578125,184.66000366210938,180.21121215820312,8045300
2024-12-02,TSM,Taiwan Semiconductor,189.33999633789062,195.2899932861328,188.94000244140625,194.39999389648438,189.71652221679688,16646900
2024-12-03,TSM,Taiwan Semiconductor,193.5,199.0,192.60000610351562,198.88999938964844,194.09837341308594,11217700
2024-12-04,TSM,Taiwan Semiconductor,199.85000610351562,202.60000610351562,198.27000427246094,200.69000244140625,195.85501098632812,12761100
2024-12-05,TSM,Taiwan Semiconductor,201.25,205.6300048828125,200.75,204.3000030517578,199.37803649902344,12483700
2024-12-06,TSM,Taiwan Semiconductor,202.0,203.19000244140625,199.92999267578125,203.02000427246094,198.12889099121094,9672900
2024-12-09,TSM,Taiwan Semiconductor,200.92999267578125,203.1300048828125,198.97999572753906,199.1699981689453,194.3716278076172,9699700
2024-12-10,TSM,Taiwan Semiconductor,199.10000610351562,199.91000366210938,190.3699951171875,191.94000244140625,187.31581115722656,15307900
2024-12-11,TSM,Taiwan Semiconductor,194.6699981689453,196.0,193.25999450683594,194.60000610351562,189.91171264648438,9027600
2024-12-12,TSM,Taiwan Semiconductor,194.6300048828125,195.4199981689453,191.2899932861328,191.4600067138672,187.44070434570312,7944900
2024-12-13,TSM,Taiwan Semiconductor,198.50999450683594,202.5399932861328,197.27000427246094,200.99000549316406,196.77066040039062,19477000
2024-12-16,TSM,Taiwan Semiconductor,203.1999969482422,205.5,200.8699951171875,202.22000122070312,197.97482299804688,15139300
2024-12-17,TSM,Taiwan Semiconductor,201.0,202.39999389648438,197.47000122070312,200.66000366210938,196.4475860595703,11169400
2024-12-18,TSM,Taiwan Semiconductor,203.0,205.24000549316406,193.9600067138672,195.55999755859375,191.4546356201172,14721100
2024-12-19,TSM,Taiwan Semiconductor,198.39999389648438,198.57000732421875,193.9499969482422,194.63999938964844,190.553955078125,10553400
2024-12-20,TSM,Taiwan Semiconductor,192.60000610351562,198.0800018310547,191.97999572753906,197.2100067138672,193.0700225830078,16170100
2024-12-23,TSM,Taiwan Semiconductor,201.0,208.0500030517578,200.91000366210938,207.36000061035156,203.00692749023438,17847000
2024-12-24,TSM,Taiwan Semiconductor,205.9199981689453,207.1999969482422,204.5500030517578,206.3300018310547,201.99855041503906,7634500
2024-12-26,TSM,Taiwan Semiconductor,205.5,208.16000366210938,202.88999938964844,203.05999755859375,198.7971954345703,8044900
2024-12-27,TSM,Taiwan Semiconductor,204.5,204.5,199.0500030517578,201.6300048828125,197.397216796875,10664400
2024-12-30,TSM,Taiwan Semiconductor,199.83999633789062,201.97000122070312,198.47999572753906,200.38999938964844,196.18325805664062,11235200
2024-12-31,TSM,Taiwan Semiconductor,200.7899932861328,201.77999877929688,197.36000061035156,197.49000549316406,193.34413146972656,6427900
2025-01-02,TSM,Taiwan Semiconductor,197.0,203.77000427246094,196.69000244140625,201.5800018310547,197.3482666015625,10951400
2025-01-03,TSM,Taiwan Semiconductor,204.10000610351562,208.8000030517578,203.6999969482422,208.61000061035156,204.23069763183594,10261900
2025-01-06,TSM,Taiwan Semiconductor,218.77000427246094,222.1999969482422,215.69000244140625,220.00999450683594,215.391357421875,24339900
2025-01-07,TSM,Taiwan Semiconductor,221.24000549316406,221.47999572753906,211.32000732421875,211.4199981689453,206.981689453125,17010000
2025-01-08,TSM,Taiwan Semiconductor,209.97000122070312,210.3000030517578,205.9199981689453,207.1199951171875,202.77195739746094,13262700
2025-01-10,TSM,Taiwan Semiconductor,207.60000610351562,209.97999572753906,203.22999572753906,208.3699951171875,203.9957275390625,17265200
2025-01-13,TSM,Taiwan Semiconductor,200.52000427246094,203.58999633789062,200.0500030517578,201.36000061035156,197.1328887939453,16612400
2025-01-14,TSM,Taiwan Semiconductor,205.19000244140625,206.25999450683594,198.5,201.4499969482422,197.2209930419922,14182900
2025-01-15,TSM,Taiwan Semiconductor,202.49000549316406,209.0399932861328,199.35000610351562,206.8000030517578,202.45867919921875,18286500
2025-01-16,TSM,Taiwan Semiconductor,218.88999938964844,221.9499969482422,213.1699981689453,214.7899932861328,210.2809295654297,38539600
2025-01-17,TSM,Taiwan Semiconductor,215.1699981689453,215.67999267578125,211.05999755859375,211.5,207.0600128173828,21606100
2025-01-21,TSM,Taiwan Semiconductor,214.4600067138672,220.14999389648438,212.0500030517578,218.6999969482422,214.10885620117188,19061300
2025-01-22,TSM,Taiwan Semiconductor,221.9499969482422,225.42999267578125,219.30999755859375,223.1999969482422,218.51438903808594,17294500
2025-01-23,TSM,Taiwan Semiconductor,220.10000610351562,224.6999969482422,219.41000366210938,224.6199951171875,219.9045867919922,8986800
2025-01-24,TSM,Taiwan Semiconductor,226.22000122070312,226.39999389648438,220.9600067138672,221.8800048828125,217.22210693359375,13183800
2025-01-27,TSM,Taiwan Semiconductor,197.0399932861328,207.0,187.6699981689453,192.30999755859375,188.2728729248047,68667500
2025-01-28,TSM,Taiwan Semiconductor,195.64999389648438,202.83999633789062,192.4600067138672,202.39999389648438,198.15106201171875,31738800
2025-01-29,TSM,Taiwan Semiconductor,204.49000549316406,206.4499969482422,199.75,202.3300018310547,198.08251953125,15199500
2025-01-30,TSM,Taiwan Semiconductor,206.57000732421875,209.6199951171875,205.4199981689453,208.14999389648438,203.7803497314453,13539000
2025-01-31,TSM,Taiwan Semiconductor,209.92999267578125,215.0,208.1999969482422,209.32000732421875,204.92579650878906,15746900
2025-02-03,TSM,Taiwan Semiconductor,199.6300048828125,204.99000549316406,197.97999572753906,199.8000030517578,195.60562133789062,17719800
2025-02-04,TSM,Taiwan Semiconductor,204.07000732421875,205.75,202.0800018310547,204.0500030517578,199.76641845703125,12692900
2025-02-05,TSM,Taiwan Semiconductor,206.0,210.47999572753906,203.8300018310547,208.57000732421875,204.1915283203125,10997800
2025-02-06,TSM,Taiwan Semiconductor,210.05999755859375,211.17999267578125,207.0,210.5,206.0810089111328,8491400
2025-02-07,TSM,Taiwan Semiconductor,213.00999450683594,213.17999267578125,205.72000122070312,206.1199951171875,201.79293823242188,11616200
2025-02-10,TSM,Taiwan Semiconductor,208.0,209.97999572753906,206.52999877929688,207.9499969482422,203.5845489501953,9296500
2025-02-11,TSM,Taiwan Semiconductor,205.1300048828125,209.83999633789062,201.0,208.74000549316406,204.3579559326172,9224500
2025-02-12,TSM,Taiwan Semiconductor,204.89999389648438,207.07000732421875,203.00999450683594,206.3800048828125,202.04750061035156,7373700
2025-02-13,TSM,Taiwan Semiconductor,201.8800048828125,202.3000030517578,199.22999572753906,201.8300018310547,197.593017578125,15580900
2025-02-14,TSM,Taiwan Semiconductor,199.97999572753906,206.25,197.4600067138672,203.89999389648438,199.6195526123047,23220300
2025-02-18,TSM,Taiwan Semiconductor,204.75999450683594,205.85000610351562,200.52000427246094,202.74000549316406,198.4839324951172,14988100
2025-02-19,TSM,Taiwan Semiconductor,202.00999450683594,202.60000610351562,200.02000427246094,200.9499969482422,196.73147583007812,13163100
2025-02-20,TSM,Taiwan Semiconductor,200.27999877929688,200.33999633789062,197.61000061035156,200.10000610351562,195.89935302734375,10639300
2025-02-21,TSM,Taiwan Semiconductor,201.3300018310547,202.69000244140625,196.00999450683594,198.24000549316406,194.07839965820312,13757300
2025-02-24,TSM,Taiwan Semiconductor,196.8800048828125,198.7899932861328,191.4600067138672,191.64999389648438,187.62672424316406,15114300
2025-02-25,TSM,Taiwan Semiconductor,190.64999389648438,193.52999877929688,187.47000122070312,189.3699951171875,185.39456176757812,20581000
2025-02-26,TSM,Taiwan Semiconductor,191.08999633789062,196.0800018310547,191.08999633789062,194.6199951171875,190.53436279296875,14112300
2025-02-27,TSM,Taiwan Semiconductor,194.69000244140625,194.77000427246094,181.0800018310547,181.08999633789062,177.2883758544922,24219200
2025-02-28,TSM,Taiwan Semiconductor,179.30999755859375,182.16000366210938,175.52000427246094,180.52999877929688,176.74017333984375,27929400
2025-03-03,TSM,Taiwan Semiconductor,181.14999389648438,181.57000732421875,171.07000732421875,172.97000122070312,169.33888244628906,37403000
2025-03-04,TSM,Taiwan Semiconductor,175.05999755859375,183.60000610351562,174.17999267578125,180.0,176.22129821777344,29395200
2025-03-05,TSM,Taiwan Semiconductor,183.0,184.74000549316406,180.72000122070312,184.27999877929688,180.4114532470703,17334000
2025-03-06,TSM,Taiwan Semiconductor,178.5800018310547,181.5500030517578,175.7899932861328,175.85000610351562,172.15841674804688,17864300
2025-03-07,TSM,Taiwan Semiconductor,175.7899932861328,178.47000122070312,171.02000427246094,177.10000610351562,173.38217163085938,21012700
2025-03-10,TSM,Taiwan Semiconductor,172.47000122070312,174.88999938964844,167.91000366210938,170.64999389648438,167.06756591796875,18265100
2025-03-11,TSM,Taiwan Semiconductor,170.64999389648438,173.3300018310547,168.10000610351562,170.97000122070312,167.38087463378906,16561100
2025-03-12,TSM,Taiwan Semiconductor,175.60000610351562,178.1300048828125,174.75999450683594,177.1699981689453,173.45071411132812,14737600
2025-03-13,TSM,Taiwan Semiconductor,173.88999938964844,173.88999938964844,170.5,171.58999633789062,167.9878387451172,14381600
2025-03-14,TSM,Taiwan Semiconductor,172.64999389648438,174.3699951171875,171.92999267578125,174.08999633789062,170.4353485107422,11449400
2025-03-17,TSM,Taiwan Semiconductor,173.9499969482422,177.16000366210938,173.82000732421875,176.24000549316406,172.5402069091797,9678100
2025-03-18,TSM,Taiwan Semiconductor,174.3800048828125,174.5800018310547,170.42999267578125,173.1300048828125,170.15591430664062,9986000
2025-03-19,TSM,Taiwan Semiconductor,173.0,175.72999572753906,171.74000549316406,173.75999450683594,170.7750701904297,10678500
2025-03-20,TSM,Taiwan Semiconductor,174.85000610351562,178.6699981689453,174.5500030517578,177.47000122070312,174.42137145996094,12209700
2025-03-21,TSM,Taiwan Semiconductor,174.91000366210938,177.1999969482422,173.7899932861328,176.72999572753906,173.6940460205078,9993200
2025-03-24,TSM,Taiwan Semiconductor,179.99000549316406,182.92999267578125,179.67999267578125,181.16000366210938,178.0479736328125,11440000
2025-03-25,TSM,Taiwan Semiconductor,182.47000122070312,182.50999450683594,179.8000030517578,180.89999389648438,177.79241943359375,8718800
2025-03-26,TSM,Taiwan Semiconductor,179.22999572753906,179.5500030517578,171.47000122070312,173.5,170.51953125,14612400
2025-03-27,TSM,Taiwan Semiconductor,171.38999938964844,171.61000061035156,167.5500030517578,168.24000549316406,165.34991455078125,17559100
2025-03-28,TSM,Taiwan Semiconductor,168.0399932861328,168.6300048828125,164.05999755859375,165.25,162.41128540039062,16332000
2025-03-31,TSM,Taiwan Semiconductor,160.36000061035156,166.1300048828125,159.72999572753906,166.0,163.1483917236328,19408300
2025-04-01,TSM,Taiwan Semiconductor,166.38999938964844,168.8699951171875,165.05999755859375,168.63999938964844,165.74302673339844,9180000
2025-04-02,TSM,Taiwan Semiconductor,166.85000610351562,171.75,166.35000610351562,170.38999938964844,167.4629669189453,10072700
2025-04-03,TSM,Taiwan Semiconductor,160.05999755859375,161.8000030517578,157.2100067138672,157.3800048828125,154.67645263671875,28370500
2025-04-04,TSM,Taiwan Semiconductor,150.88999938964844,151.30999755859375,144.83999633789062,146.8000030517578,144.2781982421875,36085100
2025-04-07,TSM,Taiwan Semiconductor,134.50999450683594,153.75,134.25,146.1699981689453,143.65904235839844,46388300
2025-04-08,TSM,Taiwan Semiconductor,151.97999572753906,152.61000061035156,138.97999572753906,141.3699951171875,138.9414825439453,30479700
2025-04-09,TSM,Taiwan Semiconductor,140.1999969482422,160.6199951171875,137.89999389648438,158.75,156.0229034423828,45612500
2025-04-10,TSM,Taiwan Semiconductor,155.5,156.0,146.91000366210938,151.1300048828125,148.53384399414062,24503500
2025-04-11,TSM,Taiwan Semiconductor,156.0,158.00999450683594,153.25,157.0800018310547,154.38162231445312,19632200
2025-04-14,TSM,Taiwan Semiconductor,158.3000030517578,158.58999633789062,154.02999877929688,155.83999633789062,153.16290283203125,17509400
2025-04-15,TSM,Taiwan Semiconductor,156.49000549316406,158.25,156.0500030517578,157.3300018310547,154.6273193359375,14306600
2025-04-16,TSM,Taiwan Semiconductor,150.60000610351562,153.5399932861328,148.49000549316406,151.6699981689453,149.06454467773438,23806100
2025-04-17,TSM,Taiwan Semiconductor,156.0500030517578,157.5,151.4499969482422,151.74000549316406,149.13336181640625,27239900
2025-04-21,TSM,Taiwan Semiconductor,149.99000549316406,150.27999877929688,145.83999633789062,147.86000061035156,145.3199920654297,15170500
2025-04-22,TSM,Taiwan Semiconductor,148.0,152.60000610351562,147.44000244140625,151.39999389648438,148.79917907714844,12668600
2025-04-23,TSM,Taiwan Semiconductor,159.3699951171875,160.3800048828125,156.0,157.80999755859375,155.09909057617188,17667900
2025-04-24,TSM,Taiwan Semiconductor,157.77999877929688,164.5500030517578,157.38999938964844,164.17999267578125,161.35963439941406,18761100
2025-04-25,TSM,Taiwan Semiconductor,163.92999267578125,165.91000366210938,161.16000366210938,165.10000610351562,162.2638397216797,14654800
2025-04-28,TSM,Taiwan Semiconductor,165.0,165.32000732421875,160.5,163.39999389648438,160.59303283691406,11415600
2025-04-29,TSM,Taiwan Semiconductor,164.3800048828125,166.0,163.5,164.47999572753906,161.65447998046875,9830100
2025-04-30,TSM,Taiwan Semiconductor,163.5399932861328,166.9199981689453,161.75,166.69000244140625,163.82652282714844,10073000
2025-05-01,TSM,Taiwan Semiconductor,172.8000030517578,174.77999877929688,170.9499969482422,172.72000122070312,169.75294494628906,22670600
2025-05-02,TSM,Taiwan Semiconductor,179.8000030517578,180.64999389648438,177.13999938964844,179.27999877929688,176.2002410888672,21691200
2025-05-05,TSM,Taiwan Semiconductor,179.0,180.0800018310547,176.25,176.39999389648438,173.36972045898438,14618900
2025-05-06,TSM,Taiwan Semiconductor,172.60000610351562,174.74000549316406,170.58999633789062,172.27999877929688,169.3205108642578,14565600
2025-05-07,TSM,Taiwan Semiconductor,174.10000610351562,175.97999572753906,171.3699951171875,174.5399932861328,171.5416717529297,9682500
2025-05-08,TSM,Taiwan Semiconductor,175.33999633789062,177.4499969482422,173.66000366210938,175.22000122070312,172.2100067138672,10343000
2025-05-09,TSM,Taiwan Semiconductor,179.8000030517578,180.4600067138672,176.47000122070312,176.52000427246094,173.48765563964844,11582800
2025-05-12,TSM,Taiwan Semiconductor,187.27999877929688,189.1699981689453,184.61000061035156,186.97999572753906,183.76797485351562,22064900
2025-05-13,TSM,Taiwan Semiconductor,187.72000122070312,194.27999877929688,187.72000122070312,193.99000549316406,190.65756225585938,19996000
2025-05-14,TSM,Taiwan Semiconductor,195.27999877929688,196.22000122070312,193.22999572753906,194.75999450683594,191.41433715820312,12359000
2025-05-15,TSM,Taiwan Semiconductor,193.10000610351562,194.49000549316406,191.6300048828125,194.22000122070312,190.88360595703125,10241800
2025-05-16,TSM,Taiwan Semiconductor,194.52999877929688,195.0800018310547,192.57000732421875,194.22000122070312,190.88360595703125,9146700
2025-05-19,TSM,Taiwan Semiconductor,189.0,193.5,188.80999755859375,193.5,190.1759796142578,10144400
2025-05-20,TSM,Taiwan Semiconductor,191.8000030517578,193.72999572753906,190.80999755859375,193.4499969482422,190.1268310546875,7054100
2025-05-21,TSM,Taiwan Semiconductor,193.10000610351562,195.27000427246094,190.52999877929688,191.75999450683594,188.4658660888672,7375700
2025-05-22,TSM,Taiwan Semiconductor,191.33999633789062,196.8300018310547,191.33999633789062,196.19000244140625,192.8197784423828,11825000
2025-05-23,TSM,Taiwan Semiconductor,192.02000427246094,192.8000030517578,190.02999877929688,191.97999572753906,188.68206787109375,9403100
2025-05-27,TSM,Taiwan Semiconductor,194.10000610351562,198.30999755859375,193.6999969482422,197.67999267578125,194.28414916992188,12228200
2025-05-28,TSM,Taiwan Semiconductor,196.08999633789062,198.07000732421875,195.47999572753906,196.13999938964844,192.7706298828125,17787600
2025-05-29,TSM,Taiwan Semiconductor,199.4600067138672,199.8000030517578,196.0800018310547,197.14999389648438,193.76327514648438,14609900
2025-05-30,TSM,Taiwan Semiconductor,195.77000427246094,195.91000366210938,190.55999755859375,193.32000732421875,189.9990692138672,11998300
2025-06-02,TSM,Taiwan Semiconductor,193.0399932861328,195.16000366210938,192.1999969482422,194.83999633789062,191.49295043945312,7447400
2025-06-03,TSM,Taiwan Semiconductor,194.35000610351562,198.1699981689453,193.63999938964844,197.61000061035156,194.21539306640625,9548300
2025-06-04,TSM,Taiwan Semiconductor,201.3800048828125,204.02999877929688,200.3800048828125,202.39999389648438,198.92308044433594,13531100
2025-06-05,TSM,Taiwan Semiconductor,204.8800048828125,205.75999450683594,202.27999877929688,203.33999633789062,199.84693908691406,12214300
2025-06-06,TSM,Taiwan Semiconductor,203.5800018310547,206.2899932861328,203.22999572753906,205.17999267578125,201.6553497314453,8532000
2025-06-09,TSM,Taiwan Semiconductor,206.39999389648438,209.27000427246094,205.8699951171875,207.0,203.44406127929688,11472300
2025-06-10,TSM,Taiwan Semiconductor,211.61000061035156,213.22999572753906,209.9600067138672,212.4600067138672,208.81028747558594,14514000
2025-06-11,TSM,Taiwan Semiconductor,215.0,217.42999267578125,212.9499969482422,214.10000610351562,210.42210388183594,13326400
2025-06-12,TSM,Taiwan Semiconductor,212.9199981689453,215.8800048828125,211.91000366210938,215.42999267578125,212.50343322753906,9796100
2025-06-13,TSM,Taiwan Semiconductor,210.11000061035156,213.25999450683594,209.39999389648438,211.10000610351562,208.23226928710938,10152500
2025-06-16,TSM,Taiwan Semiconductor,213.0,217.60000610351562,212.72999572753906,215.67999267578125,212.7500457763672,10932900
2025-06-17,TSM,Taiwan Semiconductor,213.88999938964844,215.94000244140625,213.5,213.89999389648438,210.9942169189453,8389700
2025-06-18,TSM,Taiwan Semiconductor,214.6999969482422,215.1699981689453,212.88999938964844,213.5,210.5996551513672,6932000
2025-06-20,TSM,Taiwan Semiconductor,215.1999969482422,215.5,208.14999389648438,209.50999450683594,206.6638641357422,16992000
2025-06-23,TSM,Taiwan Semiconductor,206.6300048828125,210.58999633789062,206.1999969482422,210.32000732421875,207.46286010742188,7535500
2025-06-24,TSM,Taiwan Semiconductor,214.38999938964844,220.3699951171875,213.8800048828125,220.08999633789062,217.10011291503906,14814700
2025-06-25,TSM,Taiwan Semiconductor,220.8000030517578,223.5,220.8000030517578,222.74000549316406,219.71414184570312,9168400
2025-06-26,TSM,Taiwan Semiconductor,224.97999572753906,225.22000122070312,222.6999969482422,224.00999450683594,220.9668731689453,7982200
2025-06-27,TSM,Taiwan Semiconductor,224.3000030517578,228.8800048828125,224.02999877929688,228.57000732421875,225.4649658203125,13133000
2025-06-30,TSM,Taiwan Semiconductor,227.44000244140625,228.14999389648438,224.8000030517578,226.49000549316406,223.41319274902344,9279800
2025-07-01,TSM,Taiwan Semiconductor,227.42999267578125,228.60000610351562,221.17999267578125,224.67999267578125,221.62777709960938,9990200
2025-07-02,TSM,Taiwan Semiconductor,224.47999572753906,233.82000732421875,224.0,233.60000610351562,230.42660522460938,12012500
2025-07-03,TSM,Taiwan Semiconductor,233.8699951171875,237.5800018310547,233.27000427246094,234.8000030517578,231.6103057861328,7779600
2025-07-07,TSM,Taiwan Semiconductor,231.6300048828125,232.5500030517578,227.44000244140625,229.1699981689453,226.05679321289062,13817500
2025-07-08,TSM,Taiwan Semiconductor,229.77999877929688,230.3300018310547,227.5399932861328,227.86000061035156,224.76458740234375,8854400
2025-07-09,TSM,Taiwan Semiconductor,230.4499969482422,233.27000427246094,230.24000549316406,231.83999633789062,228.69052124023438,9475300
2025-07-10,TSM,Taiwan Semiconductor,232.77999877929688,233.0500030517578,227.77000427246094,229.75999450683594,226.6387481689453,13124700
2025-07-11,TSM,Taiwan Semiconductor,231.0,232.27000427246094,229.39999389648438,230.39999389648438,227.27008056640625,8817800
2025-07-14,TSM,Taiwan Semiconductor,229.3300018310547,229.85000610351562,226.30999755859375,228.6699981689453,225.56356811523438,10673500
2025-07-15,TSM,Taiwan Semiconductor,234.4600067138672,237.7100067138672,233.85000610351562,236.9499969482422,233.73109436035156,14270100
2025-07-16,TSM,Taiwan Semiconductor,236.39999389648438,238.30999755859375,234.14999389648438,237.55999755859375,234.3328094482422,15092800
2025-07-17,TSM,Taiwan Semiconductor,245.7899932861328,248.27999877929688,241.38999938964844,245.60000610351562,242.2635955810547,27395700
2025-07-18,TSM,Taiwan Semiconductor,245.30999755859375,245.97000122070312,238.69000244140625,240.39999389648438,237.1342315673828,16252000
2025-07-21,TSM,Taiwan Semiconductor,240.1199951171875,242.33999633789062,238.7100067138672,238.85000610351562,235.60528564453125,11971800
2025-07-22,TSM,Taiwan Semiconductor,237.8300018310547,238.0,231.75999450683594,234.60000610351562,231.41302490234375,11919500
2025-07-23,TSM,Taiwan Semiconductor,238.52000427246094,240.5,236.3800048828125,240.3300018310547,237.065185546875,9885400
2025-07-24,TSM,Taiwan Semiconductor,240.2100067138672,241.9499969482422,238.02999877929688,241.60000610351562,238.31793212890625,9081900
2025-07-25,TSM,Taiwan Semiconductor,241.32000732421875,246.24000549316406,240.94000244140625,245.60000610351562,242.2635955810547,11593400
2025-07-28,TSM,Taiwan Semiconductor,243.0,243.9499969482422,241.0500030517578,242.75,239.4523162841797,11892200
2025-07-29,TSM,Taiwan Semiconductor,241.5,243.97000122070312,239.82000732421875,241.3300018310547,238.0515899658203,9411500
2025-07-30,TSM,Taiwan Semiconductor,242.1199951171875,244.57000732421875,241.22000122070312,242.91000366210938,239.61013793945312,6823800
2025-07-31,TSM,Taiwan Semiconductor,245.97999572753906,247.41000366210938,239.8000030517578,241.6199951171875,238.33766174316406,13490700
2025-08-01,TSM,Taiwan Semiconductor,235.6199951171875,237.19000244140625,231.83999633789062,235.2100067138672,232.0147247314453,13549800
2025-08-04,TSM,Taiwan Semiconductor,237.91000366210938,239.0,236.38999938964844,239.0,235.7532501220703,6450700
2025-08-05,TSM,Taiwan Semiconductor,238.3300018310547,238.6300048828125,230.1699981689453,232.47000122070312,229.31195068359375,11868900
2025-08-06,TSM,Taiwan Semiconductor,231.02999877929688,232.1999969482422,228.82000732421875,231.3699951171875,228.22689819335938,9457200
2025-08-07,TSM,Taiwan Semiconductor,244.47000122070312,247.83999633789062,240.8000030517578,242.6199951171875,239.32406616210938,17691000
2025-08-08,TSM,Taiwan Semiconductor,243.16000366210938,243.16000366210938,238.97000122070312,241.8300018310547,238.5447998046875,10552500
2025-08-11,TSM,Taiwan Semiconductor,242.0399932861328,245.35000610351562,241.5399932861328,242.08999633789062,238.80125427246094,8272900
2025-08-12,TSM,Taiwan Semiconductor,243.72000122070312,244.77000427246094,241.6999969482422,244.2899932861328,240.9713897705078,7295800
2025-08-13,TSM,Taiwan Semiconductor,246.42999267578125,246.42999267578125,239.94000244140625,241.44000244140625,238.1601104736328,7971900
2025-08-14,TSM,Taiwan Semiconductor,237.97000122070312,241.3800048828125,236.82000732421875,241.0,237.72608947753906,11040500
2025-08-15,TSM,Taiwan Semiconductor,240.3300018310547,240.8000030517578,237.25999450683594,238.8800048828125,235.6348876953125,8155500
2025-08-18,TSM,Taiwan Semiconductor,239.99000549316406,242.86000061035156,239.99000549316406,241.41000366210938,238.13050842285156,6919800
2025-08-19,TSM,Taiwan Semiconductor,240.02000427246094,240.1699981689453,232.5800018310547,232.6999969482422,229.53880310058594,14594700
2025-08-20,TSM,Taiwan Semiconductor,228.13999938964844,229.02999877929688,223.6999969482422,228.60000610351562,225.49452209472656,17165200
2025-08-21,TSM,Taiwan Semiconductor,228.14999389648438,230.3300018310547,226.25999450683594,227.3300018310547,224.2417755126953,7449100
2025-08-22,TSM,Taiwan Semiconductor,228.0,234.4499969482422,226.1699981689453,232.99000549316406,229.82489013671875,10299500
2025-08-25,TSM,Taiwan Semiconductor,234.3000030517578,237.27999877929688,232.25,235.58999633789062,232.3895721435547,7655000
2025-08-26,TSM,Taiwan Semiconductor,236.3699951171875,238.8300018310547,235.72999572753906,238.72000122070312,235.47706604003906,9793100
2025-08-27,TSM,Taiwan Semiconductor,236.8699951171875,239.39999389648438,235.44000244140625,239.2899932861328,236.03929138183594,9516400
2025-08-28,TSM,Taiwan Semiconductor,236.3000030517578,240.66000366210938,236.0,238.27000427246094,235.0331573486328,8466200
2025-08-29,TSM,Taiwan Semiconductor,235.83999633789062,235.9499969482422,230.5800018310547,230.8699951171875,227.73367309570312,15526000
2025-09-02,TSM,Taiwan Semiconductor,226.14999389648438,229.33999633789062,225.6300048828125,228.38999938964844,225.28738403320312,13974900
2025-09-03,TSM,Taiwan Semiconductor,231.52000427246094,232.4499969482422,228.60000610351562,231.38999938964844,228.24661254882812,7198500
2025-09-04,TSM,Taiwan Semiconductor,231.35000610351562,235.30999755859375,230.3000030517578,235.2100067138672,232.0147247314453,6241900
2025-09-05,TSM,Taiwan Semiconductor,240.24000549316406,244.5500030517578,237.89999389648438,243.41000366210938,240.10333251953125,14056600
2025-09-08,TSM,Taiwan Semiconductor,241.99000549316406,247.8800048828125,241.6199951171875,247.19000244140625,243.83197021484375,12986600
2025-09-09,TSM,Taiwan Semiconductor,246.92999267578125,254.72999572753906,246.92999267578125,250.9199981689453,247.5113067626953,13443400
2025-09-10,TSM,Taiwan Semiconductor,258.8699951171875,264.5799865722656,257.75,260.44000244140625,256.9019775390625,18822400
2025-09-11,TSM,Taiwan Semiconductor,260.3500061035156,261.6400146484375,258.2300109863281,258.9100036621094,255.39276123046875,10005000
2025-09-12,TSM,Taiwan Semiconductor,260.8500061035156,260.95001220703125,258.3800048828125,259.3299865722656,255.80703735351562,8496600
2025-09-15,TSM,Taiwan Semiconductor,260.0,262.79998779296875,258.75,261.3800048828125,257.8292236328125,8147700
2025-09-16,TSM,Taiwan Semiconductor,265.9200134277344,266.44000244140625,260.6099853515625,262.05999755859375,259.31549072265625,10381900
2025-09-17,TSM,Taiwan Semiconductor,264.3399963378906,264.80999755859375,259.7300109863281,262.7900085449219,260.0378723144531,10422000
2025-09-18,TSM,Taiwan Semiconductor,258.0,270.5400085449219,257.9800109863281,268.6400146484375,265.82659912109375,16917300
2025-09-19,TSM,Taiwan Semiconductor,266.3699951171875,266.57000732421875,262.80999755859375,264.8699951171875,262.0960388183594,17640200
2025-09-22,TSM,Taiwan Semiconductor,266.5400085449219,276.3599853515625,265.45001220703125,272.6300048828125,269.7747802734375,15630300
2025-09-23,TSM,Taiwan Semiconductor,282.3999938964844,286.0,280.0,282.7099914550781,279.7492370605469,17830300
2025-09-24,TSM,Taiwan Semiconductor,280.30999755859375,281.2099914550781,276.7200012207031,280.7099914550781,277.7701721191406,10231000
2025-09-25,TSM,Taiwan Semiconductor,273.1199951171875,277.1400146484375,270.19000244140625,276.6600036621094,273.7625732421875,11863400
2025-09-26,TSM,Taiwan Semiconductor,273.8900146484375,275.5,270.6199951171875,273.3599853515625,270.4971618652344,10451900
2025-09-29,TSM,Taiwan Semiconductor,276.489990234375,279.8699951171875,273.2300109863281,273.2300109863281,270.3684997558594,8046200
2025-09-30,TSM,Taiwan Semiconductor,275.32000732421875,279.489990234375,273.8299865722656,279.2900085449219,276.3650207519531,8348800
2025-10-01,TSM,Taiwan Semiconductor,278.44000244140625,290.4800109863281,277.1700134277344,288.4700012207031,285.4488830566406,14620100
2025-10-02,TSM,Taiwan Semiconductor,296.5199890136719,296.7200012207031,287.0299987792969,288.1099853515625,285.0926818847656,10198000
2025-10-03,TSM,Taiwan Semiconductor,292.8599853515625,296.05999755859375,290.489990234375,292.19000244140625,289.12994384765625,10572500
2025-10-06,TSM,Taiwan Semiconductor,300.010009765625,307.29998779296875,299.94000244140625,302.3999938964844,299.23297119140625,15785000
2025-10-07,TSM,Taiwan Semiconductor,306.6199951171875,307.1000061035156,293.2799987792969,294.0299987792969,290.95068359375,13081000
2025-10-08,TSM,Taiwan Semiconductor,295.0,306.3999938964844,293.9800109863281,304.5199890136719,301.330810546875,12821200
2025-10-09,TSM,Taiwan Semiconductor,302.30999755859375,302.8299865722656,297.4200134277344,299.8800048828125,296.73944091796875,10259900
2025-10-10,TSM,Taiwan Semiconductor,299.9599914550781,300.20001220703125,280.3299865722656,280.6600036621094,277.7206726074219,23398000
2025-10-13,TSM,Taiwan Semiconductor,298.239990234375,304.6300048828125,292.32000732421875,302.8900146484375,299.7178955078125,20318300
2025-10-14,TSM,Taiwan Semiconductor,295.6300048828125,301.75,291.3399963378906,295.94000244140625,292.8406677246094,16567900
2025-10-15,TSM,Taiwan Semiconductor,306.2900085449219,306.6099853515625,300.07000732421875,304.7099914550781,301.518798828125,20788000
2025-10-16,TSM,Taiwan Semiconductor,310.92999267578125,311.3699951171875,296.69000244140625,299.8399963378906,296.6997985839844,26341500
2025-10-17,TSM,Taiwan Semiconductor,298.3999938964844,303.29998779296875,294.9200134277344,295.0799865722656,291.9896240234375,17633300
2025-10-20,TSM,Taiwan Semiconductor,300.0,303.6499938964844,297.05999755859375,297.70001220703125,294.58221435546875,13391600
2025-10-21,TSM,Taiwan Semiconductor,299.0,299.3699951171875,293.6600036621094,294.510009765625,291.4256896972656,11190500
2025-10-22,TSM,Taiwan Semiconductor,293.0,295.20001220703125,284.3999938964844,288.8800048828125,285.8546142578125,15409100
2025-10-23,TSM,Taiwan Semiconductor,289.79998779296875,294.0899963378906,289.6300048828125,290.7300109863281,287.6852722167969,10379900
2025-10-24,TSM,Taiwan Semiconductor,295.57000732421875,297.95001220703125,294.3900146484375,294.9599914550781,291.87091064453125,8747000
2025-10-27,TSM,Taiwan Semiconductor,298.6499938964844,300.4800109863281,293.69000244140625,298.25,295.1264953613281,13615000
2025-10-28,TSM,Taiwan Semiconductor,298.32000732421875,302.1300048828125,296.0799865722656,301.5299987792969,298.37213134765625,11804200
2025-10-29,TSM,Taiwan Semiconductor,305.79998779296875,307.9599914550781,302.3800048828125,305.0899963378906,301.89483642578125,16177300
2025-10-30,TSM,Taiwan Semiconductor,303.0799865722656,307.30999755859375,300.82000732421875,303.2200012207031,300.04443359375,14507100
2025-10-31,TSM,Taiwan Semiconductor,305.989990234375,307.67999267578125,296.67999267578125,300.42999267578125,297.28363037109375,12667900
2025-11-03,TSM,Taiwan Semiconductor,302.5899963378906,310.1199951171875,302.1199951171875,304.8599853515625,301.667236328125,12466600
2025-11-04,TSM,Taiwan Semiconductor,296.8800048828125,301.989990234375,293.510009765625,294.04998779296875,290.970458984375,16224300
2025-11-05,TSM,Taiwan Semiconductor,292.6199951171875,298.2200012207031,291.5,293.6400146484375,290.56475830078125,10502500
2025-11-06,TSM,Taiwan Semiconductor,294.1000061035156,294.6400146484375,287.3800048828125,289.239990234375,286.2108154296875,11516900
2025-11-07,TSM,Taiwan Semiconductor,285.2099914550781,287.8900146484375,277.1300048828125,286.5,283.4995422363281,15715700
2025-11-10,TSM,Taiwan Semiconductor,294.3599853515625,297.1300048828125,291.75,295.2699890136719,292.17767333984375,10869200
2025-11-11,TSM,Taiwan Semiconductor,292.05999755859375,294.9200134277344,288.9100036621094,291.1700134277344,288.12060546875,9666300
2025-11-12,TSM,Taiwan Semiconductor,293.70001220703125,294.8699951171875,289.5799865722656,290.6199951171875,287.5763854980469,9715900
2025-11-13,TSM,Taiwan Semiconductor,289.1700134277344,289.5,280.0,282.20001220703125,279.2445983886719,13827600
2025-11-14,TSM,Taiwan Semiconductor,275.9100036621094,286.8599853515625,273.2300109863281,284.82000732421875,281.8371276855469,11486800
2025-11-17,TSM,Taiwan Semiconductor,281.44000244140625,286.5299987792969,279.79998779296875,282.010009765625,279.0565490722656,10227100
2025-11-18,TSM,Taiwan Semiconductor,277.54998779296875,280.19000244140625,272.7200012207031,277.9100036621094,274.99951171875,11850400
2025-11-19,TSM,Taiwan Semiconductor,276.9200134277344,284.54998779296875,276.32000732421875,282.3699951171875,279.41278076171875,11179200
2025-11-20,TSM,Taiwan Semiconductor,292.2099914550781,292.8500061035156,276.4100036621094,277.5,274.5937805175781,15747300
2025-11-21,TSM,Taiwan Semiconductor,272.80999755859375,278.69000244140625,266.82000732421875,275.05999755859375,272.1793518066406,20872800
2025-11-24,TSM,Taiwan Semiconductor,273.19000244140625,285.05999755859375,273.19000244140625,284.6400146484375,281.65899658203125,13570300
2025-11-25,TSM,Taiwan Semiconductor,282.7300109863281,285.3999938964844,273.0799865722656,284.67999267578125,281.6986083984375,13726800
2025-11-26,TSM,Taiwan Semiconductor,289.1000061035156,292.80999755859375,287.7300109863281,289.9599914550781,286.92327880859375,12220300
2025-11-28,TSM,Taiwan Semiconductor,292.4800109863281,292.6700134277344,289.0,291.510009765625,288.4570617675781,5515400
2025-12-01,TSM,Taiwan Semiconductor,286.9200134277344,291.1600036621094,283.19000244140625,287.67999267578125,284.6671447753906,7713000
2025-12-02,TSM,Taiwan Semiconductor,292.0,294.5,289.17999267578125,292.0899963378906,289.0309753417969,10746400
2025-12-03,TSM,Taiwan Semiconductor,292.17999267578125,296.6199951171875,286.07000732421875,295.45001220703125,292.3558044433594,9599200
2025-12-04,TSM,Taiwan Semiconductor,293.9800109863281,294.0299987792969,290.20001220703125,292.92999267578125,289.8621826171875,6753000
2025-12-05,TSM,Taiwan Semiconductor,296.04998779296875,300.79998779296875,293.25,294.7200012207031,291.6334533691406,10275300
2025-12-08,TSM,Taiwan Semiconductor,301.20001220703125,302.6199951171875,296.7200012207031,301.8699951171875,298.7085876464844,16643100
2025-12-09,TSM,Taiwan Semiconductor,299.989990234375,304.67999267578125,298.5,303.4100036621094,300.2324523925781,11349100
2025-12-10,TSM,Taiwan Semiconductor,305.3699951171875,313.9800109863281,302.5,310.1400146484375,306.8919982910156,12429200
2025-12-11,TSM,Taiwan Semiconductor,305.32000732421875,305.8399963378906,299.6400146484375,304.8500061035156,302.4717102050781,15028400
2025-12-12,TSM,Taiwan Semiconductor,304.2799987792969,304.2799987792969,290.9800109863281,292.0400085449219,289.76165771484375,19306100
2025-12-15,TSM,Taiwan Semiconductor,295.1499938964844,295.79998779296875,287.54998779296875,287.739990234375,285.49517822265625,12082400
2025-12-16,TSM,Taiwan Semiconductor,287.260009765625,288.4599914550781,283.32000732421875,286.8699951171875,284.6319885253906,11418400
2025-12-17,TSM,Taiwan Semiconductor,288.5299987792969,289.1000061035156,275.0799865722656,276.9599914550781,274.79925537109375,16823000
2025-12-18,TSM,Taiwan Semiconductor,285.0,287.1600036621094,281.75,284.67999267578125,282.4590759277344,11260300
2025-12-19,TSM,Taiwan Semiconductor,286.3800048828125,292.1700134277344,286.3800048828125,288.95001220703125,286.6957702636719,12735800
2025-12-22,TSM,Taiwan Semiconductor,294.6700134277344,295.010009765625,291.2099914550781,293.2799987792969,290.99200439453125,6091100
2025-12-23,TSM,Taiwan Semiconductor,293.3999938964844,297.9100036621094,292.20001220703125,296.95001220703125,294.63336181640625,6802300
2025-12-24,TSM,Taiwan Semiconductor,297.739990234375,299.1600036621094,296.2300109863281,298.79998779296875,296.46893310546875,2753900
2025-12-26,TSM,Taiwan Semiconductor,299.8999938964844,303.3800048828125,298.5199890136719,302.8399963378906,300.4773864746094,5125900
2025-12-29,TSM,Taiwan Semiconductor,301.7799987792969,304.5,298.6499938964844,300.9200134277344,298.5723876953125,6205100
2025-12-30,TSM,Taiwan Semiconductor,302.3599853515625,304.54998779296875,299.45001220703125,299.5799865722656,297.2427978515625,6190600
2025-12-31,TSM,Taiwan Semiconductor,304.0,307.3900146484375,303.42999267578125,303.8900146484375,301.5191955566406,8175100
2026-01-02,TSM,Taiwan Semiconductor,311.9800109863281,321.5899963378906,311.70001220703125,319.6099853515625,317.1165466308594,18526900
2026-01-05,TSM,Taiwan Semiconductor,330.3999938964844,331.25,321.5,322.25,319.7359619140625,17446300
2026-01-06,TSM,Taiwan Semiconductor,330.2200012207031,333.0799865722656,324.5899963378906,327.42999267578125,324.8755798339844,15599600
2026-01-07,TSM,Taiwan Semiconductor,324.6700134277344,326.29998779296875,318.5400085449219,318.67999267578125,316.1938171386719,11744800
2026-01-08,TSM,Taiwan Semiconductor,324.3900146484375,324.5,316.1400146484375,318.010009765625,315.529052734375,10850800
2026-01-09,TSM,Taiwan Semiconductor,319.8299865722656,324.7699890136719,318.25,323.6300048828125,321.105224609375,12325100
2026-01-12,TSM,Taiwan Semiconductor,322.1000061035156,333.54998779296875,321.05999755859375,331.7699890136719,329.1816711425781,12714800
2026-01-13,TSM,Taiwan Semiconductor,332.8699951171875,336.4200134277344,330.7799987792969,331.2099914550781,328.6260681152344,11473600
2026-01-14,TSM,Taiwan Semiconductor,329.8599853515625,329.8599853515625,324.82000732421875,327.1099853515625,324.55804443359375,11210800
2026-01-15,TSM,Taiwan Semiconductor,342.80999755859375,351.3299865722656,337.9200134277344,341.6400146484375,338.9747314453125,42188500
2026-01-16,TSM,Taiwan Semiconductor,346.510009765625,349.8500061035156,341.4599914550781,342.3999938964844,339.728759765625,18246100
2026-01-20,TSM,Taiwan Semiconductor,340.7900085449219,342.1499938964844,326.8999938964844,327.1600036621094,324.607666015625,22809900
2026-01-21,TSM,Taiwan Semiconductor,333.42999267578125,333.6400146484375,325.67999267578125,326.1199951171875,323.57574462890625,16789800
2026-01-22,TSM,Taiwan Semiconductor,333.4200134277344,335.04998779296875,326.8999938964844,327.3699951171875,324.8160095214844,12801000
2026-01-23,TSM,Taiwan Semiconductor,332.07000732421875,337.1499938964844,331.3699951171875,334.8699951171875,332.25750732421875,12904400
2026-01-26,TSM,Taiwan Semiconductor,332.7900085449219,335.1000061035156,330.2300109863281,332.7099914550781,330.1143798828125,8646400
2026-01-27,TSM,Taiwan Semiconductor,336.5,341.25,334.55999755859375,338.3399963378906,335.700439453125,11298100
2026-01-28,TSM,Taiwan Semiconductor,343.0299987792969,345.5,338.6600036621094,342.29998779296875,339.6295471191406,12140100
2026-01-29,TSM,Taiwan Semiconductor,339.79998779296875,343.739990234375,328.20001220703125,339.54998779296875,336.9010009765625,13844800
2026-01-30,TSM,Taiwan Semiconductor,335.4200134277344,339.8999938964844,329.1000061035156,330.55999755859375,327.9811096191406,12028100
2026-02-02,TSM,Taiwan Semiconductor,330.760009765625,344.20001220703125,329.1000061035156,341.3599853515625,338.6968688964844,12459100
2026-02-03,TSM,Taiwan Semiconductor,345.07000732421875,347.04998779296875,330.0199890136719,335.75,333.1306457519531,12540000
2026-02-04,TSM,Taiwan Semiconductor,335.6000061035156,338.79998779296875,319.07000732421875,325.739990234375,323.19873046875,18176000
2026-02-05,TSM,Taiwan Semiconductor,322.82000732421875,334.57000732421875,319.6499938964844,330.7300109863281,328.1498107910156,14812000
2026-02-06,TSM,Taiwan Semiconductor,337.5,349.7200012207031,336.6499938964844,348.8500061035156,346.12847900390625,17025500
2026-02-09,TSM,Taiwan Semiconductor,348.760009765625,359.6000061035156,347.79998779296875,355.4100036621094,352.63726806640625,14594900
2026-02-10,TSM,Taiwan Semiconductor,364.3299865722656,364.760009765625,356.3900146484375,361.9100036621094,359.0865783691406,14622100
2026-02-11,TSM,Taiwan Semiconductor,370.0799865722656,379.5799865722656,368.3900146484375,374.0899963378906,371.1715393066406,18651300
2026-02-12,TSM,Taiwan Semiconductor,379.0,380.0,322.1000061035156,368.1000061035156,365.228271484375,16835400
2026-02-13,TSM,Taiwan Semiconductor,369.1499938964844,371.1099853515625,360.7699890136719,366.3599853515625,363.5018615722656,10468200
2026-02-17,TSM,Taiwan Semiconductor,361.8699951171875,366.20001220703125,356.239990234375,364.20001220703125,361.35870361328125,10063800
2026-02-18,TSM,Taiwan Semiconductor,363.8599853515625,369.3900146484375,360.7099914550781,362.260009765625,359.433837890625,7310500
2026-02-19,TSM,Taiwan Semiconductor,359.7200012207031,362.79998779296875,357.44000244140625,360.3900146484375,357.57843017578125,6346500
2026-02-20,TSM,Taiwan Semiconductor,359.7799987792969,372.20001220703125,359.1000061035156,370.5400085449219,367.64923095703125,9009200
2026-02-23,TSM,Taiwan Semiconductor,367.010009765625,373.42999267578125,366.4599914550781,370.0400085449219,367.15313720703125,9550200
2026-02-24,TSM,Taiwan Semiconductor,379.3999938964844,389.17999267578125,376.04998779296875,385.75,382.7405700683594,13269500
2026-02-25,TSM,Taiwan Semiconductor,390.2099914550781,390.2099914550781,384.8299865722656,387.7300109863281,384.7051696777344,10948400
2026-02-26,TSM,Taiwan Semiconductor,386.17999267578125,386.4700012207031,369.70001220703125,376.80999755859375,373.87030029296875,14535700
2026-02-27,TSM,Taiwan Semiconductor,370.1400146484375,376.67999267578125,368.6199951171875,374.5799865722656,371.65771484375,9186600
2026-03-02,TSM,Taiwan Semiconductor,365.3599853515625,373.1000061035156,364.6499938964844,369.1099853515625,366.2303466796875,12571600
2026-03-03,TSM,Taiwan Semiconductor,349.54998779296875,355.9800109863281,344.1400146484375,353.1300048828125,350.37506103515625,18580200
2026-03-04,TSM,Taiwan Semiconductor,357.42999267578125,361.0899963378906,354.54998779296875,357.44000244140625,354.6514587402344,12131100
2026-03-05,TSM,Taiwan Semiconductor,354.8999938964844,359.4700012207031,343.79998779296875,353.8599853515625,351.0993347167969,16249800
2026-03-06,TSM,Taiwan Semiconductor,343.5,348.7200012207031,336.69000244140625,338.8900146484375,336.24615478515625,13803000
2026-03-09,TSM,Taiwan Semiconductor,335.6000061035156,349.3999938964844,331.9200134277344,348.70001220703125,345.9796447753906,19182800
2026-03-10,TSM,Taiwan Semiconductor,348.4700012207031,353.5,344.30999755859375,347.0899963378906,344.3821716308594,12985600
2026-03-11,TSM,Taiwan Semiconductor,353.92999267578125,357.3500061035156,350.3599853515625,354.55999755859375,351.7939147949219,10683300
2026-03-12,TSM,Taiwan Semiconductor,345.92999267578125,346.8900146484375,336.3800048828125,336.7099914550781,334.0831604003906,17549400
2026-03-13,TSM,Taiwan Semiconductor,343.9200134277344,344.5199890136719,336.2200012207031,338.30999755859375,335.6706848144531,17299900
2026-03-16,TSM,Taiwan Semiconductor,341.25,344.6300048828125,339.82000732421875,340.2300109863281,337.57568359375,11123500
2026-03-17,TSM,Taiwan Semiconductor,340.6000061035156,346.760009765625,338.3999938964844,345.9800109863281,344.2481384277344,11434600
2026-03-18,TSM,Taiwan Semiconductor,345.7799987792969,347.95001220703125,339.3399963378906,339.57000732421875,337.8702392578125,12632600
2026-03-19,TSM,Taiwan Semiconductor,329.2200012207031,339.8999938964844,325.19000244140625,338.7900085449219,337.0941467285156,15411600
2026-03-20,TSM,Taiwan Semiconductor,336.67999267578125,337.6000061035156,325.8999938964844,329.239990234375,327.5919189453125,17424200
2026-03-23,TSM,Taiwan Semiconductor,331.1000061035156,343.4100036621094,331.1000061035156,338.45001220703125,336.7558288574219,15857200
2026-03-24,TSM,Taiwan Semiconductor,335.57000732421875,344.8800048828125,334.0199890136719,343.25,341.5318298339844,9725000
2026-03-25,TSM,Taiwan Semiconductor,346.0,350.45001220703125,343.5,347.75,346.00927734375,12166900
2026-03-26,TSM,Taiwan Semiconductor,339.82000732421875,340.9100036621094,325.3699951171875,326.1099853515625,324.4775695800781,14560200
2026-03-27,TSM,Taiwan Semiconductor,324.8299865722656,329.55999755859375,322.30999755859375,326.739990234375,325.10443115234375,14484500
2026-03-30,TSM,Taiwan Semiconductor,327.20001220703125,329.6000061035156,313.79998779296875,316.5,314.91571044921875,15740000
2026-03-31,TSM,Taiwan Semiconductor,322.30999755859375,338.4100036621094,321.1400146484375,337.95001220703125,336.2583312988281,18488000
2026-04-01,TSM,Taiwan Semiconductor,343.8999938964844,348.67999267578125,339.75,341.489990234375,339.7806091308594,15011600
2026-04-02,TSM,Taiwan Semiconductor,326.8399963378906,342.07000732421875,326.79998779296875,339.0400085449219,337.3428955078125,8994600
2026-04-06,TSM,Taiwan Semiconductor,339.75,344.20001220703125,338.6199951171875,341.760009765625,340.04925537109375,5884800
2026-04-07,TSM,Taiwan Semiconductor,339.44000244140625,345.5299987792969,335.6499938964844,345.32000732421875,343.5914611816406,6823500
2026-04-08,TSM,Taiwan Semiconductor,370.2900085449219,374.29998779296875,359.239990234375,365.8999938964844,364.06842041015625,16356900
2026-04-09,TSM,Taiwan Semiconductor,363.29998779296875,368.1700134277344,360.7200012207031,365.489990234375,363.66046142578125,9246000
2026-04-10,TSM,Taiwan Semiconductor,375.5899963378906,378.0,369.75,370.6000061035156,368.7449035644531,13168200
2026-04-13,TSM,Taiwan Semiconductor,370.260009765625,371.4599914550781,366.04998779296875,369.57000732421875,367.7200622558594,9596300
2026-04-14,TSM,Taiwan Semiconductor,379.0400085449219,382.1600036621094,373.2200012207031,379.8900146484375,377.9884033203125,12859500
2026-04-15,TSM,Taiwan Semiconductor,381.4100036621094,381.9800109863281,372.2099914550781,375.1000061035156,373.2223815917969,14955500
2026-04-16,TSM,Taiwan Semiconductor,368.8599853515625,370.20001220703125,360.54998779296875,363.3500061035156,361.53118896484375,26405800
2026-04-17,TSM,Taiwan Semiconductor,373.20001220703125,375.5799865722656,365.1400146484375,370.5,368.6454162597656,18419400
2026-04-20,TSM,Taiwan Semiconductor,369.2200012207031,370.07000732421875,364.25,366.239990234375,364.4067077636719,11638300
2026-04-21,TSM,Taiwan Semiconductor,368.0799865722656,370.75,365.1099853515625,368.0799865722656,366.2375183105469,9808200
2026-04-22,TSM,Taiwan Semiconductor,371.7799987792969,387.9100036621094,370.6400146484375,387.44000244140625,385.5006103515625,16317200
2026-04-23,TSM,Taiwan Semiconductor,384.25,388.760009765625,375.80999755859375,382.6600036621094,380.7445068359375,12224900
2026-04-24,TSM,Taiwan Semiconductor,396.1400146484375,409.489990234375,393.8500061035156,402.4599914550781,400.4454345703125,21603600
2026-04-27,TSM,Taiwan Semiconductor,413.75,414.5,400.3999938964844,404.9800109863281,402.95281982421875,16561200
2026-04-28,TSM,Taiwan Semiconductor,392.1199951171875,397.8699951171875,384.70001220703125,392.3399963378906,390.3760681152344,14715800
2026-04-29,TSM,Taiwan Semiconductor,392.9100036621094,395.8500061035156,388.17999267578125,393.8299865722656,391.8586120605469,10313000
2026-04-30,TSM,Taiwan Semiconductor,397.80999755859375,398.7900085449219,385.7099914550781,396.05999755859375,394.07745361328125,12788100
2026-05-01,TSM,Taiwan Semiconductor,393.44000244140625,403.989990234375,392.1300048828125,397.6700134277344,395.6794128417969,9926400
2026-05-04,TSM,Taiwan Semiconductor,404.5199890136719,407.70001220703125,395.20001220703125,401.6099853515625,399.59967041015625,9978500
2026-05-05,TSM,Taiwan Semiconductor,404.6000061035156,406.1300048828125,392.6000061035156,394.4100036621094,392.4356994628906,14579000
2026-05-06,TSM,Taiwan Semiconductor,402.3999938964844,419.70001220703125,400.6499938964844,419.5,417.400146484375,17736400
2026-05-07,TSM,Taiwan Semiconductor,418.0899963378906,420.0,408.1099853515625,414.1499938964844,412.076904296875,13403200
2026-05-08,TSM,Taiwan Semiconductor,416.95001220703125,417.0,400.8800048828125,411.67999267578125,409.6192626953125,18531200
2026-05-11,TSM,Taiwan Semiconductor,406.739990234375,407.7300109863281,398.19000244140625,404.5400085449219,402.5150146484375,14680000
2026-05-12,TSM,Taiwan Semiconductor,397.75,402.239990234375,386.1199951171875,397.2799987792969,395.2913513183594,18121800
2026-05-13,TSM,Taiwan Semiconductor,398.2699890136719,404.67999267578125,391.4700012207031,399.79998779296875,397.7987365722656,13127800
2026-05-14,TSM,Taiwan Semiconductor,403.2099914550781,421.9700012207031,402.1000061035156,417.7200012207031,415.6290588378906,18577100
2026-05-15,TSM,Taiwan Semiconductor,406.5,409.8699951171875,398.8299865722656,404.3500061035156,402.3259582519531,11868600
2026-05-18,TSM,Taiwan Semiconductor,406.8800048828125,406.8800048828125,391.04998779296875,395.95001220703125,393.968017578125,12117200
2026-05-19,TSM,Taiwan Semiconductor,389.510009765625,398.8800048828125,385.05999755859375,392.6099853515625,390.64471435546875,14083000
2026-05-20,TSM,Taiwan Semiconductor,397.0,403.8800048828125,395.95001220703125,401.6199951171875,399.609619140625,10254300
2026-05-21,TSM,Taiwan Semiconductor,399.510009765625,411.4599914550781,399.510009765625,407.1499938964844,405.1119384765625,8937900
2026-05-22,TSM,Taiwan Semiconductor,409.42999267578125,410.6700134277344,402.8599853515625,404.5199890136719,402.4950866699219,7111900
2026-05-26,TSM,Taiwan Semiconductor,413.1199951171875,416.489990234375,410.07000732421875,412.32000732421875,410.2560729980469,10132000
2026-05-27,TSM,Taiwan Semiconductor,427.0199890136719,430.54998779296875,415.3800048828125,422.7300109863281,420.61395263671875,14695600
2026-05-28,TSM,Taiwan Semiconductor,422.2200012207031,427.6000061035156,414.7099914550781,424.8599853515625,422.7332763671875,8905800
2026-05-29,TSM,Taiwan Semiconductor,427.07000732421875,430.44000244140625,417.25,418.45001220703125,416.35540771484375,11232300
2026-06-01,TSM,Taiwan Semiconductor,424.8800048828125,449.3900146484375,422.5,435.6300048828125,433.44940185546875,18040400
2026-06-02,TSM,Taiwan Semiconductor,440.5799865722656,448.3800048828125,436.010009765625,446.69000244140625,444.45404052734375,10147900
2026-06-03,TSM,Taiwan Semiconductor,449.989990234375,450.1600036621094,434.5299987792969,436.69000244140625,434.50408935546875,10245200
2026-06-04,TSM,Taiwan Semiconductor,430.6300048828125,448.010009765625,427.29998779296875,444.9200134277344,442.6929016113281,10974100
2026-06-05,TSM,Taiwan Semiconductor,429.7699890136719,433.8999938964844,412.7900085449219,415.1700134277344,413.091796875,19644200
2026-06-08,TSM,Taiwan Semiconductor,423.7699890136719,433.80999755859375,422.5299987792969,426.79998779296875,424.66357421875,11245400
2026-06-09,TSM,Taiwan Semiconductor,430.8800048828125,438.1600036621094,405.510009765625,427.9200134277344,425.7779846191406,21199500
2026-06-10,TSM,Taiwan Semiconductor,413.9599914550781,426.32000732421875,407.70001220703125,408.75,406.70391845703125,13139700
2026-06-11,TSM,Taiwan Semiconductor,413.260009765625,422.25,408.8599853515625,421.07000732421875,419.94342041015625,13826500
2026-06-12,TSM,Taiwan Semiconductor,420.04998779296875,426.94000244140625,417.2099914550781,423.92999267578125,422.7957458496094,10362500
2026-06-15,TSM,Taiwan Semiconductor,438.67999267578125,442.5799865722656,431.92999267578125,441.3999938964844,440.2190246582031,11184900
2026-06-16,TSM,Taiwan Semiconductor,436.0199890136719,440.3299865722656,425.20001220703125,425.8299865722656,424.690673828125,10943500
2026-06-17,TSM,Taiwan Semiconductor,434.75,442.5,431.6400146484375,432.1499938964844,430.9937744140625,10934100
2026-06-18,TSM,Taiwan Semiconductor,438.8800048828125,465.2200012207031,438.3900146484375,462.1199951171875,460.8835754394531,25817100
2026-06-22,TSM,Taiwan Semiconductor,476.0899963378906,476.7900085449219,465.1700134277344,467.6700134277344,466.4187316894531,13686200
2026-06-23,TSM,Taiwan Semiconductor,439.17999267578125,447.3299865722656,434.19000244140625,436.3900146484375,435.2224426269531,20364500
2026-06-24,TSM,Taiwan Semiconductor,433.9800109863281,443.8599853515625,432.5799865722656,440.8299865722656,439.6505432128906,9991200
2026-06-25,TSM,Taiwan Semiconductor,452.8999938964844,452.8999938964844,432.44000244140625,434.989990234375,433.826171875,14769500
2026-06-26,TSM,Taiwan Semiconductor,425.0,436.1300048828125,419.19000244140625,432.3500061035156,431.1932373046875,17974100
2026-06-29,TSM,Taiwan Semiconductor,437.0,456.1000061035156,431.0899963378906,455.1000061035156,453.88238525390625,14881400
2026-06-30,TSM,Taiwan Semiconductor,455.6099853515625,479.0,453.0,477.57000732421875,476.2922668457031,15074300
2026-07-01,TSM,Taiwan Semiconductor,467.6700134277344,468.510009765625,443.4700012207031,444.2300109863281,443.0414733886719,18534800
2026-07-02,TSM,Taiwan Semiconductor,450.5400085449219,461.4700012207031,429.5,434.1600036621094,432.9983825683594,18375000
2026-07-06,TSM,Taiwan Semiconductor,447.7799987792969,460.0299987792969,445.6000061035156,451.7900085449219,450.58123779296875,12788500
2026-07-07,TSM,Taiwan Semiconductor,438.0199890136719,439.79998779296875,428.1099853515625,432.57000732421875,431.41265869140625,14898400
2026-07-08,TSM,Taiwan Semiconductor,429.0,440.489990234375,428.75,436.9800109863281,435.81085205078125,11411200
2026-07-09,TSM,Taiwan Semiconductor,446.7300109863281,447.69000244140625,436.3900146484375,436.9599914550781,435.7908935546875,11455600
2026-07-10,TSM,Taiwan Semiconductor,438.6700134277344,439.6600036621094,428.1000061035156,434.1099853515625,432.9485168457031,9595100
2026-07-13,TSM,Taiwan Semiconductor,433.82000732421875,437.989990234375,420.2900085449219,421.5799865722656,420.4520263671875,14329800
2026-07-14,TSM,Taiwan Semiconductor,430.8699951171875,431.05999755859375,418.8599853515625,420.3900146484375,419.2652587890625,14279000
2026-07-15,TSM,Taiwan Semiconductor,425.75,428.8900146484375,410.75,419.4800109863281,418.357666015625,17012300
2026-07-16,TSM,Taiwan Semiconductor,405.2900085449219,415.95001220703125,403.5,409.739990234375,408.6437072753906,24891300
2026-07-17,TSM,Taiwan Semiconductor,392.1199951171875,404.70001220703125,386.0199890136719,398.3699951171875,397.30413818359375,20986500
2026-07-20,TSM,Taiwan Semiconductor,407.7099914550781,409.8900146484375,400.0799865722656,402.29998779296875,401.2236328125,11653600
2026-07-21,TSM,Taiwan Semiconductor,418.739990234375,425.3999938964844,413.55999755859375,424.6099853515625,423.47393798828125,18210100
2026-07-22,TSM,Taiwan Semiconductor,414.9100036621094,424.80999755859375,414.2099914550781,421.2099914550781,420.0830383300781,10259500
2026-07-23,TSM,Taiwan Semiconductor,415.8399963378906,420.8399963378906,411.79998779296875,415.5799865722656,414.46807861328125,11048800
2026-07-24,TSM,Taiwan Semiconductor,411.3500061035156,412.9200134277344,400.79998779296875,403.4100036621094,402.3306579589844,11525100
2026-07-27,TSM,Taiwan Semiconductor,406.0799865722656,407.42999267578125,388.79998779296875,399.0899963378906,398.022216796875,17932300
2026-07-28,TSM,Taiwan Semiconductor,385.0,395.3599853515625,381.29998779296875,392.30999755859375,391.2603454589844,18276300
2026-07-29,TSM,Taiwan Semiconductor,388.0799865722656,391.25,372.7200012207031,374.6700134277344,373.6675720214844,21700200
2026-07-30,TSM,Taiwan Semiconductor,392.489990234375,406.7699890136719,387.6000061035156,403.30999755859375,402.2309265136719,17474200
2026-07-31,TSM,Taiwan Semiconductor,419.5,420.3500061035156,398.79998779296875,404.25,403.1684265136719,11956100
2026-08-03,TSM,Taiwan Semiconductor,400.5899963378906,407.44000244140625,398.20001220703125,406.1099853515625,405.0234375,12676900
2026-08-04,TSM,Taiwan Semiconductor,418.0,420.25,412.1099853515625,417.1700134277344,416.0538635253906,13929100
2026-08-05,TSM,Taiwan Semiconductor,419.32000732421875,426.29998779296875,413.07000732421875,414.0,412.892333984375,12790400
2026-08-06,TSM,Taiwan Semiconductor,409.5400085449219,423.9100036621094,407.989990234375,418.20001220703125,417.08111572265625,10628900
2026-08-07,TSM,Taiwan Semiconductor,424.7900085449219,424.7900085449219,413.1000061035156,420.0400085449219,418.9161682128906,9159600
2026-08-10,TSM,Taiwan Semiconductor,420.3399963378906,425.8800048828125,416.0,418.4700012207031,417.3503723144531,11776100
2026-08-11,TSM,Taiwan Semiconductor,424.20001220703125,424.8999938964844,418.8699951171875,422.05999755859375,420.9307556152344,9703600
2026-08-12,TSM,Taiwan Semiconductor,432.6499938964844,433.2799987792969,427.0199890136719,429.1499938964844,428.0018005371094,9534200
2026-08-13,TSM,Taiwan Semiconductor,429.1499938964844,436.0400085449219,428.3900146484375,430.489990234375,429.33819580078125,8194000
2026-08-14,TSM,Taiwan Semiconductor,429.20001220703125,429.2699890136719,424.1000061035156,426.3500061035156,425.20928955078125,6324700
2026-08-17,TSM,Taiwan Semiconductor,429.9700012207031,435.7099914550781,426.79998779296875,430.9700012207031,429.8169250488281,9479400
2026-08-18,TSM,Taiwan Semiconductor,417.0,419.6300048828125,410.7699890136719,413.4100036621094,412.3039245605469,14030100
2026-08-19,TSM,Taiwan Semiconductor,418.1300048828125,419.6000061035156,407.8800048828125,412.0899963378906,410.9874267578125,8424700
2026-08-20,TSM,Taiwan Semiconductor,408.6000061035156,417.9599914550781,407.7200012207031,416.0,414.886962890625,10447900
2026-08-21,TSM,Taiwan Semiconductor,423.0199890136719,425.67999267578125,416.70001220703125,418.95001220703125,417.8291015625,8947200
2026-08-24,TSM,Taiwan Semiconductor,413.8699951171875,414.3399963378906,405.1499938964844,410.1199951171875,409.022705078125,10645600
2026-08-25,TSM,Taiwan Semiconductor,414.5899963378906,419.7699890136719,414.0299987792969,417.4100036621094,416.293212890625,7049800
2026-08-26,TSM,Taiwan Semiconductor,418.45001220703125,420.75,414.4100036621094,417.69000244140625,416.57244873046875,7449300
2026-08-27,TSM,Taiwan Semiconductor,423.0199890136719,429.6400146484375,420.5299987792969,427.29998779296875,426.15673828125,12749800
2026-08-28,TSM,Taiwan Semiconductor,427.489990234375,429.1199951171875,417.32000732421875,417.5199890136719,416.40289306640625,8896900
2026-08-31,TSM,Taiwan Semiconductor,417.2300109863281,423.79998779296875,414.6000061035156,415.32000732421875,414.20880126953125,6748000
2026-09-01,TSM,Taiwan Semiconductor,417.79998779296875,418.6199951171875,412.07000732421875,414.0,412.892333984375,7920800
2026-09-02,TSM,Taiwan Semiconductor,413.20001220703125,416.5,411.2699890136719,415.5,414.3883056640625,6301000
2026-09-03,TSM,Taiwan Semiconductor,413.2900085449219,417.29998779296875,407.82000732421875,417.010009765625,415.894287109375,7827800
2026-09-04,TSM,Taiwan Semiconductor,421.8800048828125,429.82000732421875,419.4200134277344,428.9100036621094,427.762451171875,12276300
2026-09-08,TSM,Taiwan Semiconductor,438.0199890136719,444.2900085449219,433.7200012207031,439.0,437.825439453125,13079900
2026-09-09,TSM,Taiwan Semiconductor,434.4599914550781,439.3999938964844,431.8699951171875,435.3599853515625,434.1951599121094,7499300
2026-09-10,TSM,Taiwan Semiconductor,426.44000244140625,432.5299987792969,424.04998779296875,428.0299987792969,426.8847961425781,8368100
2026-09-11,TSM,Taiwan Semiconductor,431.54998779296875,435.3699951171875,428.8999938964844,433.239990234375,432.0808410644531,10629200
2026-09-14,TSM,Taiwan Semiconductor,416.010009765625,424.45001220703125,416.010009765625,418.010009765625,416.8916015625,14305900
2026-09-15,TSM,Taiwan Semiconductor,421.94000244140625,421.94000244140625,412.54998779296875,413.75,412.64300537109375,9452600
2026-09-16,TSM,Taiwan Semiconductor,418.20001220703125,419.8500061035156,413.8800048828125,417.7200012207031,417.7200012207031,10490900
2026-09-17,TSM,Taiwan Semiconductor,424.3999938964844,430.5299987792969,423.3900146484375,430.260009765625,430.260009765625,12447700
2026-09-18,TSM,Taiwan Semiconductor,429.0400085449219,434.82000732421875,428.9800109863281,434.6700134277344,434.6700134277344,12905100
