Date,Ticker,Company,Open,High,Low,Close,Adj Close,Volume
2016-09-19,WMT,Walmart,24.213333129882812,24.290000915527344,24.030000686645508,24.030000686645508,20.333786010742188,20762100
2016-09-20,WMT,Walmart,24.049999237060547,24.183332443237305,23.96666717529297,23.989999771118164,20.29994010925293,17731800
2016-09-21,WMT,Walmart,24.059999465942383,24.18000030517578,23.836666107177734,24.06333351135254,20.361989974975586,20027700
2016-09-22,WMT,Walmart,24.143333435058594,24.18000030517578,23.996667861938477,24.09000015258789,20.384553909301758,17615700
2016-09-23,WMT,Walmart,24.200000762939453,24.25666618347168,24.113332748413086,24.116666793823242,20.40711784362793,23089200
2016-09-26,WMT,Walmart,24.10333251953125,24.110000610351562,23.84000015258789,23.873332977294922,20.201215744018555,17846100
2016-09-27,WMT,Walmart,23.976667404174805,24.163333892822266,23.860000610351562,24.110000610351562,20.401479721069336,19033200
2016-09-28,WMT,Walmart,24.073333740234375,24.106666564941406,23.793333053588867,23.93000030517578,20.24916648864746,18554700
2016-09-29,WMT,Walmart,23.856666564941406,23.90333366394043,23.540000915527344,23.57666778564453,19.95018196105957,23990400
2016-09-30,WMT,Walmart,23.833332061767578,24.15333366394043,23.799999237060547,24.040000915527344,20.342239379882812,29947800
2016-10-03,WMT,Walmart,23.94333267211914,24.049999237060547,23.866666793823242,24.003332138061523,20.311220169067383,17573100
2016-10-04,WMT,Walmart,24.0,24.190000534057617,23.850000381469727,23.916667938232422,20.237886428833008,19707900
2016-10-05,WMT,Walmart,23.956666946411133,24.09000015258789,23.866666793823242,23.889999389648438,20.215314865112305,19393200
2016-10-06,WMT,Walmart,23.889999389648438,23.889999389648438,22.963333129882812,23.1200008392334,19.563758850097656,60330900
2016-10-07,WMT,Walmart,23.086666107177734,23.156667709350586,22.72333335876465,22.899999618530273,19.377595901489258,37961400
2016-10-10,WMT,Walmart,22.916667938232422,22.98666763305664,22.583332061767578,22.65999984741211,19.174516677856445,26965200
2016-10-11,WMT,Walmart,22.649999618530273,22.65333366394043,22.433332443237305,22.463333129882812,19.008100509643555,25774500
2016-10-12,WMT,Walmart,22.579999923706055,22.636667251586914,22.456666946411133,22.48666763305664,19.02784538269043,26822100
2016-10-13,WMT,Walmart,22.39666748046875,22.84666633605957,22.356666564941406,22.74333381652832,19.245027542114258,27581400
2016-10-14,WMT,Walmart,22.80666732788086,22.93666648864746,22.73666763305664,22.816667556762695,19.307086944580078,19248000
2016-10-17,WMT,Walmart,22.883333206176758,22.883333206176758,22.600000381469727,22.739999771118164,19.24220848083496,22480200
2016-10-18,WMT,Walmart,22.856666564941406,22.99333381652832,22.74333381652832,22.956666946411133,19.425554275512695,23573100
2016-10-19,WMT,Walmart,23.073333740234375,23.113332748413086,22.89666748046875,22.963333129882812,19.43118667602539,21369900
2016-10-20,WMT,Walmart,22.99333381652832,23.02666664123535,22.856666564941406,22.90999984741211,19.38606071472168,18882000
2016-10-21,WMT,Walmart,22.780000686645508,22.876667022705078,22.663333892822266,22.780000686645508,19.276050567626953,23533800
2016-10-24,WMT,Walmart,22.873332977294922,23.123332977294922,22.796667098999023,23.06333351135254,19.51581382751465,21490800
2016-10-25,WMT,Walmart,23.003332138061523,23.290000915527344,23.0,23.1200008392334,19.563758850097656,22889100
2016-10-26,WMT,Walmart,23.100000381469727,23.270000457763672,23.046667098999023,23.196666717529297,19.628629684448242,15151500
2016-10-27,WMT,Walmart,23.200000762939453,23.333332061767578,23.1299991607666,23.27666664123535,19.69632911682129,21394800
2016-10-28,WMT,Walmart,23.266666412353516,23.40333366394043,23.24333381652832,23.329999923706055,19.741458892822266,20858700
2016-10-31,WMT,Walmart,23.35333251953125,23.389999389648438,23.28333282470703,23.34000015258789,19.749914169311523,19167000
2016-11-01,WMT,Walmart,23.32666778564453,23.35333251953125,23.046667098999023,23.100000381469727,19.546833038330078,26515800
2016-11-02,WMT,Walmart,23.066667556762695,23.323333740234375,23.066667556762695,23.149999618530273,19.589139938354492,22935900
2016-11-03,WMT,Walmart,23.209999084472656,23.360000610351562,23.116666793823242,23.209999084472656,19.639917373657227,20411700
2016-11-04,WMT,Walmart,23.23666763305664,23.31333351135254,23.043333053588867,23.053333282470703,19.50734519958496,21786300
2016-11-07,WMT,Walmart,23.206666946411133,23.280000686645508,23.053333282470703,23.260000228881836,19.68222427368164,29266200
2016-11-08,WMT,Walmart,23.23666763305664,23.34666633605957,23.156667709350586,23.26333236694336,19.68504524230957,22863900
2016-11-09,WMT,Walmart,23.100000381469727,23.833332061767578,23.09666633605957,23.700000762939453,20.054542541503906,50338500
2016-11-10,WMT,Walmart,23.75,24.030000686645508,23.666667938232422,23.796667098999023,20.13634490966797,42963900
2016-11-11,WMT,Walmart,23.703332901000977,23.760000228881836,23.53333282470703,23.74333381652832,20.091215133666992,24671700
2016-11-14,WMT,Walmart,23.719999313354492,23.770000457763672,23.39666748046875,23.496667861938477,19.882490158081055,38752500
2016-11-15,WMT,Walmart,23.59666633605957,23.80666732788086,23.450000762939453,23.80666732788086,20.144804000854492,29175300
2016-11-16,WMT,Walmart,23.916667938232422,24.020000457763672,23.77666664123535,23.796667098999023,20.13634490966797,33577200
2016-11-17,WMT,Walmart,23.02666664123535,23.17333221435547,22.706666946411133,23.06333351135254,19.51581382751465,70320900
2016-11-18,WMT,Walmart,22.976667404174805,23.133333206176758,22.81333351135254,22.84666633605957,19.332468032836914,33405900
2016-11-21,WMT,Walmart,22.84666633605957,23.133333206176758,22.80666732788086,23.123332977294922,19.56658172607422,25068000
2016-11-22,WMT,Walmart,23.24333381652832,23.47333335876465,23.24333381652832,23.373332977294922,19.77812385559082,32952000
2016-11-23,WMT,Walmart,23.406667709350586,23.6299991607666,23.393333435058594,23.610000610351562,19.978389739990234,22196700
2016-11-25,WMT,Walmart,23.703332901000977,23.883333206176758,23.65999984741211,23.74333381652832,20.091215133666992,12703200
2016-11-28,WMT,Walmart,23.643333435058594,23.84000015258789,23.600000381469727,23.729999542236328,20.079925537109375,21297600
2016-11-29,WMT,Walmart,23.793333053588867,23.93000030517578,23.733333587646484,23.790000915527344,20.130701065063477,21930300
2016-11-30,WMT,Walmart,23.639999389648438,23.719999313354492,23.389999389648438,23.476667404174805,19.865568161010742,27978300
2016-12-01,WMT,Walmart,23.416667938232422,23.57666778564453,23.350000381469727,23.55666732788086,19.933259963989258,20549400
2016-12-02,WMT,Walmart,23.52666664123535,23.649999618530273,23.483333587646484,23.626667022705078,19.99248695373535,20022600
2016-12-05,WMT,Walmart,23.633333206176758,23.663333892822266,23.270000457763672,23.31333351135254,19.72735023498535,31583700
2016-12-06,WMT,Walmart,23.336666107177734,23.463333129882812,23.166667938232422,23.453332901000977,19.84581756591797,23334000
2016-12-07,WMT,Walmart,23.309999465942383,23.549999237060547,23.299999237060547,23.53333282470703,20.056039810180664,20898600
2016-12-08,WMT,Walmart,23.49333381652832,23.633333206176758,23.440000534057617,23.446666717529297,19.982175827026367,20532600
2016-12-09,WMT,Walmart,23.42333221435547,23.476667404174805,23.246667861938477,23.360000610351562,19.9083194732666,32270100
2016-12-12,WMT,Walmart,23.356666564941406,23.926666259765625,23.34000015258789,23.889999389648438,20.360000610351562,27252300
2016-12-13,WMT,Walmart,23.889999389648438,24.07666778564453,23.8700008392334,23.933332443237305,20.396936416625977,26662500
2016-12-14,WMT,Walmart,23.96666717529297,24.15999984741211,23.726667404174805,23.780000686645508,20.266252517700195,26008200
2016-12-15,WMT,Walmart,23.739999771118164,23.933332443237305,23.676666259765625,23.69333267211914,20.19239616394043,21408900
2016-12-16,WMT,Walmart,23.690000534057617,23.8799991607666,23.53333282470703,23.65999984741211,20.16399383544922,53534400
2016-12-19,WMT,Walmart,23.613332748413086,23.916667938232422,23.613332748413086,23.860000610351562,20.334440231323242,17667900
2016-12-20,WMT,Walmart,23.90999984741211,23.976667404174805,23.836666107177734,23.940000534057617,20.402618408203125,18324300
2016-12-21,WMT,Walmart,23.886667251586914,24.0,23.746667861938477,23.746667861938477,20.237855911254883,15303000
2016-12-22,WMT,Walmart,23.746667861938477,23.746667861938477,23.06999969482422,23.196666717529297,19.76911735534668,36320400
2016-12-23,WMT,Walmart,23.143333435058594,23.25,23.1200008392334,23.18000030517578,19.754911422729492,14411700
2016-12-27,WMT,Walmart,23.100000381469727,23.273332595825195,23.083332061767578,23.233333587646484,19.80036735534668,13307100
2016-12-28,WMT,Walmart,23.31333351135254,23.333332061767578,23.086666107177734,23.10333251953125,19.6895751953125,14627100
2016-12-29,WMT,Walmart,23.06999969482422,23.17333221435547,23.040000915527344,23.086666107177734,19.67536735534668,12895200
2016-12-30,WMT,Walmart,23.040000915527344,23.143333435058594,22.94333267211914,23.040000915527344,19.63559913635254,20668500
2017-01-03,WMT,Walmart,23.079999923706055,23.079999923706055,22.683332443237305,22.886667251586914,19.504926681518555,31419600
2017-01-04,WMT,Walmart,22.886667251586914,23.209999084472656,22.866666793823242,23.020000457763672,19.618553161621094,23754000
2017-01-05,WMT,Walmart,22.809999465942383,23.110000610351562,22.706666946411133,23.06999969482422,19.661163330078125,21297600
2017-01-06,WMT,Walmart,22.803333282470703,22.833332061767578,22.670000076293945,22.753332138061523,19.391292572021484,28473300
2017-01-09,WMT,Walmart,22.77666664123535,22.933332443237305,22.773332595825195,22.90333366394043,19.519128799438477,26055600
2017-01-10,WMT,Walmart,22.8799991607666,23.09000015258789,22.739999771118164,22.74333381652832,19.382768630981445,30769500
2017-01-11,WMT,Walmart,22.733333587646484,22.873332977294922,22.729999542236328,22.843332290649414,19.467994689941406,20092800
2017-01-12,WMT,Walmart,22.786666870117188,22.85333251953125,22.639999389648438,22.656667709350586,19.308910369873047,19634700
2017-01-13,WMT,Walmart,22.65999984741211,22.67333221435547,22.360000610351562,22.376667022705078,19.07028579711914,30037500
2017-01-17,WMT,Walmart,22.700000762939453,23.09666633605957,22.68666648864746,22.80666732788086,19.436744689941406,39502500
2017-01-18,WMT,Walmart,22.626667022705078,22.703332901000977,22.51333236694336,22.703332901000977,19.348678588867188,21964500
2017-01-19,WMT,Walmart,22.709999084472656,22.729999542236328,22.49333381652832,22.540000915527344,19.209476470947266,20463300
2017-01-20,WMT,Walmart,22.579999923706055,22.610000610351562,22.34000015258789,22.393333435058594,19.084484100341797,36164100
2017-01-23,WMT,Walmart,22.336666107177734,22.393333435058594,22.18666648864746,22.21666717529297,18.933921813964844,23854200
2017-01-24,WMT,Walmart,22.296667098999023,22.469999313354492,22.219999313354492,22.46666717529297,19.14698600769043,32131800
2017-01-25,WMT,Walmart,22.50666618347168,22.57666778564453,22.26333236694336,22.296667098999023,19.002111434936523,26168700
2017-01-26,WMT,Walmart,22.376667022705078,22.406667709350586,22.206666946411133,22.24333381652832,18.956647872924805,19512300
2017-01-27,WMT,Walmart,22.286666870117188,22.323333740234375,21.760000228881836,21.886667251586914,18.65268325805664,40300800
2017-01-30,WMT,Walmart,21.876667022705078,22.15999984741211,21.876667022705078,22.139999389648438,18.86858558654785,25924500
2017-01-31,WMT,Walmart,22.06999969482422,22.296667098999023,21.959999084472656,22.246667861938477,18.959489822387695,27962700
2017-02-01,WMT,Walmart,22.15333366394043,22.23666763305664,22.01333236694336,22.07666778564453,18.814611434936523,27150000
2017-02-02,WMT,Walmart,22.113332748413086,22.3799991607666,22.113332748413086,22.233333587646484,18.948123931884766,26996100
2017-02-03,WMT,Walmart,22.273332595825195,22.309999465942383,22.14666748046875,22.166667938232422,18.891313552856445,22875900
2017-02-06,WMT,Walmart,22.123332977294922,22.286666870117188,22.123332977294922,22.133333206176758,18.862899780273438,27291600
2017-02-07,WMT,Walmart,22.18666648864746,22.333332061767578,22.170000076293945,22.296667098999023,19.002111434936523,17417100
2017-02-08,WMT,Walmart,22.296667098999023,22.606666564941406,22.296667098999023,22.60333251953125,19.263452529907227,22982400
2017-02-09,WMT,Walmart,22.60333251953125,23.046667098999023,22.583332061767578,23.02666664123535,19.624235153198242,33241500
2017-02-10,WMT,Walmart,22.75,22.866666793823242,22.586666107177734,22.67333221435547,19.323118209838867,37336800
2017-02-13,WMT,Walmart,22.773332595825195,22.883333206176758,22.520000457763672,22.59000015258789,19.252090454101562,25122900
2017-02-14,WMT,Walmart,22.626667022705078,22.893333435058594,22.56999969482422,22.886667251586914,19.504926681518555,25386900
2017-02-15,WMT,Walmart,22.600000381469727,22.90333366394043,22.586666107177734,22.89666748046875,19.513446807861328,25689900
2017-02-16,WMT,Walmart,22.889999389648438,23.079999923706055,22.8700008392334,22.956666946411133,19.5645809173584,25241400
2017-02-17,WMT,Walmart,22.94333267211914,23.26333236694336,22.89666748046875,23.123332977294922,19.706619262695312,38512200
2017-02-21,WMT,Walmart,23.73666763305664,24.093332290649414,23.566667556762695,23.816667556762695,20.297504425048828,67238700
2017-02-22,WMT,Walmart,24.083332061767578,24.123332977294922,23.82666778564453,23.90333366394043,20.371370315551758,45728100
2017-02-23,WMT,Walmart,24.0,24.166667938232422,23.719999313354492,23.770000457763672,20.25773811340332,38399100
2017-02-24,WMT,Walmart,23.780000686645508,24.266666412353516,23.766666412353516,24.1299991607666,20.56454086303711,41669700
2017-02-27,WMT,Walmart,24.093332290649414,24.139999389648438,23.843332290649414,23.913333892822266,20.37989044189453,27764100
2017-02-28,WMT,Walmart,23.623332977294922,23.666667938232422,23.333332061767578,23.643333435058594,20.149782180786133,47857800
2017-03-01,WMT,Walmart,23.656667709350586,23.69333267211914,23.383333206176758,23.483333587646484,20.0134220123291,40568100
2017-03-02,WMT,Walmart,23.47333335876465,23.633333206176758,23.389999389648438,23.586666107177734,20.10148811340332,26748900
2017-03-03,WMT,Walmart,23.586666107177734,23.67333221435547,23.293333053588867,23.343332290649414,19.89410972595215,27893700
2017-03-06,WMT,Walmart,23.333332061767578,23.479999542236328,23.260000228881836,23.293333053588867,19.851497650146484,27547800
2017-03-07,WMT,Walmart,23.299999237060547,23.40333366394043,23.286666870117188,23.290000915527344,19.848661422729492,21848700
2017-03-08,WMT,Walmart,23.229999542236328,23.343332290649414,23.18000030517578,23.266666412353516,19.974573135375977,23939400
2017-03-09,WMT,Walmart,23.25,23.34666633605957,23.18666648864746,23.286666870117188,19.991741180419922,22693500
2017-03-10,WMT,Walmart,23.333332061767578,23.453332901000977,23.266666412353516,23.366666793823242,20.060422897338867,21296400
2017-03-13,WMT,Walmart,23.329999923706055,23.483333587646484,23.23666763305664,23.316667556762695,20.017499923706055,20407500
2017-03-14,WMT,Walmart,23.606666564941406,23.73666763305664,23.573333740234375,23.573333740234375,20.23785400390625,29875200
2017-03-15,WMT,Walmart,23.5,23.566667556762695,23.34000015258789,23.52666664123535,20.19778060913086,26441400
2017-03-16,WMT,Walmart,23.3700008392334,23.566667556762695,23.356666564941406,23.479999542236328,20.15772819519043,21183000
2017-03-17,WMT,Walmart,23.52666664123535,23.583332061767578,23.270000457763672,23.296667098999023,20.000329971313477,42235200
2017-03-20,WMT,Walmart,23.3799991607666,23.483333587646484,23.23666763305664,23.32666778564453,20.02608299255371,22398600
2017-03-21,WMT,Walmart,23.389999389648438,23.46666717529297,23.229999542236328,23.299999237060547,20.003189086914062,26240400
2017-03-22,WMT,Walmart,23.343332290649414,23.446666717529297,23.239999771118164,23.416667938232422,20.10335922241211,19366800
2017-03-23,WMT,Walmart,23.399999618530273,23.43666648864746,23.25,23.286666870117188,19.991741180419922,20696400
2017-03-24,WMT,Walmart,23.329999923706055,23.389999389648438,23.176666259765625,23.203332901000977,19.920198440551758,17577000
2017-03-27,WMT,Walmart,23.17333221435547,23.356666564941406,23.1200008392334,23.219999313354492,19.934513092041016,17377800
2017-03-28,WMT,Walmart,23.110000610351562,23.456666946411133,23.110000610351562,23.440000534057617,20.12337875366211,21756600
2017-03-29,WMT,Walmart,23.450000762939453,23.726667404174805,23.43666648864746,23.579999923706055,20.243568420410156,20973000
2017-03-30,WMT,Walmart,23.56333351135254,23.906667709350586,23.546667098999023,23.863332748413086,20.4868106842041,24424500
2017-03-31,WMT,Walmart,23.773332595825195,24.18666648864746,23.74333381652832,24.02666664123535,20.627037048339844,29819400
2017-04-03,WMT,Walmart,24.02666664123535,24.176666259765625,23.926666259765625,23.94333267211914,20.555498123168945,24873900
2017-04-04,WMT,Walmart,23.913333892822266,24.020000457763672,23.843332290649414,24.003332138061523,20.607004165649414,16701900
2017-04-05,WMT,Walmart,23.8799991607666,24.10333251953125,23.85333251953125,23.883333206176758,20.50398063659668,19063500
2017-04-06,WMT,Walmart,23.899999618530273,24.03333282470703,23.793333053588867,23.809999465942383,20.441024780273438,17823300
2017-04-07,WMT,Walmart,24.03333282470703,24.329999923706055,23.933332443237305,24.299999237060547,20.861692428588867,32304000
2017-04-10,WMT,Walmart,24.329999923706055,24.49333381652832,24.24333381652832,24.35333251953125,20.907482147216797,22487700
2017-04-11,WMT,Walmart,24.333332061767578,24.483333587646484,24.309999465942383,24.476667404174805,21.013364791870117,17431500
2017-04-12,WMT,Walmart,24.516666412353516,24.610000610351562,24.416667938232422,24.479999542236328,21.01622772216797,19881900
2017-04-13,WMT,Walmart,24.456666946411133,24.553333282470703,24.383333206176758,24.383333206176758,20.933237075805664,16009200
2017-04-17,WMT,Walmart,24.386667251586914,24.52666664123535,24.383333206176758,24.496667861938477,21.030536651611328,16396200
2017-04-18,WMT,Walmart,24.51333236694336,24.700000762939453,24.49333381652832,24.6299991607666,21.145000457763672,19883700
2017-04-19,WMT,Walmart,24.700000762939453,24.793333053588867,24.6200008392334,24.690000534057617,21.196510314941406,17821800
2017-04-20,WMT,Walmart,24.713333129882812,25.036666870117188,24.703332901000977,24.933332443237305,21.405418395996094,23043900
2017-04-21,WMT,Walmart,24.913333892822266,25.036666870117188,24.866666793823242,24.979999542236328,21.445480346679688,17267100
2017-04-24,WMT,Walmart,25.02666664123535,25.133333206176758,24.80666732788086,24.926666259765625,21.399690628051758,23437500
2017-04-25,WMT,Walmart,24.989999771118164,25.05666732788086,24.953332901000977,25.016666412353516,21.476959228515625,17161200
2017-04-26,WMT,Walmart,25.09000015258789,25.25666618347168,25.05666732788086,25.143333435058594,21.58570098876953,20845500
2017-04-27,WMT,Walmart,25.18000030517578,25.233333587646484,25.00666618347168,25.14666748046875,21.58856773376465,18156600
2017-04-28,WMT,Walmart,25.079999923706055,25.14666748046875,24.976667404174805,25.059999465942383,21.51416015625,21991200
2017-05-01,WMT,Walmart,25.030000686645508,25.239999771118164,25.030000686645508,25.07666778564453,21.528470993041992,18497700
2017-05-02,WMT,Walmart,25.100000381469727,25.23666763305664,25.083332061767578,25.17333221435547,21.6114559173584,21955200
2017-05-03,WMT,Walmart,25.133333206176758,25.293333053588867,25.059999465942383,25.253332138061523,21.680139541625977,16570800
2017-05-04,WMT,Walmart,25.309999465942383,25.46666717529297,25.27666664123535,25.446666717529297,21.846118927001953,16502400
2017-05-05,WMT,Walmart,25.47333335876465,25.53333282470703,25.393333435058594,25.5,21.891902923583984,16793400
2017-05-08,WMT,Walmart,25.5,25.50666618347168,25.356666564941406,25.373332977294922,21.783157348632812,19536600
2017-05-09,WMT,Walmart,25.479999542236328,25.683332443237305,25.44333267211914,25.573333740234375,21.954864501953125,24765900
2017-05-10,WMT,Walmart,25.44333267211914,25.593332290649414,25.39666748046875,25.566667556762695,22.096017837524414,22535700
2017-05-11,WMT,Walmart,25.450000762939453,25.573333740234375,25.309999465942383,25.376667022705078,21.931814193725586,25048200
2017-05-12,WMT,Walmart,25.316667556762695,25.416667938232422,25.123332977294922,25.23666763305664,21.810813903808594,17678700
2017-05-15,WMT,Walmart,25.266666412353516,25.489999771118164,25.266666412353516,25.43000030517578,21.977903366088867,26531700
2017-05-16,WMT,Walmart,25.39666748046875,25.42333221435547,25.02666664123535,25.036666870117188,21.63796615600586,25115400
2017-05-17,WMT,Walmart,25.036666870117188,25.24333381652832,24.98666763305664,25.040000915527344,21.640844345092773,32913000
2017-05-18,WMT,Walmart,25.6299991607666,25.886667251586914,25.376667022705078,25.84666633605957,22.338008880615234,57500400
2017-05-19,WMT,Walmart,25.989999771118164,26.479999542236328,25.92333221435547,26.25666618347168,22.692358016967773,55745100
2017-05-22,WMT,Walmart,26.21666717529297,26.333332061767578,26.100000381469727,26.183332443237305,22.628976821899414,26692800
2017-05-23,WMT,Walmart,26.19333267211914,26.323333740234375,26.14666748046875,26.163333892822266,22.6116943359375,22754700
2017-05-24,WMT,Walmart,26.18666648864746,26.203332901000977,26.046667098999023,26.049999237060547,22.513736724853516,22281000
2017-05-25,WMT,Walmart,26.1200008392334,26.28333282470703,26.049999237060547,26.10333251953125,22.559833526611328,18405000
2017-05-26,WMT,Walmart,26.123332977294922,26.18000030517578,25.93000030517578,26.043333053588867,22.507984161376953,18377400
2017-05-30,WMT,Walmart,26.0,26.133333206176758,25.976667404174805,26.049999237060547,22.513736724853516,16231200
2017-05-31,WMT,Walmart,26.116666793823242,26.30666732788086,26.073333740234375,26.200000762939453,22.64337921142578,24605100
2017-06-01,WMT,Walmart,26.213333129882812,26.60333251953125,26.200000762939453,26.60333251953125,22.991958618164062,24459300
2017-06-02,WMT,Walmart,26.600000381469727,26.643333435058594,26.406667709350586,26.540000915527344,22.93722152709961,23989500
2017-06-05,WMT,Walmart,26.53333282470703,26.823333740234375,26.49333381652832,26.753332138061523,23.12159538269043,30437100
2017-06-06,WMT,Walmart,26.476667404174805,26.520000457763672,26.086666107177734,26.309999465942383,22.738449096679688,34577700
2017-06-07,WMT,Walmart,26.360000610351562,26.5,26.24333381652832,26.383333206176758,22.801822662353516,25533600
2017-06-08,WMT,Walmart,26.383333206176758,26.709999084472656,26.07666778564453,26.309999465942383,22.738449096679688,32799000
2017-06-09,WMT,Walmart,26.343332290649414,26.520000457763672,26.239999771118164,26.47333335876465,22.879610061645508,28215300
2017-06-12,WMT,Walmart,26.46666717529297,26.790000915527344,26.280000686645508,26.413333892822266,22.827749252319336,31231800
2017-06-13,WMT,Walmart,26.40333366394043,26.523332595825195,26.296667098999023,26.50666618347168,22.90841293334961,16584000
2017-06-14,WMT,Walmart,26.50666618347168,26.68000030517578,26.420000076293945,26.633333206176758,23.017885208129883,15019500
2017-06-15,WMT,Walmart,26.393333435058594,26.433332443237305,25.920000076293945,26.303333282470703,22.73268699645996,33891600
2017-06-16,WMT,Walmart,24.649999618530273,25.166667938232422,24.43000030517578,25.079999923706055,21.6754150390625,168699000
2017-06-19,WMT,Walmart,25.126667022705078,25.336666107177734,24.84000015258789,25.166667938232422,21.75031852722168,48285300
2017-06-20,WMT,Walmart,25.293333053588867,25.30666732788086,25.106666564941406,25.18000030517578,21.761838912963867,30057600
2017-06-21,WMT,Walmart,25.200000762939453,25.536666870117188,25.19333267211914,25.413333892822266,21.963504791259766,27034200
2017-06-22,WMT,Walmart,25.343332290649414,25.35333251953125,25.100000381469727,25.17333221435547,21.756080627441406,24333900
2017-06-23,WMT,Walmart,25.200000762939453,25.260000228881836,24.850000381469727,24.946666717529297,21.5601863861084,39240900
2017-06-26,WMT,Walmart,24.983333587646484,25.309999465942383,24.97333335876465,25.166667938232422,21.75031852722168,25762500
2017-06-27,WMT,Walmart,25.166667938232422,25.456666946411133,25.149999618530273,25.336666107177734,21.897239685058594,19363200
2017-06-28,WMT,Walmart,25.416667938232422,25.600000381469727,25.3799991607666,25.503332138061523,22.041288375854492,20966700
2017-06-29,WMT,Walmart,25.416667938232422,25.440000534057617,25.163333892822266,25.309999465942383,21.87419319152832,21190500
2017-06-30,WMT,Walmart,25.360000610351562,25.42333221435547,25.22333335876465,25.226667404174805,21.80217933654785,20889900
2017-07-03,WMT,Walmart,25.280000686645508,25.446666717529297,25.02666664123535,25.1200008392334,21.709989547729492,14545800
2017-07-05,WMT,Walmart,25.183332443237305,25.316667556762695,25.05666732788086,25.106666564941406,21.698467254638672,18110700
2017-07-06,WMT,Walmart,25.116666793823242,25.323333740234375,25.079999923706055,25.156667709350586,21.741682052612305,18485400
2017-07-07,WMT,Walmart,25.21666717529297,25.273332595825195,25.016666412353516,25.110000610351562,21.70134735107422,15921300
2017-07-10,WMT,Walmart,25.049999237060547,25.10333251953125,24.376667022705078,24.40999984741211,21.09636878967285,45200100
2017-07-11,WMT,Walmart,24.459999084472656,24.683332443237305,24.44333267211914,24.489999771118164,21.165512084960938,22597800
2017-07-12,WMT,Walmart,24.553333282470703,24.73666763305664,24.553333282470703,24.64666748046875,21.300914764404297,17100600
2017-07-13,WMT,Walmart,24.889999389648438,25.083332061767578,24.836666107177734,25.016666412353516,21.620683670043945,24481500
2017-07-14,WMT,Walmart,25.42333221435547,25.520000457763672,25.303333282470703,25.446666717529297,21.992313385009766,27455700
2017-07-17,WMT,Walmart,25.43000030517578,25.623332977294922,25.39666748046875,25.456666946411133,22.00094985961914,26506800
2017-07-18,WMT,Walmart,25.416667938232422,25.51333236694336,25.333332061767578,25.399999618530273,21.951976776123047,12944700
2017-07-19,WMT,Walmart,25.360000610351562,25.406667709350586,25.200000762939453,25.290000915527344,21.85691261291504,15940800
2017-07-20,WMT,Walmart,25.32666778564453,25.416667938232422,25.233333587646484,25.34000015258789,21.90011978149414,14896200
2017-07-21,WMT,Walmart,25.280000686645508,25.40999984741211,25.183332443237305,25.383333206176758,21.937578201293945,21459900
2017-07-24,WMT,Walmart,25.343332290649414,25.719999313354492,25.343332290649414,25.6299991607666,22.150753021240234,22164000
2017-07-25,WMT,Walmart,25.8700008392334,26.286666870117188,25.796667098999023,26.17333221435547,22.620336532592773,34512000
2017-07-26,WMT,Walmart,26.183332443237305,26.389999389648438,25.979999542236328,26.299999237060547,22.729806900024414,20148300
2017-07-27,WMT,Walmart,26.239999771118164,26.6200008392334,26.15999984741211,26.593332290649414,22.983320236206055,24157500
2017-07-28,WMT,Walmart,26.600000381469727,26.65333366394043,26.51333236694336,26.60333251953125,22.991958618164062,14925600
2017-07-31,WMT,Walmart,26.606666564941406,26.780000686645508,26.56333351135254,26.663333892822266,23.043819427490234,18789600
2017-08-01,WMT,Walmart,26.75,26.90999984741211,26.666667938232422,26.833332061767578,23.19073486328125,17179500
2017-08-02,WMT,Walmart,26.780000686645508,27.036666870117188,26.766666412353516,26.843332290649414,23.199382781982422,26019000
2017-08-03,WMT,Walmart,27.113332748413086,27.253332138061523,26.889999389648438,26.956666946411133,23.29732322692871,29840700
2017-08-04,WMT,Walmart,27.020000457763672,27.133333206176758,26.73666763305664,26.82666778564453,23.184972763061523,21425400
2017-08-07,WMT,Walmart,26.856666564941406,27.149999618530273,26.84666633605957,27.093332290649414,23.41543960571289,16453500
2017-08-08,WMT,Walmart,27.05666732788086,27.286666870117188,26.96666717529297,27.196666717529297,23.504749298095703,22144200
2017-08-09,WMT,Walmart,27.036666870117188,27.329999923706055,26.96666717529297,27.203332901000977,23.65839195251465,19819500
2017-08-10,WMT,Walmart,27.023332595825195,27.133333206176758,26.850000381469727,26.886667251586914,23.382991790771484,24135000
2017-08-11,WMT,Walmart,26.90999984741211,27.083332061767578,26.786666870117188,26.799999237060547,23.3076171875,23716500
2017-08-14,WMT,Walmart,26.863332748413086,27.079999923706055,26.833332061767578,26.899999618530273,23.39458656311035,23376000
2017-08-15,WMT,Walmart,26.94333267211914,27.133333206176758,26.84666633605957,26.92333221435547,23.414880752563477,21198300
2017-08-16,WMT,Walmart,27.09000015258789,27.14666748046875,26.84666633605957,26.99333381652832,23.47576332092285,34608000
2017-08-17,WMT,Walmart,26.28333282470703,26.60333251953125,26.110000610351562,26.566667556762695,23.104700088500977,51881100
2017-08-18,WMT,Walmart,26.540000915527344,26.78333282470703,26.426666259765625,26.43666648864746,22.991634368896484,29259000
2017-08-21,WMT,Walmart,26.373332977294922,26.690000534057617,26.26333236694336,26.56999969482422,23.107589721679688,28841700
2017-08-22,WMT,Walmart,26.600000381469727,26.719999313354492,26.56999969482422,26.67333221435547,23.197460174560547,19638300
2017-08-23,WMT,Walmart,26.78333282470703,26.85333251953125,26.626667022705078,26.65333366394043,23.180063247680664,23397900
2017-08-24,WMT,Walmart,26.8700008392334,26.959999084472656,25.950000762939453,26.113332748413086,22.71043586730957,57384000
2017-08-25,WMT,Walmart,26.166667938232422,26.363332748413086,26.15999984741211,26.209999084472656,22.79450225830078,29706600
2017-08-28,WMT,Walmart,26.136667251586914,26.15333366394043,25.953332901000977,26.010000228881836,22.620567321777344,25864500
2017-08-29,WMT,Walmart,25.889999389648438,26.32666778564453,25.833332061767578,26.25666618347168,22.835094451904297,22995600
2017-08-30,WMT,Walmart,26.273332595825195,26.366666793823242,26.17333221435547,26.18000030517578,22.768417358398438,17489400
2017-08-31,WMT,Walmart,26.200000762939453,26.25,26.020000457763672,26.023332595825195,22.63216209411621,24584400
2017-09-01,WMT,Walmart,26.10333251953125,26.166667938232422,26.06999969482422,26.123332977294922,22.719131469726562,19423200
2017-09-05,WMT,Walmart,25.983333587646484,26.6299991607666,25.96666717529297,26.600000381469727,23.133686065673828,36205500
2017-09-06,WMT,Walmart,26.626667022705078,26.799999237060547,26.573333740234375,26.69333267211914,23.214855194091797,25278300
2017-09-07,WMT,Walmart,26.773332595825195,26.920000076293945,26.666667938232422,26.706666946411133,23.22644805908203,20462400
2017-09-08,WMT,Walmart,26.579999923706055,26.626667022705078,25.90999984741211,26.293333053588867,22.866979598999023,29998800
2017-09-11,WMT,Walmart,26.383333206176758,26.450000762939453,26.219999313354492,26.360000610351562,22.924957275390625,21000600
2017-09-12,WMT,Walmart,26.433332443237305,26.636667251586914,26.389999389648438,26.536666870117188,23.078603744506836,18015000
2017-09-13,WMT,Walmart,26.536666870117188,26.893333435058594,26.530000686645508,26.6200008392334,23.151073455810547,26471100
2017-09-14,WMT,Walmart,26.59666633605957,26.606666564941406,26.406667709350586,26.559999465942383,23.098896026611328,20817900
2017-09-15,WMT,Walmart,26.60333251953125,26.916667938232422,26.42333221435547,26.793333053588867,23.30181884765625,39953400
2017-09-18,WMT,Walmart,26.73666763305664,27.040000915527344,26.649999618530273,26.666667938232422,23.191661834716797,24528300
2017-09-19,WMT,Walmart,26.726667404174805,26.81999969482422,26.566667556762695,26.683332443237305,23.20615005493164,18523200
2017-09-20,WMT,Walmart,26.72333335876465,26.85333251953125,26.623332977294922,26.833332061767578,23.336605072021484,15954600
2017-09-21,WMT,Walmart,26.856666564941406,26.856666564941406,26.573333740234375,26.670000076293945,23.194561004638672,19290900
2017-09-22,WMT,Walmart,26.6299991607666,26.69333267211914,26.416667938232422,26.510000228881836,23.05541229248047,17265900
2017-09-25,WMT,Walmart,26.30666732788086,26.700000762939453,26.286666870117188,26.383333206176758,22.945249557495117,25643400
2017-09-26,WMT,Walmart,26.34666633605957,26.51333236694336,26.30666732788086,26.463333129882812,23.01482582092285,17505900
2017-09-27,WMT,Walmart,26.47333335876465,26.523332595825195,26.22333335876465,26.43000030517578,22.985837936401367,18943800
2017-09-28,WMT,Walmart,26.333332061767578,26.360000610351562,26.040000915527344,26.316667556762695,22.887271881103516,37118400
2017-09-29,WMT,Walmart,26.28333282470703,26.333332061767578,25.99333381652832,26.046667098999023,22.652456283569336,31060200
2017-10-02,WMT,Walmart,25.96666717529297,26.27666664123535,25.833332061767578,26.149999618530273,22.742326736450195,23127600
2017-10-03,WMT,Walmart,26.27666664123535,26.553333282470703,26.25,26.406667709350586,22.96554183959961,23810100
2017-10-04,WMT,Walmart,26.42333221435547,26.593332290649414,26.356666564941406,26.363332748413086,22.927858352661133,18520200
2017-10-05,WMT,Walmart,26.389999389648438,26.60333251953125,26.360000610351562,26.469999313354492,23.0206241607666,15416100
2017-10-06,WMT,Walmart,26.260000228881836,26.389999389648438,26.083332061767578,26.333332061767578,22.901763916015625,18740100
2017-10-09,WMT,Walmart,26.5,27.126667022705078,26.46666717529297,26.843332290649414,23.345306396484375,40479000
2017-10-10,WMT,Walmart,27.559999465942383,28.293333053588867,27.536666870117188,28.043333053588867,24.388931274414062,75372000
2017-10-11,WMT,Walmart,28.19333267211914,28.76333236694336,28.03333282470703,28.57666778564453,24.852764129638672,55683000
2017-10-12,WMT,Walmart,28.566667556762695,28.790000915527344,28.35333251953125,28.700000762939453,24.96002769470215,38631000
2017-10-13,WMT,Walmart,28.746667861938477,28.983333587646484,28.746667861938477,28.873332977294922,25.110774993896484,28167000
2017-10-16,WMT,Walmart,28.860000610351562,28.873332977294922,28.34000015258789,28.579999923706055,24.855663299560547,27900900
2017-10-17,WMT,Walmart,28.5,28.786666870117188,28.440000534057617,28.65999984741211,24.92523956298828,17554500
2017-10-18,WMT,Walmart,28.71666717529297,28.790000915527344,28.670000076293945,28.739999771118164,24.99481773376465,16416300
2017-10-19,WMT,Walmart,28.71666717529297,28.886667251586914,28.59000015258789,28.799999237060547,25.046993255615234,21087000
2017-10-20,WMT,Walmart,28.866666793823242,29.149999618530273,28.760000228881836,29.14666748046875,25.34848403930664,22853400
2017-10-23,WMT,Walmart,29.113332748413086,29.639999389648438,29.086666107177734,29.549999237060547,25.69926643371582,31758000
2017-10-24,WMT,Walmart,29.56333351135254,29.600000381469727,29.303333282470703,29.32666778564453,25.505033493041992,23102700
2017-10-25,WMT,Walmart,29.28333282470703,29.53333282470703,29.143333435058594,29.49333381652832,25.649980545043945,19224000
2017-10-26,WMT,Walmart,29.553333282470703,29.703332901000977,29.34000015258789,29.540000915527344,25.69055938720703,19454700
2017-10-27,WMT,Walmart,29.3799991607666,29.463333129882812,29.049999237060547,29.389999389648438,25.560108184814453,19851000
2017-10-30,WMT,Walmart,29.31333351135254,29.316667556762695,28.796667098999023,28.983333587646484,25.206439971923828,21156000
2017-10-31,WMT,Walmart,28.953332901000977,29.15333366394043,28.866666793823242,29.10333251953125,25.310794830322266,18020700
2017-11-01,WMT,Walmart,29.023332595825195,29.46666717529297,29.0,29.31333351135254,25.493432998657227,18528300
2017-11-02,WMT,Walmart,29.426666259765625,29.72333335876465,29.266666412353516,29.600000381469727,25.74275016784668,15549300
2017-11-03,WMT,Walmart,29.67333221435547,29.959999084472656,29.586666107177734,29.893333435058594,25.99785614013672,19536300
2017-11-06,WMT,Walmart,29.80666732788086,29.893333435058594,29.559999465942383,29.566667556762695,25.713756561279297,15772200
2017-11-07,WMT,Walmart,29.623332977294922,29.68666648864746,29.43666648864746,29.649999618530273,25.786231994628906,16047900
2017-11-08,WMT,Walmart,29.703332901000977,30.139999389648438,29.700000762939453,30.086666107177734,26.16599464416504,20302500
2017-11-09,WMT,Walmart,29.979999542236328,30.190000534057617,29.78333282470703,30.100000381469727,26.177589416503906,20713500
2017-11-10,WMT,Walmart,30.079999923706055,30.56333351135254,30.066667556762695,30.30666732788086,26.35732650756836,22943400
2017-11-13,WMT,Walmart,30.34666633605957,30.65999984741211,30.290000915527344,30.329999923706055,26.37761878967285,25474800
2017-11-14,WMT,Walmart,30.233333587646484,30.399999618530273,30.059999465942383,30.363332748413086,26.40660858154297,29502300
2017-11-15,WMT,Walmart,30.113332748413086,30.28333282470703,29.883333206176758,29.94333267211914,26.04134178161621,25300200
2017-11-16,WMT,Walmart,31.706666946411133,33.22666549682617,31.573333740234375,33.206668853759766,28.87941551208496,114367200
2017-11-17,WMT,Walmart,33.08000183105469,33.37666702270508,32.19333267211914,32.4900016784668,28.25614356994629,70726500
2017-11-20,WMT,Walmart,32.14666748046875,32.54666519165039,31.920000076293945,32.49333190917969,28.25904083251953,49182900
2017-11-21,WMT,Walmart,32.58000183105469,32.63999938964844,32.106666564941406,32.17333221435547,27.98073959350586,38239500
2017-11-22,WMT,Walmart,32.21666717529297,32.27000045776367,32.03666687011719,32.13666534423828,27.948854446411133,26754600
2017-11-24,WMT,Walmart,32.290000915527344,32.40999984741211,32.176666259765625,32.206668853759766,28.009733200073242,13488300
2017-11-27,WMT,Walmart,32.28333282470703,32.54999923706055,32.099998474121094,32.206668853759766,28.009733200073242,26714700
2017-11-28,WMT,Walmart,32.1966667175293,32.29666519165039,31.940000534057617,32.25666809082031,28.0532169342041,26128800
2017-11-29,WMT,Walmart,32.40666580200195,32.753334045410156,32.293331146240234,32.52000045776367,28.2822322845459,34272000
2017-11-30,WMT,Walmart,32.6966667175293,32.813331604003906,32.16999816894531,32.40999984741211,28.186565399169922,38564100
2017-12-01,WMT,Walmart,32.53666687011719,32.56999969482422,32.07666778564453,32.45000076293945,28.221359252929688,24888600
2017-12-04,WMT,Walmart,32.57666778564453,32.6533317565918,32.22666549682617,32.336666107177734,28.12278938293457,26869500
2017-12-05,WMT,Walmart,32.33333206176758,32.64666748046875,32.30666732788086,32.61000061035156,28.360509872436523,27030300
2017-12-06,WMT,Walmart,32.663333892822266,32.71333312988281,32.413333892822266,32.426666259765625,28.20105743408203,21423000
2017-12-07,WMT,Walmart,32.35333251953125,32.526668548583984,32.21666717529297,32.2599983215332,28.2039737701416,22507800
2017-12-08,WMT,Walmart,32.099998474121094,32.233333587646484,32.04666519165039,32.18333435058594,28.136947631835938,17463300
2017-12-11,WMT,Walmart,32.31999969482422,32.42333221435547,32.0966682434082,32.310001373291016,28.24768829345703,26786700
2017-12-12,WMT,Walmart,32.28333282470703,32.413333892822266,32.20000076293945,32.233333587646484,28.1806640625,23431800
2017-12-13,WMT,Walmart,32.220001220703125,32.63666534423828,32.18333435058594,32.586666107177734,28.489566802978516,23638200
2017-12-14,WMT,Walmart,32.66666793823242,32.856666564941406,32.366668701171875,32.37666702270508,28.305971145629883,28157400
2017-12-15,WMT,Walmart,32.56999969482422,32.83000183105469,32.3033332824707,32.369998931884766,28.300138473510742,48428400
2017-12-18,WMT,Walmart,32.459999084472656,32.723331451416016,32.45333480834961,32.633331298828125,28.530359268188477,23893200
2017-12-19,WMT,Walmart,33.3033332824707,33.3033332824707,32.76333236694336,32.93333435058594,28.79265022277832,36036600
2017-12-20,WMT,Walmart,33.150001525878906,33.21666717529297,32.81666564941406,32.91666793823242,28.778076171875,32189400
2017-12-21,WMT,Walmart,33.0,33.11000061035156,32.65999984741211,32.686668395996094,28.57700538635254,22107300
2017-12-22,WMT,Walmart,32.76333236694336,32.80666732788086,32.560001373291016,32.73666763305664,28.620710372924805,16436100
2017-12-26,WMT,Walmart,32.78333282470703,33.14666748046875,32.78333282470703,33.0533332824707,28.897567749023438,12887700
2017-12-27,WMT,Walmart,33.186668395996094,33.20000076293945,32.94333267211914,33.086666107177734,28.92670440673828,15422400
2017-12-28,WMT,Walmart,33.17333221435547,33.206668853759766,33.040000915527344,33.133331298828125,28.96750831604004,29291700
2017-12-29,WMT,Walmart,33.133331298828125,33.22999954223633,32.91666793823242,32.91666793823242,28.778076171875,21432900
2018-01-02,WMT,Walmart,33.099998474121094,33.26333236694336,32.84000015258789,32.86333465576172,28.731447219848633,30451500
2018-01-03,WMT,Walmart,32.95000076293945,33.33333206176758,32.92333221435547,33.150001525878906,28.982074737548828,26710800
2018-01-04,WMT,Walmart,33.18000030517578,33.2599983215332,32.970001220703125,33.18000030517578,29.0083065032959,20491200
2018-01-05,WMT,Walmart,33.21333312988281,33.459999084472656,33.20333480834961,33.37666702270508,29.18024444580078,21852000
2018-01-08,WMT,Walmart,33.41666793823242,33.91666793823242,33.4033317565918,33.869998931884766,29.61153221130371,26531700
2018-01-09,WMT,Walmart,34.0099983215332,34.116668701171875,33.436668395996094,33.46333312988281,29.25601577758789,21938100
2018-01-10,WMT,Walmart,33.25,33.29666519165039,32.84333419799805,33.223331451416016,29.04619026184082,23791200
2018-01-11,WMT,Walmart,33.233333587646484,33.483333587646484,32.926666259765625,33.34000015258789,29.148181915283203,19613100
2018-01-12,WMT,Walmart,33.46333312988281,33.813331604003906,33.43333435058594,33.62333297729492,29.395898818969727,20853600
2018-01-16,WMT,Walmart,33.779998779296875,33.970001220703125,33.4466667175293,33.563331604003906,29.343441009521484,21512100
2018-01-17,WMT,Walmart,33.71666717529297,34.313331604003906,33.56666564941406,34.233333587646484,29.92919921875,26045700
2018-01-18,WMT,Walmart,34.913333892822266,34.97999954223633,34.540000915527344,34.766666412353516,30.39547348022461,36923700
2018-01-19,WMT,Walmart,34.880001068115234,34.97666549682617,34.5533332824707,34.86333465576172,30.479999542236328,25135800
2018-01-22,WMT,Walmart,34.83333206176758,35.150001525878906,34.68000030517578,35.150001525878906,30.73062515258789,21924900
2018-01-23,WMT,Walmart,35.0966682434082,35.383331298828125,34.856666564941406,35.29999923706055,30.86175537109375,24863400
2018-01-24,WMT,Walmart,35.45000076293945,35.47999954223633,34.939998626708984,35.26333236694336,30.82970428466797,20469300
2018-01-25,WMT,Walmart,35.28333282470703,35.60333251953125,35.28333282470703,35.53333282470703,31.065750122070312,17571300
2018-01-26,WMT,Walmart,35.66666793823242,36.13666534423828,35.560001373291016,36.130001068115234,31.587404251098633,20358900
2018-01-29,WMT,Walmart,36.03666687011719,36.65999984741211,35.996665954589844,36.516666412353516,31.92545509338379,25065600
2018-01-30,WMT,Walmart,36.380001068115234,36.45333480834961,35.71666717529297,35.90999984741211,31.395057678222656,27541500
2018-01-31,WMT,Walmart,35.92333221435547,36.060001373291016,35.356666564941406,35.53333282470703,31.065750122070312,29438400
2018-02-01,WMT,Walmart,35.31999969482422,35.52000045776367,35.060001373291016,35.17333221435547,30.75102424621582,19160400
2018-02-02,WMT,Walmart,35.04999923706055,35.4900016784668,34.71666717529297,34.82666778564453,30.447938919067383,27759300
2018-02-05,WMT,Walmart,34.46666717529297,34.869998931884766,32.36333465576172,33.36333465576172,29.168594360351562,37684800
2018-02-06,WMT,Walmart,32.54666519165039,33.69333267211914,32.41666793823242,33.633331298828125,29.40462875366211,49241400
2018-02-07,WMT,Walmart,33.5,34.86333465576172,33.336666107177734,34.28333282470703,29.972915649414062,33495600
2018-02-08,WMT,Walmart,34.40999984741211,34.49333190917969,33.33333206176758,33.34000015258789,29.148181915283203,41925300
2018-02-09,WMT,Walmart,33.5099983215332,33.70000076293945,32.143333435058594,33.12333297729492,28.958763122558594,42553800
2018-02-12,WMT,Walmart,33.37666702270508,33.483333587646484,32.93333435058594,33.18333435058594,29.011220932006836,27405300
2018-02-13,WMT,Walmart,33.11000061035156,33.7400016784668,33.11000061035156,33.65999984741211,29.427963256835938,19868400
2018-02-14,WMT,Walmart,33.619998931884766,34.08333206176758,33.4033317565918,33.900001525878906,29.637784957885742,21922800
2018-02-15,WMT,Walmart,34.18333435058594,34.54666519165039,33.94333267211914,34.40999984741211,30.083663940429688,22484700
2018-02-16,WMT,Walmart,34.36333465576172,34.97999954223633,33.99333190917969,34.926666259765625,30.535364151000977,48192900
2018-02-20,WMT,Walmart,32.33000183105469,32.64666748046875,31.366666793823242,31.3700008392334,27.425874710083008,156265500
2018-02-21,WMT,Walmart,31.703332901000977,31.780000686645508,30.413333892822266,30.50666618347168,26.671083450317383,148511100
2018-02-22,WMT,Walmart,30.476667404174805,31.1299991607666,30.43666648864746,30.92333221435547,27.035364151000977,61095000
2018-02-23,WMT,Walmart,30.959999084472656,31.163333892822266,30.586666107177734,30.963333129882812,27.070335388183594,38374500
2018-02-26,WMT,Walmart,30.96666717529297,31.266666412353516,30.739999771118164,31.040000915527344,27.137365341186523,44097900
2018-02-27,WMT,Walmart,31.209999084472656,31.239999771118164,30.503332138061523,30.50666618347168,26.671083450317383,40128300
2018-02-28,WMT,Walmart,30.666667938232422,30.700000762939453,30.0,30.003332138061523,26.231035232543945,42431100
2018-03-01,WMT,Walmart,30.05666732788086,30.059999465942383,29.23666763305664,29.69333267211914,25.96001434326172,56728800
2018-03-02,WMT,Walmart,29.09000015258789,29.633333206176758,29.079999923706055,29.59000015258789,25.869670867919922,57130200
2018-03-05,WMT,Walmart,29.3799991607666,30.166667938232422,29.356666564941406,29.99333381652832,26.2222957611084,40149600
2018-03-06,WMT,Walmart,30.116666793823242,30.166667938232422,29.543333053588867,29.68666648864746,25.954187393188477,33164100
2018-03-07,WMT,Walmart,29.32666778564453,29.510000228881836,29.113332748413086,29.246667861938477,25.569507598876953,34359000
2018-03-08,WMT,Walmart,29.25666618347168,29.376667022705078,29.113332748413086,29.30666732788086,25.77471923828125,28766100
2018-03-09,WMT,Walmart,29.413333892822266,29.573333740234375,29.176666259765625,29.573333740234375,26.009246826171875,29263200
2018-03-12,WMT,Walmart,29.566667556762695,29.81333351135254,29.293333053588867,29.356666564941406,25.818695068359375,25422000
2018-03-13,WMT,Walmart,29.463333129882812,29.633333206176758,29.32666778564453,29.433332443237305,25.886117935180664,21519000
2018-03-14,WMT,Walmart,29.503332138061523,29.663333892822266,29.166667938232422,29.22333335876465,25.701431274414062,33121800
2018-03-15,WMT,Walmart,29.226667404174805,29.59666633605957,28.633333206176758,29.170000076293945,25.654521942138672,49845600
2018-03-16,WMT,Walmart,29.239999771118164,30.030000686645508,29.166667938232422,29.72333335876465,26.14116859436035,85188000
2018-03-19,WMT,Walmart,29.636667251586914,29.69333267211914,29.03333282470703,29.149999618530273,25.636934280395508,36160200
2018-03-20,WMT,Walmart,29.286666870117188,29.383333206176758,29.123332977294922,29.316667556762695,25.78351402282715,24774000
2018-03-21,WMT,Walmart,29.296667098999023,29.893333435058594,29.226667404174805,29.393333435058594,25.850942611694336,35508000
2018-03-22,WMT,Walmart,29.176666259765625,29.42333221435547,28.996667861938477,29.046667098999023,25.546051025390625,36744600
2018-03-23,WMT,Walmart,29.116666793823242,29.229999542236328,28.426666259765625,28.47333335876465,25.041818618774414,30375300
2018-03-26,WMT,Walmart,28.739999771118164,29.229999542236328,28.703332901000977,29.166667938232422,25.651592254638672,27599400
2018-03-27,WMT,Walmart,29.31999969482422,29.34666633605957,28.49333381652832,28.683332443237305,25.226511001586914,19637400
2018-03-28,WMT,Walmart,28.753332138061523,29.413333892822266,28.729999542236328,29.25666618347168,25.730741500854492,34728900
2018-03-29,WMT,Walmart,29.299999237060547,29.780000686645508,29.25666618347168,29.656667709350586,26.08254051208496,27823800
2018-04-02,WMT,Walmart,29.333332061767578,29.413333892822266,28.280000686645508,28.516666412353516,25.079923629760742,57386700
2018-04-03,WMT,Walmart,28.75,28.983333587646484,28.516666412353516,28.933332443237305,25.44637680053711,29086500
2018-04-04,WMT,Walmart,28.53333282470703,29.166667938232422,28.479999542236328,29.073333740234375,25.569503784179688,19609800
2018-04-05,WMT,Walmart,29.200000762939453,29.450000762939453,29.016666412353516,29.270000457763672,25.742475509643555,19142700
2018-04-06,WMT,Walmart,28.94333267211914,29.299999237060547,28.709999084472656,28.89666748046875,25.414127349853516,19050000
2018-04-09,WMT,Walmart,28.950000762939453,29.149999618530273,28.746667861938477,28.760000228881836,25.293935775756836,25104300
2018-04-10,WMT,Walmart,28.946666717529297,29.03333282470703,28.553333282470703,28.816667556762695,25.343772888183594,27382200
2018-04-11,WMT,Walmart,28.666667938232422,28.953332901000977,28.600000381469727,28.636667251586914,25.185461044311523,18837000
2018-04-12,WMT,Walmart,28.729999542236328,28.94333267211914,28.469999313354492,28.476667404174805,25.044750213623047,20568900
2018-04-13,WMT,Walmart,28.6299991607666,28.75666618347168,28.39666748046875,28.67333221435547,25.217714309692383,22677600
2018-04-16,WMT,Walmart,28.733333587646484,29.21666717529297,28.706666946411133,28.946666717529297,25.458101272583008,21062100
2018-04-17,WMT,Walmart,29.15999984741211,29.389999389648438,29.136667251586914,29.299999237060547,25.76885223388672,20405700
2018-04-18,WMT,Walmart,29.399999618530273,29.520000457763672,29.170000076293945,29.190000534057617,25.672109603881836,17562000
2018-04-19,WMT,Walmart,29.136667251586914,29.34666633605957,28.860000610351562,29.296667098999023,25.76592445373535,19764900
2018-04-20,WMT,Walmart,29.290000915527344,29.459999084472656,28.889999389648438,28.99333381652832,25.4991455078125,24974700
2018-04-23,WMT,Walmart,28.963333129882812,29.02666664123535,28.67333221435547,28.700000762939453,25.241165161132812,22081500
2018-04-24,WMT,Walmart,28.92333221435547,28.969999313354492,28.523332595825195,28.843332290649414,25.36722183227539,25409100
2018-04-25,WMT,Walmart,28.773332595825195,29.233333587646484,28.6299991607666,29.05666732788086,25.55484390258789,20281200
2018-04-26,WMT,Walmart,29.05666732788086,29.440000534057617,28.96666717529297,29.31333351135254,25.780580520629883,17347500
2018-04-27,WMT,Walmart,29.290000915527344,29.299999237060547,29.02666664123535,29.09666633605957,25.59003257751465,16953300
2018-04-30,WMT,Walmart,29.31333351135254,29.886667251586914,29.30666732788086,29.48666763305664,25.933019638061523,26057700
2018-05-01,WMT,Walmart,29.22333335876465,29.336666107177734,28.78333282470703,29.136667251586914,25.625205993652344,20873100
2018-05-02,WMT,Walmart,29.043333053588867,29.083332061767578,28.719999313354492,28.780000686645508,25.31153106689453,18249000
2018-05-03,WMT,Walmart,28.729999542236328,28.76333236694336,28.373332977294922,28.74333381652832,25.279272079467773,20628300
2018-05-04,WMT,Walmart,28.666667938232422,29.366666793823242,28.453332901000977,29.176666259765625,25.660390853881836,20914500
2018-05-07,WMT,Walmart,29.163333892822266,29.166667938232422,28.42333221435547,28.489999771118164,25.056472778320312,32350800
2018-05-08,WMT,Walmart,28.50666618347168,28.616666793823242,28.30666732788086,28.579999923706055,25.1356258392334,19654200
2018-05-09,WMT,Walmart,27.520000457763672,27.893333435058594,27.333332061767578,27.68666648864746,24.34995460510254,96795600
2018-05-10,WMT,Walmart,27.546667098999023,27.92333221435547,27.336666107177734,27.56333351135254,24.39420509338379,47572800
2018-05-11,WMT,Walmart,27.56333351135254,27.84000015258789,27.316667556762695,27.793333053588867,24.597761154174805,29804400
2018-05-14,WMT,Walmart,27.963333129882812,28.26333236694336,27.883333206176758,28.1299991607666,24.89571762084961,28497600
2018-05-15,WMT,Walmart,28.020000457763672,28.293333053588867,27.933332443237305,28.17333221435547,24.93406867980957,27968700
2018-05-16,WMT,Walmart,28.290000915527344,28.709999084472656,28.246667861938477,28.709999084472656,25.409029006958008,41200800
2018-05-17,WMT,Walmart,29.01333236694336,29.196666717529297,27.950000762939453,28.163333892822266,24.92521858215332,89162100
2018-05-18,WMT,Walmart,28.079999923706055,28.14666748046875,27.829999923706055,27.8799991607666,24.674461364746094,36129300
2018-05-21,WMT,Walmart,28.046667098999023,28.18000030517578,27.940000534057617,28.170000076293945,24.93111801147461,32147100
2018-05-22,WMT,Walmart,28.166667938232422,28.270000457763672,27.76333236694336,27.790000915527344,24.594812393188477,24201900
2018-05-23,WMT,Walmart,27.649999618530273,27.67333221435547,27.389999389648438,27.670000076293945,24.48861312866211,28197600
2018-05-24,WMT,Walmart,27.666667938232422,27.666667938232422,27.260000228881836,27.616666793823242,24.441410064697266,25728600
2018-05-25,WMT,Walmart,27.616666793823242,27.780000686645508,27.440000534057617,27.48666763305664,24.326353073120117,17740500
2018-05-29,WMT,Walmart,27.31999969482422,27.50666618347168,27.270000457763672,27.46666717529297,24.308656692504883,25284600
2018-05-30,WMT,Walmart,27.483333587646484,28.07666778564453,27.420000076293945,28.040000915527344,24.816068649291992,27942300
2018-05-31,WMT,Walmart,27.979999542236328,28.10333251953125,27.503332138061523,27.51333236694336,24.349950790405273,34406100
2018-06-01,WMT,Walmart,27.68000030517578,27.80666732788086,27.616666793823242,27.663333892822266,24.482711791992188,15713700
2018-06-04,WMT,Walmart,27.833332061767578,28.50666618347168,27.766666412353516,28.47333335876465,25.1995792388916,32766000
2018-06-05,WMT,Walmart,28.483333587646484,28.489999771118164,28.083332061767578,28.206666946411133,24.96357536315918,24844200
2018-06-06,WMT,Walmart,28.316667556762695,28.383333206176758,28.116666793823242,28.18666648864746,24.94587516784668,22088400
2018-06-07,WMT,Walmart,28.260000228881836,28.586666107177734,28.229999542236328,28.316667556762695,25.060928344726562,23117100
2018-06-08,WMT,Walmart,28.260000228881836,28.39666748046875,28.046667098999023,28.1200008392334,24.886873245239258,22807200
2018-06-11,WMT,Walmart,28.136667251586914,28.18000030517578,27.93000030517578,28.100000381469727,24.869171142578125,18756900
2018-06-12,WMT,Walmart,28.106666564941406,28.196666717529297,27.823333740234375,28.03333282470703,24.810161590576172,24185100
2018-06-13,WMT,Walmart,27.963333129882812,28.123332977294922,27.950000762939453,28.030000686645508,24.807220458984375,19075200
2018-06-14,WMT,Walmart,28.073333740234375,28.270000457763672,27.889999389648438,27.93000030517578,24.718713760375977,22552200
2018-06-15,WMT,Walmart,27.833332061767578,27.996667861938477,27.68666648864746,27.899999618530273,24.692171096801758,37509000
2018-06-18,WMT,Walmart,27.683332443237305,27.856666564941406,27.606666564941406,27.666667938232422,24.48565673828125,25506900
2018-06-19,WMT,Walmart,27.53333282470703,27.873332977294922,27.456666946411133,27.8700008392334,24.66561508178711,28057500
2018-06-20,WMT,Walmart,27.90333366394043,27.940000534057617,27.719999313354492,27.8700008392334,24.66561508178711,23899800
2018-06-21,WMT,Walmart,27.799999237060547,28.183332443237305,27.633333206176758,28.06999969482422,24.842615127563477,24276000
2018-06-22,WMT,Walmart,28.15333366394043,28.28333282470703,28.03333282470703,28.273332595825195,25.02257537841797,32439000
2018-06-25,WMT,Walmart,28.196666717529297,28.866666793823242,28.15999984741211,28.823333740234375,25.50933837890625,47818500
2018-06-26,WMT,Walmart,28.843332290649414,29.016666412353516,28.586666107177734,28.65999984741211,25.36478042602539,30378600
2018-06-27,WMT,Walmart,28.633333206176758,29.163333892822266,28.516666412353516,28.963333129882812,25.633235931396484,30899100
2018-06-28,WMT,Walmart,28.950000762939453,29.09666633605957,28.56333351135254,28.6200008392334,25.329383850097656,25401000
2018-06-29,WMT,Walmart,28.633333206176758,28.733333587646484,28.50666618347168,28.549999237060547,25.267423629760742,24766800
2018-07-02,WMT,Walmart,28.549999237060547,28.64666748046875,27.799999237060547,28.0,24.780670166015625,24375300
2018-07-03,WMT,Walmart,28.030000686645508,28.350000381469727,28.030000686645508,28.14666748046875,24.910463333129883,13188600
2018-07-05,WMT,Walmart,28.31333351135254,28.52666664123535,28.09000015258789,28.190000534057617,24.948827743530273,16102500
2018-07-06,WMT,Walmart,28.066667556762695,28.290000915527344,27.940000534057617,28.170000076293945,24.93111801147461,16841100
2018-07-09,WMT,Walmart,28.333332061767578,28.823333740234375,28.25666618347168,28.643333435058594,25.350034713745117,19726200
2018-07-10,WMT,Walmart,28.643333435058594,29.110000610351562,28.626667022705078,29.06999969482422,25.727636337280273,18145200
2018-07-11,WMT,Walmart,29.020000457763672,29.049999237060547,28.796667098999023,28.843332290649414,25.52703857421875,16787700
2018-07-12,WMT,Walmart,28.979999542236328,29.136667251586914,28.739999771118164,28.84000015258789,25.524084091186523,14665800
2018-07-13,WMT,Walmart,28.84000015258789,29.329999923706055,28.833332061767578,29.233333587646484,25.872196197509766,19165800
2018-07-16,WMT,Walmart,29.206666946411133,29.239999771118164,28.94333267211914,29.213333129882812,25.85449981689453,13341600
2018-07-17,WMT,Walmart,29.133333206176758,29.566667556762695,29.133333206176758,29.39666748046875,26.016746520996094,17734500
2018-07-18,WMT,Walmart,29.44333267211914,29.729999542236328,29.31333351135254,29.356666564941406,25.981346130371094,15136500
2018-07-19,WMT,Walmart,29.286666870117188,29.49333381652832,29.136667251586914,29.239999771118164,25.87809944152832,14649300
2018-07-20,WMT,Walmart,29.133333206176758,29.389999389648438,29.066667556762695,29.35333251953125,25.978395462036133,14445300
2018-07-23,WMT,Walmart,29.21666717529297,29.383333206176758,29.126667022705078,29.209999084472656,25.851547241210938,12450000
2018-07-24,WMT,Walmart,29.373332977294922,29.5,29.203332901000977,29.31999969482422,25.948894500732422,16768500
2018-07-25,WMT,Walmart,29.09000015258789,29.34000015258789,29.036666870117188,29.299999237060547,25.93120002746582,17427300
2018-07-26,WMT,Walmart,29.5,29.809999465942383,29.393333435058594,29.40999984741211,26.02855110168457,19644900
2018-07-27,WMT,Walmart,29.546667098999023,29.626667022705078,29.343332290649414,29.376667022705078,25.999048233032227,14038200
2018-07-30,WMT,Walmart,29.333332061767578,29.64666748046875,29.296667098999023,29.626667022705078,26.220306396484375,18032100
2018-07-31,WMT,Walmart,29.666667938232422,29.886667251586914,29.600000381469727,29.74333381652832,26.323558807373047,20124300
2018-08-01,WMT,Walmart,29.6200008392334,29.709999084472656,29.293333053588867,29.413333892822266,26.0314998626709,15150000
2018-08-02,WMT,Walmart,29.31333351135254,29.613332748413086,29.206666946411133,29.586666107177734,26.184906005859375,12918300
2018-08-03,WMT,Walmart,29.729999542236328,30.093332290649414,29.666667938232422,29.866666793823242,26.432710647583008,17241600
2018-08-06,WMT,Walmart,29.770000457763672,29.99333381652832,29.709999084472656,29.889999389648438,26.453359603881836,13954800
2018-08-07,WMT,Walmart,29.94333267211914,30.1200008392334,29.883333206176758,29.92333221435547,26.482866287231445,13580100
2018-08-08,WMT,Walmart,29.989999771118164,30.07666778564453,29.790000915527344,30.016666412353516,26.565460205078125,15123300
2018-08-09,WMT,Walmart,29.81999969482422,29.876667022705078,29.586666107177734,29.670000076293945,26.41116714477539,14183700
2018-08-10,WMT,Walmart,29.566667556762695,30.123332977294922,29.549999237060547,30.059999465942383,26.75834083557129,24734700
2018-08-13,WMT,Walmart,30.066667556762695,30.18000030517578,29.790000915527344,29.8799991607666,26.598102569580078,17637600
2018-08-14,WMT,Walmart,29.8799991607666,30.373332977294922,29.876667022705078,30.28333282470703,26.95713233947754,17510400
2018-08-15,WMT,Walmart,30.083332061767578,30.136667251586914,29.889999389648438,30.073333740234375,26.77019691467285,25850700
2018-08-16,WMT,Walmart,33.369998931884766,33.4033317565918,32.63666534423828,32.880001068115234,29.268596649169922,127893900
2018-08-17,WMT,Walmart,32.59000015258789,33.223331451416016,32.53666687011719,32.616668701171875,29.03419303894043,49389900
2018-08-20,WMT,Walmart,32.55666732788086,32.76333236694336,31.983333587646484,32.0,28.485254287719727,38037900
2018-08-21,WMT,Walmart,31.98666763305664,32.119998931884766,31.786666870117188,32.026668548583984,28.50899314880371,31593900
2018-08-22,WMT,Walmart,32.06666564941406,32.28333282470703,31.74333381652832,31.889999389648438,28.3873291015625,23297100
2018-08-23,WMT,Walmart,31.833332061767578,31.953332901000977,31.68666648864746,31.726667404174805,28.241941452026367,18289200
2018-08-24,WMT,Walmart,31.696666717529297,31.886667251586914,31.450000762939453,31.649999618530273,28.173686981201172,25782900
2018-08-27,WMT,Walmart,31.753332138061523,31.8700008392334,31.43000030517578,31.51333236694336,28.052034378051758,21120900
2018-08-28,WMT,Walmart,31.59000015258789,32.116668701171875,31.510000228881836,32.02333450317383,28.506023406982422,29949000
2018-08-29,WMT,Walmart,32.09333419799805,32.276668548583984,31.843332290649414,31.8799991607666,28.378435134887695,23588400
2018-08-30,WMT,Walmart,31.833332061767578,32.16666793823242,31.816667556762695,32.03333282470703,28.514917373657227,21176100
2018-08-31,WMT,Walmart,32.063331604003906,32.14666748046875,31.703332901000977,31.953332901000977,28.443714141845703,18974100
2018-09-04,WMT,Walmart,31.933332443237305,32.09000015258789,31.746667861938477,31.786666870117188,28.295351028442383,24842100
2018-09-05,WMT,Walmart,31.889999389648438,32.276668548583984,31.786666870117188,32.206668853759766,28.669221878051758,28423800
2018-09-06,WMT,Walmart,32.176666259765625,32.2400016784668,32.003334045410156,32.150001525878906,28.6187801361084,18452400
2018-09-07,WMT,Walmart,31.933332443237305,32.15999984741211,31.8799991607666,31.94333267211914,28.4348087310791,20017200
2018-09-10,WMT,Walmart,32.03666687011719,32.39666748046875,32.029998779296875,32.29999923706055,28.75230598449707,24997800
2018-09-11,WMT,Walmart,32.42333221435547,32.5533332824707,32.163333892822266,32.21333312988281,28.67515754699707,19390500
2018-09-12,WMT,Walmart,32.086666107177734,32.246665954589844,31.976667404174805,31.989999771118164,28.476354598999023,17700000
2018-09-13,WMT,Walmart,31.773332595825195,31.873332977294922,31.636667251586914,31.706666946411133,28.224138259887695,22958700
2018-09-14,WMT,Walmart,31.510000228881836,31.613332748413086,31.450000762939453,31.530000686645508,28.066875457763672,18958200
2018-09-17,WMT,Walmart,31.583332061767578,31.82666778564453,31.456666946411133,31.606666564941406,28.135114669799805,15989400
2018-09-18,WMT,Walmart,31.48666763305664,31.863332748413086,31.383333206176758,31.809999465942383,28.316116333007812,20279400
2018-09-19,WMT,Walmart,31.856666564941406,31.963333129882812,31.626667022705078,31.746667861938477,28.259742736816406,17025300
2018-09-20,WMT,Walmart,31.78333282470703,31.93000030517578,31.649999618530273,31.916667938232422,28.411073684692383,16656900
2018-09-21,WMT,Walmart,31.97333335876465,32.0966682434082,31.876667022705078,31.96666717529297,28.455577850341797,28590300
2018-09-24,WMT,Walmart,31.81333351135254,32.0,31.6200008392334,31.639999389648438,28.16478729248047,16011000
2018-09-25,WMT,Walmart,31.996667861938477,32.17333221435547,31.663333892822266,31.700000762939453,28.218202590942383,18579600
2018-09-26,WMT,Walmart,31.700000762939453,31.863332748413086,31.50666618347168,31.530000686645508,28.066875457763672,17755800
2018-09-27,WMT,Walmart,31.39666748046875,31.65333366394043,31.273332595825195,31.376667022705078,27.930383682250977,16090200
2018-09-28,WMT,Walmart,31.426666259765625,31.456666946411133,31.229999542236328,31.303333282470703,27.865100860595703,18918900
2018-10-01,WMT,Walmart,31.43000030517578,31.553333282470703,31.34666633605957,31.46666717529297,28.010499954223633,14982900
2018-10-02,WMT,Walmart,31.309999465942383,31.8700008392334,31.28333282470703,31.71666717529297,28.233043670654297,23263800
2018-10-03,WMT,Walmart,31.833332061767578,31.84666633605957,31.34666633605957,31.356666564941406,27.912578582763672,18982200
2018-10-04,WMT,Walmart,31.356666564941406,31.5,31.066667556762695,31.40333366394043,27.954120635986328,18135900
2018-10-05,WMT,Walmart,31.286666870117188,31.39666748046875,30.963333129882812,31.10333251953125,27.68707275390625,20080200
2018-10-08,WMT,Walmart,31.083332061767578,31.643333435058594,31.00666618347168,31.56333351135254,28.096548080444336,17287800
2018-10-09,WMT,Walmart,31.8799991607666,32.58000183105469,31.729999542236328,32.36000061035156,28.805713653564453,34796700
2018-10-10,WMT,Walmart,32.20000076293945,32.616668701171875,31.899999618530273,31.920000076293945,28.414031982421875,27008400
2018-10-11,WMT,Walmart,31.93666648864746,32.0966682434082,31.200000762939453,31.30666732788086,27.868072509765625,29779500
2018-10-12,WMT,Walmart,31.586666107177734,31.72333335876465,31.22333335876465,31.60333251953125,28.132152557373047,25661700
2018-10-15,WMT,Walmart,31.5,31.663333892822266,31.273332595825195,31.273332595825195,27.838394165039062,24916500
2018-10-16,WMT,Walmart,31.566667556762695,32.02333450317383,31.446666717529297,31.93666648864746,28.42887306213379,33725100
2018-10-17,WMT,Walmart,31.726667404174805,32.206668853759766,31.633333206176758,32.186668395996094,28.651412963867188,28618200
2018-10-18,WMT,Walmart,32.133331298828125,32.41666793823242,31.913333892822266,32.05666732788086,28.53569793701172,34195200
2018-10-19,WMT,Walmart,32.0,32.54999923706055,32.0,32.383331298828125,28.826480865478516,26852100
2018-10-22,WMT,Walmart,32.4466667175293,32.526668548583984,32.246665954589844,32.380001068115234,28.823511123657227,21368700
2018-10-23,WMT,Walmart,32.16666793823242,32.663333892822266,32.03666687011719,32.599998474121094,29.01934814453125,28217400
2018-10-24,WMT,Walmart,32.5,33.05666732788086,32.426666259765625,32.52000045776367,28.948139190673828,31094100
2018-10-25,WMT,Walmart,32.66999816894531,33.15999984741211,32.33333206176758,33.060001373291016,29.42882537841797,32211300
2018-10-26,WMT,Walmart,32.936668395996094,33.223331451416016,32.67333221435547,32.97999954223633,29.357608795166016,44776800
2018-10-29,WMT,Walmart,33.16999816894531,33.90999984741211,33.029998779296875,33.266666412353516,29.612791061401367,38118300
2018-10-30,WMT,Walmart,33.4033317565918,34.20000076293945,33.35333251953125,34.13999938964844,30.390214920043945,38125500
2018-10-31,WMT,Walmart,34.163333892822266,34.163333892822266,33.37333297729492,33.426666259765625,29.755210876464844,37064700
2018-11-01,WMT,Walmart,33.31999969482422,33.723331451416016,33.2400016784668,33.526668548583984,29.84423828125,23205300
2018-11-02,WMT,Walmart,33.62666702270508,33.856666564941406,33.436668395996094,33.779998779296875,30.06974220275879,21909600
2018-11-05,WMT,Walmart,33.72999954223633,34.38999938964844,33.543331146240234,34.3033332824707,30.535593032836914,22850400
2018-11-06,WMT,Walmart,34.18000030517578,34.47999954223633,34.016666412353516,34.44333267211914,30.66022491455078,19106100
2018-11-07,WMT,Walmart,34.5533332824707,34.823333740234375,34.349998474121094,34.77333450317383,30.95397186279297,26017800
2018-11-08,WMT,Walmart,34.776668548583984,35.086666107177734,34.676666259765625,34.959999084472656,31.120134353637695,17884200
2018-11-09,WMT,Walmart,35.0,35.29999923706055,34.936668395996094,35.186668395996094,31.321903228759766,25351200
2018-11-12,WMT,Walmart,35.16666793823242,35.4033317565918,34.54999923706055,34.62333297729492,30.82044792175293,26829300
2018-11-13,WMT,Walmart,34.55666732788086,34.71666717529297,34.18000030517578,34.313331604003906,30.54449462890625,23870100
2018-11-14,WMT,Walmart,34.33333206176758,34.383331298828125,33.66999816894531,33.84333419799805,30.126121520996094,31445700
2018-11-15,WMT,Walmart,34.106666564941406,34.266666412353516,32.87333297729492,33.18000030517578,29.535648345947266,48247800
2018-11-16,WMT,Walmart,32.939998626708984,33.13999938964844,32.30666732788086,32.563331604003906,28.986709594726562,42705600
2018-11-19,WMT,Walmart,32.64666748046875,32.75,32.143333435058594,32.2599983215332,28.716693878173828,27643200
2018-11-20,WMT,Walmart,31.65999984741211,31.733333587646484,31.200000762939453,31.386667251586914,27.939279556274414,37861800
2018-11-21,WMT,Walmart,31.453332901000977,31.639999389648438,31.10333251953125,31.389999389648438,27.94225311279297,28052700
2018-11-23,WMT,Walmart,31.376667022705078,31.850000381469727,31.376667022705078,31.700000762939453,28.218202590942383,14670000
2018-11-26,WMT,Walmart,31.89666748046875,32.02333450317383,31.579999923706055,31.71666717529297,28.233043670654297,30103800
2018-11-27,WMT,Walmart,31.663333892822266,31.84666633605957,31.469999313354492,31.68000030517578,28.200401306152344,27126900
2018-11-28,WMT,Walmart,31.816667556762695,32.540000915527344,31.683332443237305,32.48666763305664,28.9184627532959,30212400
2018-11-29,WMT,Walmart,32.34000015258789,32.61000061035156,32.246665954589844,32.43000030517578,28.868024826049805,18723900
2018-11-30,WMT,Walmart,32.46666717529297,32.810001373291016,32.356666564941406,32.54999923706055,28.974836349487305,31992000
2018-12-03,WMT,Walmart,32.67333221435547,33.1966667175293,32.55666732788086,32.91666793823242,29.301240921020508,27246300
2018-12-04,WMT,Walmart,32.75,32.98666763305664,31.8700008392334,31.93666648864746,28.42887306213379,31278900
2018-12-06,WMT,Walmart,31.64666748046875,31.803333282470703,31.03333282470703,31.59000015258789,28.273738861083984,31101600
2018-12-07,WMT,Walmart,31.5,31.709999084472656,30.816667556762695,31.06333351135254,27.802356719970703,25489500
2018-12-10,WMT,Walmart,31.18666648864746,31.416667938232422,30.780000686645508,31.31333351135254,28.0261173248291,21830700
2018-12-11,WMT,Walmart,31.416667938232422,31.496667861938477,31.083332061767578,31.28333282470703,27.99925994873047,19357500
2018-12-12,WMT,Walmart,31.433332443237305,31.433332443237305,31.020000457763672,31.036666870117188,27.778491973876953,28917600
2018-12-13,WMT,Walmart,31.083332061767578,31.226667404174805,30.809999465942383,30.98666763305664,27.73374366760254,24126900
2018-12-14,WMT,Walmart,30.683332443237305,30.85333251953125,30.523332595825195,30.616666793823242,27.402584075927734,34480800
2018-12-17,WMT,Walmart,30.406667709350586,30.670000076293945,30.053333282470703,30.25666618347168,27.08037757873535,27005400
2018-12-18,WMT,Walmart,30.266666412353516,30.420000076293945,30.093332290649414,30.360000610351562,27.17285919189453,28820100
2018-12-19,WMT,Walmart,30.43000030517578,31.0,30.083332061767578,30.183332443237305,27.014738082885742,36694500
2018-12-20,WMT,Walmart,30.036666870117188,30.036666870117188,28.713333129882812,29.093332290649414,26.039165496826172,49121400
2018-12-21,WMT,Walmart,28.956666946411133,29.823333740234375,28.933332443237305,29.043333053588867,25.994413375854492,44764500
2018-12-24,WMT,Walmart,28.84666633605957,29.190000534057617,28.593332290649414,28.606666564941406,25.60359001159668,18330900
2018-12-26,WMT,Walmart,28.80666732788086,30.139999389648438,28.766666412353516,30.136667251586914,26.97297477722168,30084900
2018-12-27,WMT,Walmart,29.916667938232422,30.536666870117188,29.479999542236328,30.530000686645508,27.325014114379883,29644500
2018-12-28,WMT,Walmart,30.690000534057617,31.156667709350586,30.549999237060547,30.709999084472656,27.486122131347656,29622000
2018-12-31,WMT,Walmart,30.889999389648438,31.1299991607666,30.75,31.049999237060547,27.790424346923828,21017400
2019-01-02,WMT,Walmart,30.546667098999023,31.21666717529297,30.546667098999023,31.113332748413086,27.847110748291016,24458100
2019-01-03,WMT,Walmart,31.06999969482422,31.56999969482422,30.899999618530273,30.953332901000977,27.703908920288086,24831900
2019-01-04,WMT,Walmart,31.06999969482422,31.219999313354492,30.89666748046875,31.14666748046875,27.876941680908203,24087300
2019-01-07,WMT,Walmart,31.206666946411133,31.72333335876465,31.059999465942383,31.51333236694336,28.205110549926758,23369100
2019-01-08,WMT,Walmart,31.68666648864746,31.920000076293945,31.303333282470703,31.733333587646484,28.402029037475586,21602700
2019-01-09,WMT,Walmart,31.90333366394043,32.04666519165039,31.59000015258789,31.6299991607666,28.30953598022461,18816900
2019-01-10,WMT,Walmart,31.293333053588867,31.65999984741211,31.040000915527344,31.65333366394043,28.330419540405273,28188900
2019-01-11,WMT,Walmart,31.663333892822266,31.76333236694336,31.516666412353516,31.613332748413086,28.294620513916016,16183800
2019-01-14,WMT,Walmart,31.49333381652832,31.816667556762695,31.426666259765625,31.649999618530273,28.327434539794922,21255300
2019-01-15,WMT,Walmart,31.823333740234375,32.20000076293945,31.793333053588867,32.08333206176758,28.715280532836914,21174600
2019-01-16,WMT,Walmart,31.976667404174805,32.28666687011719,31.94333267211914,32.116668701171875,28.745115280151367,16230000
2019-01-17,WMT,Walmart,32.106666564941406,32.4033317565918,32.0533332824707,32.246665954589844,28.861469268798828,16843500
2019-01-18,WMT,Walmart,32.31666564941406,32.733333587646484,32.28333282470703,32.57666778564453,29.156829833984375,18361800
2019-01-22,WMT,Walmart,32.383331298828125,32.810001373291016,32.2599983215332,32.496665954589844,29.085224151611328,24189600
2019-01-23,WMT,Walmart,32.956668853759766,33.116668701171875,32.5099983215332,32.9033317565918,29.449195861816406,25037400
2019-01-24,WMT,Walmart,32.733333587646484,32.81999969482422,32.143333435058594,32.78666687011719,29.344783782958984,22829100
2019-01-25,WMT,Walmart,32.91666793823242,32.970001220703125,32.25,32.313331604003906,28.921131134033203,21654600
2019-01-28,WMT,Walmart,32.176666259765625,32.356666564941406,32.026668548583984,32.35333251953125,28.956941604614258,17627400
2019-01-29,WMT,Walmart,32.25666809082031,32.38666534423828,32.16999816894531,32.23666763305664,28.85251808166504,15760200
2019-01-30,WMT,Walmart,32.22666549682617,32.266666412353516,31.420000076293945,31.600000381469727,28.282686233520508,35547900
2019-01-31,WMT,Walmart,31.543333053588867,32.290000915527344,31.543333053588867,31.94333267211914,28.58997917175293,44169000
2019-02-01,WMT,Walmart,31.97333335876465,32.0,31.036666870117188,31.286666870117188,28.00225257873535,37775700
2019-02-04,WMT,Walmart,31.286666870117188,31.59000015258789,31.116666793823242,31.59000015258789,28.273738861083984,21805800
2019-02-05,WMT,Walmart,31.75,31.979999542236328,31.67333221435547,31.866666793823242,28.521352767944336,18299700
2019-02-06,WMT,Walmart,31.809999465942383,32.003334045410156,31.739999771118164,31.8799991607666,28.533296585083008,12794700
2019-02-07,WMT,Walmart,31.703332901000977,32.27333450317383,31.666667938232422,32.24333190917969,28.858482360839844,21030300
2019-02-08,WMT,Walmart,32.11333465576172,32.22999954223633,31.713333129882812,31.860000610351562,28.515392303466797,18507600
2019-02-11,WMT,Walmart,31.883333206176758,32.116668701171875,31.8799991607666,32.06666564941406,28.700363159179688,16628400
2019-02-12,WMT,Walmart,32.27333450317383,32.38999938964844,32.16666793823242,32.323333740234375,28.93008804321289,17643900
2019-02-13,WMT,Walmart,32.43333435058594,32.66666793823242,32.36333465576172,32.64666748046875,29.219480514526367,16375500
2019-02-14,WMT,Walmart,32.560001373291016,33.06666564941406,32.34000015258789,32.84000015258789,29.392518997192383,21602400
2019-02-15,WMT,Walmart,32.99333190917969,33.33333206176758,32.95333480834961,33.33000183105469,29.83108139038086,28443000
2019-02-19,WMT,Walmart,34.12666702270508,34.72666549682617,34.02333450317383,34.06666564941406,30.490413665771484,62091900
2019-02-20,WMT,Walmart,33.936668395996094,34.11333465576172,32.883331298828125,33.293331146240234,29.798254013061523,52895400
2019-02-21,WMT,Walmart,33.220001220703125,33.30666732788086,32.970001220703125,33.130001068115234,29.65207290649414,19239600
2019-02-22,WMT,Walmart,33.27333450317383,33.38666534423828,33.04666519165039,33.18333435058594,29.699800491333008,24260700
2019-02-25,WMT,Walmart,33.37333297729492,33.37666702270508,33.016666412353516,33.040000915527344,29.571517944335938,27705000
2019-02-26,WMT,Walmart,33.00666809082031,33.02000045776367,32.62333297729492,32.89666748046875,29.4432373046875,25464300
2019-02-27,WMT,Walmart,32.706668853759766,32.79666519165039,32.529998779296875,32.70333480834961,29.270200729370117,23706900
2019-02-28,WMT,Walmart,32.70333480834961,33.15666580200195,32.59000015258789,32.996665954589844,29.532732009887695,34127700
2019-03-01,WMT,Walmart,33.15666580200195,33.186668395996094,32.37333297729492,32.643333435058594,29.216495513916016,31057500
2019-03-04,WMT,Walmart,32.706668853759766,32.86333465576172,32.456668853759766,32.616668701171875,29.1926326751709,23051400
2019-03-05,WMT,Walmart,32.709999084472656,33.063331604003906,32.6966667175293,32.779998779296875,29.33881378173828,18357900
2019-03-06,WMT,Walmart,32.75666809082031,33.0,32.619998931884766,32.753334045410156,29.31494903564453,14089800
2019-03-07,WMT,Walmart,32.56999969482422,32.733333587646484,32.413333892822266,32.483333587646484,29.07329559326172,18379800
2019-03-08,WMT,Walmart,32.516666412353516,32.80666732788086,32.33333206176758,32.529998779296875,29.115060806274414,16977000
2019-03-11,WMT,Walmart,32.68000030517578,32.86000061035156,32.606666564941406,32.82666778564453,29.38058090209961,16035900
2019-03-12,WMT,Walmart,32.84333419799805,32.913333892822266,32.68333435058594,32.790000915527344,29.347763061523438,15211500
2019-03-13,WMT,Walmart,32.900001525878906,33.116668701171875,32.79666519165039,33.0099983215332,29.54467010498047,16446900
2019-03-14,WMT,Walmart,32.8033332824707,32.810001373291016,32.529998779296875,32.7400016784668,29.460681915283203,14777400
2019-03-15,WMT,Walmart,32.7599983215332,32.836666107177734,32.53333282470703,32.80666732788086,29.52066993713379,43800000
2019-03-18,WMT,Walmart,32.766666412353516,33.25666809082031,32.753334045410156,33.220001220703125,29.892602920532227,17310300
2019-03-19,WMT,Walmart,33.33000183105469,33.496665954589844,33.189998626708984,33.28333282470703,29.94959259033203,16243200
2019-03-20,WMT,Walmart,33.06666564941406,33.18333435058594,32.8466682434082,32.880001068115234,29.586668014526367,18969300
2019-03-21,WMT,Walmart,32.75,33.043331146240234,32.70000076293945,33.02000045776367,29.712631225585938,19653000
2019-03-22,WMT,Walmart,32.86000061035156,33.176666259765625,32.64666748046875,32.7599983215332,29.478683471679688,20124300
2019-03-25,WMT,Walmart,32.599998474121094,32.87333297729492,32.543331146240234,32.723331451416016,29.445693969726562,16222200
2019-03-26,WMT,Walmart,32.78666687011719,32.95000076293945,32.676666259765625,32.77333450317383,29.490680694580078,14837700
2019-03-27,WMT,Walmart,32.71333312988281,32.95333480834961,31.666667938232422,32.4033317565918,29.157732009887695,25413600
2019-03-28,WMT,Walmart,32.529998779296875,32.62333297729492,32.176666259765625,32.37666702270508,29.13374900817871,24162900
2019-03-29,WMT,Walmart,32.529998779296875,32.55666732788086,32.3466682434082,32.5099983215332,29.25372314453125,22319700
2019-04-01,WMT,Walmart,32.65666580200195,32.78666687011719,32.52000045776367,32.606666564941406,29.34070587158203,25517400
2019-04-02,WMT,Walmart,32.586666107177734,32.77000045776367,32.29999923706055,32.313331604003906,29.076744079589844,18822000
2019-04-03,WMT,Walmart,32.37333297729492,32.46666717529297,32.26333236694336,32.39666748046875,29.151737213134766,17062500
2019-04-04,WMT,Walmart,32.41666793823242,32.7599983215332,32.413333892822266,32.70333480834961,29.427690505981445,12078900
2019-04-05,WMT,Walmart,32.75,33.06666564941406,32.720001220703125,32.94333267211914,29.643651962280273,13968000
2019-04-08,WMT,Walmart,32.81666564941406,33.08333206176758,32.753334045410156,33.07666778564453,29.763626098632812,16267200
2019-04-09,WMT,Walmart,32.93333435058594,33.07666778564453,32.71666717529297,32.89666748046875,29.60166358947754,13102500
2019-04-10,WMT,Walmart,32.836666107177734,33.2400016784668,32.83333206176758,33.20000076293945,29.87460708618164,12273300
2019-04-11,WMT,Walmart,33.233333587646484,33.61000061035156,33.15666580200195,33.599998474121094,30.234542846679688,16820700
2019-04-12,WMT,Walmart,33.66666793823242,34.00666809082031,33.66666793823242,33.85333251953125,30.46250343322754,15486000
2019-04-15,WMT,Walmart,33.766666412353516,34.3033332824707,33.753334045410156,34.143333435058594,30.723461151123047,15335700
2019-04-16,WMT,Walmart,34.29666519165039,34.46333312988281,34.18000030517578,34.310001373291016,30.87342643737793,14485200
2019-04-17,WMT,Walmart,34.33333206176758,34.46666717529297,34.13666534423828,34.38666534423828,30.942411422729492,11187600
2019-04-18,WMT,Walmart,34.369998931884766,34.599998474121094,34.29666519165039,34.393333435058594,30.94841194152832,11183400
2019-04-22,WMT,Walmart,34.2599983215332,34.51333236694336,34.05666732788086,34.12333297729492,30.705461502075195,15238200
2019-04-23,WMT,Walmart,34.176666259765625,34.43000030517578,33.97999954223633,34.356666564941406,30.915424346923828,15152400
2019-04-24,WMT,Walmart,34.380001068115234,34.616668701171875,34.36333465576172,34.5099983215332,31.053401947021484,14093400
2019-04-25,WMT,Walmart,34.413333892822266,34.71666717529297,34.276668548583984,34.50666809082031,31.05038833618164,11883300
2019-04-26,WMT,Walmart,33.483333587646484,34.11333465576172,33.220001220703125,33.84333419799805,30.453506469726562,24323100
2019-04-29,WMT,Walmart,33.959999084472656,34.0,33.59333419799805,33.85333251953125,30.46250343322754,19139100
2019-04-30,WMT,Walmart,33.92333221435547,34.30666732788086,33.81666564941406,34.279998779296875,30.846431732177734,18400800
2019-05-01,WMT,Walmart,34.25666809082031,34.27000045776367,33.7599983215332,33.78666687011719,30.40251922607422,16011600
2019-05-02,WMT,Walmart,33.810001373291016,34.02000045776367,33.413333892822266,33.71666717529297,30.339529037475586,15021000
2019-05-03,WMT,Walmart,34.106666564941406,34.25,33.93333435058594,34.026668548583984,30.618480682373047,15950700
2019-05-06,WMT,Walmart,33.58333206176758,34.18333435058594,33.51333236694336,34.1533317565918,30.732444763183594,13841100
2019-05-07,WMT,Walmart,33.93333435058594,34.05666732788086,33.586666107177734,33.766666412353516,30.38451385498047,13726800
2019-05-08,WMT,Walmart,33.41666793823242,33.68000030517578,33.28666687011719,33.43333435058594,30.08456802368164,17646000
2019-05-09,WMT,Walmart,33.09000015258789,33.313331604003906,32.95000076293945,33.18000030517578,30.015213012695312,18720300
2019-05-10,WMT,Walmart,33.253334045410156,34.03666687011719,33.233333587646484,33.970001220703125,30.729867935180664,26228100
2019-05-13,WMT,Walmart,33.483333587646484,33.71666717529297,33.003334045410156,33.29666519165039,30.12075424194336,22084500
2019-05-14,WMT,Walmart,33.380001068115234,33.62333297729492,33.29666519165039,33.43000030517578,30.241371154785156,19061100
2019-05-15,WMT,Walmart,33.400001525878906,33.45333480834961,33.043331146240234,33.293331146240234,30.117738723754883,20220900
2019-05-16,WMT,Walmart,34.276668548583984,34.6533317565918,33.61333465576172,33.77000045776367,30.54893684387207,51366000
2019-05-17,WMT,Walmart,33.413333892822266,33.983333587646484,33.3033332824707,33.619998931884766,30.413251876831055,37113900
2019-05-20,WMT,Walmart,33.46333312988281,33.99333190917969,33.41666793823242,33.84000015258789,30.612272262573242,21582300
2019-05-21,WMT,Walmart,33.836666107177734,33.883331298828125,33.46666717529297,33.706668853759766,30.491641998291016,20667300
2019-05-22,WMT,Walmart,33.866668701171875,34.143333435058594,33.686668395996094,34.07666778564453,30.82636070251465,22022700
2019-05-23,WMT,Walmart,33.939998626708984,33.97666549682617,33.54999923706055,33.95333480834961,30.714797973632812,19363800
2019-05-24,WMT,Walmart,34.060001373291016,34.29666519165039,34.026668548583984,34.223331451416016,30.95903205871582,13449600
2019-05-28,WMT,Walmart,34.186668395996094,34.52333450317383,34.133331298828125,34.13999938964844,30.883655548095703,30815100
2019-05-29,WMT,Walmart,34.03666687011719,34.293331146240234,33.823333740234375,34.040000915527344,30.793197631835938,19560600
2019-05-30,WMT,Walmart,34.163333892822266,34.496665954589844,33.970001220703125,34.063331604003906,30.81430435180664,15058800
2019-05-31,WMT,Walmart,33.78333282470703,34.00666809082031,33.53333282470703,33.813331604003906,30.5881404876709,17782500
2019-06-03,WMT,Walmart,33.87666702270508,34.22666549682617,33.79999923706055,33.98666763305664,30.744937896728516,19844100
2019-06-04,WMT,Walmart,34.20333480834961,34.21666717529297,33.813331604003906,34.186668395996094,30.925874710083008,17894700
2019-06-05,WMT,Walmart,34.25,34.926666259765625,34.20000076293945,34.80666732788086,31.486726760864258,20708700
2019-06-06,WMT,Walmart,34.83000183105469,35.220001220703125,34.733333587646484,35.03666687011719,31.69478988647461,24191100
2019-06-07,WMT,Walmart,35.07666778564453,35.45333480834961,35.016666412353516,35.35333251953125,31.981246948242188,20428200
2019-06-10,WMT,Walmart,35.49333190917969,35.926666259765625,35.456668853759766,35.84000015258789,32.421504974365234,18977100
2019-06-11,WMT,Walmart,36.0,36.323333740234375,35.91666793823242,35.97999954223633,32.54814147949219,20241900
2019-06-12,WMT,Walmart,35.973331451416016,36.3033332824707,35.973331451416016,36.27333450317383,32.813507080078125,13905300
2019-06-13,WMT,Walmart,36.33333206176758,36.526668548583984,36.05666732788086,36.21666717529297,32.762229919433594,16455000
2019-06-14,WMT,Walmart,36.2599983215332,36.529998779296875,36.1533317565918,36.356666564941406,32.88888931274414,13577700
2019-06-17,WMT,Walmart,36.37333297729492,36.516666412353516,36.086666107177734,36.38666534423828,32.91603088378906,12441000
2019-06-18,WMT,Walmart,36.599998474121094,36.6533317565918,36.3033332824707,36.54999923706055,33.06377410888672,14733600
2019-06-19,WMT,Walmart,36.599998474121094,36.61333465576172,36.290000915527344,36.540000915527344,33.05473709106445,11773800
2019-06-20,WMT,Walmart,36.606666564941406,36.83000183105469,36.426666259765625,36.77333450317383,33.265804290771484,15004500
2019-06-21,WMT,Walmart,36.779998779296875,37.39666748046875,36.753334045410156,37.043331146240234,33.510066986083984,39535800
2019-06-24,WMT,Walmart,37.163333892822266,37.40666580200195,37.0099983215332,37.08000183105469,33.5432243347168,18098400
2019-06-25,WMT,Walmart,36.959999084472656,37.143333435058594,36.79999923706055,36.90666580200195,33.38643264770508,18315000
2019-06-26,WMT,Walmart,36.95000076293945,37.026668548583984,36.70000076293945,36.720001220703125,33.21756362915039,12485100
2019-06-27,WMT,Walmart,36.686668395996094,36.836666107177734,36.28666687011719,36.70000076293945,33.1994743347168,16443900
2019-06-28,WMT,Walmart,36.849998474121094,37.16999816894531,36.746665954589844,36.83000183105469,33.317073822021484,19520100
2019-07-01,WMT,Walmart,37.099998474121094,37.323333740234375,36.67333221435547,36.87333297729492,33.35627365112305,16544100
2019-07-02,WMT,Walmart,36.94333267211914,37.20333480834961,36.779998779296875,37.20000076293945,33.65177917480469,12188700
2019-07-03,WMT,Walmart,37.060001373291016,37.46666717529297,37.0,37.439998626708984,33.86887741088867,9621900
2019-07-05,WMT,Walmart,37.33333206176758,37.413333892822266,37.06999969482422,37.32666778564453,33.76637268066406,10738200
2019-07-08,WMT,Walmart,37.30666732788086,37.643333435058594,37.233333587646484,37.573333740234375,33.98949432373047,14147100
2019-07-09,WMT,Walmart,37.630001068115234,37.793331146240234,37.53333282470703,37.62666702270508,34.037742614746094,16270200
2019-07-10,WMT,Walmart,37.706668853759766,37.869998931884766,37.46333312988281,37.65999984741211,34.06790542602539,13737000
2019-07-11,WMT,Walmart,37.779998779296875,37.97999954223633,37.67333221435547,37.973331451416016,34.35134506225586,11689800
2019-07-12,WMT,Walmart,38.029998779296875,38.25666809082031,37.87333297729492,38.20000076293945,34.556400299072266,11229900
2019-07-15,WMT,Walmart,38.223331451416016,38.36000061035156,38.150001525878906,38.32666778564453,34.670982360839844,10038000
2019-07-16,WMT,Walmart,38.44333267211914,38.496665954589844,38.01333236694336,38.253334045410156,34.604644775390625,10464600
2019-07-17,WMT,Walmart,38.27000045776367,38.38999938964844,38.06666564941406,38.20000076293945,34.556400299072266,8065500
2019-07-18,WMT,Walmart,38.116668701171875,38.2599983215332,37.913333892822266,38.2400016784668,34.59259033203125,9670800
2019-07-19,WMT,Walmart,38.33333206176758,38.436668395996094,37.95333480834961,37.96666717529297,34.345314025878906,11388900
2019-07-22,WMT,Walmart,38.03333282470703,38.11333465576172,37.439998626708984,37.606666564941406,34.019657135009766,13550700
2019-07-23,WMT,Walmart,37.706668853759766,37.733333587646484,37.189998626708984,37.36333465576172,33.79953384399414,17262600
2019-07-24,WMT,Walmart,37.34333419799805,37.5966682434082,37.189998626708984,37.33333206176758,33.77239990234375,12531900
2019-07-25,WMT,Walmart,37.393333435058594,37.46333312988281,37.220001220703125,37.40666580200195,33.83873748779297,11554500
2019-07-26,WMT,Walmart,37.37333297729492,37.779998779296875,37.27333450317383,37.67333221435547,34.0799560546875,14187000
2019-07-29,WMT,Walmart,37.61333465576172,37.65999984741211,37.253334045410156,37.42333221435547,33.85380935668945,11239800
2019-07-30,WMT,Walmart,37.35333251953125,37.46666717529297,37.223331451416016,37.35333251953125,33.79048538208008,9105600
2019-07-31,WMT,Walmart,37.3033332824707,37.4466667175293,36.543331146240234,36.793331146240234,33.28389358520508,18633900
2019-08-01,WMT,Walmart,36.77333450317383,37.38999938964844,36.439998626708984,36.459999084472656,32.98236846923828,22365000
2019-08-02,WMT,Walmart,36.58000183105469,36.71333312988281,36.04999923706055,36.46666717529297,32.988399505615234,16970100
2019-08-05,WMT,Walmart,36.0,36.0,35.1966667175293,35.27333450317383,31.908884048461914,22710000
2019-08-06,WMT,Walmart,35.39666748046875,35.9466667175293,35.1966667175293,35.75666809082031,32.346107482910156,21049200
2019-08-07,WMT,Walmart,35.67333221435547,36.21333312988281,35.30666732788086,36.06666564941406,32.62653732299805,21835500
2019-08-08,WMT,Walmart,36.003334045410156,36.279998779296875,35.92333221435547,36.17333221435547,32.884117126464844,13123200
2019-08-09,WMT,Walmart,36.02000045776367,36.1533317565918,35.56999969482422,35.7599983215332,32.508365631103516,12580500
2019-08-12,WMT,Walmart,35.573333740234375,35.61333465576172,34.9466667175293,35.073333740234375,31.884136199951172,17605200
2019-08-13,WMT,Walmart,35.08333206176758,36.03666687011719,34.95000076293945,35.8033332824707,32.54774856567383,20025900
2019-08-14,WMT,Walmart,35.15999984741211,36.02000045776367,35.04666519165039,35.400001525878906,32.18110656738281,27938400
2019-08-15,WMT,Walmart,37.5099983215332,37.880001068115234,36.720001220703125,37.563331604003906,34.14772033691406,59438700
2019-08-16,WMT,Walmart,38.026668548583984,38.310001373291016,37.35333251953125,37.663333892822266,34.2386360168457,32895600
2019-08-19,WMT,Walmart,38.116668701171875,38.2599983215332,37.866668701171875,37.936668395996094,34.48710250854492,21534300
2019-08-20,WMT,Walmart,37.95333480834961,38.01333236694336,37.336666107177734,37.349998474121094,33.95379638671875,18336900
2019-08-21,WMT,Walmart,37.99333190917969,38.02333450317383,37.293331146240234,37.34000015258789,33.944698333740234,24469200
2019-08-22,WMT,Walmart,37.400001525878906,37.5966682434082,37.116668701171875,37.3033332824707,33.91136932373047,17986200
2019-08-23,WMT,Walmart,37.206668853759766,37.3033332824707,36.709999084472656,36.94333267211914,33.58409881591797,18710100
2019-08-26,WMT,Walmart,37.186668395996094,37.42333221435547,37.073333740234375,37.33000183105469,33.93561553955078,17807100
2019-08-27,WMT,Walmart,37.473331451416016,37.60333251953125,37.16999816894531,37.473331451416016,34.065914154052734,17201100
2019-08-28,WMT,Walmart,37.426666259765625,37.69333267211914,37.22666549682617,37.573333740234375,34.15680694580078,16113000
2019-08-29,WMT,Walmart,38.06666564941406,38.1966667175293,37.77000045776367,38.026668548583984,34.568931579589844,15811500
2019-08-30,WMT,Walmart,38.33333206176758,38.459999084472656,37.96666717529297,38.086666107177734,34.62347412109375,17115900
2019-09-03,WMT,Walmart,37.893333435058594,38.436668395996094,37.83000183105469,38.21333312988281,34.73862838745117,17828100
2019-09-04,WMT,Walmart,38.563331604003906,38.6533317565918,38.27333450317383,38.63666534423828,35.12346649169922,17348700
2019-09-05,WMT,Walmart,39.223331451416016,39.31999969482422,38.42333221435547,38.47999954223633,34.981048583984375,17479200
2019-09-06,WMT,Walmart,38.47999954223633,38.58333206176758,38.206668853759766,38.24333190917969,34.765899658203125,13039200
2019-09-09,WMT,Walmart,38.16666793823242,38.869998931884766,38.133331298828125,38.776668548583984,35.25074005126953,17921100
2019-09-10,WMT,Walmart,38.663333892822266,38.98666763305664,38.49333190917969,38.68333435058594,35.165889739990234,14572200
2019-09-11,WMT,Walmart,38.66666793823242,38.900001525878906,38.40666580200195,38.67333221435547,35.15679931640625,15852300
2019-09-12,WMT,Walmart,38.883331298828125,39.02333450317383,38.633331298828125,38.973331451416016,35.42951965332031,13422900
2019-09-13,WMT,Walmart,39.0533332824707,39.39666748046875,38.983333587646484,39.143333435058594,35.58406448364258,16915800
2019-09-16,WMT,Walmart,38.8466682434082,39.05666732788086,38.459999084472656,38.52333450317383,35.02043151855469,18270900
2019-09-17,WMT,Walmart,38.439998626708984,38.89666748046875,38.41666793823242,38.836666107177734,35.305259704589844,13813500
2019-09-18,WMT,Walmart,38.970001220703125,39.07666778564453,38.72666549682617,39.0533332824707,35.50224304199219,11868000
2019-09-19,WMT,Walmart,39.133331298828125,39.27000045776367,38.92333221435547,39.03666687011719,35.48709487915039,10141800
2019-09-20,WMT,Walmart,39.116668701171875,39.21333312988281,38.93333435058594,38.99333190917969,35.44768524169922,33997200
2019-09-23,WMT,Walmart,38.869998931884766,39.470001220703125,38.85333251953125,39.206668853759766,35.64164733886719,15487500
2019-09-24,WMT,Walmart,39.41666793823242,39.95333480834961,39.336666107177734,39.46666717529297,35.877986907958984,21819300
2019-09-25,WMT,Walmart,39.4900016784668,39.573333740234375,39.27000045776367,39.4900016784668,35.89919662475586,13840800
2019-09-26,WMT,Walmart,39.599998474121094,39.849998474121094,39.39666748046875,39.43333435058594,35.84769058227539,11960700
2019-09-27,WMT,Walmart,39.73666763305664,39.74333190917969,39.25,39.483333587646484,35.89314270019531,10304100
2019-09-30,WMT,Walmart,39.55666732788086,39.813331604003906,39.52000045776367,39.560001373291016,35.96284103393555,10204200
2019-10-01,WMT,Walmart,39.616668701171875,39.70333480834961,39.2400016784668,39.28333282470703,35.71131896972656,11187900
2019-10-02,WMT,Walmart,39.133331298828125,39.18333435058594,38.53666687011719,38.706668853759766,35.18709945678711,17833500
2019-10-03,WMT,Walmart,38.62666702270508,38.93333435058594,38.19333267211914,38.77000045776367,35.244667053222656,15619500
2019-10-04,WMT,Walmart,38.79999923706055,39.43333435058594,38.72999954223633,39.38666534423828,35.805259704589844,13881000
2019-10-07,WMT,Walmart,39.366668701171875,39.43333435058594,38.959999084472656,39.07666778564453,35.5234489440918,14085000
2019-10-08,WMT,Walmart,38.936668395996094,39.55666732788086,38.88666534423828,39.19333267211914,35.629512786865234,15375300
2019-10-09,WMT,Walmart,39.393333435058594,39.766666412353516,39.34000015258789,39.643333435058594,36.038597106933594,11710200
2019-10-10,WMT,Walmart,39.633331298828125,39.959999084472656,39.53333282470703,39.869998931884766,36.24464797973633,13024500
2019-10-11,WMT,Walmart,39.973331451416016,40.23666763305664,39.573333740234375,40.08000183105469,36.435546875,18383700
2019-10-14,WMT,Walmart,39.95000076293945,40.1533317565918,39.70000076293945,39.723331451416016,36.11131286621094,13719900
2019-10-15,WMT,Walmart,39.776668548583984,39.996665954589844,39.62333297729492,39.84333419799805,36.22040939331055,13550100
2019-10-16,WMT,Walmart,39.77000045776367,40.03666687011719,39.70000076293945,39.80666732788086,36.18708038330078,11344800
2019-10-17,WMT,Walmart,39.88999938964844,40.08333206176758,39.78666687011719,39.9466667175293,36.31433868408203,11732700
2019-10-18,WMT,Walmart,40.150001525878906,40.20000076293945,39.709999084472656,39.71333312988281,36.10222244262695,16776900
2019-10-21,WMT,Walmart,39.766666412353516,39.94333267211914,39.606666564941406,39.913333892822266,36.2840461730957,10230300
2019-10-22,WMT,Walmart,39.91666793823242,40.05666732788086,39.79666519165039,39.86000061035156,36.23555374145508,7634100
2019-10-23,WMT,Walmart,39.723331451416016,39.95000076293945,39.563331604003906,39.78333282470703,36.165863037109375,8520000
2019-10-24,WMT,Walmart,39.71666717529297,39.856666564941406,39.503334045410156,39.70000076293945,36.09010696411133,8700900
2019-10-25,WMT,Walmart,39.66666793823242,39.776668548583984,39.400001525878906,39.68000030517578,36.07192611694336,7692900
2019-10-28,WMT,Walmart,39.75,39.900001525878906,39.5099983215332,39.7400016784668,36.126468658447266,10213800
2019-10-29,WMT,Walmart,39.5,39.57666778564453,39.026668548583984,39.04999923706055,35.49921417236328,14373300
2019-10-30,WMT,Walmart,39.060001373291016,39.456668853759766,39.016666412353516,39.366668701171875,35.787078857421875,8988600
2019-10-31,WMT,Walmart,39.310001373291016,39.426666259765625,38.94333267211914,39.086666107177734,35.532535552978516,14643900
2019-11-01,WMT,Walmart,39.30666732788086,39.323333740234375,39.07666778564453,39.206668853759766,35.64164733886719,11287800
2019-11-04,WMT,Walmart,39.46666717529297,39.70333480834961,39.05666732788086,39.189998626708984,35.62646484375,13938000
2019-11-05,WMT,Walmart,39.22666549682617,39.71333312988281,39.026668548583984,39.619998931884766,36.01738739013672,12651300
2019-11-06,WMT,Walmart,39.61000061035156,39.87333297729492,39.56999969482422,39.83333206176758,36.21131896972656,10843200
2019-11-07,WMT,Walmart,40.0,40.30666732788086,39.8466682434082,40.07666778564453,36.43252944946289,13324200
2019-11-08,WMT,Walmart,40.10333251953125,40.293331146240234,39.64666748046875,39.813331604003906,36.19314193725586,11498100
2019-11-11,WMT,Walmart,39.56666564941406,39.87666702270508,39.426666259765625,39.68000030517578,36.07192611694336,13317000
2019-11-12,WMT,Walmart,39.866668701171875,40.0,39.60333251953125,39.706668853759766,36.096168518066406,15189300
2019-11-13,WMT,Walmart,39.720001220703125,40.45333480834961,39.5533332824707,40.32666778564453,36.6597900390625,23135400
2019-11-14,WMT,Walmart,41.53333282470703,41.793331146240234,39.836666107177734,40.21666717529297,36.55979537963867,67512600
2019-11-15,WMT,Walmart,40.22666549682617,40.33333206176758,39.459999084472656,39.62333297729492,36.02040481567383,30413100
2019-11-18,WMT,Walmart,39.483333587646484,40.290000915527344,39.413333892822266,40.08333206176758,36.43857955932617,19644000
2019-11-19,WMT,Walmart,40.03666687011719,40.119998931884766,39.9033317565918,39.96333312988281,36.329498291015625,11146200
2019-11-20,WMT,Walmart,40.06999969482422,40.15999984741211,39.46666717529297,39.709999084472656,36.099205017089844,15227700
2019-11-21,WMT,Walmart,39.61000061035156,40.0,39.55666732788086,39.95333480834961,36.32040786743164,12908400
2019-11-22,WMT,Walmart,40.04999923706055,40.099998474121094,39.75666809082031,39.78666687011719,36.16889572143555,11529300
2019-11-25,WMT,Walmart,40.0,40.00666809082031,39.29999923706055,39.63999938964844,36.03556442260742,17644500
2019-11-26,WMT,Walmart,39.6533317565918,39.766666412353516,39.483333587646484,39.72999954223633,36.11737823486328,18877500
2019-11-27,WMT,Walmart,39.79666519165039,39.93333435058594,39.57666778564453,39.586666107177734,35.98707962036133,10302300
2019-11-29,WMT,Walmart,39.71333312988281,39.9900016784668,39.66666793823242,39.6966667175293,36.08707046508789,9471900
2019-12-02,WMT,Walmart,39.71666717529297,39.793331146240234,39.279998779296875,39.7599983215332,36.1446533203125,17012700
2019-12-03,WMT,Walmart,39.46666717529297,39.6533317565918,39.25666809082031,39.55666732788086,35.95980453491211,19784400
2019-12-04,WMT,Walmart,39.706668853759766,39.733333587646484,39.43333435058594,39.563331604003906,35.96587371826172,16669800
2019-12-05,WMT,Walmart,39.45333480834961,39.59333419799805,39.13999938964844,39.5533332824707,36.1180534362793,13058400
2019-12-06,WMT,Walmart,39.69333267211914,39.93333435058594,39.63999938964844,39.926666259765625,36.458961486816406,13022400
2019-12-09,WMT,Walmart,39.856666564941406,39.95333480834961,39.72666549682617,39.78666687011719,36.33112716674805,14448000
2019-12-10,WMT,Walmart,39.78333282470703,39.85333251953125,39.67333221435547,39.71333312988281,36.264163970947266,12846900
2019-12-11,WMT,Walmart,39.79999923706055,39.883331298828125,39.5099983215332,39.66666793823242,36.221553802490234,10519200
2019-12-12,WMT,Walmart,39.66666793823242,40.03666687011719,39.560001373291016,39.91999816894531,36.452880859375,12447000
2019-12-13,WMT,Walmart,39.720001220703125,40.21666717529297,39.67333221435547,40.0966682434082,36.614200592041016,16098900
2019-12-16,WMT,Walmart,40.13999938964844,40.45000076293945,40.13999938964844,40.18000030517578,36.690303802490234,16052100
2019-12-17,WMT,Walmart,40.31666564941406,40.56666564941406,40.233333587646484,40.426666259765625,36.91554260253906,13727400
2019-12-18,WMT,Walmart,40.503334045410156,40.560001373291016,39.9466667175293,39.95333480834961,36.48331832885742,15309000
2019-12-19,WMT,Walmart,39.97999954223633,40.16999816894531,39.926666259765625,40.026668548583984,36.5502815246582,13392300
2019-12-20,WMT,Walmart,40.49333190917969,40.706668853759766,40.00666809082031,40.0966682434082,36.614200592041016,23863200
2019-12-23,WMT,Walmart,40.06666564941406,40.22999954223633,39.66999816894531,39.676666259765625,36.23067092895508,13457400
2019-12-24,WMT,Walmart,39.709999084472656,39.866668701171875,39.66999816894531,39.836666107177734,36.37678527832031,6682200
2019-12-26,WMT,Walmart,39.869998931884766,39.95000076293945,39.650001525878906,39.84000015258789,36.37982940673828,12671400
2019-12-27,WMT,Walmart,39.97999954223633,39.97999954223633,39.75,39.86333465576172,36.40113830566406,10632000
2019-12-30,WMT,Walmart,39.93333435058594,39.936668395996094,39.709999084472656,39.79999923706055,36.343299865722656,8837400
2019-12-31,WMT,Walmart,39.83333206176758,39.93333435058594,39.39666748046875,39.61333465576172,36.172847747802734,14736000
2020-01-02,WMT,Walmart,39.619998931884766,39.96333312988281,39.56666564941406,39.64666748046875,36.20329284667969,20294700
2020-01-03,WMT,Walmart,39.42333221435547,39.5966682434082,39.1966667175293,39.29666519165039,35.88368225097656,16197600
2020-01-06,WMT,Walmart,39.133331298828125,39.36333465576172,38.92333221435547,39.21666717529297,35.81062698364258,19336500
2020-01-07,WMT,Walmart,39.086666107177734,39.17333221435547,38.733333587646484,38.85333251953125,35.478843688964844,20540700
2020-01-08,WMT,Walmart,38.766666412353516,38.90999984741211,38.560001373291016,38.720001220703125,35.35710144042969,17627400
2020-01-09,WMT,Walmart,38.71666717529297,39.12333297729492,38.69333267211914,39.119998931884766,35.72235870361328,16691100
2020-01-10,WMT,Walmart,39.08000183105469,39.11333465576172,38.65999984741211,38.793331146240234,35.42406463623047,18164400
2020-01-13,WMT,Walmart,38.793331146240234,38.849998474121094,38.456668853759766,38.62666702270508,35.271881103515625,18337800
2020-01-14,WMT,Walmart,38.4900016784668,38.73666763305664,38.37666702270508,38.72666549682617,35.36318588256836,19757400
2020-01-15,WMT,Walmart,38.209999084472656,38.62333297729492,38.17333221435547,38.426666259765625,35.08924865722656,22362600
2020-01-16,WMT,Walmart,38.5,38.643333435058594,38.426666259765625,38.633331298828125,35.277976989746094,16108200
2020-01-17,WMT,Walmart,38.68333435058594,38.766666412353516,38.21333312988281,38.31999969482422,34.991844177246094,30135000
2020-01-21,WMT,Walmart,38.1966667175293,38.563331604003906,38.17333221435547,38.529998779296875,35.18360137939453,22061100
2020-01-22,WMT,Walmart,38.40666580200195,38.84333419799805,38.393333435058594,38.70000076293945,35.338844299316406,14778300
2020-01-23,WMT,Walmart,38.73666763305664,38.77000045776367,38.3466682434082,38.60333251953125,35.25056076049805,12915300
2020-01-24,WMT,Walmart,38.66666793823242,38.676666259765625,38.04999923706055,38.12333297729492,34.812252044677734,13150200
2020-01-27,WMT,Walmart,37.72999954223633,38.74333190917969,37.560001373291016,38.619998931884766,35.26578903198242,21055200
2020-01-28,WMT,Walmart,38.65999984741211,38.96666717529297,38.650001525878906,38.866668701171875,35.491031646728516,15810600
2020-01-29,WMT,Walmart,38.85333251953125,39.040000915527344,38.630001068115234,38.630001068115234,35.27492141723633,11326500
2020-01-30,WMT,Walmart,38.53666687011719,38.90666580200195,38.44333267211914,38.86000061035156,35.48495101928711,13744500
2020-01-31,WMT,Walmart,38.599998474121094,38.753334045410156,37.96666717529297,38.163333892822266,34.848777770996094,23327400
2020-02-03,WMT,Walmart,38.29999923706055,38.46333312988281,38.03333282470703,38.09000015258789,34.781822204589844,13041300
2020-02-04,WMT,Walmart,38.413333892822266,38.746665954589844,38.29666519165039,38.42333221435547,35.08620834350586,15696600
2020-02-05,WMT,Walmart,38.53333282470703,38.983333587646484,38.28333282470703,38.936668395996094,35.55495071411133,17048700
2020-02-06,WMT,Walmart,38.94333267211914,39.07666778564453,38.686668395996094,38.77000045776367,35.40275573730469,16058700
2020-02-07,WMT,Walmart,38.70333480834961,38.91999816894531,38.586666107177734,38.81666564941406,35.44536590576172,11068800
2020-02-10,WMT,Walmart,38.58333206176758,38.99333190917969,38.349998474121094,38.41666793823242,35.080116271972656,18434700
2020-02-11,WMT,Walmart,38.47666549682617,38.5,38.14666748046875,38.46666717529297,35.12578201293945,17390400
2020-02-12,WMT,Walmart,38.5,38.80666732788086,38.470001220703125,38.616668701171875,35.26274490356445,14206800
2020-02-13,WMT,Walmart,38.616668701171875,39.18000030517578,38.526668548583984,39.14666748046875,35.7467041015625,15999600
2020-02-14,WMT,Walmart,39.223331451416016,39.52333450317383,39.0533332824707,39.29666519165039,35.88368225097656,24391800
2020-02-18,WMT,Walmart,39.4900016784668,39.983333587646484,39.119998931884766,39.87666702270508,36.413307189941406,34539600
2020-02-19,WMT,Walmart,39.83333206176758,39.97999954223633,39.22666549682617,39.22666549682617,35.81976318359375,21563400
2020-02-20,WMT,Walmart,39.06999969482422,39.369998931884766,38.95333480834961,39.22999954223633,35.82279968261719,15068700
2020-02-21,WMT,Walmart,39.14666748046875,39.58333206176758,39.10333251953125,39.526668548583984,36.09370803833008,18726300
2020-02-24,WMT,Walmart,39.1533317565918,39.48666763305664,38.650001525878906,38.77333450317383,35.40580749511719,19848000
2020-02-25,WMT,Walmart,38.78333282470703,39.02333450317383,38.016666412353516,38.130001068115234,34.81834411621094,23292900
2020-02-26,WMT,Walmart,38.233333587646484,38.38999938964844,37.883331298828125,37.926666259765625,34.632667541503906,20019900
2020-02-27,WMT,Walmart,37.52000045776367,38.02333450317383,36.78333282470703,36.79999923706055,33.60386276245117,28476900
2020-02-28,WMT,Walmart,35.89666748046875,36.17333221435547,34.790000915527344,35.893333435058594,32.77593231201172,52369200
2020-03-02,WMT,Walmart,35.866668701171875,38.79999923706055,35.76333236694336,38.62666702270508,35.271881103515625,51222600
2020-03-03,WMT,Walmart,38.69333267211914,39.176666259765625,37.4466667175293,37.63666534423828,34.367855072021484,33340800
2020-03-04,WMT,Walmart,38.08000183105469,38.9466667175293,37.823333740234375,38.92333221435547,35.54277420043945,24625200
2020-03-05,WMT,Walmart,38.133331298828125,39.08333206176758,37.970001220703125,38.63999938964844,35.28404235839844,25638300
2020-03-06,WMT,Walmart,37.956668853759766,39.3033332824707,37.66999816894531,39.07666778564453,35.68278503417969,29411100
2020-03-09,WMT,Walmart,37.939998626708984,40.209999084472656,37.57666778564453,39.0533332824707,35.66148376464844,59243400
2020-03-10,WMT,Walmart,39.366668701171875,40.22666549682617,38.30666732788086,39.93000030517578,36.462005615234375,37797300
2020-03-11,WMT,Walmart,39.16999816894531,39.676666259765625,37.599998474121094,38.143333435058594,34.83051300048828,31620000
2020-03-12,WMT,Walmart,35.34000015258789,37.163333892822266,34.32666778564453,34.68333435058594,31.671022415161133,56323200
2020-03-13,WMT,Walmart,36.08000183105469,38.1966667175293,34.62666702270508,38.03333282470703,34.730072021484375,42962100
2020-03-16,WMT,Walmart,35.06666564941406,37.11000061035156,34.0,35.586666107177734,32.49589920043945,36753900
2020-03-17,WMT,Walmart,37.59000015258789,39.75666809082031,36.81999969482422,39.753334045410156,36.30068588256836,52806000
2020-03-18,WMT,Walmart,38.33333206176758,42.69333267211914,38.16666793823242,40.86000061035156,37.31124496459961,77355900
2020-03-19,WMT,Walmart,41.48666763305664,42.33333206176758,39.209999084472656,39.81666564941406,36.51940155029297,57100500
2020-03-20,WMT,Walmart,39.83333206176758,40.93000030517578,37.29666519165039,37.9900016784668,34.843997955322266,55423500
2020-03-23,WMT,Walmart,38.05666732788086,39.18000030517578,37.4033317565918,38.09333419799805,34.938777923583984,39366000
2020-03-24,WMT,Walmart,38.62333297729492,39.12333297729492,37.10333251953125,38.34333419799805,35.16807556152344,42705000
2020-03-25,WMT,Walmart,37.65666580200195,38.0,36.016666412353516,36.46666717529297,33.44682693481445,53287500
2020-03-26,WMT,Walmart,36.46666717529297,36.956668853759766,35.616668701171875,36.606666564941406,33.575218200683594,58250700
2020-03-27,WMT,Walmart,36.70333480834961,37.426666259765625,36.20000076293945,36.526668548583984,33.501853942871094,36160500
2020-03-30,WMT,Walmart,37.28666687011719,38.599998474121094,36.97999954223633,38.39666748046875,35.21699523925781,29212500
2020-03-31,WMT,Walmart,38.10333251953125,38.72999954223633,37.54666519165039,37.87333297729492,34.73698806762695,26258400
2020-04-01,WMT,Walmart,37.383331298828125,38.5099983215332,37.266666412353516,38.04666519165039,34.89596939086914,28269600
2020-04-02,WMT,Walmart,37.72666549682617,39.70333480834961,37.4466667175293,39.54999923706055,36.27482223510742,29515500
2020-04-03,WMT,Walmart,39.06999969482422,39.970001220703125,39.0099983215332,39.82666778564453,36.528564453125,28625100
2020-04-06,WMT,Walmart,39.686668395996094,42.130001068115234,39.64666748046875,42.02333450317383,38.543331146240234,47768700
2020-04-07,WMT,Walmart,41.32666778564453,42.163333892822266,40.54666519165039,40.663333892822266,37.295963287353516,41369700
2020-04-08,WMT,Walmart,41.22999954223633,41.27000045776367,40.1966667175293,40.61333465576172,37.25010299682617,27876600
2020-04-09,WMT,Walmart,39.40666580200195,40.956668853759766,39.220001220703125,40.599998474121094,37.23786544799805,32828700
2020-04-13,WMT,Walmart,40.42333221435547,41.88999938964844,40.38999938964844,41.766666412353516,38.30791091918945,24194100
2020-04-14,WMT,Walmart,42.366668701171875,43.26333236694336,42.01333236694336,43.0,39.439117431640625,34098900
2020-04-15,WMT,Walmart,43.0,43.293331146240234,42.37333297729492,42.91999816894531,39.36573791503906,22435200
2020-04-16,WMT,Walmart,43.0,44.30666732788086,42.75,44.11000061035156,40.45720672607422,31882200
2020-04-17,WMT,Walmart,43.82666778564453,44.323333740234375,43.24333190917969,44.040000915527344,40.393001556396484,30915300
2020-04-20,WMT,Walmart,44.130001068115234,44.459999084472656,43.253334045410156,43.28333282470703,39.69900131225586,24401700
2020-04-21,WMT,Walmart,43.356666564941406,43.676666259765625,42.720001220703125,43.06999969482422,39.50331497192383,27900600
2020-04-22,WMT,Walmart,43.33333206176758,44.12666702270508,42.96666717529297,43.86333465576172,40.23094940185547,19448100
2020-04-23,WMT,Walmart,43.28333282470703,43.6966667175293,42.57666778564453,42.84333419799805,39.29542922973633,28839900
2020-04-24,WMT,Walmart,43.116668701171875,43.29666519165039,42.85333251953125,43.14666748046875,39.57364273071289,17343600
2020-04-27,WMT,Walmart,43.33333206176758,43.436668395996094,42.723331451416016,42.766666412353516,39.22511291503906,17923800
2020-04-28,WMT,Walmart,42.7599983215332,43.413333892822266,42.56666564941406,42.66666793823242,39.13338088989258,20732100
2020-04-29,WMT,Walmart,41.856666564941406,41.91999816894531,40.849998474121094,41.20000076293945,37.78817367553711,44612100
2020-04-30,WMT,Walmart,41.026668548583984,41.14666748046875,40.3466682434082,40.516666412353516,37.161434173583984,40497900
2020-05-01,WMT,Walmart,40.49333190917969,41.22999954223633,40.2599983215332,40.973331451416016,37.58028030395508,31143900
2020-05-04,WMT,Walmart,41.279998779296875,41.46666717529297,40.56999969482422,41.233333587646484,37.81874465942383,17807700
2020-05-05,WMT,Walmart,41.266666412353516,41.753334045410156,41.086666107177734,41.57666778564453,38.13364791870117,19337400
2020-05-06,WMT,Walmart,41.73666763305664,41.83000183105469,40.95000076293945,41.099998474121094,37.69645309448242,17309100
2020-05-07,WMT,Walmart,41.1533317565918,41.32666778564453,40.5,40.630001068115234,37.42930221557617,27345600
2020-05-08,WMT,Walmart,40.91666793823242,41.003334045410156,40.540000915527344,40.97999954223633,37.751731872558594,20830800
2020-05-11,WMT,Walmart,41.01333236694336,41.436668395996094,41.003334045410156,41.223331451416016,37.97590255737305,25341900
2020-05-12,WMT,Walmart,41.49333190917969,41.88666534423828,41.2599983215332,41.2599983215332,38.009666442871094,19100100
2020-05-13,WMT,Walmart,41.16666793823242,42.08000183105469,41.029998779296875,41.23666763305664,37.98817443847656,29175300
2020-05-14,WMT,Walmart,41.616668701171875,41.709999084472656,40.43333435058594,41.13999938964844,37.89912033081055,22233000
2020-05-15,WMT,Walmart,41.15666580200195,41.97999954223633,41.029998779296875,41.97999954223633,38.67295455932617,31770000
2020-05-18,WMT,Walmart,42.5,42.85333251953125,42.03333282470703,42.5533332824707,39.201114654541016,38633700
2020-05-19,WMT,Walmart,43.91666793823242,43.996665954589844,41.60333251953125,41.650001525878906,38.36895751953125,74746200
2020-05-20,WMT,Walmart,42.163333892822266,42.1966667175293,41.543331146240234,41.81666564941406,38.522499084472656,32246400
2020-05-21,WMT,Walmart,41.630001068115234,42.04666519165039,41.41666793823242,41.663333892822266,38.38123321533203,22448100
2020-05-22,WMT,Walmart,41.70000076293945,41.78333282470703,41.25666809082031,41.44333267211914,38.178565979003906,22359600
2020-05-26,WMT,Walmart,41.4466667175293,41.836666107177734,41.209999084472656,41.28666687011719,38.034236907958984,23730600
2020-05-27,WMT,Walmart,41.323333740234375,41.496665954589844,40.34333419799805,40.82666778564453,37.610469818115234,31073700
2020-05-28,WMT,Walmart,41.2400016784668,41.650001525878906,41.0533332824707,41.22999954223633,37.98203659057617,24424800
2020-05-29,WMT,Walmart,41.413333892822266,41.56999969482422,40.643333435058594,41.35333251953125,38.09565734863281,29311200
2020-06-01,WMT,Walmart,41.14666748046875,41.470001220703125,40.78666687011719,41.31999969482422,38.064937591552734,20550300
2020-06-02,WMT,Walmart,41.1966667175293,41.383331298828125,40.936668395996094,41.313331604003906,38.05880355834961,19187700
2020-06-03,WMT,Walmart,41.29999923706055,41.33000183105469,40.88666534423828,41.15666580200195,37.914485931396484,20262900
2020-06-04,WMT,Walmart,40.93333435058594,41.29666519165039,40.606666564941406,40.70333480834961,37.49686050415039,24015000
2020-06-05,WMT,Walmart,40.856666564941406,40.893333435058594,39.970001220703125,40.52000045776367,37.32796859741211,39337200
2020-06-08,WMT,Walmart,39.86000061035156,40.413333892822266,39.81999969482422,40.413333892822266,37.22970199584961,28344300
2020-06-09,WMT,Walmart,40.53333282470703,40.66666793823242,40.186668395996094,40.45000076293945,37.26347732543945,20746200
2020-06-10,WMT,Walmart,40.52000045776367,40.83333206176758,40.37666702270508,40.38666534423828,37.20514678955078,28141500
2020-06-11,WMT,Walmart,40.33000183105469,40.86000061035156,39.82666778564453,40.029998779296875,36.876564025878906,34162800
2020-06-12,WMT,Walmart,40.16999816894531,40.25,39.02000045776367,39.246665954589844,36.154945373535156,32359200
2020-06-15,WMT,Walmart,39.46666717529297,39.560001373291016,39.003334045410156,39.36000061035156,36.25934982299805,32703300
2020-06-16,WMT,Walmart,39.93333435058594,40.07666778564453,39.51333236694336,39.883331298828125,36.741451263427734,25167600
2020-06-17,WMT,Walmart,39.95333480834961,40.043331146240234,39.46666717529297,39.676666259765625,36.55106735229492,20166900
2020-06-18,WMT,Walmart,39.51333236694336,39.686668395996094,39.220001220703125,39.33000183105469,36.23170471191406,20070000
2020-06-19,WMT,Walmart,39.630001068115234,40.099998474121094,39.25,39.95000076293945,36.8028678894043,40078800
2020-06-22,WMT,Walmart,40.323333740234375,40.6966667175293,40.133331298828125,40.560001373291016,37.36481857299805,27338400
2020-06-23,WMT,Walmart,40.91666793823242,40.95000076293945,40.31999969482422,40.356666564941406,37.1775016784668,19727700
2020-06-24,WMT,Walmart,40.246665954589844,40.37333297729492,39.86000061035156,40.099998474121094,36.941043853759766,20614800
2020-06-25,WMT,Walmart,39.91999816894531,40.0533332824707,39.459999084472656,39.9033317565918,36.75988006591797,20569800
2020-06-26,WMT,Walmart,39.866668701171875,40.279998779296875,39.34000015258789,39.439998626708984,36.333045959472656,26991600
2020-06-29,WMT,Walmart,39.5,39.893333435058594,39.40666580200195,39.686668395996094,36.56028366088867,16511400
2020-06-30,WMT,Walmart,39.7400016784668,40.043331146240234,39.51333236694336,39.926666259765625,36.781375885009766,20509200
2020-07-01,WMT,Walmart,39.81666564941406,39.973331451416016,39.5533332824707,39.89666748046875,36.753746032714844,19733700
2020-07-02,WMT,Walmart,40.029998779296875,40.293331146240234,39.619998931884766,39.73666763305664,36.60634994506836,17695800
2020-07-06,WMT,Walmart,39.93333435058594,39.956668853759766,39.40666580200195,39.630001068115234,36.508087158203125,21695100
2020-07-07,WMT,Walmart,39.483333587646484,42.516666412353516,39.40666580200195,42.31666564941406,38.98310470581055,93458100
2020-07-08,WMT,Walmart,42.66666793823242,42.709999084472656,41.46666717529297,41.47999954223633,38.21234130859375,52217100
2020-07-09,WMT,Walmart,41.869998931884766,42.72666549682617,41.650001525878906,42.58333206176758,39.228755950927734,42771600
2020-07-10,WMT,Walmart,42.913333892822266,43.790000915527344,42.41999816894531,43.560001373291016,40.12848663330078,44236800
2020-07-13,WMT,Walmart,43.776668548583984,44.543331146240234,42.96333312988281,43.17333221435547,39.77227783203125,42338400
2020-07-14,WMT,Walmart,43.09333419799805,44.16666793823242,43.0099983215332,44.003334045410156,40.53689193725586,26455800
2020-07-15,WMT,Walmart,44.09000015258789,44.709999084472656,43.599998474121094,44.0,40.5338249206543,31731300
2020-07-16,WMT,Walmart,44.016666412353516,44.24333190917969,43.746665954589844,44.06666564941406,40.59523391723633,17676600
2020-07-17,WMT,Walmart,44.456668853759766,44.456668853759766,43.823333740234375,43.913333892822266,40.4539909362793,18189600
2020-07-20,WMT,Walmart,43.98666763305664,44.246665954589844,43.71333312988281,43.823333740234375,40.37106704711914,18342600
2020-07-21,WMT,Walmart,43.85333251953125,44.663333892822266,43.81666564941406,44.11000061035156,40.63517379760742,21712500
2020-07-22,WMT,Walmart,44.189998626708984,44.34333419799805,43.72999954223633,44.220001220703125,40.73649215698242,16164600
2020-07-23,WMT,Walmart,44.33333206176758,44.383331298828125,43.77000045776367,43.880001068115234,40.423282623291016,16796400
2020-07-24,WMT,Walmart,43.650001525878906,44.133331298828125,43.503334045410156,43.746665954589844,40.30044174194336,13037400
2020-07-27,WMT,Walmart,43.619998931884766,43.99333190917969,43.619998931884766,43.73666763305664,40.29124069213867,14045700
2020-07-28,WMT,Walmart,43.83333206176758,44.12666702270508,43.63999938964844,43.91999816894531,40.46013259887695,14414100
2020-07-29,WMT,Walmart,43.85333251953125,43.95333480834961,43.28333282470703,43.563331604003906,40.131553649902344,14223300
2020-07-30,WMT,Walmart,43.13999938964844,43.473331451416016,42.90666580200195,43.37333297729492,39.95652389526367,13788300
2020-07-31,WMT,Walmart,43.21666717529297,43.36333465576172,42.540000915527344,43.133331298828125,39.73542022705078,21631500
2020-08-03,WMT,Walmart,43.3033332824707,43.37333297729492,42.75666809082031,43.099998474121094,39.7047233581543,14971500
2020-08-04,WMT,Walmart,43.21666717529297,43.9033317565918,42.97999954223633,43.880001068115234,40.423282623291016,18219600
2020-08-05,WMT,Walmart,43.483333587646484,43.58333206176758,42.94333267211914,43.27000045776367,39.86134719848633,25483500
2020-08-06,WMT,Walmart,43.043331146240234,43.40999984741211,43.0099983215332,43.116668701171875,39.7200927734375,14496300
2020-08-07,WMT,Walmart,43.19333267211914,43.48666763305664,43.03666687011719,43.323333740234375,39.91046142578125,16558500
2020-08-10,WMT,Walmart,43.413333892822266,44.11333465576172,43.21666717529297,43.959999084472656,40.496978759765625,17683200
2020-08-11,WMT,Walmart,44.1966667175293,44.290000915527344,43.24333190917969,43.400001525878906,39.98109436035156,25360200
2020-08-12,WMT,Walmart,43.4900016784668,44.07666778564453,43.026668548583984,43.96333312988281,40.500038146972656,19094400
2020-08-13,WMT,Walmart,43.73666763305664,43.98666763305664,43.57666778564453,43.95000076293945,40.654212951660156,19867200
2020-08-14,WMT,Walmart,44.11333465576172,44.323333740234375,43.87666702270508,44.20000076293945,40.88547134399414,20106300
2020-08-17,WMT,Walmart,44.78333282470703,45.37666702270508,44.616668701171875,45.20000076293945,41.81047058105469,39465000
2020-08-18,WMT,Walmart,45.38999938964844,45.87666702270508,44.38999938964844,44.9033317565918,41.53605651855469,80232600
2020-08-19,WMT,Walmart,44.73666763305664,44.88666534423828,43.95000076293945,44.13666534423828,40.82688522338867,38155200
2020-08-20,WMT,Walmart,43.73666763305664,44.02333450317383,43.349998474121094,43.52333450317383,40.259544372558594,26810700
2020-08-21,WMT,Walmart,43.516666412353516,44.223331451416016,43.366668701171875,43.87666702270508,40.586387634277344,24864000
2020-08-24,WMT,Walmart,44.08333206176758,44.15999984741211,43.44333267211914,43.776668548583984,40.493892669677734,19813800
2020-08-25,WMT,Walmart,43.599998474121094,43.746665954589844,43.223331451416016,43.543331146240234,40.27803421020508,21722400
2020-08-26,WMT,Walmart,43.4033317565918,43.62666702270508,43.233333587646484,43.56666564941406,40.29962921142578,18814800
2020-08-27,WMT,Walmart,43.69333267211914,46.45000076293945,43.633331298828125,45.543331146240234,42.128055572509766,119018700
2020-08-28,WMT,Walmart,47.0,47.02333450317383,45.9466667175293,46.766666412353516,43.25966262817383,64050900
2020-08-31,WMT,Walmart,45.82666778564453,46.29666519165039,45.176666259765625,46.28333282470703,42.81257247924805,45236400
2020-09-01,WMT,Walmart,47.06666564941406,49.86333465576172,46.68333435058594,49.1966667175293,45.507442474365234,106798200
2020-09-02,WMT,Walmart,50.41666793823242,50.44333267211914,48.53666687011719,49.22666549682617,45.53518295288086,51666000
2020-09-03,WMT,Walmart,48.900001525878906,49.866668701171875,47.27000045776367,48.18000030517578,44.5670051574707,48015000
2020-09-04,WMT,Walmart,48.00666809082031,48.3466682434082,46.70000076293945,47.61000061035156,44.03975296020508,33982200
2020-09-08,WMT,Walmart,47.13666534423828,47.29999923706055,46.086666107177734,46.150001525878906,42.689247131347656,33966900
2020-09-09,WMT,Walmart,46.6966667175293,47.53666687011719,46.483333587646484,46.630001068115234,43.13325119018555,33669000
2020-09-10,WMT,Walmart,46.686668395996094,46.8466682434082,45.529998779296875,45.60333251953125,42.18356704711914,33709200
2020-09-11,WMT,Walmart,45.68333435058594,46.14666748046875,45.18333435058594,45.56666564941406,42.14964294433594,28879800
2020-09-14,WMT,Walmart,45.380001068115234,47.03333282470703,45.293331146240234,45.77333450317383,42.3408088684082,45733800
2020-09-15,WMT,Walmart,46.07666778564453,46.36000061035156,45.560001373291016,45.78666687011719,42.353145599365234,30427800
2020-09-16,WMT,Walmart,46.13666534423828,46.22666549682617,45.349998474121094,45.41999816894531,42.01398849487305,27860400
2020-09-17,WMT,Walmart,45.143333435058594,45.856666564941406,45.00666809082031,45.563331604003906,42.14656066894531,37245000
2020-09-18,WMT,Walmart,45.47999954223633,45.84333419799805,44.91666793823242,45.0966682434082,41.71489715576172,54709200
2020-09-21,WMT,Walmart,45.5,45.746665954589844,45.0966682434082,45.689998626708984,42.263729095458984,47275500
2020-09-22,WMT,Walmart,45.689998626708984,46.33000183105469,45.52333450317383,46.10333251953125,42.64606857299805,33102000
2020-09-23,WMT,Walmart,46.33333206176758,46.413333892822266,45.27333450317383,45.33000183105469,41.93073272705078,23133300
2020-09-24,WMT,Walmart,45.24333190917969,45.93000030517578,45.02333450317383,45.56666564941406,42.14964294433594,29453100
2020-09-25,WMT,Walmart,45.50666809082031,45.8466682434082,45.31999969482422,45.75666809082031,42.32540512084961,22618800
2020-09-28,WMT,Walmart,45.720001220703125,46.016666412353516,45.573333740234375,45.75,42.31922912597656,21197100
2020-09-29,WMT,Walmart,45.75,46.04666519165039,45.46333312988281,45.71333312988281,42.285316467285156,27702900
2020-09-30,WMT,Walmart,45.79666519165039,47.246665954589844,45.733333587646484,46.63666534423828,43.1394157409668,34826400
2020-10-01,WMT,Walmart,46.93333435058594,48.12666702270508,46.753334045410156,47.69333267211914,44.116844177246094,43290900
2020-10-02,WMT,Walmart,47.4466667175293,47.70000076293945,46.709999084472656,46.83333206176758,43.32132339477539,24585000
2020-10-05,WMT,Walmart,47.0966682434082,47.39666748046875,47.02333450317383,47.266666412353516,43.722164154052734,14259000
2020-10-06,WMT,Walmart,47.290000915527344,47.64666748046875,46.75,46.87666702270508,43.36140823364258,21475500
2020-10-07,WMT,Walmart,47.086666107177734,47.18333435058594,46.75,46.96333312988281,43.44158172607422,16949100
2020-10-08,WMT,Walmart,47.16999816894531,47.36333465576172,47.040000915527344,47.119998931884766,43.58649444580078,14676900
2020-10-09,WMT,Walmart,47.220001220703125,47.779998779296875,47.186668395996094,47.59333419799805,44.02433395385742,14494800
2020-10-12,WMT,Walmart,47.67333221435547,48.46333312988281,47.67333221435547,48.08333206176758,44.47759246826172,18402300
2020-10-13,WMT,Walmart,48.22666549682617,48.866668701171875,48.119998931884766,48.74333190917969,45.08809280395508,23800200
2020-10-14,WMT,Walmart,48.79999923706055,48.84333419799805,47.91999816894531,47.97999954223633,44.38200378417969,19710900
2020-10-15,WMT,Walmart,47.6966667175293,48.31999969482422,47.61333465576172,48.176666259765625,44.56391906738281,13692600
2020-10-16,WMT,Walmart,48.46666717529297,48.71666717529297,48.15666580200195,48.23666763305664,44.619415283203125,16935000
2020-10-19,WMT,Walmart,48.366668701171875,48.456668853759766,47.58333206176758,47.650001525878906,44.07675552368164,14643300
2020-10-20,WMT,Walmart,48.03666687011719,48.5099983215332,47.87333297729492,47.96666717529297,44.369667053222656,14523000
2020-10-21,WMT,Walmart,47.9466667175293,48.57666778564453,47.9466667175293,48.133331298828125,44.52384948730469,13114200
2020-10-22,WMT,Walmart,48.063331604003906,48.186668395996094,47.563331604003906,47.849998474121094,44.26176071166992,13344000
2020-10-23,WMT,Walmart,47.9900016784668,48.04666519165039,47.616668701171875,47.95000076293945,44.35425567626953,10540500
2020-10-26,WMT,Walmart,47.61333465576172,47.706668853759766,46.97999954223633,47.38666534423828,43.833160400390625,16111800
2020-10-27,WMT,Walmart,47.349998474121094,47.900001525878906,47.323333740234375,47.62333297729492,44.05208969116211,11831100
2020-10-28,WMT,Walmart,46.98666763305664,47.37666702270508,46.62666702270508,46.68000030517578,43.17949295043945,16849200
2020-10-29,WMT,Walmart,46.66666793823242,47.03666687011719,46.233333587646484,46.63999938964844,43.142494201660156,15153900
2020-10-30,WMT,Walmart,46.393333435058594,46.6966667175293,45.790000915527344,46.25,42.78174591064453,18601800
2020-11-02,WMT,Walmart,46.86333465576172,46.936668395996094,46.34333419799805,46.79999923706055,43.290496826171875,16575600
2020-11-03,WMT,Walmart,47.21666717529297,48.0533332824707,47.189998626708984,47.59333419799805,44.02433395385742,15413100
2020-11-04,WMT,Walmart,47.189998626708984,48.130001068115234,47.11333465576172,47.31999969482422,43.77150344848633,17927400
2020-11-05,WMT,Walmart,48.0,48.07666778564453,47.64666748046875,47.823333740234375,44.23707962036133,14202600
2020-11-06,WMT,Walmart,48.119998931884766,48.7400016784668,47.849998474121094,48.59000015258789,44.94626235961914,16198500
2020-11-09,WMT,Walmart,49.33333206176758,49.400001525878906,47.82666778564453,47.8466682434082,44.2586669921875,28198500
2020-11-10,WMT,Walmart,47.91666793823242,48.813331604003906,47.84333419799805,48.52000045776367,44.88151931762695,18199200
2020-11-11,WMT,Walmart,48.973331451416016,49.6533317565918,48.79999923706055,49.32666778564453,45.627685546875,18805800
2020-11-12,WMT,Walmart,49.49333190917969,49.56999969482422,49.03333282470703,49.40999984741211,45.70476531982422,12564300
2020-11-13,WMT,Walmart,49.64666748046875,50.313331604003906,49.17333221435547,50.18000030517578,46.41702651977539,19738200
2020-11-16,WMT,Walmart,50.176666259765625,51.133331298828125,49.7599983215332,50.813331604003906,47.00286865234375,34560300
2020-11-17,WMT,Walmart,50.16666793823242,51.08000183105469,49.72666549682617,49.790000915527344,46.0562858581543,42711600
2020-11-18,WMT,Walmart,49.95333480834961,50.55666732788086,49.68333435058594,49.6966667175293,45.96994400024414,24936900
2020-11-19,WMT,Walmart,49.81999969482422,50.81666564941406,49.77333450317383,50.706668853759766,46.90420913696289,18590700
2020-11-20,WMT,Walmart,50.38999938964844,50.91999816894531,49.936668395996094,50.08000183105469,46.324527740478516,21937200
2020-11-23,WMT,Walmart,50.12333297729492,50.46666717529297,49.790000915527344,50.310001373291016,46.53727722167969,18557100
2020-11-24,WMT,Walmart,50.58000183105469,50.65999984741211,50.09000015258789,50.45333480834961,46.66987609863281,17155200
2020-11-25,WMT,Walmart,50.41666793823242,50.79666519165039,50.4033317565918,50.61000061035156,46.814788818359375,13833300
2020-11-27,WMT,Walmart,50.71666717529297,50.90666580200195,50.366668701171875,50.53333282470703,46.74386215209961,10999500
2020-11-30,WMT,Walmart,50.53333282470703,50.983333587646484,50.03333282470703,50.93000030517578,47.11079788208008,32695500
2020-12-01,WMT,Walmart,51.20000076293945,51.220001220703125,50.5533332824707,50.880001068115234,47.06453323364258,22935300
2020-12-02,WMT,Walmart,50.66666793823242,50.87333297729492,49.84333419799805,50.17333221435547,46.41087341308594,23547000
2020-12-03,WMT,Walmart,50.09333419799805,50.09333419799805,49.46333312988281,49.766666412353516,46.034698486328125,25725900
2020-12-04,WMT,Walmart,49.836666107177734,49.836666107177734,49.19333267211914,49.63666534423828,45.914432525634766,20889300
2020-12-07,WMT,Walmart,49.48666763305664,49.663333892822266,49.0533332824707,49.369998931884766,45.66777420043945,18479100
2020-12-08,WMT,Walmart,49.119998931884766,49.95000076293945,49.060001373291016,49.81666564941406,46.080936431884766,20716500
2020-12-09,WMT,Walmart,50.0,50.0,49.29666519165039,49.42333221435547,45.71710968017578,20139600
2020-12-10,WMT,Walmart,49.25,49.383331298828125,48.856666564941406,49.01333236694336,45.50356674194336,20652300
2020-12-11,WMT,Walmart,48.973331451416016,49.16999816894531,48.64666748046875,49.0,45.49120330810547,16860900
2020-12-14,WMT,Walmart,49.233333587646484,49.2400016784668,48.46666717529297,48.54999923706055,45.073429107666016,25088100
2020-12-15,WMT,Walmart,48.50666809082031,48.78666687011719,48.28666687011719,48.526668548583984,45.05176544189453,31871400
2020-12-16,WMT,Walmart,48.746665954589844,48.96333312988281,48.36000061035156,48.47666549682617,45.005332946777344,25650900
2020-12-17,WMT,Walmart,48.686668395996094,48.813331604003906,48.383331298828125,48.70000076293945,45.21269226074219,30679500
2020-12-18,WMT,Walmart,48.87333297729492,49.060001373291016,48.38666534423828,48.650001525878906,45.166263580322266,41384100
2020-12-21,WMT,Walmart,48.5,48.88999938964844,48.35333251953125,48.65666580200195,45.17244338989258,25553100
2020-12-22,WMT,Walmart,48.383331298828125,48.74333190917969,47.71333312988281,48.06666564941406,44.624698638916016,37599000
2020-12-23,WMT,Walmart,47.8466682434082,48.073333740234375,47.43333435058594,47.7400016784668,44.32143020629883,20430600
2020-12-24,WMT,Walmart,47.8466682434082,48.130001068115234,47.72666549682617,47.83333206176758,44.40807342529297,9054600
2020-12-28,WMT,Walmart,48.01333236694336,48.43333435058594,47.776668548583984,48.40666580200195,44.94035339355469,19344900
2020-12-29,WMT,Walmart,48.54666519165039,48.616668701171875,47.86333465576172,48.099998474121094,44.65564727783203,17938200
2020-12-30,WMT,Walmart,48.293331146240234,48.383331298828125,47.97999954223633,48.060001373291016,44.618507385253906,18751200
2020-12-31,WMT,Walmart,48.06666564941406,48.09000015258789,47.616668701171875,48.04999923706055,44.60922622680664,17814000
2021-01-04,WMT,Walmart,48.099998474121094,48.96333312988281,48.09333419799805,48.84333419799805,45.34574890136719,32182200
2021-01-05,WMT,Walmart,48.866668701171875,49.02333450317383,48.163333892822266,48.58333206176758,45.10437774658203,26498100
2021-01-06,WMT,Walmart,48.36333465576172,49.366668701171875,48.336666107177734,48.88666534423828,45.38597869873047,21918900
2021-01-07,WMT,Walmart,49.206668853759766,49.253334045410156,48.68000030517578,48.883331298828125,45.38288116455078,20538000
2021-01-08,WMT,Walmart,48.959999084472656,49.0,48.60333251953125,48.87666702270508,45.37670135498047,24478200
2021-01-11,WMT,Walmart,48.66666793823242,49.33000183105469,48.66666793823242,49.0966682434082,45.5809440612793,26264400
2021-01-12,WMT,Walmart,49.66666793823242,49.97666549682617,49.439998626708984,49.65666580200195,46.10084533691406,23373300
2021-01-13,WMT,Walmart,49.58333206176758,49.689998626708984,49.143333435058594,49.150001525878906,45.63045120239258,16069500
2021-01-14,WMT,Walmart,49.27333450317383,49.33333206176758,48.68000030517578,48.9900016784668,45.481910705566406,23017200
2021-01-15,WMT,Walmart,48.380001068115234,48.633331298828125,47.88999938964844,48.21333312988281,44.7608642578125,35920500
2021-01-19,WMT,Walmart,48.21333312988281,48.356666564941406,47.55666732788086,47.79666519165039,44.37403106689453,24123600
2021-01-20,WMT,Walmart,47.86333465576172,48.5533332824707,47.630001068115234,48.503334045410156,45.03010177612305,23775600
2021-01-21,WMT,Walmart,48.45333480834961,48.57666778564453,48.06999969482422,48.28333282470703,44.82583999633789,14325900
2021-01-22,WMT,Walmart,48.53333282470703,49.11333465576172,48.37333297729492,48.776668548583984,45.283851623535156,19219500
2021-01-25,WMT,Walmart,48.45333480834961,48.75,48.09000015258789,48.733333587646484,45.24362564086914,19031100
2021-01-26,WMT,Walmart,48.543331146240234,49.27000045776367,48.4900016784668,49.16999816894531,45.649017333984375,15031500
2021-01-27,WMT,Walmart,48.98666763305664,49.28666687011719,47.849998474121094,47.9466667175293,44.51329803466797,29910300
2021-01-28,WMT,Walmart,48.1533317565918,48.753334045410156,47.87666702270508,47.91666793823242,44.48544692993164,22301700
2021-01-29,WMT,Walmart,47.72666549682617,47.91666793823242,46.78333282470703,46.83000183105469,43.47658920288086,32509200
2021-02-01,WMT,Walmart,46.970001220703125,47.163333892822266,46.39666748046875,46.42333221435547,43.09904479980469,25945200
2021-02-02,WMT,Walmart,46.586666107177734,47.383331298828125,46.47999954223633,46.92333221435547,43.56324005126953,27002400
2021-02-03,WMT,Walmart,46.88666534423828,47.349998474121094,46.87666702270508,47.06666564941406,43.696311950683594,14966700
2021-02-04,WMT,Walmart,47.26333236694336,47.72666549682617,47.086666107177734,47.5099983215332,44.10789108276367,17346300
2021-02-05,WMT,Walmart,47.81999969482422,48.28333282470703,47.5099983215332,48.119998931884766,44.67420959472656,20451600
2021-02-08,WMT,Walmart,48.27000045776367,48.526668548583984,48.1533317565918,48.34333419799805,44.88154983520508,15825300
2021-02-09,WMT,Walmart,48.19333267211914,48.77333450317383,48.19333267211914,48.61000061035156,45.129127502441406,15906900
2021-02-10,WMT,Walmart,48.61000061035156,48.633331298828125,47.8466682434082,48.043331146240234,44.6030387878418,18576900
2021-02-11,WMT,Walmart,48.04666519165039,48.31666564941406,47.9033317565918,48.00666809082031,44.568992614746094,12791400
2021-02-12,WMT,Walmart,48.0533332824707,48.20333480834961,47.88999938964844,48.15666580200195,44.708255767822266,13423500
2021-02-16,WMT,Walmart,48.64666748046875,48.79666519165039,48.310001373291016,48.5533332824707,45.076515197753906,27891000
2021-02-17,WMT,Walmart,48.21666717529297,49.16666793823242,48.16666793823242,49.06666564941406,45.5530891418457,25571100
2021-02-18,WMT,Walmart,46.33333206176758,46.900001525878906,45.83333206176758,45.88666534423828,42.60080337524414,96927300
2021-02-19,WMT,Walmart,45.93333435058594,46.473331451416016,45.88999938964844,46.11333465576172,42.81123733520508,36606000
2021-02-22,WMT,Walmart,45.913333892822266,46.11333465576172,45.41666793823242,45.89666748046875,42.61008834838867,32106600
2021-02-23,WMT,Walmart,45.70333480834961,45.79666519165039,45.02000045776367,45.15666580200195,41.9230842590332,31300200
2021-02-24,WMT,Walmart,45.290000915527344,45.38666534423828,44.349998474121094,44.4033317565918,41.223690032958984,46565700
2021-02-25,WMT,Walmart,44.366668701171875,44.66999816894531,43.82666778564453,43.983333587646484,40.83376693725586,33324600
2021-02-26,WMT,Walmart,43.82666778564453,43.936668395996094,43.28666687011719,43.30666732788086,40.2055549621582,42470700
2021-03-01,WMT,Walmart,43.86000061035156,44.189998626708984,43.709999084472656,43.790000915527344,40.65427780151367,34634400
2021-03-02,WMT,Walmart,43.836666107177734,44.25,43.336666107177734,43.369998931884766,40.264347076416016,29230800
2021-03-03,WMT,Walmart,43.16666793823242,43.310001373291016,42.516666412353516,42.529998779296875,39.484500885009766,41837400
2021-03-04,WMT,Walmart,42.619998931884766,43.19333267211914,42.09333419799805,42.5099983215332,39.465938568115234,45348000
2021-03-05,WMT,Walmart,42.276668548583984,43.25,42.25,43.040000915527344,39.95798873901367,34073700
2021-03-08,WMT,Walmart,43.11000061035156,43.279998779296875,42.60333251953125,42.62666702270508,39.57425308227539,40988400
2021-03-09,WMT,Walmart,42.93333435058594,43.293331146240234,42.77333450317383,42.96333312988281,39.886810302734375,31988700
2021-03-10,WMT,Walmart,42.95333480834961,44.349998474121094,42.823333740234375,44.060001373291016,40.90494918823242,44929200
2021-03-11,WMT,Walmart,44.45333480834961,44.496665954589844,43.84333419799805,44.043331146240234,40.889461517333984,35489700
2021-03-12,WMT,Walmart,44.17333221435547,44.84000015258789,44.026668548583984,44.706668853759766,41.50529479980469,28437600
2021-03-15,WMT,Walmart,44.913333892822266,44.91666793823242,44.27333450317383,44.47666549682617,41.29176712036133,25071900
2021-03-16,WMT,Walmart,44.27333450317383,44.7599983215332,44.27333450317383,44.46333312988281,41.279388427734375,19881000
2021-03-17,WMT,Walmart,44.16666793823242,44.380001068115234,43.99333190917969,44.09333419799805,40.93589401245117,24156300
2021-03-18,WMT,Walmart,43.720001220703125,43.983333587646484,43.310001373291016,43.336666107177734,40.40138626098633,29815500
2021-03-19,WMT,Walmart,43.37666702270508,44.16666793823242,43.29999923706055,43.913333892822266,40.939002990722656,57703500
2021-03-22,WMT,Walmart,43.66666793823242,44.150001525878906,43.663333892822266,44.12333297729492,41.134769439697266,24654000
2021-03-23,WMT,Walmart,43.9033317565918,44.766666412353516,43.87666702270508,44.64666748046875,41.62265396118164,29154900
2021-03-24,WMT,Walmart,44.810001373291016,44.810001373291016,44.349998474121094,44.369998931884766,41.364723205566406,23547300
2021-03-25,WMT,Walmart,44.41999816894531,44.84333419799805,44.290000915527344,44.66999816894531,41.644412994384766,28125900
2021-03-26,WMT,Walmart,44.66666793823242,45.06666564941406,44.473331451416016,45.043331146240234,41.99244689941406,28653600
2021-03-29,WMT,Walmart,45.0,45.66999816894531,44.866668701171875,45.55666732788086,42.47101593017578,30146400
2021-03-30,WMT,Walmart,45.44333267211914,45.86333465576172,45.15666580200195,45.246665954589844,42.18202209472656,27230100
2021-03-31,WMT,Walmart,45.18333435058594,45.619998931884766,44.98666763305664,45.276668548583984,42.209991455078125,24546000
2021-04-01,WMT,Walmart,45.313331604003906,45.630001068115234,45.11000061035156,45.206668853759766,42.14472961425781,25595100
2021-04-05,WMT,Walmart,45.573333740234375,46.720001220703125,45.400001525878906,46.47666549682617,43.32870864868164,40043100
2021-04-06,WMT,Walmart,46.369998931884766,46.983333587646484,46.17333221435547,46.70000076293945,43.53691864013672,31044600
2021-04-07,WMT,Walmart,46.766666412353516,46.91666793823242,46.54999923706055,46.599998474121094,43.443687438964844,20361600
2021-04-08,WMT,Walmart,46.81666564941406,47.040000915527344,46.5533332824707,46.56999969482422,43.41572952270508,19095600
2021-04-09,WMT,Walmart,46.543331146240234,46.6966667175293,46.23666763305664,46.59333419799805,43.437469482421875,20676600
2021-04-12,WMT,Walmart,46.689998626708984,46.793331146240234,46.4466667175293,46.599998474121094,43.443687438964844,18723000
2021-04-13,WMT,Walmart,46.599998474121094,46.66666793823242,46.290000915527344,46.456668853759766,43.31006622314453,17397900
2021-04-14,WMT,Walmart,46.37333297729492,46.48666763305664,46.13999938964844,46.439998626708984,43.294517517089844,21924600
2021-04-15,WMT,Walmart,46.46666717529297,46.823333740234375,46.400001525878906,46.720001220703125,43.555564880371094,21710400
2021-04-16,WMT,Walmart,46.96333312988281,46.98666763305664,46.56999969482422,46.869998931884766,43.695404052734375,26488500
2021-04-19,WMT,Walmart,46.76333236694336,46.856666564941406,46.53666687011719,46.56999969482422,43.41572952270508,19281000
2021-04-20,WMT,Walmart,46.473331451416016,47.25666809082031,46.27333450317383,46.93000030517578,43.751338958740234,24452100
2021-04-21,WMT,Walmart,46.92333221435547,47.233333587646484,46.84333419799805,47.06666564941406,43.87874984741211,17335200
2021-04-22,WMT,Walmart,47.026668548583984,47.150001525878906,46.473331451416016,46.55666732788086,43.40329360961914,19705200
2021-04-23,WMT,Walmart,46.366668701171875,46.779998779296875,46.34333419799805,46.633331298828125,43.474769592285156,22971000
2021-04-26,WMT,Walmart,46.63666534423828,46.66666793823242,45.880001068115234,45.970001220703125,42.85636520385742,22846200
2021-04-27,WMT,Walmart,46.0,46.31666564941406,45.849998474121094,46.12666702270508,43.00242614746094,16151400
2021-04-28,WMT,Walmart,46.116668701171875,46.1966667175293,45.956668853759766,45.96333312988281,42.85014724731445,14286600
2021-04-29,WMT,Walmart,45.96666717529297,46.66666793823242,45.96666717529297,46.543331146240234,43.390865325927734,19596000
2021-04-30,WMT,Walmart,46.56999969482422,46.663333892822266,46.369998931884766,46.63666534423828,43.477874755859375,19680000
2021-05-03,WMT,Walmart,46.560001373291016,47.58000183105469,46.560001373291016,47.37333297729492,44.16463851928711,27139500
2021-05-04,WMT,Walmart,47.18000030517578,47.34333419799805,46.70000076293945,46.90666580200195,43.729591369628906,19084200
2021-05-05,WMT,Walmart,46.9033317565918,47.06666564941406,46.75,46.866668701171875,43.692291259765625,18351000
2021-05-06,WMT,Walmart,46.66666793823242,47.119998931884766,46.483333587646484,47.016666412353516,44.004268646240234,16302000
2021-05-07,WMT,Walmart,47.209999084472656,47.2400016784668,46.439998626708984,46.733333587646484,43.73908996582031,23408400
2021-05-10,WMT,Walmart,46.81666564941406,47.36000061035156,46.77000045776367,46.939998626708984,43.9325065612793,26307600
2021-05-11,WMT,Walmart,46.956668853759766,46.956668853759766,46.106666564941406,46.516666412353516,43.53630447387695,26464200
2021-05-12,WMT,Walmart,46.290000915527344,46.32666778564453,45.3033332824707,45.313331604003906,42.410064697265625,25998300
2021-05-13,WMT,Walmart,45.40999984741211,46.32666778564453,45.253334045410156,46.08000183105469,43.12761688232422,21475200
2021-05-14,WMT,Walmart,46.27000045776367,46.746665954589844,46.143333435058594,46.50666809082031,43.526954650878906,16091700
2021-05-17,WMT,Walmart,46.66666793823242,46.79999923706055,46.25666809082031,46.29666519165039,43.33040237426758,19675800
2021-05-18,WMT,Walmart,47.836666107177734,48.19333267211914,47.06999969482422,47.3033332824707,44.27257537841797,58183800
2021-05-19,WMT,Walmart,46.9033317565918,47.90666580200195,46.83333206176758,47.30666732788086,44.27568817138672,34874700
2021-05-20,WMT,Walmart,47.16666793823242,47.62333297729492,46.900001525878906,47.473331451416016,44.43167495727539,30540900
2021-05-21,WMT,Walmart,47.50666809082031,47.69333267211914,47.20000076293945,47.25,44.22265625,22927500
2021-05-24,WMT,Walmart,47.253334045410156,47.473331451416016,47.119998931884766,47.253334045410156,44.225772857666016,18945900
2021-05-25,WMT,Walmart,47.266666412353516,47.54666519165039,47.02333450317383,47.4466667175293,44.406715393066406,21505200
2021-05-26,WMT,Walmart,47.46333312988281,47.62666702270508,47.253334045410156,47.38999938964844,44.35368347167969,19294200
2021-05-27,WMT,Walmart,47.78333282470703,47.893333435058594,47.22999954223633,47.22999954223633,44.203922271728516,56577000
2021-05-28,WMT,Walmart,47.310001373291016,47.483333587646484,47.21333312988281,47.34333419799805,44.31000900268555,21186300
2021-06-01,WMT,Walmart,47.4033317565918,47.599998474121094,47.09000015258789,47.220001220703125,44.194580078125,20767500
2021-06-02,WMT,Walmart,47.130001068115234,47.23666763305664,46.6966667175293,47.116668701171875,44.09785842895508,23298000
2021-06-03,WMT,Walmart,47.130001068115234,47.28333282470703,46.91666793823242,47.20000076293945,44.17585372924805,18374400
2021-06-04,WMT,Walmart,47.1533317565918,47.43000030517578,47.08333206176758,47.28333282470703,44.253841400146484,13635900
2021-06-07,WMT,Walmart,47.28333282470703,47.323333740234375,46.79666519165039,46.96666717529297,43.95747375488281,16630800
2021-06-08,WMT,Walmart,46.836666107177734,46.96666717529297,46.60333251953125,46.61000061035156,43.623661041259766,20120700
2021-06-09,WMT,Walmart,46.4466667175293,46.66999816894531,46.34333419799805,46.36000061035156,43.38967514038086,17085300
2021-06-10,WMT,Walmart,46.36000061035156,46.72999954223633,46.36000061035156,46.62666702270508,43.63925552368164,16378500
2021-06-11,WMT,Walmart,46.74333190917969,46.95000076293945,46.619998931884766,46.91666793823242,43.910682678222656,25232400
2021-06-14,WMT,Walmart,46.97666549682617,46.97666549682617,46.676666259765625,46.85333251953125,43.85140609741211,15140700
2021-06-15,WMT,Walmart,46.9466667175293,46.970001220703125,46.5533332824707,46.66666793823242,43.676692962646484,19327200
2021-06-16,WMT,Walmart,46.616668701171875,46.68000030517578,45.65666580200195,45.71666717529297,42.78755569458008,28794900
2021-06-17,WMT,Walmart,45.66666793823242,46.116668701171875,45.56999969482422,45.90666580200195,42.96538543701172,19341900
2021-06-18,WMT,Walmart,45.14666748046875,45.46333312988281,44.79999923706055,45.05666732788086,42.16984558105469,44812800
2021-06-21,WMT,Walmart,45.220001220703125,45.58333206176758,45.116668701171875,45.46666717529297,42.553585052490234,20775000
2021-06-22,WMT,Walmart,45.40999984741211,45.90666580200195,45.40999984741211,45.676666259765625,42.750125885009766,19107000
2021-06-23,WMT,Walmart,45.5,45.663333892822266,45.310001373291016,45.31999969482422,42.41630935668945,19390500
2021-06-24,WMT,Walmart,45.38999938964844,45.746665954589844,45.366668701171875,45.63666534423828,42.712684631347656,23444100
2021-06-25,WMT,Walmart,45.709999084472656,46.28666687011719,45.63999938964844,46.176666259765625,43.21809387207031,28640700
2021-06-28,WMT,Walmart,46.01333236694336,46.21333312988281,45.53333282470703,46.03333282470703,43.083946228027344,15549000
2021-06-29,WMT,Walmart,45.96666717529297,46.15666580200195,45.74333190917969,45.766666412353516,42.834354400634766,35962500
2021-06-30,WMT,Walmart,46.52000045776367,47.526668548583984,46.22999954223633,47.00666809082031,43.994911193847656,45511200
2021-07-01,WMT,Walmart,46.8033332824707,47.08333206176758,46.336666107177734,46.439998626708984,43.464542388916016,26348700
2021-07-02,WMT,Walmart,46.45000076293945,47.026668548583984,46.45000076293945,46.70333480834961,43.71100997924805,26280600
2021-07-06,WMT,Walmart,46.633331298828125,46.91666793823242,46.503334045410156,46.64666748046875,43.657989501953125,18279300
2021-07-07,WMT,Walmart,46.586666107177734,47.063331604003906,46.45333480834961,46.56999969482422,43.58622741699219,25607400
2021-07-08,WMT,Walmart,46.11333465576172,46.883331298828125,46.073333740234375,46.529998779296875,43.54877853393555,21267000
2021-07-09,WMT,Walmart,46.8033332824707,46.9466667175293,46.643333435058594,46.766666412353516,43.770286560058594,15185400
2021-07-12,WMT,Walmart,46.89666748046875,46.93000030517578,46.44333267211914,46.68333435058594,43.69228744506836,19515000
2021-07-13,WMT,Walmart,46.663333892822266,47.060001373291016,46.64666748046875,46.86000061035156,43.857643127441406,18947700
2021-07-14,WMT,Walmart,46.9033317565918,47.266666412353516,46.61000061035156,47.18333435058594,44.16026306152344,18812100
2021-07-15,WMT,Walmart,47.33333206176758,47.54666519165039,47.029998779296875,47.220001220703125,44.194580078125,17974800
2021-07-16,WMT,Walmart,47.233333587646484,47.37666702270508,46.983333587646484,47.186668395996094,44.16337966918945,18095400
2021-07-19,WMT,Walmart,47.13666534423828,47.65999984741211,46.59000015258789,47.07666778564453,44.06041717529297,27383100
2021-07-20,WMT,Walmart,46.9900016784668,47.4900016784668,46.926666259765625,47.290000915527344,44.26008605957031,19020300
2021-07-21,WMT,Walmart,47.5,47.51333236694336,46.9033317565918,47.05666732788086,44.041709899902344,18591900
2021-07-22,WMT,Walmart,47.043331146240234,47.37333297729492,46.93333435058594,47.09000015258789,44.07290267944336,13013400
2021-07-23,WMT,Walmart,47.17333221435547,47.573333740234375,47.003334045410156,47.47666549682617,44.43479537963867,15947400
2021-07-26,WMT,Walmart,47.45333480834961,47.95333480834961,47.1533317565918,47.543331146240234,44.4971923828125,18517200
2021-07-27,WMT,Walmart,47.66666793823242,47.66666793823242,47.31999969482422,47.54666519165039,44.500308990478516,15395700
2021-07-28,WMT,Walmart,47.49333190917969,47.75,47.220001220703125,47.35333251953125,44.319374084472656,14071500
2021-07-29,WMT,Walmart,47.54666519165039,47.616668701171875,47.34000015258789,47.413333892822266,44.37552261352539,11063100
2021-07-30,WMT,Walmart,47.06666564941406,47.6533317565918,47.06666564941406,47.516666412353516,44.47223663330078,16332300
2021-08-02,WMT,Walmart,47.61000061035156,47.62333297729492,47.223331451416016,47.40666580200195,44.369285583496094,19958400
2021-08-03,WMT,Walmart,47.47999954223633,47.96666717529297,47.45333480834961,47.939998626708984,44.868438720703125,18915300
2021-08-04,WMT,Walmart,47.793331146240234,47.97999954223633,47.58000183105469,47.61333465576172,44.56269836425781,15301500
2021-08-05,WMT,Walmart,48.07666778564453,48.51333236694336,47.996665954589844,48.496665954589844,45.38945007324219,27005400
2021-08-06,WMT,Walmart,48.73666763305664,48.823333740234375,48.31666564941406,48.40999984741211,45.30833053588867,19263600
2021-08-09,WMT,Walmart,48.63666534423828,48.82666778564453,48.46666717529297,48.526668548583984,45.41753005981445,15811800
2021-08-10,WMT,Walmart,48.9900016784668,49.650001525878906,48.75,49.560001373291016,46.3846549987793,38262000
2021-08-11,WMT,Walmart,49.836666107177734,50.526668548583984,49.720001220703125,50.003334045410156,46.79958724975586,41455800
2021-08-12,WMT,Walmart,49.66666793823242,50.06999969482422,49.60333251953125,49.686668395996094,46.6743278503418,18269100
2021-08-13,WMT,Walmart,49.793331146240234,50.119998931884766,49.720001220703125,49.84333419799805,46.82148742675781,15981300
2021-08-16,WMT,Walmart,49.893333435058594,50.57666778564453,49.68000030517578,50.25,47.20350646972656,47791500
2021-08-17,WMT,Walmart,50.133331298828125,50.83333206176758,49.70000076293945,50.233333587646484,47.18784713745117,50950200
2021-08-18,WMT,Walmart,50.18333435058594,50.856666564941406,49.67333221435547,49.70000076293945,46.686851501464844,28211700
2021-08-19,WMT,Walmart,49.44333267211914,50.220001220703125,49.33333206176758,50.03666687011719,47.003108978271484,22630500
2021-08-20,WMT,Walmart,50.15999984741211,50.573333740234375,49.91666793823242,50.483333587646484,47.42269515991211,19400400
2021-08-23,WMT,Walmart,50.5099983215332,50.5966682434082,50.13666534423828,50.150001525878906,47.10956954956055,16166100
2021-08-24,WMT,Walmart,50.16666793823242,50.16666793823242,49.56666564941406,49.633331298828125,46.62422180175781,18828900
2021-08-25,WMT,Walmart,49.470001220703125,49.7599983215332,49.34333419799805,49.6533317565918,46.64301300048828,21921300
2021-08-26,WMT,Walmart,49.15666580200195,49.42333221435547,48.88999938964844,49.116668701171875,46.138885498046875,23466900
2021-08-27,WMT,Walmart,49.16999816894531,49.22999954223633,48.72666549682617,48.84000015258789,45.878997802734375,23088600
2021-08-30,WMT,Walmart,48.80666732788086,49.33333206176758,48.67333221435547,49.233333587646484,46.24847412109375,16440600
2021-08-31,WMT,Walmart,49.33000183105469,49.47999954223633,49.08000183105469,49.366668701171875,46.37372970581055,25078500
2021-09-01,WMT,Walmart,49.186668395996094,49.310001373291016,48.856666564941406,49.2599983215332,46.27352523803711,19056600
2021-09-02,WMT,Walmart,49.37333297729492,49.5966682434082,49.22999954223633,49.52000045776367,46.51776885986328,20018100
2021-09-03,WMT,Walmart,49.400001525878906,49.883331298828125,49.29999923706055,49.75,46.73382568359375,17211900
2021-09-07,WMT,Walmart,49.65666580200195,49.723331451416016,49.02000045776367,49.09000015258789,46.11383819580078,25345200
2021-09-08,WMT,Walmart,48.983333587646484,49.439998626708984,48.90999984741211,49.1533317565918,46.17333221435547,19508400
2021-09-09,WMT,Walmart,49.1533317565918,49.20333480834961,48.61333465576172,48.80666732788086,45.847686767578125,22328700
2021-09-10,WMT,Walmart,49.06666564941406,49.08000183105469,48.47666549682617,48.630001068115234,45.681732177734375,15775200
2021-09-13,WMT,Walmart,48.84000015258789,49.04999923706055,48.21333312988281,48.35333251953125,45.42182540893555,19529400
2021-09-14,WMT,Walmart,48.49333190917969,48.62666702270508,47.973331451416016,48.099998474121094,45.18386459350586,16533900
2021-09-15,WMT,Walmart,48.02333450317383,48.25,47.93000030517578,48.18333435058594,45.26212692260742,14850000
2021-09-16,WMT,Walmart,48.14666748046875,48.436668395996094,47.89666748046875,48.34333419799805,45.41244125366211,18428400
2021-09-17,WMT,Walmart,48.04666519165039,48.720001220703125,48.00666809082031,48.24333190917969,45.31850051879883,73032600
2021-09-20,WMT,Walmart,47.83333206176758,48.39666748046875,47.206668853759766,47.58000183105469,44.69538116455078,25054500
2021-09-21,WMT,Walmart,47.56666564941406,48.19333267211914,47.55666732788086,47.67333221435547,44.78305435180664,17437500
2021-09-22,WMT,Walmart,47.823333740234375,47.866668701171875,47.43000030517578,47.563331604003906,44.67972946166992,15044400
2021-09-23,WMT,Walmart,47.7400016784668,47.87666702270508,47.483333587646484,47.59000015258789,44.70477294921875,15585300
2021-09-24,WMT,Walmart,47.5,47.89666748046875,47.496665954589844,47.723331451416016,44.83001708984375,13360500
2021-09-27,WMT,Walmart,47.62333297729492,47.849998474121094,47.279998779296875,47.41666793823242,44.541954040527344,21250800
2021-09-28,WMT,Walmart,47.293331146240234,47.356666564941406,46.663333892822266,46.83333206176758,43.99397659301758,20580900
2021-09-29,WMT,Walmart,46.883331298828125,47.276668548583984,46.77333450317383,46.813331604003906,43.97519302368164,21375600
2021-09-30,WMT,Walmart,46.880001068115234,47.24333190917969,46.41666793823242,46.459999084472656,43.643280029296875,22457700
2021-10-01,WMT,Walmart,46.41999816894531,46.543331146240234,45.30666732788086,45.68333435058594,42.913700103759766,30014400
2021-10-04,WMT,Walmart,45.6966667175293,46.07666778564453,44.9033317565918,45.24333190917969,42.5003776550293,29970300
2021-10-05,WMT,Walmart,45.31666564941406,45.9033317565918,45.29999923706055,45.540000915527344,42.779056549072266,20597400
2021-10-06,WMT,Walmart,45.413333892822266,45.93000030517578,45.37666702270508,45.87333297729492,43.092185974121094,19376700
2021-10-07,WMT,Walmart,46.2599983215332,46.900001525878906,46.253334045410156,46.413333892822266,43.59944152832031,21068100
2021-10-08,WMT,Walmart,46.5533332824707,46.6966667175293,46.336666107177734,46.5533332824707,43.730960845947266,13847400
2021-10-11,WMT,Walmart,46.50666809082031,46.926666259765625,46.47999954223633,46.5099983215332,43.69024658203125,13048200
2021-10-12,WMT,Walmart,46.4466667175293,46.8033332824707,46.356666564941406,46.459999084472656,43.643280029296875,15789300
2021-10-13,WMT,Walmart,46.5,46.66999816894531,46.043331146240234,46.12333297729492,43.3270263671875,17937900
2021-10-14,WMT,Walmart,46.16666793823242,46.689998626708984,46.16666793823242,46.62333297729492,43.79670333862305,19783500
2021-10-15,WMT,Walmart,46.87333297729492,47.03333282470703,46.6533317565918,46.849998474121094,44.0096321105957,20737200
2021-10-18,WMT,Walmart,46.66666793823242,47.336666107177734,46.61000061035156,47.22666549682617,44.36346435546875,19887000
2021-10-19,WMT,Walmart,48.209999084472656,48.53666687011719,47.88666534423828,48.22999954223633,45.30596923828125,33444300
2021-10-20,WMT,Walmart,48.29666519165039,48.83000183105469,48.29666519165039,48.66666793823242,45.71616744995117,17453700
2021-10-21,WMT,Walmart,48.86000061035156,48.973331451416016,48.60333251953125,48.936668395996094,45.96979904174805,13954500
2021-10-22,WMT,Walmart,49.03333282470703,49.89666748046875,49.03333282470703,49.4466667175293,46.44887924194336,21195600
2021-10-25,WMT,Walmart,49.59333419799805,50.17333221435547,49.336666107177734,50.02000045776367,46.98746109008789,19287900
2021-10-26,WMT,Walmart,50.0,50.18333435058594,49.48666763305664,49.58333206176758,46.57726287841797,17418600
2021-10-27,WMT,Walmart,49.6533317565918,49.67333221435547,49.130001068115234,49.176666259765625,46.19525146484375,14565600
2021-10-28,WMT,Walmart,49.4466667175293,49.65999984741211,49.23666763305664,49.483333587646484,46.48332595825195,12598500
2021-10-29,WMT,Walmart,49.3033332824707,50.03333282470703,49.186668395996094,49.80666732788086,46.787052154541016,22022700
2021-11-01,WMT,Walmart,49.99333190917969,50.25,49.78333282470703,49.93000030517578,46.90291213989258,12549600
2021-11-02,WMT,Walmart,49.9900016784668,50.060001373291016,49.7599983215332,49.90666580200195,46.8809928894043,13638900
2021-11-03,WMT,Walmart,49.866668701171875,50.0966682434082,49.676666259765625,50.060001373291016,47.0250244140625,14209500
2021-11-04,WMT,Walmart,50.060001373291016,50.616668701171875,49.94333267211914,50.426666259765625,47.36946487426758,15149100
2021-11-05,WMT,Walmart,50.66666793823242,50.66666793823242,49.87333297729492,50.07666778564453,47.04069137573242,15081900
2021-11-08,WMT,Walmart,50.073333740234375,50.16999816894531,49.57666778564453,49.75666809082031,46.74008560180664,15373200
2021-11-09,WMT,Walmart,49.84000015258789,49.956668853759766,49.62333297729492,49.93000030517578,46.90291213989258,15001800
2021-11-10,WMT,Walmart,49.57666778564453,49.87333297729492,49.32666778564453,49.47999954223633,46.480194091796875,16803600
2021-11-11,WMT,Walmart,49.59000015258789,49.663333892822266,49.39666748046875,49.5,46.49897384643555,13603200
2021-11-12,WMT,Walmart,49.66666793823242,49.746665954589844,49.18000030517578,49.253334045410156,46.26726150512695,18313800
2021-11-15,WMT,Walmart,49.383331298828125,49.483333587646484,48.79999923706055,48.970001220703125,46.0011100769043,28896000
2021-11-16,WMT,Walmart,48.366668701171875,48.893333435058594,47.43333435058594,47.723331451416016,44.83001708984375,73986600
2021-11-17,WMT,Walmart,47.720001220703125,48.2400016784668,47.27333450317383,47.313331604003906,44.444881439208984,33116100
2021-11-18,WMT,Walmart,47.380001068115234,47.76333236694336,46.95333480834961,47.720001220703125,44.826881408691406,24394200
2021-11-19,WMT,Walmart,47.87333297729492,48.0,47.313331604003906,47.46333312988281,44.58578109741211,28119300
2021-11-22,WMT,Walmart,47.5533332824707,48.45333480834961,47.33333206176758,48.2599983215332,45.33414840698242,29126400
2021-11-23,WMT,Walmart,48.08333206176758,48.65999984741211,47.75,48.60333251953125,45.656673431396484,29907900
2021-11-24,WMT,Walmart,48.57666778564453,49.02000045776367,48.54666519165039,48.8466682434082,45.885257720947266,18089400
2021-11-26,WMT,Walmart,48.813331604003906,49.293331146240234,48.13999938964844,48.29999923706055,45.37173080444336,21039600
2021-11-29,WMT,Walmart,48.33333206176758,48.41666793823242,47.40999984741211,47.543331146240234,44.66093444824219,33039600
2021-11-30,WMT,Walmart,47.15999984741211,47.5,46.66999816894531,46.87666702270508,44.03468322753906,64818900
2021-12-01,WMT,Walmart,46.836666107177734,46.90666580200195,45.68000030517578,45.71333312988281,42.94188690185547,36621300
2021-12-02,WMT,Walmart,45.87666702270508,46.14666748046875,45.08000183105469,45.15666580200195,42.41896438598633,39805800
2021-12-03,WMT,Walmart,45.28666687011719,45.959999084472656,45.0966682434082,45.836666107177734,43.057735443115234,44142600
2021-12-06,WMT,Walmart,45.85333251953125,46.45333480834961,45.70000076293945,46.33333206176758,43.52428436279297,32589300
2021-12-07,WMT,Walmart,46.53333282470703,46.61000061035156,46.029998779296875,46.18333435058594,43.38338851928711,37739100
2021-12-08,WMT,Walmart,46.02000045776367,46.16666793823242,45.336666107177734,45.71666717529297,42.94501876831055,34496400
2021-12-09,WMT,Walmart,45.543331146240234,46.189998626708984,45.23666763305664,46.16666793823242,43.54235076904297,32351700
2021-12-10,WMT,Walmart,46.11333465576172,47.099998474121094,45.856666564941406,47.0099983215332,44.337730407714844,38575500
2021-12-13,WMT,Walmart,46.746665954589844,47.91666793823242,46.66999816894531,47.856666564941406,45.13628005981445,54039300
2021-12-14,WMT,Walmart,47.766666412353516,48.426666259765625,47.383331298828125,48.313331604003906,45.56698226928711,46721400
2021-12-15,WMT,Walmart,48.4033317565918,48.823333740234375,47.79999923706055,48.59000015258789,45.82792663574219,33489900
2021-12-16,WMT,Walmart,48.59000015258789,48.84333419799805,47.630001068115234,47.779998779296875,45.06397247314453,39069600
2021-12-17,WMT,Walmart,47.58333206176758,47.983333587646484,46.130001068115234,46.25,43.62094497680664,78581100
2021-12-20,WMT,Walmart,46.040000915527344,46.58333206176758,45.866668701171875,46.400001525878906,43.76240921020508,31017900
2021-12-21,WMT,Walmart,46.29999923706055,46.619998931884766,46.003334045410156,46.540000915527344,43.89445495605469,24620400
2021-12-22,WMT,Walmart,46.633331298828125,46.663333892822266,46.176666259765625,46.599998474121094,43.95104217529297,17028000
2021-12-23,WMT,Walmart,46.599998474121094,46.720001220703125,46.28333282470703,46.496665954589844,43.853580474853516,17592600
2021-12-27,WMT,Walmart,46.53333282470703,46.956668853759766,46.52333450317383,46.91999816894531,44.25285339355469,16040700
2021-12-28,WMT,Walmart,46.866668701171875,47.65666580200195,46.866668701171875,47.59333419799805,44.887916564941406,15783000
2021-12-29,WMT,Walmart,47.5533332824707,47.84333419799805,47.439998626708984,47.56999969482422,44.86590576171875,13045200
2021-12-30,WMT,Walmart,47.753334045410156,47.900001525878906,47.49333190917969,47.723331451416016,45.01051712036133,14949000
2021-12-31,WMT,Walmart,47.733333587646484,48.3466682434082,47.63999938964844,48.22999954223633,45.48838806152344,17947800
2022-01-03,WMT,Walmart,48.0,48.26333236694336,47.66999816894531,48.21666717529297,45.4758186340332,20706600
2022-01-04,WMT,Walmart,48.01333236694336,48.380001068115234,47.253334045410156,47.33333206176758,44.64269256591797,33930000
2022-01-05,WMT,Walmart,47.616668701171875,48.650001525878906,47.58000183105469,47.973331451416016,45.246315002441406,35418000
2022-01-06,WMT,Walmart,47.87333297729492,48.21333312988281,47.46666717529297,47.84000015258789,45.12055969238281,21828900
2022-01-07,WMT,Walmart,47.83333206176758,48.45333480834961,47.6533317565918,48.29666519165039,45.551273345947266,19723500
2022-01-10,WMT,Walmart,48.47999954223633,48.529998779296875,47.706668853759766,48.20333480834961,45.46324920654297,22731600
2022-01-11,WMT,Walmart,48.06999969482422,48.206668853759766,47.72666549682617,48.06666564941406,45.33434295654297,21668700
2022-01-12,WMT,Walmart,47.893333435058594,47.98666763305664,47.66666793823242,47.813331604003906,45.09540939331055,18946800
2022-01-13,WMT,Walmart,47.810001373291016,48.560001373291016,47.70333480834961,48.4900016784668,45.73361587524414,24252600
2022-01-14,WMT,Walmart,48.073333740234375,48.87666702270508,48.073333740234375,48.35333251953125,45.60471725463867,26867400
2022-01-18,WMT,Walmart,48.13666534423828,48.233333587646484,47.37666702270508,47.50666809082031,44.806175231933594,21123900
2022-01-19,WMT,Walmart,47.51333236694336,48.33000183105469,47.30666732788086,47.97999954223633,45.25260543823242,22674000
2022-01-20,WMT,Walmart,47.45000076293945,48.1533317565918,47.02333450317383,47.073333740234375,44.397464752197266,22387200
2022-01-21,WMT,Walmart,47.073333740234375,47.41999816894531,46.686668395996094,46.72999954223633,44.07365417480469,27508200
2022-01-24,WMT,Walmart,46.356666564941406,46.84333419799805,45.77000045776367,46.733333587646484,44.07678985595703,28699200
2022-01-25,WMT,Walmart,46.663333892822266,46.790000915527344,45.60333251953125,45.71666717529297,43.117919921875,29479500
2022-01-26,WMT,Walmart,45.779998779296875,46.26333236694336,45.0533332824707,45.25,42.677791595458984,26185500
2022-01-27,WMT,Walmart,45.63999938964844,46.36000061035156,45.12333297729492,45.279998779296875,42.70608139038086,27759000
2022-01-28,WMT,Walmart,45.33333206176758,45.856666564941406,44.650001525878906,45.84000015258789,43.2342529296875,25131900
2022-01-31,WMT,Walmart,45.6966667175293,46.68000030517578,45.56666564941406,46.60333251953125,43.95418930053711,20193600
2022-02-01,WMT,Walmart,46.4033317565918,47.04999923706055,46.33000183105469,46.970001220703125,44.30002975463867,20323200
2022-02-02,WMT,Walmart,47.0,47.21333312988281,46.71666717529297,46.95000076293945,44.28115463256836,18149700
2022-02-03,WMT,Walmart,46.753334045410156,47.33000183105469,46.59000015258789,46.996665954589844,44.325172424316406,20741100
2022-02-04,WMT,Walmart,46.96333312988281,47.0,46.116668701171875,46.44333267211914,43.803287506103516,22036500
2022-02-07,WMT,Walmart,46.686668395996094,46.689998626708984,45.869998931884766,45.98666763305664,43.37257766723633,20010300
2022-02-08,WMT,Walmart,46.106666564941406,46.413333892822266,45.836666107177734,45.996665954589844,43.38200759887695,19458900
2022-02-09,WMT,Walmart,46.16666793823242,46.26333236694336,45.823333740234375,45.89666748046875,43.28770065307617,21473700
2022-02-10,WMT,Walmart,45.516666412353516,45.66999816894531,45.1533317565918,45.36000061035156,42.78152847290039,27810600
2022-02-11,WMT,Walmart,45.606666564941406,45.72666549682617,44.723331451416016,45.11000061035156,42.545745849609375,23733300
2022-02-14,WMT,Walmart,45.11000061035156,45.31999969482422,44.23666763305664,44.650001525878906,42.11190414428711,29363400
2022-02-15,WMT,Walmart,44.913333892822266,45.223331451416016,44.5966682434082,44.790000915527344,42.24394226074219,21824400
2022-02-16,WMT,Walmart,44.776668548583984,44.959999084472656,44.233333587646484,44.5099983215332,41.979854583740234,28490700
2022-02-17,WMT,Walmart,44.66666793823242,46.4900016784668,44.59333419799805,46.293331146240234,43.66181564331055,53831400
2022-02-18,WMT,Walmart,46.03333282470703,46.529998779296875,45.720001220703125,45.996665954589844,43.38200759887695,31103400
2022-02-22,WMT,Walmart,45.92333221435547,46.08000183105469,45.313331604003906,45.483333587646484,42.89785385131836,25380900
2022-02-23,WMT,Walmart,45.619998931884766,45.72999954223633,44.9466667175293,45.016666412353516,42.45771789550781,21030900
2022-02-24,WMT,Walmart,44.63666534423828,45.003334045410156,44.003334045410156,44.84333419799805,42.294246673583984,31717500
2022-02-25,WMT,Walmart,44.936668395996094,45.59333419799805,44.6966667175293,45.459999084472656,42.8758430480957,24997800
2022-02-28,WMT,Walmart,45.0,45.356666564941406,44.59000015258789,45.0533332824707,42.492305755615234,26286600
2022-03-01,WMT,Walmart,45.290000915527344,45.96333312988281,45.00666809082031,45.33000183105469,42.753238677978516,24024900
2022-03-02,WMT,Walmart,45.220001220703125,45.61000061035156,45.060001373291016,45.38666534423828,42.80668258666992,23863800
2022-03-03,WMT,Walmart,45.76333236694336,46.823333740234375,45.516666412353516,46.43000030517578,43.79070281982422,29885100
2022-03-04,WMT,Walmart,45.936668395996094,47.64666748046875,45.86333465576172,47.606666564941406,44.9005012512207,35576400
2022-03-07,WMT,Walmart,47.099998474121094,47.87666702270508,46.81666564941406,47.223331451416016,44.5389518737793,45870000
2022-03-08,WMT,Walmart,47.16666793823242,47.48666763305664,46.19333267211914,46.246665954589844,43.61780548095703,28305600
2022-03-09,WMT,Walmart,46.66666793823242,46.746665954589844,46.04666519165039,46.48666763305664,43.84416198730469,22122900
2022-03-10,WMT,Walmart,46.496665954589844,47.66666793823242,46.336666107177734,47.543331146240234,44.84075164794922,27512700
2022-03-11,WMT,Walmart,47.43333435058594,48.016666412353516,47.293331146240234,47.356666564941406,44.66469955444336,19162200
2022-03-14,WMT,Walmart,47.34000015258789,48.28333282470703,47.33000183105469,48.016666412353516,45.28718185424805,22646400
2022-03-15,WMT,Walmart,48.176666259765625,48.71666717529297,47.95000076293945,48.59333419799805,45.83107376098633,22872600
2022-03-16,WMT,Walmart,48.46333312988281,48.97999954223633,47.900001525878906,48.45000076293945,45.695884704589844,24615900
2022-03-17,WMT,Walmart,48.150001525878906,48.43333435058594,47.54999923706055,48.336666107177734,45.765323638916016,19023000
2022-03-18,WMT,Walmart,48.393333435058594,48.52333450317383,48.03666687011719,48.47999954223633,45.90102767944336,31233300
2022-03-21,WMT,Walmart,48.47666549682617,49.0966682434082,47.87333297729492,48.07666778564453,45.51914978027344,21350700
2022-03-22,WMT,Walmart,48.20333480834961,48.323333740234375,47.65999984741211,47.93333435058594,45.38344955444336,20235000
2022-03-23,WMT,Walmart,47.71333312988281,47.90999984741211,47.17333221435547,47.31666564941406,44.79957962036133,19625400
2022-03-24,WMT,Walmart,47.46333312988281,47.970001220703125,47.293331146240234,47.61000061035156,45.077301025390625,13440900
2022-03-25,WMT,Walmart,47.81666564941406,47.97666549682617,47.41999816894531,47.81666564941406,45.27298355102539,14085300
2022-03-28,WMT,Walmart,47.83333206176758,48.686668395996094,47.766666412353516,48.66666793823242,46.077754974365234,20105700
2022-03-29,WMT,Walmart,48.866668701171875,49.366668701171875,48.75,49.07666778564453,46.46595764160156,19934400
2022-03-30,WMT,Walmart,49.043331146240234,50.060001373291016,49.01333236694336,49.956668853759766,47.29915237426758,24991500
2022-03-31,WMT,Walmart,49.5966682434082,50.18000030517578,49.393333435058594,49.63999938964844,46.99931335449219,27163800
2022-04-01,WMT,Walmart,49.88666534423828,50.42333221435547,49.61333465576172,50.336666107177734,47.6589241027832,20939700
2022-04-04,WMT,Walmart,50.3033332824707,51.06666564941406,50.026668548583984,50.3466682434082,47.66839599609375,25332600
2022-04-05,WMT,Walmart,50.293331146240234,51.11000061035156,50.293331146240234,50.4900016784668,47.804100036621094,18657900
2022-04-06,WMT,Walmart,50.34000015258789,51.80666732788086,50.16666793823242,51.663333892822266,48.915016174316406,28018500
2022-04-07,WMT,Walmart,51.70000076293945,52.51333236694336,51.47999954223633,52.18000030517578,49.404197692871094,27088200
2022-04-08,WMT,Walmart,52.3033332824707,52.8033332824707,52.06999969482422,52.470001220703125,49.67877960205078,23294400
2022-04-11,WMT,Walmart,52.323333740234375,52.746665954589844,51.209999084472656,51.43000030517578,48.694095611572266,24712800
2022-04-12,WMT,Walmart,51.413333892822266,51.79999923706055,50.849998474121094,51.07666778564453,48.359561920166016,26761200
2022-04-13,WMT,Walmart,51.150001525878906,52.5966682434082,51.116668701171875,52.40666580200195,49.61880874633789,29284500
2022-04-14,WMT,Walmart,52.369998931884766,52.76333236694336,52.143333435058594,52.36000061035156,49.57462692260742,22360500
2022-04-18,WMT,Walmart,52.25,52.65999984741211,51.73666763305664,51.959999084472656,49.19590377807617,14671800
2022-04-19,WMT,Walmart,52.223331451416016,52.650001525878906,52.01333236694336,52.54999923706055,49.7545166015625,15855000
2022-04-20,WMT,Walmart,52.78333282470703,53.45000076293945,52.76333236694336,53.209999084472656,50.37941360473633,19821600
2022-04-21,WMT,Walmart,53.30666732788086,53.59000015258789,53.02333450317383,53.290000915527344,50.45514678955078,18168300
2022-04-22,WMT,Walmart,53.41666793823242,53.45333480834961,52.220001220703125,52.28666687011719,49.50518798828125,21046200
2022-04-25,WMT,Walmart,52.12333297729492,52.4900016784668,51.45000076293945,52.313331604003906,49.53043746948242,18057600
2022-04-26,WMT,Walmart,52.12333297729492,52.709999084472656,51.733333587646484,51.766666412353516,49.01285171508789,19601100
2022-04-27,WMT,Walmart,51.84333419799805,52.06666564941406,51.34000015258789,51.413333892822266,48.67831802368164,17496900
2022-04-28,WMT,Walmart,51.74333190917969,52.32666778564453,51.366668701171875,52.06999969482422,49.300048828125,14955900
2022-04-29,WMT,Walmart,51.936668395996094,52.073333740234375,50.9033317565918,50.996665954589844,48.28382110595703,21088800
2022-05-02,WMT,Walmart,51.6533317565918,51.663333892822266,50.106666564941406,50.65999984741211,47.96505355834961,20016000
2022-05-03,WMT,Walmart,50.810001373291016,51.426666259765625,50.59333419799805,50.836666107177734,48.132328033447266,17950500
2022-05-04,WMT,Walmart,50.676666259765625,51.606666564941406,50.503334045410156,51.540000915527344,48.798248291015625,20022600
2022-05-05,WMT,Walmart,51.21333312988281,51.276668548583984,50.46666717529297,50.913333892822266,48.38013458251953,23234400
2022-05-06,WMT,Walmart,50.56999969482422,51.31666564941406,49.42333221435547,49.85333251953125,47.37287902832031,34258200
2022-05-09,WMT,Walmart,49.4900016784668,51.03333282470703,49.39666748046875,50.436668395996094,47.92719268798828,28207200
2022-05-10,WMT,Walmart,50.47666549682617,50.76333236694336,49.52000045776367,49.72666549682617,47.25251770019531,24861300
2022-05-11,WMT,Walmart,49.79999923706055,50.25,48.970001220703125,49.206668853759766,46.75839614868164,27878700
2022-05-12,WMT,Walmart,49.28666687011719,50.04999923706055,48.84000015258789,49.15999984741211,46.714046478271484,25244400
2022-05-13,WMT,Walmart,49.23666763305664,49.459999084472656,48.71333312988281,49.349998474121094,46.894588470458984,19962300
2022-05-16,WMT,Walmart,49.793331146240234,49.90999984741211,48.81999969482422,49.4033317565918,46.94526672363281,21449100
2022-05-17,WMT,Walmart,45.47666549682617,45.813331604003906,43.54666519165039,43.78333282470703,41.60489273071289,132940200
2022-05-18,WMT,Walmart,42.676666259765625,42.75666809082031,40.5099983215332,40.810001373291016,38.77949142456055,104253000
2022-05-19,WMT,Walmart,40.290000915527344,40.5966682434082,39.53333282470703,39.689998626708984,37.7152214050293,71008500
2022-05-20,WMT,Walmart,39.880001068115234,40.279998779296875,39.09000015258789,39.733333587646484,37.75640106201172,49356000
2022-05-23,WMT,Walmart,39.973331451416016,41.25666809082031,39.95333480834961,40.866668701171875,38.83334732055664,43680900
2022-05-24,WMT,Walmart,40.4033317565918,41.516666412353516,40.36000061035156,41.37666702270508,39.31797409057617,34584900
2022-05-25,WMT,Walmart,41.33333206176758,41.55666732788086,40.866668701171875,41.12333297729492,39.077239990234375,27121800
2022-05-26,WMT,Walmart,41.766666412353516,42.133331298828125,41.46666717529297,42.0,39.91029357910156,28197600
2022-05-27,WMT,Walmart,41.83000183105469,42.87333297729492,41.77000045776367,42.82666778564453,40.69583511352539,25299900
2022-05-31,WMT,Walmart,42.48666763305664,43.29999923706055,42.473331451416016,42.87666702270508,40.74333572387695,36912300
2022-06-01,WMT,Walmart,42.83333206176758,42.973331451416016,41.560001373291016,41.81666564941406,39.73607635498047,28534800
2022-06-02,WMT,Walmart,41.856666564941406,42.5099983215332,41.44333267211914,42.503334045410156,40.38857650756836,23214300
2022-06-03,WMT,Walmart,42.223331451416016,42.473331451416016,41.6966667175293,41.77333450317383,39.69490051269531,18302700
2022-06-06,WMT,Walmart,41.939998626708984,42.099998474121094,41.529998779296875,41.62333297729492,39.55236053466797,19855500
2022-06-07,WMT,Walmart,40.413333892822266,41.163333892822266,40.293331146240234,41.12333297729492,39.077239990234375,47707800
2022-06-08,WMT,Walmart,40.78333282470703,41.3033332824707,40.650001525878906,40.766666412353516,38.73831558227539,22522800
2022-06-09,WMT,Walmart,40.66666793823242,41.45000076293945,40.33000183105469,40.34000015258789,38.3328857421875,19880100
2022-06-10,WMT,Walmart,39.91666793823242,40.913333892822266,39.779998779296875,40.56666564941406,38.54827117919922,25238100
2022-06-13,WMT,Walmart,39.913333892822266,40.413333892822266,39.6966667175293,39.8033332824707,37.82291793823242,24897900
2022-06-14,WMT,Walmart,39.709999084472656,40.0,39.38999938964844,39.81999969482422,37.83876037597656,21544200
2022-06-15,WMT,Walmart,39.9900016784668,40.13666534423828,39.29999923706055,39.793331146240234,37.813411712646484,25914000
2022-06-16,WMT,Walmart,39.45000076293945,40.586666107177734,39.40999984741211,40.206668853759766,38.206180572509766,30706800
2022-06-17,WMT,Walmart,40.00666809082031,40.293331146240234,39.323333740234375,39.43000030517578,37.468170166015625,36838800
2022-06-21,WMT,Walmart,39.43333435058594,40.926666259765625,39.40666580200195,40.723331451416016,38.69713592529297,23916600
2022-06-22,WMT,Walmart,40.70000076293945,41.08333206176758,40.1966667175293,40.22999954223633,38.228355407714844,20235000
2022-06-23,WMT,Walmart,40.58333206176758,41.31999969482422,40.400001525878906,41.206668853759766,39.156429290771484,18040800
2022-06-24,WMT,Walmart,41.36333465576172,41.77000045776367,41.0533332824707,41.2400016784668,39.18810272216797,31845900
2022-06-27,WMT,Walmart,41.2599983215332,41.58000183105469,40.93000030517578,41.37333297729492,39.31480407714844,19889100
2022-06-28,WMT,Walmart,41.5533332824707,41.856666564941406,40.76333236694336,40.790000915527344,38.760494232177734,15399000
2022-06-29,WMT,Walmart,40.96333312988281,41.116668701171875,40.323333740234375,40.63999938964844,38.617950439453125,19111500
2022-06-30,WMT,Walmart,40.293331146240234,40.686668395996094,39.96333312988281,40.526668548583984,38.51026153564453,19166100
2022-07-01,WMT,Walmart,40.64666748046875,40.973331451416016,40.38666534423828,40.87666702270508,38.84284591674805,17460900
2022-07-05,WMT,Walmart,40.73666763305664,41.503334045410156,40.53666687011719,41.41666793823242,39.35597229003906,18218100
2022-07-06,WMT,Walmart,41.49333190917969,42.09333419799805,41.43333435058594,41.709999084472656,39.63471221923828,21300000
2022-07-07,WMT,Walmart,41.72999954223633,41.84333419799805,41.37333297729492,41.77333450317383,39.69490051269531,17487300
2022-07-08,WMT,Walmart,41.939998626708984,42.20333480834961,41.71666717529297,41.79999923706055,39.720237731933594,14751000
2022-07-11,WMT,Walmart,41.67333221435547,42.11000061035156,41.540000915527344,41.81666564941406,39.73607635498047,11532900
2022-07-12,WMT,Walmart,41.70333480834961,42.37666702270508,41.573333740234375,41.689998626708984,39.6157112121582,13732200
2022-07-13,WMT,Walmart,41.47999954223633,42.1533317565918,41.3033332824707,41.790000915527344,39.71073532104492,12689100
2022-07-14,WMT,Walmart,41.38666534423828,42.77333450317383,41.380001068115234,42.606666564941406,40.48677444458008,20905500
2022-07-15,WMT,Walmart,42.93333435058594,43.42333221435547,42.68333435058594,43.02333450317383,40.88270950317383,21184200
2022-07-18,WMT,Walmart,42.883331298828125,43.43333435058594,42.753334045410156,42.92333221435547,40.78768539428711,14243700
2022-07-19,WMT,Walmart,43.130001068115234,43.31999969482422,42.866668701171875,43.186668395996094,41.03791427612305,16995300
2022-07-20,WMT,Walmart,43.503334045410156,43.77000045776367,43.16666793823242,43.54666519165039,41.380001068115234,18564900
2022-07-21,WMT,Walmart,43.560001373291016,44.186668395996094,43.5,44.18333435058594,41.98499298095703,18764700
2022-07-22,WMT,Walmart,44.18000030517578,44.46333312988281,43.74333190917969,44.06999969482422,41.877296447753906,13616400
2022-07-25,WMT,Walmart,44.130001068115234,44.233333587646484,43.81999969482422,44.00666809082031,41.817115783691406,20535300
2022-07-26,WMT,Walmart,40.37666702270508,40.89666748046875,40.02000045776367,40.65999984741211,38.636959075927734,95391600
2022-07-27,WMT,Walmart,40.413333892822266,42.25666809082031,40.34333419799805,42.1966667175293,40.09717559814453,42159600
2022-07-28,WMT,Walmart,42.09000015258789,43.503334045410156,42.09000015258789,43.25,41.09809494018555,33262200
2022-07-29,WMT,Walmart,42.77333450317383,44.086666107177734,42.66999816894531,44.016666412353516,41.82661437988281,30141900
2022-08-01,WMT,Walmart,43.686668395996094,44.74333190917969,43.66666793823242,44.18000030517578,41.98183059692383,24996300
2022-08-02,WMT,Walmart,44.383331298828125,44.56999969482422,43.79999923706055,44.22666549682617,42.02617263793945,19695000
2022-08-03,WMT,Walmart,44.0533332824707,44.313331604003906,43.28666687011719,43.5,41.33564758300781,32003100
2022-08-04,WMT,Walmart,43.55666732788086,43.599998474121094,41.776668548583984,41.856666564941406,39.774085998535156,53106000
2022-08-05,WMT,Walmart,41.836666107177734,42.27000045776367,41.706668853759766,42.19333267211914,40.09401321411133,32007000
2022-08-08,WMT,Walmart,42.21666717529297,42.73666763305664,42.20333480834961,42.53666687011719,40.42025375366211,18175200
2022-08-09,WMT,Walmart,42.630001068115234,42.9900016784668,42.4033317565918,42.956668853759766,40.81936264038086,19325100
2022-08-10,WMT,Walmart,43.33333206176758,43.383331298828125,42.79666519165039,43.04666519165039,40.90486526489258,25251000
2022-08-11,WMT,Walmart,43.233333587646484,43.456668853759766,42.866668701171875,43.27333450317383,41.29935836791992,23854500
2022-08-12,WMT,Walmart,43.33333206176758,44.279998779296875,43.27333450317383,44.073333740234375,42.0628662109375,26625000
2022-08-15,WMT,Walmart,43.87666702270508,44.52333450317383,43.78666687011719,44.20000076293945,42.183753967285156,26516100
2022-08-16,WMT,Walmart,46.29999923706055,46.97666549682617,46.063331604003906,46.456668853759766,44.33747863769531,91773300
2022-08-17,WMT,Walmart,46.189998626708984,47.573333740234375,46.133331298828125,46.50666809082031,44.385196685791016,41792100
2022-08-18,WMT,Walmart,46.5099983215332,46.80666732788086,46.16666793823242,46.356666564941406,44.242034912109375,19197600
2022-08-19,WMT,Walmart,46.30666732788086,46.356666564941406,45.63666534423828,45.67333221435547,43.589874267578125,22918800
2022-08-22,WMT,Walmart,45.400001525878906,45.573333740234375,44.813331604003906,44.856666564941406,42.81046676635742,18667200
2022-08-23,WMT,Walmart,44.869998931884766,44.98666763305664,44.4033317565918,44.66666793823242,42.62913513183594,16955100
2022-08-24,WMT,Walmart,44.78333282470703,45.0966682434082,44.53333282470703,44.9900016784668,42.93771743774414,15766500
2022-08-25,WMT,Walmart,45.09333419799805,45.33000183105469,45.0099983215332,45.290000915527344,43.22403335571289,19414500
2022-08-26,WMT,Walmart,45.369998931884766,45.61000061035156,43.836666107177734,43.866668701171875,41.865623474121094,21331800
2022-08-29,WMT,Walmart,43.61000061035156,44.62333297729492,43.529998779296875,44.293331146240234,42.2728271484375,17381700
2022-08-30,WMT,Walmart,44.4466667175293,44.54999923706055,43.913333892822266,44.15999984741211,42.14558029174805,14468100
2022-08-31,WMT,Walmart,44.2599983215332,44.5966682434082,43.97666549682617,44.18333435058594,42.1678466796875,22460700
2022-09-01,WMT,Walmart,44.18000030517578,45.04666519165039,44.133331298828125,44.82666778564453,42.781829833984375,21741900
2022-09-02,WMT,Walmart,44.95000076293945,45.223331451416016,44.14666748046875,44.33333206176758,42.310997009277344,17234400
2022-09-06,WMT,Walmart,44.349998474121094,44.540000915527344,43.573333740234375,44.11333465576172,42.10104751586914,21899700
2022-09-07,WMT,Walmart,44.35333251953125,45.323333740234375,44.246665954589844,45.246665954589844,43.18267059326172,17058900
2022-09-08,WMT,Walmart,45.133331298828125,45.62333297729492,44.959999084472656,45.47666549682617,43.40217971801758,16956000
2022-09-09,WMT,Walmart,45.43333435058594,45.83333206176758,45.37666702270508,45.61333465576172,43.532615661621094,16140600
2022-09-12,WMT,Walmart,45.69333267211914,46.08333206176758,45.65666580200195,46.02333450317383,43.92390823364258,14284500
2022-09-13,WMT,Walmart,45.619998931884766,45.983333587646484,44.936668395996094,45.073333740234375,43.017250061035156,17687400
2022-09-14,WMT,Walmart,45.209999084472656,45.5099983215332,44.70000076293945,44.973331451416016,42.92181396484375,19934700
2022-09-15,WMT,Walmart,45.016666412353516,45.04999923706055,44.323333740234375,44.4900016784668,42.46052551269531,20189400
2022-09-16,WMT,Walmart,44.0,44.849998474121094,43.7599983215332,44.39666748046875,42.37145233154297,41874300
2022-09-19,WMT,Walmart,44.27333450317383,44.91999816894531,44.15666580200195,44.776668548583984,42.73411560058594,16853100
2022-09-20,WMT,Walmart,44.49333190917969,44.62666702270508,44.18000030517578,44.516666412353516,42.4859733581543,13963500
2022-09-21,WMT,Walmart,45.14666748046875,45.81666564941406,44.87333297729492,44.92333221435547,42.874088287353516,24903600
2022-09-22,WMT,Walmart,44.856666564941406,44.90666580200195,44.279998779296875,44.46333312988281,42.43506622314453,16744500
2022-09-23,WMT,Walmart,44.290000915527344,44.393333435058594,42.92333221435547,43.35333251953125,41.375701904296875,27195300
2022-09-26,WMT,Walmart,42.91666793823242,44.04666519165039,42.75666809082031,43.77000045776367,41.77336502075195,23011200
2022-09-27,WMT,Walmart,44.07666778564453,44.47666549682617,43.43333435058594,43.650001525878906,41.65884780883789,17171700
2022-09-28,WMT,Walmart,43.8033332824707,44.54999923706055,43.2400016784668,44.369998931884766,42.34600067138672,16838400
2022-09-29,WMT,Walmart,44.5,44.706668853759766,43.87666702270508,44.08333206176758,42.07240676879883,15241500
2022-09-30,WMT,Walmart,44.08000183105469,44.119998931884766,43.233333587646484,43.233333587646484,41.26118469238281,19602300
2022-10-03,WMT,Walmart,43.413333892822266,44.26333236694336,43.336666107177734,44.176666259765625,42.16147994995117,17574900
2022-10-04,WMT,Walmart,44.619998931884766,45.06666564941406,44.456668853759766,44.75,42.70866775512695,16134300
2022-10-05,WMT,Walmart,44.586666107177734,44.87333297729492,44.16999816894531,44.30666732788086,42.28554916381836,14553900
2022-10-06,WMT,Walmart,44.36000061035156,44.82666778564453,43.86000061035156,43.893333435058594,41.891075134277344,14200500
2022-10-07,WMT,Walmart,43.77000045776367,43.883331298828125,42.689998626708984,42.85333251953125,40.89851379394531,17080500
2022-10-10,WMT,Walmart,43.176666259765625,43.310001373291016,42.7599983215332,43.106666564941406,41.140296936035156,11411700
2022-10-11,WMT,Walmart,43.16999816894531,44.599998474121094,43.1533317565918,44.223331451416016,42.206024169921875,21276000
2022-10-12,WMT,Walmart,44.336666107177734,44.92333221435547,43.65666580200195,43.723331451416016,41.72882843017578,16947600
2022-10-13,WMT,Walmart,43.09333419799805,44.313331604003906,42.790000915527344,44.09333419799805,42.081947326660156,20545500
2022-10-14,WMT,Walmart,44.14666748046875,44.40666580200195,43.349998474121094,43.47666549682617,41.493412017822266,16641000
2022-10-17,WMT,Walmart,43.6533317565918,44.276668548583984,43.529998779296875,43.790000915527344,41.792449951171875,17812500
2022-10-18,WMT,Walmart,44.47666549682617,45.03333282470703,44.44333267211914,44.71333312988281,42.673675537109375,16842300
2022-10-19,WMT,Walmart,44.776668548583984,44.90999984741211,44.323333740234375,44.586666107177734,42.55277633666992,11339400
2022-10-20,WMT,Walmart,44.65999984741211,45.133331298828125,44.54999923706055,44.6966667175293,42.65775680541992,12754800
2022-10-21,WMT,Walmart,44.936668395996094,45.8033332824707,44.66666793823242,45.599998474121094,43.5198860168457,18134700
2022-10-24,WMT,Walmart,45.81666564941406,46.82666778564453,45.709999084472656,46.470001220703125,44.35020065307617,18806700
2022-10-25,WMT,Walmart,46.36333465576172,46.813331604003906,46.106666564941406,46.689998626708984,44.56016540527344,15051300
2022-10-26,WMT,Walmart,46.78666687011719,47.3466682434082,46.606666564941406,47.04666519165039,44.90055847167969,20754300
2022-10-27,WMT,Walmart,47.003334045410156,47.366668701171875,46.76333236694336,46.90999984741211,44.77012634277344,16602900
2022-10-28,WMT,Walmart,46.68333435058594,47.633331298828125,46.68000030517578,47.503334045410156,45.33639907836914,13648200
2022-10-31,WMT,Walmart,47.4466667175293,47.689998626708984,47.25666809082031,47.44333267211914,45.279136657714844,22572000
2022-11-01,WMT,Walmart,47.65666580200195,47.849998474121094,47.16666793823242,47.22999954223633,45.07553482055664,14814300
2022-11-02,WMT,Walmart,47.0533332824707,47.856666564941406,46.900001525878906,46.91666793823242,44.77649688720703,15522000
2022-11-03,WMT,Walmart,46.503334045410156,47.23666763305664,46.36000061035156,46.90666580200195,44.76694869995117,10976400
2022-11-04,WMT,Walmart,47.34333419799805,47.4033317565918,46.26333236694336,46.9900016784668,44.84647750854492,14669400
2022-11-07,WMT,Walmart,47.086666107177734,47.65666580200195,47.086666107177734,47.483333587646484,45.31731033325195,11364000
2022-11-08,WMT,Walmart,47.526668548583984,48.02333450317383,47.16999816894531,47.5966682434082,45.425472259521484,15068400
2022-11-09,WMT,Walmart,47.586666107177734,47.720001220703125,46.4033317565918,46.4900016784668,44.369293212890625,15932100
2022-11-10,WMT,Walmart,47.503334045410156,47.563331604003906,46.83333206176758,47.45333480834961,45.2886848449707,20310600
2022-11-11,WMT,Walmart,47.55666732788086,47.706668853759766,46.663333892822266,47.526668548583984,45.358673095703125,19270800
2022-11-14,WMT,Walmart,47.21333312988281,47.77333450317383,46.09000015258789,46.130001068115234,44.025718688964844,37525800
2022-11-15,WMT,Walmart,48.53666687011719,50.09000015258789,48.18333435058594,49.14666748046875,46.90476608276367,76548600
2022-11-16,WMT,Walmart,49.293331146240234,50.06666564941406,49.040000915527344,49.5,47.241981506347656,32593200
2022-11-17,WMT,Walmart,49.003334045410156,49.57666778564453,48.9033317565918,49.33333206176758,47.082916259765625,24791400
2022-11-18,WMT,Walmart,49.88999938964844,50.08000183105469,49.59000015258789,50.07666778564453,47.7923469543457,18987000
2022-11-21,WMT,Walmart,50.20333480834961,50.71333312988281,50.063331604003906,50.383331298828125,48.085018157958984,21157200
2022-11-22,WMT,Walmart,50.66666793823242,50.81666564941406,50.37333297729492,50.563331604003906,48.25680160522461,16898400
2022-11-23,WMT,Walmart,50.69333267211914,51.12333297729492,50.62666702270508,50.80666732788086,48.489051818847656,16920600
2022-11-25,WMT,Walmart,50.706668853759766,51.029998779296875,50.619998931884766,51.02333450317383,48.69582748413086,8777400
2022-11-28,WMT,Walmart,50.90666580200195,51.54666519165039,50.90666580200195,51.16999816894531,48.8358039855957,17674800
2022-11-29,WMT,Walmart,51.0099983215332,51.23666763305664,50.849998474121094,50.9900016784668,48.664024353027344,13841700
2022-11-30,WMT,Walmart,50.869998931884766,50.92333221435547,50.400001525878906,50.80666732788086,48.489051818847656,31338000
2022-12-01,WMT,Walmart,50.68333435058594,51.20333480834961,50.24333190917969,51.12333297729492,48.79126739501953,22732200
2022-12-02,WMT,Walmart,50.49333190917969,51.08000183105469,50.49333190917969,51.073333740234375,48.7435417175293,20733000
2022-12-05,WMT,Walmart,50.91666793823242,51.0,50.16999816894531,50.54999923706055,48.24409103393555,23608200
2022-12-06,WMT,Walmart,50.400001525878906,50.63666534423828,49.73666763305664,49.96333312988281,47.684181213378906,20625600
2022-12-07,WMT,Walmart,50.16666793823242,50.4033317565918,49.606666564941406,49.70333480834961,47.43605041503906,17550300
2022-12-08,WMT,Walmart,49.720001220703125,49.7599983215332,49.380001068115234,49.59333419799805,47.509490966796875,13512600
2022-12-09,WMT,Walmart,49.15666580200195,49.2400016784668,48.40666580200195,48.436668395996094,46.401432037353516,27929400
2022-12-12,WMT,Walmart,48.633331298828125,49.366668701171875,48.52000045776367,49.34000015258789,47.26679992675781,19432200
2022-12-13,WMT,Walmart,50.0,50.06666564941406,48.913333892822266,49.163333892822266,47.097557067871094,23408100
2022-12-14,WMT,Walmart,49.029998779296875,49.5099983215332,48.6533317565918,48.88999938964844,46.835716247558594,20334600
2022-12-15,WMT,Walmart,48.526668548583984,48.80666732788086,47.87666702270508,48.45333480834961,46.41739273071289,17514000
2022-12-16,WMT,Walmart,48.15999984741211,48.2400016784668,47.52333450317383,47.58333206176758,45.583946228027344,40343100
2022-12-19,WMT,Walmart,47.66999816894531,47.85333251953125,47.24333190917969,47.599998474121094,45.59991455078125,15067500
2022-12-20,WMT,Walmart,47.63999938964844,48.21333312988281,47.41666793823242,48.016666412353516,45.99906921386719,17009400
2022-12-21,WMT,Walmart,48.106666564941406,48.64666748046875,48.086666107177734,48.393333435058594,46.35990905761719,13726500
2022-12-22,WMT,Walmart,48.25666809082031,48.32666778564453,47.310001373291016,47.82666778564453,45.817054748535156,13082400
2022-12-23,WMT,Walmart,47.68333435058594,47.93333435058594,47.426666259765625,47.92333221435547,45.9096565246582,9547500
2022-12-27,WMT,Walmart,48.01333236694336,48.150001525878906,47.72999954223633,47.936668395996094,45.92243194580078,10044600
2022-12-28,WMT,Walmart,47.823333740234375,47.88999938964844,46.970001220703125,47.0966682434082,45.11772918701172,15246300
2022-12-29,WMT,Walmart,47.380001068115234,47.67333221435547,47.25,47.383331298828125,45.39234924316406,9171900
2022-12-30,WMT,Walmart,47.186668395996094,47.33000183105469,46.936668395996094,47.26333236694336,45.27738571166992,11505900
2023-01-03,WMT,Walmart,47.516666412353516,47.9033317565918,47.36333465576172,47.866668701171875,45.855377197265625,17249700
2023-01-04,WMT,Walmart,47.80666732788086,48.016666412353516,47.356666564941406,47.91999816894531,45.906463623046875,13338300
2023-01-05,WMT,Walmart,47.81999969482422,48.043331146240234,47.54999923706055,47.75666809082031,45.7499885559082,13274400
2023-01-06,WMT,Walmart,48.20000076293945,49.18333435058594,48.08000183105469,48.926666259765625,46.870826721191406,21231900
2023-01-09,WMT,Walmart,48.77333450317383,49.28666687011719,48.266666412353516,48.31666564941406,46.28646469116211,17756700
2023-01-10,WMT,Walmart,48.313331604003906,48.483333587646484,47.90999984741211,48.28666687011719,46.257728576660156,11970600
2023-01-11,WMT,Walmart,48.58000183105469,48.72666549682617,48.24333190917969,48.709999084472656,46.663265228271484,14834700
2023-01-12,WMT,Walmart,48.8033332824707,48.80666732788086,48.130001068115234,48.27000045776367,46.241756439208984,12472800
2023-01-13,WMT,Walmart,48.5099983215332,48.606666564941406,47.95333480834961,48.43000030517578,46.395042419433594,13699800
2023-01-17,WMT,Walmart,48.43000030517578,48.56999969482422,48.06666564941406,48.13666534423828,46.11403274536133,15122400
2023-01-18,WMT,Walmart,48.06666564941406,48.08333206176758,46.82666778564453,46.9466667175293,44.97403335571289,22674300
2023-01-19,WMT,Walmart,47.130001068115234,47.176666259765625,46.26333236694336,46.276668548583984,44.33218002319336,17342100
2023-01-20,WMT,Walmart,46.46666717529297,46.926666259765625,46.05666732788086,46.8466682434082,44.878231048583984,29543100
2023-01-23,WMT,Walmart,46.81999969482422,47.66999816894531,46.733333587646484,47.54666519165039,45.54882049560547,13149900
2023-01-24,WMT,Walmart,48.849998474121094,48.849998474121094,47.0,47.67333221435547,45.670169830322266,13669200
2023-01-25,WMT,Walmart,47.413333892822266,47.61333465576172,46.79666519165039,47.4466667175293,45.453025817871094,12491700
2023-01-26,WMT,Walmart,47.676666259765625,47.91666793823242,47.253334045410156,47.4033317565918,45.41150665283203,15819000
2023-01-27,WMT,Walmart,47.53333282470703,48.15666580200195,47.25,47.766666412353516,45.75957107543945,18412800
2023-01-30,WMT,Walmart,47.37333297729492,47.483333587646484,47.09000015258789,47.383331298828125,45.39234924316406,15897600
2023-01-31,WMT,Walmart,47.439998626708984,47.959999084472656,47.220001220703125,47.956668853759766,45.941593170166016,14103600
2023-02-01,WMT,Walmart,47.88666534423828,48.53666687011719,47.56666564941406,48.223331451416016,46.197052001953125,12849300
2023-02-02,WMT,Walmart,48.13666534423828,48.28666687011719,47.64666748046875,47.87333297729492,45.861751556396484,17806800
2023-02-03,WMT,Walmart,47.78666687011719,47.98666763305664,46.95333480834961,47.23666763305664,45.25185012817383,17155500
2023-02-06,WMT,Walmart,47.27333450317383,47.366668701171875,46.676666259765625,46.893333435058594,44.922943115234375,17454000
2023-02-07,WMT,Walmart,46.59000015258789,47.099998474121094,46.22999954223633,46.99333190917969,45.01873016357422,16341300
2023-02-08,WMT,Walmart,46.776668548583984,47.03333282470703,46.663333892822266,46.7400016784668,44.77605438232422,11691300
2023-02-09,WMT,Walmart,46.956668853759766,47.313331604003906,46.856666564941406,47.17333221435547,45.19117736816406,13064400
2023-02-10,WMT,Walmart,47.6966667175293,47.97999954223633,47.38999938964844,47.90666580200195,45.89369201660156,15002700
2023-02-13,WMT,Walmart,48.23666763305664,48.706668853759766,48.16999816894531,48.63666534423828,46.59300994873047,16015800
2023-02-14,WMT,Walmart,48.57666778564453,49.043331146240234,48.186668395996094,48.496665954589844,46.45890808105469,13831200
2023-02-15,WMT,Walmart,48.31999969482422,48.866668701171875,48.186668395996094,48.856666564941406,46.80377197265625,14674200
2023-02-16,WMT,Walmart,48.49333190917969,48.663333892822266,48.060001373291016,48.09000015258789,46.06932067871094,16312200
2023-02-17,WMT,Walmart,48.369998931884766,48.89666748046875,48.189998626708984,48.813331604003906,46.76226806640625,24770700
2023-02-21,WMT,Walmart,47.62666702270508,49.4466667175293,47.383331298828125,49.11000061035156,47.04645919799805,54393900
2023-02-22,WMT,Walmart,48.92333221435547,49.189998626708984,47.586666107177734,48.08000183105469,46.059749603271484,29844000
2023-02-23,WMT,Walmart,48.12333297729492,48.12333297729492,46.9033317565918,47.36333465576172,45.37318801879883,22021200
2023-02-24,WMT,Walmart,46.9466667175293,47.58000183105469,46.5099983215332,47.4900016784668,45.49454116821289,20623500
2023-02-27,WMT,Walmart,47.56999969482422,47.6966667175293,46.88666534423828,47.14666748046875,45.16562271118164,16647300
2023-02-28,WMT,Walmart,47.0,47.54999923706055,46.983333587646484,47.37666702270508,45.385963439941406,18054000
2023-03-01,WMT,Walmart,47.02000045776367,47.09333419799805,46.456668853759766,46.71666717529297,44.753692626953125,14180100
2023-03-02,WMT,Walmart,46.61333465576172,46.913333892822266,46.5,46.83333206176758,44.86545944213867,14785500
2023-03-03,WMT,Walmart,47.01333236694336,47.063331604003906,46.59000015258789,46.88999938964844,44.919734954833984,16888800
2023-03-06,WMT,Walmart,46.83333206176758,46.99333190917969,46.67333221435547,46.883331298828125,44.913352966308594,16720800
2023-03-07,WMT,Walmart,47.060001373291016,47.22666549682617,46.26333236694336,46.41666793823242,44.46630859375,17387400
2023-03-08,WMT,Walmart,46.186668395996094,46.30666732788086,45.7599983215332,46.03333282470703,44.09907531738281,19090800
2023-03-09,WMT,Walmart,46.276668548583984,46.32666778564453,45.63999938964844,45.723331451416016,43.80209732055664,15415800
2023-03-10,WMT,Walmart,45.67333221435547,46.09333419799805,45.36333465576172,45.65666580200195,43.73823165893555,20065200
2023-03-13,WMT,Walmart,45.560001373291016,46.16666793823242,45.526668548583984,45.790000915527344,43.865970611572266,28142100
2023-03-14,WMT,Walmart,45.89666748046875,46.09000015258789,45.66666793823242,46.03333282470703,44.09907531738281,25542600
2023-03-15,WMT,Walmart,45.630001068115234,46.60333251953125,45.56999969482422,46.54666519165039,44.59083557128906,33133500
2023-03-16,WMT,Walmart,46.47666549682617,46.54999923706055,45.959999084472656,46.09333419799805,44.33753204345703,28905600
2023-03-17,WMT,Walmart,46.063331604003906,46.496665954589844,45.86333465576172,46.46666717529297,44.6966438293457,43081200
2023-03-20,WMT,Walmart,46.70000076293945,47.30666732788086,46.60333251953125,46.96666717529297,45.17760467529297,33928500
2023-03-21,WMT,Walmart,47.130001068115234,47.130001068115234,46.5099983215332,46.80666732788086,45.02369689941406,19013400
2023-03-22,WMT,Walmart,46.880001068115234,47.073333740234375,46.48666763305664,46.50666809082031,44.735130310058594,18548400
2023-03-23,WMT,Walmart,46.733333587646484,47.20333480834961,46.496665954589844,46.883331298828125,45.097434997558594,22044300
2023-03-24,WMT,Walmart,47.003334045410156,47.4900016784668,46.866668701171875,47.266666412353516,45.466163635253906,22752300
2023-03-27,WMT,Walmart,47.5966682434082,48.32666778564453,47.59333419799805,48.05666732788086,46.2260856628418,26775600
2023-03-28,WMT,Walmart,47.883331298828125,48.13666534423828,47.68333435058594,47.869998931884766,46.04652786254883,21282900
2023-03-29,WMT,Walmart,48.12333297729492,48.31999969482422,47.81666564941406,48.07666778564453,46.245323181152344,24216900
2023-03-30,WMT,Walmart,48.5,48.866668701171875,48.34000015258789,48.55666732788086,46.7070426940918,21879000
2023-03-31,WMT,Walmart,48.86000061035156,49.47999954223633,48.823333740234375,49.150001525878906,47.27776336669922,20868000
2023-04-03,WMT,Walmart,49.24333190917969,49.650001525878906,49.16666793823242,49.563331604003906,47.67535400390625,19766700
2023-04-04,WMT,Walmart,49.5099983215332,49.5966682434082,49.00666809082031,49.07666778564453,47.20722961425781,18113700
2023-04-05,WMT,Walmart,49.05666732788086,49.959999084472656,49.04666519165039,49.88999938964844,47.98957443237305,26540700
2023-04-06,WMT,Walmart,49.599998474121094,50.3466682434082,49.50666809082031,50.266666412353516,48.351898193359375,17891700
2023-04-10,WMT,Walmart,50.119998931884766,50.37333297729492,49.92333221435547,50.16999816894531,48.258907318115234,14519100
2023-04-11,WMT,Walmart,50.33333206176758,50.33333206176758,49.87333297729492,50.02333450317383,48.117828369140625,18370500
2023-04-12,WMT,Walmart,49.93000030517578,50.323333740234375,49.723331451416016,49.779998779296875,47.883766174316406,11209800
2023-04-13,WMT,Walmart,49.883331298828125,50.0,49.400001525878906,49.83000183105469,47.9318733215332,13272600
2023-04-14,WMT,Walmart,49.676666259765625,49.96333312988281,49.383331298828125,49.49333190917969,47.6080207824707,10464900
2023-04-17,WMT,Walmart,49.54666519165039,49.88999938964844,49.5,49.84000015258789,47.94148635864258,16166700
2023-04-18,WMT,Walmart,49.926666259765625,50.11333465576172,49.813331604003906,49.95000076293945,48.04729080200195,13482300
2023-04-19,WMT,Walmart,50.279998779296875,50.470001220703125,49.92333221435547,50.003334045410156,48.098602294921875,12433500
2023-04-20,WMT,Walmart,50.06999969482422,50.46333312988281,49.866668701171875,50.323333740234375,48.40640640258789,13641600
2023-04-21,WMT,Walmart,50.6533317565918,50.766666412353516,50.393333435058594,50.57666778564453,48.650089263916016,25335000
2023-04-24,WMT,Walmart,50.56999969482422,50.983333587646484,50.56999969482422,50.91999816894531,48.9803466796875,13579500
2023-04-25,WMT,Walmart,51.0966682434082,51.25,50.44333267211914,50.52333450317383,48.59878158569336,17246700
2023-04-26,WMT,Walmart,50.32666778564453,50.470001220703125,50.073333740234375,50.3033332824707,48.38716506958008,12910200
2023-04-27,WMT,Walmart,50.2599983215332,50.64666748046875,50.2599983215332,50.459999084472656,48.537872314453125,12861000
2023-04-28,WMT,Walmart,50.43000030517578,50.723331451416016,50.060001373291016,50.323333740234375,48.40640640258789,14088600
2023-05-01,WMT,Walmart,50.3466682434082,50.8466682434082,50.310001373291016,50.529998779296875,48.605194091796875,11409600
2023-05-02,WMT,Walmart,50.4900016784668,50.496665954589844,49.81999969482422,50.393333435058594,48.473731994628906,11329500
2023-05-03,WMT,Walmart,50.52000045776367,50.70000076293945,50.09000015258789,50.206668853759766,48.294185638427734,12334500
2023-05-04,WMT,Walmart,50.18333435058594,50.33000183105469,49.83000183105469,50.15666580200195,48.429359436035156,14011200
2023-05-05,WMT,Walmart,50.099998474121094,50.66999816894531,49.94333267211914,50.59000015258789,48.84777069091797,14556000
2023-05-08,WMT,Walmart,50.42333221435547,50.983333587646484,50.35333251953125,50.90666580200195,49.15353012084961,14926200
2023-05-09,WMT,Walmart,50.90666580200195,51.060001373291016,50.779998779296875,50.99333190917969,49.23721694946289,15209700
2023-05-10,WMT,Walmart,51.22999954223633,51.45000076293945,50.40999984741211,50.849998474121094,49.09881591796875,15827700
2023-05-11,WMT,Walmart,50.849998474121094,51.09000015258789,50.66666793823242,51.040000915527344,49.28226852416992,11926800
2023-05-12,WMT,Walmart,51.20000076293945,51.356666564941406,50.9033317565918,51.02333450317383,49.26618576049805,16119300
2023-05-15,WMT,Walmart,51.16666793823242,51.28333282470703,50.459999084472656,50.62666702270508,48.883182525634766,16113900
2023-05-16,WMT,Walmart,50.28333282470703,50.5099983215332,49.856666564941406,49.926666259765625,48.2072868347168,15512100
2023-05-17,WMT,Walmart,50.380001068115234,50.383331298828125,49.56999969482422,49.84333419799805,48.12681579589844,26985900
2023-05-18,WMT,Walmart,50.599998474121094,51.43000030517578,49.983333587646484,50.4900016784668,48.751216888427734,46768500
2023-05-19,WMT,Walmart,50.46666717529297,50.48666763305664,49.70333480834961,49.970001220703125,48.249122619628906,27594000
2023-05-22,WMT,Walmart,49.900001525878906,50.026668548583984,49.43000030517578,49.529998779296875,47.82427215576172,16117800
2023-05-23,WMT,Walmart,49.336666107177734,49.619998931884766,49.026668548583984,49.436668395996094,47.73416519165039,16302300
2023-05-24,WMT,Walmart,49.503334045410156,49.51333236694336,48.766666412353516,49.209999084472656,47.51530075073242,20515200
2023-05-25,WMT,Walmart,48.959999084472656,49.14666748046875,48.36333465576172,48.720001220703125,47.04216766357422,21299100
2023-05-26,WMT,Walmart,48.56666564941406,48.939998626708984,48.4900016784668,48.80666732788086,47.12584686279297,15720900
2023-05-30,WMT,Walmart,48.766666412353516,49.0966682434082,48.53333282470703,48.686668395996094,47.00999069213867,15742500
2023-05-31,WMT,Walmart,48.473331451416016,49.10333251953125,48.336666107177734,48.956668853759766,47.27069091796875,30130800
2023-06-01,WMT,Walmart,48.73666763305664,49.29999923706055,48.64666748046875,49.13666534423828,47.44448471069336,20239200
2023-06-02,WMT,Walmart,49.073333740234375,49.66999816894531,49.03333282470703,49.606666564941406,47.89829635620117,19178100
2023-06-05,WMT,Walmart,49.790000915527344,50.41666793823242,49.790000915527344,49.93333435058594,48.21371841430664,15553200
2023-06-06,WMT,Walmart,49.900001525878906,50.063331604003906,49.503334045410156,49.926666259765625,48.2072868347168,15015600
2023-06-07,WMT,Walmart,49.75,50.119998931884766,49.68000030517578,50.0,48.27808380126953,24256500
2023-06-08,WMT,Walmart,50.130001068115234,50.810001373291016,49.93000030517578,50.723331451416016,48.97651290893555,18873000
2023-06-09,WMT,Walmart,50.720001220703125,51.2400016784668,50.53333282470703,51.029998779296875,49.272613525390625,15603900
2023-06-12,WMT,Walmart,51.143333435058594,51.43333435058594,51.05666732788086,51.366668701171875,49.59769058227539,14713500
2023-06-13,WMT,Walmart,51.50666809082031,51.836666107177734,51.356666564941406,51.766666412353516,49.98391342163086,15738900
2023-06-14,WMT,Walmart,51.970001220703125,52.44333267211914,51.869998931884766,52.290000915527344,50.489227294921875,21103200
2023-06-15,WMT,Walmart,52.33333206176758,52.74333190917969,52.32666778564453,52.57666778564453,50.76602554321289,18160500
2023-06-16,WMT,Walmart,52.69333267211914,52.71666717529297,51.7599983215332,51.84333419799805,50.05793762207031,34675800
2023-06-20,WMT,Walmart,51.56666564941406,51.81666564941406,51.293331146240234,51.38666534423828,49.617000579833984,19994400
2023-06-21,WMT,Walmart,51.4033317565918,51.779998779296875,51.119998931884766,51.48666763305664,49.713558197021484,19251000
2023-06-22,WMT,Walmart,51.65999984741211,52.026668548583984,51.49333190917969,51.91666793823242,50.128753662109375,13307400
2023-06-23,WMT,Walmart,51.959999084472656,52.0966682434082,51.67333221435547,51.81999969482422,50.03541946411133,18975000
2023-06-26,WMT,Walmart,51.883331298828125,51.926666259765625,51.439998626708984,51.68333435058594,49.9034538269043,14106300
2023-06-27,WMT,Walmart,51.383331298828125,51.95000076293945,51.35333251953125,51.496665954589844,49.723209381103516,12093600
2023-06-28,WMT,Walmart,51.57666778564453,51.893333435058594,51.54666519165039,51.776668548583984,49.99357223510742,18889800
2023-06-29,WMT,Walmart,51.503334045410156,51.58333206176758,51.04666519165039,51.426666259765625,49.6556282043457,21530400
2023-06-30,WMT,Walmart,51.65666580200195,52.5099983215332,51.59333419799805,52.393333435058594,50.58900451660156,19073100
2023-07-03,WMT,Walmart,52.27000045776367,52.813331604003906,52.11000061035156,52.733333587646484,50.917293548583984,8647500
2023-07-05,WMT,Walmart,52.720001220703125,53.040000915527344,52.4466667175293,52.70333480834961,50.88833236694336,17585400
2023-07-06,WMT,Walmart,52.643333435058594,52.72666549682617,52.290000915527344,52.369998931884766,50.566471099853516,14427000
2023-07-07,WMT,Walmart,51.936668395996094,52.0966682434082,51.150001525878906,51.163333892822266,49.401363372802734,19774800
2023-07-10,WMT,Walmart,51.52000045776367,51.83333206176758,51.439998626708984,51.62666702270508,49.84873580932617,12967800
2023-07-11,WMT,Walmart,51.59000015258789,51.836666107177734,51.28666687011719,51.54999923706055,49.77470779418945,11460900
2023-07-12,WMT,Walmart,51.77000045776367,51.96333312988281,51.606666564941406,51.68000030517578,49.90023422241211,16509900
2023-07-13,WMT,Walmart,51.810001373291016,51.866668701171875,51.22999954223633,51.37666702270508,49.60735321044922,11859600
2023-07-14,WMT,Walmart,51.37333297729492,51.55666732788086,51.19333267211914,51.5533332824707,49.777931213378906,10427400
2023-07-17,WMT,Walmart,51.46666717529297,51.65999984741211,51.27333450317383,51.616668701171875,49.83908462524414,10135200
2023-07-18,WMT,Walmart,51.55666732788086,51.88666534423828,51.28666687011719,51.52333450317383,49.748958587646484,13437300
2023-07-19,WMT,Walmart,51.599998474121094,51.733333587646484,51.25,51.540000915527344,49.76504898071289,12372900
2023-07-20,WMT,Walmart,51.643333435058594,52.516666412353516,51.633331298828125,52.49333190917969,50.6855583190918,14987700
2023-07-21,WMT,Walmart,52.633331298828125,52.926666259765625,52.47999954223633,52.790000915527344,50.972007751464844,16960500
2023-07-24,WMT,Walmart,52.81666564941406,53.15999984741211,52.52000045776367,53.099998474121094,51.271324157714844,12529800
2023-07-25,WMT,Walmart,53.48666763305664,53.503334045410156,52.7599983215332,53.05666732788086,51.229488372802734,15553800
2023-07-26,WMT,Walmart,53.08000183105469,53.563331604003906,52.97999954223633,53.246665954589844,51.4129524230957,15094200
2023-07-27,WMT,Walmart,53.36000061035156,53.54666519165039,53.043331146240234,53.0533332824707,51.22626495361328,13400400
2023-07-28,WMT,Walmart,53.0966682434082,53.64666748046875,53.0966682434082,53.3033332824707,51.4676628112793,11020200
2023-07-31,WMT,Walmart,53.31999969482422,53.54666519165039,52.970001220703125,53.28666687011719,51.451568603515625,13033200
2023-08-01,WMT,Walmart,53.31666564941406,53.483333587646484,52.98666763305664,53.03666687011719,51.210182189941406,11782500
2023-08-02,WMT,Walmart,52.84333419799805,53.47666549682617,52.84333419799805,53.073333740234375,51.24558639526367,12660000
2023-08-03,WMT,Walmart,53.00666809082031,53.16666793823242,52.836666107177734,53.086666107177734,51.258453369140625,13202700
2023-08-04,WMT,Walmart,53.253334045410156,53.41666793823242,52.6533317565918,52.779998779296875,50.96234893798828,14262000
2023-08-07,WMT,Walmart,53.16666793823242,53.73666763305664,53.03666687011719,53.496665954589844,51.65434265136719,14268900
2023-08-08,WMT,Walmart,53.663333892822266,53.87333297729492,53.16999816894531,53.54999923706055,51.70583724975586,11017500
2023-08-09,WMT,Walmart,53.63666534423828,54.03333282470703,53.56999969482422,53.63666534423828,51.789520263671875,13209600
2023-08-10,WMT,Walmart,53.5966682434082,53.91666793823242,53.34333419799805,53.41999816894531,51.7636833190918,15169500
2023-08-11,WMT,Walmart,53.516666412353516,53.94333267211914,53.366668701171875,53.733333587646484,52.067298889160156,14195100
2023-08-14,WMT,Walmart,54.0,54.2599983215332,53.060001373291016,53.33333206176758,51.67969512939453,20813700
2023-08-15,WMT,Walmart,53.18000030517578,53.5966682434082,52.973331451416016,53.060001373291016,51.41484069824219,14559300
2023-08-16,WMT,Walmart,53.293331146240234,53.65666580200195,52.790000915527344,53.086666107177734,51.440670013427734,26980800
2023-08-17,WMT,Walmart,53.633331298828125,53.71333312988281,51.67333221435547,51.89666748046875,50.28757858276367,53614200
2023-08-18,WMT,Walmart,51.77000045776367,53.223331451416016,51.77000045776367,52.643333435058594,51.011085510253906,27954900
2023-08-21,WMT,Walmart,52.543331146240234,52.9466667175293,52.3466682434082,52.503334045410156,50.87543487548828,15679200
2023-08-22,WMT,Walmart,52.323333740234375,52.436668395996094,52.08000183105469,52.336666107177734,50.713932037353516,16670700
2023-08-23,WMT,Walmart,52.20333480834961,52.79999923706055,52.16999816894531,52.70000076293945,51.06599807739258,14210400
2023-08-24,WMT,Walmart,52.709999084472656,53.07666778564453,52.27333450317383,52.29666519165039,50.675174713134766,14033100
2023-08-25,WMT,Walmart,52.393333435058594,52.68000030517578,52.18000030517578,52.606666564941406,50.97555923461914,12267000
2023-08-28,WMT,Walmart,52.619998931884766,52.94333267211914,52.619998931884766,52.90666580200195,51.26625442504883,11871000
2023-08-29,WMT,Walmart,53.0,53.40999984741211,52.95333480834961,53.349998474121094,51.69584274291992,12702300
2023-08-30,WMT,Walmart,53.46666717529297,53.76333236694336,53.30666732788086,53.733333587646484,52.067298889160156,10967700
2023-08-31,WMT,Walmart,53.706668853759766,54.33000183105469,53.6533317565918,54.20333480834961,52.522727966308594,19582800
2023-09-01,WMT,Walmart,54.290000915527344,54.31999969482422,53.383331298828125,53.856666564941406,52.186805725097656,12553500
2023-09-05,WMT,Walmart,53.95000076293945,54.266666412353516,53.393333435058594,53.42333221435547,51.76690673828125,15209400
2023-09-06,WMT,Walmart,53.46666717529297,54.05666732788086,53.3033332824707,53.823333740234375,52.15450668334961,14594700
2023-09-07,WMT,Walmart,54.0,54.49333190917969,53.83000183105469,54.4900016784668,52.800506591796875,19120800
2023-09-08,WMT,Walmart,54.49333190917969,54.619998931884766,54.356666564941406,54.59000015258789,52.897396087646484,12667200
2023-09-11,WMT,Walmart,54.66666793823242,54.82666778564453,54.5533332824707,54.779998779296875,53.081504821777344,11912100
2023-09-12,WMT,Walmart,54.83333206176758,54.97666549682617,54.68000030517578,54.84000015258789,53.1396484375,11757300
2023-09-13,WMT,Walmart,54.97666549682617,55.28333282470703,54.790000915527344,54.85333251953125,53.15256881713867,14364300
2023-09-14,WMT,Walmart,55.0,55.246665954589844,54.8033332824707,55.08333206176758,53.37543869018555,14923800
2023-09-15,WMT,Walmart,55.06999969482422,55.220001220703125,54.59000015258789,54.880001068115234,53.178409576416016,63925200
2023-09-18,WMT,Walmart,54.893333435058594,55.06666564941406,54.41666793823242,54.473331451416016,52.78435134887695,12997800
2023-09-19,WMT,Walmart,54.459999084472656,54.59333419799805,54.116668701171875,54.459999084472656,52.77143096923828,14019600
2023-09-20,WMT,Walmart,54.53333282470703,54.9033317565918,54.31999969482422,54.63666534423828,52.94261932373047,10120800
2023-09-21,WMT,Walmart,54.753334045410156,54.83333206176758,53.93000030517578,53.973331451416016,52.29985046386719,18782400
2023-09-22,WMT,Walmart,54.07666778564453,54.40999984741211,53.973331451416016,54.116668701171875,52.43874740600586,13215000
2023-09-25,WMT,Walmart,54.12333297729492,54.369998931884766,53.956668853759766,54.356666564941406,52.67129898071289,10459500
2023-09-26,WMT,Walmart,54.313331604003906,54.51333236694336,54.116668701171875,54.16666793823242,52.4871940612793,14435700
2023-09-27,WMT,Walmart,54.0,54.07666778564453,53.43000030517578,53.90666580200195,52.235252380371094,15711000
2023-09-28,WMT,Walmart,54.0,54.276668548583984,53.86333465576172,54.18000030517578,52.5001106262207,11617200
2023-09-29,WMT,Walmart,54.34333419799805,54.37666702270508,53.063331604003906,53.310001373291016,51.6570930480957,18842400
2023-10-02,WMT,Walmart,53.163333892822266,53.42333221435547,52.77000045776367,53.366668701171875,51.71199417114258,12992700
2023-10-03,WMT,Walmart,53.22999954223633,53.58333206176758,52.893333435058594,53.029998779296875,51.38576889038086,11253300
2023-10-04,WMT,Walmart,53.21666717529297,53.68333435058594,53.003334045410156,53.66666793823242,52.00269317626953,15755700
2023-10-05,WMT,Walmart,53.483333587646484,53.6533317565918,53.0,53.026668548583984,51.38253402709961,14269500
2023-10-06,WMT,Walmart,52.883331298828125,52.996665954589844,50.54999923706055,52.13666534423828,50.52013397216797,42616200
2023-10-09,WMT,Walmart,51.69333267211914,51.95000076293945,51.086666107177734,51.9466667175293,50.336029052734375,21022500
2023-10-10,WMT,Walmart,52.07666778564453,52.69333267211914,51.88666534423828,52.53333282470703,50.904502868652344,16014300
2023-10-11,WMT,Walmart,52.753334045410156,53.163333892822266,52.3466682434082,52.74333190917969,51.10799026489258,12026100
2023-10-12,WMT,Walmart,52.84333419799805,53.10333251953125,52.59000015258789,52.983333587646484,51.340553283691406,13514100
2023-10-13,WMT,Walmart,53.086666107177734,53.48666763305664,52.96666717529297,53.276668548583984,51.624794006347656,13809000
2023-10-16,WMT,Walmart,53.51333236694336,54.026668548583984,53.439998626708984,53.73666763305664,52.070526123046875,14348100
2023-10-17,WMT,Walmart,53.58000183105469,53.9033317565918,53.46333312988281,53.80666732788086,52.13835144042969,10893000
2023-10-18,WMT,Walmart,53.959999084472656,54.119998931884766,53.573333740234375,53.8466682434082,52.17711639404297,10559100
2023-10-19,WMT,Walmart,53.810001373291016,53.939998626708984,53.40666580200195,53.59000015258789,51.92840576171875,11745900
2023-10-20,WMT,Walmart,53.61000061035156,53.70000076293945,52.9033317565918,52.91999816894531,51.279178619384766,15056700
2023-10-23,WMT,Walmart,52.90999984741211,53.78333282470703,52.67333221435547,53.66999816894531,52.005924224853516,17097000
2023-10-24,WMT,Walmart,53.79999923706055,54.49333190917969,53.79666519165039,54.41666793823242,52.72944259643555,17535000
2023-10-25,WMT,Walmart,54.38666534423828,54.776668548583984,54.15666580200195,54.253334045410156,52.5711669921875,16621800
2023-10-26,WMT,Walmart,54.23666763305664,54.616668701171875,53.869998931884766,53.92333221435547,52.251407623291016,16220100
2023-10-27,WMT,Walmart,53.82666778564453,53.9900016784668,53.516666412353516,53.723331451416016,52.0576057434082,13829700
2023-10-30,WMT,Walmart,53.81999969482422,54.41999816894531,53.5966682434082,54.34000015258789,52.6551513671875,12653700
2023-10-31,WMT,Walmart,54.33333206176758,54.540000915527344,53.983333587646484,54.470001220703125,52.7811164855957,14168400
2023-11-01,WMT,Walmart,54.73666763305664,55.12666702270508,54.32666778564453,54.956668853759766,53.25270080566406,14899500
2023-11-02,WMT,Walmart,54.793331146240234,55.39666748046875,54.543331146240234,55.17333221435547,53.462646484375,15492300
2023-11-03,WMT,Walmart,55.293331146240234,55.43333435058594,54.83333206176758,54.88666534423828,53.18486785888672,17240100
2023-11-06,WMT,Walmart,54.83333206176758,55.209999084472656,54.689998626708984,54.959999084472656,53.25592803955078,14529000
2023-11-07,WMT,Walmart,55.25666809082031,55.53666687011719,55.11000061035156,55.21666717529297,53.504638671875,15023400
2023-11-08,WMT,Walmart,55.279998779296875,55.426666259765625,54.526668548583984,54.766666412353516,53.0685920715332,15591900
2023-11-09,WMT,Walmart,54.790000915527344,54.84000015258789,54.41666793823242,54.63999938964844,52.94585037231445,15080100
2023-11-10,WMT,Walmart,54.849998474121094,55.47999954223633,54.633331298828125,55.39666748046875,53.67905807495117,14319900
2023-11-13,WMT,Walmart,55.459999084472656,55.956668853759766,55.349998474121094,55.893333435058594,54.16032028198242,15408900
2023-11-14,WMT,Walmart,56.05666732788086,56.383331298828125,55.75,55.883331298828125,54.150634765625,19792500
2023-11-15,WMT,Walmart,56.12666702270508,56.64666748046875,55.836666107177734,56.59333419799805,54.838619232177734,35769900
2023-11-16,WMT,Walmart,52.91666793823242,53.150001525878906,51.83333206176758,52.01333236694336,50.40061569213867,97658700
2023-11-17,WMT,Walmart,51.983333587646484,52.51333236694336,51.66999816894531,51.78333282470703,50.177757263183594,42487800
2023-11-20,WMT,Walmart,51.8466682434082,52.003334045410156,51.66999816894531,51.766666412353516,50.1616096496582,26663100
2023-11-21,WMT,Walmart,51.81999969482422,52.28333282470703,51.37666702270508,51.95333480834961,50.34248733520508,29382300
2023-11-22,WMT,Walmart,51.90666580200195,52.016666412353516,51.459999084472656,51.55666732788086,49.95811462402344,26416500
2023-11-24,WMT,Walmart,51.71666717529297,52.043331146240234,51.56666564941406,52.02000045776367,50.40708923339844,13975200
2023-11-27,WMT,Walmart,51.983333587646484,52.45333480834961,51.983333587646484,52.25666809082031,50.63641357421875,23393700
2023-11-28,WMT,Walmart,52.220001220703125,52.973331451416016,52.220001220703125,52.880001068115234,51.240421295166016,23535000
2023-11-29,WMT,Walmart,52.92333221435547,52.92333221435547,51.869998931884766,52.026668548583984,50.413543701171875,29896500
2023-11-30,WMT,Walmart,52.00666809082031,52.116668701171875,51.503334045410156,51.89666748046875,50.28757858276367,29925900
2023-12-01,WMT,Walmart,51.793331146240234,51.869998931884766,50.87666702270508,51.4466667175293,49.85152816772461,39273600
2023-12-04,WMT,Walmart,51.106666564941406,51.643333435058594,51.10333251953125,51.43333435058594,49.83860778808594,24883200
2023-12-05,WMT,Walmart,51.483333587646484,51.95000076293945,51.246665954589844,51.90999984741211,50.30049133300781,21883800
2023-12-06,WMT,Walmart,51.849998474121094,51.94333267211914,51.21666717529297,51.3466682434082,49.75463104248047,26447400
2023-12-07,WMT,Walmart,51.45000076293945,51.51333236694336,50.74333190917969,50.81999969482422,49.42719268798828,25362600
2023-12-08,WMT,Walmart,50.66666793823242,50.73666763305664,50.08000183105469,50.28666687011719,48.90847396850586,34069500
2023-12-11,WMT,Walmart,50.380001068115234,50.483333587646484,49.8466682434082,50.413333892822266,49.03166198730469,31883400
2023-12-12,WMT,Walmart,50.40666580200195,50.56666564941406,50.07666778564453,50.45333480834961,49.0705680847168,21381900
2023-12-13,WMT,Walmart,50.516666412353516,51.349998474121094,50.21333312988281,51.349998474121094,49.942657470703125,35348700
2023-12-14,WMT,Walmart,51.17333221435547,51.313331604003906,50.643333435058594,50.723331451416016,49.33317565917969,30891300
2023-12-15,WMT,Walmart,50.59333419799805,51.1533317565918,50.51333236694336,50.913333892822266,49.51796340942383,70003500
2023-12-18,WMT,Walmart,51.116668701171875,51.689998626708984,51.043331146240234,51.65666580200195,50.24092483520508,26316000
2023-12-19,WMT,Walmart,51.61333465576172,51.89666748046875,51.36333465576172,51.84333419799805,50.42247772216797,24417000
2023-12-20,WMT,Walmart,51.80666732788086,52.04666519165039,51.206668853759766,51.23666763305664,49.83243179321289,21967800
2023-12-21,WMT,Walmart,51.33333206176758,51.686668395996094,51.3033332824707,51.599998474121094,50.185813903808594,20087700
2023-12-22,WMT,Walmart,51.81666564941406,52.383331298828125,51.720001220703125,52.21666717529297,50.78557205200195,19405500
2023-12-26,WMT,Walmart,52.21666717529297,52.33000183105469,52.03666687011719,52.13666534423828,50.707767486572266,11679900
2023-12-27,WMT,Walmart,52.10333251953125,52.650001525878906,52.0533332824707,52.62666702270508,51.18434143066406,19896000
2023-12-28,WMT,Walmart,52.59000015258789,52.776668548583984,52.5,52.52333450317383,51.08384323120117,16776000
2023-12-29,WMT,Walmart,52.5099983215332,52.69333267211914,52.38666534423828,52.54999923706055,51.10977554321289,21948300
2024-01-02,WMT,Walmart,52.41666793823242,53.18000030517578,52.39666748046875,53.0966682434082,51.64145278930664,23539800
2024-01-03,WMT,Walmart,53.25666809082031,53.43333435058594,52.97666549682617,53.099998474121094,51.64469528198242,18756000
2024-01-04,WMT,Walmart,53.06999969482422,53.18000030517578,52.496665954589844,52.586666107177734,51.14543533325195,19282500
2024-01-05,WMT,Walmart,52.63999938964844,52.70000076293945,51.866668701171875,52.23666763305664,50.805030822753906,21709500
2024-01-08,WMT,Walmart,52.233333587646484,52.76333236694336,52.22666549682617,52.75,51.304290771484375,20680800
2024-01-09,WMT,Walmart,52.643333435058594,53.11333465576172,52.57666778564453,53.10333251953125,51.64794158935547,23322300
2024-01-10,WMT,Walmart,53.186668395996094,53.83333206176758,53.186668395996094,53.76333236694336,52.28984832763672,20121900
2024-01-11,WMT,Walmart,53.78333282470703,53.96333312988281,53.38999938964844,53.70333480834961,52.23149490356445,14355300
2024-01-12,WMT,Walmart,53.790000915527344,53.8466682434082,53.459999084472656,53.77333450317383,52.29957962036133,13629000
2024-01-16,WMT,Walmart,53.813331604003906,54.133331298828125,53.74333190917969,53.94333267211914,52.46492004394531,17032500
2024-01-17,WMT,Walmart,53.793331146240234,53.996665954589844,53.543331146240234,53.689998626708984,52.21853256225586,14827800
2024-01-18,WMT,Walmart,53.720001220703125,54.46333312988281,53.560001373291016,54.413333892822266,52.922035217285156,18190500
2024-01-19,WMT,Walmart,54.47666549682617,54.52333450317383,53.813331604003906,54.12666702270508,52.643226623535156,19175400
2024-01-22,WMT,Walmart,54.26333236694336,54.31666564941406,53.83333206176758,54.130001068115234,52.6464729309082,13938300
2024-01-23,WMT,Walmart,54.040000915527344,54.28333282470703,53.92333221435547,54.266666412353516,52.779396057128906,12066600
2024-01-24,WMT,Walmart,54.29999923706055,54.356666564941406,53.439998626708984,53.5,52.03373336791992,22932900
2024-01-25,WMT,Walmart,53.79999923706055,54.290000915527344,53.473331451416016,54.279998779296875,52.7923583984375,16369500
2024-01-26,WMT,Walmart,54.349998474121094,54.793331146240234,54.220001220703125,54.75666809082031,53.25596618652344,15746400
2024-01-29,WMT,Walmart,54.78333282470703,55.13666534423828,54.50666809082031,55.01333236694336,53.505592346191406,18240300
2024-01-30,WMT,Walmart,54.900001525878906,55.27000045776367,54.540000915527344,55.1966667175293,53.68391036987305,15270000
2024-01-31,WMT,Walmart,55.93333435058594,55.93333435058594,55.03666687011719,55.08333206176758,53.57367706298828,26134800
2024-02-01,WMT,Walmart,55.233333587646484,56.116668701171875,55.060001373291016,56.10333251953125,54.56572341918945,20792700
2024-02-02,WMT,Walmart,56.04999923706055,56.86000061035156,55.973331451416016,56.52333450317383,54.974212646484375,21670800
2024-02-05,WMT,Walmart,56.66999816894531,56.66999816894531,56.02333450317383,56.220001220703125,54.679195404052734,19145100
2024-02-06,WMT,Walmart,56.26333236694336,56.650001525878906,56.11333465576172,56.60333251953125,55.05201721191406,14181300
2024-02-07,WMT,Walmart,56.75666809082031,56.88666534423828,56.400001525878906,56.459999084472656,54.91261291503906,17082600
2024-02-08,WMT,Walmart,56.459999084472656,56.849998474121094,56.380001068115234,56.456668853759766,54.90937805175781,14427900
2024-02-09,WMT,Walmart,56.46333312988281,56.57666778564453,56.30666732788086,56.426666259765625,54.88019561767578,14329800
2024-02-12,WMT,Walmart,56.40999984741211,56.78666687011719,56.349998474121094,56.766666412353516,55.21087646484375,14795100
2024-02-13,WMT,Walmart,56.87333297729492,57.02333450317383,56.09000015258789,56.380001068115234,54.83480453491211,18574200
2024-02-14,WMT,Walmart,56.25,56.293331146240234,55.8466682434082,56.20000076293945,54.65973663330078,18484500
2024-02-15,WMT,Walmart,56.599998474121094,56.616668701171875,55.9900016784668,56.43000030517578,54.88343048095703,16948800
2024-02-16,WMT,Walmart,56.76333236694336,57.310001373291016,56.43000030517578,56.78666687011719,55.23032760620117,22373400
2024-02-20,WMT,Walmart,59.49333190917969,60.45000076293945,58.40999984741211,58.619998931884766,57.01340866088867,71788500
2024-02-21,WMT,Walmart,58.33333206176758,58.526668548583984,57.599998474121094,57.900001525878906,56.31315231323242,40501500
2024-02-22,WMT,Walmart,57.959999084472656,58.4900016784668,57.77000045776367,58.470001220703125,56.86752700805664,29512800
2024-02-23,WMT,Walmart,58.6966667175293,59.21666717529297,58.436668395996094,58.52000045776367,56.91615676879883,74365800
2024-02-26,WMT,Walmart,59.119998931884766,59.84000015258789,58.18000030517578,59.599998474121094,57.966556549072266,32154800
2024-02-27,WMT,Walmart,59.63999938964844,59.79999923706055,59.220001220703125,59.59000015258789,57.95683288574219,18012700
2024-02-28,WMT,Walmart,59.54999923706055,59.7599983215332,59.310001373291016,59.619998931884766,57.98600387573242,14803300
2024-02-29,WMT,Walmart,59.45000076293945,59.4900016784668,58.59000015258789,58.61000061035156,57.003692626953125,29245100
2024-03-01,WMT,Walmart,58.79999923706055,58.849998474121094,58.20000076293945,58.7599983215332,57.14958190917969,19030900
2024-03-04,WMT,Walmart,58.5,59.38999938964844,58.400001525878906,59.29999923706055,57.67477798461914,16033300
2024-03-05,WMT,Walmart,59.869998931884766,60.34000015258789,59.58000183105469,60.040000915527344,58.394493103027344,19676900
2024-03-06,WMT,Walmart,60.119998931884766,60.619998931884766,60.040000915527344,60.56999969482422,58.909969329833984,12698700
2024-03-07,WMT,Walmart,61.0,61.06999969482422,60.349998474121094,60.36000061035156,58.705726623535156,16195300
2024-03-08,WMT,Walmart,60.0,60.279998779296875,59.72999954223633,60.119998931884766,58.4723014831543,12143600
2024-03-11,WMT,Walmart,60.099998474121094,60.709999084472656,59.869998931884766,60.65999984741211,58.997501373291016,14154000
2024-03-12,WMT,Walmart,60.95000076293945,61.56999969482422,60.650001525878906,61.40999984741211,59.726951599121094,16613100
2024-03-13,WMT,Walmart,61.2599983215332,61.459999084472656,60.880001068115234,61.279998779296875,59.60051345825195,15935200
2024-03-14,WMT,Walmart,61.279998779296875,61.439998626708984,60.599998474121094,61.02000045776367,59.549766540527344,16584700
2024-03-15,WMT,Walmart,60.68000030517578,61.150001525878906,60.459999084472656,60.68000030517578,59.217960357666016,50946300
2024-03-18,WMT,Walmart,60.689998626708984,60.900001525878906,60.38999938964844,60.86000061035156,59.39362335205078,16801700
2024-03-19,WMT,Walmart,60.970001220703125,61.06999969482422,60.599998474121094,60.869998931884766,59.403377532958984,12353600
2024-03-20,WMT,Walmart,60.84000015258789,61.279998779296875,60.7400016784668,61.25,59.77422332763672,12007600
2024-03-21,WMT,Walmart,61.279998779296875,61.65999984741211,61.04999923706055,61.45000076293945,59.96940612792969,14265900
2024-03-22,WMT,Walmart,61.31999969482422,61.529998779296875,60.849998474121094,60.869998931884766,59.403377532958984,14029400
2024-03-25,WMT,Walmart,60.869998931884766,60.9900016784668,60.36000061035156,60.56999969482422,59.11060333251953,14186600
2024-03-26,WMT,Walmart,60.459999084472656,60.83000183105469,60.22999954223633,60.5099983215332,59.05205154418945,13738300
2024-03-27,WMT,Walmart,60.869998931884766,61.04999923706055,60.380001068115234,60.720001220703125,59.256996154785156,14363400
2024-03-28,WMT,Walmart,60.65999984741211,60.77000045776367,60.15999984741211,60.16999816894531,58.720237731933594,17535100
2024-04-01,WMT,Walmart,60.310001373291016,60.7599983215332,59.93000030517578,60.0,58.55434036254883,13837600
2024-04-02,WMT,Walmart,59.900001525878906,60.099998474121094,58.880001068115234,59.15999984741211,57.73457717895508,19510100
2024-04-03,WMT,Walmart,59.380001068115234,59.5,58.939998626708984,59.43000030517578,57.99807357788086,14615100
2024-04-04,WMT,Walmart,59.540000915527344,59.810001373291016,59.290000915527344,59.5,58.06639099121094,14436100
2024-04-05,WMT,Walmart,59.54999923706055,60.040000915527344,59.4900016784668,59.849998474121094,58.40795135498047,10335900
2024-04-08,WMT,Walmart,59.599998474121094,60.040000915527344,59.41999816894531,59.779998779296875,58.33964157104492,11070100
2024-04-09,WMT,Walmart,59.869998931884766,59.970001220703125,59.29999923706055,59.790000915527344,58.349403381347656,10013500
2024-04-10,WMT,Walmart,59.619998931884766,60.7599983215332,59.38999938964844,60.619998931884766,59.159400939941406,15097600
2024-04-11,WMT,Walmart,60.75,60.88999938964844,60.06999969482422,60.09000015258789,58.642181396484375,10987600
2024-04-12,WMT,Walmart,60.0,60.720001220703125,59.95000076293945,60.13999938964844,58.69096374511719,12280600
2024-04-15,WMT,Walmart,60.5099983215332,60.70000076293945,59.90999984741211,59.93000030517578,58.48603057861328,10557200
2024-04-16,WMT,Walmart,60.029998779296875,60.290000915527344,59.779998779296875,59.84000015258789,58.398193359375,14726300
2024-04-17,WMT,Walmart,60.150001525878906,60.43000030517578,59.56999969482422,59.650001525878906,58.212772369384766,15329700
2024-04-18,WMT,Walmart,59.83000183105469,59.939998626708984,59.220001220703125,59.2599983215332,57.83216857910156,12061500
2024-04-19,WMT,Walmart,59.45000076293945,59.66999816894531,58.970001220703125,59.529998779296875,58.095664978027344,14165800
2024-04-22,WMT,Walmart,59.560001373291016,60.400001525878906,59.040000915527344,60.13999938964844,58.69096374511719,14910000
2024-04-23,WMT,Walmart,60.25,60.349998474121094,58.560001373291016,59.09000015258789,57.66626739501953,17963900
2024-04-24,WMT,Walmart,58.97999954223633,60.040000915527344,58.810001373291016,59.869998931884766,58.4274787902832,18529100
2024-04-25,WMT,Walmart,60.04999923706055,60.529998779296875,59.83000183105469,60.209999084472656,58.759281158447266,19263000
2024-04-26,WMT,Walmart,60.11000061035156,60.38999938964844,60.0,60.15999984741211,58.710487365722656,11045200
2024-04-29,WMT,Walmart,60.18000030517578,60.38999938964844,59.939998626708984,60.2400016784668,58.7885627746582,9785100
2024-04-30,WMT,Walmart,60.20000076293945,60.29999923706055,59.15999984741211,59.349998474121094,57.92000198364258,14209200
2024-05-01,WMT,Walmart,59.310001373291016,59.40999984741211,58.720001220703125,58.849998474121094,57.43204879760742,15464300
2024-05-02,WMT,Walmart,58.939998626708984,59.88999938964844,58.58000183105469,59.709999084472656,58.27132797241211,17574100
2024-05-03,WMT,Walmart,59.619998931884766,59.97999954223633,59.13999938964844,59.81999969482422,58.3786735534668,14207400
2024-05-06,WMT,Walmart,60.0,60.0,59.38999938964844,59.869998931884766,58.4274787902832,11119400
2024-05-07,WMT,Walmart,60.16999816894531,60.79999923706055,60.04999923706055,60.619998931884766,59.159400939941406,14520200
2024-05-08,WMT,Walmart,60.630001068115234,60.849998474121094,60.220001220703125,60.29999923706055,58.847103118896484,11015700
2024-05-09,WMT,Walmart,60.20000076293945,60.58000183105469,59.95000076293945,60.439998626708984,59.187904357910156,14550500
2024-05-10,WMT,Walmart,60.40999984741211,60.58000183105469,60.15999984741211,60.47999954223633,59.227081298828125,12356600
2024-05-13,WMT,Walmart,60.619998931884766,61.349998474121094,60.290000915527344,60.40999984741211,59.15852737426758,19260500
2024-05-14,WMT,Walmart,60.52000045776367,60.54999923706055,59.439998626708984,59.86000061035156,58.61992645263672,18780100
2024-05-15,WMT,Walmart,59.83000183105469,59.939998626708984,59.470001220703125,59.83000183105469,58.59054946899414,22240600
2024-05-16,WMT,Walmart,64.22000122070312,64.41999816894531,62.939998626708984,64.01000213623047,62.6839485168457,60545600
2024-05-17,WMT,Walmart,64.23999786376953,64.87999725341797,63.630001068115234,64.6500015258789,63.31068801879883,29330400
2024-05-20,WMT,Walmart,64.41999816894531,64.76000213623047,63.869998931884766,64.18000030517578,62.850425720214844,15001400
2024-05-21,WMT,Walmart,64.52999877929688,65.19000244140625,64.44999694824219,65.1500015258789,63.80033874511719,17131700
2024-05-22,WMT,Walmart,64.9800033569336,65.69000244140625,64.7300033569336,65.25,63.898258209228516,14879400
2024-05-23,WMT,Walmart,65.16999816894531,65.5199966430664,64.55999755859375,64.83999633789062,63.49675369262695,16222900
2024-05-24,WMT,Walmart,65.12999725341797,65.69000244140625,65.01000213623047,65.37999725341797,64.02557373046875,11795000
2024-05-28,WMT,Walmart,65.22000122070312,65.47000122070312,64.73999786376953,65.04000091552734,63.69261169433594,13349600
2024-05-29,WMT,Walmart,64.75,65.20999908447266,64.6500015258789,64.91999816894531,63.57509994506836,11538600
2024-05-30,WMT,Walmart,64.93000030517578,65.16999816894531,64.7699966430664,64.88999938964844,63.54572677612305,13051900
2024-05-31,WMT,Walmart,64.66999816894531,65.9000015258789,64.16000366210938,65.76000213623047,64.39769744873047,27632200
2024-06-03,WMT,Walmart,65.51000213623047,65.83999633789062,65.16000366210938,65.81999969482422,64.4564437866211,11578700
2024-06-04,WMT,Walmart,65.98999786376953,66.63999938964844,65.83000183105469,66.5999984741211,65.22030639648438,14780800
2024-06-05,WMT,Walmart,66.56999969482422,67.1500015258789,66.27999877929688,67.08999633789062,65.70014190673828,14982700
2024-06-06,WMT,Walmart,67.05999755859375,67.44000244140625,66.7699966430664,67.1500015258789,65.75890350341797,13256000
2024-06-07,WMT,Walmart,67.4000015258789,67.56999969482422,65.63999938964844,65.87999725341797,64.51519775390625,20213200
2024-06-10,WMT,Walmart,67.19000244140625,67.33000183105469,66.2699966430664,66.95999908447266,65.57283020019531,21659500
2024-06-11,WMT,Walmart,66.94999694824219,66.95999908447266,66.3499984741211,66.7300033569336,65.34759521484375,13367500
2024-06-12,WMT,Walmart,66.8499984741211,66.94000244140625,65.9000015258789,66.30999755859375,64.9363021850586,11704700
2024-06-13,WMT,Walmart,66.30000305175781,66.76000213623047,65.94999694824219,66.69999694824219,65.3182144165039,11196600
2024-06-14,WMT,Walmart,66.54000091552734,67.11000061035156,66.30000305175781,67.0199966430664,65.631591796875,12590100
2024-06-17,WMT,Walmart,66.91999816894531,67.44000244140625,66.41000366210938,67.41999816894531,66.02330017089844,12103000
2024-06-18,WMT,Walmart,67.62999725341797,67.87000274658203,67.30000305175781,67.5999984741211,66.1995849609375,12093500
2024-06-20,WMT,Walmart,67.3499984741211,68.12999725341797,67.30000305175781,68.01000213623047,66.60108184814453,13860800
2024-06-21,WMT,Walmart,68.26000213623047,68.55000305175781,67.83000183105469,67.91000366210938,66.50315856933594,25883000
2024-06-24,WMT,Walmart,68.05000305175781,69.04000091552734,67.9000015258789,68.9000015258789,67.47265625,12470400
2024-06-25,WMT,Walmart,67.16999816894531,67.58999633789062,66.55000305175781,67.41999816894531,66.02330017089844,20869200
2024-06-26,WMT,Walmart,67.4000015258789,68.5999984741211,67.20999908447266,68.29000091552734,66.87528228759766,14177500
2024-06-27,WMT,Walmart,68.29000091552734,68.58000183105469,67.66999816894531,67.87999725341797,66.4737777709961,12899200
2024-06-28,WMT,Walmart,67.87000274658203,68.0999984741211,67.31999969482422,67.70999908447266,66.30729675292969,18816700
2024-07-01,WMT,Walmart,67.88999938964844,68.23999786376953,67.25,67.4800033569336,66.08206939697266,8666000
2024-07-02,WMT,Walmart,67.44000244140625,68.08000183105469,67.26000213623047,68.06999969482422,66.65984344482422,9436500
2024-07-03,WMT,Walmart,67.80999755859375,68.25,67.62000274658203,68.23999786376953,66.8263168334961,6287500
2024-07-05,WMT,Walmart,68.16000366210938,70.1500015258789,68.0999984741211,70.04000091552734,68.58901977539062,21586100
2024-07-08,WMT,Walmart,69.9000015258789,70.13999938964844,69.3499984741211,69.68000030517578,68.23648071289062,12077700
2024-07-09,WMT,Walmart,69.9000015258789,70.25,69.66999816894531,69.9000015258789,68.45193481445312,9758400
2024-07-10,WMT,Walmart,70.0999984741211,70.44000244140625,69.72000122070312,70.41000366210938,68.95137023925781,10803400
2024-07-11,WMT,Walmart,70.18000030517578,70.44999694824219,69.26000213623047,69.80000305175781,68.35400390625,15624800
2024-07-12,WMT,Walmart,69.9000015258789,70.02999877929688,69.16999816894531,69.23999786376953,67.80559539794922,12145300
2024-07-15,WMT,Walmart,69.30000305175781,69.97000122070312,69.30000305175781,69.61000061035156,68.16793823242188,10171100
2024-07-16,WMT,Walmart,69.81999969482422,70.23999786376953,69.58000183105469,69.98999786376953,68.54004669189453,9836800
2024-07-17,WMT,Walmart,70.18000030517578,71.0999984741211,69.94999694824219,71.02999877929688,69.55850982666016,13533800
2024-07-18,WMT,Walmart,70.68000030517578,71.19000244140625,70.43000030517578,70.81999969482422,69.35287475585938,10682700
2024-07-19,WMT,Walmart,71.19999694824219,71.33000183105469,70.6500015258789,70.75,69.28431701660156,11665500
2024-07-22,WMT,Walmart,70.86000061035156,71.26000213623047,70.2300033569336,70.37999725341797,68.92198944091797,12666100
2024-07-23,WMT,Walmart,70.47000122070312,70.69999694824219,70.11000061035156,70.6500015258789,69.18639373779297,9263600
2024-07-24,WMT,Walmart,70.5199966430664,70.83999633789062,70.33999633789062,70.5999984741211,69.1374282836914,22490800
2024-07-25,WMT,Walmart,70.5999984741211,70.7699966430664,69.94999694824219,70.0199966430664,68.5694351196289,18821200
2024-07-26,WMT,Walmart,70.2300033569336,70.23999786376953,68.83000183105469,69.77999877929688,68.33441162109375,16789300
2024-07-29,WMT,Walmart,69.8499984741211,69.9000015258789,69.12999725341797,69.62000274658203,68.17771911621094,10315300
2024-07-30,WMT,Walmart,69.55000305175781,69.8499984741211,68.9800033569336,69.19000244140625,67.75663757324219,12522500
2024-07-31,WMT,Walmart,69.18000030517578,69.25,68.29000091552734,68.63999938964844,67.2180404663086,22908800
2024-08-01,WMT,Walmart,68.91000366210938,69.80000305175781,68.5199966430664,69.79000091552734,68.34420013427734,17275500
2024-08-02,WMT,Walmart,69.5999984741211,70.23999786376953,67.73999786376953,68.45999908447266,67.041748046875,23578700
2024-08-05,WMT,Walmart,68.0999984741211,68.58000183105469,66.91000366210938,67.58999633789062,66.18978881835938,20770500
2024-08-06,WMT,Walmart,67.83999633789062,68.62999725341797,67.68000030517578,67.73999786376953,66.33667755126953,14815100
2024-08-07,WMT,Walmart,67.87000274658203,68.01000213623047,66.80999755859375,66.91000366210938,65.52389526367188,18499200
2024-08-08,WMT,Walmart,66.83999633789062,67.91999816894531,66.66999816894531,67.66000366210938,66.25833892822266,12489800
2024-08-09,WMT,Walmart,67.8499984741211,68.22000122070312,67.33000183105469,67.94999694824219,66.54232788085938,13805600
2024-08-12,WMT,Walmart,68.33999633789062,69.22000122070312,68.06999969482422,68.69999694824219,67.27679443359375,17385300
2024-08-13,WMT,Walmart,68.43000030517578,68.61000061035156,67.13999938964844,68.12999725341797,66.71859741210938,26557900
2024-08-14,WMT,Walmart,67.91999816894531,68.79000091552734,67.8499984741211,68.66000366210938,67.23761749267578,22928600
2024-08-15,WMT,Walmart,74.12000274658203,74.44000244140625,72.77999877929688,73.18000030517578,71.66397857666016,49567500
2024-08-16,WMT,Walmart,72.69999694824219,73.61000061035156,72.5199966430664,73.44999694824219,72.13339233398438,19872100
2024-08-19,WMT,Walmart,73.38999938964844,73.9800033569336,73.33999633789062,73.72000122070312,72.39856719970703,13709300
2024-08-20,WMT,Walmart,73.75,74.75,73.72000122070312,74.54000091552734,73.2038803100586,14434000
2024-08-21,WMT,Walmart,75.30000305175781,75.58000183105469,74.58999633789062,75.23999786376953,73.89131927490234,14832000
2024-08-22,WMT,Walmart,75.37000274658203,76.22000122070312,75.1500015258789,75.58000183105469,74.22523498535156,16511100
2024-08-23,WMT,Walmart,75.5999984741211,75.80999755859375,75.01000213623047,75.69999694824219,74.34307098388672,12299100
2024-08-26,WMT,Walmart,75.9000015258789,76.20999908447266,75.56999969482422,76.02999877929688,74.66716766357422,9508200
2024-08-27,WMT,Walmart,76.44999694824219,76.44999694824219,75.7699966430664,76.12999725341797,74.76537322998047,11557800
2024-08-28,WMT,Walmart,76.27999877929688,76.43000030517578,75.80999755859375,76.08000183105469,74.71627044677734,9814300
2024-08-29,WMT,Walmart,75.98999786376953,76.47000122070312,75.66999816894531,76.41999816894531,75.0501708984375,11856800
2024-08-30,WMT,Walmart,76.44000244140625,77.47000122070312,76.22000122070312,77.2300033569336,75.84565734863281,23230000
2024-09-03,WMT,Walmart,77.33000183105469,77.80999755859375,76.80000305175781,77.16999816894531,75.78672790527344,22666100
2024-09-04,WMT,Walmart,77.33000183105469,77.4800033569336,76.7300033569336,77.23999786376953,75.85547637939453,18442800
2024-09-05,WMT,Walmart,77.25,77.44999694824219,76.38999938964844,76.95999908447266,75.58049774169922,13082900
2024-09-06,WMT,Walmart,76.9000015258789,77.31999969482422,76.30000305175781,76.63999938964844,75.2662353515625,14548600
2024-09-09,WMT,Walmart,76.8499984741211,77.47000122070312,76.48999786376953,77.33999633789062,75.95368194580078,22260200
2024-09-10,WMT,Walmart,77.3499984741211,78.9000015258789,77.27999877929688,78.80999755859375,77.39732360839844,17686300
2024-09-11,WMT,Walmart,78.37999725341797,78.91999816894531,77.56999969482422,78.83999633789062,77.42679595947266,19518800
2024-09-12,WMT,Walmart,78.98999786376953,79.91000366210938,78.62000274658203,79.66000366210938,78.23208618164062,14877700
2024-09-13,WMT,Walmart,79.81999969482422,80.69000244140625,79.69000244140625,80.5999984741211,79.15525817871094,12994100
2024-09-16,WMT,Walmart,80.83999633789062,81.0199966430664,80.13999938964844,80.55999755859375,79.11597442626953,15346400
2024-09-17,WMT,Walmart,79.76000213623047,80.26000213623047,78.26000213623047,78.5999984741211,77.19109344482422,21065900
2024-09-18,WMT,Walmart,78.63999938964844,79.41000366210938,78.27999877929688,79.02999877929688,77.6133804321289,15684900
2024-09-19,WMT,Walmart,79.05000305175781,79.08999633789062,77.48999786376953,78.04000091552734,76.64112091064453,21525700
2024-09-20,WMT,Walmart,78.2300033569336,79.61000061035156,78.11000061035156,79.05999755859375,77.6428451538086,39534300
2024-09-23,WMT,Walmart,79.06999969482422,80.44000244140625,79.06999969482422,80.33000183105469,78.89009094238281,12147300
2024-09-24,WMT,Walmart,80.4800033569336,80.91000366210938,80.23999786376953,80.66999816894531,79.2239990234375,14651100
2024-09-25,WMT,Walmart,80.88999938964844,81.5999984741211,80.68000030517578,81.4000015258789,79.94092559814453,14163800
2024-09-26,WMT,Walmart,81.04000091552734,81.19999694824219,79.26000213623047,79.91999816894531,78.48741912841797,17061100
2024-09-27,WMT,Walmart,79.9000015258789,80.29000091552734,79.5999984741211,79.77999877929688,78.34994506835938,11899100
2024-09-30,WMT,Walmart,79.88999938964844,80.94000244140625,79.86000061035156,80.75,79.30256652832031,18997000
2024-10-01,WMT,Walmart,80.68000030517578,81.52999877929688,80.44000244140625,81.2699966430664,79.813232421875,16054200
2024-10-02,WMT,Walmart,80.98999786376953,80.98999786376953,80.12000274658203,80.43000030517578,78.98829650878906,16618300
2024-10-03,WMT,Walmart,80.30000305175781,80.58000183105469,79.8499984741211,80.43000030517578,78.98829650878906,11640400
2024-10-04,WMT,Walmart,80.05000305175781,81.11000061035156,79.8499984741211,80.94000244140625,79.48916625976562,11583400
2024-10-07,WMT,Walmart,80.69000244140625,80.94000244140625,78.9800033569336,79.0999984741211,77.68213653564453,16791600
2024-10-08,WMT,Walmart,79.62000274658203,79.81999969482422,79.06999969482422,79.70999908447266,78.28120422363281,15270000
2024-10-09,WMT,Walmart,79.81999969482422,80.5,79.75,80.4000015258789,78.9588394165039,12413000
2024-10-10,WMT,Walmart,80.30999755859375,80.31999969482422,79.45999908447266,79.61000061035156,78.18299865722656,10812700
2024-10-11,WMT,Walmart,79.69999694824219,80.12999725341797,79.37000274658203,80.0999984741211,78.6642074584961,9570700
2024-10-14,WMT,Walmart,80.05000305175781,80.51000213623047,79.76000213623047,80.29000091552734,78.85079956054688,9914500
2024-10-15,WMT,Walmart,80.66999816894531,81.81999969482422,80.51000213623047,81.6500015258789,80.1864242553711,13276200
2024-10-16,WMT,Walmart,81.52999877929688,81.66000366210938,80.62000274658203,81.22000122070312,79.76412963867188,11123300
2024-10-17,WMT,Walmart,81.2699966430664,81.5,80.6500015258789,80.88999938964844,79.44004821777344,9424700
2024-10-18,WMT,Walmart,80.87000274658203,81.69000244140625,80.66000366210938,81.30999755859375,79.8525161743164,12324100
2024-10-21,WMT,Walmart,81.2300033569336,81.55000305175781,80.72000122070312,80.80999755859375,79.36148834228516,9750400
2024-10-22,WMT,Walmart,81.11000061035156,82.2300033569336,80.83000183105469,82.0199966430664,80.54978942871094,12240100
2024-10-23,WMT,Walmart,81.88999938964844,83.33999633789062,81.80000305175781,83.2699966430664,81.77738189697266,13058200
2024-10-24,WMT,Walmart,82.95999908447266,83.31999969482422,82.58000183105469,83.04000091552734,81.55149841308594,11645900
2024-10-25,WMT,Walmart,83.19999694824219,83.30000305175781,82.44000244140625,82.51000213623047,81.0310287475586,8959400
2024-10-28,WMT,Walmart,82.75,83.08000183105469,82.47000122070312,82.75,81.26670837402344,7990200
2024-10-29,WMT,Walmart,82.66999816894531,82.86000061035156,81.66999816894531,81.69999694824219,80.23553466796875,9682400
2024-10-30,WMT,Walmart,81.5999984741211,81.83000183105469,81.30000305175781,81.38999938964844,79.93107604980469,9268800
2024-10-31,WMT,Walmart,81.29000091552734,82.44000244140625,81.22000122070312,81.94999694824219,80.48104095458984,15539000
2024-11-01,WMT,Walmart,82.52999877929688,82.52999877929688,81.54000091552734,82.19000244140625,80.71674346923828,12181800
2024-11-04,WMT,Walmart,82.19999694824219,82.91000366210938,82.0,82.44999694824219,80.97208404541016,11731000
2024-11-05,WMT,Walmart,82.68000030517578,83.7699966430664,82.51000213623047,83.68000030517578,82.18004608154297,10612500
2024-11-06,WMT,Walmart,85.13999938964844,85.54000091552734,82.05999755859375,83.44000244140625,81.94434356689453,19974000
2024-11-07,WMT,Walmart,83.72000122070312,84.38999938964844,83.41999816894531,83.8499984741211,82.34699249267578,12665800
2024-11-08,WMT,Walmart,84.27999877929688,85.41999816894531,84.2300033569336,84.83000183105469,83.3094253540039,14396500
2024-11-11,WMT,Walmart,84.94999694824219,85.41000366210938,84.12000274658203,84.20999908447266,82.70053100585938,10433200
2024-11-12,WMT,Walmart,84.5,85.52999877929688,84.5,84.98999786376953,83.466552734375,12860200
2024-11-13,WMT,Walmart,84.98999786376953,85.79000091552734,84.7699966430664,85.5,83.96741485595703,12802600
2024-11-14,WMT,Walmart,85.02999877929688,85.76000213623047,84.33999633789062,84.47000122070312,82.95587921142578,15740700
2024-11-15,WMT,Walmart,84.52999877929688,84.77999877929688,83.94000244140625,84.25,82.73981475830078,17370600
2024-11-18,WMT,Walmart,84.81999969482422,84.8499984741211,83.66000366210938,84.08000183105469,82.57286834716797,25093800
2024-11-19,WMT,Walmart,86.2300033569336,88.29000091552734,85.91000366210938,86.5999984741211,85.04769897460938,36340900
2024-11-20,WMT,Walmart,86.5999984741211,87.19999694824219,85.91000366210938,87.18000030517578,85.61731719970703,18183200
2024-11-21,WMT,Walmart,87.44999694824219,88.63999938964844,86.93000030517578,88.38999938964844,86.80561828613281,18729200
2024-11-22,WMT,Walmart,89.41000366210938,90.91000366210938,88.93000030517578,90.44000244140625,88.8188705444336,23990600
2024-11-25,WMT,Walmart,90.5,90.94999694824219,89.05999755859375,89.5,87.89571380615234,25078600
2024-11-26,WMT,Walmart,89.88999938964844,91.87999725341797,89.83999633789062,91.30999755859375,89.67326354980469,16657000
2024-11-27,WMT,Walmart,92.0,92.25,91.30999755859375,91.87999725341797,90.23303985595703,14358900
2024-11-29,WMT,Walmart,92.26000213623047,92.63999938964844,91.81999969482422,92.5,90.8419418334961,11041200
2024-12-02,WMT,Walmart,92.81999969482422,92.98999786376953,91.94999694824219,92.63999938964844,90.97943115234375,17173000
2024-12-03,WMT,Walmart,92.77999877929688,93.58999633789062,92.26000213623047,93.51000213623047,91.83383178710938,17775200
2024-12-04,WMT,Walmart,93.44999694824219,94.5199966430664,93.05000305175781,94.44999694824219,92.75698852539062,17312600
2024-12-05,WMT,Walmart,94.88999938964844,95.5999984741211,94.33999633789062,95.30000305175781,93.59175872802734,21932300
2024-12-06,WMT,Walmart,95.54000091552734,96.18000030517578,95.33000183105469,95.69999694824219,93.98458099365234,18803500
2024-12-09,WMT,Walmart,95.66000366210938,95.94000244140625,93.5999984741211,93.83000183105469,92.14810943603516,20931100
2024-12-10,WMT,Walmart,94.05000305175781,95.23999786376953,93.7699966430664,94.55000305175781,92.85519409179688,13164500
2024-12-11,WMT,Walmart,94.54000091552734,95.69000244140625,94.5,94.95999908447266,93.25784301757812,19682100
2024-12-12,WMT,Walmart,95.68000030517578,95.72000122070312,94.08999633789062,94.08999633789062,92.40342712402344,14298600
2024-12-13,WMT,Walmart,93.80000305175781,94.68000030517578,93.04000091552734,94.25,92.7656478881836,11495900
2024-12-16,WMT,Walmart,94.41999816894531,95.70999908447266,94.0999984741211,94.87000274658203,93.3758773803711,16742000
2024-12-17,WMT,Walmart,95.13999938964844,95.48999786376953,94.31999969482422,95.41999816894531,93.91722869873047,23560800
2024-12-18,WMT,Walmart,95.33999633789062,95.9000015258789,93.12999725341797,93.55000305175781,92.07666778564453,24665600
2024-12-19,WMT,Walmart,94.4800033569336,94.56999969482422,93.36000061035156,93.4000015258789,91.92903137207031,16606500
2024-12-20,WMT,Walmart,93.01000213623047,93.75,91.62999725341797,92.23999786376953,90.78729248046875,49350600
2024-12-23,WMT,Walmart,91.5,91.5,88.91000366210938,90.3499984741211,88.92707061767578,26205400
2024-12-24,WMT,Walmart,90.37000274658203,92.68000030517578,90.3499984741211,92.68000030517578,91.22037506103516,8992400
2024-12-26,WMT,Walmart,92.54000091552734,92.87999725341797,92.16999816894531,92.79000091552734,91.32864379882812,10994000
2024-12-27,WMT,Walmart,92.12999725341797,92.3499984741211,91.02999877929688,91.66000366210938,90.2164535522461,11384400
2024-12-30,WMT,Walmart,90.7300033569336,91.06999969482422,90.12999725341797,90.56999969482422,89.14360046386719,9790200
2024-12-31,WMT,Walmart,90.56999969482422,90.94000244140625,90.05999755859375,90.3499984741211,88.92707061767578,11267700
2025-01-02,WMT,Walmart,89.9800033569336,90.5999984741211,89.5199966430664,90.0,88.58257293701172,14820400
2025-01-03,WMT,Walmart,90.1500015258789,91.30000305175781,90.13999938964844,90.77999877929688,89.35029602050781,10834600
2025-01-06,WMT,Walmart,90.83000183105469,92.47000122070312,90.66999816894531,91.43000030517578,89.99005126953125,14519900
2025-01-07,WMT,Walmart,91.69999694824219,91.94000244140625,90.44999694824219,90.80999755859375,89.37982177734375,11238000
2025-01-08,WMT,Walmart,91.11000061035156,91.8499984741211,90.81999969482422,91.80000305175781,90.35424041748047,13453600
2025-01-10,WMT,Walmart,92.48999786376953,93.58000183105469,92.19999694824219,93.0,91.53533172607422,18140900
2025-01-13,WMT,Walmart,92.12000274658203,92.43000030517578,91.0999984741211,91.52999877929688,90.08849334716797,18617100
2025-01-14,WMT,Walmart,91.86000061035156,91.9800033569336,90.56999969482422,90.79000091552734,89.36013793945312,13549200
2025-01-15,WMT,Walmart,91.06999969482422,91.7300033569336,90.80999755859375,91.33999633789062,89.9014663696289,17348200
2025-01-16,WMT,Walmart,91.5,91.72000122070312,90.12000274658203,91.30000305175781,89.86210632324219,13267700
2025-01-17,WMT,Walmart,92.06999969482422,92.26000213623047,91.05000305175781,91.94000244140625,90.49201965332031,15868200
2025-01-21,WMT,Walmart,92.4800033569336,94.23999786376953,92.30999755859375,93.08000183105469,91.61406707763672,23247500
2025-01-22,WMT,Walmart,93.7699966430664,94.0,92.5199966430664,93.2300033569336,91.76171875,15567100
2025-01-23,WMT,Walmart,92.95999908447266,93.80999755859375,92.31999969482422,93.80999755859375,92.33258056640625,14198400
2025-01-24,WMT,Walmart,93.54000091552734,95.01000213623047,93.45999908447266,94.76000213623047,93.26760864257812,14973800
2025-01-27,WMT,Walmart,95.9000015258789,97.45999908447266,94.81999969482422,97.4000015258789,95.86603546142578,18880600
2025-01-28,WMT,Walmart,97.2300033569336,97.83999633789062,96.7300033569336,97.29000091552734,95.75776672363281,14641600
2025-01-29,WMT,Walmart,97.43000030517578,98.16999816894531,97.22000122070312,97.5,95.96446228027344,11261400
2025-01-30,WMT,Walmart,97.69000244140625,98.93000030517578,97.41999816894531,98.6500015258789,97.09635162353516,11012200
2025-01-31,WMT,Walmart,99.0,99.0,97.69999694824219,98.16000366210938,96.61406707763672,16391200
2025-02-03,WMT,Walmart,96.7699966430664,99.79000091552734,96.47000122070312,99.54000091552734,97.97233581542969,20484200
2025-02-04,WMT,Walmart,99.97000122070312,100.94999694824219,99.69000244140625,100.7699966430664,99.1829605102539,15201200
2025-02-05,WMT,Walmart,100.6500015258789,102.58000183105469,100.54000091552734,102.45999908447266,100.84634399414062,15926700
2025-02-06,WMT,Walmart,102.52999877929688,103.0199966430664,101.94000244140625,102.8499984741211,101.23020935058594,13088500
2025-02-07,WMT,Walmart,103.0,103.11000061035156,101.11000061035156,101.1500015258789,99.5569839477539,12451100
2025-02-10,WMT,Walmart,101.94999694824219,102.93000030517578,101.25,102.91999816894531,101.29911041259766,15274600
2025-02-11,WMT,Walmart,102.62000274658203,102.8499984741211,101.8499984741211,102.47000122070312,100.85618591308594,11953600
2025-02-12,WMT,Walmart,102.12000274658203,103.9000015258789,102.04000091552734,103.61000061035156,101.97824096679688,15162100
2025-02-13,WMT,Walmart,104.0,105.23999786376953,103.52999877929688,105.05000305175781,103.39556121826172,12604400
2025-02-14,WMT,Walmart,105.30000305175781,105.30000305175781,103.5999984741211,104.04000091552734,102.40145111083984,14109500
2025-02-18,WMT,Walmart,103.72000122070312,103.98999786376953,102.51000213623047,103.77999877929688,102.14556884765625,18247300
2025-02-19,WMT,Walmart,103.8499984741211,104.19999694824219,102.55000305175781,104.0,102.3620834350586,18508000
2025-02-20,WMT,Walmart,98.77999877929688,100.12000274658203,96.68000030517578,97.20999908447266,95.67901611328125,55450900
2025-02-21,WMT,Walmart,96.52999877929688,96.8499984741211,94.12000274658203,94.77999877929688,93.28730010986328,35014800
2025-02-24,WMT,Walmart,94.18000030517578,94.63999938964844,92.12000274658203,93.66999816894531,92.19478607177734,29755900
2025-02-25,WMT,Walmart,94.3499984741211,97.91000366210938,94.23999786376953,97.69000244140625,96.1514663696289,29331200
2025-02-26,WMT,Walmart,97.69999694824219,98.7300033569336,96.06999969482422,96.19999694824219,94.6849365234375,19069700
2025-02-27,WMT,Walmart,95.9000015258789,98.04000091552734,95.80999755859375,96.79000091552734,95.26565551757812,16431500
2025-02-28,WMT,Walmart,97.79000091552734,98.86000061035156,97.16999816894531,98.61000061035156,97.05697631835938,25451300
2025-03-03,WMT,Walmart,97.9800033569336,99.48999786376953,96.83000183105469,97.58999633789062,96.05304718017578,18372200
2025-03-04,WMT,Walmart,95.76000213623047,97.05000305175781,94.45999908447266,94.97000122070312,93.47431945800781,25227700
2025-03-05,WMT,Walmart,94.97000122070312,96.38999938964844,94.75,95.9800033569336,94.4684066772461,17639000
2025-03-06,WMT,Walmart,94.80000305175781,96.19000244140625,94.18000030517578,94.63999938964844,93.14950561523438,19957800
2025-03-07,WMT,Walmart,93.94000244140625,93.94999694824219,90.76000213623047,91.72000122070312,90.2754898071289,35913200
2025-03-10,WMT,Walmart,89.76000213623047,90.2300033569336,86.61000061035156,87.81999969482422,86.43692016601562,35148800
2025-03-11,WMT,Walmart,87.29000091552734,89.3499984741211,87.13999938964844,87.44000244140625,86.06290435791016,28687600
2025-03-12,WMT,Walmart,87.87999725341797,89.0999984741211,84.87999725341797,85.19999694824219,83.85816955566406,33301600
2025-03-13,WMT,Walmart,84.94000244140625,85.44999694824219,83.87000274658203,84.5,83.16919708251953,31507800
2025-03-14,WMT,Walmart,84.95999908447266,85.37000274658203,84.05999755859375,85.3499984741211,84.00581359863281,35500600
2025-03-17,WMT,Walmart,85.12999725341797,87.98999786376953,84.9800033569336,87.45999908447266,86.08258056640625,26297800
2025-03-18,WMT,Walmart,87.44000244140625,87.68000030517578,85.5,85.58999633789062,84.24202728271484,17850900
2025-03-19,WMT,Walmart,85.94999694824219,86.79000091552734,85.62000274658203,86.33000183105469,84.97038269042969,24555900
2025-03-20,WMT,Walmart,85.80999755859375,87.08000183105469,85.5199966430664,85.80999755859375,84.45856475830078,18185500
2025-03-21,WMT,Walmart,85.27999877929688,86.2300033569336,84.77999877929688,85.9800033569336,84.85828399658203,26797200
2025-03-24,WMT,Walmart,86.47000122070312,87.6500015258789,86.3499984741211,87.48999786376953,86.34857940673828,17900700
2025-03-25,WMT,Walmart,86.76000213623047,87.30999755859375,84.62000274658203,84.76000213623047,83.65420532226562,27908600
2025-03-26,WMT,Walmart,85.19000244140625,85.55999755859375,84.56999969482422,85.20999908447266,84.09832763671875,27228800
2025-03-27,WMT,Walmart,84.77999877929688,86.11000061035156,84.77999877929688,85.62999725341797,84.51285552978516,16782800
2025-03-28,WMT,Walmart,85.43000030517578,85.83000183105469,84.69999694824219,85.1500015258789,84.03911590576172,14790600
2025-03-31,WMT,Walmart,84.76000213623047,88.19999694824219,84.37000274658203,87.79000091552734,86.64466857910156,30269300
2025-04-01,WMT,Walmart,87.54000091552734,89.11000061035156,87.37000274658203,88.83000183105469,87.67111206054688,22080300
2025-04-02,WMT,Walmart,88.19999694824219,90.1500015258789,88.12000274658203,89.76000213623047,88.58898162841797,19384100
2025-04-03,WMT,Walmart,86.27999877929688,89.87999725341797,86.27999877929688,87.26000213623047,86.12157440185547,33012900
2025-04-04,WMT,Walmart,85.63999938964844,87.38999938964844,82.6500015258789,83.19000244140625,82.10468292236328,36209000
2025-04-07,WMT,Walmart,80.23999786376953,86.26000213623047,79.80999755859375,83.83000183105469,82.73633575439453,36884900
2025-04-08,WMT,Walmart,85.8499984741211,86.97000122070312,81.02999877929688,81.79000091552734,80.72296142578125,34351700
2025-04-09,WMT,Walmart,83.33000183105469,90.80000305175781,83.0199966430664,89.5999984741211,88.4310531616211,46632800
2025-04-10,WMT,Walmart,88.7300033569336,91.87000274658203,88.16000366210938,90.61000061035156,89.42788696289062,34735300
2025-04-11,WMT,Walmart,90.68000030517578,93.3499984741211,90.01000213623047,92.80000305175781,91.58930206298828,25508100
2025-04-14,WMT,Walmart,93.2699966430664,95.44000244140625,92.9000015258789,94.7300033569336,93.494140625,27742900
2025-04-15,WMT,Walmart,94.81999969482422,96.02999877929688,93.87000274658203,93.97000122070312,92.74404907226562,21871200
2025-04-16,WMT,Walmart,94.0,94.30000305175781,90.61000061035156,91.19000244140625,90.00032043457031,22229100
2025-04-17,WMT,Walmart,91.83000183105469,93.87000274658203,91.62000274658203,93.22000122070312,92.00382232666016,21393900
2025-04-21,WMT,Walmart,93.0199966430664,94.08000183105469,91.33999633789062,92.41000366210938,91.20439910888672,18361200
2025-04-22,WMT,Walmart,92.87999725341797,95.29000091552734,92.87999725341797,94.8499984741211,93.61256408691406,15407800
2025-04-23,WMT,Walmart,95.0199966430664,96.5999984741211,94.16000366210938,94.95999908447266,93.72113037109375,18046900
2025-04-24,WMT,Walmart,94.70999908447266,96.22000122070312,93.66000366210938,95.83999633789062,94.58964538574219,13444500
2025-04-25,WMT,Walmart,95.80000305175781,96.47000122070312,94.36000061035156,95.08999633789062,93.84943389892578,15317200
2025-04-28,WMT,Walmart,95.0999984741211,96.0,94.33999633789062,95.22000122070312,93.97772979736328,12950000
2025-04-29,WMT,Walmart,94.83999633789062,96.18000030517578,94.41999816894531,96.04000091552734,94.78704071044922,12679000
2025-04-30,WMT,Walmart,95.94000244140625,97.77999877929688,94.93000030517578,97.25,95.98126220703125,21639900
2025-05-01,WMT,Walmart,97.0199966430664,97.9000015258789,96.58999633789062,97.41000366210938,96.13916778564453,13171800
2025-05-02,WMT,Walmart,97.94999694824219,99.22000122070312,97.8499984741211,98.75,97.46168518066406,16031400
2025-05-05,WMT,Walmart,98.94000244140625,99.73999786376953,98.52999877929688,99.33000183105469,98.03411865234375,12439100
2025-05-06,WMT,Walmart,98.73999786376953,99.47000122070312,98.41000366210938,98.55000305175781,97.26429748535156,10626000
2025-05-07,WMT,Walmart,98.55000305175781,99.2300033569336,98.30999755859375,98.83000183105469,97.5406265258789,11301300
2025-05-08,WMT,Walmart,98.75,99.33000183105469,97.36000061035156,97.43000030517578,96.1589126586914,14461100
2025-05-09,WMT,Walmart,96.75,97.19999694824219,96.29000091552734,96.72000122070312,95.68896484375,13697800
2025-05-12,WMT,Walmart,97.66999816894531,97.97000122070312,95.62000274658203,96.75,95.71864318847656,26783900
2025-05-13,WMT,Walmart,96.5,97.31999969482422,95.2300033569336,95.87999725341797,94.85792541503906,19746700
2025-05-14,WMT,Walmart,96.02999877929688,97.33000183105469,95.83000183105469,96.83000183105469,95.79779052734375,25620100
2025-05-15,WMT,Walmart,94.30000305175781,96.72000122070312,91.88999938964844,96.3499984741211,95.32291412353516,44026100
2025-05-16,WMT,Walmart,96.13999938964844,99.19000244140625,96.0,98.23999786376953,97.19275665283203,33746200
2025-05-19,WMT,Walmart,96.6500015258789,98.27999877929688,95.80999755859375,98.12000274658203,97.07405090332031,20041600
2025-05-20,WMT,Walmart,98.55999755859375,98.81999969482422,96.5199966430664,97.80000305175781,96.75746154785156,15609600
2025-05-21,WMT,Walmart,97.12999725341797,97.76000213623047,95.9800033569336,96.43000030517578,95.40205383300781,15742300
2025-05-22,WMT,Walmart,96.54000091552734,96.95999908447266,95.81999969482422,95.93000030517578,94.90738677978516,13712200
2025-05-23,WMT,Walmart,95.33999633789062,96.54000091552734,95.0,96.33999633789062,95.3130111694336,13668600
2025-05-27,WMT,Walmart,97.30000305175781,97.80000305175781,96.58000183105469,97.58000183105469,96.53980255126953,17180900
2025-05-28,WMT,Walmart,97.5199966430664,98.23999786376953,97.05999755859375,97.23999786376953,96.20342254638672,11220100
2025-05-29,WMT,Walmart,97.62999725341797,97.7699966430664,96.8499984741211,97.0999984741211,96.06491088867188,14338000
2025-05-30,WMT,Walmart,96.95999908447266,98.93000030517578,96.5999984741211,98.72000122070312,97.66764068603516,29980100
2025-06-02,WMT,Walmart,98.83999633789062,99.91000366210938,98.05000305175781,99.7699966430664,98.70645141601562,16999200
2025-06-03,WMT,Walmart,99.56999969482422,100.88999938964844,98.56999969482422,99.9800033569336,98.91421508789062,15598600
2025-06-04,WMT,Walmart,99.79000091552734,100.12999725341797,99.31999969482422,99.3499984741211,98.29093933105469,11115600
2025-06-05,WMT,Walmart,99.30000305175781,99.58999633789062,97.61000061035156,97.95999908447266,96.9157485961914,15817100
2025-06-06,WMT,Walmart,98.37000274658203,98.55999755859375,96.97000122070312,97.47000122070312,96.43096923828125,15599300
2025-06-09,WMT,Walmart,97.4000015258789,97.8499984741211,96.7699966430664,97.44999694824219,96.41117858886719,13655700
2025-06-10,WMT,Walmart,97.29000091552734,98.08999633789062,96.4800033569336,97.31999969482422,96.28257751464844,17162500
2025-06-11,WMT,Walmart,97.29000091552734,97.29000091552734,95.3499984741211,95.80000305175781,94.7787857055664,16389600
2025-06-12,WMT,Walmart,94.88999938964844,95.26000213623047,93.43000030517578,94.83000183105469,93.81912231445312,17845700
2025-06-13,WMT,Walmart,94.5199966430664,95.31999969482422,94.01000213623047,94.44000244140625,93.43328094482422,18694700
2025-06-16,WMT,Walmart,94.75,95.77999877929688,94.0999984741211,94.29000091552734,93.28486633300781,14881700
2025-06-17,WMT,Walmart,93.94999694824219,94.81999969482422,93.62000274658203,94.25,93.24529266357422,14935600
2025-06-18,WMT,Walmart,94.56999969482422,95.48999786376953,94.08999633789062,95.08999633789062,94.07633972167969,11333700
2025-06-20,WMT,Walmart,95.23999786376953,96.30999755859375,95.19999694824219,96.12000274658203,95.09536743164062,20604900
2025-06-23,WMT,Walmart,95.91999816894531,97.93000030517578,95.66999816894531,97.87000274658203,96.82670593261719,20432400
2025-06-24,WMT,Walmart,97.7300033569336,99.11000061035156,97.25,98.0,96.95532989501953,22403700
2025-06-25,WMT,Walmart,98.30999755859375,98.55999755859375,97.1500015258789,97.26000213623047,96.22320556640625,11154700
2025-06-26,WMT,Walmart,96.9000015258789,97.33999633789062,95.91999816894531,96.0199966430664,94.99642181396484,19361400
2025-06-27,WMT,Walmart,96.31999969482422,97.76000213623047,96.16000366210938,97.2699966430664,96.23310852050781,31431900
2025-06-30,WMT,Walmart,97.2300033569336,98.13999938964844,96.30999755859375,97.77999877929688,96.73765563964844,17803000
2025-07-01,WMT,Walmart,97.5999984741211,99.19000244140625,97.41999816894531,98.23999786376953,97.19275665283203,15635800
2025-07-02,WMT,Walmart,98.12999725341797,98.37999725341797,97.05999755859375,97.61000061035156,96.5694808959961,12502000
2025-07-03,WMT,Walmart,97.69999694824219,98.4800033569336,97.41999816894531,98.36000061035156,97.31148529052734,7686200
2025-07-07,WMT,Walmart,98.2300033569336,99.3499984741211,97.62000274658203,99.3499984741211,98.29093933105469,12930900
2025-07-08,WMT,Walmart,98.81999969482422,99.16999816894531,96.51000213623047,97.08999633789062,96.05502319335938,16875000
2025-07-09,WMT,Walmart,97.1500015258789,97.29000091552734,96.37999725341797,96.80999755859375,95.77800750732422,13702600
2025-07-10,WMT,Walmart,96.66000366210938,96.77999877929688,94.73999786376953,94.86000061035156,93.84880065917969,18894800
2025-07-11,WMT,Walmart,95.01000213623047,95.52999877929688,94.2300033569336,94.4000015258789,93.3936996459961,14595000
2025-07-14,WMT,Walmart,94.51000213623047,95.83999633789062,94.37999725341797,95.77999877929688,94.75898742675781,13779100
2025-07-15,WMT,Walmart,95.5999984741211,95.77999877929688,94.94000244140625,95.38999938964844,94.37313842773438,10450800
2025-07-16,WMT,Walmart,95.41999816894531,95.83000183105469,94.61000061035156,95.1500015258789,94.13570404052734,11181600
2025-07-17,WMT,Walmart,95.08000183105469,95.62999725341797,94.88999938964844,95.08999633789062,94.07633972167969,11165100
2025-07-18,WMT,Walmart,95.08999633789062,95.4800033569336,94.43000030517578,95.05000305175781,94.03677368164062,14636300
2025-07-21,WMT,Walmart,95.26000213623047,96.63999938964844,95.0999984741211,95.66999816894531,94.65015411376953,13450400
2025-07-22,WMT,Walmart,95.83999633789062,96.66999816894531,95.73999786376953,95.8499984741211,94.82823944091797,9049100
2025-07-23,WMT,Walmart,96.01000213623047,96.29000091552734,95.29000091552734,95.68000030517578,94.66004943847656,9729700
2025-07-24,WMT,Walmart,95.56999969482422,96.95999908447266,95.3499984741211,96.5999984741211,95.57024383544922,14991500
2025-07-25,WMT,Walmart,96.83999633789062,97.6500015258789,96.52999877929688,97.47000122070312,96.43096923828125,12868500
2025-07-28,WMT,Walmart,97.27999877929688,98.12999725341797,97.08000183105469,97.61000061035156,96.5694808959961,12293100
2025-07-29,WMT,Walmart,97.77999877929688,98.72000122070312,97.33999633789062,98.33000183105469,97.28180694580078,14034300
2025-07-30,WMT,Walmart,98.61000061035156,98.87999725341797,97.29000091552734,97.58999633789062,96.54969787597656,13864100
2025-07-31,WMT,Walmart,97.44000244140625,98.62999725341797,97.30999755859375,97.9800033569336,96.93553924560547,15651300
2025-08-01,WMT,Walmart,98.0,98.83000183105469,97.66999816894531,98.48999786376953,97.44009399414062,16750400
2025-08-04,WMT,Walmart,98.19999694824219,99.91000366210938,98.19999694824219,99.58999633789062,98.52836608886719,19050200
2025-08-05,WMT,Walmart,99.66999816894531,100.47000122070312,98.91000366210938,99.30999755859375,98.25135040283203,17977000
2025-08-06,WMT,Walmart,99.45999908447266,103.69000244140625,99.45999908447266,103.36000061035156,102.2581787109375,23738400
2025-08-07,WMT,Walmart,103.45999908447266,103.9000015258789,102.11000061035156,103.12000274658203,102.02074432373047,12509500
2025-08-08,WMT,Walmart,103.37000274658203,104.72000122070312,103.1500015258789,103.7300033569336,102.62423706054688,12394700
2025-08-11,WMT,Walmart,103.9000015258789,104.33000183105469,103.11000061035156,103.93000030517578,102.82211303710938,12856700
2025-08-12,WMT,Walmart,104.25,104.30999755859375,103.37000274658203,103.62000274658203,102.51541900634766,17915300
2025-08-13,WMT,Walmart,102.1500015258789,102.80999755859375,100.8499984741211,100.98999786376953,99.91343688964844,19398500
2025-08-14,WMT,Walmart,101.22000122070312,101.44000244140625,100.72000122070312,100.8499984741211,99.77494049072266,10858400
2025-08-15,WMT,Walmart,100.62999725341797,100.7699966430664,99.54000091552734,100.0,99.16507720947266,13604900
2025-08-18,WMT,Walmart,100.0,100.87999725341797,99.91999816894531,100.69999694824219,99.85922241210938,11656100
2025-08-19,WMT,Walmart,100.95999908447266,102.43000030517578,100.80000305175781,101.29000091552734,100.44429779052734,16999000
2025-08-20,WMT,Walmart,101.1500015258789,102.6500015258789,100.93000030517578,102.56999969482422,101.71361541748047,18655000
2025-08-21,WMT,Walmart,99.41000366210938,99.44999694824219,96.94999694824219,97.95999908447266,97.14210510253906,51825100
2025-08-22,WMT,Walmart,98.06999969482422,99.05000305175781,96.76000213623047,96.83000183105469,96.02153778076172,32695200
2025-08-25,WMT,Walmart,97.0,97.58000183105469,96.06999969482422,96.06999969482422,95.26788330078125,18956100
2025-08-26,WMT,Walmart,96.27999877929688,96.47000122070312,95.41999816894531,96.05000305175781,95.24806213378906,22270400
2025-08-27,WMT,Walmart,95.9000015258789,96.31999969482422,95.5999984741211,96.08000183105469,95.27780151367188,12925700
2025-08-28,WMT,Walmart,96.0,96.56999969482422,95.69999694824219,96.11000061035156,95.30755615234375,19241600
2025-08-29,WMT,Walmart,96.0999984741211,97.02999877929688,95.80000305175781,96.9800033569336,96.1702880859375,15600300
2025-09-02,WMT,Walmart,97.2300033569336,97.8499984741211,96.51000213623047,97.8499984741211,97.03302764892578,15351300
2025-09-03,WMT,Walmart,97.8499984741211,99.44000244140625,97.5,99.44000244140625,98.60975646972656,18995900
2025-09-04,WMT,Walmart,99.91000366210938,101.3499984741211,99.6500015258789,100.93000030517578,100.08731079101562,15640900
2025-09-05,WMT,Walmart,101.08000183105469,101.4800033569336,99.55000305175781,100.51000213623047,99.67081451416016,13748500
2025-09-08,WMT,Walmart,100.8499984741211,102.36000061035156,100.41999816894531,102.27999877929688,101.42603302001953,13685700
2025-09-09,WMT,Walmart,102.0,102.48999786376953,101.55000305175781,102.29000091552734,101.43595123291016,11819700
2025-09-10,WMT,Walmart,101.94999694824219,102.44999694824219,100.38999938964844,100.41000366210938,99.5716552734375,17934900
2025-09-11,WMT,Walmart,100.98999786376953,102.77999877929688,100.27999877929688,102.6500015258789,101.79295349121094,15900800
2025-09-12,WMT,Walmart,102.54000091552734,103.9800033569336,102.36000061035156,103.48999786376953,102.62593078613281,11641900
2025-09-15,WMT,Walmart,103.6500015258789,103.9800033569336,103.41000366210938,103.69000244140625,102.82426452636719,10756900
2025-09-16,WMT,Walmart,103.8499984741211,104.20999908447266,103.12999725341797,103.41999816894531,102.5565185546875,14481900
2025-09-17,WMT,Walmart,103.7300033569336,106.11000061035156,103.7300033569336,104.2699966430664,103.39942169189453,25382000
2025-09-18,WMT,Walmart,103.77999877929688,104.63999938964844,102.12000274658203,103.5999984741211,102.73501586914062,14869400
2025-09-19,WMT,Walmart,103.80999755859375,103.94000244140625,102.08999633789062,102.33000183105469,101.47562408447266,34791600
2025-09-22,WMT,Walmart,102.44999694824219,103.19999694824219,101.91999816894531,102.81999969482422,101.96151733398438,12861900
2025-09-23,WMT,Walmart,102.41000366210938,102.68000030517578,101.33000183105469,102.5199966430664,101.66403198242188,13158700
2025-09-24,WMT,Walmart,103.04000091552734,103.47000122070312,102.4800033569336,102.7300033569336,101.87227630615234,11391800
2025-09-25,WMT,Walmart,103.22000122070312,103.51000213623047,102.58000183105469,103.05000305175781,102.18960571289062,13366700
2025-09-26,WMT,Walmart,102.87999725341797,103.48999786376953,102.47000122070312,103.16000366210938,102.29869842529297,11859300
2025-09-29,WMT,Walmart,103.05000305175781,103.30999755859375,102.08000183105469,103.08000183105469,102.2193603515625,15477200
2025-09-30,WMT,Walmart,103.0,103.94000244140625,102.72000122070312,103.05999755859375,102.19952392578125,13873400
2025-10-01,WMT,Walmart,102.55999755859375,102.86000061035156,100.55000305175781,101.95999908447266,101.10871124267578,16142800
2025-10-02,WMT,Walmart,101.44999694824219,102.13999938964844,99.87000274658203,101.69999694824219,100.85087585449219,15605400
2025-10-03,WMT,Walmart,101.45999908447266,102.81999969482422,101.19999694824219,102.06999969482422,101.21778869628906,11867500
2025-10-06,WMT,Walmart,101.87999725341797,103.06999969482422,101.58000183105469,102.69999694824219,101.84252166748047,13303600
2025-10-07,WMT,Walmart,102.37999725341797,103.25,100.94999694824219,103.23999786376953,102.37802124023438,15538900
2025-10-08,WMT,Walmart,103.0199966430664,103.26000213623047,102.1500015258789,102.9000015258789,102.04085540771484,13584100
2025-10-09,WMT,Walmart,103.12999725341797,103.44999694824219,100.37000274658203,101.7699966430664,100.92029571533203,19508000
2025-10-10,WMT,Walmart,102.05000305175781,103.62999725341797,101.5199966430664,101.83999633789062,100.98970031738281,18519400
2025-10-13,WMT,Walmart,101.37000274658203,102.44999694824219,101.06999969482422,102.12000274658203,101.26737213134766,10871200
2025-10-14,WMT,Walmart,104.05000305175781,107.91999816894531,102.88999938964844,107.20999908447266,106.31487274169922,30859500
2025-10-15,WMT,Walmart,107.31999969482422,109.55999755859375,107.30000305175781,109.02999877929688,108.11968231201172,21416300
2025-10-16,WMT,Walmart,109.19999694824219,109.58000183105469,105.66000366210938,106.47000122070312,105.58106231689453,16366200
2025-10-17,WMT,Walmart,107.16999816894531,108.19999694824219,106.22000122070312,107.7300033569336,106.83052825927734,13735600
2025-10-20,WMT,Walmart,107.8499984741211,108.25,106.61000061035156,107.05000305175781,106.15621185302734,10581200
2025-10-21,WMT,Walmart,107.33000183105469,107.4800033569336,106.18000030517578,106.22000122070312,105.33314514160156,10899700
2025-10-22,WMT,Walmart,106.55000305175781,107.7699966430664,105.66000366210938,107.13999938964844,106.2454605102539,12296500
2025-10-23,WMT,Walmart,107.3499984741211,107.56999969482422,105.77999877929688,106.86000061035156,105.96780395507812,11408200
2025-10-24,WMT,Walmart,107.06999969482422,107.16999816894531,105.51000213623047,106.16999816894531,105.28355407714844,10318000
2025-10-27,WMT,Walmart,106.33999633789062,106.36000061035156,104.1500015258789,104.47000122070312,103.5977554321289,16375900
2025-10-28,WMT,Walmart,104.05999755859375,104.13999938964844,103.05000305175781,103.16999816894531,102.30860137939453,13323000
2025-10-29,WMT,Walmart,102.91000366210938,103.66999816894531,102.11000061035156,102.45999908447266,101.60453796386719,11986400
2025-10-30,WMT,Walmart,102.19999694824219,103.37000274658203,101.95999908447266,102.2300033569336,101.37645721435547,14065100
2025-10-31,WMT,Walmart,101.69999694824219,102.0999984741211,100.18000030517578,101.18000030517578,100.3352279663086,20237000
2025-11-03,WMT,Walmart,100.81999969482422,101.80000305175781,100.4000015258789,101.58999633789062,100.74179077148438,14811700
2025-11-04,WMT,Walmart,102.12999725341797,102.62000274658203,101.45999908447266,102.2699966430664,101.4161148071289,12636400
2025-11-05,WMT,Walmart,101.73999786376953,102.68000030517578,100.8499984741211,101.47000122070312,100.622802734375,13356800
2025-11-06,WMT,Walmart,101.33999633789062,101.93000030517578,100.02999877929688,101.68000030517578,100.83104705810547,14866000
2025-11-07,WMT,Walmart,102.12999725341797,102.97000122070312,101.7300033569336,102.58999633789062,101.73344421386719,17248700
2025-11-10,WMT,Walmart,102.1500015258789,102.66999816894531,101.5999984741211,102.41999816894531,101.56487274169922,14507600
2025-11-11,WMT,Walmart,102.5,103.73999786376953,102.31999969482422,103.44000244140625,102.57635498046875,13182100
2025-11-12,WMT,Walmart,103.3499984741211,103.5999984741211,102.66000366210938,103.44000244140625,102.57635498046875,12084400
2025-11-13,WMT,Walmart,103.58999633789062,103.93000030517578,102.0199966430664,102.54000091552734,101.68386840820312,18088500
2025-11-14,WMT,Walmart,100.19999694824219,102.48999786376953,98.87999725341797,102.4800033569336,101.62437438964844,23424200
2025-11-17,WMT,Walmart,102.58000183105469,103.31999969482422,102.0999984741211,102.94999694824219,102.09044647216797,15289400
2025-11-18,WMT,Walmart,102.9800033569336,103.33999633789062,101.37999725341797,101.38999938964844,100.54347229003906,17604500
2025-11-19,WMT,Walmart,101.58000183105469,101.70999908447266,99.68000030517578,100.61000061035156,99.76997375488281,22157000
2025-11-20,WMT,Walmart,103.94000244140625,107.91000366210938,102.68000030517578,107.11000061035156,106.21570587158203,50375900
2025-11-21,WMT,Walmart,107.9800033569336,108.1500015258789,104.72000122070312,105.31999969482422,104.4406509399414,41420800
2025-11-24,WMT,Walmart,105.36000061035156,106.2699966430664,103.76000213623047,104.05999755859375,103.19117736816406,42519200
2025-11-25,WMT,Walmart,104.61000061035156,107.41999816894531,104.2300033569336,107.0,106.10662841796875,20212900
2025-11-26,WMT,Walmart,107.19999694824219,109.58999633789062,107.16999816894531,109.0999984741211,108.18909454345703,17783300
2025-11-28,WMT,Walmart,109.30000305175781,110.69999694824219,109.0,110.51000213623047,109.58732604980469,9846500
2025-12-01,WMT,Walmart,110.51000213623047,111.76000213623047,110.36000061035156,111.52999877929688,110.59881591796875,17236800
2025-12-02,WMT,Walmart,111.47000122070312,112.6500015258789,110.79000091552734,112.41000366210938,111.4714584350586,18711800
2025-12-03,WMT,Walmart,112.5,114.88999938964844,112.22000122070312,114.41000366210938,113.45476531982422,24478300
2025-12-04,WMT,Walmart,113.62000274658203,114.88999938964844,113.16000366210938,114.83999633789062,113.88117218017578,25905100
2025-12-05,WMT,Walmart,114.7300033569336,116.2699966430664,114.68000030517578,115.11000061035156,114.14891815185547,23956400
2025-12-08,WMT,Walmart,114.56999969482422,114.98999786376953,112.30000305175781,113.55999755859375,112.61185455322266,22700700
2025-12-09,WMT,Walmart,113.94999694824219,115.72000122070312,113.0199966430664,115.05999755859375,114.09933471679688,24326700
2025-12-10,WMT,Walmart,115.3499984741211,116.2300033569336,112.98999786376953,113.18000030517578,112.23503112792969,22859600
2025-12-11,WMT,Walmart,113.13999938964844,115.87000274658203,112.8499984741211,115.5199966430664,114.55548858642578,21586600
2025-12-12,WMT,Walmart,115.26000213623047,116.94999694824219,115.0199966430664,116.69999694824219,115.96153259277344,19092400
2025-12-15,WMT,Walmart,116.93000030517578,117.44999694824219,115.63999938964844,116.79000091552734,116.05097198486328,18713700
2025-12-16,WMT,Walmart,116.58000183105469,116.87999725341797,114.94999694824219,115.41999816894531,114.68963623046875,19642300
2025-12-17,WMT,Walmart,115.19999694824219,116.38999938964844,115.06999969482422,115.66000366210938,114.92813110351562,16177800
2025-12-18,WMT,Walmart,115.01000213623047,116.4800033569336,114.61000061035156,114.83000183105469,114.10337829589844,21476700
2025-12-19,WMT,Walmart,115.13999938964844,115.27999877929688,113.52999877929688,114.36000061035156,113.6363525390625,50043800
2025-12-22,WMT,Walmart,114.01000213623047,114.31999969482422,112.22000122070312,112.5999984741211,111.88748168945312,21473900
2025-12-23,WMT,Walmart,111.98999786376953,112.3499984741211,110.69999694824219,110.9000015258789,110.19824981689453,20319900
2025-12-24,WMT,Walmart,110.9000015258789,111.70999908447266,110.55000305175781,111.61000061035156,110.90374755859375,9009600
2025-12-26,WMT,Walmart,111.72000122070312,111.97000122070312,111.36000061035156,111.73999786376953,111.03292846679688,9003800
2025-12-29,WMT,Walmart,111.58999633789062,112.77999877929688,111.56999969482422,112.52999877929688,111.81793212890625,12979600
2025-12-30,WMT,Walmart,111.88999938964844,112.69000244140625,111.83999633789062,111.91999816894531,111.21178436279297,11730600
2025-12-31,WMT,Walmart,111.7300033569336,112.25,111.31999969482422,111.41000366210938,110.70501708984375,11487400
2026-01-02,WMT,Walmart,111.43000030517578,112.79000091552734,111.12000274658203,112.76000213623047,112.04647827148438,14306600
2026-01-05,WMT,Walmart,112.81999969482422,113.7300033569336,112.1500015258789,112.70999908447266,111.99678802490234,19557600
2026-01-06,WMT,Walmart,112.4000015258789,114.79000091552734,111.98999786376953,114.33999633789062,113.61647033691406,20120800
2026-01-07,WMT,Walmart,114.19000244140625,114.7300033569336,112.0999984741211,112.72000122070312,112.00672912597656,23306000
2026-01-08,WMT,Walmart,111.29000091552734,113.47000122070312,109.80999755859375,113.06999969482422,112.3545150756836,24058300
2026-01-09,WMT,Walmart,112.26000213623047,115.45999908447266,112.26000213623047,114.52999877929688,113.8052749633789,21902900
2026-01-12,WMT,Walmart,117.5,118.83999633789062,116.41000366210938,117.97000122070312,117.2235107421875,49182100
2026-01-13,WMT,Walmart,117.88999938964844,120.51000213623047,117.7300033569336,120.36000061035156,119.598388671875,31222100
2026-01-14,WMT,Walmart,120.19000244140625,121.23999786376953,119.02999877929688,120.04000091552734,119.28041076660156,32764000
2026-01-15,WMT,Walmart,119.9800033569336,120.87000274658203,118.7300033569336,119.19999694824219,118.44572448730469,34559400
2026-01-16,WMT,Walmart,118.66999816894531,120.5999984741211,116.9000015258789,119.69999694824219,118.94255828857422,415144600
2026-01-20,WMT,Walmart,120.88999938964844,121.62000274658203,117.61000061035156,118.70999908447266,117.95882415771484,45334000
2026-01-21,WMT,Walmart,118.08000183105469,120.48999786376953,117.55000305175781,119.36000061035156,118.6047134399414,34811700
2026-01-22,WMT,Walmart,119.29000091552734,119.5199966430664,117.6500015258789,117.83000183105469,117.08439636230469,24547300
2026-01-23,WMT,Walmart,118.16999816894531,118.61000061035156,117.13999938964844,117.7300033569336,116.98502349853516,20806900
2026-01-26,WMT,Walmart,117.80999755859375,118.8499984741211,117.38999938964844,117.63999938964844,116.89559936523438,19552200
2026-01-27,WMT,Walmart,117.5,117.62999725341797,115.4800033569336,116.94000244140625,116.20002746582031,22968600
2026-01-28,WMT,Walmart,116.63999938964844,117.45999908447266,115.87000274658203,116.56999969482422,115.83236694335938,16342000
2026-01-29,WMT,Walmart,116.44999694824219,117.66000366210938,116.06999969482422,117.41000366210938,116.66705322265625,16381100
2026-01-30,WMT,Walmart,116.91000366210938,119.41000366210938,116.5999984741211,119.13999938964844,118.3861083984375,22215400
2026-02-02,WMT,Walmart,119.5,124.19999694824219,119.05000305175781,124.05999755859375,123.27496337890625,31210100
2026-02-03,WMT,Walmart,123.6500015258789,128.1699981689453,123.6500015258789,127.70999908447266,126.9018783569336,32018700
2026-02-04,WMT,Walmart,128.1300048828125,129.41000366210938,127.08999633789062,128.0,127.1900405883789,27531800
2026-02-05,WMT,Walmart,128.5800018310547,129.60000610351562,126.55999755859375,126.94000244140625,126.13674926757812,30517800
2026-02-06,WMT,Walmart,127.29000091552734,131.6999969482422,127.05000305175781,131.17999267578125,130.34991455078125,26593400
2026-02-09,WMT,Walmart,131.4199981689453,131.7899932861328,128.08999633789062,129.02000427246094,128.20359802246094,27197300
2026-02-10,WMT,Walmart,128.94000244140625,129.33999633789062,126.38999938964844,126.69999694824219,125.89826202392578,24662000
2026-02-11,WMT,Walmart,126.69999694824219,129.74000549316406,126.62999725341797,128.77000427246094,127.95516204833984,19232100
2026-02-12,WMT,Walmart,129.3800048828125,134.49000549316406,129.30999755859375,133.63999938964844,132.79434204101562,33382700
2026-02-13,WMT,Walmart,132.6999969482422,134.64999389648438,131.75,133.88999938964844,133.0427703857422,24131200
2026-02-17,WMT,Walmart,133.11000061035156,134.69000244140625,128.16000366210938,128.85000610351562,128.03466796875,37995900
2026-02-18,WMT,Walmart,128.1300048828125,128.8699951171875,125.7699966430664,126.62000274658203,125.81877899169922,36485000
2026-02-19,WMT,Walmart,128.5,130.10000610351562,124.4000015258789,124.87000274658203,124.07984924316406,42993300
2026-02-20,WMT,Walmart,123.0,123.4800033569336,121.05000305175781,122.98999786376953,122.21173858642578,35151000
2026-02-23,WMT,Walmart,123.5199966430664,126.80000305175781,122.95999908447266,125.80999755859375,125.01390075683594,25662800
2026-02-24,WMT,Walmart,125.9000015258789,128.0399932861328,124.91000366210938,126.75,125.94794464111328,20161200
2026-02-25,WMT,Walmart,126.61000061035156,127.4000015258789,125.41999816894531,125.75,124.95427703857422,17345700
2026-02-26,WMT,Walmart,125.9800033569336,127.33000183105469,123.94000244140625,124.41999816894531,123.6326904296875,18638300
2026-02-27,WMT,Walmart,125.5199966430664,128.60000610351562,125.1500015258789,127.94999694824219,127.14035034179688,29205500
2026-03-02,WMT,Walmart,127.45999908447266,128.75,127.05000305175781,127.0999984741211,126.29573059082031,17091500
2026-03-03,WMT,Walmart,126.5199966430664,128.3699951171875,125.66999816894531,127.91000366210938,127.1006088256836,16480400
2026-03-04,WMT,Walmart,127.11000061035156,128.1699981689453,126.23999786376953,127.80999755859375,127.00123596191406,16434100
2026-03-05,WMT,Walmart,125.37999725341797,125.68000030517578,121.6500015258789,123.30999755859375,122.52970886230469,28604900
2026-03-06,WMT,Walmart,122.5,124.19000244140625,121.62000274658203,123.80000305175781,123.0166244506836,21553000
2026-03-09,WMT,Walmart,123.69000244140625,124.51000213623047,122.5,124.33999633789062,123.55319213867188,19375900
2026-03-10,WMT,Walmart,124.20999908447266,126.0999984741211,123.3499984741211,125.12000274658203,124.32826232910156,18793600
2026-03-11,WMT,Walmart,125.30999755859375,125.48999786376953,123.05000305175781,123.48999786376953,122.70858001708984,18176500
2026-03-12,WMT,Walmart,122.30000305175781,125.38999938964844,122.27999877929688,125.33000183105469,124.53693389892578,21751600
2026-03-13,WMT,Walmart,125.38999938964844,126.69000244140625,124.97000122070312,126.5199966430664,125.71939086914062,15194100
2026-03-16,WMT,Walmart,126.76000213623047,126.9800033569336,124.83000183105469,125.98999786376953,125.1927490234375,20463200
2026-03-17,WMT,Walmart,126.6500015258789,127.19000244140625,124.86000061035156,125.08000183105469,124.28851318359375,19895000
2026-03-18,WMT,Walmart,124.33000183105469,124.61000061035156,121.83000183105469,121.9800033569336,121.2081298828125,19734900
2026-03-19,WMT,Walmart,122.4000015258789,122.75,119.2699966430664,121.08999633789062,120.32376098632812,17927700
2026-03-20,WMT,Walmart,120.62999725341797,121.30000305175781,118.0199966430664,119.0199966430664,118.50957489013672,57545600
2026-03-23,WMT,Walmart,120.4800033569336,121.12999725341797,119.05000305175781,120.72000122070312,120.2022933959961,22181500
2026-03-24,WMT,Walmart,120.62999725341797,124.11000061035156,120.48999786376953,122.05000305175781,121.5265884399414,17269600
2026-03-25,WMT,Walmart,122.80999755859375,123.48999786376953,121.77999877929688,123.05999755859375,122.5322494506836,16597300
2026-03-26,WMT,Walmart,123.61000061035156,123.80000305175781,121.79000091552734,122.18000030517578,121.6560287475586,16442500
2026-03-27,WMT,Walmart,122.02999877929688,124.2699966430664,121.81999969482422,122.88999938964844,122.36298370361328,16543300
2026-03-30,WMT,Walmart,123.70999908447266,125.26000213623047,123.13999938964844,123.5,122.97036743164062,20428900
2026-03-31,WMT,Walmart,123.43000030517578,125.0,122.83999633789062,124.27999877929688,123.74702453613281,21330400
2026-04-01,WMT,Walmart,123.80000305175781,125.2300033569336,123.12999725341797,124.73999786376953,124.20504760742188,17039700
2026-04-02,WMT,Walmart,125.1500015258789,125.9000015258789,124.1500015258789,125.79000091552734,125.25054931640625,11898400
2026-04-06,WMT,Walmart,125.80999755859375,126.9800033569336,125.37000274658203,126.79000091552734,126.24626159667969,10850400
2026-04-07,WMT,Walmart,126.19000244140625,126.36000061035156,121.79000091552734,122.48999786376953,121.9646987915039,16076000
2026-04-08,WMT,Walmart,122.27999877929688,127.30000305175781,121.33000183105469,127.26000213623047,126.71424865722656,20194300
2026-04-09,WMT,Walmart,127.08999633789062,129.69000244140625,126.81999969482422,129.1300048828125,128.57623291015625,13853100
2026-04-10,WMT,Walmart,128.72000122070312,128.92999267578125,126.22000122070312,126.7699966430664,126.2263412475586,13894000
2026-04-13,WMT,Walmart,126.29000091552734,126.30000305175781,123.94999694824219,124.56999969482422,124.03578186035156,14510600
2026-04-14,WMT,Walmart,123.1500015258789,125.19999694824219,122.55000305175781,125.05000305175781,124.51371765136719,15320800
2026-04-15,WMT,Walmart,124.62999725341797,125.06999969482422,123.18000030517578,124.76000213623047,124.22496032714844,17001400
2026-04-16,WMT,Walmart,124.33000183105469,125.94000244140625,123.97000122070312,124.81999969482422,124.28469848632812,18324500
2026-04-17,WMT,Walmart,124.56999969482422,127.56999969482422,123.37000274658203,127.5,126.95321655273438,24763700
2026-04-20,WMT,Walmart,127.87000274658203,129.47000122070312,127.31999969482422,127.91999816894531,127.37140655517578,18933600
2026-04-21,WMT,Walmart,127.83000183105469,129.77000427246094,127.4800033569336,129.60000610351562,129.04420471191406,17312400
2026-04-22,WMT,Walmart,130.0,130.4499969482422,128.83999633789062,129.97999572753906,129.42257690429688,17624500
2026-04-23,WMT,Walmart,130.57000732421875,132.4600067138672,130.49000549316406,132.02999877929688,131.4637908935547,16376000
2026-04-24,WMT,Walmart,131.94000244140625,132.1199951171875,129.27999877929688,129.9199981689453,129.3628387451172,16016300
2026-04-27,WMT,Walmart,129.6199951171875,129.80999755859375,127.4000015258789,127.58999633789062,127.04281616210938,17029500
2026-04-28,WMT,Walmart,129.33999633789062,129.77000427246094,126.77999877929688,127.58999633789062,127.04281616210938,16341800
2026-04-29,WMT,Walmart,126.68000030517578,128.0800018310547,125.91000366210938,128.00999450683594,127.46102142333984,16538800
2026-04-30,WMT,Walmart,128.02000427246094,132.42999267578125,127.94999694824219,131.92999267578125,131.36419677734375,19867700
2026-05-01,WMT,Walmart,131.9199981689453,133.3699951171875,130.97999572753906,131.60000610351562,131.03562927246094,10480900
2026-05-04,WMT,Walmart,130.41000366210938,131.75,129.67999267578125,130.3300018310547,129.7710723876953,10340700
2026-05-05,WMT,Walmart,130.50999450683594,131.72999572753906,130.3000030517578,130.7899932861328,130.22909545898438,10637300
2026-05-06,WMT,Walmart,130.86000061035156,131.14999389648438,129.52999877929688,130.0800018310547,129.52215576171875,16371500
2026-05-07,WMT,Walmart,129.89999389648438,130.60000610351562,128.6699981689453,130.1999969482422,129.64163208007812,14935400
2026-05-08,WMT,Walmart,130.32000732421875,131.41000366210938,130.25,130.42999267578125,130.1184844970703,15183700
2026-05-11,WMT,Walmart,130.17999267578125,130.60000610351562,126.37999725341797,127.58999633789062,127.28527069091797,18699200
2026-05-12,WMT,Walmart,128.0800018310547,131.1199951171875,127.72000122070312,130.35000610351562,130.0386962890625,17935400
2026-05-13,WMT,Walmart,129.19000244140625,132.52999877929688,128.77000427246094,131.47000122070312,131.156005859375,13786600
2026-05-14,WMT,Walmart,131.36000061035156,132.77999877929688,130.86000061035156,132.4600067138672,132.14364624023438,14200400
2026-05-15,WMT,Walmart,133.69000244140625,133.9499969482422,130.7899932861328,131.4499969482422,131.1360626220703,25323000
2026-05-18,WMT,Walmart,131.52000427246094,133.47000122070312,131.1300048828125,133.33999633789062,133.02154541015625,17183200
2026-05-19,WMT,Walmart,132.94000244140625,135.16000366210938,132.05999755859375,134.1999969482422,133.87948608398438,16957100
2026-05-20,WMT,Walmart,132.91000366210938,133.64999389648438,130.3300018310547,130.85000610351562,130.53749084472656,28471600
2026-05-21,WMT,Walmart,124.41000366210938,125.80000305175781,120.38999938964844,121.33999633789062,121.05020141601562,53006600
2026-05-22,WMT,Walmart,121.33999633789062,121.94999694824219,118.91000366210938,120.2699966430664,119.98275756835938,30330600
2026-05-26,WMT,Walmart,120.69000244140625,121.05000305175781,117.91999816894531,118.56999969482422,118.28681945800781,28796600
2026-05-27,WMT,Walmart,118.33000183105469,119.43000030517578,118.04000091552734,118.54000091552734,118.25688934326172,22062200
2026-05-28,WMT,Walmart,118.95999908447266,119.16999816894531,117.33000183105469,118.9000015258789,118.61603546142578,21613100
2026-05-29,WMT,Walmart,118.11000061035156,119.08000183105469,114.70999908447266,115.75,115.47355651855469,42191000
2026-06-01,WMT,Walmart,114.7300033569336,115.9800033569336,113.55999755859375,114.5999984741211,114.32630157470703,26176200
2026-06-02,WMT,Walmart,113.87000274658203,114.56999969482422,112.7300033569336,113.05999755859375,112.78997802734375,27366400
2026-06-03,WMT,Walmart,113.0999984741211,117.29000091552734,112.95999908447266,116.88999938964844,116.61083221435547,32880600
2026-06-04,WMT,Walmart,119.9000015258789,119.94000244140625,117.29000091552734,117.73999786376953,117.45880126953125,22870400
2026-06-05,WMT,Walmart,118.3499984741211,120.88999938964844,118.0999984741211,118.87999725341797,118.59607696533203,36638100
2026-06-08,WMT,Walmart,118.25,120.18000030517578,118.1500015258789,119.83000183105469,119.54381561279297,19514100
2026-06-09,WMT,Walmart,120.37999725341797,120.5,118.0,118.87999725341797,118.59607696533203,23959000
2026-06-10,WMT,Walmart,119.70999908447266,120.81999969482422,117.52999877929688,120.58999633789062,120.30199432373047,22414900
2026-06-11,WMT,Walmart,120.56999969482422,121.86000061035156,119.45999908447266,120.5,120.21221160888672,22438000
2026-06-12,WMT,Walmart,120.58999633789062,121.61000061035156,119.52999877929688,121.04000091552734,120.75092315673828,14753500
2026-06-15,WMT,Walmart,119.73999786376953,121.48999786376953,118.58000183105469,120.81999969482422,120.53144836425781,20722500
2026-06-16,WMT,Walmart,121.13999938964844,122.94000244140625,119.87999725341797,121.02999877929688,120.7409439086914,23060700
2026-06-17,WMT,Walmart,119.58000183105469,121.01000213623047,117.44999694824219,118.12999725341797,117.84786987304688,21711100
2026-06-18,WMT,Walmart,118.19999694824219,118.4800033569336,116.80000305175781,117.18000030517578,116.90013885498047,36526800
2026-06-22,WMT,Walmart,116.95999908447266,118.4000015258789,116.94999694824219,117.18000030517578,116.90013885498047,17053900
2026-06-23,WMT,Walmart,119.70999908447266,120.25,116.33999633789062,119.41999816894531,119.1347885131836,23411400
2026-06-24,WMT,Walmart,119.55999755859375,120.4000015258789,118.93000030517578,119.0,118.71578979492188,20600100
2026-06-25,WMT,Walmart,117.47000122070312,118.58000183105469,115.37999725341797,115.77999877929688,115.50347900390625,20384700
2026-06-26,WMT,Walmart,117.29000091552734,117.87999725341797,115.08999633789062,115.69000244140625,115.41370391845703,36636000
2026-06-29,WMT,Walmart,116.47000122070312,116.80000305175781,114.19999694824219,114.5999984741211,114.32630157470703,20367000
2026-06-30,WMT,Walmart,113.97000122070312,114.61000061035156,112.93000030517578,113.26000213623047,112.989501953125,23034000
2026-07-01,WMT,Walmart,110.12999725341797,110.70999908447266,107.25,108.81999969482422,108.56010437011719,40391400
2026-07-02,WMT,Walmart,109.33000183105469,112.44999694824219,109.16000366210938,111.83999633789062,111.57289123535156,29512200
2026-07-06,WMT,Walmart,111.4000015258789,112.37000274658203,109.37000274658203,110.6500015258789,110.38573455810547,29523300
2026-07-07,WMT,Walmart,112.97000122070312,113.5,111.30000305175781,111.54000091552734,111.27361297607422,19941400
2026-07-08,WMT,Walmart,113.1500015258789,113.86000061035156,111.80999755859375,113.0999984741211,112.82987976074219,19892000
2026-07-09,WMT,Walmart,111.23999786376953,112.76000213623047,111.04000091552734,112.20999908447266,111.94200897216797,20464500
2026-07-10,WMT,Walmart,111.94999694824219,114.16000366210938,111.93000030517578,113.9000015258789,113.62797546386719,12461700
2026-07-13,WMT,Walmart,114.7300033569336,115.54000091552734,114.01000213623047,114.77999877929688,114.50586700439453,17043400
2026-07-14,WMT,Walmart,115.08000183105469,115.87999725341797,113.5,113.69999694824219,113.4284439086914,14682000
2026-07-15,WMT,Walmart,113.25,114.7300033569336,112.06999969482422,112.52999877929688,112.26124572753906,16467900
2026-07-16,WMT,Walmart,113.76000213623047,115.58999633789062,113.55999755859375,114.94999694824219,114.67546081542969,20777600
2026-07-17,WMT,Walmart,116.95999908447266,118.08999633789062,113.5999984741211,114.23999786376953,113.96715545654297,28289800
2026-07-20,WMT,Walmart,113.95999908447266,114.4000015258789,112.13999938964844,112.19999694824219,111.9320297241211,17738900
2026-07-21,WMT,Walmart,111.51000213623047,111.80000305175781,109.88999938964844,110.38999938964844,110.12635803222656,22717000
2026-07-22,WMT,Walmart,109.52999877929688,110.0,108.72000122070312,109.33000183105469,109.06888580322266,23494800
2026-07-23,WMT,Walmart,107.51000213623047,108.55999755859375,106.79000091552734,108.4000015258789,108.14111328125,21516800
2026-07-24,WMT,Walmart,108.12000274658203,109.5999984741211,108.01000213623047,109.47000122070312,109.20855712890625,18405900
2026-07-27,WMT,Walmart,109.91999816894531,112.51000213623047,109.88999938964844,111.73999786376953,111.47312927246094,19008700
2026-07-28,WMT,Walmart,113.95999908447266,116.02999877929688,112.83999633789062,113.0999984741211,112.82987976074219,24867900
2026-07-29,WMT,Walmart,113.2300033569336,114.69000244140625,112.44999694824219,114.22000122070312,113.94721221923828,23480000
2026-07-30,WMT,Walmart,111.61000061035156,113.02999877929688,110.44000244140625,111.0999984741211,110.83465576171875,28747000
2026-07-31,WMT,Walmart,110.5199966430664,111.91000366210938,109.88999938964844,111.19999694824219,110.93441772460938,22799100
2026-08-03,WMT,Walmart,113.0999984741211,113.29000091552734,110.16000366210938,110.70999908447266,110.44558715820312,23942500
2026-08-04,WMT,Walmart,109.01000213623047,111.68000030517578,108.55999755859375,111.55000305175781,111.28358459472656,29620000
2026-08-05,WMT,Walmart,112.44999694824219,113.16000366210938,111.36000061035156,112.33999633789062,112.07169342041016,21446300
2026-08-06,WMT,Walmart,114.06999969482422,114.55999755859375,111.04000091552734,112.06999969482422,111.8023452758789,23203100
2026-08-07,WMT,Walmart,110.61000061035156,112.29000091552734,110.5,111.8499984741211,111.58287048339844,18819300
2026-08-10,WMT,Walmart,111.08000183105469,112.69999694824219,110.76000213623047,112.66000366210938,112.39093780517578,19144000
2026-08-11,WMT,Walmart,112.44000244140625,113.33999633789062,112.19000244140625,113.26000213623047,112.989501953125,17005800
2026-08-12,WMT,Walmart,112.37000274658203,116.05000305175781,112.27999877929688,116.01000213623047,115.7329330444336,22054700
2026-08-13,WMT,Walmart,116.16999816894531,116.31999969482422,114.80999755859375,115.72000122070312,115.4436264038086,16822200
2026-08-14,WMT,Walmart,115.66000366210938,116.44999694824219,114.63999938964844,115.2699966430664,114.99469757080078,14520000
2026-08-17,WMT,Walmart,114.33000183105469,115.18000030517578,113.91999816894531,114.33000183105469,114.05694580078125,18131100
2026-08-18,WMT,Walmart,116.30000305175781,116.30999755859375,114.4800033569336,115.19999694824219,114.92486572265625,20675000
2026-08-19,WMT,Walmart,115.19000244140625,116.87000274658203,113.98999786376953,114.30000305175781,114.02702331542969,34286600
2026-08-20,WMT,Walmart,106.37999725341797,107.0,102.8499984741211,103.83999633789062,103.59199523925781,83633100
2026-08-21,WMT,Walmart,103.69000244140625,104.27999877929688,102.1500015258789,103.69999694824219,103.69999694824219,44454200
2026-08-24,WMT,Walmart,104.13999938964844,106.5999984741211,104.0,106.48999786376953,106.48999786376953,35616300
2026-08-25,WMT,Walmart,105.58000183105469,106.06999969482422,104.4000015258789,105.37999725341797,105.37999725341797,27032500
2026-08-26,WMT,Walmart,105.51000213623047,106.08999633789062,104.08000183105469,104.33999633789062,104.33999633789062,28409400
2026-08-27,WMT,Walmart,103.61000061035156,103.75,102.2699966430664,102.62999725341797,102.62999725341797,29816600
2026-08-28,WMT,Walmart,103.08999633789062,103.4000015258789,102.5,103.08999633789062,103.08999633789062,19420800
2026-08-31,WMT,Walmart,103.08000183105469,104.98999786376953,102.83999633789062,104.87000274658203,104.87000274658203,34188700
2026-09-01,WMT,Walmart,105.11000061035156,106.63999938964844,104.66000366210938,105.91999816894531,105.91999816894531,22074600
2026-09-02,WMT,Walmart,105.97000122070312,106.77999877929688,105.45999908447266,106.08999633789062,106.08999633789062,25181800
2026-09-03,WMT,Walmart,106.41999816894531,109.3499984741211,106.0199966430664,108.41999816894531,108.41999816894531,25541200
2026-09-04,WMT,Walmart,108.19999694824219,109.2300033569336,106.93000030517578,107.13999938964844,107.13999938964844,20540500
2026-09-08,WMT,Walmart,106.77999877929688,106.9000015258789,105.66000366210938,106.05000305175781,106.05000305175781,22664800
2026-09-09,WMT,Walmart,105.69000244140625,106.1500015258789,105.16000366210938,105.83000183105469,105.83000183105469,15460800
2026-09-10,WMT,Walmart,106.16999816894531,107.16000366210938,105.58999633789062,105.7300033569336,105.7300033569336,17174900
2026-09-11,WMT,Walmart,106.19999694824219,107.20999908447266,105.72000122070312,107.1500015258789,107.1500015258789,17068600
2026-09-14,WMT,Walmart,108.08000183105469,109.73999786376953,108.0,109.08000183105469,109.08000183105469,23877400
2026-09-15,WMT,Walmart,108.61000061035156,109.23999786376953,107.86000061035156,108.08999633789062,108.08999633789062,19316300
2026-09-16,WMT,Walmart,108.31999969482422,108.68000030517578,107.44999694824219,107.5,107.5,15150900
2026-09-17,WMT,Walmart,107.80000305175781,107.80000305175781,106.1500015258789,106.79000091552734,106.79000091552734,19216200
2026-09-18,WMT,Walmart,106.23999786376953,107.72000122070312,106.16999816894531,106.7300033569336,106.7300033569336,45337600
